time,Fx,Fy,Fz
0.006000,0.000000,0.000000,133.967355
0.010000,0.000000,0.000000,145.663275
0.012000,0.000000,0.000000,151.671434
0.014000,0.000000,0.000000,151.671434
0.016000,0.000000,0.000000,157.774408
0.016000,0.000000,0.000000,163.962784
0.020000,0.000000,0.000000,176.577936
0.022000,0.000000,0.000000,182.995370
0.024000,0.000000,0.000000,189.481478
0.026000,0.000000,0.000000,196.033895
0.028000,0.000000,0.000000,196.033895
0.030000,0.000000,0.000000,209.331549
0.030000,0.000000,0.000000,210.719931
0.034000,0.000000,0.000000,224.039444
0.036000,0.000000,0.000000,224.039444
0.036000,0.000000,0.000000,230.973986
0.040000,0.000000,0.000000,234.590089
0.042000,0.000000,0.000000,231.658608
0.044000,0.000000,0.000000,229.272284
0.046000,0.000000,0.000000,225.701385
0.048000,0.000000,0.000000,220.415426
0.050000,0.000000,0.000000,216.771898
0.052000,0.000000,0.000000,213.651796
0.054000,0.000000,0.000000,210.083689
0.056000,0.000000,0.000000,207.749954
0.056000,0.000000,0.000000,207.749954
0.060000,0.000000,0.000000,200.585187
0.062000,0.000000,0.000000,197.330653
0.064000,0.000000,0.000000,194.827023
0.066000,0.000000,0.000000,191.044004
0.066000,0.000000,0.000000,188.135151
0.070000,0.000000,0.000000,185.179264
0.072000,0.000000,0.000000,181.606443
0.074000,0.000000,0.000000,178.428854
0.076000,0.000000,0.000000,175.262730
0.076000,0.000000,0.000000,175.262730
0.078000,0.000000,0.000000,172.108014
0.082000,0.000000,0.000000,165.831334
0.084000,0.000000,0.000000,162.710925
0.086000,0.000000,0.000000,159.623041
0.088000,0.000000,0.000000,156.675369
0.088000,0.000000,0.000000,156.546598
0.092000,0.000000,0.000000,150.503308
0.094000,0.000000,0.000000,147.510441
0.096000,0.000000,0.000000,144.622493
0.098000,0.000000,0.000000,141.798113
0.100000,0.000000,0.000000,141.729108
0.102000,0.000000,0.000000,135.768787
0.104000,0.000000,0.000000,135.768787
0.106000,0.000000,0.000000,129.672556
0.108000,0.000000,0.000000,129.895594
0.112000,0.000000,0.000000,124.124285
0.112000,0.000000,0.000000,120.843710
0.114000,0.000000,0.000000,117.971249
0.116000,0.000000,0.000000,118.356810
0.116000,0.000000,0.000000,115.796259
0.120000,0.000000,0.000000,110.018037
0.122000,0.000000,0.000000,110.018037
0.124000,0.000000,0.000000,107.871356
0.124000,0.000000,0.000000,104.888695
0.128000,0.000000,0.000000,102.312631
0.130000,0.000000,0.000000,102.312631
0.132000,0.000000,0.000000,97.161020
0.134000,0.000000,0.000000,91.661647
0.136000,0.000000,0.000000,90.748840
0.138000,0.000000,0.000000,90.748840
0.138000,0.000000,0.000000,88.869491
0.142000,0.000000,0.000000,84.197928
0.142000,0.000000,0.000000,82.127405
0.146000,0.000000,0.000000,82.920603
0.146000,0.000000,0.000000,81.254166
0.150000,0.000000,0.000000,77.002746
0.152000,0.000000,0.000000,77.066934
0.154000,0.000000,0.000000,75.354776
0.154000,0.000000,0.000000,73.978625
0.158000,0.000000,0.000000,72.312125
0.162000,0.000000,0.000000,72.312125
0.162000,0.000000,0.000000,69.337224
0.166000,0.000000,0.000000,67.260323
0.168000,0.000000,0.000000,66.192928
0.170000,0.000000,0.000000,65.335915
0.170000,0.000000,0.000000,66.223956
0.172000,0.000000,0.000000,64.910807
0.176000,0.000000,0.000000,63.693252
0.178000,0.000000,0.000000,63.693252
0.180000,0.000000,0.000000,63.222703
0.182000,0.000000,0.000000,63.299959
0.184000,0.000000,0.000000,62.132679
0.186000,0.000000,0.000000,62.132679
0.188000,0.000000,0.000000,61.931885
0.188000,0.000000,0.000000,61.895313
0.192000,0.000000,0.000000,61.691137
0.194000,0.000000,0.000000,61.691137
0.196000,0.000000,0.000000,61.762587
0.198000,0.000000,0.000000,61.984061
0.200000,0.000000,0.000000,63.094174
0.202000,0.000000,0.000000,62.349712
0.204000,0.000000,0.000000,62.349712
0.204000,0.000000,0.000000,63.041570
0.208000,0.000000,0.000000,63.175846
0.210000,0.000000,0.000000,63.797547
0.212000,0.000000,0.000000,63.797547
0.214000,0.000000,0.000000,65.693131
0.214000,0.000000,0.000000,67.634443
0.218000,0.000000,0.000000,82.033144
0.220000,0.000000,0.000000,82.033144
0.222000,0.000000,0.000000,87.119134
0.224000,0.000000,0.000000,86.298651
0.226000,0.000000,0.000000,85.745750
0.228000,0.000000,0.000000,84.279179
0.230000,0.000000,0.000000,85.418209
0.232000,0.000000,0.000000,85.186603
0.234000,0.000000,0.000000,86.986516
0.236000,0.000000,0.000000,93.201211
0.238000,0.000000,0.000000,97.611549
0.240000,0.000000,0.000000,97.611549
0.240000,0.000000,0.000000,101.917120
0.244000,0.000000,0.000000,111.057253
0.246000,0.000000,0.000000,111.057253
0.246000,0.000000,0.000000,115.758599
0.250000,0.000000,0.000000,124.437518
0.252000,0.000000,0.000000,128.575102
0.254000,0.000000,0.000000,128.697680
0.256000,0.000000,0.000000,135.834429
0.258000,0.000000,0.000000,139.242556
0.260000,0.000000,0.000000,139.242556
0.260000,0.000000,0.000000,142.153279
0.264000,0.000000,0.000000,147.623511
0.266000,0.000000,0.000000,150.201276
0.268000,0.000000,0.000000,151.890562
0.268000,0.000000,0.000000,151.890562
0.272000,0.000000,0.000000,155.269967
0.274000,0.000000,0.000000,156.950127
0.276000,0.000000,0.000000,156.950127
0.278000,0.000000,0.000000,158.862745
0.280000,0.000000,0.000000,161.167886
0.282000,0.000000,0.000000,161.784214
0.284000,0.000000,0.000000,162.525953
0.286000,0.000000,0.000000,163.039231
0.288000,0.000000,0.000000,163.550281
0.288000,0.000000,0.000000,163.956686
0.292000,0.000000,0.000000,164.469380
0.294000,0.000000,0.000000,164.584920
0.296000,0.000000,0.000000,164.460916
0.298000,0.000000,0.000000,164.226164
0.300000,0.000000,0.000000,164.226164
0.302000,0.000000,0.000000,163.205891
0.304000,0.000000,0.000000,162.795791
0.306000,0.000000,0.000000,162.200617
0.308000,0.000000,0.000000,162.067668
0.310000,0.000000,0.000000,161.538939
0.310000,0.000000,0.000000,160.843966
0.314000,0.000000,0.000000,159.597850
0.316000,0.000000,0.000000,158.996264
0.318000,0.000000,0.000000,158.996264
0.320000,0.000000,0.000000,157.214341
0.322000,0.000000,0.000000,157.089718
0.324000,0.000000,0.000000,156.429817
0.324000,0.000000,0.000000,155.523534
0.328000,0.000000,0.000000,153.817134
0.330000,0.000000,0.000000,153.817134
0.330000,0.000000,0.000000,153.048630
0.334000,0.000000,0.000000,151.326595
0.336000,0.000000,0.000000,150.502680
0.338000,0.000000,0.000000,150.502680
0.340000,0.000000,0.000000,148.245636
0.342000,0.000000,0.000000,147.413744
0.344000,0.000000,0.000000,146.796063
0.346000,0.000000,0.000000,146.730811
0.348000,0.000000,0.000000,145.892907
0.350000,0.000000,0.000000,144.361022
0.352000,0.000000,0.000000,143.768631
0.354000,0.000000,0.000000,143.302978
0.356000,0.000000,0.000000,143.302978
0.358000,0.000000,0.000000,142.340857
0.360000,0.000000,0.000000,141.845860
0.362000,0.000000,0.000000,141.212963
0.364000,0.000000,0.000000,141.043918
0.364000,0.000000,0.000000,140.672787
0.368000,0.000000,0.000000,139.942011
0.370000,0.000000,0.000000,139.503539
0.372000,0.000000,0.000000,138.984627
0.372000,0.000000,0.000000,138.998685
0.376000,0.000000,0.000000,138.394735
0.378000,0.000000,0.000000,138.118229
0.380000,0.000000,0.000000,137.748725
0.380000,0.000000,0.000000,137.748725
0.384000,0.000000,0.000000,137.596604
0.386000,0.000000,0.000000,137.492424
0.388000,0.000000,0.000000,137.318663
0.388000,0.000000,0.000000,137.318663
0.392000,0.000000,0.000000,136.827341
0.394000,0.000000,0.000000,136.683780
0.396000,0.000000,0.000000,136.735311
0.398000,0.000000,0.000000,136.838860
0.400000,0.000000,0.000000,137.032841
0.402000,0.000000,0.000000,137.183818
0.402000,0.000000,0.000000,137.243744
0.406000,0.000000,0.000000,139.488373
0.408000,0.000000,0.000000,133.342559
0.410000,0.000000,0.000000,133.342559
0.410000,0.000000,0.000000,130.342168
0.414000,0.000000,0.000000,125.932157
0.416000,0.000000,0.000000,124.128918
0.418000,0.000000,0.000000,122.857568
0.418000,0.000000,0.000000,122.079704
0.422000,0.000000,0.000000,119.329553
0.424000,0.000000,0.000000,119.027798
0.424000,0.000000,0.000000,118.778868
0.428000,0.000000,0.000000,120.081090
0.430000,0.000000,0.000000,120.024706
0.430000,0.000000,0.000000,121.252466
0.434000,0.000000,0.000000,124.082430
0.436000,0.000000,0.000000,124.082430
0.436000,0.000000,0.000000,125.723750
0.440000,0.000000,0.000000,128.654565
0.442000,0.000000,0.000000,128.892394
0.442000,0.000000,0.000000,130.117925
0.446000,0.000000,0.000000,131.413447
0.448000,0.000000,0.000000,134.124973
0.450000,0.000000,0.000000,135.501611
0.452000,0.000000,0.000000,135.501611
0.454000,0.000000,0.000000,137.917431
0.456000,0.000000,0.000000,139.153443
0.458000,0.000000,0.000000,140.205050
0.460000,0.000000,0.000000,140.418483
0.462000,0.000000,0.000000,142.034791
0.464000,0.000000,0.000000,142.034791
0.466000,0.000000,0.000000,143.534611
0.468000,0.000000,0.000000,144.356013
0.470000,0.000000,0.000000,145.009048
0.470000,0.000000,0.000000,145.009048
0.474000,0.000000,0.000000,145.934145
0.476000,0.000000,0.000000,146.347519
0.478000,0.000000,0.000000,146.454760
0.480000,0.000000,0.000000,146.656649
0.482000,0.000000,0.000000,146.694247
0.484000,0.000000,0.000000,146.661848
0.486000,0.000000,0.000000,146.573325
0.486000,0.000000,0.000000,146.573325
0.490000,0.000000,0.000000,146.215969
0.492000,0.000000,0.000000,146.037219
0.494000,0.000000,0.000000,145.840522
0.494000,0.000000,0.000000,145.840522
0.498000,0.000000,0.000000,144.997715
0.500000,0.000000,0.000000,144.535610
0.502000,0.000000,0.000000,144.535610
0.504000,0.000000,0.000000,143.344442
0.506000,0.000000,0.000000,142.725129
0.508000,0.000000,0.000000,142.046254
0.510000,0.000000,0.000000,141.328837
0.510000,0.000000,0.000000,141.337092
0.514000,0.000000,0.000000,139.832796
0.516000,0.000000,0.000000,139.114116
0.518000,0.000000,0.000000,138.391255
0.520000,0.000000,0.000000,137.673421
0.522000,0.000000,0.000000,137.672354
0.522000,0.000000,0.000000,136.894467
0.526000,0.000000,0.000000,135.288480
0.528000,0.000000,0.000000,134.475773
0.530000,0.000000,0.000000,134.475773
0.532000,0.000000,0.000000,133.681674
0.532000,0.000000,0.000000,132.991912
0.536000,0.000000,0.000000,131.559952
0.538000,0.000000,0.000000,130.828076
0.540000,0.000000,0.000000,130.172356
0.542000,0.000000,0.000000,130.176236
0.542000,0.000000,0.000000,129.490260
0.546000,0.000000,0.000000,128.178408
0.548000,0.000000,0.000000,127.504578
0.550000,0.000000,0.000000,127.008887
0.552000,0.000000,0.000000,127.016396
0.552000,0.000000,0.000000,126.503532
0.556000,0.000000,0.000000,125.606707
0.558000,0.000000,0.000000,125.218967
0.560000,0.000000,0.000000,125.029715
0.562000,0.000000,0.000000,125.025821
0.562000,0.000000,0.000000,125.048449
0.566000,0.000000,0.000000,124.417825
0.566000,0.000000,0.000000,124.417825
0.570000,0.000000,0.000000,124.163346
0.572000,0.000000,0.000000,123.993935
0.574000,0.000000,0.000000,124.005310
0.576000,0.000000,0.000000,124.262899
0.576000,0.000000,0.000000,124.262899
0.580000,0.000000,0.000000,125.033184
0.582000,0.000000,0.000000,125.331777
0.584000,0.000000,0.000000,125.748776
0.586000,0.000000,0.000000,126.145159
0.586000,0.000000,0.000000,126.186453
0.590000,0.000000,0.000000,126.795587
0.592000,0.000000,0.000000,127.089887
0.594000,0.000000,0.000000,127.353007
0.596000,0.000000,0.000000,127.772149
0.596000,0.000000,0.000000,127.790699
0.600000,0.000000,0.000000,129.252493
0.602000,0.000000,0.000000,130.054285
0.604000,0.000000,0.000000,135.005821
0.606000,0.000000,0.000000,133.529993
0.608000,0.000000,0.000000,133.190490
0.608000,0.000000,0.000000,133.190490
0.612000,0.000000,0.000000,120.989290
0.614000,0.000000,0.000000,114.296010
0.614000,0.000000,0.000000,111.742581
0.616000,0.000000,0.000000,111.012478
0.620000,0.000000,0.000000,109.567807
0.622000,0.000000,0.000000,109.920511
0.624000,0.000000,0.000000,110.340715
0.624000,0.000000,0.000000,110.340715
0.628000,0.000000,0.000000,112.550319
0.630000,0.000000,0.000000,117.681494
0.632000,0.000000,0.000000,120.262109
0.634000,0.000000,0.000000,121.849921
0.634000,0.000000,0.000000,121.999950
0.638000,0.000000,0.000000,124.508838
0.640000,0.000000,0.000000,125.620097
0.642000,0.000000,0.000000,125.620097
0.642000,0.000000,0.000000,126.534986
0.646000,0.000000,0.000000,127.768159
0.648000,0.000000,0.000000,127.768159
0.650000,0.000000,0.000000,128.526357
0.652000,0.000000,0.000000,128.526357
0.654000,0.000000,0.000000,128.838091
0.656000,0.000000,0.000000,128.915908
0.658000,0.000000,0.000000,128.847872
0.660000,0.000000,0.000000,128.840569
0.662000,0.000000,0.000000,128.948507
0.664000,0.000000,0.000000,128.255511
0.666000,0.000000,0.000000,127.817686
0.668000,0.000000,0.000000,127.407873
0.670000,0.000000,0.000000,127.407873
0.670000,0.000000,0.000000,126.970974
0.674000,0.000000,0.000000,125.783923
0.676000,0.000000,0.000000,125.111764
0.678000,0.000000,0.000000,124.442749
0.680000,0.000000,0.000000,124.470149
0.682000,0.000000,0.000000,123.023998
0.684000,0.000000,0.000000,122.222771
0.686000,0.000000,0.000000,121.449774
0.688000,0.000000,0.000000,120.602383
0.688000,0.000000,0.000000,120.606648
0.692000,0.000000,0.000000,118.608089
0.694000,0.000000,0.000000,117.585625
0.696000,0.000000,0.000000,116.684295
0.698000,0.000000,0.000000,116.879767
0.700000,0.000000,0.000000,115.124091
0.702000,0.000000,0.000000,115.124091
0.704000,0.000000,0.000000,114.016548
0.706000,0.000000,0.000000,113.342380
0.708000,0.000000,0.000000,112.325311
0.710000,0.000000,0.000000,110.910856
0.712000,0.000000,0.000000,110.511603
0.714000,0.000000,0.000000,109.954212
0.714000,0.000000,0.000000,109.954212
0.718000,0.000000,0.000000,108.993414
0.720000,0.000000,0.000000,107.821903
0.722000,0.000000,0.000000,107.143781
0.724000,0.000000,0.000000,106.633763
0.726000,0.000000,0.000000,106.638408
0.728000,0.000000,0.000000,105.847756
0.730000,0.000000,0.000000,105.481888
0.732000,0.000000,0.000000,105.213594
0.734000,0.000000,0.000000,105.012532
0.734000,0.000000,0.000000,105.025228
0.738000,0.000000,0.000000,104.813730
0.740000,0.000000,0.000000,104.763083
0.742000,0.000000,0.000000,104.419064
0.744000,0.000000,0.000000,104.066123
0.744000,0.000000,0.000000,104.085227
0.748000,0.000000,0.000000,103.723212
0.750000,0.000000,0.000000,103.641221
0.750000,0.000000,0.000000,103.641221
0.754000,0.000000,0.000000,103.921973
0.756000,0.000000,0.000000,104.176696
0.758000,0.000000,0.000000,104.176696
0.758000,0.000000,0.000000,104.484876
0.762000,0.000000,0.000000,105.276750
0.764000,0.000000,0.000000,105.785549
0.766000,0.000000,0.000000,106.312239
0.768000,0.000000,0.000000,106.312239
0.770000,0.000000,0.000000,105.817353
0.772000,0.000000,0.000000,105.753863
0.774000,0.000000,0.000000,105.697310
0.776000,0.000000,0.000000,105.697310
0.776000,0.000000,0.000000,106.073259
0.780000,0.000000,0.000000,107.350836
0.782000,0.000000,0.000000,108.166090
0.784000,0.000000,0.000000,108.957358
0.784000,0.000000,0.000000,108.957358
0.788000,0.000000,0.000000,110.784697
0.790000,0.000000,0.000000,112.008687
0.792000,0.000000,0.000000,110.615874
0.792000,0.000000,0.000000,110.689332
0.796000,0.000000,0.000000,110.615991
0.798000,0.000000,0.000000,107.153295
0.798000,0.000000,0.000000,110.615420
0.802000,0.000000,0.000000,101.140553
0.804000,0.000000,0.000000,102.016946
0.806000,0.000000,0.000000,103.284478
0.806000,0.000000,0.000000,102.225327
0.810000,0.000000,0.000000,102.060148
0.812000,0.000000,0.000000,101.846990
0.814000,0.000000,0.000000,101.239680
0.814000,0.000000,0.000000,101.239680
0.818000,0.000000,0.000000,101.055859
0.820000,0.000000,0.000000,101.539988
0.822000,0.000000,0.000000,101.590446
0.822000,0.000000,0.000000,102.775794
0.826000,0.000000,0.000000,105.827752
0.828000,0.000000,0.000000,105.827752
0.830000,0.000000,0.000000,107.481853
0.830000,0.000000,0.000000,108.752146
0.834000,0.000000,0.000000,111.241978
0.836000,0.000000,0.000000,112.129657
0.838000,0.000000,0.000000,112.129657
0.838000,0.000000,0.000000,112.608576
0.842000,0.000000,0.000000,113.409025
0.844000,0.000000,0.000000,113.790468
0.846000,0.000000,0.000000,113.790468
0.846000,0.000000,0.000000,114.063415
0.850000,0.000000,0.000000,114.212617
0.852000,0.000000,0.000000,114.506295
0.854000,0.000000,0.000000,114.506295
0.854000,0.000000,0.000000,114.264272
0.858000,0.000000,0.000000,113.443149
0.860000,0.000000,0.000000,112.881318
0.862000,0.000000,0.000000,112.134166
0.864000,0.000000,0.000000,112.134166
0.864000,0.000000,0.000000,111.305226
0.868000,0.000000,0.000000,109.565052
0.870000,0.000000,0.000000,108.563046
0.872000,0.000000,0.000000,107.443905
0.874000,0.000000,0.000000,107.443905
0.876000,0.000000,0.000000,105.044542
0.878000,0.000000,0.000000,103.763178
0.878000,0.000000,0.000000,102.429606
0.882000,0.000000,0.000000,102.429606
0.884000,0.000000,0.000000,99.770814
0.886000,0.000000,0.000000,98.194103
0.888000,0.000000,0.000000,96.698708
0.888000,0.000000,0.000000,96.698708
0.892000,0.000000,0.000000,93.284923
0.894000,0.000000,0.000000,93.284923
0.896000,0.000000,0.000000,90.570979
0.898000,0.000000,0.000000,90.570979
0.900000,0.000000,0.000000,88.622577
0.902000,0.000000,0.000000,85.796079
0.904000,0.000000,0.000000,85.796079
0.906000,0.000000,0.000000,82.518254
0.908000,0.000000,0.000000,80.445031
0.910000,0.000000,0.000000,78.903357
0.912000,0.000000,0.000000,79.405369
0.914000,0.000000,0.000000,76.543938
0.916000,0.000000,0.000000,74.950684
0.918000,0.000000,0.000000,73.525112
0.920000,0.000000,0.000000,72.130494
0.920000,0.000000,0.000000,72.165602
0.924000,0.000000,0.000000,69.703793
0.926000,0.000000,0.000000,68.441193
0.926000,0.000000,0.000000,68.441193
0.930000,0.000000,0.000000,65.709336
0.932000,0.000000,0.000000,66.302331
0.934000,0.000000,0.000000,64.582761
0.936000,0.000000,0.000000,62.900438
0.938000,0.000000,0.000000,61.932310
0.938000,0.000000,0.000000,61.932310
0.942000,0.000000,0.000000,60.979571
0.942000,0.000000,0.000000,59.672578
0.946000,0.000000,0.000000,58.650865
0.948000,0.000000,0.000000,57.983321
0.950000,0.000000,0.000000,57.983321
0.950000,0.000000,0.000000,56.969471
0.954000,0.000000,0.000000,56.505859
0.956000,0.000000,0.000000,56.023237
0.958000,0.000000,0.000000,55.706838
0.960000,0.000000,0.000000,55.706838
0.960000,0.000000,0.000000,55.457833
0.964000,0.000000,0.000000,54.974504
0.966000,0.000000,0.000000,54.974504
0.968000,0.000000,0.000000,54.873586
0.970000,0.000000,0.000000,54.287545
0.972000,0.000000,0.000000,54.085510
0.974000,0.000000,0.000000,54.085510
0.976000,0.000000,0.000000,53.764121
0.978000,0.000000,0.000000,54.081915
0.980000,0.000000,0.000000,54.966207
0.982000,0.000000,0.000000,54.638667
0.984000,0.000000,0.000000,54.638667
0.986000,0.000000,0.000000,54.888301
0.988000,0.000000,0.000000,55.962680
0.990000,0.000000,0.000000,55.962680
0.992000,0.000000,0.000000,56.005499
0.994000,0.000000,0.000000,56.662855
0.996000,0.000000,0.000000,57.418667
0.998000,0.000000,0.000000,57.496409
1.000000,0.000000,0.000000,58.407298
1.002000,0.000000,0.000000,65.229725
1.004000,0.000000,0.000000,65.547782
1.006000,0.000000,0.000000,65.547782
1.008000,0.000000,0.000000,59.143650
1.010000,0.000000,0.000000,57.042607
1.012000,0.000000,0.000000,57.042607
1.012000,0.000000,0.000000,58.923116
1.016000,0.000000,0.000000,67.124560
1.018000,0.000000,0.000000,67.124560
1.020000,0.000000,0.000000,72.555645
1.022000,0.000000,0.000000,79.227509
1.024000,0.000000,0.000000,93.742215
1.026000,0.000000,0.000000,101.195714
1.028000,0.000000,0.000000,102.192590
1.030000,0.000000,0.000000,107.816330
1.032000,0.000000,0.000000,119.645112
1.034000,0.000000,0.000000,125.084102
1.036000,0.000000,0.000000,129.467806
1.038000,0.000000,0.000000,129.467806
1.038000,0.000000,0.000000,133.339712
1.042000,0.000000,0.000000,139.699816
1.044000,0.000000,0.000000,140.575706
1.044000,0.000000,0.000000,143.552920
1.048000,0.000000,0.000000,148.615789
1.050000,0.000000,0.000000,150.856842
1.050000,0.000000,0.000000,150.856842
1.054000,0.000000,0.000000,153.172989
1.056000,0.000000,0.000000,155.335599
1.058000,0.000000,0.000000,155.335599
1.058000,0.000000,0.000000,156.289971
1.062000,0.000000,0.000000,157.741615
1.064000,0.000000,0.000000,158.309190
1.066000,0.000000,0.000000,158.309190
1.068000,0.000000,0.000000,158.367336
1.070000,0.000000,0.000000,158.368844
1.072000,0.000000,0.000000,158.252210
1.072000,0.000000,0.000000,157.336442
1.076000,0.000000,0.000000,156.245468
1.078000,0.000000,0.000000,155.741326
1.080000,0.000000,0.000000,154.963885
1.080000,0.000000,0.000000,154.963885
1.084000,0.000000,0.000000,153.629720
1.086000,0.000000,0.000000,152.932592
1.088000,0.000000,0.000000,152.103631
1.088000,0.000000,0.000000,151.467342
1.092000,0.000000,0.000000,148.557729
1.094000,0.000000,0.000000,147.355859
1.096000,0.000000,0.000000,145.956675
1.098000,0.000000,0.000000,145.956675
1.100000,0.000000,0.000000,143.015404
1.102000,0.000000,0.000000,141.630283
1.104000,0.000000,0.000000,140.660473
1.106000,0.000000,0.000000,138.757635
1.108000,0.000000,0.000000,138.757635
1.110000,0.000000,0.000000,135.643997
1.112000,0.000000,0.000000,134.205816
1.114000,0.000000,0.000000,132.740674
1.116000,0.000000,0.000000,131.579641
1.118000,0.000000,0.000000,131.579641
1.120000,0.000000,0.000000,129.036447
1.122000,0.000000,0.000000,127.873671
1.124000,0.000000,0.000000,126.625071
1.126000,0.000000,0.000000,126.625071
1.128000,0.000000,0.000000,124.120457
1.130000,0.000000,0.000000,123.019411
1.132000,0.000000,0.000000,121.915996
1.134000,0.000000,0.000000,121.023774
1.134000,0.000000,0.000000,120.967097
1.138000,0.000000,0.000000,119.207922
1.140000,0.000000,0.000000,118.225895
1.142000,0.000000,0.000000,118.225895
1.142000,0.000000,0.000000,117.707773
1.146000,0.000000,0.000000,116.757965
1.148000,0.000000,0.000000,116.313170
1.150000,0.000000,0.000000,116.313170
1.152000,0.000000,0.000000,115.157646
1.154000,0.000000,0.000000,114.677772
1.156000,0.000000,0.000000,114.677772
1.156000,0.000000,0.000000,114.177695
1.160000,0.000000,0.000000,113.374672
1.162000,0.000000,0.000000,113.374672
1.162000,0.000000,0.000000,113.116658
1.166000,0.000000,0.000000,112.613072
1.168000,0.000000,0.000000,113.689592
1.168000,0.000000,0.000000,113.737025
1.172000,0.000000,0.000000,115.922793
1.174000,0.000000,0.000000,116.649595
1.176000,0.000000,0.000000,116.499855
1.176000,0.000000,0.000000,116.555606
1.180000,0.000000,0.000000,115.828635
1.182000,0.000000,0.000000,115.249043
1.184000,0.000000,0.000000,114.675914
1.184000,0.000000,0.000000,114.675914
1.188000,0.000000,0.000000,113.310539
1.190000,0.000000,0.000000,112.474612
1.192000,0.000000,0.000000,121.307687
1.194000,0.000000,0.000000,105.798810
1.196000,0.000000,0.000000,99.565923
1.198000,0.000000,0.000000,99.565923
1.198000,0.000000,0.000000,96.010936
1.202000,0.000000,0.000000,89.882121
1.204000,0.000000,0.000000,89.882121
1.204000,0.000000,0.000000,87.077737
1.208000,0.000000,0.000000,81.447280
1.210000,0.000000,0.000000,81.447280
1.210000,0.000000,0.000000,79.183630
1.214000,0.000000,0.000000,77.314286
1.216000,0.000000,0.000000,77.314286
1.218000,0.000000,0.000000,77.183888
1.220000,0.000000,0.000000,77.947799
1.222000,0.000000,0.000000,80.595389
1.224000,0.000000,0.000000,82.083119
1.226000,0.000000,0.000000,82.083119
1.228000,0.000000,0.000000,83.228877
1.228000,0.000000,0.000000,84.574579
1.232000,0.000000,0.000000,87.701821
1.234000,0.000000,0.000000,88.980576
1.234000,0.000000,0.000000,88.980576
1.238000,0.000000,0.000000,91.681463
1.240000,0.000000,0.000000,91.681463
1.240000,0.000000,0.000000,93.106580
1.244000,0.000000,0.000000,96.175432
1.246000,0.000000,0.000000,96.439551
1.246000,0.000000,0.000000,97.737942
1.250000,0.000000,0.000000,100.418075
1.252000,0.000000,0.000000,101.729768
1.254000,0.000000,0.000000,101.941023
1.256000,0.000000,0.000000,102.883583
1.258000,0.000000,0.000000,104.928953
1.260000,0.000000,0.000000,105.937871
1.262000,0.000000,0.000000,106.098521
1.264000,0.000000,0.000000,106.995127
1.264000,0.000000,0.000000,107.680925
1.268000,0.000000,0.000000,109.225972
1.270000,0.000000,0.000000,109.225972
1.270000,0.000000,0.000000,110.008433
1.274000,0.000000,0.000000,111.281685
1.276000,0.000000,0.000000,111.281685
1.278000,0.000000,0.000000,111.780244
1.280000,0.000000,0.000000,112.008860
1.282000,0.000000,0.000000,112.320658
1.284000,0.000000,0.000000,112.321622
1.286000,0.000000,0.000000,112.117644
1.288000,0.000000,0.000000,112.151947
1.288000,0.000000,0.000000,111.908217
1.292000,0.000000,0.000000,111.517905
1.292000,0.000000,0.000000,111.517905
1.296000,0.000000,0.000000,111.359867
1.296000,0.000000,0.000000,111.111855
1.300000,0.000000,0.000000,110.830621
1.302000,0.000000,0.000000,109.909667
1.304000,0.000000,0.000000,109.909667
1.306000,0.000000,0.000000,109.298219
1.308000,0.000000,0.000000,107.839714
1.310000,0.000000,0.000000,107.056441
1.312000,0.000000,0.000000,106.328815
1.314000,0.000000,0.000000,106.328815
1.314000,0.000000,0.000000,105.606875
1.318000,0.000000,0.000000,104.152858
1.320000,0.000000,0.000000,103.422315
1.322000,0.000000,0.000000,103.422315
1.322000,0.000000,0.000000,102.653182
1.326000,0.000000,0.000000,101.230818
1.328000,0.000000,0.000000,100.431434
1.330000,0.000000,0.000000,100.431434
1.332000,0.000000,0.000000,99.696680
1.334000,0.000000,0.000000,98.047330
1.336000,0.000000,0.000000,97.252358
1.338000,0.000000,0.000000,96.608409
1.338000,0.000000,0.000000,96.608409
1.342000,0.000000,0.000000,95.442635
1.344000,0.000000,0.000000,94.776779
1.346000,0.000000,0.000000,94.776779
1.348000,0.000000,0.000000,94.260499
1.350000,0.000000,0.000000,93.256819
1.352000,0.000000,0.000000,92.752786
1.352000,0.000000,0.000000,92.454904
1.354000,0.000000,0.000000,92.611511
1.358000,0.000000,0.000000,92.075911
1.360000,0.000000,0.000000,91.781717
1.362000,0.000000,0.000000,91.680730
1.362000,0.000000,0.000000,91.689478
1.366000,0.000000,0.000000,91.522601
1.368000,0.000000,0.000000,91.434721
1.370000,0.000000,0.000000,91.552632
1.370000,0.000000,0.000000,91.567105
1.372000,0.000000,0.000000,91.566358
1.376000,0.000000,0.000000,91.774100
1.376000,0.000000,0.000000,91.774100
1.380000,0.000000,0.000000,92.284767
1.380000,0.000000,0.000000,92.284767
1.382000,0.000000,0.000000,92.232072
1.386000,0.000000,0.000000,92.628438
1.386000,0.000000,0.000000,92.919151
1.390000,0.000000,0.000000,93.423035
1.390000,0.000000,0.000000,98.033464
1.394000,0.000000,0.000000,97.803398
1.396000,0.000000,0.000000,94.058038
1.398000,0.000000,0.000000,90.835840
1.398000,0.000000,0.000000,90.835840
1.400000,0.000000,0.000000,89.794563
1.404000,0.000000,0.000000,91.382852
1.406000,0.000000,0.000000,93.506251
1.408000,0.000000,0.000000,97.239546
1.410000,0.000000,0.000000,97.239546
1.412000,0.000000,0.000000,101.900452
1.414000,0.000000,0.000000,106.409682
1.416000,0.000000,0.000000,111.036904
1.418000,0.000000,0.000000,115.474756
1.418000,0.000000,0.000000,119.744646
1.422000,0.000000,0.000000,127.683056
1.424000,0.000000,0.000000,131.304741
1.426000,0.000000,0.000000,134.087483
1.428000,0.000000,0.000000,133.891804
1.430000,0.000000,0.000000,137.145558
1.432000,0.000000,0.000000,142.177224
1.434000,0.000000,0.000000,143.918966
1.436000,0.000000,0.000000,145.694361
1.438000,0.000000,0.000000,147.225971
1.440000,0.000000,0.000000,147.225971
1.442000,0.000000,0.000000,149.081240
1.444000,0.000000,0.000000,151.320589
1.446000,0.000000,0.000000,151.715135
1.448000,0.000000,0.000000,152.282163
1.450000,0.000000,0.000000,152.692016
1.452000,0.000000,0.000000,152.692016
1.454000,0.000000,0.000000,153.434016
1.456000,0.000000,0.000000,153.617605
1.458000,0.000000,0.000000,153.544789
1.460000,0.000000,0.000000,153.544789
1.462000,0.000000,0.000000,153.161581
1.462000,0.000000,0.000000,152.638660
1.466000,0.000000,0.000000,152.134337
1.468000,0.000000,0.000000,151.616265
1.470000,0.000000,0.000000,150.852717
1.470000,0.000000,0.000000,149.976720
1.474000,0.000000,0.000000,147.927292
1.476000,0.000000,0.000000,146.818061
1.476000,0.000000,0.000000,146.818061
1.480000,0.000000,0.000000,144.375246
1.482000,0.000000,0.000000,143.164243
1.484000,0.000000,0.000000,141.696293
1.486000,0.000000,0.000000,141.696293
1.486000,0.000000,0.000000,140.704255
1.490000,0.000000,0.000000,137.979272
1.492000,0.000000,0.000000,136.771676
1.494000,0.000000,0.000000,135.126000
1.496000,0.000000,0.000000,133.749277
1.496000,0.000000,0.000000,133.669611
1.500000,0.000000,0.000000,131.139931
1.502000,0.000000,0.000000,129.850827
1.504000,0.000000,0.000000,128.736052
1.506000,0.000000,0.000000,127.656396
1.506000,0.000000,0.000000,127.656396
1.508000,0.000000,0.000000,126.593099
1.512000,0.000000,0.000000,124.520178
1.514000,0.000000,0.000000,123.526494
1.516000,0.000000,0.000000,123.526494
1.518000,0.000000,0.000000,122.443818
1.520000,0.000000,0.000000,121.468267
1.520000,0.000000,0.000000,120.446633
1.524000,0.000000,0.000000,118.612779
1.526000,0.000000,0.000000,117.975551
1.528000,0.000000,0.000000,117.477029
1.530000,0.000000,0.000000,117.020411
1.532000,0.000000,0.000000,117.020411
1.534000,0.000000,0.000000,116.620143
1.536000,0.000000,0.000000,115.871712
1.538000,0.000000,0.000000,115.591983
1.540000,0.000000,0.000000,115.368849
1.542000,0.000000,0.000000,115.368849
1.544000,0.000000,0.000000,114.794306
1.546000,0.000000,0.000000,113.986283
1.548000,0.000000,0.000000,113.760274
1.550000,0.000000,0.000000,113.642043
1.552000,0.000000,0.000000,113.642043
1.554000,0.000000,0.000000,113.675502
1.554000,0.000000,0.000000,113.814105
1.558000,0.000000,0.000000,114.366474
1.560000,0.000000,0.000000,114.855237
1.562000,0.000000,0.000000,114.855237
1.562000,0.000000,0.000000,115.336829
1.564000,0.000000,0.000000,115.827451
1.568000,0.000000,0.000000,114.332899
1.570000,0.000000,0.000000,114.332899
1.570000,0.000000,0.000000,113.740956
1.574000,0.000000,0.000000,113.725375
1.576000,0.000000,0.000000,114.015729
1.578000,0.000000,0.000000,115.992912
1.580000,0.000000,0.000000,118.526094
1.582000,0.000000,0.000000,118.526094
1.584000,0.000000,0.000000,114.056333
1.586000,0.000000,0.000000,113.009501
1.588000,0.000000,0.000000,113.009501
1.590000,0.000000,0.000000,112.799005
1.590000,0.000000,0.000000,112.921913
1.594000,0.000000,0.000000,110.052669
1.596000,0.000000,0.000000,108.457180
1.598000,0.000000,0.000000,107.388824
1.600000,0.000000,0.000000,107.388824
1.602000,0.000000,0.000000,107.972566
1.604000,0.000000,0.000000,108.983777
1.606000,0.000000,0.000000,108.983777
1.608000,0.000000,0.000000,110.616972
1.608000,0.000000,0.000000,112.420819
1.612000,0.000000,0.000000,116.127667
1.614000,0.000000,0.000000,117.657697
1.616000,0.000000,0.000000,118.626931
1.618000,0.000000,0.000000,118.626931
1.618000,0.000000,0.000000,119.487107
1.622000,0.000000,0.000000,121.289889
1.624000,0.000000,0.000000,122.240897
1.626000,0.000000,0.000000,123.112347
1.628000,0.000000,0.000000,123.341204
1.630000,0.000000,0.000000,123.920830
1.630000,0.000000,0.000000,124.600206
1.634000,0.000000,0.000000,125.695413
1.636000,0.000000,0.000000,126.118402
1.638000,0.000000,0.000000,126.331987
1.640000,0.000000,0.000000,126.331987
1.640000,0.000000,0.000000,126.390906
1.644000,0.000000,0.000000,126.445154
1.646000,0.000000,0.000000,126.445154
1.648000,0.000000,0.000000,126.049416
1.650000,0.000000,0.000000,126.049416
1.650000,0.000000,0.000000,125.702192
1.654000,0.000000,0.000000,124.560432
1.656000,0.000000,0.000000,123.915196
1.658000,0.000000,0.000000,123.915196
1.658000,0.000000,0.000000,123.129249
1.662000,0.000000,0.000000,121.234937
1.664000,0.000000,0.000000,120.200196
1.664000,0.000000,0.000000,120.200196
1.668000,0.000000,0.000000,119.152954
1.670000,0.000000,0.000000,116.746685
1.670000,0.000000,0.000000,116.746685
1.674000,0.000000,0.000000,114.202451
1.676000,0.000000,0.000000,114.202451
1.676000,0.000000,0.000000,112.844109
1.680000,0.000000,0.000000,109.967929
1.682000,0.000000,0.000000,109.967929
1.684000,0.000000,0.000000,108.451102
1.686000,0.000000,0.000000,105.645719
1.688000,0.000000,0.000000,104.078105
1.690000,0.000000,0.000000,102.556027
1.692000,0.000000,0.000000,101.016699
1.694000,0.000000,0.000000,99.098206
1.696000,0.000000,0.000000,97.469396
1.698000,0.000000,0.000000,96.000159
1.700000,0.000000,0.000000,96.329393
1.700000,0.000000,0.000000,94.572932
1.704000,0.000000,0.000000,91.878541
1.706000,0.000000,0.000000,90.373832
1.708000,0.000000,0.000000,89.026223
1.710000,0.000000,0.000000,87.763671
1.712000,0.000000,0.000000,87.783221
1.714000,0.000000,0.000000,84.725580
1.716000,0.000000,0.000000,83.635934
1.718000,0.000000,0.000000,81.965800
1.720000,0.000000,0.000000,80.807499
1.722000,0.000000,0.000000,81.260382
1.722000,0.000000,0.000000,79.819890
1.726000,0.000000,0.000000,78.099782
1.728000,0.000000,0.000000,76.659290
1.730000,0.000000,0.000000,75.939119
1.732000,0.000000,0.000000,76.427661
1.734000,0.000000,0.000000,74.782277
1.736000,0.000000,0.000000,74.782277
1.736000,0.000000,0.000000,74.121500
1.740000,0.000000,0.000000,73.128567
1.742000,0.000000,0.000000,73.128567
1.744000,0.000000,0.000000,72.470191
1.744000,0.000000,0.000000,71.639857
1.748000,0.000000,0.000000,69.515727
1.750000,0.000000,0.000000,69.152734
1.752000,0.000000,0.000000,69.152734
1.752000,0.000000,0.000000,70.015073
1.756000,0.000000,0.000000,70.999058
1.758000,0.000000,0.000000,71.378914
1.760000,0.000000,0.000000,71.709880
1.762000,0.000000,0.000000,71.758322
1.762000,0.000000,0.000000,71.686473
1.766000,0.000000,0.000000,70.450885
1.768000,0.000000,0.000000,70.450885
1.770000,0.000000,0.000000,70.227192
1.772000,0.000000,0.000000,71.468692
1.774000,0.000000,0.000000,71.468692
1.774000,0.000000,0.000000,72.606334
1.778000,0.000000,0.000000,75.877589
1.780000,0.000000,0.000000,75.877589
1.782000,0.000000,0.000000,77.995855
1.784000,0.000000,0.000000,80.512094
1.786000,0.000000,0.000000,81.249777
1.786000,0.000000,0.000000,81.870870
1.790000,0.000000,0.000000,75.025749
1.792000,0.000000,0.000000,73.050584
1.794000,0.000000,0.000000,73.050584
1.794000,0.000000,0.000000,74.932394
1.796000,0.000000,0.000000,78.745685
1.800000,0.000000,0.000000,87.604954
1.802000,0.000000,0.000000,93.113350
1.804000,0.000000,0.000000,99.351257
1.806000,0.000000,0.000000,99.351257
1.806000,0.000000,0.000000,105.609455
1.810000,0.000000,0.000000,117.155268
1.812000,0.000000,0.000000,122.500247
1.814000,0.000000,0.000000,126.979602
1.816000,0.000000,0.000000,130.992950
1.816000,0.000000,0.000000,130.992950
1.820000,0.000000,0.000000,137.863764
1.822000,0.000000,0.000000,141.090966
1.824000,0.000000,0.000000,143.687520
1.826000,0.000000,0.000000,143.687520
1.828000,0.000000,0.000000,145.966070
1.830000,0.000000,0.000000,149.918848
1.832000,0.000000,0.000000,151.597849
1.834000,0.000000,0.000000,152.746759
1.834000,0.000000,0.000000,152.746759
1.838000,0.000000,0.000000,154.301602
1.840000,0.000000,0.000000,154.950476
1.842000,0.000000,0.000000,155.156531
1.844000,0.000000,0.000000,155.143292
1.844000,0.000000,0.000000,155.143292
1.848000,0.000000,0.000000,154.629751
1.850000,0.000000,0.000000,154.280386
1.852000,0.000000,0.000000,153.672973
1.854000,0.000000,0.000000,153.672973
1.854000,0.000000,0.000000,152.454605
1.858000,0.000000,0.000000,151.175919
1.862000,0.000000,0.000000,151.175919
1.864000,0.000000,0.000000,149.023311
1.864000,0.000000,0.000000,147.803113
1.868000,0.000000,0.000000,145.137539
1.868000,0.000000,0.000000,145.137539
1.872000,0.000000,0.000000,141.996761
1.874000,0.000000,0.000000,140.346316
1.876000,0.000000,0.000000,140.346316
1.878000,0.000000,0.000000,138.655744
1.880000,0.000000,0.000000,136.953881
1.880000,0.000000,0.000000,135.054018
1.884000,0.000000,0.000000,131.896465
1.886000,0.000000,0.000000,130.100602
1.888000,0.000000,0.000000,128.646373
1.888000,0.000000,0.000000,128.498157
1.892000,0.000000,0.000000,125.403170
1.894000,0.000000,0.000000,125.403170
1.894000,0.000000,0.000000,123.801579
1.896000,0.000000,0.000000,122.230345
1.900000,0.000000,0.000000,119.213686
1.902000,0.000000,0.000000,119.213686
1.902000,0.000000,0.000000,117.814990
1.906000,0.000000,0.000000,115.259521
1.908000,0.000000,0.000000,114.070222
1.908000,0.000000,0.000000,114.070222
1.910000,0.000000,0.000000,112.969091
1.914000,0.000000,0.000000,110.978363
1.916000,0.000000,0.000000,110.150902
1.918000,0.000000,0.000000,109.356022
1.918000,0.000000,0.000000,109.334146
1.922000,0.000000,0.000000,107.945804
1.924000,0.000000,0.000000,107.376029
1.926000,0.000000,0.000000,106.931787
1.928000,0.000000,0.000000,106.931787
1.928000,0.000000,0.000000,106.440008
1.932000,0.000000,0.000000,105.746146
1.934000,0.000000,0.000000,105.465734
1.936000,0.000000,0.000000,105.426910
1.938000,0.000000,0.000000,105.426910
1.940000,0.000000,0.000000,105.350737
1.942000,0.000000,0.000000,105.608229
1.944000,0.000000,0.000000,106.237993
1.946000,0.000000,0.000000,106.725810
1.948000,0.000000,0.000000,106.725810
1.950000,0.000000,0.000000,107.207323
1.952000,0.000000,0.000000,107.517040
1.952000,0.000000,0.000000,107.517040
1.956000,0.000000,0.000000,107.699012
1.956000,0.000000,0.000000,107.880793
1.960000,0.000000,0.000000,108.632811
1.962000,0.000000,0.000000,109.101925
1.964000,0.000000,0.000000,109.559721
1.966000,0.000000,0.000000,109.559721
1.968000,0.000000,0.000000,112.456858
1.970000,0.000000,0.000000,113.890182
1.972000,0.000000,0.000000,123.841033
1.974000,0.000000,0.000000,109.173813
1.976000,0.000000,0.000000,106.601368
1.978000,0.000000,0.000000,106.601368
1.980000,0.000000,0.000000,104.222673
1.982000,0.000000,0.000000,100.379976
1.984000,0.000000,0.000000,98.081211
1.986000,0.000000,0.000000,95.322035
1.988000,0.000000,0.000000,95.322035
1.990000,0.000000,0.000000,91.743214
1.992000,0.000000,0.000000,90.735912
1.994000,0.000000,0.000000,91.034961
1.996000,0.000000,0.000000,91.034961
1.998000,0.000000,0.000000,91.861767
2.000000,0.000000,0.000000,94.545947
2.002000,0.000000,0.000000,95.952602
2.004000,0.000000,0.000000,97.108303
2.006000,0.000000,0.000000,97.108303
2.008000,0.000000,0.000000,98.242948
2.010000,0.000000,0.000000,100.738546
2.012000,0.000000,0.000000,102.074532
2.014000,0.000000,0.000000,102.074532
2.016000,0.000000,0.000000,104.935945
2.018000,0.000000,0.000000,104.935945
2.020000,0.000000,0.000000,107.659411
2.022000,0.000000,0.000000,109.034172
2.024000,0.000000,0.000000,110.124944
2.026000,0.000000,0.000000,111.064887
2.028000,0.000000,0.000000,111.064887
2.030000,0.000000,0.000000,111.900310
2.032000,0.000000,0.000000,113.427885
2.034000,0.000000,0.000000,114.130938
2.036000,0.000000,0.000000,114.675197
2.038000,0.000000,0.000000,115.119113
2.040000,0.000000,0.000000,115.314670
2.042000,0.000000,0.000000,115.426893
2.044000,0.000000,0.000000,115.938237
2.046000,0.000000,0.000000,116.099535
2.048000,0.000000,0.000000,116.034391
2.050000,0.000000,0.000000,116.034391
2.050000,0.000000,0.000000,115.823294
2.054000,0.000000,0.000000,115.285664
2.056000,0.000000,0.000000,114.905776
2.058000,0.000000,0.000000,114.905776
2.060000,0.000000,0.000000,114.380059
2.060000,0.000000,0.000000,113.764016
2.064000,0.000000,0.000000,112.392228
2.066000,0.000000,0.000000,111.486678
2.068000,0.000000,0.000000,111.480688
2.070000,0.000000,0.000000,110.641278
2.072000,0.000000,0.000000,109.785078
2.074000,0.000000,0.000000,108.008598
2.076000,0.000000,0.000000,106.803862
2.078000,0.000000,0.000000,105.718087
2.080000,0.000000,0.000000,104.352346
2.082000,0.000000,0.000000,104.352346
2.082000,0.000000,0.000000,103.060790
2.086000,0.000000,0.000000,100.408587
2.088000,0.000000,0.000000,99.235227
2.090000,0.000000,0.000000,99.235227
2.090000,0.000000,0.000000,97.948210
2.094000,0.000000,0.000000,95.139627
2.096000,0.000000,0.000000,94.047305
2.098000,0.000000,0.000000,92.796136
2.100000,0.000000,0.000000,92.796136
2.100000,0.000000,0.000000,91.527602
2.104000,0.000000,0.000000,88.621609
2.106000,0.000000,0.000000,87.566966
2.108000,0.000000,0.000000,86.094977
2.108000,0.000000,0.000000,86.094977
2.112000,0.000000,0.000000,83.899360
2.114000,0.000000,0.000000,82.639043
2.116000,0.000000,0.000000,82.006345
2.118000,0.000000,0.000000,82.006345
2.120000,0.000000,0.000000,80.269029
2.122000,0.000000,0.000000,79.311032
2.124000,0.000000,0.000000,78.417339
2.126000,0.000000,0.000000,78.417339
2.126000,0.000000,0.000000,77.340203
2.130000,0.000000,0.000000,75.847295
2.132000,0.000000,0.000000,75.847295
2.134000,0.000000,0.000000,75.180084
2.134000,0.000000,0.000000,74.805561
2.138000,0.000000,0.000000,73.937690
2.140000,0.000000,0.000000,73.958590
2.142000,0.000000,0.000000,73.958590
2.142000,0.000000,0.000000,73.486876
2.146000,0.000000,0.000000,73.286826
2.148000,0.000000,0.000000,73.164978
2.150000,0.000000,0.000000,73.256110
2.150000,0.000000,0.000000,73.256110
2.154000,0.000000,0.000000,73.702185
2.156000,0.000000,0.000000,74.114093
2.158000,0.000000,0.000000,73.960399
2.160000,0.000000,0.000000,73.960399
2.162000,0.000000,0.000000,74.442346
2.164000,0.000000,0.000000,75.155508
2.166000,0.000000,0.000000,76.207679
2.168000,0.000000,0.000000,76.207679
2.170000,0.000000,0.000000,78.181058
2.172000,0.000000,0.000000,81.748385
2.174000,0.000000,0.000000,80.677085
2.176000,0.000000,0.000000,80.677085
2.178000,0.000000,0.000000,74.619342
2.180000,0.000000,0.000000,71.815584
2.182000,0.000000,0.000000,71.815584
2.182000,0.000000,0.000000,72.576640
2.186000,0.000000,0.000000,78.140773
2.188000,0.000000,0.000000,82.131482
2.190000,0.000000,0.000000,82.131482
2.190000,0.000000,0.000000,87.361445
2.194000,0.000000,0.000000,92.867125
2.196000,0.000000,0.000000,103.690838
2.198000,0.000000,0.000000,108.700717
2.200000,0.000000,0.000000,108.928356
2.202000,0.000000,0.000000,117.932291
2.204000,0.000000,0.000000,117.932291
2.206000,0.000000,0.000000,126.271527
2.208000,0.000000,0.000000,126.137720
2.208000,0.000000,0.000000,130.477317
2.212000,0.000000,0.000000,136.434180
2.214000,0.000000,0.000000,139.342419
2.216000,0.000000,0.000000,139.342419
2.218000,0.000000,0.000000,143.566964
2.220000,0.000000,0.000000,145.543146
2.222000,0.000000,0.000000,147.007646
2.224000,0.000000,0.000000,147.007646
2.226000,0.000000,0.000000,149.803566
2.228000,0.000000,0.000000,150.818801
2.230000,0.000000,0.000000,150.818801
2.232000,0.000000,0.000000,151.731905
2.234000,0.000000,0.000000,151.546218
2.234000,0.000000,0.000000,151.546218
2.238000,0.000000,0.000000,151.398702
2.240000,0.000000,0.000000,151.276756
2.242000,0.000000,0.000000,150.822418
2.244000,0.000000,0.000000,150.822418
2.246000,0.000000,0.000000,149.493675
2.248000,0.000000,0.000000,148.808198
2.250000,0.000000,0.000000,148.367930
2.252000,0.000000,0.000000,148.367930
2.252000,0.000000,0.000000,146.959354
2.256000,0.000000,0.000000,144.854663
2.258000,0.000000,0.000000,143.790562
2.258000,0.000000,0.000000,143.790562
2.262000,0.000000,0.000000,141.274319
2.262000,0.000000,0.000000,141.274319
2.266000,0.000000,0.000000,138.668116
2.268000,0.000000,0.000000,138.668116
2.268000,0.000000,0.000000,137.626776
2.272000,0.000000,0.000000,134.803581
2.274000,0.000000,0.000000,133.375915
2.276000,0.000000,0.000000,131.907844
2.278000,0.000000,0.000000,131.907844
2.280000,0.000000,0.000000,130.456093
2.282000,0.000000,0.000000,127.714606
2.284000,0.000000,0.000000,126.306784
2.286000,0.000000,0.000000,125.149179
2.288000,0.000000,0.000000,125.149179
2.288000,0.000000,0.000000,123.799345
2.292000,0.000000,0.000000,121.523256
2.294000,0.000000,0.000000,120.517275
2.296000,0.000000,0.000000,119.550873
2.298000,0.000000,0.000000,119.550873
2.300000,0.000000,0.000000,118.542075
2.302000,0.000000,0.000000,116.725726
2.304000,0.000000,0.000000,115.942474
2.306000,0.000000,0.000000,115.186206
2.308000,0.000000,0.000000,114.433083
2.310000,0.000000,0.000000,113.907334
2.312000,0.000000,0.000000,113.446003
2.314000,0.000000,0.000000,112.890808
2.316000,0.000000,0.000000,112.503669
2.318000,0.000000,0.000000,112.177603
2.318000,0.000000,0.000000,112.202953
2.322000,0.000000,0.000000,112.007784
2.324000,0.000000,0.000000,111.899462
2.326000,0.000000,0.000000,111.598371
2.328000,0.000000,0.000000,111.411211
2.330000,0.000000,0.000000,111.161037
2.330000,0.000000,0.000000,111.161037
2.334000,0.000000,0.000000,110.836487
2.336000,0.000000,0.000000,110.848977
2.338000,0.000000,0.000000,110.836120
2.340000,0.000000,0.000000,110.891812
2.340000,0.000000,0.000000,110.951206
2.344000,0.000000,0.000000,112.522903
2.346000,0.000000,0.000000,113.236409
2.348000,0.000000,0.000000,113.481966
2.350000,0.000000,0.000000,113.481966
2.352000,0.000000,0.000000,113.518768
2.354000,0.000000,0.000000,113.385052
2.356000,0.000000,0.000000,113.284125
2.358000,0.000000,0.000000,113.231545
2.360000,0.000000,0.000000,123.086224
2.362000,0.000000,0.000000,115.359161
2.364000,0.000000,0.000000,106.245644
2.366000,0.000000,0.000000,104.296128
2.368000,0.000000,0.000000,102.804096
2.370000,0.000000,0.000000,100.214163
2.372000,0.000000,0.000000,100.214163
2.374000,0.000000,0.000000,97.492812
2.376000,0.000000,0.000000,93.193144
2.378000,0.000000,0.000000,91.863096
2.380000,0.000000,0.000000,91.821734
2.382000,0.000000,0.000000,92.390020
2.384000,0.000000,0.000000,92.390020
2.386000,0.000000,0.000000,94.493581
2.388000,0.000000,0.000000,95.841556
2.390000,0.000000,0.000000,97.011914
2.392000,0.000000,0.000000,97.011914
2.394000,0.000000,0.000000,98.215667
2.394000,0.000000,0.000000,99.551089
2.398000,0.000000,0.000000,102.653840
2.400000,0.000000,0.000000,104.273396
2.402000,0.000000,0.000000,105.866119
2.404000,0.000000,0.000000,105.866119
2.404000,0.000000,0.000000,107.499420
2.408000,0.000000,0.000000,110.684348
2.410000,0.000000,0.000000,112.236384
2.412000,0.000000,0.000000,112.236384
2.414000,0.000000,0.000000,113.606005
2.416000,0.000000,0.000000,116.200292
2.418000,0.000000,0.000000,117.492092
2.420000,0.000000,0.000000,117.492092
2.420000,0.000000,0.000000,118.595760
2.424000,0.000000,0.000000,120.537318
2.426000,0.000000,0.000000,120.686193
2.428000,0.000000,0.000000,121.367946
2.428000,0.000000,0.000000,121.939560
2.432000,0.000000,0.000000,122.843177
2.434000,0.000000,0.000000,123.186751
2.436000,0.000000,0.000000,123.353090
2.438000,0.000000,0.000000,123.424341
2.440000,0.000000,0.000000,123.404790
2.440000,0.000000,0.000000,123.418281
2.444000,0.000000,0.000000,123.379602
2.446000,0.000000,0.000000,122.989037
2.448000,0.000000,0.000000,122.576891
2.448000,0.000000,0.000000,122.576891
2.452000,0.000000,0.000000,121.162018
2.454000,0.000000,0.000000,121.158145
2.456000,0.000000,0.000000,120.338543
2.458000,0.000000,0.000000,119.406714
2.460000,0.000000,0.000000,117.387949
2.462000,0.000000,0.000000,116.336548
2.464000,0.000000,0.000000,115.172301
2.464000,0.000000,0.000000,115.156084
2.468000,0.000000,0.000000,112.555036
2.470000,0.000000,0.000000,111.105698
2.472000,0.000000,0.000000,111.105698
2.472000,0.000000,0.000000,109.492836
2.476000,0.000000,0.000000,106.601996
2.478000,0.000000,0.000000,105.091937
2.480000,0.000000,0.000000,103.544196
2.480000,0.000000,0.000000,103.518725
2.484000,0.000000,0.000000,100.220569
2.486000,0.000000,0.000000,98.608080
2.488000,0.000000,0.000000,96.902936
2.490000,0.000000,0.000000,96.902936
2.490000,0.000000,0.000000,95.477752
2.494000,0.000000,0.000000,91.878788
2.496000,0.000000,0.000000,90.427891
2.498000,0.000000,0.000000,90.427891
2.500000,0.000000,0.000000,88.807227
2.500000,0.000000,0.000000,87.581325
2.504000,0.000000,0.000000,84.818084
2.506000,0.000000,0.000000,83.851914
2.508000,0.000000,0.000000,83.851914
2.508000,0.000000,0.000000,82.807880
2.512000,0.000000,0.000000,80.790161
2.514000,0.000000,0.000000,79.770174
2.516000,0.000000,0.000000,78.938555
2.518000,0.000000,0.000000,77.801480
2.520000,0.000000,0.000000,77.823000
2.522000,0.000000,0.000000,75.729569
2.524000,0.000000,0.000000,74.834566
2.526000,0.000000,0.000000,74.557699
2.528000,0.000000,0.000000,74.455495
2.530000,0.000000,0.000000,74.491353
2.532000,0.000000,0.000000,74.055310
2.534000,0.000000,0.000000,74.105086
2.536000,0.000000,0.000000,73.989818
2.538000,0.000000,0.000000,74.154303
2.540000,0.000000,0.000000,74.154303
2.540000,0.000000,0.000000,74.443632
2.544000,0.000000,0.000000,72.766922
2.546000,0.000000,0.000000,72.045635
2.548000,0.000000,0.000000,72.088043
2.548000,0.000000,0.000000,72.558970
2.552000,0.000000,0.000000,75.604210
2.554000,0.000000,0.000000,77.463893
2.554000,0.000000,0.000000,77.463893
2.556000,0.000000,0.000000,78.957816
2.560000,0.000000,0.000000,81.361406
2.562000,0.000000,0.000000,85.127834
2.564000,0.000000,0.000000,85.127834
2.564000,0.000000,0.000000,84.035811
2.568000,0.000000,0.000000,76.951293
2.570000,0.000000,0.000000,73.696020
2.572000,0.000000,0.000000,73.696020
2.574000,0.000000,0.000000,76.458472
2.576000,0.000000,0.000000,78.883595
2.578000,0.000000,0.000000,83.095613
2.580000,0.000000,0.000000,88.053270
2.580000,0.000000,0.000000,87.961164
2.584000,0.000000,0.000000,98.291386
2.586000,0.000000,0.000000,103.375594
2.586000,0.000000,0.000000,103.375594
2.590000,0.000000,0.000000,113.250269
2.592000,0.000000,0.000000,118.166354
2.594000,0.000000,0.000000,118.166354
2.596000,0.000000,0.000000,126.380460
2.598000,0.000000,0.000000,130.792309
2.600000,0.000000,0.000000,130.792309
2.600000,0.000000,0.000000,133.596909
2.602000,0.000000,0.000000,137.043768
2.606000,0.000000,0.000000,142.642244
2.606000,0.000000,0.000000,142.642244
2.612000,0.000000,0.000000,146.705740
2.612000,0.000000,0.000000,146.705740
2.614000,0.000000,0.000000,148.426112
2.614000,0.000000,0.000000,150.163335
2.618000,0.000000,0.000000,152.265312
2.620000,0.000000,0.000000,152.265312
2.622000,0.000000,0.000000,152.899585
2.622000,0.000000,0.000000,153.108938
2.626000,0.000000,0.000000,153.335885
2.628000,0.000000,0.000000,153.224715
2.630000,0.000000,0.000000,152.818066
2.632000,0.000000,0.000000,152.818066
2.634000,0.000000,0.000000,152.267889
2.634000,0.000000,0.000000,151.594912
2.638000,0.000000,0.000000,150.140516
2.640000,0.000000,0.000000,148.838389
2.642000,0.000000,0.000000,147.799715
2.644000,0.000000,0.000000,147.691376
2.646000,0.000000,0.000000,146.478577
2.648000,0.000000,0.000000,144.341597
2.650000,0.000000,0.000000,142.747968
2.652000,0.000000,0.000000,142.747968
2.652000,0.000000,0.000000,141.333525
2.656000,0.000000,0.000000,138.800717
2.658000,0.000000,0.000000,137.377317
2.660000,0.000000,0.000000,137.377317
2.660000,0.000000,0.000000,135.859636
2.664000,0.000000,0.000000,132.870959
2.666000,0.000000,0.000000,131.390267
2.668000,0.000000,0.000000,129.852592
2.670000,0.000000,0.000000,129.852592
2.670000,0.000000,0.000000,128.388039
2.674000,0.000000,0.000000,125.573665
2.676000,0.000000,0.000000,125.573665
2.678000,0.000000,0.000000,122.998106
2.680000,0.000000,0.000000,122.846363
2.680000,0.000000,0.000000,121.608583
2.684000,0.000000,0.000000,119.413121
2.686000,0.000000,0.000000,118.379807
2.688000,0.000000,0.000000,117.373962
2.690000,0.000000,0.000000,116.404928
2.692000,0.000000,0.000000,116.404928
2.692000,0.000000,0.000000,115.446878
2.696000,0.000000,0.000000,113.799328
2.698000,0.000000,0.000000,113.076017
2.700000,0.000000,0.000000,112.460436
2.702000,0.000000,0.000000,112.495683
2.702000,0.000000,0.000000,111.899720
2.706000,0.000000,0.000000,111.202925
2.708000,0.000000,0.000000,111.202925
2.708000,0.000000,0.000000,110.874279
2.712000,0.000000,0.000000,110.630771
2.714000,0.000000,0.000000,110.448612
2.714000,0.000000,0.000000,110.310097
2.718000,0.000000,0.000000,110.219210
2.718000,0.000000,0.000000,110.113108
2.722000,0.000000,0.000000,110.082200
2.724000,0.000000,0.000000,110.268770
2.724000,0.000000,0.000000,110.268770
2.726000,0.000000,0.000000,110.268619
2.730000,0.000000,0.000000,110.388374
2.732000,0.000000,0.000000,110.452784
2.734000,0.000000,0.000000,110.623842
2.734000,0.000000,0.000000,110.941022
2.738000,0.000000,0.000000,111.830330
2.740000,0.000000,0.000000,111.830330
2.740000,0.000000,0.000000,112.478442
2.744000,0.000000,0.000000,113.178363
2.746000,0.000000,0.000000,113.178363
2.746000,0.000000,0.000000,113.618257
2.750000,0.000000,0.000000,109.447833
2.752000,0.000000,0.000000,109.411401
2.754000,0.000000,0.000000,107.753811
2.754000,0.000000,0.000000,104.172744
2.758000,0.000000,0.000000,102.343805
2.760000,0.000000,0.000000,101.809991
2.762000,0.000000,0.000000,101.159133
2.764000,0.000000,0.000000,100.035401
2.764000,0.000000,0.000000,97.938561
2.768000,0.000000,0.000000,94.606930
2.770000,0.000000,0.000000,94.606930
2.772000,0.000000,0.000000,94.404129
2.772000,0.000000,0.000000,94.404129
2.776000,0.000000,0.000000,95.136436
2.778000,0.000000,0.000000,97.991145
2.780000,0.000000,0.000000,97.991145
2.782000,0.000000,0.000000,101.245105
2.784000,0.000000,0.000000,101.245105
2.786000,0.000000,0.000000,102.913830
2.788000,0.000000,0.000000,105.944927
2.790000,0.000000,0.000000,107.436231
2.792000,0.000000,0.000000,108.881467
2.794000,0.000000,0.000000,109.137970
2.794000,0.000000,0.000000,110.325138
2.798000,0.000000,0.000000,113.133496
2.800000,0.000000,0.000000,113.133496
2.802000,0.000000,0.000000,114.535003
2.802000,0.000000,0.000000,115.784400
2.804000,0.000000,0.000000,118.265525
2.808000,0.000000,0.000000,119.335676
2.810000,0.000000,0.000000,120.235493
2.812000,0.000000,0.000000,120.235493
2.812000,0.000000,0.000000,120.977261
2.816000,0.000000,0.000000,122.355649
2.818000,0.000000,0.000000,122.922726
2.820000,0.000000,0.000000,123.310817
2.822000,0.000000,0.000000,123.559072
2.824000,0.000000,0.000000,123.559072
2.824000,0.000000,0.000000,123.736577
2.826000,0.000000,0.000000,123.662114
2.830000,0.000000,0.000000,123.545819
2.832000,0.000000,0.000000,123.244232
2.834000,0.000000,0.000000,122.742174
2.836000,0.000000,0.000000,122.781125
2.838000,0.000000,0.000000,122.273028
2.840000,0.000000,0.000000,120.970074
2.842000,0.000000,0.000000,120.291625
2.842000,0.000000,0.000000,119.465209
2.846000,0.000000,0.000000,119.469926
2.848000,0.000000,0.000000,118.490619
2.850000,0.000000,0.000000,116.297044
2.852000,0.000000,0.000000,115.234152
2.854000,0.000000,0.000000,113.972172
2.856000,0.000000,0.000000,112.631163
2.856000,0.000000,0.000000,112.612980
2.858000,0.000000,0.000000,111.188079
2.862000,0.000000,0.000000,107.952505
2.864000,0.000000,0.000000,106.513715
2.866000,0.000000,0.000000,106.513715
2.866000,0.000000,0.000000,104.970927
2.868000,0.000000,0.000000,103.294830
2.872000,0.000000,0.000000,100.303866
2.874000,0.000000,0.000000,98.679665
2.874000,0.000000,0.000000,98.679665
2.878000,0.000000,0.000000,97.112965
2.880000,0.000000,0.000000,95.188441
2.880000,0.000000,0.000000,93.515225
2.884000,0.000000,0.000000,90.549426
2.886000,0.000000,0.000000,89.007252
2.888000,0.000000,0.000000,87.659804
2.890000,0.000000,0.000000,86.370101
2.890000,0.000000,0.000000,86.368826
2.894000,0.000000,0.000000,84.528596
2.896000,0.000000,0.000000,83.060719
2.898000,0.000000,0.000000,80.838701
2.900000,0.000000,0.000000,79.642056
2.902000,0.000000,0.000000,78.722103
2.904000,0.000000,0.000000,77.358231
2.906000,0.000000,0.000000,77.358231
2.906000,0.000000,0.000000,76.833985
2.910000,0.000000,0.000000,76.115604
2.910000,0.000000,0.000000,75.382501
2.914000,0.000000,0.000000,74.066371
2.916000,0.000000,0.000000,72.804627
2.918000,0.000000,0.000000,72.240594
2.920000,0.000000,0.000000,72.281192
2.922000,0.000000,0.000000,71.818107
2.922000,0.000000,0.000000,71.692329
2.926000,0.000000,0.000000,72.050737
2.928000,0.000000,0.000000,71.941317
2.930000,0.000000,0.000000,71.936233
2.932000,0.000000,0.000000,71.818448
2.934000,0.000000,0.000000,72.044946
2.934000,0.000000,0.000000,72.477622
2.936000,0.000000,0.000000,72.373599
2.940000,0.000000,0.000000,73.592929
2.942000,0.000000,0.000000,73.300853
2.942000,0.000000,0.000000,73.524229
2.946000,0.000000,0.000000,74.798281
2.948000,0.000000,0.000000,75.586180
2.950000,0.000000,0.000000,81.346242
2.952000,0.000000,0.000000,81.346242
2.952000,0.000000,0.000000,80.275936
2.956000,0.000000,0.000000,73.962372
2.958000,0.000000,0.000000,73.962372
2.958000,0.000000,0.000000,70.549713
2.960000,0.000000,0.000000,68.270014
2.964000,0.000000,0.000000,65.510777
2.966000,0.000000,0.000000,66.996344
2.968000,0.000000,0.000000,71.457206
2.968000,0.000000,0.000000,71.457206
2.972000,0.000000,0.000000,83.086091
2.974000,0.000000,0.000000,89.122030
2.976000,0.000000,0.000000,94.669862
2.978000,0.000000,0.000000,99.651262
2.980000,0.000000,0.000000,99.750138
2.980000,0.000000,0.000000,104.946954
2.984000,0.000000,0.000000,114.139682
2.986000,0.000000,0.000000,118.911766
2.988000,0.000000,0.000000,122.641640
2.990000,0.000000,0.000000,122.975827
2.992000,0.000000,0.000000,126.053554
2.994000,0.000000,0.000000,132.308525
2.996000,0.000000,0.000000,132.308525
2.998000,0.000000,0.000000,135.150054
2.998000,0.000000,0.000000,137.355874
3.002000,0.000000,0.000000,141.475729
3.004000,0.000000,0.000000,143.120044
3.006000,0.000000,0.000000,143.120044
3.006000,0.000000,0.000000,144.234789
3.010000,0.000000,0.000000,145.989119
3.012000,0.000000,0.000000,146.663644
3.014000,0.000000,0.000000,146.928538
3.016000,0.000000,0.000000,147.002795
3.018000,0.000000,0.000000,147.002795
3.020000,0.000000,0.000000,146.691023
3.022000,0.000000,0.000000,146.486068
3.024000,0.000000,0.000000,146.431374
3.024000,0.000000,0.000000,146.009664
3.026000,0.000000,0.000000,145.434054
3.030000,0.000000,0.000000,144.210165
3.030000,0.000000,0.000000,144.210165
3.034000,0.000000,0.000000,143.430947
3.034000,0.000000,0.000000,143.323393
3.038000,0.000000,0.000000,140.372779
3.040000,0.000000,0.000000,139.285549
3.042000,0.000000,0.000000,138.020428
3.044000,0.000000,0.000000,138.020428
3.044000,0.000000,0.000000,136.763295
3.048000,0.000000,0.000000,134.166487
3.050000,0.000000,0.000000,132.877676
3.052000,0.000000,0.000000,131.550880
3.054000,0.000000,0.000000,130.213002
3.056000,0.000000,0.000000,130.213002
3.056000,0.000000,0.000000,128.985283
3.060000,0.000000,0.000000,126.496398
3.062000,0.000000,0.000000,125.165674
3.064000,0.000000,0.000000,123.975783
3.066000,0.000000,0.000000,122.863288
3.066000,0.000000,0.000000,122.863288
3.070000,0.000000,0.000000,120.851789
3.072000,0.000000,0.000000,119.893177
3.074000,0.000000,0.000000,119.893177
3.074000,0.000000,0.000000,118.904281
3.076000,0.000000,0.000000,117.982805
3.080000,0.000000,0.000000,116.208928
3.082000,0.000000,0.000000,115.356221
3.084000,0.000000,0.000000,115.329778
3.086000,0.000000,0.000000,113.939263
3.088000,0.000000,0.000000,113.328816
3.090000,0.000000,0.000000,112.713892
3.092000,0.000000,0.000000,112.249408
3.094000,0.000000,0.000000,112.255335
3.096000,0.000000,0.000000,111.866122
3.098000,0.000000,0.000000,111.156310
3.100000,0.000000,0.000000,110.980196
3.102000,0.000000,0.000000,110.768350
3.104000,0.000000,0.000000,110.553218
3.106000,0.000000,0.000000,110.553218
3.108000,0.000000,0.000000,110.399351
3.110000,0.000000,0.000000,110.420124
3.112000,0.000000,0.000000,110.382083
3.114000,0.000000,0.000000,110.354023
3.116000,0.000000,0.000000,110.354023
3.116000,0.000000,0.000000,110.804415
3.120000,0.000000,0.000000,112.028035
3.122000,0.000000,0.000000,112.596894
3.124000,0.000000,0.000000,112.725505
3.126000,0.000000,0.000000,112.725505
3.126000,0.000000,0.000000,112.709338
3.130000,0.000000,0.000000,112.727280
3.130000,0.000000,0.000000,112.727280
3.134000,0.000000,0.000000,112.945015
3.136000,0.000000,0.000000,112.945015
3.138000,0.000000,0.000000,113.100007
3.138000,0.000000,0.000000,123.152893
3.142000,0.000000,0.000000,108.390120
3.144000,0.000000,0.000000,101.275751
3.146000,0.000000,0.000000,101.275751
3.148000,0.000000,0.000000,97.675150
3.150000,0.000000,0.000000,96.686209
3.152000,0.000000,0.000000,94.342894
3.152000,0.000000,0.000000,94.342894
3.154000,0.000000,0.000000,91.554494
3.158000,0.000000,0.000000,86.754480
3.160000,0.000000,0.000000,85.222578
3.160000,0.000000,0.000000,84.979974
3.162000,0.000000,0.000000,84.979974
3.164000,0.000000,0.000000,85.515254
3.168000,0.000000,0.000000,87.377204
3.168000,0.000000,0.000000,88.244958
3.172000,0.000000,0.000000,89.287455
3.172000,0.000000,0.000000,89.287455
3.174000,0.000000,0.000000,90.419649
3.176000,0.000000,0.000000,93.157279
3.180000,0.000000,0.000000,94.603351
3.182000,0.000000,0.000000,94.603351
3.182000,0.000000,0.000000,95.961339
3.186000,0.000000,0.000000,99.104112
3.188000,0.000000,0.000000,100.633545
3.190000,0.000000,0.000000,100.633545
3.192000,0.000000,0.000000,102.038963
3.194000,0.000000,0.000000,104.849762
3.196000,0.000000,0.000000,106.337411
3.198000,0.000000,0.000000,107.613415
3.200000,0.000000,0.000000,108.579697
3.200000,0.000000,0.000000,108.770908
3.204000,0.000000,0.000000,110.863058
3.206000,0.000000,0.000000,110.863058
3.208000,0.000000,0.000000,111.897459
3.208000,0.000000,0.000000,112.714839
3.212000,0.000000,0.000000,114.297552
3.214000,0.000000,0.000000,114.920041
3.216000,0.000000,0.000000,115.283879
3.218000,0.000000,0.000000,115.471292
3.218000,0.000000,0.000000,115.793965
3.222000,0.000000,0.000000,116.281729
3.224000,0.000000,0.000000,116.381609
3.226000,0.000000,0.000000,116.239268
3.228000,0.000000,0.000000,116.239268
3.228000,0.000000,0.000000,115.921747
3.232000,0.000000,0.000000,115.073410
3.234000,0.000000,0.000000,114.555562
3.236000,0.000000,0.000000,113.930884
3.238000,0.000000,0.000000,113.924193
3.240000,0.000000,0.000000,113.212208
3.240000,0.000000,0.000000,112.466607
3.244000,0.000000,0.000000,110.709630
3.244000,0.000000,0.000000,110.709630
3.248000,0.000000,0.000000,108.580978
3.250000,0.000000,0.000000,108.580978
3.252000,0.000000,0.000000,107.224923
3.252000,0.000000,0.000000,105.882079
3.256000,0.000000,0.000000,103.048160
3.258000,0.000000,0.000000,101.508654
3.260000,0.000000,0.000000,99.966335
3.262000,0.000000,0.000000,98.524776
3.262000,0.000000,0.000000,98.672928
3.266000,0.000000,0.000000,96.983269
3.268000,0.000000,0.000000,93.721445
3.270000,0.000000,0.000000,92.061073
3.272000,0.000000,0.000000,90.541268
3.274000,0.000000,0.000000,90.508146
3.274000,0.000000,0.000000,89.066764
3.276000,0.000000,0.000000,87.608775
3.280000,0.000000,0.000000,84.892584
3.282000,0.000000,0.000000,83.377615
3.284000,0.000000,0.000000,83.377615
3.286000,0.000000,0.000000,81.742974
3.286000,0.000000,0.000000,80.831149
3.290000,0.000000,0.000000,78.242849
3.292000,0.000000,0.000000,76.451334
3.294000,0.000000,0.000000,75.530978
3.296000,0.000000,0.000000,75.530978
3.296000,0.000000,0.000000,74.576303
3.300000,0.000000,0.000000,72.884691
3.302000,0.000000,0.000000,72.087174
3.304000,0.000000,0.000000,71.577368
3.306000,0.000000,0.000000,71.577368
3.308000,0.000000,0.000000,71.054994
3.308000,0.000000,0.000000,70.335928
3.312000,0.000000,0.000000,69.837060
3.314000,0.000000,0.000000,69.490381
3.316000,0.000000,0.000000,69.490381
3.318000,0.000000,0.000000,68.447786
3.318000,0.000000,0.000000,68.077315
3.322000,0.000000,0.000000,67.578415
3.324000,0.000000,0.000000,67.950128
3.326000,0.000000,0.000000,68.931846
3.326000,0.000000,0.000000,68.931846
3.330000,0.000000,0.000000,70.943815
3.332000,0.000000,0.000000,71.846637
3.334000,0.000000,0.000000,71.846637
3.334000,0.000000,0.000000,72.643587
3.338000,0.000000,0.000000,73.502668
3.340000,0.000000,0.000000,74.933028
3.342000,0.000000,0.000000,78.082028
3.342000,0.000000,0.000000,78.082028
3.346000,0.000000,0.000000,75.125304
3.346000,0.000000,0.000000,73.621582
3.350000,0.000000,0.000000,69.780768
3.352000,0.000000,0.000000,69.780768
3.354000,0.000000,0.000000,68.215000
3.354000,0.000000,0.000000,70.181208
3.358000,0.000000,0.000000,76.093003
3.360000,0.000000,0.000000,80.956373
3.362000,0.000000,0.000000,87.113936
3.364000,0.000000,0.000000,87.292791
3.366000,0.000000,0.000000,93.394299
3.366000,0.000000,0.000000,99.444731
3.370000,0.000000,0.000000,111.246131
3.372000,0.000000,0.000000,116.580045
3.374000,0.000000,0.000000,116.926341
3.376000,0.000000,0.000000,121.045726
3.376000,0.000000,0.000000,125.089997
3.380000,0.000000,0.000000,132.833538
3.382000,0.000000,0.000000,136.199621
3.384000,0.000000,0.000000,138.848530
3.386000,0.000000,0.000000,138.848530
3.386000,0.000000,0.000000,141.157016
3.390000,0.000000,0.000000,144.968136
3.392000,0.000000,0.000000,146.755973
3.394000,0.000000,0.000000,146.755973
3.394000,0.000000,0.000000,148.054005
3.398000,0.000000,0.000000,150.169279
3.400000,0.000000,0.000000,150.234710
3.402000,0.000000,0.000000,151.021500
3.404000,0.000000,0.000000,150.859164
3.406000,0.000000,0.000000,151.599221
3.408000,0.000000,0.000000,151.721232
3.410000,0.000000,0.000000,151.721232
3.410000,0.000000,0.000000,151.470715
3.414000,0.000000,0.000000,150.681162
3.414000,0.000000,0.000000,150.681162
3.418000,0.000000,0.000000,149.855198
3.420000,0.000000,0.000000,149.043589
3.422000,0.000000,0.000000,147.973897
3.424000,0.000000,0.000000,147.973897
3.426000,0.000000,0.000000,145.645050
3.428000,0.000000,0.000000,144.492632
3.430000,0.000000,0.000000,143.254631
3.432000,0.000000,0.000000,142.034532
3.434000,0.000000,0.000000,142.034532
3.436000,0.000000,0.000000,139.070133
3.438000,0.000000,0.000000,137.787701
3.440000,0.000000,0.000000,136.513228
3.442000,0.000000,0.000000,135.217352
3.444000,0.000000,0.000000,133.909780
3.446000,0.000000,0.000000,132.600166
3.448000,0.000000,0.000000,131.506094
3.450000,0.000000,0.000000,130.201285
3.452000,0.000000,0.000000,128.893610
3.454000,0.000000,0.000000,127.714914
3.454000,0.000000,0.000000,127.453843
3.458000,0.000000,0.000000,125.097687
3.460000,0.000000,0.000000,125.097687
3.462000,0.000000,0.000000,122.850346
3.464000,0.000000,0.000000,121.772889
3.466000,0.000000,0.000000,120.752500
3.466000,0.000000,0.000000,120.615319
3.470000,0.000000,0.000000,118.806689
3.472000,0.000000,0.000000,117.908671
3.474000,0.000000,0.000000,117.202352
3.476000,0.000000,0.000000,116.559436
3.476000,0.000000,0.000000,116.547348
3.480000,0.000000,0.000000,115.284726
3.482000,0.000000,0.000000,114.704766
3.484000,0.000000,0.000000,114.141282
3.486000,0.000000,0.000000,113.604510
3.486000,0.000000,0.000000,113.620791
3.490000,0.000000,0.000000,112.982045
3.492000,0.000000,0.000000,112.780281
3.494000,0.000000,0.000000,112.558127
3.496000,0.000000,0.000000,112.594080
3.496000,0.000000,0.000000,112.431337
3.500000,0.000000,0.000000,112.477611
3.502000,0.000000,0.000000,112.557233
3.504000,0.000000,0.000000,112.534974
3.506000,0.000000,0.000000,112.472940
3.508000,0.000000,0.000000,112.527305
3.510000,0.000000,0.000000,113.031830
3.512000,0.000000,0.000000,113.491005
3.514000,0.000000,0.000000,113.898492
3.516000,0.000000,0.000000,113.898492
3.518000,0.000000,0.000000,114.178699
3.520000,0.000000,0.000000,114.699044
3.522000,0.000000,0.000000,115.018771
3.524000,0.000000,0.000000,115.077394
3.524000,0.000000,0.000000,115.105658
3.528000,0.000000,0.000000,123.584877
3.530000,0.000000,0.000000,116.193199
3.532000,0.000000,0.000000,116.193199
3.532000,0.000000,0.000000,109.142721
3.536000,0.000000,0.000000,104.897044
3.538000,0.000000,0.000000,103.734832
3.540000,0.000000,0.000000,102.274908
3.542000,0.000000,0.000000,101.388926
3.544000,0.000000,0.000000,96.259757
3.546000,0.000000,0.000000,94.043129
3.548000,0.000000,0.000000,92.778116
3.550000,0.000000,0.000000,92.388264
3.552000,0.000000,0.000000,92.675436
3.554000,0.000000,0.000000,93.338263
3.556000,0.000000,0.000000,94.433117
3.558000,0.000000,0.000000,95.543512
3.560000,0.000000,0.000000,96.577149
3.560000,0.000000,0.000000,96.780531
3.564000,0.000000,0.000000,99.573122
3.566000,0.000000,0.000000,101.068323
3.568000,0.000000,0.000000,101.068323
3.570000,0.000000,0.000000,103.974063
3.572000,0.000000,0.000000,105.506961
3.574000,0.000000,0.000000,106.966524
3.576000,0.000000,0.000000,106.966524
3.578000,0.000000,0.000000,109.897332
3.580000,0.000000,0.000000,111.374237
3.582000,0.000000,0.000000,112.746342
3.584000,0.000000,0.000000,113.808954
3.584000,0.000000,0.000000,114.049492
3.588000,0.000000,0.000000,116.340445
3.590000,0.000000,0.000000,117.708244
3.592000,0.000000,0.000000,118.841118
3.594000,0.000000,0.000000,119.604974
3.596000,0.000000,0.000000,120.565979
3.598000,0.000000,0.000000,120.565979
3.600000,0.000000,0.000000,121.931843
3.602000,0.000000,0.000000,122.493154
3.604000,0.000000,0.000000,122.837292
3.606000,0.000000,0.000000,122.837292
3.608000,0.000000,0.000000,123.173050
3.610000,0.000000,0.000000,123.317852
3.612000,0.000000,0.000000,123.434260
3.614000,0.000000,0.000000,123.315304
3.616000,0.000000,0.000000,123.104734
3.618000,0.000000,0.000000,123.154839
3.620000,0.000000,0.000000,122.853396
3.622000,0.000000,0.000000,121.971652
3.624000,0.000000,0.000000,121.315267
3.626000,0.000000,0.000000,120.500157
3.628000,0.000000,0.000000,119.628970
3.630000,0.000000,0.000000,119.636811
3.632000,0.000000,0.000000,118.733361
3.634000,0.000000,0.000000,116.461312
3.636000,0.000000,0.000000,115.212359
3.638000,0.000000,0.000000,115.182899
3.640000,0.000000,0.000000,113.935724
3.640000,0.000000,0.000000,112.594248
3.644000,0.000000,0.000000,111.259933
3.646000,0.000000,0.000000,108.410591
3.648000,0.000000,0.000000,108.371959
3.648000,0.000000,0.000000,106.924380
3.652000,0.000000,0.000000,103.827017
3.654000,0.000000,0.000000,102.069949
3.654000,0.000000,0.000000,102.069949
3.658000,0.000000,0.000000,98.845917
3.660000,0.000000,0.000000,97.211609
3.662000,0.000000,0.000000,95.875311
3.664000,0.000000,0.000000,93.988637
3.666000,0.000000,0.000000,93.988637
3.666000,0.000000,0.000000,92.468383
3.670000,0.000000,0.000000,89.273229
3.672000,0.000000,0.000000,87.681047
3.674000,0.000000,0.000000,86.411028
3.676000,0.000000,0.000000,86.408007
3.676000,0.000000,0.000000,85.375131
3.680000,0.000000,0.000000,83.687022
3.682000,0.000000,0.000000,82.460491
3.684000,0.000000,0.000000,81.470078
3.686000,0.000000,0.000000,81.482846
3.688000,0.000000,0.000000,79.352536
3.690000,0.000000,0.000000,78.432888
3.692000,0.000000,0.000000,78.432888
3.694000,0.000000,0.000000,77.912487
3.696000,0.000000,0.000000,75.898006
3.698000,0.000000,0.000000,75.225511
3.700000,0.000000,0.000000,75.129198
3.702000,0.000000,0.000000,75.129198
3.704000,0.000000,0.000000,75.225971
3.706000,0.000000,0.000000,75.414837
3.708000,0.000000,0.000000,75.473685
3.710000,0.000000,0.000000,75.473685
3.712000,0.000000,0.000000,75.729396
3.714000,0.000000,0.000000,76.088103
3.714000,0.000000,0.000000,76.352541
3.718000,0.000000,0.000000,76.322535
3.720000,0.000000,0.000000,76.366911
3.722000,0.000000,0.000000,76.267474
3.722000,0.000000,0.000000,76.981199
3.724000,0.000000,0.000000,77.977002
3.728000,0.000000,0.000000,80.787313
3.730000,0.000000,0.000000,86.331028
3.732000,0.000000,0.000000,84.607875
3.732000,0.000000,0.000000,83.804467
3.736000,0.000000,0.000000,79.232603
3.738000,0.000000,0.000000,73.712443
3.740000,0.000000,0.000000,73.211848
3.742000,0.000000,0.000000,73.211848
3.742000,0.000000,0.000000,75.453377
3.746000,0.000000,0.000000,82.491847
3.748000,0.000000,0.000000,82.491847
3.748000,0.000000,0.000000,86.622786
3.752000,0.000000,0.000000,96.473580
3.754000,0.000000,0.000000,101.559413
3.756000,0.000000,0.000000,101.559413
3.756000,0.000000,0.000000,106.608273
3.760000,0.000000,0.000000,116.438630
3.762000,0.000000,0.000000,120.761790
3.762000,0.000000,0.000000,120.685912
3.766000,0.000000,0.000000,128.367997
3.768000,0.000000,0.000000,131.784536
3.770000,0.000000,0.000000,131.784536
3.772000,0.000000,0.000000,134.090125
3.774000,0.000000,0.000000,137.003456
3.776000,0.000000,0.000000,141.599485
3.778000,0.000000,0.000000,143.324919
3.780000,0.000000,0.000000,142.971736
3.782000,0.000000,0.000000,144.333293
3.784000,0.000000,0.000000,146.515617
3.786000,0.000000,0.000000,147.353126
3.788000,0.000000,0.000000,147.420556
3.788000,0.000000,0.000000,148.451099
3.792000,0.000000,0.000000,148.984859
3.794000,0.000000,0.000000,148.984859
3.794000,0.000000,0.000000,148.984859
3.798000,0.000000,0.000000,148.400600
3.800000,0.000000,0.000000,148.618335
3.802000,0.000000,0.000000,148.618335
3.802000,0.000000,0.000000,148.005996
3.806000,0.000000,0.000000,146.442235
3.808000,0.000000,0.000000,146.442235
3.810000,0.000000,0.000000,144.492747
3.812000,0.000000,0.000000,144.363350
3.814000,0.000000,0.000000,143.434020
3.816000,0.000000,0.000000,140.983230
3.818000,0.000000,0.000000,139.380247
3.820000,0.000000,0.000000,138.125508
3.820000,0.000000,0.000000,138.002053
3.824000,0.000000,0.000000,135.298404
3.826000,0.000000,0.000000,134.182894
3.828000,0.000000,0.000000,132.944550
3.830000,0.000000,0.000000,132.615894
3.832000,0.000000,0.000000,130.039880
3.834000,0.000000,0.000000,128.540834
3.836000,0.000000,0.000000,127.307581
3.838000,0.000000,0.000000,127.307581
3.840000,0.000000,0.000000,125.961685
3.842000,0.000000,0.000000,123.344383
3.844000,0.000000,0.000000,123.344383
3.846000,0.000000,0.000000,123.344383
3.846000,0.000000,0.000000,120.925031
3.850000,0.000000,0.000000,118.744636
3.852000,0.000000,0.000000,117.787585
3.854000,0.000000,0.000000,116.860742
3.856000,0.000000,0.000000,116.796530
3.856000,0.000000,0.000000,115.845168
3.860000,0.000000,0.000000,114.068054
3.862000,0.000000,0.000000,113.251168
3.864000,0.000000,0.000000,112.495548
3.866000,0.000000,0.000000,112.484325
3.868000,0.000000,0.000000,111.359921
3.870000,0.000000,0.000000,110.895367
3.872000,0.000000,0.000000,110.431956
3.874000,0.000000,0.000000,110.095824
3.876000,0.000000,0.000000,110.114387
3.878000,0.000000,0.000000,109.581301
3.880000,0.000000,0.000000,109.380203
3.882000,0.000000,0.000000,109.167830
3.884000,0.000000,0.000000,109.002875
3.886000,0.000000,0.000000,109.002875
3.888000,0.000000,0.000000,108.920493
3.890000,0.000000,0.000000,109.049990
3.892000,0.000000,0.000000,109.274782
3.894000,0.000000,0.000000,109.683596
3.896000,0.000000,0.000000,109.683596
3.898000,0.000000,0.000000,110.197384
3.900000,0.000000,0.000000,110.571856
3.902000,0.000000,0.000000,110.816345
3.904000,0.000000,0.000000,111.040848
3.906000,0.000000,0.000000,111.249620
3.908000,0.000000,0.000000,111.310172
3.910000,0.000000,0.000000,112.172315
3.912000,0.000000,0.000000,112.709608
3.914000,0.000000,0.000000,113.165054
3.916000,0.000000,0.000000,113.165054
3.916000,0.000000,0.000000,123.739476
3.920000,0.000000,0.000000,109.358097
3.922000,0.000000,0.000000,102.676074
3.924000,0.000000,0.000000,100.950175
3.926000,0.000000,0.000000,100.950175
3.928000,0.000000,0.000000,99.828880
3.930000,0.000000,0.000000,97.268212
3.932000,0.000000,0.000000,95.451506
3.934000,0.000000,0.000000,92.706373
3.936000,0.000000,0.000000,92.706373
3.938000,0.000000,0.000000,90.168850
3.940000,0.000000,0.000000,87.046127
3.942000,0.000000,0.000000,86.541142
3.944000,0.000000,0.000000,86.541142
3.946000,0.000000,0.000000,87.146966
3.948000,0.000000,0.000000,90.112119
3.950000,0.000000,0.000000,91.565685
3.952000,0.000000,0.000000,93.049716
3.954000,0.000000,0.000000,94.096938
3.956000,0.000000,0.000000,94.321207
3.958000,0.000000,0.000000,96.958648
3.960000,0.000000,0.000000,98.345551
3.962000,0.000000,0.000000,99.746386
3.964000,0.000000,0.000000,101.166929
3.966000,0.000000,0.000000,101.166929
3.968000,0.000000,0.000000,104.113651
3.970000,0.000000,0.000000,105.615583
3.972000,0.000000,0.000000,106.952607
3.974000,0.000000,0.000000,107.986641
3.976000,0.000000,0.000000,108.199507
3.978000,0.000000,0.000000,110.555916
3.980000,0.000000,0.000000,111.672518
3.982000,0.000000,0.000000,111.672518
3.982000,0.000000,0.000000,112.590618
3.986000,0.000000,0.000000,114.321386
3.988000,0.000000,0.000000,115.140009
3.990000,0.000000,0.000000,115.764173
3.992000,0.000000,0.000000,115.764173
3.994000,0.000000,0.000000,116.727315
3.996000,0.000000,0.000000,117.125896
3.998000,0.000000,0.000000,117.312019
4.000000,0.000000,0.000000,117.354991
4.002000,0.000000,0.000000,117.354991
4.004000,0.000000,0.000000,117.026498
4.006000,0.000000,0.000000,116.748169
4.008000,0.000000,0.000000,116.768068
4.010000,0.000000,0.000000,116.291707
4.012000,0.000000,0.000000,115.729609
4.014000,0.000000,0.000000,114.378771
4.016000,0.000000,0.000000,113.560776
4.018000,0.000000,0.000000,112.702529
4.020000,0.000000,0.000000,112.702529
4.022000,0.000000,0.000000,111.761570
4.024000,0.000000,0.000000,109.536342
4.026000,0.000000,0.000000,108.248602
4.028000,0.000000,0.000000,106.836920
4.030000,0.000000,0.000000,106.796183
4.030000,0.000000,0.000000,105.361784
4.034000,0.000000,0.000000,102.295439
4.036000,0.000000,0.000000,102.249081
4.038000,0.000000,0.000000,100.641108
4.040000,0.000000,0.000000,99.016037
4.042000,0.000000,0.000000,95.651096
4.044000,0.000000,0.000000,95.606337
4.046000,0.000000,0.000000,93.881963
4.048000,0.000000,0.000000,90.578839
4.050000,0.000000,0.000000,90.578839
4.052000,0.000000,0.000000,88.838254
4.054000,0.000000,0.000000,85.496116
4.056000,0.000000,0.000000,83.817348
4.058000,0.000000,0.000000,82.337051
4.060000,0.000000,0.000000,82.337051
4.062000,0.000000,0.000000,79.557602
4.064000,0.000000,0.000000,78.075700
4.066000,0.000000,0.000000,76.773296
4.068000,0.000000,0.000000,76.766974
4.070000,0.000000,0.000000,75.374397
4.072000,0.000000,0.000000,74.055244
4.074000,0.000000,0.000000,71.542994
4.076000,0.000000,0.000000,70.438903
4.078000,0.000000,0.000000,69.778066
4.080000,0.000000,0.000000,69.809443
4.080000,0.000000,0.000000,69.271312
4.084000,0.000000,0.000000,68.326139
4.086000,0.000000,0.000000,67.769952
4.088000,0.000000,0.000000,67.423938
4.090000,0.000000,0.000000,67.423938
4.092000,0.000000,0.000000,67.235369
4.094000,0.000000,0.000000,66.494469
4.096000,0.000000,0.000000,65.368153
4.098000,0.000000,0.000000,65.086218
4.100000,0.000000,0.000000,65.446214
4.102000,0.000000,0.000000,65.446214
4.104000,0.000000,0.000000,66.192007
4.106000,0.000000,0.000000,67.837861
4.108000,0.000000,0.000000,68.683405
4.110000,0.000000,0.000000,69.525152
4.112000,0.000000,0.000000,69.525152
4.114000,0.000000,0.000000,70.364646
4.116000,0.000000,0.000000,71.937468
4.118000,0.000000,0.000000,78.802946
4.120000,0.000000,0.000000,77.256028
4.122000,0.000000,0.000000,75.160611
4.124000,0.000000,0.000000,74.468067
4.126000,0.000000,0.000000,67.505497
4.128000,0.000000,0.000000,63.389208
4.130000,0.000000,0.000000,62.841847
4.132000,0.000000,0.000000,62.841847
4.134000,0.000000,0.000000,64.509339
4.136000,0.000000,0.000000,70.872851
4.138000,0.000000,0.000000,74.901011
4.140000,0.000000,0.000000,80.056493
4.142000,0.000000,0.000000,80.056493
4.144000,0.000000,0.000000,85.678724
4.146000,0.000000,0.000000,96.826999
4.148000,0.000000,0.000000,102.371129
4.150000,0.000000,0.000000,107.356012
4.152000,0.000000,0.000000,112.048494
4.154000,0.000000,0.000000,112.048494
4.154000,0.000000,0.000000,116.801195
4.158000,0.000000,0.000000,124.522557
4.160000,0.000000,0.000000,128.294093
4.162000,0.000000,0.000000,131.108717
4.164000,0.000000,0.000000,133.842121
4.166000,0.000000,0.000000,136.269639
4.168000,0.000000,0.000000,136.481832
4.170000,0.000000,0.000000,139.166794
4.172000,0.000000,0.000000,141.045279
4.174000,0.000000,0.000000,142.966229
4.176000,0.000000,0.000000,145.749911
4.178000,0.000000,0.000000,146.836312
4.180000,0.000000,0.000000,146.921796
4.182000,0.000000,0.000000,147.980165
4.184000,0.000000,0.000000,148.420253
4.186000,0.000000,0.000000,148.504157
4.188000,0.000000,0.000000,148.500428
4.190000,0.000000,0.000000,148.111005
4.192000,0.000000,0.000000,147.832136
4.194000,0.000000,0.000000,147.286995
4.196000,0.000000,0.000000,147.286995
4.198000,0.000000,0.000000,146.611354
4.200000,0.000000,0.000000,145.841048
4.202000,0.000000,0.000000,144.271953
4.204000,0.000000,0.000000,143.381693
4.206000,0.000000,0.000000,142.298187
4.208000,0.000000,0.000000,141.267950
4.210000,0.000000,0.000000,141.146543
4.210000,0.000000,0.000000,140.312051
4.214000,0.000000,0.000000,137.557040
4.216000,0.000000,0.000000,136.316547
4.218000,0.000000,0.000000,136.316547
4.220000,0.000000,0.000000,133.636087
4.222000,0.000000,0.000000,132.326779
4.224000,0.000000,0.000000,132.326779
4.226000,0.000000,0.000000,129.687426
4.228000,0.000000,0.000000,128.435940
4.230000,0.000000,0.000000,127.175305
4.230000,0.000000,0.000000,127.175305
4.234000,0.000000,0.000000,124.822636
4.236000,0.000000,0.000000,123.700215
4.238000,0.000000,0.000000,122.569797
4.240000,0.000000,0.000000,121.652482
4.240000,0.000000,0.000000,121.587228
4.244000,0.000000,0.000000,119.897050
4.246000,0.000000,0.000000,119.004417
4.248000,0.000000,0.000000,118.049818
4.248000,0.000000,0.000000,118.049818
4.252000,0.000000,0.000000,116.562025
4.254000,0.000000,0.000000,116.562025
4.254000,0.000000,0.000000,115.962186
4.258000,0.000000,0.000000,114.522285
4.260000,0.000000,0.000000,113.838864
4.262000,0.000000,0.000000,113.838864
4.262000,0.000000,0.000000,113.315189
4.266000,0.000000,0.000000,112.835371
4.266000,0.000000,0.000000,112.352766
4.270000,0.000000,0.000000,111.858550
4.272000,0.000000,0.000000,111.746054
4.274000,0.000000,0.000000,111.666344
4.276000,0.000000,0.000000,111.666344
4.278000,0.000000,0.000000,111.552889
4.280000,0.000000,0.000000,111.484391
4.282000,0.000000,0.000000,111.365265
4.282000,0.000000,0.000000,111.365265
4.286000,0.000000,0.000000,111.469619
4.288000,0.000000,0.000000,111.628695
4.290000,0.000000,0.000000,111.690026
4.290000,0.000000,0.000000,111.788553
4.292000,0.000000,0.000000,112.236459
4.296000,0.000000,0.000000,113.639303
4.298000,0.000000,0.000000,114.242468
4.300000,0.000000,0.000000,114.480666
4.302000,0.000000,0.000000,114.480666
4.304000,0.000000,0.000000,114.556650
4.306000,0.000000,0.000000,114.567198
4.306000,0.000000,0.000000,122.144085
4.310000,0.000000,0.000000,114.433743
4.312000,0.000000,0.000000,102.460169
4.314000,0.000000,0.000000,100.358741
4.316000,0.000000,0.000000,98.993633
4.318000,0.000000,0.000000,96.198093
4.320000,0.000000,0.000000,94.821823
4.322000,0.000000,0.000000,92.487226
4.322000,0.000000,0.000000,91.988868
4.326000,0.000000,0.000000,86.570698
4.328000,0.000000,0.000000,84.500787
4.330000,0.000000,0.000000,83.991640
4.330000,0.000000,0.000000,83.991640
4.334000,0.000000,0.000000,85.234032
4.336000,0.000000,0.000000,86.289278
4.338000,0.000000,0.000000,87.462122
4.340000,0.000000,0.000000,88.710056
4.342000,0.000000,0.000000,89.927128
4.344000,0.000000,0.000000,91.370174
4.346000,0.000000,0.000000,92.885675
4.348000,0.000000,0.000000,94.469716
4.350000,0.000000,0.000000,96.143207
4.352000,0.000000,0.000000,97.835476
4.354000,0.000000,0.000000,99.544340
4.356000,0.000000,0.000000,99.544340
4.356000,0.000000,0.000000,101.260381
4.360000,0.000000,0.000000,104.726291
4.362000,0.000000,0.000000,106.457721
4.364000,0.000000,0.000000,108.087842
4.366000,0.000000,0.000000,108.341966
4.366000,0.000000,0.000000,109.661674
4.370000,0.000000,0.000000,112.746463
4.372000,0.000000,0.000000,112.746463
4.374000,0.000000,0.000000,115.582806
4.376000,0.000000,0.000000,115.582806
4.378000,0.000000,0.000000,117.998938
4.380000,0.000000,0.000000,119.078054
4.382000,0.000000,0.000000,119.944272
4.384000,0.000000,0.000000,120.070476
4.386000,0.000000,0.000000,120.694077
4.388000,0.000000,0.000000,121.892768
4.390000,0.000000,0.000000,122.374333
4.392000,0.000000,0.000000,122.769150
4.394000,0.000000,0.000000,122.833245
4.396000,0.000000,0.000000,123.047009
4.398000,0.000000,0.000000,123.073833
4.400000,0.000000,0.000000,123.004255
4.402000,0.000000,0.000000,122.591357
4.404000,0.000000,0.000000,122.591357
4.406000,0.000000,0.000000,122.091910
4.408000,0.000000,0.000000,120.813384
4.410000,0.000000,0.000000,120.005421
4.412000,0.000000,0.000000,119.079372
4.414000,0.000000,0.000000,118.027783
4.416000,0.000000,0.000000,118.027783
4.416000,0.000000,0.000000,116.942029
4.420000,0.000000,0.000000,114.502440
4.422000,0.000000,0.000000,113.154824
4.424000,0.000000,0.000000,111.721326
4.426000,0.000000,0.000000,111.721326
4.428000,0.000000,0.000000,110.210254
4.430000,0.000000,0.000000,106.887087
4.432000,0.000000,0.000000,105.154361
4.434000,0.000000,0.000000,103.469721
4.436000,0.000000,0.000000,103.415285
4.438000,0.000000,0.000000,101.787056
4.440000,0.000000,0.000000,98.377593
4.442000,0.000000,0.000000,96.694371
4.444000,0.000000,0.000000,94.921684
4.446000,0.000000,0.000000,93.219938
4.448000,0.000000,0.000000,93.219938
4.450000,0.000000,0.000000,90.016959
4.452000,0.000000,0.000000,88.335974
4.454000,0.000000,0.000000,86.586902
4.456000,0.000000,0.000000,86.565683
4.456000,0.000000,0.000000,85.207948
4.460000,0.000000,0.000000,82.594531
4.462000,0.000000,0.000000,81.222613
4.464000,0.000000,0.000000,80.089494
4.466000,0.000000,0.000000,78.773834
4.468000,0.000000,0.000000,78.773834
4.470000,0.000000,0.000000,76.558699
4.472000,0.000000,0.000000,75.447864
4.474000,0.000000,0.000000,74.876737
4.476000,0.000000,0.000000,74.909935
4.476000,0.000000,0.000000,74.541902
4.480000,0.000000,0.000000,74.082993
4.482000,0.000000,0.000000,73.779628
4.484000,0.000000,0.000000,73.682304
4.486000,0.000000,0.000000,73.682304
4.488000,0.000000,0.000000,74.177235
4.490000,0.000000,0.000000,74.194402
4.492000,0.000000,0.000000,73.786109
4.494000,0.000000,0.000000,73.614993
4.496000,0.000000,0.000000,73.667091
4.496000,0.000000,0.000000,73.703102
4.500000,0.000000,0.000000,75.459908
4.502000,0.000000,0.000000,76.409430
4.504000,0.000000,0.000000,76.409430
4.506000,0.000000,0.000000,77.530879
4.508000,0.000000,0.000000,80.002609
4.510000,0.000000,0.000000,83.438156
4.512000,0.000000,0.000000,82.581640
4.514000,0.000000,0.000000,79.392133
4.516000,0.000000,0.000000,79.392133
4.518000,0.000000,0.000000,75.075723
4.520000,0.000000,0.000000,74.053733
4.522000,0.000000,0.000000,73.478623
4.522000,0.000000,0.000000,75.891731
4.524000,0.000000,0.000000,79.268587
4.528000,0.000000,0.000000,87.853847
4.530000,0.000000,0.000000,92.610340
4.532000,0.000000,0.000000,92.581766
4.534000,0.000000,0.000000,97.785683
4.536000,0.000000,0.000000,108.181719
4.538000,0.000000,0.000000,113.271225
4.540000,0.000000,0.000000,113.271225
4.542000,0.000000,0.000000,117.875761
4.544000,0.000000,0.000000,122.497440
4.546000,0.000000,0.000000,130.291185
4.548000,0.000000,0.000000,134.435757
4.550000,0.000000,0.000000,136.880954
4.552000,0.000000,0.000000,139.264881
4.554000,0.000000,0.000000,139.472042
4.556000,0.000000,0.000000,143.699068
4.558000,0.000000,0.000000,145.667587
4.560000,0.000000,0.000000,145.667587
4.562000,0.000000,0.000000,147.121368
4.562000,0.000000,0.000000,148.876835
4.566000,0.000000,0.000000,150.746472
4.568000,0.000000,0.000000,150.871423
4.570000,0.000000,0.000000,151.680126
4.572000,0.000000,0.000000,151.680126
4.572000,0.000000,0.000000,151.768122
4.576000,0.000000,0.000000,151.543915
4.578000,0.000000,0.000000,150.792546
4.580000,0.000000,0.000000,150.792546
4.582000,0.000000,0.000000,150.757569
4.584000,0.000000,0.000000,149.080692
4.586000,0.000000,0.000000,148.329427
4.588000,0.000000,0.000000,147.387723
4.590000,0.000000,0.000000,146.756727
4.592000,0.000000,0.000000,146.756727
4.594000,0.000000,0.000000,145.565685
4.596000,0.000000,0.000000,142.971939
4.598000,0.000000,0.000000,141.329097
4.600000,0.000000,0.000000,140.277134
4.602000,0.000000,0.000000,140.130788
4.602000,0.000000,0.000000,138.992220
4.606000,0.000000,0.000000,136.248581
4.608000,0.000000,0.000000,135.012909
4.610000,0.000000,0.000000,134.647148
4.612000,0.000000,0.000000,132.122777
4.614000,0.000000,0.000000,130.793407
4.614000,0.000000,0.000000,130.793407
4.618000,0.000000,0.000000,128.024983
4.620000,0.000000,0.000000,128.024983
4.622000,0.000000,0.000000,126.568438
4.622000,0.000000,0.000000,125.427250
4.626000,0.000000,0.000000,122.989334
4.628000,0.000000,0.000000,121.896895
4.630000,0.000000,0.000000,120.827528
4.632000,0.000000,0.000000,120.827528
4.634000,0.000000,0.000000,119.837812
4.636000,0.000000,0.000000,117.900989
4.638000,0.000000,0.000000,117.047706
4.640000,0.000000,0.000000,116.246614
4.642000,0.000000,0.000000,115.526007
4.642000,0.000000,0.000000,115.511440
4.646000,0.000000,0.000000,114.366068
4.648000,0.000000,0.000000,114.366068
4.648000,0.000000,0.000000,113.870630
4.652000,0.000000,0.000000,112.944197
4.654000,0.000000,0.000000,112.546912
4.654000,0.000000,0.000000,112.565547
4.658000,0.000000,0.000000,111.994306
4.660000,0.000000,0.000000,111.994306
4.660000,0.000000,0.000000,111.747558
4.664000,0.000000,0.000000,111.435333
4.666000,0.000000,0.000000,111.379470
4.668000,0.000000,0.000000,111.379470
4.670000,0.000000,0.000000,111.430385
4.672000,0.000000,0.000000,111.614098
4.674000,0.000000,0.000000,111.614098
4.676000,0.000000,0.000000,111.739699
4.678000,0.000000,0.000000,112.194370
4.680000,0.000000,0.000000,112.194370
4.682000,0.000000,0.000000,112.582394
4.684000,0.000000,0.000000,112.761865
4.686000,0.000000,0.000000,113.180294
4.688000,0.000000,0.000000,113.467569
4.690000,0.000000,0.000000,114.375034
4.692000,0.000000,0.000000,115.215320
4.694000,0.000000,0.000000,115.215320
4.696000,0.000000,0.000000,115.881655
4.698000,0.000000,0.000000,116.287467
4.700000,0.000000,0.000000,117.545801
4.702000,0.000000,0.000000,105.738680
4.704000,0.000000,0.000000,104.541478
4.706000,0.000000,0.000000,103.124721
4.708000,0.000000,0.000000,103.124721
4.710000,0.000000,0.000000,101.189062
4.712000,0.000000,0.000000,96.766491
4.714000,0.000000,0.000000,94.633756
4.716000,0.000000,0.000000,92.824167
4.718000,0.000000,0.000000,92.824167
4.720000,0.000000,0.000000,91.438093
4.722000,0.000000,0.000000,90.866743
4.724000,0.000000,0.000000,91.118667
4.726000,0.000000,0.000000,91.990678
4.728000,0.000000,0.000000,91.990678
4.728000,0.000000,0.000000,93.846229
4.732000,0.000000,0.000000,97.797216
4.734000,0.000000,0.000000,99.728411
4.734000,0.000000,0.000000,99.728411
4.738000,0.000000,0.000000,103.004596
4.740000,0.000000,0.000000,103.004596
4.740000,0.000000,0.000000,104.615847
4.744000,0.000000,0.000000,108.178694
4.746000,0.000000,0.000000,108.178694
4.748000,0.000000,0.000000,110.027525
4.750000,0.000000,0.000000,111.806404
4.752000,0.000000,0.000000,113.639735
4.754000,0.000000,0.000000,117.118463
4.756000,0.000000,0.000000,118.756243
4.758000,0.000000,0.000000,118.756243
4.758000,0.000000,0.000000,120.166445
4.762000,0.000000,0.000000,122.797609
4.764000,0.000000,0.000000,124.083955
4.764000,0.000000,0.000000,124.083955
4.768000,0.000000,0.000000,126.161571
4.770000,0.000000,0.000000,127.085243
4.772000,0.000000,0.000000,127.085243
4.772000,0.000000,0.000000,127.843331
4.774000,0.000000,0.000000,128.303546
4.778000,0.000000,0.000000,128.929621
4.780000,0.000000,0.000000,128.999718
4.782000,0.000000,0.000000,129.053889
4.784000,0.000000,0.000000,128.945259
4.784000,0.000000,0.000000,128.630797
4.788000,0.000000,0.000000,127.734686
4.790000,0.000000,0.000000,127.044729
4.792000,0.000000,0.000000,126.417365
4.794000,0.000000,0.000000,125.500386
4.794000,0.000000,0.000000,125.458587
4.796000,0.000000,0.000000,124.439816
4.800000,0.000000,0.000000,121.775020
4.802000,0.000000,0.000000,121.775020
4.804000,0.000000,0.000000,120.269257
4.806000,0.000000,0.000000,116.737661
4.808000,0.000000,0.000000,114.804528
4.810000,0.000000,0.000000,112.967142
4.812000,0.000000,0.000000,112.917076
4.812000,0.000000,0.000000,110.870014
4.814000,0.000000,0.000000,108.717694
4.818000,0.000000,0.000000,104.635538
4.820000,0.000000,0.000000,102.479337
4.822000,0.000000,0.000000,100.406985
4.824000,0.000000,0.000000,100.357936
4.824000,0.000000,0.000000,97.980509
4.828000,0.000000,0.000000,93.620301
4.830000,0.000000,0.000000,91.053169
4.832000,0.000000,0.000000,91.053169
4.834000,0.000000,0.000000,88.978342
4.834000,0.000000,0.000000,86.982770
4.838000,0.000000,0.000000,83.176150
4.840000,0.000000,0.000000,83.176150
4.840000,0.000000,0.000000,80.675864
4.844000,0.000000,0.000000,76.868097
4.846000,0.000000,0.000000,76.868097
4.848000,0.000000,0.000000,74.960404
4.850000,0.000000,0.000000,71.815936
4.852000,0.000000,0.000000,70.387181
4.854000,0.000000,0.000000,70.387181
4.856000,0.000000,0.000000,68.560106
4.858000,0.000000,0.000000,67.480825
4.860000,0.000000,0.000000,67.480825
4.860000,0.000000,0.000000,66.787134
4.864000,0.000000,0.000000,65.656455
4.866000,0.000000,0.000000,65.656455
4.866000,0.000000,0.000000,64.635327
4.870000,0.000000,0.000000,63.124943
4.872000,0.000000,0.000000,63.124943
4.874000,0.000000,0.000000,63.239146
4.876000,0.000000,0.000000,63.239146
4.878000,0.000000,0.000000,63.584376
4.880000,0.000000,0.000000,64.328950
4.882000,0.000000,0.000000,65.757350
4.884000,0.000000,0.000000,65.757350
4.886000,0.000000,0.000000,66.601096
4.888000,0.000000,0.000000,68.401804
4.890000,0.000000,0.000000,69.315451
4.892000,0.000000,0.000000,69.315451
4.894000,0.000000,0.000000,71.008625
4.896000,0.000000,0.000000,71.923011
4.898000,0.000000,0.000000,71.923011
4.898000,0.000000,0.000000,73.285373
4.902000,0.000000,0.000000,77.705072
4.904000,0.000000,0.000000,77.705072
4.906000,0.000000,0.000000,79.770269
4.908000,0.000000,0.000000,75.562444
4.910000,0.000000,0.000000,74.212579
4.912000,0.000000,0.000000,74.212579
4.912000,0.000000,0.000000,75.949976
4.916000,0.000000,0.000000,82.704295
4.918000,0.000000,0.000000,87.056075
4.920000,0.000000,0.000000,87.056075
4.920000,0.000000,0.000000,92.528192
4.924000,0.000000,0.000000,104.246985
4.926000,0.000000,0.000000,104.246985
4.928000,0.000000,0.000000,109.764604
4.930000,0.000000,0.000000,115.072905
4.932000,0.000000,0.000000,125.411136
4.934000,0.000000,0.000000,130.050154
4.936000,0.000000,0.000000,130.050154
4.936000,0.000000,0.000000,133.922044
4.940000,0.000000,0.000000,141.452649
4.942000,0.000000,0.000000,144.584678
4.944000,0.000000,0.000000,146.973206
4.944000,0.000000,0.000000,146.973206
4.948000,0.000000,0.000000,150.161833
4.950000,0.000000,0.000000,151.895829
4.952000,0.000000,0.000000,151.895829
4.952000,0.000000,0.000000,153.068746
4.956000,0.000000,0.000000,155.476803
4.958000,0.000000,0.000000,156.133455
4.960000,0.000000,0.000000,156.133455
4.962000,0.000000,0.000000,156.307640
4.962000,0.000000,0.000000,156.258526
4.966000,0.000000,0.000000,155.980746
4.968000,0.000000,0.000000,155.529912
4.970000,0.000000,0.000000,155.529912
4.970000,0.000000,0.000000,154.721690
4.974000,0.000000,0.000000,152.832968
4.976000,0.000000,0.000000,151.795401
4.978000,0.000000,0.000000,151.795401
4.978000,0.000000,0.000000,150.585447
4.982000,0.000000,0.000000,148.003875
4.984000,0.000000,0.000000,146.656712
4.986000,0.000000,0.000000,146.656712
4.988000,0.000000,0.000000,145.185405
4.990000,0.000000,0.000000,142.146513
4.992000,0.000000,0.000000,141.980453
4.994000,0.000000,0.000000,140.560190
4.994000,0.000000,0.000000,138.902701
4.998000,0.000000,0.000000,135.612997
5.000000,0.000000,0.000000,135.612997
5.002000,0.000000,0.000000,133.796875
5.004000,0.000000,0.000000,130.643461
5.006000,0.000000,0.000000,129.141810
5.008000,0.000000,0.000000,127.795105
5.010000,0.000000,0.000000,127.795105
5.012000,0.000000,0.000000,124.845643
5.014000,0.000000,0.000000,123.429208
5.016000,0.000000,0.000000,122.090268
5.018000,0.000000,0.000000,122.008700
5.018000,0.000000,0.000000,120.800306
5.022000,0.000000,0.000000,118.332978
5.024000,0.000000,0.000000,117.247979
5.026000,0.000000,0.000000,117.247979
5.028000,0.000000,0.000000,116.247559
5.030000,0.000000,0.000000,114.423849
5.032000,0.000000,0.000000,113.623429
5.034000,0.000000,0.000000,113.623429
5.036000,0.000000,0.000000,112.149930
5.038000,0.000000,0.000000,111.527548
5.040000,0.000000,0.000000,111.527548
5.042000,0.000000,0.000000,111.018028
5.042000,0.000000,0.000000,110.558861
5.046000,0.000000,0.000000,110.308747
5.048000,0.000000,0.000000,110.038876
5.050000,0.000000,0.000000,109.920072
5.050000,0.000000,0.000000,109.711133
5.054000,0.000000,0.000000,109.428158
5.056000,0.000000,0.000000,109.428158
5.058000,0.000000,0.000000,109.316261
5.060000,0.000000,0.000000,109.146339
5.060000,0.000000,0.000000,109.088905
5.064000,0.000000,0.000000,109.184826
5.066000,0.000000,0.000000,109.184826
5.068000,0.000000,0.000000,109.337494
5.070000,0.000000,0.000000,109.620666
5.072000,0.000000,0.000000,110.052507
5.074000,0.000000,0.000000,111.039899
5.076000,0.000000,0.000000,111.039899
5.078000,0.000000,0.000000,111.768864
5.080000,0.000000,0.000000,111.768864
5.082000,0.000000,0.000000,112.124658
5.084000,0.000000,0.000000,112.356433
5.086000,0.000000,0.000000,113.121065
5.088000,0.000000,0.000000,113.579179
5.090000,0.000000,0.000000,113.579179
5.092000,0.000000,0.000000,115.137631
5.092000,0.000000,0.000000,108.132497
5.096000,0.000000,0.000000,100.747869
5.098000,0.000000,0.000000,100.674289
5.100000,0.000000,0.000000,99.662707
5.102000,0.000000,0.000000,97.894257
5.104000,0.000000,0.000000,94.578404
5.106000,0.000000,0.000000,92.935684
5.108000,0.000000,0.000000,92.483614
5.108000,0.000000,0.000000,90.214049
5.110000,0.000000,0.000000,88.546024
5.114000,0.000000,0.000000,86.743077
5.116000,0.000000,0.000000,86.794303
5.118000,0.000000,0.000000,87.266069
5.120000,0.000000,0.000000,90.745981
5.122000,0.000000,0.000000,93.183022
5.124000,0.000000,0.000000,93.183022
5.124000,0.000000,0.000000,95.472698
5.128000,0.000000,0.000000,99.208749
5.130000,0.000000,0.000000,99.208749
5.132000,0.000000,0.000000,101.028402
5.134000,0.000000,0.000000,104.444196
5.136000,0.000000,0.000000,104.444196
5.136000,0.000000,0.000000,106.200014
5.140000,0.000000,0.000000,109.565905
5.142000,0.000000,0.000000,111.523148
5.144000,0.000000,0.000000,111.772185
5.146000,0.000000,0.000000,115.485555
5.148000,0.000000,0.000000,117.207511
5.150000,0.000000,0.000000,117.207511
5.152000,0.000000,0.000000,119.838667
5.154000,0.000000,0.000000,121.085813
5.156000,0.000000,0.000000,121.085813
5.156000,0.000000,0.000000,122.179706
5.160000,0.000000,0.000000,124.209030
5.162000,0.000000,0.000000,124.209030
5.164000,0.000000,0.000000,125.156763
5.166000,0.000000,0.000000,126.429503
5.168000,0.000000,0.000000,126.429503
5.168000,0.000000,0.000000,127.015190
5.172000,0.000000,0.000000,127.472468
5.174000,0.000000,0.000000,127.418893
5.174000,0.000000,0.000000,127.418893
5.178000,0.000000,0.000000,126.495325
5.180000,0.000000,0.000000,126.495325
5.180000,0.000000,0.000000,125.887253
5.184000,0.000000,0.000000,124.123870
5.186000,0.000000,0.000000,123.094260
5.186000,0.000000,0.000000,123.067374
5.190000,0.000000,0.000000,120.479679
5.192000,0.000000,0.000000,120.479679
5.192000,0.000000,0.000000,119.094971
5.196000,0.000000,0.000000,115.843715
5.198000,0.000000,0.000000,114.075442
5.200000,0.000000,0.000000,114.075442
5.202000,0.000000,0.000000,110.220558
5.204000,0.000000,0.000000,108.079601
5.206000,0.000000,0.000000,105.936502
5.208000,0.000000,0.000000,105.936502
5.210000,0.000000,0.000000,101.406709
5.212000,0.000000,0.000000,99.253528
5.214000,0.000000,0.000000,96.827952
5.216000,0.000000,0.000000,96.827952
5.216000,0.000000,0.000000,94.554290
5.220000,0.000000,0.000000,89.892682
5.222000,0.000000,0.000000,89.836520
5.224000,0.000000,0.000000,87.535641
5.224000,0.000000,0.000000,85.432712
5.228000,0.000000,0.000000,83.385391
5.230000,0.000000,0.000000,81.261927
5.232000,0.000000,0.000000,77.149068
5.234000,0.000000,0.000000,77.149068
5.234000,0.000000,0.000000,75.621316
5.238000,0.000000,0.000000,73.997170
5.238000,0.000000,0.000000,71.830598
5.242000,0.000000,0.000000,68.794893
5.244000,0.000000,0.000000,68.794893
5.244000,0.000000,0.000000,66.538431
5.248000,0.000000,0.000000,64.310117
5.250000,0.000000,0.000000,63.208607
5.252000,0.000000,0.000000,63.208607
5.254000,0.000000,0.000000,61.894938
5.254000,0.000000,0.000000,61.387114
5.258000,0.000000,0.000000,61.012475
5.260000,0.000000,0.000000,60.622566
5.262000,0.000000,0.000000,60.677663
5.264000,0.000000,0.000000,60.093961
5.264000,0.000000,0.000000,59.998611
5.268000,0.000000,0.000000,58.762533
5.270000,0.000000,0.000000,58.461657
5.272000,0.000000,0.000000,59.610432
5.274000,0.000000,0.000000,59.681972
5.276000,0.000000,0.000000,59.931439
5.276000,0.000000,0.000000,60.965734
5.280000,0.000000,0.000000,63.681869
5.282000,0.000000,0.000000,65.155226
5.284000,0.000000,0.000000,65.155226
5.286000,0.000000,0.000000,66.479885
5.286000,0.000000,0.000000,67.598289
5.290000,0.000000,0.000000,69.674284
5.292000,0.000000,0.000000,75.849951
5.294000,0.000000,0.000000,74.516507
5.296000,0.000000,0.000000,73.795059
5.296000,0.000000,0.000000,71.148113
5.300000,0.000000,0.000000,66.924600
5.302000,0.000000,0.000000,66.590699
5.302000,0.000000,0.000000,66.590699
5.304000,0.000000,0.000000,66.590699
5.304000,0.000000,0.000000,72.685406
5.310000,0.000000,0.000000,77.410465
5.312000,0.000000,0.000000,82.059776
5.314000,0.000000,0.000000,88.068062
5.316000,0.000000,0.000000,94.386526
5.316000,0.000000,0.000000,101.122838
5.320000,0.000000,0.000000,114.271150
5.322000,0.000000,0.000000,120.328431
5.324000,0.000000,0.000000,124.953479
5.326000,0.000000,0.000000,124.828749
5.328000,0.000000,0.000000,129.190631
5.330000,0.000000,0.000000,137.553813
5.332000,0.000000,0.000000,140.987368
5.334000,0.000000,0.000000,143.575666
5.336000,0.000000,0.000000,145.579777
5.338000,0.000000,0.000000,145.158826
5.338000,0.000000,0.000000,147.654022
5.342000,0.000000,0.000000,150.137663
5.344000,0.000000,0.000000,151.430031
5.346000,0.000000,0.000000,152.203135
5.348000,0.000000,0.000000,152.264285
5.348000,0.000000,0.000000,152.863292
5.352000,0.000000,0.000000,154.188647
5.354000,0.000000,0.000000,153.780246
5.354000,0.000000,0.000000,153.780246
5.356000,0.000000,0.000000,154.187716
5.360000,0.000000,0.000000,152.980325
5.360000,0.000000,0.000000,152.572062
5.362000,0.000000,0.000000,152.481916
5.366000,0.000000,0.000000,151.271311
5.368000,0.000000,0.000000,149.822575
5.370000,0.000000,0.000000,148.665085
5.370000,0.000000,0.000000,148.665085
5.374000,0.000000,0.000000,146.702404
5.376000,0.000000,0.000000,145.482835
5.378000,0.000000,0.000000,143.725443
5.380000,0.000000,0.000000,143.725443
5.382000,0.000000,0.000000,142.700311
5.384000,0.000000,0.000000,139.648508
5.386000,0.000000,0.000000,138.270850
5.388000,0.000000,0.000000,136.887746
5.390000,0.000000,0.000000,135.527980
5.392000,0.000000,0.000000,135.527980
5.394000,0.000000,0.000000,134.436281
5.396000,0.000000,0.000000,131.492249
5.398000,0.000000,0.000000,130.171546
5.400000,0.000000,0.000000,128.883353
5.402000,0.000000,0.000000,127.637165
5.404000,0.000000,0.000000,126.317792
5.404000,0.000000,0.000000,126.229584
5.408000,0.000000,0.000000,123.924432
5.410000,0.000000,0.000000,122.917979
5.412000,0.000000,0.000000,122.848059
5.414000,0.000000,0.000000,120.795809
5.414000,0.000000,0.000000,120.649025
5.418000,0.000000,0.000000,118.843180
5.420000,0.000000,0.000000,118.054004
5.422000,0.000000,0.000000,117.307632
5.424000,0.000000,0.000000,117.307632
5.424000,0.000000,0.000000,116.598091
5.428000,0.000000,0.000000,115.367847
5.430000,0.000000,0.000000,114.921974
5.432000,0.000000,0.000000,114.464450
5.434000,0.000000,0.000000,114.047374
5.436000,0.000000,0.000000,114.047374
5.436000,0.000000,0.000000,113.810662
5.440000,0.000000,0.000000,113.381961
5.442000,0.000000,0.000000,113.346686
5.444000,0.000000,0.000000,113.291145
5.446000,0.000000,0.000000,113.252679
5.448000,0.000000,0.000000,113.243956
5.450000,0.000000,0.000000,113.243956
5.452000,0.000000,0.000000,113.374167
5.454000,0.000000,0.000000,113.615129
5.456000,0.000000,0.000000,113.828018
5.458000,0.000000,0.000000,113.828018
5.458000,0.000000,0.000000,114.073940
5.462000,0.000000,0.000000,114.695767
5.464000,0.000000,0.000000,115.143140
5.466000,0.000000,0.000000,115.425400
5.468000,0.000000,0.000000,115.491014
5.468000,0.000000,0.000000,116.052867
5.472000,0.000000,0.000000,117.466453
5.474000,0.000000,0.000000,118.062408
5.476000,0.000000,0.000000,118.316833
5.476000,0.000000,0.000000,118.381089
5.478000,0.000000,0.000000,118.675911
5.482000,0.000000,0.000000,114.029677
5.484000,0.000000,0.000000,113.370939
5.486000,0.000000,0.000000,109.170186
5.486000,0.000000,0.000000,107.527346
5.490000,0.000000,0.000000,104.074757
5.492000,0.000000,0.000000,102.986492
5.494000,0.000000,0.000000,100.635050
5.496000,0.000000,0.000000,97.968007
5.498000,0.000000,0.000000,97.968007
5.500000,0.000000,0.000000,94.143211
5.502000,0.000000,0.000000,92.904134
5.504000,0.000000,0.000000,92.968211
5.506000,0.000000,0.000000,93.710308
5.508000,0.000000,0.000000,93.724570
5.510000,0.000000,0.000000,96.152684
5.512000,0.000000,0.000000,97.556895
5.514000,0.000000,0.000000,99.165968
5.516000,0.000000,0.000000,99.165968
5.518000,0.000000,0.000000,100.776903
5.520000,0.000000,0.000000,104.483821
5.522000,0.000000,0.000000,106.177184
5.522000,0.000000,0.000000,106.447348
5.526000,0.000000,0.000000,108.408624
5.528000,0.000000,0.000000,112.534388
5.530000,0.000000,0.000000,114.600762
5.532000,0.000000,0.000000,114.600762
5.532000,0.000000,0.000000,116.498915
5.536000,0.000000,0.000000,120.271107
5.538000,0.000000,0.000000,121.888562
5.540000,0.000000,0.000000,123.532259
5.542000,0.000000,0.000000,123.752382
5.544000,0.000000,0.000000,125.510448
5.546000,0.000000,0.000000,128.807786
5.548000,0.000000,0.000000,130.049843
5.550000,0.000000,0.000000,131.208996
5.552000,0.000000,0.000000,131.208996
5.552000,0.000000,0.000000,132.051273
5.556000,0.000000,0.000000,133.529414
5.558000,0.000000,0.000000,134.130430
5.560000,0.000000,0.000000,134.206582
5.562000,0.000000,0.000000,134.429066
5.562000,0.000000,0.000000,134.454579
5.566000,0.000000,0.000000,134.441887
5.568000,0.000000,0.000000,134.279112
5.570000,0.000000,0.000000,133.967330
5.572000,0.000000,0.000000,133.967330
5.572000,0.000000,0.000000,133.360632
5.576000,0.000000,0.000000,131.731568
5.576000,0.000000,0.000000,131.731568
5.580000,0.000000,0.000000,129.314397
5.580000,0.000000,0.000000,129.214680
5.584000,0.000000,0.000000,126.123944
5.586000,0.000000,0.000000,124.300012
5.588000,0.000000,0.000000,122.421997
5.590000,0.000000,0.000000,122.421997
5.590000,0.000000,0.000000,120.513130
5.590000,0.000000,0.000000,120.513130
5.590000,0.000000,0.000000,120.513130
5.590000,0.000000,0.000000,114.332005
5.592000,0.000000,0.000000,114.332005
5.592000,0.000000,0.000000,114.332005
5.604000,0.000000,0.000000,104.940046
5.606000,0.000000,0.000000,102.118609
5.608000,0.000000,0.000000,99.609488
5.608000,0.000000,0.000000,99.609488
5.610000,0.000000,0.000000,97.406506
5.614000,0.000000,0.000000,92.291899
5.616000,0.000000,0.000000,89.616511
5.618000,0.000000,0.000000,87.138747
5.620000,0.000000,0.000000,84.397842
5.622000,0.000000,0.000000,84.397842
5.624000,0.000000,0.000000,80.116315
5.626000,0.000000,0.000000,77.860193
5.626000,0.000000,0.000000,77.860193
5.630000,0.000000,0.000000,74.061215
5.632000,0.000000,0.000000,74.061215
5.632000,0.000000,0.000000,72.124196
5.636000,0.000000,0.000000,68.767016
5.638000,0.000000,0.000000,67.224067
5.640000,0.000000,0.000000,65.733196
5.642000,0.000000,0.000000,65.733196
5.644000,0.000000,0.000000,63.749338
5.646000,0.000000,0.000000,62.811097
5.648000,0.000000,0.000000,62.408506
5.650000,0.000000,0.000000,62.043560
5.652000,0.000000,0.000000,62.043560
5.654000,0.000000,0.000000,62.002966
5.656000,0.000000,0.000000,61.958710
5.658000,0.000000,0.000000,62.322324
5.660000,0.000000,0.000000,62.766989
5.662000,0.000000,0.000000,62.766989
5.664000,0.000000,0.000000,63.852358
5.666000,0.000000,0.000000,64.438819
5.668000,0.000000,0.000000,65.051963
5.670000,0.000000,0.000000,65.814790
5.672000,0.000000,0.000000,66.796075
5.674000,0.000000,0.000000,67.826178
5.676000,0.000000,0.000000,69.334050
5.678000,0.000000,0.000000,70.990522
5.680000,0.000000,0.000000,72.546914
5.682000,0.000000,0.000000,79.076876
5.684000,0.000000,0.000000,78.879722
5.686000,0.000000,0.000000,77.647415
5.688000,0.000000,0.000000,75.508498
5.688000,0.000000,0.000000,75.508498
5.692000,0.000000,0.000000,71.055992
5.694000,0.000000,0.000000,69.591828
5.696000,0.000000,0.000000,71.438729
5.698000,0.000000,0.000000,74.544293
5.700000,0.000000,0.000000,78.665046
5.702000,0.000000,0.000000,82.932809
5.704000,0.000000,0.000000,87.868071
5.706000,0.000000,0.000000,93.184897
5.708000,0.000000,0.000000,98.464822
5.708000,0.000000,0.000000,98.464822
5.712000,0.000000,0.000000,108.674019
5.714000,0.000000,0.000000,113.347552
5.716000,0.000000,0.000000,118.077777
5.718000,0.000000,0.000000,121.696967
5.718000,0.000000,0.000000,121.696967
5.722000,0.000000,0.000000,128.739385
5.724000,0.000000,0.000000,132.120330
5.726000,0.000000,0.000000,134.876148
5.728000,0.000000,0.000000,137.277552
5.728000,0.000000,0.000000,137.277552
5.732000,0.000000,0.000000,141.239274
5.734000,0.000000,0.000000,143.087750
5.736000,0.000000,0.000000,144.411421
5.738000,0.000000,0.000000,144.411421
5.740000,0.000000,0.000000,146.001231
5.742000,0.000000,0.000000,147.604136
5.744000,0.000000,0.000000,147.604136
5.746000,0.000000,0.000000,148.490493
5.748000,0.000000,0.000000,148.490493
5.750000,0.000000,0.000000,148.319905
5.752000,0.000000,0.000000,148.060753
5.754000,0.000000,0.000000,147.542713
5.756000,0.000000,0.000000,147.542713
5.758000,0.000000,0.000000,146.228038
5.762000,0.000000,0.000000,146.228038
5.762000,0.000000,0.000000,145.453524
5.764000,0.000000,0.000000,144.459674
5.766000,0.000000,0.000000,142.079953
5.768000,0.000000,0.000000,141.029084
5.770000,0.000000,0.000000,140.919046
5.772000,0.000000,0.000000,138.741228
5.774000,0.000000,0.000000,137.440765
5.776000,0.000000,0.000000,136.016003
5.778000,0.000000,0.000000,134.630747
5.780000,0.000000,0.000000,133.214703
5.782000,0.000000,0.000000,131.807282
5.784000,0.000000,0.000000,130.478828
5.786000,0.000000,0.000000,129.185372
5.788000,0.000000,0.000000,128.031571
5.788000,0.000000,0.000000,127.750989
5.792000,0.000000,0.000000,125.357892
5.794000,0.000000,0.000000,124.131010
5.796000,0.000000,0.000000,122.875612
5.798000,0.000000,0.000000,121.696388
5.800000,0.000000,0.000000,121.696388
5.802000,0.000000,0.000000,119.660922
5.804000,0.000000,0.000000,118.665647
5.806000,0.000000,0.000000,117.779920
5.808000,0.000000,0.000000,116.852944
5.810000,0.000000,0.000000,116.852944
5.812000,0.000000,0.000000,116.852944
5.814000,0.000000,0.000000,114.465607
5.816000,0.000000,0.000000,113.882407
5.818000,0.000000,0.000000,113.450497
5.818000,0.000000,0.000000,113.450497
5.822000,0.000000,0.000000,112.530159
5.824000,0.000000,0.000000,112.131990
5.826000,0.000000,0.000000,111.733343
5.828000,0.000000,0.000000,111.478272
5.830000,0.000000,0.000000,111.478272
5.832000,0.000000,0.000000,111.093205
5.834000,0.000000,0.000000,111.090877
5.836000,0.000000,0.000000,111.082207
5.838000,0.000000,0.000000,110.958577
5.840000,0.000000,0.000000,111.080181
5.842000,0.000000,0.000000,111.127866
5.844000,0.000000,0.000000,111.805851
5.846000,0.000000,0.000000,112.062942
5.848000,0.000000,0.000000,112.229433
5.850000,0.000000,0.000000,112.392836
5.850000,0.000000,0.000000,112.392836
5.852000,0.000000,0.000000,112.562542
5.856000,0.000000,0.000000,113.214740
5.858000,0.000000,0.000000,113.606045
5.860000,0.000000,0.000000,113.820953
5.862000,0.000000,0.000000,113.881011
5.864000,0.000000,0.000000,114.028128
5.866000,0.000000,0.000000,115.324139
5.868000,0.000000,0.000000,116.081424
5.870000,0.000000,0.000000,123.518402
5.872000,0.000000,0.000000,120.782507
5.872000,0.000000,0.000000,115.366534
5.876000,0.000000,0.000000,109.874023
5.878000,0.000000,0.000000,108.043775
5.878000,0.000000,0.000000,108.043775
5.882000,0.000000,0.000000,103.465518
5.882000,0.000000,0.000000,100.170391
5.886000,0.000000,0.000000,93.370467
5.888000,0.000000,0.000000,90.959824
5.890000,0.000000,0.000000,89.799001
5.892000,0.000000,0.000000,89.799001
5.894000,0.000000,0.000000,89.275311
5.896000,0.000000,0.000000,89.563586
5.898000,0.000000,0.000000,90.137000
5.900000,0.000000,0.000000,91.035990
5.902000,0.000000,0.000000,91.328256
5.904000,0.000000,0.000000,92.507828
5.906000,0.000000,0.000000,94.012013
5.908000,0.000000,0.000000,97.220458
5.910000,0.000000,0.000000,97.220458
5.912000,0.000000,0.000000,98.899078
5.914000,0.000000,0.000000,100.609196
5.916000,0.000000,0.000000,102.281477
5.918000,0.000000,0.000000,106.008543
5.920000,0.000000,0.000000,107.874712
5.922000,0.000000,0.000000,109.688442
5.922000,0.000000,0.000000,109.688442
5.924000,0.000000,0.000000,111.428940
5.928000,0.000000,0.000000,114.829196
5.930000,0.000000,0.000000,116.498198
5.932000,0.000000,0.000000,118.017474
5.934000,0.000000,0.000000,118.017474
5.936000,0.000000,0.000000,119.439001
5.936000,0.000000,0.000000,120.740964
5.940000,0.000000,0.000000,123.203065
5.942000,0.000000,0.000000,124.282926
5.944000,0.000000,0.000000,125.169050
5.946000,0.000000,0.000000,125.169050
5.946000,0.000000,0.000000,125.912664
5.950000,0.000000,0.000000,126.856555
5.952000,0.000000,0.000000,127.121720
5.954000,0.000000,0.000000,127.121720
5.956000,0.000000,0.000000,127.212335
5.956000,0.000000,0.000000,127.167274
5.960000,0.000000,0.000000,126.681104
5.962000,0.000000,0.000000,126.230783
5.964000,0.000000,0.000000,126.230783
5.966000,0.000000,0.000000,125.519797
5.966000,0.000000,0.000000,124.806094
5.970000,0.000000,0.000000,122.979166
5.972000,0.000000,0.000000,121.810975
5.974000,0.000000,0.000000,120.399014
5.976000,0.000000,0.000000,120.339541
5.978000,0.000000,0.000000,118.746863
5.978000,0.000000,0.000000,117.071431
5.982000,0.000000,0.000000,113.382378
5.984000,0.000000,0.000000,111.425280
5.984000,0.000000,0.000000,111.425280
5.988000,0.000000,0.000000,107.417925
5.990000,0.000000,0.000000,105.291402
5.992000,0.000000,0.000000,103.118808
5.994000,0.000000,0.000000,100.916344
5.996000,0.000000,0.000000,100.916344
5.998000,0.000000,0.000000,96.733164
6.000000,0.000000,0.000000,94.348016
6.002000,0.000000,0.000000,92.094286
6.004000,0.000000,0.000000,91.761265
6.006000,0.000000,0.000000,89.624898
6.008000,0.000000,0.000000,85.531046
6.010000,0.000000,0.000000,83.476487
6.012000,0.000000,0.000000,81.945247
6.014000,0.000000,0.000000,79.354360
6.016000,0.000000,0.000000,79.354360
6.016000,0.000000,0.000000,77.295896
6.020000,0.000000,0.000000,73.534830
6.022000,0.000000,0.000000,71.799190
6.024000,0.000000,0.000000,70.573792
6.026000,0.000000,0.000000,71.040810
6.026000,0.000000,0.000000,69.557564
6.030000,0.000000,0.000000,67.246960
6.032000,0.000000,0.000000,66.703453
6.034000,0.000000,0.000000,66.060122
6.036000,0.000000,0.000000,65.553107
6.038000,0.000000,0.000000,65.596302
6.038000,0.000000,0.000000,64.682727
6.042000,0.000000,0.000000,63.573084
6.044000,0.000000,0.000000,62.733908
6.046000,0.000000,0.000000,62.467084
6.048000,0.000000,0.000000,62.563762
6.050000,0.000000,0.000000,62.627588
6.052000,0.000000,0.000000,63.492297
6.054000,0.000000,0.000000,64.029640
6.056000,0.000000,0.000000,64.880410
6.058000,0.000000,0.000000,65.755372
6.060000,0.000000,0.000000,65.828021
6.062000,0.000000,0.000000,67.669292
6.064000,0.000000,0.000000,67.979105
6.066000,0.000000,0.000000,68.535909
6.068000,0.000000,0.000000,69.515443
6.070000,0.000000,0.000000,70.878704
6.072000,0.000000,0.000000,75.002099
6.072000,0.000000,0.000000,74.437202
6.076000,0.000000,0.000000,73.761037
6.078000,0.000000,0.000000,71.383859
6.080000,0.000000,0.000000,69.343473
6.082000,0.000000,0.000000,69.343473
6.082000,0.000000,0.000000,68.922733
6.086000,0.000000,0.000000,72.591143
6.088000,0.000000,0.000000,75.056062
6.090000,0.000000,0.000000,79.419330
6.092000,0.000000,0.000000,84.679904
6.094000,0.000000,0.000000,84.679904
6.096000,0.000000,0.000000,90.288721
6.098000,0.000000,0.000000,101.698950
6.100000,0.000000,0.000000,107.329469
6.102000,0.000000,0.000000,112.599098
6.104000,0.000000,0.000000,112.985186
6.106000,0.000000,0.000000,117.546434
6.108000,0.000000,0.000000,126.732885
6.110000,0.000000,0.000000,130.988100
6.112000,0.000000,0.000000,134.392360
6.114000,0.000000,0.000000,137.384667
6.116000,0.000000,0.000000,140.019834
6.118000,0.000000,0.000000,140.019834
6.120000,0.000000,0.000000,142.324316
6.122000,0.000000,0.000000,146.300627
6.124000,0.000000,0.000000,147.986638
6.126000,0.000000,0.000000,149.092299
6.128000,0.000000,0.000000,149.092299
6.130000,0.000000,0.000000,150.511074
6.132000,0.000000,0.000000,151.098074
6.134000,0.000000,0.000000,151.265877
6.136000,0.000000,0.000000,150.679339
6.138000,0.000000,0.000000,150.497269
6.138000,0.000000,0.000000,150.486849
6.142000,0.000000,0.000000,150.117108
6.144000,0.000000,0.000000,149.582678
6.146000,0.000000,0.000000,148.755950
6.148000,0.000000,0.000000,148.755950
6.150000,0.000000,0.000000,146.771463
6.152000,0.000000,0.000000,145.334440
6.154000,0.000000,0.000000,144.185038
6.154000,0.000000,0.000000,144.185038
6.158000,0.000000,0.000000,143.006086
6.160000,0.000000,0.000000,140.630503
6.162000,0.000000,0.000000,139.374256
6.164000,0.000000,0.000000,139.374256
6.166000,0.000000,0.000000,136.412684
6.168000,0.000000,0.000000,136.412684
6.168000,0.000000,0.000000,135.169584
6.172000,0.000000,0.000000,132.189019
6.174000,0.000000,0.000000,130.649733
6.176000,0.000000,0.000000,130.649733
6.178000,0.000000,0.000000,127.889633
6.180000,0.000000,0.000000,126.325606
6.182000,0.000000,0.000000,124.929529
6.184000,0.000000,0.000000,123.590422
6.186000,0.000000,0.000000,122.468980
6.188000,0.000000,0.000000,122.468980
6.190000,0.000000,0.000000,120.090650
6.192000,0.000000,0.000000,118.945477
6.194000,0.000000,0.000000,117.842550
6.196000,0.000000,0.000000,116.873485
6.196000,0.000000,0.000000,116.873485
6.200000,0.000000,0.000000,115.171804
6.202000,0.000000,0.000000,114.321607
6.204000,0.000000,0.000000,113.488777
6.206000,0.000000,0.000000,112.713898
6.208000,0.000000,0.000000,112.713898
6.210000,0.000000,0.000000,111.445743
6.212000,0.000000,0.000000,110.952024
6.214000,0.000000,0.000000,110.530714
6.216000,0.000000,0.000000,110.261240
6.218000,0.000000,0.000000,110.261240
6.220000,0.000000,0.000000,109.897705
6.222000,0.000000,0.000000,109.891365
6.224000,0.000000,0.000000,109.796993
6.226000,0.000000,0.000000,109.723556
6.228000,0.000000,0.000000,109.723556
6.230000,0.000000,0.000000,109.721674
6.232000,0.000000,0.000000,109.877510
6.234000,0.000000,0.000000,110.002737
6.236000,0.000000,0.000000,110.117573
6.238000,0.000000,0.000000,110.117573
6.240000,0.000000,0.000000,110.299394
6.242000,0.000000,0.000000,111.069983
6.242000,0.000000,0.000000,111.691084
6.246000,0.000000,0.000000,112.119334
6.248000,0.000000,0.000000,112.119334
6.250000,0.000000,0.000000,112.820113
6.252000,0.000000,0.000000,113.270165
6.254000,0.000000,0.000000,113.613462
6.256000,0.000000,0.000000,113.952984
6.258000,0.000000,0.000000,113.952984
6.258000,0.000000,0.000000,114.315380
6.262000,0.000000,0.000000,116.401845
6.264000,0.000000,0.000000,110.012530
6.266000,0.000000,0.000000,103.631688
6.268000,0.000000,0.000000,103.631688
6.268000,0.000000,0.000000,101.625747
6.272000,0.000000,0.000000,99.557703
6.274000,0.000000,0.000000,98.212662
6.276000,0.000000,0.000000,98.212662
6.278000,0.000000,0.000000,94.616091
6.280000,0.000000,0.000000,91.816803
6.282000,0.000000,0.000000,87.100495
6.284000,0.000000,0.000000,86.029729
6.286000,0.000000,0.000000,86.602632
6.288000,0.000000,0.000000,87.867777
6.290000,0.000000,0.000000,87.867777
6.292000,0.000000,0.000000,90.815624
6.294000,0.000000,0.000000,92.419945
6.296000,0.000000,0.000000,93.731176
6.298000,0.000000,0.000000,95.533411
6.300000,0.000000,0.000000,95.533411
6.300000,0.000000,0.000000,97.302642
6.304000,0.000000,0.000000,100.977642
6.306000,0.000000,0.000000,102.955957
6.308000,0.000000,0.000000,104.990767
6.310000,0.000000,0.000000,104.990767
6.310000,0.000000,0.000000,106.975992
6.314000,0.000000,0.000000,111.031219
6.316000,0.000000,0.000000,111.031219
6.318000,0.000000,0.000000,113.111851
6.320000,0.000000,0.000000,117.056061
6.322000,0.000000,0.000000,118.938480
6.324000,0.000000,0.000000,118.938480
6.324000,0.000000,0.000000,120.558502
6.328000,0.000000,0.000000,123.543697
6.330000,0.000000,0.000000,123.706546
6.330000,0.000000,0.000000,124.913884
6.334000,0.000000,0.000000,127.116532
6.336000,0.000000,0.000000,128.098658
6.338000,0.000000,0.000000,128.199924
6.340000,0.000000,0.000000,128.795227
6.340000,0.000000,0.000000,129.432748
6.344000,0.000000,0.000000,130.480046
6.346000,0.000000,0.000000,130.715424
6.348000,0.000000,0.000000,130.554948
6.350000,0.000000,0.000000,130.131080
6.350000,0.000000,0.000000,130.131080
6.354000,0.000000,0.000000,128.803257
6.356000,0.000000,0.000000,127.979520
6.358000,0.000000,0.000000,127.979520
6.358000,0.000000,0.000000,126.872136
6.362000,0.000000,0.000000,124.401214
6.364000,0.000000,0.000000,122.894804
6.364000,0.000000,0.000000,122.894804
6.368000,0.000000,0.000000,119.594624
6.370000,0.000000,0.000000,119.496117
6.370000,0.000000,0.000000,117.802550
6.374000,0.000000,0.000000,113.825637
6.376000,0.000000,0.000000,113.742221
6.378000,0.000000,0.000000,111.630043
6.378000,0.000000,0.000000,109.298755
6.382000,0.000000,0.000000,104.436216
6.384000,0.000000,0.000000,101.870660
6.386000,0.000000,0.000000,99.355399
6.388000,0.000000,0.000000,99.355399
6.390000,0.000000,0.000000,94.357293
6.392000,0.000000,0.000000,91.623216
6.394000,0.000000,0.000000,89.074662
6.396000,0.000000,0.000000,86.381590
6.398000,0.000000,0.000000,83.812184
6.400000,0.000000,0.000000,83.812184
6.402000,0.000000,0.000000,81.561046
6.402000,0.000000,0.000000,79.469141
6.406000,0.000000,0.000000,75.532692
6.408000,0.000000,0.000000,73.466980
6.410000,0.000000,0.000000,71.695766
6.412000,0.000000,0.000000,71.693500
6.414000,0.000000,0.000000,69.615882
6.416000,0.000000,0.000000,65.988551
6.418000,0.000000,0.000000,64.613814
6.420000,0.000000,0.000000,63.152470
6.422000,0.000000,0.000000,62.097775
6.424000,0.000000,0.000000,62.132343
6.426000,0.000000,0.000000,59.937884
6.428000,0.000000,0.000000,59.668506
6.430000,0.000000,0.000000,59.357492
6.432000,0.000000,0.000000,59.204529
6.434000,0.000000,0.000000,59.056769
6.434000,0.000000,0.000000,59.056769
6.438000,0.000000,0.000000,59.014558
6.440000,0.000000,0.000000,58.974029
6.440000,0.000000,0.000000,58.974029
6.444000,0.000000,0.000000,57.914834
6.446000,0.000000,0.000000,57.754483
6.448000,0.000000,0.000000,57.856905
6.448000,0.000000,0.000000,58.853238
6.452000,0.000000,0.000000,63.102396
6.454000,0.000000,0.000000,64.723873
6.456000,0.000000,0.000000,66.709654
6.458000,0.000000,0.000000,67.738816
6.460000,0.000000,0.000000,67.738816
6.460000,0.000000,0.000000,69.054932
6.464000,0.000000,0.000000,76.213093
6.466000,0.000000,0.000000,75.662267
6.468000,0.000000,0.000000,75.662267
6.470000,0.000000,0.000000,73.839945
6.470000,0.000000,0.000000,72.062197
6.474000,0.000000,0.000000,70.619142
6.476000,0.000000,0.000000,71.980161
6.478000,0.000000,0.000000,71.980161
6.480000,0.000000,0.000000,75.999014
6.480000,0.000000,0.000000,81.244042
6.484000,0.000000,0.000000,92.398101
6.486000,0.000000,0.000000,98.385772
6.488000,0.000000,0.000000,104.226799
6.490000,0.000000,0.000000,104.201902
6.492000,0.000000,0.000000,110.389739
6.492000,0.000000,0.000000,116.058969
6.496000,0.000000,0.000000,126.404931
6.498000,0.000000,0.000000,131.100768
6.500000,0.000000,0.000000,135.372236
6.500000,0.000000,0.000000,135.372236
6.502000,0.000000,0.000000,138.638065
6.506000,0.000000,0.000000,143.889247
6.508000,0.000000,0.000000,147.099837
6.510000,0.000000,0.000000,148.853552
6.512000,0.000000,0.000000,148.377420
6.512000,0.000000,0.000000,150.584243
6.516000,0.000000,0.000000,153.100432
6.518000,0.000000,0.000000,154.111084
6.520000,0.000000,0.000000,154.111084
6.522000,0.000000,0.000000,154.027278
6.522000,0.000000,0.000000,154.983335
6.526000,0.000000,0.000000,155.464735
6.528000,0.000000,0.000000,155.466871
6.530000,0.000000,0.000000,154.811073
6.532000,0.000000,0.000000,154.984282
6.532000,0.000000,0.000000,154.332533
6.536000,0.000000,0.000000,152.566341
6.538000,0.000000,0.000000,151.820282
6.540000,0.000000,0.000000,150.978830
6.542000,0.000000,0.000000,150.854824
6.544000,0.000000,0.000000,150.218300
6.546000,0.000000,0.000000,147.263689
6.548000,0.000000,0.000000,146.338975
6.550000,0.000000,0.000000,144.980888
6.552000,0.000000,0.000000,143.720528
6.554000,0.000000,0.000000,143.176793
6.554000,0.000000,0.000000,142.099815
6.558000,0.000000,0.000000,139.298775
6.560000,0.000000,0.000000,137.542018
6.562000,0.000000,0.000000,137.542018
6.564000,0.000000,0.000000,136.313892
6.566000,0.000000,0.000000,134.872645
6.568000,0.000000,0.000000,131.947410
6.570000,0.000000,0.000000,130.527266
6.572000,0.000000,0.000000,129.143931
6.574000,0.000000,0.000000,129.032776
6.576000,0.000000,0.000000,127.806885
6.576000,0.000000,0.000000,126.613282
6.580000,0.000000,0.000000,124.197687
6.582000,0.000000,0.000000,123.194805
6.584000,0.000000,0.000000,123.128513
6.586000,0.000000,0.000000,122.164519
6.588000,0.000000,0.000000,121.155212
6.590000,0.000000,0.000000,119.258975
6.592000,0.000000,0.000000,118.515625
6.594000,0.000000,0.000000,118.515625
6.596000,0.000000,0.000000,117.837303
6.598000,0.000000,0.000000,117.192390
6.600000,0.000000,0.000000,116.158795
6.602000,0.000000,0.000000,116.158795
6.604000,0.000000,0.000000,115.738800
6.606000,0.000000,0.000000,115.309381
6.608000,0.000000,0.000000,114.947880
6.610000,0.000000,0.000000,114.639726
6.612000,0.000000,0.000000,114.061166
6.614000,0.000000,0.000000,114.039204
6.616000,0.000000,0.000000,113.922677
6.618000,0.000000,0.000000,113.922677
6.620000,0.000000,0.000000,113.911939
6.620000,0.000000,0.000000,113.978961
6.624000,0.000000,0.000000,114.430175
6.626000,0.000000,0.000000,114.724538
6.628000,0.000000,0.000000,114.724538
6.630000,0.000000,0.000000,114.880805
6.632000,0.000000,0.000000,115.028974
6.634000,0.000000,0.000000,115.610339
6.636000,0.000000,0.000000,116.002381
6.638000,0.000000,0.000000,116.330763
6.640000,0.000000,0.000000,116.330763
6.640000,0.000000,0.000000,116.582093
6.644000,0.000000,0.000000,117.943227
6.646000,0.000000,0.000000,118.788598
6.648000,0.000000,0.000000,118.788598
6.648000,0.000000,0.000000,119.247130
6.652000,0.000000,0.000000,119.964333
6.654000,0.000000,0.000000,127.681937
6.656000,0.000000,0.000000,119.968860
6.656000,0.000000,0.000000,113.699776
6.660000,0.000000,0.000000,109.935724
6.662000,0.000000,0.000000,109.935724
6.662000,0.000000,0.000000,108.720570
6.666000,0.000000,0.000000,103.098589
6.668000,0.000000,0.000000,99.998884
6.670000,0.000000,0.000000,97.524684
6.672000,0.000000,0.000000,97.085902
6.672000,0.000000,0.000000,95.099482
6.676000,0.000000,0.000000,93.377343
6.678000,0.000000,0.000000,93.377343
6.678000,0.000000,0.000000,93.570007
6.682000,0.000000,0.000000,96.931408
6.684000,0.000000,0.000000,96.931408
6.684000,0.000000,0.000000,98.945398
6.686000,0.000000,0.000000,100.826066
6.690000,0.000000,0.000000,104.716324
6.692000,0.000000,0.000000,104.716324
6.694000,0.000000,0.000000,106.576022
6.696000,0.000000,0.000000,108.292500
6.696000,0.000000,0.000000,110.102898
6.698000,0.000000,0.000000,111.922821
6.702000,0.000000,0.000000,115.791598
6.704000,0.000000,0.000000,115.791598
6.704000,0.000000,0.000000,117.817558
6.708000,0.000000,0.000000,121.590173
6.710000,0.000000,0.000000,123.465248
6.712000,0.000000,0.000000,123.465248
6.712000,0.000000,0.000000,125.196794
6.716000,0.000000,0.000000,128.181733
6.718000,0.000000,0.000000,129.718635
6.720000,0.000000,0.000000,129.718635
6.722000,0.000000,0.000000,131.103975
6.722000,0.000000,0.000000,132.175969
6.726000,0.000000,0.000000,133.984130
6.728000,0.000000,0.000000,134.684383
6.730000,0.000000,0.000000,134.982831
6.732000,0.000000,0.000000,134.982831
6.734000,0.000000,0.000000,135.217282
6.734000,0.000000,0.000000,135.167630
6.738000,0.000000,0.000000,134.862112
6.740000,0.000000,0.000000,134.537946
6.742000,0.000000,0.000000,134.537946
6.744000,0.000000,0.000000,134.026180
6.744000,0.000000,0.000000,133.265158
6.748000,0.000000,0.000000,131.435960
6.750000,0.000000,0.000000,130.120509
6.752000,0.000000,0.000000,130.120509
6.754000,0.000000,0.000000,128.515073
6.756000,0.000000,0.000000,126.717284
6.758000,0.000000,0.000000,122.969466
6.760000,0.000000,0.000000,120.959348
6.762000,0.000000,0.000000,118.942052
6.764000,0.000000,0.000000,116.698330
6.766000,0.000000,0.000000,116.698330
6.766000,0.000000,0.000000,114.422914
6.770000,0.000000,0.000000,109.689185
6.772000,0.000000,0.000000,107.370720
6.774000,0.000000,0.000000,107.370720
6.776000,0.000000,0.000000,104.688230
6.778000,0.000000,0.000000,102.087149
6.780000,0.000000,0.000000,96.924782
6.782000,0.000000,0.000000,94.446881
6.784000,0.000000,0.000000,92.273810
6.784000,0.000000,0.000000,92.273810
6.788000,0.000000,0.000000,89.494380
6.790000,0.000000,0.000000,84.778243
6.792000,0.000000,0.000000,82.690348
6.792000,0.000000,0.000000,82.690348
6.794000,0.000000,0.000000,80.048528
6.798000,0.000000,0.000000,76.298164
6.800000,0.000000,0.000000,73.857730
6.802000,0.000000,0.000000,72.779453
6.804000,0.000000,0.000000,70.921959
6.806000,0.000000,0.000000,70.921959
6.808000,0.000000,0.000000,68.381248
6.810000,0.000000,0.000000,67.049611
6.812000,0.000000,0.000000,66.139888
6.814000,0.000000,0.000000,65.385695
6.816000,0.000000,0.000000,65.385695
6.818000,0.000000,0.000000,63.604273
6.820000,0.000000,0.000000,62.677638
6.822000,0.000000,0.000000,63.079550
6.824000,0.000000,0.000000,62.840166
6.824000,0.000000,0.000000,62.840166
6.828000,0.000000,0.000000,64.293523
6.830000,0.000000,0.000000,64.688041
6.832000,0.000000,0.000000,64.744570
6.834000,0.000000,0.000000,65.872229
6.836000,0.000000,0.000000,65.872229
6.838000,0.000000,0.000000,66.956345
6.840000,0.000000,0.000000,68.116750
6.842000,0.000000,0.000000,69.314222
6.844000,0.000000,0.000000,70.643217
6.844000,0.000000,0.000000,70.643217
6.848000,0.000000,0.000000,73.383856
6.850000,0.000000,0.000000,74.691345
6.852000,0.000000,0.000000,81.187571
6.854000,0.000000,0.000000,80.978112
6.856000,0.000000,0.000000,80.978112
6.858000,0.000000,0.000000,75.392358
6.860000,0.000000,0.000000,73.142030
6.862000,0.000000,0.000000,73.658271
6.864000,0.000000,0.000000,75.846109
6.866000,0.000000,0.000000,79.215818
6.866000,0.000000,0.000000,79.215818
6.870000,0.000000,0.000000,87.766319
6.872000,0.000000,0.000000,92.462558
6.874000,0.000000,0.000000,97.426742
6.876000,0.000000,0.000000,97.426742
6.876000,0.000000,0.000000,102.733754
6.880000,0.000000,0.000000,112.425255
6.882000,0.000000,0.000000,117.015763
6.884000,0.000000,0.000000,121.246071
6.884000,0.000000,0.000000,121.485366
6.888000,0.000000,0.000000,125.886251
6.890000,0.000000,0.000000,133.164512
6.892000,0.000000,0.000000,133.164512
6.894000,0.000000,0.000000,139.167552
6.896000,0.000000,0.000000,141.816806
6.898000,0.000000,0.000000,141.816806
6.900000,0.000000,0.000000,145.332293
6.902000,0.000000,0.000000,146.914519
6.904000,0.000000,0.000000,147.946737
6.906000,0.000000,0.000000,147.946737
6.908000,0.000000,0.000000,148.690117
6.910000,0.000000,0.000000,149.196646
6.912000,0.000000,0.000000,149.296919
6.914000,0.000000,0.000000,149.213702
6.914000,0.000000,0.000000,149.233082
6.918000,0.000000,0.000000,148.858619
6.920000,0.000000,0.000000,148.412582
6.922000,0.000000,0.000000,147.725496
6.924000,0.000000,0.000000,147.725496
6.926000,0.000000,0.000000,145.995362
6.928000,0.000000,0.000000,144.687351
6.930000,0.000000,0.000000,143.632175
6.932000,0.000000,0.000000,143.632175
6.932000,0.000000,0.000000,142.549529
6.936000,0.000000,0.000000,140.513645
6.938000,0.000000,0.000000,139.261425
6.940000,0.000000,0.000000,137.847088
6.942000,0.000000,0.000000,137.847088
6.944000,0.000000,0.000000,137.847088
6.946000,0.000000,0.000000,133.214061
6.948000,0.000000,0.000000,131.719238
6.950000,0.000000,0.000000,130.468323
6.952000,0.000000,0.000000,130.172828
6.954000,0.000000,0.000000,127.492508
6.956000,0.000000,0.000000,126.302226
6.958000,0.000000,0.000000,124.875833
6.960000,0.000000,0.000000,124.875833
6.962000,0.000000,0.000000,122.366526
6.964000,0.000000,0.000000,121.139682
6.966000,0.000000,0.000000,120.029827
6.968000,0.000000,0.000000,118.923895
6.968000,0.000000,0.000000,118.923895
6.972000,0.000000,0.000000,116.896429
6.974000,0.000000,0.000000,115.916221
6.976000,0.000000,0.000000,114.972716
6.978000,0.000000,0.000000,114.093237
6.980000,0.000000,0.000000,113.272070
6.982000,0.000000,0.000000,112.549242
6.984000,0.000000,0.000000,111.899029
6.986000,0.000000,0.000000,111.422730
6.988000,0.000000,0.000000,110.921217
6.990000,0.000000,0.000000,110.459675
6.992000,0.000000,0.000000,110.232538
6.994000,0.000000,0.000000,110.085920
6.996000,0.000000,0.000000,109.837462
6.998000,0.000000,0.000000,109.635153
7.000000,0.000000,0.000000,109.520644
7.000000,0.000000,0.000000,109.520644
7.002000,0.000000,0.000000,109.498923
7.006000,0.000000,0.000000,109.524801
7.008000,0.000000,0.000000,109.561781
7.010000,0.000000,0.000000,109.574859
7.012000,0.000000,0.000000,109.624027
7.014000,0.000000,0.000000,109.624027
7.016000,0.000000,0.000000,110.090714
7.018000,0.000000,0.000000,110.563675
7.020000,0.000000,0.000000,110.959621
7.022000,0.000000,0.000000,111.093625
7.024000,0.000000,0.000000,111.162091
7.026000,0.000000,0.000000,111.820128
7.028000,0.000000,0.000000,112.148503
7.030000,0.000000,0.000000,112.461902
7.032000,0.000000,0.000000,112.675207
7.034000,0.000000,0.000000,112.955202
7.034000,0.000000,0.000000,112.992951
7.038000,0.000000,0.000000,113.878060
7.040000,0.000000,0.000000,122.968885
7.042000,0.000000,0.000000,114.739163
7.044000,0.000000,0.000000,114.739163
7.044000,0.000000,0.000000,111.507743
7.048000,0.000000,0.000000,107.357174
7.050000,0.000000,0.000000,105.262088
7.052000,0.000000,0.000000,101.312510
7.054000,0.000000,0.000000,101.312510
7.056000,0.000000,0.000000,97.253709
7.056000,0.000000,0.000000,93.964330
7.060000,0.000000,0.000000,89.415108
7.062000,0.000000,0.000000,88.804670
7.064000,0.000000,0.000000,89.560159
7.066000,0.000000,0.000000,90.553491
7.068000,0.000000,0.000000,90.553491
7.070000,0.000000,0.000000,91.786662
7.070000,0.000000,0.000000,93.045112
7.074000,0.000000,0.000000,95.858128
7.076000,0.000000,0.000000,97.348296
7.078000,0.000000,0.000000,98.889542
7.080000,0.000000,0.000000,100.515572
7.080000,0.000000,0.000000,100.515572
7.082000,0.000000,0.000000,102.223203
7.086000,0.000000,0.000000,105.811259
7.088000,0.000000,0.000000,107.655110
7.090000,0.000000,0.000000,109.442194
7.092000,0.000000,0.000000,109.727304
7.094000,0.000000,0.000000,113.029721
7.096000,0.000000,0.000000,114.726961
7.098000,0.000000,0.000000,116.278746
7.100000,0.000000,0.000000,117.774956
7.100000,0.000000,0.000000,117.774956
7.102000,0.000000,0.000000,119.188752
7.106000,0.000000,0.000000,121.749953
7.108000,0.000000,0.000000,122.949861
7.110000,0.000000,0.000000,123.852748
7.112000,0.000000,0.000000,123.852748
7.114000,0.000000,0.000000,125.326219
7.116000,0.000000,0.000000,126.037079
7.118000,0.000000,0.000000,126.348256
7.120000,0.000000,0.000000,126.562501
7.122000,0.000000,0.000000,126.562501
7.122000,0.000000,0.000000,126.582727
7.126000,0.000000,0.000000,126.219057
7.128000,0.000000,0.000000,125.824799
7.130000,0.000000,0.000000,125.271083
7.132000,0.000000,0.000000,124.554980
7.132000,0.000000,0.000000,124.554980
7.134000,0.000000,0.000000,123.584540
7.138000,0.000000,0.000000,121.268984
7.140000,0.000000,0.000000,119.956083
7.142000,0.000000,0.000000,119.876530
7.144000,0.000000,0.000000,118.379638
7.146000,0.000000,0.000000,116.859495
7.148000,0.000000,0.000000,113.428730
7.150000,0.000000,0.000000,111.494537
7.152000,0.000000,0.000000,109.346758
7.154000,0.000000,0.000000,109.346758
7.156000,0.000000,0.000000,106.957295
7.158000,0.000000,0.000000,102.345858
7.160000,0.000000,0.000000,99.922170
7.162000,0.000000,0.000000,99.922170
7.164000,0.000000,0.000000,97.544857
7.166000,0.000000,0.000000,92.486040
7.168000,0.000000,0.000000,89.865429
7.170000,0.000000,0.000000,87.442578
7.172000,0.000000,0.000000,87.442578
7.174000,0.000000,0.000000,85.459503
7.176000,0.000000,0.000000,80.896620
7.178000,0.000000,0.000000,78.232029
7.180000,0.000000,0.000000,76.042900
7.182000,0.000000,0.000000,74.036898
7.184000,0.000000,0.000000,74.036898
7.186000,0.000000,0.000000,72.031178
7.188000,0.000000,0.000000,68.645345
7.190000,0.000000,0.000000,66.850456
7.192000,0.000000,0.000000,64.408056
7.194000,0.000000,0.000000,62.538145
7.196000,0.000000,0.000000,62.551136
7.196000,0.000000,0.000000,61.003180
7.200000,0.000000,0.000000,59.144774
7.202000,0.000000,0.000000,58.328242
7.204000,0.000000,0.000000,57.857818
7.206000,0.000000,0.000000,57.395623
7.208000,0.000000,0.000000,57.395623
7.210000,0.000000,0.000000,57.029092
7.212000,0.000000,0.000000,56.720270
7.214000,0.000000,0.000000,56.673961
7.216000,0.000000,0.000000,57.014641
7.218000,0.000000,0.000000,56.507968
7.220000,0.000000,0.000000,57.082139
7.220000,0.000000,0.000000,56.804511
7.224000,0.000000,0.000000,56.905502
7.226000,0.000000,0.000000,57.896904
7.228000,0.000000,0.000000,59.674090
7.230000,0.000000,0.000000,61.725417
7.232000,0.000000,0.000000,63.645739
7.232000,0.000000,0.000000,63.645739
7.234000,0.000000,0.000000,65.325130
7.238000,0.000000,0.000000,68.241961
7.240000,0.000000,0.000000,75.807450
7.242000,0.000000,0.000000,74.744919
7.244000,0.000000,0.000000,74.744919
7.246000,0.000000,0.000000,69.449353
7.248000,0.000000,0.000000,66.934763
7.250000,0.000000,0.000000,67.768967
7.250000,0.000000,0.000000,67.768967
7.254000,0.000000,0.000000,74.327557
7.256000,0.000000,0.000000,78.385054
7.258000,0.000000,0.000000,83.666032
7.260000,0.000000,0.000000,83.648546
7.262000,0.000000,0.000000,89.380914
7.264000,0.000000,0.000000,101.283906
7.266000,0.000000,0.000000,107.161709
7.268000,0.000000,0.000000,112.273805
7.270000,0.000000,0.000000,112.902187
7.272000,0.000000,0.000000,117.809534
7.274000,0.000000,0.000000,122.579837
7.276000,0.000000,0.000000,131.849346
7.278000,0.000000,0.000000,135.919915
7.280000,0.000000,0.000000,136.167438
7.282000,0.000000,0.000000,139.375118
7.282000,0.000000,0.000000,141.980766
7.286000,0.000000,0.000000,147.342324
7.288000,0.000000,0.000000,149.482569
7.290000,0.000000,0.000000,150.901265
7.292000,0.000000,0.000000,150.996390
7.292000,0.000000,0.000000,152.020012
7.292000,0.000000,0.000000,152.020012
7.294000,0.000000,0.000000,155.923403
7.300000,0.000000,0.000000,155.280326
7.302000,0.000000,0.000000,155.210630
7.304000,0.000000,0.000000,155.163820
7.304000,0.000000,0.000000,155.008508
7.308000,0.000000,0.000000,154.340407
7.310000,0.000000,0.000000,153.826055
7.312000,0.000000,0.000000,153.043546
7.314000,0.000000,0.000000,152.913857
7.316000,0.000000,0.000000,152.063359
7.318000,0.000000,0.000000,149.915354
7.320000,0.000000,0.000000,148.740732
7.322000,0.000000,0.000000,147.433421
7.324000,0.000000,0.000000,147.268314
7.324000,0.000000,0.000000,146.077577
7.328000,0.000000,0.000000,143.347099
7.330000,0.000000,0.000000,142.019165
7.332000,0.000000,0.000000,140.643872
7.334000,0.000000,0.000000,139.241377
7.336000,0.000000,0.000000,137.835510
7.338000,0.000000,0.000000,136.431966
7.340000,0.000000,0.000000,134.969659
7.342000,0.000000,0.000000,133.555705
7.344000,0.000000,0.000000,133.420538
7.346000,0.000000,0.000000,132.178369
7.348000,0.000000,0.000000,129.341677
7.350000,0.000000,0.000000,128.013887
7.352000,0.000000,0.000000,126.755422
7.354000,0.000000,0.000000,126.755422
7.356000,0.000000,0.000000,124.244247
7.358000,0.000000,0.000000,123.277747
7.358000,0.000000,0.000000,123.277747
7.360000,0.000000,0.000000,121.359504
7.364000,0.000000,0.000000,120.471218
7.366000,0.000000,0.000000,119.629243
7.368000,0.000000,0.000000,119.629243
7.370000,0.000000,0.000000,118.141461
7.372000,0.000000,0.000000,117.466672
7.372000,0.000000,0.000000,117.466672
7.374000,0.000000,0.000000,116.794823
7.378000,0.000000,0.000000,115.732251
7.380000,0.000000,0.000000,115.271773
7.382000,0.000000,0.000000,114.798093
7.384000,0.000000,0.000000,114.817931
7.386000,0.000000,0.000000,114.363767
7.388000,0.000000,0.000000,113.750244
7.390000,0.000000,0.000000,113.590563
7.392000,0.000000,0.000000,113.590563
7.394000,0.000000,0.000000,113.572730
7.396000,0.000000,0.000000,113.765203
7.398000,0.000000,0.000000,114.082967
7.400000,0.000000,0.000000,114.140117
7.400000,0.000000,0.000000,114.277975
7.404000,0.000000,0.000000,114.376822
7.406000,0.000000,0.000000,114.437371
7.408000,0.000000,0.000000,114.514398
7.408000,0.000000,0.000000,114.605933
7.412000,0.000000,0.000000,114.923403
7.414000,0.000000,0.000000,115.198496
7.416000,0.000000,0.000000,115.198496
7.418000,0.000000,0.000000,115.754859
7.418000,0.000000,0.000000,116.285624
7.422000,0.000000,0.000000,117.672643
7.424000,0.000000,0.000000,118.225436
7.426000,0.000000,0.000000,118.225436
7.428000,0.000000,0.000000,118.421206
7.430000,0.000000,0.000000,118.745222
7.432000,0.000000,0.000000,118.818008
7.434000,0.000000,0.000000,112.470160
7.436000,0.000000,0.000000,112.470160
7.438000,0.000000,0.000000,107.751329
7.440000,0.000000,0.000000,106.246624
7.442000,0.000000,0.000000,105.362080
7.442000,0.000000,0.000000,103.277265
7.446000,0.000000,0.000000,96.738477
7.448000,0.000000,0.000000,94.185895
7.450000,0.000000,0.000000,93.927849
7.452000,0.000000,0.000000,93.068260
7.454000,0.000000,0.000000,92.946604
7.456000,0.000000,0.000000,93.526691
7.458000,0.000000,0.000000,94.579618
7.460000,0.000000,0.000000,94.744467
7.462000,0.000000,0.000000,95.903348
7.464000,0.000000,0.000000,99.001222
7.466000,0.000000,0.000000,100.812942
7.468000,0.000000,0.000000,102.709581
7.470000,0.000000,0.000000,102.709581
7.472000,0.000000,0.000000,104.662872
7.474000,0.000000,0.000000,108.771541
7.476000,0.000000,0.000000,110.884548
7.478000,0.000000,0.000000,112.940781
7.480000,0.000000,0.000000,113.245050
7.482000,0.000000,0.000000,114.994437
7.484000,0.000000,0.000000,118.996620
7.486000,0.000000,0.000000,121.019195
7.488000,0.000000,0.000000,122.929479
7.490000,0.000000,0.000000,123.178463
7.492000,0.000000,0.000000,124.753024
7.494000,0.000000,0.000000,128.275792
7.496000,0.000000,0.000000,129.962941
7.498000,0.000000,0.000000,131.320564
7.500000,0.000000,0.000000,131.320564
7.502000,0.000000,0.000000,132.475544
7.502000,0.000000,0.000000,133.451388
7.506000,0.000000,0.000000,135.198319
7.508000,0.000000,0.000000,135.830522
7.510000,0.000000,0.000000,136.163161
7.512000,0.000000,0.000000,136.163161
7.514000,0.000000,0.000000,136.137034
7.516000,0.000000,0.000000,136.309452
7.518000,0.000000,0.000000,135.833404
7.520000,0.000000,0.000000,135.348182
7.522000,0.000000,0.000000,135.348182
7.522000,0.000000,0.000000,134.723153
7.526000,0.000000,0.000000,132.775343
7.528000,0.000000,0.000000,131.526555
7.530000,0.000000,0.000000,130.143401
7.532000,0.000000,0.000000,130.143401
7.534000,0.000000,0.000000,126.944092
7.536000,0.000000,0.000000,125.199398
7.538000,0.000000,0.000000,123.247429
7.540000,0.000000,0.000000,121.183780
7.542000,0.000000,0.000000,121.183780
7.544000,0.000000,0.000000,116.803859
7.546000,0.000000,0.000000,114.473056
7.548000,0.000000,0.000000,112.059443
7.550000,0.000000,0.000000,109.591751
7.550000,0.000000,0.000000,107.171353
7.552000,0.000000,0.000000,107.256080
7.556000,0.000000,0.000000,101.933428
7.558000,0.000000,0.000000,99.541406
7.560000,0.000000,0.000000,97.092755
7.562000,0.000000,0.000000,94.404840
7.562000,0.000000,0.000000,94.404840
7.566000,0.000000,0.000000,89.599780
7.568000,0.000000,0.000000,87.069449
7.570000,0.000000,0.000000,84.780686
7.572000,0.000000,0.000000,84.741443
7.574000,0.000000,0.000000,82.499950
7.574000,0.000000,0.000000,80.404980
7.578000,0.000000,0.000000,76.621239
7.580000,0.000000,0.000000,74.762470
7.582000,0.000000,0.000000,73.169103
7.584000,0.000000,0.000000,71.607228
7.584000,0.000000,0.000000,71.607228
7.588000,0.000000,0.000000,69.558542
7.590000,0.000000,0.000000,67.838812
7.592000,0.000000,0.000000,67.187469
7.594000,0.000000,0.000000,66.220281
7.596000,0.000000,0.000000,65.388018
7.596000,0.000000,0.000000,65.388018
7.600000,0.000000,0.000000,64.282830
7.602000,0.000000,0.000000,63.997862
7.604000,0.000000,0.000000,64.251211
7.606000,0.000000,0.000000,64.619636
7.606000,0.000000,0.000000,65.213537
7.610000,0.000000,0.000000,66.141244
7.612000,0.000000,0.000000,66.627695
7.614000,0.000000,0.000000,66.910691
7.616000,0.000000,0.000000,68.644235
7.618000,0.000000,0.000000,68.644235
7.618000,0.000000,0.000000,69.512428
7.622000,0.000000,0.000000,70.682425
7.624000,0.000000,0.000000,73.074211
7.626000,0.000000,0.000000,74.071303
7.628000,0.000000,0.000000,74.071303
7.630000,0.000000,0.000000,75.397367
7.632000,0.000000,0.000000,78.791535
7.634000,0.000000,0.000000,80.874464
7.636000,0.000000,0.000000,82.647180
7.638000,0.000000,0.000000,82.289558
7.638000,0.000000,0.000000,81.106627
7.642000,0.000000,0.000000,79.641867
7.644000,0.000000,0.000000,79.976055
7.646000,0.000000,0.000000,82.804600
7.648000,0.000000,0.000000,87.013994
7.650000,0.000000,0.000000,86.805432
7.652000,0.000000,0.000000,96.042252
7.654000,0.000000,0.000000,100.983339
7.656000,0.000000,0.000000,105.951308
7.658000,0.000000,0.000000,106.122367
7.660000,0.000000,0.000000,116.127544
7.662000,0.000000,0.000000,121.108694
7.664000,0.000000,0.000000,125.500311
7.666000,0.000000,0.000000,129.479407
7.668000,0.000000,0.000000,129.479407
7.670000,0.000000,0.000000,136.424738
7.672000,0.000000,0.000000,139.746233
7.674000,0.000000,0.000000,142.354358
7.676000,0.000000,0.000000,144.606901
7.678000,0.000000,0.000000,146.548954
7.680000,0.000000,0.000000,148.196266
7.682000,0.000000,0.000000,149.562538
7.684000,0.000000,0.000000,150.661582
7.686000,0.000000,0.000000,151.506334
7.688000,0.000000,0.000000,151.506334
7.690000,0.000000,0.000000,152.451951
7.692000,0.000000,0.000000,152.785879
7.694000,0.000000,0.000000,152.725040
7.696000,0.000000,0.000000,152.469583
7.698000,0.000000,0.000000,152.469583
7.700000,0.000000,0.000000,151.967728
7.702000,0.000000,0.000000,150.907606
7.704000,0.000000,0.000000,150.024747
7.706000,0.000000,0.000000,149.492112
7.706000,0.000000,0.000000,149.492112
7.710000,0.000000,0.000000,146.901944
7.712000,0.000000,0.000000,145.876167
7.714000,0.000000,0.000000,144.476248
7.716000,0.000000,0.000000,143.187701
7.716000,0.000000,0.000000,143.068235
7.720000,0.000000,0.000000,140.179899
7.722000,0.000000,0.000000,138.726508
7.724000,0.000000,0.000000,137.245095
7.726000,0.000000,0.000000,135.863581
7.728000,0.000000,0.000000,134.239601
7.730000,0.000000,0.000000,132.774157
7.730000,0.000000,0.000000,132.774157
7.734000,0.000000,0.000000,129.942876
7.736000,0.000000,0.000000,128.574557
7.738000,0.000000,0.000000,127.206127
7.740000,0.000000,0.000000,127.206127
7.742000,0.000000,0.000000,124.496037
7.744000,0.000000,0.000000,123.206717
7.746000,0.000000,0.000000,121.962404
7.748000,0.000000,0.000000,121.962404
7.750000,0.000000,0.000000,119.546667
7.750000,0.000000,0.000000,119.546667
7.754000,0.000000,0.000000,117.237479
7.756000,0.000000,0.000000,116.197638
7.758000,0.000000,0.000000,115.348120
7.760000,0.000000,0.000000,114.590434
7.760000,0.000000,0.000000,114.572943
7.764000,0.000000,0.000000,113.222737
7.766000,0.000000,0.000000,112.587982
7.768000,0.000000,0.000000,111.944611
7.770000,0.000000,0.000000,111.944611
7.770000,0.000000,0.000000,111.364865
7.774000,0.000000,0.000000,110.353936
7.776000,0.000000,0.000000,110.062307
7.778000,0.000000,0.000000,109.725315
7.778000,0.000000,0.000000,109.760293
7.780000,0.000000,0.000000,109.447035
7.784000,0.000000,0.000000,109.345750
7.786000,0.000000,0.000000,109.382246
7.788000,0.000000,0.000000,109.382246
7.788000,0.000000,0.000000,109.377996
7.792000,0.000000,0.000000,109.678891
7.794000,0.000000,0.000000,110.030766
7.794000,0.000000,0.000000,110.030766
7.796000,0.000000,0.000000,110.317085
7.800000,0.000000,0.000000,111.005224
7.802000,0.000000,0.000000,111.418116
7.802000,0.000000,0.000000,111.418116
7.806000,0.000000,0.000000,111.963409
7.808000,0.000000,0.000000,112.368870
7.810000,0.000000,0.000000,112.720141
7.810000,0.000000,0.000000,112.720141
7.814000,0.000000,0.000000,113.499511
7.816000,0.000000,0.000000,114.470393
7.818000,0.000000,0.000000,114.470393
7.820000,0.000000,0.000000,125.512484
7.822000,0.000000,0.000000,117.997259
7.824000,0.000000,0.000000,110.877228
7.824000,0.000000,0.000000,110.877228
7.828000,0.000000,0.000000,108.579175
7.830000,0.000000,0.000000,106.105394
7.832000,0.000000,0.000000,104.518848
7.834000,0.000000,0.000000,100.775764
7.836000,0.000000,0.000000,96.518254
7.838000,0.000000,0.000000,96.518254
7.840000,0.000000,0.000000,90.762227
7.842000,0.000000,0.000000,88.751304
7.844000,0.000000,0.000000,88.420187
7.846000,0.000000,0.000000,88.420187
7.846000,0.000000,0.000000,88.949331
7.850000,0.000000,0.000000,91.031320
7.852000,0.000000,0.000000,92.268314
7.854000,0.000000,0.000000,93.400427
7.856000,0.000000,0.000000,93.605938
7.856000,0.000000,0.000000,94.564073
7.860000,0.000000,0.000000,97.244583
7.862000,0.000000,0.000000,98.782360
7.864000,0.000000,0.000000,100.540141
7.866000,0.000000,0.000000,100.714667
7.868000,0.000000,0.000000,102.229126
7.868000,0.000000,0.000000,104.031604
7.872000,0.000000,0.000000,107.636219
7.874000,0.000000,0.000000,107.892604
7.876000,0.000000,0.000000,109.423609
7.878000,0.000000,0.000000,112.679922
7.880000,0.000000,0.000000,114.259316
7.882000,0.000000,0.000000,115.749353
7.884000,0.000000,0.000000,115.950144
7.884000,0.000000,0.000000,117.191219
7.888000,0.000000,0.000000,119.853779
7.890000,0.000000,0.000000,121.108748
7.892000,0.000000,0.000000,121.258463
7.894000,0.000000,0.000000,122.365201
7.894000,0.000000,0.000000,123.200135
7.898000,0.000000,0.000000,124.707553
7.898000,0.000000,0.000000,124.707553
7.902000,0.000000,0.000000,125.610520
7.904000,0.000000,0.000000,125.862597
7.906000,0.000000,0.000000,125.862597
7.906000,0.000000,0.000000,125.876296
7.910000,0.000000,0.000000,125.507237
7.912000,0.000000,0.000000,125.100430
7.914000,0.000000,0.000000,124.403933
7.916000,0.000000,0.000000,124.403933
7.916000,0.000000,0.000000,123.544259
7.920000,0.000000,0.000000,121.629775
7.922000,0.000000,0.000000,120.505513
7.924000,0.000000,0.000000,119.120771
7.926000,0.000000,0.000000,119.120771
7.926000,0.000000,0.000000,117.574112
7.930000,0.000000,0.000000,114.122273
7.932000,0.000000,0.000000,112.234453
7.934000,0.000000,0.000000,110.257996
7.936000,0.000000,0.000000,110.257996
7.936000,0.000000,0.000000,108.221028
7.940000,0.000000,0.000000,103.722920
7.942000,0.000000,0.000000,101.422036
7.944000,0.000000,0.000000,99.205315
7.944000,0.000000,0.000000,99.205315
7.948000,0.000000,0.000000,94.671166
7.950000,0.000000,0.000000,94.606439
7.952000,0.000000,0.000000,92.262590
7.952000,0.000000,0.000000,90.065353
7.956000,0.000000,0.000000,85.603621
7.958000,0.000000,0.000000,83.279674
7.958000,0.000000,0.000000,83.279674
7.962000,0.000000,0.000000,78.821669
7.964000,0.000000,0.000000,76.633894
7.966000,0.000000,0.000000,74.527214
7.968000,0.000000,0.000000,74.527214
7.968000,0.000000,0.000000,72.559202
7.972000,0.000000,0.000000,68.893532
7.974000,0.000000,0.000000,67.181822
7.974000,0.000000,0.000000,67.181822
7.976000,0.000000,0.000000,65.957968
7.980000,0.000000,0.000000,64.947327
7.982000,0.000000,0.000000,62.705495
7.984000,0.000000,0.000000,62.740517
7.986000,0.000000,0.000000,61.855967
7.988000,0.000000,0.000000,60.595443
7.990000,0.000000,0.000000,59.947233
7.992000,0.000000,0.000000,58.828116
7.994000,0.000000,0.000000,58.828116
7.994000,0.000000,0.000000,57.782660
7.998000,0.000000,0.000000,57.086964
8.000000,0.000000,0.000000,57.741295
8.002000,0.000000,0.000000,58.783321
8.004000,0.000000,0.000000,58.859245
8.006000,0.000000,0.000000,61.420188
8.008000,0.000000,0.000000,62.829013
8.010000,0.000000,0.000000,64.122020
8.012000,0.000000,0.000000,64.205493
8.012000,0.000000,0.000000,65.133957
8.016000,0.000000,0.000000,67.493026
8.018000,0.000000,0.000000,68.311576
8.020000,0.000000,0.000000,68.311576
8.020000,0.000000,0.000000,75.331088
8.024000,0.000000,0.000000,73.937615
8.026000,0.000000,0.000000,72.369652
8.028000,0.000000,0.000000,73.211417
8.030000,0.000000,0.000000,71.184103
8.030000,0.000000,0.000000,69.500418
8.034000,0.000000,0.000000,67.916203
8.036000,0.000000,0.000000,68.993557
8.038000,0.000000,0.000000,73.324568
8.040000,0.000000,0.000000,73.324568
8.042000,0.000000,0.000000,84.600203
8.044000,0.000000,0.000000,90.444167
8.046000,0.000000,0.000000,96.276092
8.046000,0.000000,0.000000,96.447436
8.050000,0.000000,0.000000,107.986418
8.052000,0.000000,0.000000,113.593897
8.054000,0.000000,0.000000,118.607270
8.056000,0.000000,0.000000,118.607270
8.058000,0.000000,0.000000,123.209962
8.060000,0.000000,0.000000,131.622085
8.062000,0.000000,0.000000,135.434106
8.064000,0.000000,0.000000,138.447523
8.066000,0.000000,0.000000,138.447523
8.066000,0.000000,0.000000,141.084376
8.070000,0.000000,0.000000,145.664081
8.072000,0.000000,0.000000,147.629787
8.074000,0.000000,0.000000,148.972768
8.074000,0.000000,0.000000,148.972768
8.078000,0.000000,0.000000,150.805378
8.080000,0.000000,0.000000,151.581106
8.082000,0.000000,0.000000,151.907982
8.084000,0.000000,0.000000,152.009784
8.084000,0.000000,0.000000,152.009784
8.088000,0.000000,0.000000,151.648246
8.090000,0.000000,0.000000,151.376501
8.092000,0.000000,0.000000,150.734798
8.094000,0.000000,0.000000,150.734798
8.094000,0.000000,0.000000,150.422901
8.098000,0.000000,0.000000,148.054889
8.100000,0.000000,0.000000,146.976546
8.100000,0.000000,0.000000,146.976546
8.104000,0.000000,0.000000,144.540288
8.106000,0.000000,0.000000,143.305901
8.108000,0.000000,0.000000,141.949423
8.108000,0.000000,0.000000,141.949423
8.112000,0.000000,0.000000,139.411086
8.114000,0.000000,0.000000,137.675559
8.116000,0.000000,0.000000,136.165060
8.118000,0.000000,0.000000,134.880275
8.118000,0.000000,0.000000,134.880275
8.122000,0.000000,0.000000,131.756432
8.124000,0.000000,0.000000,130.217193
8.126000,0.000000,0.000000,128.535181
8.128000,0.000000,0.000000,127.105310
8.130000,0.000000,0.000000,127.105310
8.130000,0.000000,0.000000,125.916591
8.134000,0.000000,0.000000,123.245692
8.136000,0.000000,0.000000,122.133202
8.138000,0.000000,0.000000,120.851500
8.140000,0.000000,0.000000,120.851500
8.142000,0.000000,0.000000,119.769089
8.144000,0.000000,0.000000,117.643836
8.146000,0.000000,0.000000,116.718445
8.148000,0.000000,0.000000,115.824502
8.150000,0.000000,0.000000,114.971559
8.152000,0.000000,0.000000,114.971559
8.152000,0.000000,0.000000,114.297723
8.156000,0.000000,0.000000,112.919020
8.158000,0.000000,0.000000,112.326045
8.160000,0.000000,0.000000,111.747748
8.162000,0.000000,0.000000,111.747748
8.162000,0.000000,0.000000,111.212251
8.166000,0.000000,0.000000,110.782041
8.168000,0.000000,0.000000,110.595876
8.170000,0.000000,0.000000,110.304165
8.172000,0.000000,0.000000,110.304165
8.172000,0.000000,0.000000,110.042775
8.174000,0.000000,0.000000,109.816629
8.178000,0.000000,0.000000,109.732799
8.180000,0.000000,0.000000,109.793074
8.182000,0.000000,0.000000,109.750283
8.184000,0.000000,0.000000,109.803653
8.184000,0.000000,0.000000,109.841333
8.188000,0.000000,0.000000,110.333508
8.190000,0.000000,0.000000,110.652690
8.192000,0.000000,0.000000,111.149670
8.194000,0.000000,0.000000,111.710516
8.194000,0.000000,0.000000,111.776794
8.198000,0.000000,0.000000,112.256306
8.200000,0.000000,0.000000,113.345739
8.202000,0.000000,0.000000,113.942334
8.204000,0.000000,0.000000,113.942334
8.204000,0.000000,0.000000,114.092456
8.208000,0.000000,0.000000,114.769911
8.210000,0.000000,0.000000,115.087704
8.210000,0.000000,0.000000,123.513842
8.214000,0.000000,0.000000,115.714006
8.216000,0.000000,0.000000,109.306739
8.218000,0.000000,0.000000,105.126604
8.220000,0.000000,0.000000,103.541637
8.222000,0.000000,0.000000,100.414056
8.224000,0.000000,0.000000,96.894639
8.226000,0.000000,0.000000,96.894639
8.228000,0.000000,0.000000,93.819896
8.230000,0.000000,0.000000,89.725303
8.232000,0.000000,0.000000,88.710039
8.234000,0.000000,0.000000,88.897889
8.234000,0.000000,0.000000,88.897889
8.238000,0.000000,0.000000,90.761849
8.240000,0.000000,0.000000,92.075142
8.242000,0.000000,0.000000,93.463397
8.244000,0.000000,0.000000,95.000364
8.246000,0.000000,0.000000,95.000364
8.246000,0.000000,0.000000,96.642988
8.250000,0.000000,0.000000,100.449337
8.252000,0.000000,0.000000,102.485803
8.254000,0.000000,0.000000,104.615248
8.256000,0.000000,0.000000,104.615248
8.256000,0.000000,0.000000,106.792548
8.260000,0.000000,0.000000,111.255677
8.262000,0.000000,0.000000,113.501418
8.264000,0.000000,0.000000,115.628850
8.266000,0.000000,0.000000,115.628850
8.266000,0.000000,0.000000,117.743613
8.270000,0.000000,0.000000,121.849065
8.272000,0.000000,0.000000,122.086808
8.274000,0.000000,0.000000,123.791768
8.274000,0.000000,0.000000,125.448906
8.278000,0.000000,0.000000,128.518745
8.280000,0.000000,0.000000,129.885084
8.282000,0.000000,0.000000,130.996391
8.284000,0.000000,0.000000,130.996391
8.284000,0.000000,0.000000,131.840847
8.288000,0.000000,0.000000,133.422373
8.290000,0.000000,0.000000,133.967041
8.292000,0.000000,0.000000,134.272089
8.292000,0.000000,0.000000,134.272089
8.294000,0.000000,0.000000,134.410366
8.298000,0.000000,0.000000,134.221308
8.300000,0.000000,0.000000,133.870206
8.302000,0.000000,0.000000,133.112909
8.304000,0.000000,0.000000,133.112909
8.304000,0.000000,0.000000,132.252392
8.308000,0.000000,0.000000,129.763600
8.310000,0.000000,0.000000,128.436418
8.312000,0.000000,0.000000,128.436418
8.312000,0.000000,0.000000,126.904693
8.316000,0.000000,0.000000,123.305935
8.318000,0.000000,0.000000,121.386384
8.318000,0.000000,0.000000,119.318524
8.320000,0.000000,0.000000,119.257301
8.324000,0.000000,0.000000,114.563166
8.326000,0.000000,0.000000,112.078957
8.328000,0.000000,0.000000,109.590181
8.328000,0.000000,0.000000,109.521225
8.332000,0.000000,0.000000,104.182826
8.334000,0.000000,0.000000,101.431850
8.336000,0.000000,0.000000,98.833341
8.336000,0.000000,0.000000,98.770104
8.340000,0.000000,0.000000,93.371171
8.342000,0.000000,0.000000,90.204041
8.344000,0.000000,0.000000,87.493299
8.346000,0.000000,0.000000,87.493299
8.346000,0.000000,0.000000,84.897732
8.350000,0.000000,0.000000,79.800431
8.352000,0.000000,0.000000,77.286630
8.354000,0.000000,0.000000,75.122137
8.356000,0.000000,0.000000,75.099979
8.358000,0.000000,0.000000,73.123288
8.360000,0.000000,0.000000,69.834116
8.362000,0.000000,0.000000,69.834116
8.364000,0.000000,0.000000,65.539248
8.366000,0.000000,0.000000,65.551585
8.366000,0.000000,0.000000,63.961024
8.370000,0.000000,0.000000,61.153298
8.372000,0.000000,0.000000,58.941689
8.374000,0.000000,0.000000,58.941689
8.376000,0.000000,0.000000,58.809940
8.378000,0.000000,0.000000,58.105823
8.380000,0.000000,0.000000,57.370219
8.382000,0.000000,0.000000,57.497009
8.384000,0.000000,0.000000,57.675528
8.384000,0.000000,0.000000,57.863449
8.388000,0.000000,0.000000,59.028325
8.390000,0.000000,0.000000,58.952080
8.392000,0.000000,0.000000,59.766683
8.394000,0.000000,0.000000,59.766683
8.394000,0.000000,0.000000,59.669279
8.398000,0.000000,0.000000,61.755274
8.400000,0.000000,0.000000,62.655991
8.402000,0.000000,0.000000,64.493250
8.402000,0.000000,0.000000,65.045782
8.406000,0.000000,0.000000,68.509991
8.408000,0.000000,0.000000,70.533944
8.410000,0.000000,0.000000,72.032351
8.412000,0.000000,0.000000,73.895181
8.414000,0.000000,0.000000,77.998761
8.416000,0.000000,0.000000,79.816716
8.418000,0.000000,0.000000,78.230522
8.420000,0.000000,0.000000,78.504085
8.422000,0.000000,0.000000,77.570382
8.424000,0.000000,0.000000,79.591142
8.426000,0.000000,0.000000,81.819768
8.428000,0.000000,0.000000,86.055172
8.430000,0.000000,0.000000,91.228725
8.430000,0.000000,0.000000,91.121006
8.434000,0.000000,0.000000,102.230332
8.436000,0.000000,0.000000,107.700079
8.438000,0.000000,0.000000,107.700079
8.440000,0.000000,0.000000,113.278313
8.440000,0.000000,0.000000,119.011922
8.444000,0.000000,0.000000,129.046934
8.446000,0.000000,0.000000,133.754380
8.448000,0.000000,0.000000,137.615308
8.450000,0.000000,0.000000,137.615308
8.450000,0.000000,0.000000,141.047850
8.454000,0.000000,0.000000,147.148814
8.456000,0.000000,0.000000,149.812322
8.458000,0.000000,0.000000,149.812322
8.458000,0.000000,0.000000,152.458788
8.462000,0.000000,0.000000,155.131600
8.464000,0.000000,0.000000,156.412035
8.466000,0.000000,0.000000,156.485901
8.468000,0.000000,0.000000,158.421425
8.470000,0.000000,0.000000,158.931281
8.472000,0.000000,0.000000,159.019216
8.474000,0.000000,0.000000,158.349735
8.476000,0.000000,0.000000,157.820981
8.478000,0.000000,0.000000,157.550194
8.480000,0.000000,0.000000,157.071448
8.482000,0.000000,0.000000,156.979408
8.482000,0.000000,0.000000,156.814244
8.486000,0.000000,0.000000,155.029599
8.488000,0.000000,0.000000,153.969584
8.490000,0.000000,0.000000,153.969584
8.490000,0.000000,0.000000,152.654655
8.494000,0.000000,0.000000,149.409449
8.496000,0.000000,0.000000,148.368903
8.496000,0.000000,0.000000,148.368903
8.500000,0.000000,0.000000,145.329144
8.502000,0.000000,0.000000,145.151450
8.504000,0.000000,0.000000,143.813012
8.504000,0.000000,0.000000,142.254674
8.508000,0.000000,0.000000,139.105590
8.510000,0.000000,0.000000,137.562596
8.512000,0.000000,0.000000,136.010955
8.514000,0.000000,0.000000,134.242992
8.516000,0.000000,0.000000,134.242992
8.518000,0.000000,0.000000,132.880007
8.520000,0.000000,0.000000,129.869093
8.522000,0.000000,0.000000,128.674578
8.524000,0.000000,0.000000,128.567654
8.526000,0.000000,0.000000,127.342120
8.526000,0.000000,0.000000,126.016486
8.530000,0.000000,0.000000,123.284527
8.532000,0.000000,0.000000,122.138622
8.534000,0.000000,0.000000,121.070622
8.534000,0.000000,0.000000,120.949035
8.536000,0.000000,0.000000,119.921884
8.540000,0.000000,0.000000,118.109603
8.542000,0.000000,0.000000,117.339277
8.544000,0.000000,0.000000,117.339277
8.546000,0.000000,0.000000,116.703655
8.548000,0.000000,0.000000,116.121066
8.550000,0.000000,0.000000,115.207599
8.552000,0.000000,0.000000,114.832756
8.554000,0.000000,0.000000,114.853297
8.556000,0.000000,0.000000,114.390237
8.556000,0.000000,0.000000,113.975342
8.560000,0.000000,0.000000,113.176376
8.562000,0.000000,0.000000,112.898815
8.564000,0.000000,0.000000,112.945628
8.566000,0.000000,0.000000,112.674872
8.566000,0.000000,0.000000,112.624954
8.570000,0.000000,0.000000,112.763540
8.572000,0.000000,0.000000,113.012604
8.574000,0.000000,0.000000,113.012604
8.574000,0.000000,0.000000,113.327287
8.578000,0.000000,0.000000,114.098621
8.580000,0.000000,0.000000,114.429890
8.582000,0.000000,0.000000,114.504116
8.584000,0.000000,0.000000,114.606160
8.586000,0.000000,0.000000,114.925542
8.588000,0.000000,0.000000,115.511298
8.590000,0.000000,0.000000,115.946140
8.592000,0.000000,0.000000,116.763759
8.594000,0.000000,0.000000,116.763759
8.596000,0.000000,0.000000,117.594299
8.598000,0.000000,0.000000,119.019936
8.600000,0.000000,0.000000,126.524402
8.602000,0.000000,0.000000,118.630774
8.604000,0.000000,0.000000,115.460799
8.606000,0.000000,0.000000,115.460799
8.606000,0.000000,0.000000,112.961158
8.610000,0.000000,0.000000,107.957666
8.612000,0.000000,0.000000,105.196328
8.614000,0.000000,0.000000,101.525719
8.616000,0.000000,0.000000,101.525719
8.618000,0.000000,0.000000,98.109907
8.618000,0.000000,0.000000,95.760744
8.622000,0.000000,0.000000,93.045901
8.624000,0.000000,0.000000,93.193696
8.626000,0.000000,0.000000,93.193696
8.628000,0.000000,0.000000,94.634076
8.628000,0.000000,0.000000,96.206640
8.632000,0.000000,0.000000,99.946611
8.634000,0.000000,0.000000,101.679401
8.636000,0.000000,0.000000,101.679401
8.636000,0.000000,0.000000,103.019896
8.640000,0.000000,0.000000,105.781540
8.642000,0.000000,0.000000,107.406770
8.644000,0.000000,0.000000,107.406770
8.644000,0.000000,0.000000,109.259584
8.648000,0.000000,0.000000,111.189316
8.650000,0.000000,0.000000,113.502208
8.650000,0.000000,0.000000,115.145022
8.654000,0.000000,0.000000,118.668522
8.656000,0.000000,0.000000,120.335280
8.658000,0.000000,0.000000,120.335280
8.660000,0.000000,0.000000,121.782772
8.662000,0.000000,0.000000,124.653723
8.664000,0.000000,0.000000,125.962853
8.666000,0.000000,0.000000,127.175375
8.668000,0.000000,0.000000,127.175375
8.668000,0.000000,0.000000,128.280507
8.672000,0.000000,0.000000,130.020122
8.674000,0.000000,0.000000,130.723609
8.676000,0.000000,0.000000,131.015593
8.678000,0.000000,0.000000,131.121536
8.680000,0.000000,0.000000,131.121536
8.680000,0.000000,0.000000,131.177363
8.684000,0.000000,0.000000,130.787946
8.686000,0.000000,0.000000,130.539763
8.688000,0.000000,0.000000,130.051960
8.690000,0.000000,0.000000,130.051960
8.692000,0.000000,0.000000,129.407462
8.694000,0.000000,0.000000,127.782252
8.696000,0.000000,0.000000,126.769348
8.698000,0.000000,0.000000,126.761581
8.700000,0.000000,0.000000,125.375997
8.700000,0.000000,0.000000,123.751040
8.704000,0.000000,0.000000,120.411561
8.706000,0.000000,0.000000,118.589839
8.708000,0.000000,0.000000,118.534145
8.710000,0.000000,0.000000,116.662782
8.710000,0.000000,0.000000,114.651602
8.714000,0.000000,0.000000,110.407842
8.716000,0.000000,0.000000,108.147429
8.718000,0.000000,0.000000,105.856212
8.720000,0.000000,0.000000,105.856212
8.720000,0.000000,0.000000,103.539155
8.724000,0.000000,0.000000,98.764256
8.726000,0.000000,0.000000,96.309610
8.728000,0.000000,0.000000,94.269679
8.730000,0.000000,0.000000,94.269679
8.732000,0.000000,0.000000,91.689291
8.734000,0.000000,0.000000,87.081234
8.736000,0.000000,0.000000,84.774976
8.738000,0.000000,0.000000,82.704619
8.740000,0.000000,0.000000,82.704619
8.742000,0.000000,0.000000,80.743835
8.744000,0.000000,0.000000,76.354085
8.746000,0.000000,0.000000,74.576421
8.748000,0.000000,0.000000,72.414405
8.750000,0.000000,0.000000,72.414405
8.750000,0.000000,0.000000,70.975213
8.754000,0.000000,0.000000,68.581614
8.756000,0.000000,0.000000,67.428684
8.758000,0.000000,0.000000,67.428684
8.760000,0.000000,0.000000,66.972947
8.760000,0.000000,0.000000,65.728069
8.764000,0.000000,0.000000,63.845890
8.766000,0.000000,0.000000,63.171158
8.768000,0.000000,0.000000,62.594248
8.770000,0.000000,0.000000,63.180523
8.770000,0.000000,0.000000,62.173673
8.774000,0.000000,0.000000,62.225081
8.776000,0.000000,0.000000,62.433334
8.778000,0.000000,0.000000,63.092069
8.780000,0.000000,0.000000,63.167873
8.780000,0.000000,0.000000,63.923400
8.784000,0.000000,0.000000,65.501342
8.786000,0.000000,0.000000,66.294269
8.788000,0.000000,0.000000,67.263088
8.790000,0.000000,0.000000,68.236426
8.790000,0.000000,0.000000,68.315316
8.794000,0.000000,0.000000,70.484393
8.796000,0.000000,0.000000,71.577358
8.798000,0.000000,0.000000,72.930991
8.800000,0.000000,0.000000,74.349555
8.802000,0.000000,0.000000,74.349555
8.804000,0.000000,0.000000,78.620927
8.806000,0.000000,0.000000,80.495663
8.808000,0.000000,0.000000,78.747279
8.810000,0.000000,0.000000,78.506286
8.810000,0.000000,0.000000,77.581121
8.814000,0.000000,0.000000,78.395476
8.816000,0.000000,0.000000,78.395476
8.818000,0.000000,0.000000,79.891063
8.820000,0.000000,0.000000,87.615390
8.822000,0.000000,0.000000,92.491706
8.824000,0.000000,0.000000,98.014404
8.826000,0.000000,0.000000,103.848085
8.828000,0.000000,0.000000,103.848085
8.828000,0.000000,0.000000,109.760932
8.832000,0.000000,0.000000,120.060439
8.834000,0.000000,0.000000,125.072991
8.836000,0.000000,0.000000,129.278874
8.838000,0.000000,0.000000,129.278874
8.838000,0.000000,0.000000,133.077274
8.842000,0.000000,0.000000,139.865803
8.844000,0.000000,0.000000,142.875347
8.846000,0.000000,0.000000,142.875347
8.848000,0.000000,0.000000,145.161751
8.850000,0.000000,0.000000,149.028310
8.852000,0.000000,0.000000,150.651039
8.854000,0.000000,0.000000,151.699437
8.856000,0.000000,0.000000,151.699437
8.858000,0.000000,0.000000,152.976697
8.860000,0.000000,0.000000,153.483809
8.862000,0.000000,0.000000,153.561370
8.864000,0.000000,0.000000,153.426278
8.866000,0.000000,0.000000,153.416902
8.868000,0.000000,0.000000,152.928919
8.870000,0.000000,0.000000,152.345427
8.872000,0.000000,0.000000,151.463839
8.874000,0.000000,0.000000,151.463839
8.876000,0.000000,0.000000,150.447242
8.878000,0.000000,0.000000,148.227672
8.880000,0.000000,0.000000,147.035625
8.882000,0.000000,0.000000,145.686433
8.884000,0.000000,0.000000,145.686433
8.886000,0.000000,0.000000,142.822734
8.888000,0.000000,0.000000,141.357741
8.890000,0.000000,0.000000,139.805393
8.892000,0.000000,0.000000,138.192732
8.892000,0.000000,0.000000,138.192732
8.896000,0.000000,0.000000,134.856857
8.898000,0.000000,0.000000,133.019088
8.900000,0.000000,0.000000,131.596414
8.902000,0.000000,0.000000,130.045272
8.904000,0.000000,0.000000,130.045272
8.906000,0.000000,0.000000,126.927105
8.908000,0.000000,0.000000,125.419230
8.910000,0.000000,0.000000,123.974913
8.910000,0.000000,0.000000,123.974913
8.914000,0.000000,0.000000,121.212782
8.916000,0.000000,0.000000,119.906746
8.918000,0.000000,0.000000,118.723514
8.920000,0.000000,0.000000,117.562630
8.920000,0.000000,0.000000,117.562630
8.924000,0.000000,0.000000,115.496847
8.926000,0.000000,0.000000,114.475935
8.928000,0.000000,0.000000,113.485688
8.930000,0.000000,0.000000,112.542545
8.930000,0.000000,0.000000,112.542545
8.932000,0.000000,0.000000,111.681702
8.936000,0.000000,0.000000,110.271471
8.938000,0.000000,0.000000,109.675833
8.940000,0.000000,0.000000,109.064957
8.942000,0.000000,0.000000,109.064957
8.942000,0.000000,0.000000,108.641672
8.946000,0.000000,0.000000,108.076169
8.948000,0.000000,0.000000,107.904154
8.950000,0.000000,0.000000,107.670601
8.952000,0.000000,0.000000,107.510094
8.952000,0.000000,0.000000,107.510094
8.956000,0.000000,0.000000,107.169309
8.958000,0.000000,0.000000,107.241840
8.960000,0.000000,0.000000,107.294401
8.962000,0.000000,0.000000,107.303021
8.964000,0.000000,0.000000,107.418577
8.964000,0.000000,0.000000,107.418577
8.968000,0.000000,0.000000,108.015729
8.970000,0.000000,0.000000,108.599770
8.972000,0.000000,0.000000,108.599770
8.974000,0.000000,0.000000,109.048104
8.976000,0.000000,0.000000,109.539427
8.982000,0.000000,0.000000,110.089715
8.984000,0.000000,0.000000,111.891441
8.986000,0.000000,0.000000,112.271720
8.988000,0.000000,0.000000,112.332676
8.990000,0.000000,0.000000,112.779989
8.992000,0.000000,0.000000,115.060223
8.994000,0.000000,0.000000,107.986837
8.996000,0.000000,0.000000,105.548902
8.998000,0.000000,0.000000,105.548902
9.000000,0.000000,0.000000,101.367301
9.002000,0.000000,0.000000,99.505246
9.002000,0.000000,0.000000,99.505246
9.006000,0.000000,0.000000,96.461100
9.008000,0.000000,0.000000,93.002749
9.008000,0.000000,0.000000,89.989793
9.012000,0.000000,0.000000,85.911934
9.014000,0.000000,0.000000,85.459647
9.016000,0.000000,0.000000,85.459647
9.016000,0.000000,0.000000,86.138858
9.018000,0.000000,0.000000,87.166303
9.020000,0.000000,0.000000,88.545012
9.024000,0.000000,0.000000,91.669805
9.026000,0.000000,0.000000,91.669805
9.028000,0.000000,0.000000,93.363674
9.028000,0.000000,0.000000,94.792593
9.032000,0.000000,0.000000,98.128374
9.034000,0.000000,0.000000,99.645971
9.034000,0.000000,0.000000,99.990366
9.038000,0.000000,0.000000,103.815848
9.040000,0.000000,0.000000,105.723778
9.042000,0.000000,0.000000,105.723778
9.042000,0.000000,0.000000,107.656537
9.046000,0.000000,0.000000,111.523865
9.048000,0.000000,0.000000,111.523865
9.050000,0.000000,0.000000,113.390327
9.050000,0.000000,0.000000,115.028147
9.054000,0.000000,0.000000,118.233922
9.056000,0.000000,0.000000,118.421804
9.058000,0.000000,0.000000,119.706446
9.058000,0.000000,0.000000,120.999316
9.062000,0.000000,0.000000,123.374651
9.064000,0.000000,0.000000,124.397266
9.066000,0.000000,0.000000,124.397266
9.068000,0.000000,0.000000,125.212472
9.070000,0.000000,0.000000,126.672656
9.072000,0.000000,0.000000,127.105976
9.074000,0.000000,0.000000,127.105976
9.074000,0.000000,0.000000,127.164005
9.078000,0.000000,0.000000,127.046105
9.080000,0.000000,0.000000,126.868248
9.082000,0.000000,0.000000,126.520701
9.084000,0.000000,0.000000,125.967252
9.086000,0.000000,0.000000,125.289425
9.088000,0.000000,0.000000,123.452294
9.090000,0.000000,0.000000,122.298293
9.092000,0.000000,0.000000,122.298293
9.094000,0.000000,0.000000,121.066310
9.096000,0.000000,0.000000,119.723092
9.098000,0.000000,0.000000,116.525602
9.100000,0.000000,0.000000,114.590744
9.102000,0.000000,0.000000,114.590744
9.104000,0.000000,0.000000,110.204789
9.106000,0.000000,0.000000,110.204789
9.106000,0.000000,0.000000,107.868814
9.110000,0.000000,0.000000,103.098530
9.112000,0.000000,0.000000,100.840376
9.114000,0.000000,0.000000,98.461818
9.114000,0.000000,0.000000,98.461818
9.116000,0.000000,0.000000,95.626652
9.120000,0.000000,0.000000,90.438948
9.122000,0.000000,0.000000,90.438948
9.122000,0.000000,0.000000,87.849291
9.126000,0.000000,0.000000,83.043883
9.128000,0.000000,0.000000,80.705126
9.130000,0.000000,0.000000,81.026454
9.130000,0.000000,0.000000,78.458437
9.134000,0.000000,0.000000,73.938466
9.136000,0.000000,0.000000,73.938466
9.138000,0.000000,0.000000,71.729099
9.138000,0.000000,0.000000,69.867959
9.142000,0.000000,0.000000,65.684483
9.144000,0.000000,0.000000,65.670211
9.146000,0.000000,0.000000,63.505926
9.146000,0.000000,0.000000,61.941139
9.150000,0.000000,0.000000,59.256405
9.152000,0.000000,0.000000,58.165213
9.154000,0.000000,0.000000,58.165213
9.154000,0.000000,0.000000,57.552491
9.158000,0.000000,0.000000,56.554580
9.160000,0.000000,0.000000,56.081888
9.162000,0.000000,0.000000,55.838135
9.164000,0.000000,0.000000,56.425533
9.166000,0.000000,0.000000,55.680581
9.168000,0.000000,0.000000,54.471980
9.170000,0.000000,0.000000,54.574913
9.172000,0.000000,0.000000,54.574913
9.172000,0.000000,0.000000,55.266946
9.176000,0.000000,0.000000,57.148612
9.178000,0.000000,0.000000,57.148612
9.180000,0.000000,0.000000,58.363524
9.182000,0.000000,0.000000,61.455917
9.184000,0.000000,0.000000,63.024563
9.186000,0.000000,0.000000,64.401619
9.188000,0.000000,0.000000,64.401619
9.188000,0.000000,0.000000,65.690028
9.192000,0.000000,0.000000,67.349194
9.194000,0.000000,0.000000,69.253113
9.196000,0.000000,0.000000,68.383201
9.196000,0.000000,0.000000,71.717572
9.200000,0.000000,0.000000,68.390534
9.202000,0.000000,0.000000,67.348128
9.204000,0.000000,0.000000,67.348128
9.204000,0.000000,0.000000,69.342469
9.208000,0.000000,0.000000,76.501603
9.210000,0.000000,0.000000,81.052489
9.212000,0.000000,0.000000,86.811786
9.214000,0.000000,0.000000,92.734578
9.216000,0.000000,0.000000,92.734578
9.216000,0.000000,0.000000,99.206148
9.220000,0.000000,0.000000,111.861369
9.222000,0.000000,0.000000,117.564039
9.224000,0.000000,0.000000,122.823711
9.226000,0.000000,0.000000,127.246007
9.228000,0.000000,0.000000,127.591637
9.230000,0.000000,0.000000,135.863501
9.232000,0.000000,0.000000,139.755257
9.234000,0.000000,0.000000,139.755257
9.236000,0.000000,0.000000,145.647598
9.236000,0.000000,0.000000,145.647598
9.240000,0.000000,0.000000,150.903266
9.242000,0.000000,0.000000,150.428937
9.242000,0.000000,0.000000,153.164424
9.246000,0.000000,0.000000,155.927195
9.248000,0.000000,0.000000,157.014755
9.250000,0.000000,0.000000,157.590295
9.252000,0.000000,0.000000,157.590295
9.254000,0.000000,0.000000,157.915821
9.256000,0.000000,0.000000,158.112911
9.258000,0.000000,0.000000,158.013903
9.260000,0.000000,0.000000,156.907154
9.262000,0.000000,0.000000,156.883785
9.264000,0.000000,0.000000,156.883785
9.266000,0.000000,0.000000,154.624163
9.268000,0.000000,0.000000,154.268359
9.270000,0.000000,0.000000,153.304651
9.272000,0.000000,0.000000,152.633104
9.274000,0.000000,0.000000,150.044036
9.276000,0.000000,0.000000,148.787701
9.278000,0.000000,0.000000,147.452220
9.280000,0.000000,0.000000,146.062814
9.280000,0.000000,0.000000,146.062814
9.284000,0.000000,0.000000,143.559109
9.286000,0.000000,0.000000,143.559109
9.288000,0.000000,0.000000,140.538391
9.290000,0.000000,0.000000,139.022121
9.292000,0.000000,0.000000,137.450288
9.294000,0.000000,0.000000,137.450288
9.296000,0.000000,0.000000,135.876643
9.298000,0.000000,0.000000,132.853374
9.300000,0.000000,0.000000,132.853374
9.300000,0.000000,0.000000,131.446311
9.304000,0.000000,0.000000,130.081108
9.306000,0.000000,0.000000,128.825838
9.308000,0.000000,0.000000,126.336987
9.310000,0.000000,0.000000,125.156713
9.312000,0.000000,0.000000,123.984344
9.314000,0.000000,0.000000,122.743343
9.314000,0.000000,0.000000,122.743343
9.318000,0.000000,0.000000,120.790151
9.320000,0.000000,0.000000,119.972106
9.322000,0.000000,0.000000,119.267275
9.324000,0.000000,0.000000,119.267275
9.326000,0.000000,0.000000,118.624245
9.328000,0.000000,0.000000,118.624245
9.330000,0.000000,0.000000,116.660132
9.332000,0.000000,0.000000,116.229468
9.334000,0.000000,0.000000,116.241172
9.334000,0.000000,0.000000,115.704577
9.336000,0.000000,0.000000,115.186166
9.340000,0.000000,0.000000,114.319258
9.342000,0.000000,0.000000,114.216736
9.344000,0.000000,0.000000,114.216736
9.346000,0.000000,0.000000,114.170696
9.346000,0.000000,0.000000,114.135828
9.350000,0.000000,0.000000,114.287602
9.352000,0.000000,0.000000,114.359456
9.352000,0.000000,0.000000,114.527623
9.356000,0.000000,0.000000,114.663969
9.358000,0.000000,0.000000,114.803218
9.358000,0.000000,0.000000,114.803218
9.362000,0.000000,0.000000,115.210543
9.364000,0.000000,0.000000,115.430417
9.366000,0.000000,0.000000,115.430417
9.366000,0.000000,0.000000,116.043994
9.370000,0.000000,0.000000,117.309477
9.372000,0.000000,0.000000,117.940823
9.374000,0.000000,0.000000,117.940823
9.374000,0.000000,0.000000,118.258866
9.378000,0.000000,0.000000,118.797243
9.380000,0.000000,0.000000,119.053806
9.382000,0.000000,0.000000,113.955162
9.384000,0.000000,0.000000,112.424686
9.384000,0.000000,0.000000,112.424686
9.388000,0.000000,0.000000,104.575606
9.390000,0.000000,0.000000,103.584679
9.392000,0.000000,0.000000,103.291566
9.392000,0.000000,0.000000,101.488852
9.396000,0.000000,0.000000,97.413254
9.398000,0.000000,0.000000,95.379213
9.400000,0.000000,0.000000,93.536926
9.402000,0.000000,0.000000,93.536926
9.402000,0.000000,0.000000,92.328158
9.406000,0.000000,0.000000,91.911705
9.408000,0.000000,0.000000,92.604250
9.410000,0.000000,0.000000,92.768731
9.412000,0.000000,0.000000,94.186545
9.412000,0.000000,0.000000,96.098136
9.416000,0.000000,0.000000,100.181224
9.418000,0.000000,0.000000,100.181224
9.420000,0.000000,0.000000,104.208806
9.422000,0.000000,0.000000,106.225312
9.424000,0.000000,0.000000,106.529394
9.424000,0.000000,0.000000,108.181875
9.428000,0.000000,0.000000,112.207027
9.430000,0.000000,0.000000,112.506256
9.430000,0.000000,0.000000,114.329014
9.434000,0.000000,0.000000,118.544620
9.436000,0.000000,0.000000,118.544620
9.436000,0.000000,0.000000,120.696617
9.440000,0.000000,0.000000,124.714282
9.442000,0.000000,0.000000,124.951414
9.442000,0.000000,0.000000,126.714960
9.446000,0.000000,0.000000,129.936467
9.448000,0.000000,0.000000,131.491047
9.448000,0.000000,0.000000,131.491047
9.452000,0.000000,0.000000,133.730642
9.454000,0.000000,0.000000,134.910426
9.456000,0.000000,0.000000,134.910426
9.458000,0.000000,0.000000,135.637316
9.458000,0.000000,0.000000,136.251775
9.462000,0.000000,0.000000,137.060954
9.464000,0.000000,0.000000,137.118603
9.466000,0.000000,0.000000,137.118603
9.468000,0.000000,0.000000,136.974595
9.468000,0.000000,0.000000,136.702634
9.472000,0.000000,0.000000,135.923937
9.474000,0.000000,0.000000,135.229768
9.476000,0.000000,0.000000,135.229768
9.478000,0.000000,0.000000,133.030895
9.480000,0.000000,0.000000,131.705438
9.482000,0.000000,0.000000,131.705438
9.484000,0.000000,0.000000,130.092675
9.484000,0.000000,0.000000,128.465335
9.488000,0.000000,0.000000,124.740614
9.490000,0.000000,0.000000,122.669193
9.492000,0.000000,0.000000,120.541235
9.494000,0.000000,0.000000,120.502938
9.496000,0.000000,0.000000,118.165640
9.498000,0.000000,0.000000,113.377664
9.500000,0.000000,0.000000,111.028601
9.502000,0.000000,0.000000,108.368443
9.504000,0.000000,0.000000,108.368443
9.506000,0.000000,0.000000,105.806565
9.506000,0.000000,0.000000,103.231807
9.510000,0.000000,0.000000,97.873394
9.512000,0.000000,0.000000,95.195102
9.514000,0.000000,0.000000,93.014807
9.516000,0.000000,0.000000,93.014807
9.518000,0.000000,0.000000,90.294557
9.520000,0.000000,0.000000,85.574288
9.522000,0.000000,0.000000,83.096422
9.524000,0.000000,0.000000,80.990159
9.526000,0.000000,0.000000,80.990159
9.528000,0.000000,0.000000,79.052294
9.530000,0.000000,0.000000,74.793850
9.532000,0.000000,0.000000,72.903698
9.534000,0.000000,0.000000,72.905308
9.534000,0.000000,0.000000,71.314291
9.538000,0.000000,0.000000,69.082548
9.540000,0.000000,0.000000,67.238093
9.542000,0.000000,0.000000,67.238093
9.542000,0.000000,0.000000,65.811385
9.544000,0.000000,0.000000,64.643300
9.548000,0.000000,0.000000,62.737489
9.550000,0.000000,0.000000,62.291176
9.552000,0.000000,0.000000,62.523691
9.552000,0.000000,0.000000,62.523691
9.556000,0.000000,0.000000,63.027845
9.558000,0.000000,0.000000,63.308589
9.558000,0.000000,0.000000,63.308589
9.560000,0.000000,0.000000,63.817684
9.564000,0.000000,0.000000,64.901296
9.566000,0.000000,0.000000,64.901296
9.568000,0.000000,0.000000,66.441584
9.570000,0.000000,0.000000,67.626010
9.572000,0.000000,0.000000,68.669546
9.572000,0.000000,0.000000,68.758591
9.574000,0.000000,0.000000,69.544304
9.578000,0.000000,0.000000,72.352734
9.580000,0.000000,0.000000,73.677481
9.582000,0.000000,0.000000,74.878377
9.584000,0.000000,0.000000,79.321670
9.584000,0.000000,0.000000,79.024727
9.586000,0.000000,0.000000,79.153994
9.590000,0.000000,0.000000,74.910463
9.592000,0.000000,0.000000,73.309855
9.594000,0.000000,0.000000,73.309855
9.594000,0.000000,0.000000,72.622784
9.596000,0.000000,0.000000,76.039994
9.600000,0.000000,0.000000,82.444514
9.602000,0.000000,0.000000,87.208157
9.604000,0.000000,0.000000,93.088600
9.606000,0.000000,0.000000,93.088600
9.606000,0.000000,0.000000,98.994610
9.608000,0.000000,0.000000,105.048423
9.612000,0.000000,0.000000,115.550087
9.614000,0.000000,0.000000,121.313429
9.616000,0.000000,0.000000,125.280524
9.616000,0.000000,0.000000,125.582758
9.620000,0.000000,0.000000,133.330311
9.622000,0.000000,0.000000,136.819543
9.624000,0.000000,0.000000,136.819543
9.624000,0.000000,0.000000,139.600155
9.626000,0.000000,0.000000,142.045325
9.630000,0.000000,0.000000,146.601311
9.632000,0.000000,0.000000,148.396251
9.634000,0.000000,0.000000,149.556945
9.634000,0.000000,0.000000,149.556945
9.638000,0.000000,0.000000,150.424006
9.640000,0.000000,0.000000,151.112204
9.642000,0.000000,0.000000,152.016800
9.644000,0.000000,0.000000,151.994289
9.644000,0.000000,0.000000,151.994289
9.648000,0.000000,0.000000,151.344456
9.650000,0.000000,0.000000,150.939788
9.652000,0.000000,0.000000,150.274437
9.652000,0.000000,0.000000,150.274437
9.654000,0.000000,0.000000,149.490101
9.658000,0.000000,0.000000,147.720559
9.660000,0.000000,0.000000,146.747835
9.662000,0.000000,0.000000,145.217245
9.664000,0.000000,0.000000,144.107782
9.664000,0.000000,0.000000,143.998578
9.668000,0.000000,0.000000,141.375144
9.670000,0.000000,0.000000,140.042979
9.672000,0.000000,0.000000,138.928868
9.672000,0.000000,0.000000,138.928868
9.676000,0.000000,0.000000,135.748102
9.678000,0.000000,0.000000,134.292837
9.680000,0.000000,0.000000,132.882461
9.682000,0.000000,0.000000,131.485620
9.684000,0.000000,0.000000,131.485620
9.684000,0.000000,0.000000,130.098279
9.688000,0.000000,0.000000,127.597735
9.690000,0.000000,0.000000,126.169961
9.692000,0.000000,0.000000,126.169961
9.692000,0.000000,0.000000,124.946381
9.696000,0.000000,0.000000,122.400330
9.698000,0.000000,0.000000,121.283071
9.700000,0.000000,0.000000,120.182936
9.702000,0.000000,0.000000,119.193924
9.704000,0.000000,0.000000,119.096038
9.706000,0.000000,0.000000,117.225864
9.708000,0.000000,0.000000,116.283634
9.710000,0.000000,0.000000,115.387560
9.710000,0.000000,0.000000,115.365885
9.714000,0.000000,0.000000,113.833857
9.716000,0.000000,0.000000,113.186764
9.718000,0.000000,0.000000,112.593790
9.720000,0.000000,0.000000,112.034314
9.722000,0.000000,0.000000,112.045221
9.722000,0.000000,0.000000,111.532692
9.726000,0.000000,0.000000,110.944575
9.728000,0.000000,0.000000,110.974708
9.730000,0.000000,0.000000,110.447846
9.732000,0.000000,0.000000,110.447846
9.734000,0.000000,0.000000,109.947499
9.736000,0.000000,0.000000,109.931494
9.738000,0.000000,0.000000,109.878825
9.738000,0.000000,0.000000,109.929463
9.742000,0.000000,0.000000,110.344908
9.744000,0.000000,0.000000,110.662906
9.744000,0.000000,0.000000,110.722542
9.748000,0.000000,0.000000,111.442060
9.750000,0.000000,0.000000,111.496123
9.752000,0.000000,0.000000,111.802765
9.752000,0.000000,0.000000,111.992946
9.756000,0.000000,0.000000,112.479349
9.758000,0.000000,0.000000,112.831248
9.760000,0.000000,0.000000,112.831248
9.760000,0.000000,0.000000,113.083224
9.764000,0.000000,0.000000,113.792367
9.766000,0.000000,0.000000,114.568821
9.766000,0.000000,0.000000,114.631203
9.770000,0.000000,0.000000,116.178247
9.772000,0.000000,0.000000,117.830460
9.774000,0.000000,0.000000,115.635510
9.774000,0.000000,0.000000,111.241070
9.778000,0.000000,0.000000,107.553555
9.780000,0.000000,0.000000,106.411873
9.782000,0.000000,0.000000,103.420814
9.784000,0.000000,0.000000,103.420814
9.786000,0.000000,0.000000,96.488012
9.788000,0.000000,0.000000,93.651047
9.790000,0.000000,0.000000,92.192297
9.792000,0.000000,0.000000,92.192297
9.794000,0.000000,0.000000,91.405050
9.796000,0.000000,0.000000,91.552728
9.798000,0.000000,0.000000,91.552728
9.800000,0.000000,0.000000,92.275083
9.800000,0.000000,0.000000,93.328076
9.802000,0.000000,0.000000,94.568914
9.806000,0.000000,0.000000,97.498941
9.808000,0.000000,0.000000,99.086201
9.810000,0.000000,0.000000,100.646568
9.812000,0.000000,0.000000,100.646568
9.812000,0.000000,0.000000,102.247472
9.816000,0.000000,0.000000,105.662298
9.818000,0.000000,0.000000,107.551719
9.820000,0.000000,0.000000,109.370416
9.822000,0.000000,0.000000,111.129401
9.822000,0.000000,0.000000,111.129401
9.824000,0.000000,0.000000,112.799246
9.828000,0.000000,0.000000,116.053352
9.830000,0.000000,0.000000,117.639342
9.832000,0.000000,0.000000,119.051407
9.834000,0.000000,0.000000,120.357538
9.834000,0.000000,0.000000,120.357538
9.838000,0.000000,0.000000,122.638033
9.840000,0.000000,0.000000,123.704569
9.842000,0.000000,0.000000,124.622402
9.844000,0.000000,0.000000,125.408971
9.844000,0.000000,0.000000,125.408971
9.848000,0.000000,0.000000,126.430545
9.850000,0.000000,0.000000,126.814523
9.852000,0.000000,0.000000,126.890128
9.852000,0.000000,0.000000,126.890128
9.856000,0.000000,0.000000,126.554025
9.858000,0.000000,0.000000,126.264141
9.860000,0.000000,0.000000,125.740561
9.862000,0.000000,0.000000,125.744599
9.864000,0.000000,0.000000,125.069561
9.864000,0.000000,0.000000,124.263708
9.868000,0.000000,0.000000,122.434006
9.870000,0.000000,0.000000,121.354306
9.872000,0.000000,0.000000,120.068886
9.874000,0.000000,0.000000,118.627802
9.874000,0.000000,0.000000,118.627802
9.878000,0.000000,0.000000,115.303248
9.880000,0.000000,0.000000,113.484613
9.882000,0.000000,0.000000,111.549897
9.882000,0.000000,0.000000,111.549897
9.886000,0.000000,0.000000,107.483462
9.888000,0.000000,0.000000,105.504156
9.890000,0.000000,0.000000,105.504156
9.892000,0.000000,0.000000,103.166939
9.892000,0.000000,0.000000,100.926167
9.896000,0.000000,0.000000,96.481222
9.898000,0.000000,0.000000,94.145108
9.900000,0.000000,0.000000,94.145108
9.900000,0.000000,0.000000,91.677780
9.902000,0.000000,0.000000,89.537115
9.906000,0.000000,0.000000,85.050373
9.908000,0.000000,0.000000,83.181297
9.910000,0.000000,0.000000,83.181297
9.912000,0.000000,0.000000,80.776689
9.912000,0.000000,0.000000,78.808819
9.916000,0.000000,0.000000,74.483700
9.918000,0.000000,0.000000,72.290519
9.920000,0.000000,0.000000,70.536430
9.922000,0.000000,0.000000,68.912563
9.922000,0.000000,0.000000,69.387212
9.926000,0.000000,0.000000,66.259662
9.928000,0.000000,0.000000,64.996618
9.930000,0.000000,0.000000,64.063420
9.932000,0.000000,0.000000,63.117289
9.934000,0.000000,0.000000,62.395753
9.936000,0.000000,0.000000,62.395753
9.938000,0.000000,0.000000,61.195637
9.940000,0.000000,0.000000,59.820674
9.942000,0.000000,0.000000,59.498115
9.944000,0.000000,0.000000,59.040463
9.946000,0.000000,0.000000,58.378335
9.946000,0.000000,0.000000,58.378335
9.950000,0.000000,0.000000,59.201796
9.952000,0.000000,0.000000,59.810640
9.954000,0.000000,0.000000,60.682135
9.956000,0.000000,0.000000,60.682135
9.956000,0.000000,0.000000,61.644484
9.960000,0.000000,0.000000,63.709401
9.962000,0.000000,0.000000,64.732773
9.964000,0.000000,0.000000,65.731240
9.966000,0.000000,0.000000,65.731240
9.966000,0.000000,0.000000,65.779430
9.970000,0.000000,0.000000,66.742654
9.972000,0.000000,0.000000,71.309542
9.974000,0.000000,0.000000,71.391403
9.976000,0.000000,0.000000,71.391403
9.976000,0.000000,0.000000,68.646110
9.980000,0.000000,0.000000,63.860986
9.982000,0.000000,0.000000,63.071389
9.984000,0.000000,0.000000,63.071389
9.984000,0.000000,0.000000,65.689163
9.986000,0.000000,0.000000,69.885138
9.990000,0.000000,0.000000,79.164830
9.992000,0.000000,0.000000,79.256204
9.994000,0.000000,0.000000,84.690616
9.994000,0.000000,0.000000,90.871061
9.996000,0.000000,0.000000,97.264282
10.000000,0.000000,0.000000,109.613003
10.002000,0.000000,0.000000,115.293061
10.004000,0.000000,0.000000,115.293061
10.004000,0.000000,0.000000,120.112736
10.006000,0.000000,0.000000,124.483226
10.010000,0.000000,0.000000,132.819521
10.012000,0.000000,0.000000,136.359325
10.014000,0.000000,0.000000,139.045285
10.016000,0.000000,0.000000,139.045285
10.016000,0.000000,0.000000,141.350790
10.020000,0.000000,0.000000,145.371912
10.022000,0.000000,0.000000,147.093854
10.024000,0.000000,0.000000,147.093854
10.024000,0.000000,0.000000,148.259685
10.026000,0.000000,0.000000,149.150924
10.030000,0.000000,0.000000,150.664702
10.032000,0.000000,0.000000,151.097074
10.034000,0.000000,0.000000,151.099829
10.036000,0.000000,0.000000,151.099829
10.036000,0.000000,0.000000,150.903818
10.040000,0.000000,0.000000,150.188805
10.042000,0.000000,0.000000,149.629934
10.044000,0.000000,0.000000,148.781311
10.046000,0.000000,0.000000,148.781311
10.046000,0.000000,0.000000,147.817456
10.048000,0.000000,0.000000,146.776352
10.052000,0.000000,0.000000,144.647743
10.054000,0.000000,0.000000,143.499415
10.056000,0.000000,0.000000,143.348324
10.058000,0.000000,0.000000,142.213375
10.058000,0.000000,0.000000,140.914105
10.060000,0.000000,0.000000,140.914105
10.064000,0.000000,0.000000,137.193041
10.066000,0.000000,0.000000,137.193041
10.068000,0.000000,0.000000,135.501853
10.070000,0.000000,0.000000,132.179154
10.072000,0.000000,0.000000,130.886196
10.074000,0.000000,0.000000,130.886196
10.074000,0.000000,0.000000,129.449970
10.078000,0.000000,0.000000,126.684427
10.080000,0.000000,0.000000,125.328626
10.082000,0.000000,0.000000,124.164116
10.084000,0.000000,0.000000,123.925162
10.086000,0.000000,0.000000,121.605128
10.088000,0.000000,0.000000,120.520280
10.090000,0.000000,0.000000,119.519558
10.090000,0.000000,0.000000,119.365841
10.094000,0.000000,0.000000,117.322163
10.096000,0.000000,0.000000,116.375635
10.098000,0.000000,0.000000,116.279300
10.098000,0.000000,0.000000,115.355288
10.102000,0.000000,0.000000,113.626853
10.104000,0.000000,0.000000,112.883451
10.106000,0.000000,0.000000,112.181321
10.108000,0.000000,0.000000,112.181321
10.110000,0.000000,0.000000,111.643830
10.110000,0.000000,0.000000,111.080112
10.114000,0.000000,0.000000,110.226661
10.116000,0.000000,0.000000,110.226661
10.118000,0.000000,0.000000,109.888640
10.120000,0.000000,0.000000,109.928198
10.120000,0.000000,0.000000,109.832387
10.124000,0.000000,0.000000,109.758285
10.126000,0.000000,0.000000,109.686739
10.128000,0.000000,0.000000,109.498358
10.130000,0.000000,0.000000,109.498358
10.132000,0.000000,0.000000,109.337877
10.132000,0.000000,0.000000,109.398747
10.136000,0.000000,0.000000,109.761801
10.138000,0.000000,0.000000,109.983460
10.140000,0.000000,0.000000,109.983460
10.142000,0.000000,0.000000,110.142764
10.142000,0.000000,0.000000,110.675527
10.146000,0.000000,0.000000,112.090138
10.148000,0.000000,0.000000,112.766217
10.150000,0.000000,0.000000,113.011502
10.150000,0.000000,0.000000,113.011502
10.154000,0.000000,0.000000,113.223928
10.156000,0.000000,0.000000,113.338100
10.158000,0.000000,0.000000,113.338100
10.158000,0.000000,0.000000,113.542133
10.162000,0.000000,0.000000,109.768405
10.162000,0.000000,0.000000,107.692945
10.166000,0.000000,0.000000,100.508581
10.168000,0.000000,0.000000,99.213721
10.168000,0.000000,0.000000,99.213721
10.172000,0.000000,0.000000,94.649649
10.174000,0.000000,0.000000,92.569408
10.176000,0.000000,0.000000,92.569408
10.178000,0.000000,0.000000,90.541764
10.180000,0.000000,0.000000,87.729982
10.182000,0.000000,0.000000,87.164299
10.184000,0.000000,0.000000,87.908037
10.186000,0.000000,0.000000,89.200408
10.186000,0.000000,0.000000,89.200408
10.190000,0.000000,0.000000,92.441767
10.192000,0.000000,0.000000,94.207217
10.192000,0.000000,0.000000,94.207217
10.196000,0.000000,0.000000,97.805904
10.198000,0.000000,0.000000,99.761319
10.200000,0.000000,0.000000,101.827086
10.202000,0.000000,0.000000,103.691549
10.204000,0.000000,0.000000,103.976562
10.206000,0.000000,0.000000,108.451413
10.208000,0.000000,0.000000,110.705708
10.210000,0.000000,0.000000,112.559423
10.212000,0.000000,0.000000,112.830667
10.212000,0.000000,0.000000,114.961477
10.214000,0.000000,0.000000,116.994430
10.218000,0.000000,0.000000,121.085764
10.220000,0.000000,0.000000,123.027551
10.222000,0.000000,0.000000,124.534437
10.224000,0.000000,0.000000,124.735021
10.226000,0.000000,0.000000,127.807737
10.228000,0.000000,0.000000,129.218584
10.230000,0.000000,0.000000,130.311164
10.230000,0.000000,0.000000,130.311164
10.234000,0.000000,0.000000,132.054853
10.236000,0.000000,0.000000,132.054853
10.238000,0.000000,0.000000,132.809519
10.240000,0.000000,0.000000,133.410258
10.242000,0.000000,0.000000,134.143374
10.244000,0.000000,0.000000,134.362527
10.246000,0.000000,0.000000,134.127898
10.248000,0.000000,0.000000,134.157036
10.250000,0.000000,0.000000,133.736056
10.252000,0.000000,0.000000,132.579238
10.254000,0.000000,0.000000,131.673487
10.256000,0.000000,0.000000,130.520543
10.258000,0.000000,0.000000,130.520543
10.260000,0.000000,0.000000,127.684560
10.262000,0.000000,0.000000,126.150583
10.264000,0.000000,0.000000,124.404601
10.266000,0.000000,0.000000,124.404601
10.268000,0.000000,0.000000,120.594124
10.270000,0.000000,0.000000,118.538573
10.272000,0.000000,0.000000,116.448954
10.272000,0.000000,0.000000,116.419572
10.276000,0.000000,0.000000,111.714238
10.278000,0.000000,0.000000,109.404378
10.278000,0.000000,0.000000,109.404378
10.282000,0.000000,0.000000,104.404442
10.284000,0.000000,0.000000,101.847176
10.286000,0.000000,0.000000,99.358595
10.288000,0.000000,0.000000,99.358595
10.288000,0.000000,0.000000,96.887921
10.292000,0.000000,0.000000,92.079852
10.294000,0.000000,0.000000,89.472875
10.296000,0.000000,0.000000,87.099419
10.296000,0.000000,0.000000,87.099419
10.300000,0.000000,0.000000,82.700185
10.302000,0.000000,0.000000,80.438449
10.304000,0.000000,0.000000,80.016972
10.304000,0.000000,0.000000,78.014033
10.308000,0.000000,0.000000,74.281268
10.310000,0.000000,0.000000,72.407555
10.312000,0.000000,0.000000,72.407555
10.314000,0.000000,0.000000,70.854510
10.314000,0.000000,0.000000,69.472766
10.318000,0.000000,0.000000,65.950436
10.320000,0.000000,0.000000,65.968209
10.322000,0.000000,0.000000,64.423193
10.322000,0.000000,0.000000,63.478930
10.326000,0.000000,0.000000,62.566800
10.328000,0.000000,0.000000,62.628692
10.330000,0.000000,0.000000,62.210141
10.330000,0.000000,0.000000,62.073487
10.334000,0.000000,0.000000,62.315106
10.336000,0.000000,0.000000,62.275785
10.338000,0.000000,0.000000,62.497951
10.338000,0.000000,0.000000,62.571034
10.342000,0.000000,0.000000,62.590163
10.344000,0.000000,0.000000,62.692851
10.346000,0.000000,0.000000,63.290052
10.348000,0.000000,0.000000,63.290052
10.348000,0.000000,0.000000,64.487642
10.352000,0.000000,0.000000,67.824659
10.354000,0.000000,0.000000,67.548138
10.356000,0.000000,0.000000,68.915542
10.358000,0.000000,0.000000,71.652209
10.360000,0.000000,0.000000,71.748680
10.362000,0.000000,0.000000,78.851839
10.362000,0.000000,0.000000,78.382731
10.366000,0.000000,0.000000,75.966247
10.368000,0.000000,0.000000,75.966247
10.370000,0.000000,0.000000,73.837453
10.372000,0.000000,0.000000,73.770828
10.374000,0.000000,0.000000,73.770828
10.374000,0.000000,0.000000,76.355205
10.378000,0.000000,0.000000,84.614288
10.380000,0.000000,0.000000,84.614288
10.380000,0.000000,0.000000,89.564352
10.382000,0.000000,0.000000,95.152215
10.386000,0.000000,0.000000,106.425430
10.388000,0.000000,0.000000,112.115632
10.390000,0.000000,0.000000,117.302440
10.392000,0.000000,0.000000,117.302440
10.392000,0.000000,0.000000,122.533136
10.396000,0.000000,0.000000,131.105887
10.398000,0.000000,0.000000,135.248435
10.400000,0.000000,0.000000,138.549296
10.402000,0.000000,0.000000,141.443338
10.404000,0.000000,0.000000,143.964707
10.406000,0.000000,0.000000,146.004384
10.406000,0.000000,0.000000,146.188333
10.410000,0.000000,0.000000,149.730430
10.412000,0.000000,0.000000,151.379916
10.414000,0.000000,0.000000,152.519619
10.416000,0.000000,0.000000,153.366305
10.418000,0.000000,0.000000,154.587933
10.420000,0.000000,0.000000,154.587933
10.422000,0.000000,0.000000,155.131008
10.424000,0.000000,0.000000,155.287702
10.426000,0.000000,0.000000,155.087872
10.428000,0.000000,0.000000,155.021047
10.430000,0.000000,0.000000,154.707936
10.432000,0.000000,0.000000,153.656963
10.434000,0.000000,0.000000,152.614928
10.436000,0.000000,0.000000,152.447645
10.438000,0.000000,0.000000,151.007401
10.438000,0.000000,0.000000,151.007401
10.442000,0.000000,0.000000,148.695517
10.444000,0.000000,0.000000,147.493919
10.444000,0.000000,0.000000,147.493919
10.446000,0.000000,0.000000,146.585592
10.450000,0.000000,0.000000,145.210033
10.452000,0.000000,0.000000,143.857958
10.452000,0.000000,0.000000,142.096736
10.456000,0.000000,0.000000,139.555564
10.458000,0.000000,0.000000,138.141956
10.460000,0.000000,0.000000,136.779748
10.462000,0.000000,0.000000,136.378237
10.464000,0.000000,0.000000,133.484657
10.466000,0.000000,0.000000,132.090146
10.468000,0.000000,0.000000,130.808752
10.470000,0.000000,0.000000,130.704782
10.472000,0.000000,0.000000,128.074927
10.474000,0.000000,0.000000,126.801288
10.476000,0.000000,0.000000,125.682600
10.478000,0.000000,0.000000,125.682600
10.480000,0.000000,0.000000,124.356719
10.482000,0.000000,0.000000,122.097885
10.484000,0.000000,0.000000,121.096955
10.486000,0.000000,0.000000,120.149015
10.488000,0.000000,0.000000,119.282818
10.490000,0.000000,0.000000,119.282818
10.492000,0.000000,0.000000,117.671852
10.494000,0.000000,0.000000,117.052108
10.496000,0.000000,0.000000,116.479626
10.498000,0.000000,0.000000,115.926636
10.500000,0.000000,0.000000,115.931801
10.502000,0.000000,0.000000,115.233684
10.504000,0.000000,0.000000,114.894902
10.506000,0.000000,0.000000,114.601270
10.508000,0.000000,0.000000,114.601270
10.510000,0.000000,0.000000,114.208425
10.512000,0.000000,0.000000,113.745887
10.514000,0.000000,0.000000,113.602752
10.516000,0.000000,0.000000,113.545330
10.518000,0.000000,0.000000,113.485084
10.520000,0.000000,0.000000,113.534453
10.522000,0.000000,0.000000,113.934063
10.524000,0.000000,0.000000,114.143848
10.526000,0.000000,0.000000,114.183087
10.528000,0.000000,0.000000,114.308879
10.530000,0.000000,0.000000,114.369538
10.532000,0.000000,0.000000,114.912456
10.534000,0.000000,0.000000,115.177363
10.536000,0.000000,0.000000,115.340020
10.538000,0.000000,0.000000,115.522672
10.540000,0.000000,0.000000,115.522672
10.540000,0.000000,0.000000,115.720775
10.544000,0.000000,0.000000,117.605166
10.546000,0.000000,0.000000,118.602208
10.548000,0.000000,0.000000,118.859506
10.550000,0.000000,0.000000,113.610578
10.552000,0.000000,0.000000,119.141962
10.554000,0.000000,0.000000,106.561384
10.556000,0.000000,0.000000,105.040387
10.558000,0.000000,0.000000,103.674308
10.560000,0.000000,0.000000,103.674308
10.562000,0.000000,0.000000,101.807215
10.564000,0.000000,0.000000,97.739775
10.566000,0.000000,0.000000,95.631023
10.568000,0.000000,0.000000,93.736972
10.570000,0.000000,0.000000,92.653219
10.572000,0.000000,0.000000,92.505770
10.572000,0.000000,0.000000,92.181915
10.576000,0.000000,0.000000,92.999610
10.578000,0.000000,0.000000,94.169853
10.580000,0.000000,0.000000,95.913199
10.582000,0.000000,0.000000,97.824508
10.584000,0.000000,0.000000,97.824508
10.586000,0.000000,0.000000,101.575840
10.588000,0.000000,0.000000,103.583487
10.590000,0.000000,0.000000,105.473444
10.592000,0.000000,0.000000,107.316812
10.594000,0.000000,0.000000,107.316812
10.594000,0.000000,0.000000,109.113340
10.598000,0.000000,0.000000,112.789954
10.600000,0.000000,0.000000,114.675200
10.602000,0.000000,0.000000,116.506690
10.604000,0.000000,0.000000,116.506690
10.604000,0.000000,0.000000,118.287602
10.608000,0.000000,0.000000,121.701422
10.610000,0.000000,0.000000,123.310066
10.612000,0.000000,0.000000,124.690214
10.614000,0.000000,0.000000,125.951097
10.616000,0.000000,0.000000,125.951097
10.618000,0.000000,0.000000,128.378495
10.620000,0.000000,0.000000,129.485147
10.622000,0.000000,0.000000,130.278678
10.624000,0.000000,0.000000,130.871027
10.626000,0.000000,0.000000,130.871027
10.626000,0.000000,0.000000,131.260529
10.630000,0.000000,0.000000,131.619433
10.632000,0.000000,0.000000,131.660007
10.634000,0.000000,0.000000,131.391528
10.636000,0.000000,0.000000,130.936111
10.636000,0.000000,0.000000,130.964445
10.640000,0.000000,0.000000,129.755159
10.642000,0.000000,0.000000,129.116761
10.644000,0.000000,0.000000,128.280073
10.646000,0.000000,0.000000,127.222127
10.648000,0.000000,0.000000,127.222127
10.648000,0.000000,0.000000,125.979257
10.652000,0.000000,0.000000,123.108350
10.654000,0.000000,0.000000,121.533174
10.656000,0.000000,0.000000,119.786304
10.658000,0.000000,0.000000,117.938104
10.660000,0.000000,0.000000,117.942031
10.662000,0.000000,0.000000,113.947220
10.664000,0.000000,0.000000,111.836051
10.666000,0.000000,0.000000,109.711218
10.668000,0.000000,0.000000,109.711218
10.668000,0.000000,0.000000,107.495674
10.672000,0.000000,0.000000,103.052410
10.674000,0.000000,0.000000,100.768650
10.676000,0.000000,0.000000,98.517048
10.678000,0.000000,0.000000,98.471962
10.680000,0.000000,0.000000,93.679821
10.682000,0.000000,0.000000,91.378763
10.684000,0.000000,0.000000,89.253643
10.686000,0.000000,0.000000,87.233204
10.686000,0.000000,0.000000,87.536087
10.690000,0.000000,0.000000,83.071376
10.692000,0.000000,0.000000,80.799280
10.694000,0.000000,0.000000,78.816765
10.696000,0.000000,0.000000,77.054493
10.698000,0.000000,0.000000,77.054493
10.698000,0.000000,0.000000,75.471543
10.702000,0.000000,0.000000,72.920955
10.704000,0.000000,0.000000,71.448487
10.706000,0.000000,0.000000,70.198225
10.708000,0.000000,0.000000,70.198225
10.708000,0.000000,0.000000,69.108600
10.712000,0.000000,0.000000,67.347618
10.714000,0.000000,0.000000,65.559037
10.716000,0.000000,0.000000,65.246257
10.718000,0.000000,0.000000,65.246257
10.718000,0.000000,0.000000,64.247396
10.722000,0.000000,0.000000,63.631046
10.724000,0.000000,0.000000,64.041204
10.726000,0.000000,0.000000,64.281409
10.728000,0.000000,0.000000,64.432064
10.728000,0.000000,0.000000,64.499939
10.732000,0.000000,0.000000,65.179126
10.734000,0.000000,0.000000,65.158201
10.736000,0.000000,0.000000,65.837442
10.738000,0.000000,0.000000,66.367839
10.738000,0.000000,0.000000,66.847793
10.742000,0.000000,0.000000,68.546792
10.744000,0.000000,0.000000,69.210632
10.746000,0.000000,0.000000,69.210632
10.748000,0.000000,0.000000,69.899233
10.748000,0.000000,0.000000,71.272957
10.752000,0.000000,0.000000,76.833248
10.754000,0.000000,0.000000,76.718058
10.756000,0.000000,0.000000,77.997621
10.758000,0.000000,0.000000,75.720482
10.758000,0.000000,0.000000,74.486210
10.762000,0.000000,0.000000,70.734922
10.764000,0.000000,0.000000,70.079637
10.766000,0.000000,0.000000,70.079637
10.768000,0.000000,0.000000,72.610390
10.770000,0.000000,0.000000,76.602846
10.772000,0.000000,0.000000,80.646546
10.774000,0.000000,0.000000,90.454901
10.776000,0.000000,0.000000,95.943799
10.778000,0.000000,0.000000,101.248939
10.780000,0.000000,0.000000,101.475410
10.782000,0.000000,0.000000,112.091550
10.784000,0.000000,0.000000,117.269029
10.786000,0.000000,0.000000,121.644831
10.788000,0.000000,0.000000,125.564202
10.790000,0.000000,0.000000,125.564202
10.790000,0.000000,0.000000,129.602960
10.794000,0.000000,0.000000,135.549954
10.796000,0.000000,0.000000,138.410347
10.798000,0.000000,0.000000,140.550516
10.800000,0.000000,0.000000,140.550516
10.802000,0.000000,0.000000,144.451327
10.804000,0.000000,0.000000,145.440080
10.806000,0.000000,0.000000,145.440080
10.806000,0.000000,0.000000,146.999149
10.810000,0.000000,0.000000,148.577169
10.812000,0.000000,0.000000,149.071933
10.814000,0.000000,0.000000,148.591769
10.814000,0.000000,0.000000,149.218424
10.818000,0.000000,0.000000,148.415135
10.820000,0.000000,0.000000,148.143786
10.822000,0.000000,0.000000,148.112975
10.824000,0.000000,0.000000,147.311841
10.826000,0.000000,0.000000,146.219432
10.828000,0.000000,0.000000,145.404218
10.830000,0.000000,0.000000,145.317425
10.832000,0.000000,0.000000,144.363458
10.834000,0.000000,0.000000,142.219429
10.836000,0.000000,0.000000,141.080767
10.838000,0.000000,0.000000,139.913963
10.840000,0.000000,0.000000,138.561807
10.842000,0.000000,0.000000,138.438115
10.844000,0.000000,0.000000,135.540363
10.846000,0.000000,0.000000,135.540363
10.848000,0.000000,0.000000,132.620687
10.850000,0.000000,0.000000,132.620687
10.850000,0.000000,0.000000,131.363263
10.854000,0.000000,0.000000,128.483248
10.856000,0.000000,0.000000,127.001264
10.858000,0.000000,0.000000,127.001264
10.860000,0.000000,0.000000,125.518810
10.862000,0.000000,0.000000,124.068856
10.864000,0.000000,0.000000,121.232614
10.866000,0.000000,0.000000,119.864071
10.868000,0.000000,0.000000,118.609790
10.870000,0.000000,0.000000,118.609790
10.872000,0.000000,0.000000,117.377990
10.874000,0.000000,0.000000,115.193681
10.876000,0.000000,0.000000,114.222873
10.878000,0.000000,0.000000,113.313949
10.880000,0.000000,0.000000,112.521902
10.882000,0.000000,0.000000,112.521902
10.884000,0.000000,0.000000,110.935817
10.886000,0.000000,0.000000,110.248669
10.888000,0.000000,0.000000,109.660900
10.888000,0.000000,0.000000,109.660900
10.892000,0.000000,0.000000,108.758638
10.894000,0.000000,0.000000,108.461302
10.894000,0.000000,0.000000,108.461302
10.896000,0.000000,0.000000,108.262033
10.900000,0.000000,0.000000,107.763903
10.902000,0.000000,0.000000,107.582242
10.904000,0.000000,0.000000,107.349258
10.906000,0.000000,0.000000,107.142676
10.906000,0.000000,0.000000,107.142676
10.908000,0.000000,0.000000,107.135983
10.912000,0.000000,0.000000,107.175677
10.914000,0.000000,0.000000,107.303089
10.916000,0.000000,0.000000,107.419210
10.918000,0.000000,0.000000,107.419210
10.918000,0.000000,0.000000,107.702424
10.922000,0.000000,0.000000,108.698531
10.924000,0.000000,0.000000,109.201168
10.926000,0.000000,0.000000,109.201168
10.926000,0.000000,0.000000,109.454377
10.930000,0.000000,0.000000,110.030576
10.932000,0.000000,0.000000,110.337516
10.934000,0.000000,0.000000,110.545124
10.934000,0.000000,0.000000,110.545124
10.936000,0.000000,0.000000,110.974938
10.940000,0.000000,0.000000,111.816832
10.942000,0.000000,0.000000,113.201710
10.944000,0.000000,0.000000,106.085493
10.946000,0.000000,0.000000,106.085493
10.946000,0.000000,0.000000,103.809642
10.950000,0.000000,0.000000,100.859024
10.952000,0.000000,0.000000,99.129212
10.954000,0.000000,0.000000,95.681010
10.956000,0.000000,0.000000,95.681010
10.956000,0.000000,0.000000,92.063533
10.960000,0.000000,0.000000,86.956067
10.962000,0.000000,0.000000,85.726110
10.964000,0.000000,0.000000,86.276842
10.966000,0.000000,0.000000,86.162839
10.968000,0.000000,0.000000,87.261121
10.970000,0.000000,0.000000,89.695663
10.972000,0.000000,0.000000,91.079060
10.974000,0.000000,0.000000,92.410368
10.976000,0.000000,0.000000,92.410368
10.978000,0.000000,0.000000,93.601720
10.978000,0.000000,0.000000,94.994296
10.982000,0.000000,0.000000,98.114596
10.984000,0.000000,0.000000,99.673374
10.986000,0.000000,0.000000,101.069520
10.988000,0.000000,0.000000,101.399573
10.988000,0.000000,0.000000,103.032839
10.992000,0.000000,0.000000,106.605597
10.994000,0.000000,0.000000,108.313246
10.996000,0.000000,0.000000,109.798441
10.998000,0.000000,0.000000,109.798441
10.998000,0.000000,0.000000,111.200740
11.002000,0.000000,0.000000,113.917177
11.004000,0.000000,0.000000,115.204181
11.006000,0.000000,0.000000,116.335796
11.008000,0.000000,0.000000,116.335796
11.008000,0.000000,0.000000,117.340899
11.010000,0.000000,0.000000,118.242564
11.014000,0.000000,0.000000,119.932815
11.016000,0.000000,0.000000,119.932815
11.018000,0.000000,0.000000,120.978216
11.018000,0.000000,0.000000,121.050041
11.020000,0.000000,0.000000,121.514172
11.024000,0.000000,0.000000,121.846113
11.026000,0.000000,0.000000,121.815258
11.026000,0.000000,0.000000,121.815258
11.030000,0.000000,0.000000,121.432464
11.030000,0.000000,0.000000,120.828622
11.034000,0.000000,0.000000,119.416607
11.036000,0.000000,0.000000,118.564152
11.036000,0.000000,0.000000,118.564152
11.040000,0.000000,0.000000,116.676126
11.040000,0.000000,0.000000,116.663530
11.042000,0.000000,0.000000,115.517574
11.042000,0.000000,0.000000,115.517574
11.048000,0.000000,0.000000,111.427920
11.050000,0.000000,0.000000,110.038620
11.052000,0.000000,0.000000,110.038620
11.052000,0.000000,0.000000,108.185981
11.056000,0.000000,0.000000,104.314401
11.058000,0.000000,0.000000,102.445424
11.060000,0.000000,0.000000,100.257124
11.060000,0.000000,0.000000,100.257124
11.062000,0.000000,0.000000,98.230711
11.066000,0.000000,0.000000,94.088811
11.068000,0.000000,0.000000,91.868536
11.070000,0.000000,0.000000,89.826198
11.072000,0.000000,0.000000,90.057166
11.074000,0.000000,0.000000,88.052949
11.076000,0.000000,0.000000,83.547507
11.076000,0.000000,0.000000,83.547507
11.078000,0.000000,0.000000,83.547507
11.082000,0.000000,0.000000,79.826826
11.082000,0.000000,0.000000,77.999042
11.084000,0.000000,0.000000,75.657053
11.088000,0.000000,0.000000,72.244597
11.090000,0.000000,0.000000,71.172164
11.092000,0.000000,0.000000,70.741284
11.094000,0.000000,0.000000,67.653983
11.096000,0.000000,0.000000,67.653983
11.098000,0.000000,0.000000,65.379463
11.100000,0.000000,0.000000,63.517590
11.102000,0.000000,0.000000,63.087827
11.104000,0.000000,0.000000,63.087827
11.104000,0.000000,0.000000,62.082526
11.108000,0.000000,0.000000,61.654653
11.110000,0.000000,0.000000,61.276516
11.112000,0.000000,0.000000,61.276516
11.114000,0.000000,0.000000,60.674463
11.116000,0.000000,0.000000,60.226437
11.118000,0.000000,0.000000,59.778003
11.120000,0.000000,0.000000,59.286048
11.122000,0.000000,0.000000,59.627969
11.124000,0.000000,0.000000,59.627969
11.126000,0.000000,0.000000,60.846195
11.128000,0.000000,0.000000,61.454679
11.130000,0.000000,0.000000,63.213056
11.132000,0.000000,0.000000,64.515305
11.134000,0.000000,0.000000,65.747184
11.134000,0.000000,0.000000,65.812990
11.138000,0.000000,0.000000,68.065142
11.140000,0.000000,0.000000,68.781596
11.142000,0.000000,0.000000,73.866649
11.144000,0.000000,0.000000,72.557149
11.146000,0.000000,0.000000,72.557149
11.148000,0.000000,0.000000,67.568891
11.150000,0.000000,0.000000,65.259908
11.152000,0.000000,0.000000,66.090226
11.154000,0.000000,0.000000,68.597691
11.156000,0.000000,0.000000,68.597691
11.158000,0.000000,0.000000,72.508138
11.160000,0.000000,0.000000,82.240006
11.162000,0.000000,0.000000,82.240006
11.164000,0.000000,0.000000,93.031654
11.166000,0.000000,0.000000,98.934317
11.166000,0.000000,0.000000,98.934317
11.168000,0.000000,0.000000,104.363835
11.172000,0.000000,0.000000,115.562187
11.174000,0.000000,0.000000,120.789760
11.176000,0.000000,0.000000,125.118489
11.178000,0.000000,0.000000,125.118489
11.178000,0.000000,0.000000,129.540863
11.182000,0.000000,0.000000,136.122323
11.184000,0.000000,0.000000,139.922749
11.186000,0.000000,0.000000,142.458210
11.188000,0.000000,0.000000,144.018886
11.188000,0.000000,0.000000,144.018886
11.190000,0.000000,0.000000,146.551408
11.194000,0.000000,0.000000,149.792791
11.196000,0.000000,0.000000,151.144559
11.198000,0.000000,0.000000,151.999184
11.198000,0.000000,0.000000,151.999184
11.202000,0.000000,0.000000,153.024274
11.204000,0.000000,0.000000,153.447249
11.206000,0.000000,0.000000,153.499879
11.208000,0.000000,0.000000,153.370328
11.210000,0.000000,0.000000,153.087201
11.210000,0.000000,0.000000,153.087201
11.214000,0.000000,0.000000,152.123042
11.216000,0.000000,0.000000,151.009460
11.218000,0.000000,0.000000,150.236974
11.220000,0.000000,0.000000,150.236974
11.220000,0.000000,0.000000,149.926350
11.224000,0.000000,0.000000,147.635238
11.226000,0.000000,0.000000,146.647338
11.228000,0.000000,0.000000,145.991742
11.228000,0.000000,0.000000,145.991742
11.230000,0.000000,0.000000,144.816603
11.234000,0.000000,0.000000,142.009889
11.236000,0.000000,0.000000,141.145241
11.238000,0.000000,0.000000,139.497449
11.238000,0.000000,0.000000,139.497449
11.240000,0.000000,0.000000,138.476808
11.244000,0.000000,0.000000,135.815619
11.246000,0.000000,0.000000,134.484475
11.248000,0.000000,0.000000,134.484475
11.250000,0.000000,0.000000,131.747662
11.250000,0.000000,0.000000,131.747662
11.254000,0.000000,0.000000,129.133849
11.256000,0.000000,0.000000,127.922589
11.258000,0.000000,0.000000,126.771864
11.260000,0.000000,0.000000,126.771864
11.260000,0.000000,0.000000,125.668903
11.264000,0.000000,0.000000,123.539372
11.266000,0.000000,0.000000,122.664900
11.268000,0.000000,0.000000,121.898484
11.270000,0.000000,0.000000,121.859028
11.270000,0.000000,0.000000,121.299712
11.274000,0.000000,0.000000,120.063090
11.276000,0.000000,0.000000,119.366501
11.278000,0.000000,0.000000,118.885584
11.280000,0.000000,0.000000,118.885584
11.282000,0.000000,0.000000,117.698252
11.284000,0.000000,0.000000,117.276410
11.286000,0.000000,0.000000,116.821289
11.288000,0.000000,0.000000,116.821289
11.288000,0.000000,0.000000,116.539859
11.292000,0.000000,0.000000,116.450942
11.294000,0.000000,0.000000,116.597589
11.296000,0.000000,0.000000,116.539237
11.298000,0.000000,0.000000,116.539237
11.298000,0.000000,0.000000,116.518063
11.302000,0.000000,0.000000,116.238267
11.304000,0.000000,0.000000,116.152423
11.306000,0.000000,0.000000,116.152423
11.306000,0.000000,0.000000,116.172322
11.310000,0.000000,0.000000,116.309720
11.312000,0.000000,0.000000,116.532179
11.312000,0.000000,0.000000,116.532179
11.316000,0.000000,0.000000,116.891013
11.318000,0.000000,0.000000,117.557174
11.320000,0.000000,0.000000,118.303894
11.320000,0.000000,0.000000,118.303894
11.324000,0.000000,0.000000,119.528139
11.326000,0.000000,0.000000,120.060734
11.328000,0.000000,0.000000,120.060734
11.328000,0.000000,0.000000,120.224671
11.332000,0.000000,0.000000,116.394308
11.334000,0.000000,0.000000,110.887807
11.336000,0.000000,0.000000,105.070394
11.338000,0.000000,0.000000,105.070394
11.338000,0.000000,0.000000,103.465535
11.342000,0.000000,0.000000,101.522787
11.344000,0.000000,0.000000,100.227555
11.346000,0.000000,0.000000,100.227555
11.346000,0.000000,0.000000,97.863874
11.350000,0.000000,0.000000,93.137863
11.352000,0.000000,0.000000,91.607374
11.354000,0.000000,0.000000,91.607374
11.354000,0.000000,0.000000,91.828731
11.358000,0.000000,0.000000,94.440669
11.360000,0.000000,0.000000,96.029725
11.362000,0.000000,0.000000,96.029725
11.364000,0.000000,0.000000,97.723143
11.364000,0.000000,0.000000,99.506271
11.368000,0.000000,0.000000,103.028345
11.370000,0.000000,0.000000,104.763393
11.372000,0.000000,0.000000,106.379064
11.372000,0.000000,0.000000,106.379064
11.376000,0.000000,0.000000,109.688940
11.378000,0.000000,0.000000,111.455814
11.380000,0.000000,0.000000,113.228812
11.382000,0.000000,0.000000,114.974703
11.384000,0.000000,0.000000,116.466629
11.384000,0.000000,0.000000,116.675498
11.388000,0.000000,0.000000,119.890312
11.390000,0.000000,0.000000,121.427825
11.390000,0.000000,0.000000,121.427825
11.392000,0.000000,0.000000,122.878466
11.396000,0.000000,0.000000,125.370624
11.398000,0.000000,0.000000,126.426726
11.400000,0.000000,0.000000,127.440076
11.402000,0.000000,0.000000,128.247370
11.404000,0.000000,0.000000,128.735940
11.404000,0.000000,0.000000,128.828931
11.408000,0.000000,0.000000,129.638866
11.410000,0.000000,0.000000,129.937664
11.412000,0.000000,0.000000,129.937664
11.412000,0.000000,0.000000,130.004537
11.416000,0.000000,0.000000,129.932025
11.418000,0.000000,0.000000,129.778818
11.420000,0.000000,0.000000,129.797557
11.420000,0.000000,0.000000,129.477273
11.424000,0.000000,0.000000,128.218401
11.426000,0.000000,0.000000,127.444253
11.426000,0.000000,0.000000,127.444253
11.430000,0.000000,0.000000,125.161143
11.432000,0.000000,0.000000,123.932284
11.434000,0.000000,0.000000,122.568986
11.434000,0.000000,0.000000,122.533020
11.438000,0.000000,0.000000,119.483895
11.440000,0.000000,0.000000,117.886333
11.442000,0.000000,0.000000,117.886333
11.442000,0.000000,0.000000,116.297105
11.446000,0.000000,0.000000,112.824786
11.448000,0.000000,0.000000,110.978475
11.450000,0.000000,0.000000,109.181706
11.450000,0.000000,0.000000,109.181706
11.454000,0.000000,0.000000,105.040695
11.456000,0.000000,0.000000,102.930320
11.458000,0.000000,0.000000,100.941820
11.458000,0.000000,0.000000,100.941820
11.460000,0.000000,0.000000,98.920922
11.464000,0.000000,0.000000,95.285503
11.466000,0.000000,0.000000,93.068243
11.468000,0.000000,0.000000,91.303237
11.468000,0.000000,0.000000,91.561104
11.470000,0.000000,0.000000,89.840729
11.474000,0.000000,0.000000,85.969051
11.476000,0.000000,0.000000,84.614261
11.478000,0.000000,0.000000,82.857090
11.478000,0.000000,0.000000,82.857090
11.480000,0.000000,0.000000,81.564270
11.484000,0.000000,0.000000,79.020554
11.486000,0.000000,0.000000,77.764027
11.488000,0.000000,0.000000,77.218477
11.490000,0.000000,0.000000,76.405876
11.492000,0.000000,0.000000,76.405876
11.492000,0.000000,0.000000,75.494516
11.496000,0.000000,0.000000,73.756920
11.498000,0.000000,0.000000,73.014195
11.500000,0.000000,0.000000,72.343474
11.502000,0.000000,0.000000,72.739395
11.502000,0.000000,0.000000,72.739395
11.506000,0.000000,0.000000,72.856766
11.508000,0.000000,0.000000,72.817494
11.510000,0.000000,0.000000,73.012765
11.512000,0.000000,0.000000,72.928651
11.514000,0.000000,0.000000,72.928651
11.514000,0.000000,0.000000,73.732322
11.518000,0.000000,0.000000,74.825737
11.520000,0.000000,0.000000,74.974075
11.522000,0.000000,0.000000,75.770154
11.524000,0.000000,0.000000,75.770154
11.526000,0.000000,0.000000,77.425024
11.528000,0.000000,0.000000,78.563766
11.530000,0.000000,0.000000,79.631501
11.532000,0.000000,0.000000,87.605209
11.534000,0.000000,0.000000,84.566545
11.536000,0.000000,0.000000,79.863607
11.538000,0.000000,0.000000,76.534938
11.540000,0.000000,0.000000,75.231645
11.542000,0.000000,0.000000,75.769212
11.544000,0.000000,0.000000,75.769212
11.546000,0.000000,0.000000,80.750683
11.548000,0.000000,0.000000,84.151411
11.550000,0.000000,0.000000,88.075201
11.552000,0.000000,0.000000,92.446167
11.554000,0.000000,0.000000,92.446167
11.556000,0.000000,0.000000,102.141170
11.558000,0.000000,0.000000,107.403046
11.560000,0.000000,0.000000,112.030752
11.560000,0.000000,0.000000,112.030752
11.564000,0.000000,0.000000,120.593812
11.566000,0.000000,0.000000,124.740771
11.568000,0.000000,0.000000,128.196701
11.570000,0.000000,0.000000,128.196701
11.572000,0.000000,0.000000,134.112317
11.574000,0.000000,0.000000,136.918740
11.576000,0.000000,0.000000,139.133380
11.578000,0.000000,0.000000,139.133380
11.580000,0.000000,0.000000,140.529885
11.582000,0.000000,0.000000,144.325032
11.584000,0.000000,0.000000,145.739815
11.586000,0.000000,0.000000,146.507113
11.588000,0.000000,0.000000,146.711710
11.590000,0.000000,0.000000,146.843275
11.590000,0.000000,0.000000,147.294721
11.594000,0.000000,0.000000,148.297105
11.596000,0.000000,0.000000,148.403413
11.598000,0.000000,0.000000,148.190484
11.598000,0.000000,0.000000,148.190484
11.600000,0.000000,0.000000,147.824292
11.604000,0.000000,0.000000,146.834695
11.606000,0.000000,0.000000,146.226060
11.608000,0.000000,0.000000,145.448268
11.610000,0.000000,0.000000,145.006854
11.610000,0.000000,0.000000,144.440013
11.614000,0.000000,0.000000,142.109602
11.616000,0.000000,0.000000,141.053357
11.618000,0.000000,0.000000,139.840351
11.620000,0.000000,0.000000,138.646587
11.620000,0.000000,0.000000,138.558075
11.624000,0.000000,0.000000,135.928447
11.626000,0.000000,0.000000,134.625942
11.628000,0.000000,0.000000,133.279141
11.630000,0.000000,0.000000,131.963308
11.632000,0.000000,0.000000,131.963308
11.634000,0.000000,0.000000,129.268348
11.636000,0.000000,0.000000,128.064094
11.638000,0.000000,0.000000,126.599916
11.640000,0.000000,0.000000,125.250992
11.642000,0.000000,0.000000,125.250992
11.642000,0.000000,0.000000,123.951634
11.646000,0.000000,0.000000,121.512967
11.648000,0.000000,0.000000,120.418238
11.650000,0.000000,0.000000,120.418238
11.650000,0.000000,0.000000,119.267525
11.652000,0.000000,0.000000,118.195212
11.656000,0.000000,0.000000,116.203913
11.658000,0.000000,0.000000,115.321431
11.660000,0.000000,0.000000,115.321431
11.660000,0.000000,0.000000,114.452506
11.664000,0.000000,0.000000,112.869341
11.666000,0.000000,0.000000,112.249140
11.668000,0.000000,0.000000,111.624050
11.670000,0.000000,0.000000,111.624050
11.670000,0.000000,0.000000,111.080371
11.674000,0.000000,0.000000,110.283015
11.676000,0.000000,0.000000,109.977211
11.678000,0.000000,0.000000,109.780318
11.680000,0.000000,0.000000,109.780318
11.680000,0.000000,0.000000,109.501309
11.682000,0.000000,0.000000,109.251868
11.686000,0.000000,0.000000,109.142162
11.688000,0.000000,0.000000,109.171290
11.690000,0.000000,0.000000,109.171290
11.690000,0.000000,0.000000,109.105728
11.692000,0.000000,0.000000,109.228020
11.696000,0.000000,0.000000,109.876387
11.698000,0.000000,0.000000,110.211489
11.700000,0.000000,0.000000,110.211489
11.702000,0.000000,0.000000,110.390421
11.702000,0.000000,0.000000,110.477684
11.706000,0.000000,0.000000,110.986271
11.708000,0.000000,0.000000,111.330228
11.710000,0.000000,0.000000,111.474192
11.712000,0.000000,0.000000,111.533751
11.714000,0.000000,0.000000,111.788882
11.714000,0.000000,0.000000,112.244761
11.718000,0.000000,0.000000,114.155394
11.720000,0.000000,0.000000,124.100854
11.720000,0.000000,0.000000,116.320928
11.724000,0.000000,0.000000,107.488438
11.726000,0.000000,0.000000,107.431076
11.728000,0.000000,0.000000,105.980435
11.728000,0.000000,0.000000,103.708522
11.732000,0.000000,0.000000,99.226918
11.732000,0.000000,0.000000,99.226918
11.734000,0.000000,0.000000,96.481420
11.738000,0.000000,0.000000,91.202647
11.740000,0.000000,0.000000,89.483352
11.740000,0.000000,0.000000,89.483352
11.744000,0.000000,0.000000,89.683909
11.746000,0.000000,0.000000,90.552124
11.748000,0.000000,0.000000,90.552124
11.748000,0.000000,0.000000,91.982557
11.752000,0.000000,0.000000,95.100967
11.754000,0.000000,0.000000,96.721066
11.756000,0.000000,0.000000,98.123895
11.758000,0.000000,0.000000,99.228104
11.758000,0.000000,0.000000,99.461914
11.762000,0.000000,0.000000,102.225027
11.764000,0.000000,0.000000,103.670648
11.766000,0.000000,0.000000,104.857901
11.766000,0.000000,0.000000,105.102251
11.770000,0.000000,0.000000,108.106202
11.772000,0.000000,0.000000,109.595567
11.774000,0.000000,0.000000,109.595567
11.776000,0.000000,0.000000,110.884167
11.778000,0.000000,0.000000,113.282065
11.780000,0.000000,0.000000,114.409538
11.782000,0.000000,0.000000,115.382639
11.784000,0.000000,0.000000,116.096377
11.786000,0.000000,0.000000,116.254946
11.788000,0.000000,0.000000,117.790466
11.790000,0.000000,0.000000,118.460241
11.792000,0.000000,0.000000,118.986270
11.794000,0.000000,0.000000,119.373748
11.796000,0.000000,0.000000,119.373748
11.798000,0.000000,0.000000,119.699633
11.800000,0.000000,0.000000,119.780482
11.802000,0.000000,0.000000,119.604738
11.804000,0.000000,0.000000,119.334897
11.806000,0.000000,0.000000,118.876538
11.808000,0.000000,0.000000,118.911223
11.810000,0.000000,0.000000,117.806886
11.812000,0.000000,0.000000,117.126422
11.814000,0.000000,0.000000,116.291932
11.816000,0.000000,0.000000,116.291932
11.818000,0.000000,0.000000,115.414673
11.820000,0.000000,0.000000,113.394666
11.822000,0.000000,0.000000,112.236288
11.824000,0.000000,0.000000,110.953544
11.826000,0.000000,0.000000,110.933935
11.828000,0.000000,0.000000,109.553006
11.830000,0.000000,0.000000,106.442028
11.832000,0.000000,0.000000,104.831756
11.834000,0.000000,0.000000,103.272899
11.836000,0.000000,0.000000,103.242756
11.838000,0.000000,0.000000,99.819713
11.840000,0.000000,0.000000,98.061929
11.842000,0.000000,0.000000,96.341363
11.844000,0.000000,0.000000,96.341363
11.846000,0.000000,0.000000,94.523229
11.848000,0.000000,0.000000,90.962096
11.850000,0.000000,0.000000,90.962096
11.850000,0.000000,0.000000,88.755806
11.854000,0.000000,0.000000,85.477418
11.856000,0.000000,0.000000,85.477418
11.856000,0.000000,0.000000,83.382002
11.860000,0.000000,0.000000,80.426351
11.862000,0.000000,0.000000,80.426351
11.862000,0.000000,0.000000,78.976225
11.866000,0.000000,0.000000,77.646745
11.868000,0.000000,0.000000,74.387765
11.870000,0.000000,0.000000,74.780599
11.870000,0.000000,0.000000,72.974535
11.872000,0.000000,0.000000,72.045990
11.876000,0.000000,0.000000,69.769084
11.878000,0.000000,0.000000,69.769084
11.880000,0.000000,0.000000,68.895910
11.882000,0.000000,0.000000,67.752996
11.884000,0.000000,0.000000,66.842039
11.886000,0.000000,0.000000,66.579096
11.888000,0.000000,0.000000,66.579096
11.888000,0.000000,0.000000,66.805251
11.892000,0.000000,0.000000,65.349262
11.894000,0.000000,0.000000,64.486121
11.896000,0.000000,0.000000,64.268978
11.898000,0.000000,0.000000,64.509700
11.900000,0.000000,0.000000,64.509700
11.902000,0.000000,0.000000,65.709104
11.904000,0.000000,0.000000,66.323642
11.906000,0.000000,0.000000,67.235446
11.908000,0.000000,0.000000,68.653981
11.908000,0.000000,0.000000,68.653981
11.910000,0.000000,0.000000,69.389216
11.914000,0.000000,0.000000,71.659102
11.916000,0.000000,0.000000,72.463103
11.918000,0.000000,0.000000,72.628323
11.918000,0.000000,0.000000,72.628323
11.920000,0.000000,0.000000,76.663859
11.924000,0.000000,0.000000,77.544644
11.926000,0.000000,0.000000,77.544644
11.926000,0.000000,0.000000,74.464723
11.930000,0.000000,0.000000,70.950596
11.932000,0.000000,0.000000,70.833303
11.934000,0.000000,0.000000,70.833303
11.936000,0.000000,0.000000,78.447185
11.938000,0.000000,0.000000,83.022157
11.940000,0.000000,0.000000,83.022157
11.940000,0.000000,0.000000,88.432123
11.942000,0.000000,0.000000,94.340350
11.946000,0.000000,0.000000,105.695006
11.948000,0.000000,0.000000,111.296819
11.950000,0.000000,0.000000,111.296819
11.950000,0.000000,0.000000,116.345259
11.952000,0.000000,0.000000,121.062695
11.956000,0.000000,0.000000,130.598799
11.958000,0.000000,0.000000,134.600843
11.960000,0.000000,0.000000,137.531649
11.962000,0.000000,0.000000,137.785712
11.962000,0.000000,0.000000,140.596011
11.966000,0.000000,0.000000,145.532036
11.968000,0.000000,0.000000,148.306615
11.970000,0.000000,0.000000,149.282507
11.972000,0.000000,0.000000,151.220546
11.972000,0.000000,0.000000,151.220546
11.976000,0.000000,0.000000,153.088927
11.978000,0.000000,0.000000,153.885787
11.980000,0.000000,0.000000,153.628502
11.982000,0.000000,0.000000,153.767848
11.984000,0.000000,0.000000,153.767848
11.986000,0.000000,0.000000,153.578127
11.988000,0.000000,0.000000,153.961124
11.990000,0.000000,0.000000,152.884163
11.992000,0.000000,0.000000,152.229493
11.992000,0.000000,0.000000,152.137362
11.996000,0.000000,0.000000,150.362424
11.998000,0.000000,0.000000,149.458299
12.000000,0.000000,0.000000,148.840952
12.002000,0.000000,0.000000,147.243376
12.004000,0.000000,0.000000,146.111236
12.004000,0.000000,0.000000,145.973091
12.008000,0.000000,0.000000,143.349882
12.010000,0.000000,0.000000,142.042062
12.012000,0.000000,0.000000,140.776286
12.014000,0.000000,0.000000,140.634460
12.016000,0.000000,0.000000,137.998758
12.018000,0.000000,0.000000,136.507618
12.020000,0.000000,0.000000,134.929785
12.022000,0.000000,0.000000,134.929785
12.024000,0.000000,0.000000,131.776110
12.026000,0.000000,0.000000,130.251612
12.028000,0.000000,0.000000,128.773068
12.030000,0.000000,0.000000,128.773068
12.032000,0.000000,0.000000,127.177770
12.032000,0.000000,0.000000,125.912997
12.036000,0.000000,0.000000,123.277143
12.038000,0.000000,0.000000,123.277143
12.038000,0.000000,0.000000,121.938911
12.042000,0.000000,0.000000,119.660221
12.044000,0.000000,0.000000,119.660221
12.046000,0.000000,0.000000,117.381570
12.048000,0.000000,0.000000,117.333822
12.048000,0.000000,0.000000,116.293763
12.052000,0.000000,0.000000,114.404198
12.054000,0.000000,0.000000,113.496648
12.056000,0.000000,0.000000,113.496648
12.056000,0.000000,0.000000,112.617367
12.058000,0.000000,0.000000,111.806504
12.062000,0.000000,0.000000,110.521956
12.064000,0.000000,0.000000,110.116504
12.066000,0.000000,0.000000,109.714092
12.068000,0.000000,0.000000,109.714092
12.070000,0.000000,0.000000,109.398425
12.072000,0.000000,0.000000,109.412867
12.074000,0.000000,0.000000,109.412867
12.074000,0.000000,0.000000,109.298986
12.078000,0.000000,0.000000,109.207590
12.080000,0.000000,0.000000,109.252161
12.082000,0.000000,0.000000,109.091771
12.084000,0.000000,0.000000,109.091771
12.084000,0.000000,0.000000,108.894764
12.088000,0.000000,0.000000,108.928014
12.088000,0.000000,0.000000,108.928014
12.092000,0.000000,0.000000,109.935003
12.094000,0.000000,0.000000,110.666798
12.096000,0.000000,0.000000,110.733946
12.096000,0.000000,0.000000,111.268611
12.100000,0.000000,0.000000,112.399056
12.102000,0.000000,0.000000,112.793915
12.104000,0.000000,0.000000,112.812262
12.106000,0.000000,0.000000,112.821722
12.108000,0.000000,0.000000,112.821722
12.110000,0.000000,0.000000,113.535263
12.112000,0.000000,0.000000,107.173443
12.114000,0.000000,0.000000,100.602830
12.114000,0.000000,0.000000,100.602830
12.118000,0.000000,0.000000,97.163031
12.120000,0.000000,0.000000,97.237521
12.122000,0.000000,0.000000,96.364525
12.124000,0.000000,0.000000,92.858388
12.126000,0.000000,0.000000,90.881089
12.126000,0.000000,0.000000,90.881089
12.130000,0.000000,0.000000,88.281210
12.130000,0.000000,0.000000,87.532125
12.134000,0.000000,0.000000,88.136714
12.136000,0.000000,0.000000,89.596457
12.138000,0.000000,0.000000,91.164049
12.140000,0.000000,0.000000,92.861118
12.140000,0.000000,0.000000,92.861118
12.144000,0.000000,0.000000,95.811640
12.144000,0.000000,0.000000,96.141882
12.148000,0.000000,0.000000,99.636537
12.150000,0.000000,0.000000,101.357809
12.150000,0.000000,0.000000,101.357809
12.154000,0.000000,0.000000,104.776421
12.156000,0.000000,0.000000,106.246181
12.158000,0.000000,0.000000,108.219283
12.160000,0.000000,0.000000,109.953380
12.162000,0.000000,0.000000,111.573650
12.164000,0.000000,0.000000,113.076376
12.166000,0.000000,0.000000,113.076376
12.166000,0.000000,0.000000,114.605081
12.170000,0.000000,0.000000,117.447434
12.172000,0.000000,0.000000,118.767874
12.174000,0.000000,0.000000,119.825111
12.174000,0.000000,0.000000,119.825111
12.178000,0.000000,0.000000,121.579126
12.180000,0.000000,0.000000,122.375725
12.182000,0.000000,0.000000,122.964611
12.184000,0.000000,0.000000,123.438745
12.184000,0.000000,0.000000,123.438745
12.188000,0.000000,0.000000,123.929122
12.190000,0.000000,0.000000,124.078094
12.192000,0.000000,0.000000,124.116169
12.192000,0.000000,0.000000,124.116169
12.196000,0.000000,0.000000,123.775827
12.198000,0.000000,0.000000,123.464353
12.198000,0.000000,0.000000,123.464353
12.202000,0.000000,0.000000,122.120713
12.204000,0.000000,0.000000,121.346981
12.204000,0.000000,0.000000,121.346981
12.208000,0.000000,0.000000,119.339116
12.210000,0.000000,0.000000,118.255162
12.212000,0.000000,0.000000,117.057226
12.214000,0.000000,0.000000,115.768332
12.216000,0.000000,0.000000,115.726270
12.218000,0.000000,0.000000,112.967772
12.220000,0.000000,0.000000,111.513119
12.222000,0.000000,0.000000,109.939588
12.224000,0.000000,0.000000,108.292313
12.226000,0.000000,0.000000,108.239780
12.226000,0.000000,0.000000,106.591102
12.230000,0.000000,0.000000,103.015671
12.232000,0.000000,0.000000,103.015671
12.234000,0.000000,0.000000,99.398187
12.236000,0.000000,0.000000,97.544221
12.238000,0.000000,0.000000,95.807799
12.240000,0.000000,0.000000,95.766491
12.242000,0.000000,0.000000,92.351932
12.244000,0.000000,0.000000,90.591243
12.246000,0.000000,0.000000,88.880662
12.248000,0.000000,0.000000,87.221273
12.248000,0.000000,0.000000,87.221273
12.252000,0.000000,0.000000,84.130676
12.254000,0.000000,0.000000,84.112880
12.256000,0.000000,0.000000,82.515806
12.258000,0.000000,0.000000,79.839267
12.260000,0.000000,0.000000,78.472884
12.262000,0.000000,0.000000,77.355096
12.262000,0.000000,0.000000,77.355096
12.266000,0.000000,0.000000,75.438116
12.268000,0.000000,0.000000,74.164140
12.270000,0.000000,0.000000,73.155415
12.272000,0.000000,0.000000,73.155415
12.272000,0.000000,0.000000,72.382479
12.276000,0.000000,0.000000,71.127398
12.278000,0.000000,0.000000,71.127398
12.280000,0.000000,0.000000,70.595934
12.280000,0.000000,0.000000,70.442153
12.284000,0.000000,0.000000,70.049994
12.286000,0.000000,0.000000,69.975035
12.288000,0.000000,0.000000,70.033668
12.290000,0.000000,0.000000,70.122440
12.290000,0.000000,0.000000,69.977505
12.294000,0.000000,0.000000,69.994142
12.296000,0.000000,0.000000,70.003673
12.298000,0.000000,0.000000,70.578900
12.300000,0.000000,0.000000,70.578900
12.300000,0.000000,0.000000,71.303683
12.304000,0.000000,0.000000,73.400821
12.306000,0.000000,0.000000,74.392414
12.308000,0.000000,0.000000,75.255008
12.310000,0.000000,0.000000,75.255008
12.310000,0.000000,0.000000,76.050061
12.314000,0.000000,0.000000,79.897079
12.316000,0.000000,0.000000,81.084261
12.318000,0.000000,0.000000,78.865779
12.320000,0.000000,0.000000,77.244250
12.322000,0.000000,0.000000,77.244250
12.324000,0.000000,0.000000,78.957915
12.326000,0.000000,0.000000,80.665885
12.328000,0.000000,0.000000,84.373787
12.330000,0.000000,0.000000,88.997514
12.332000,0.000000,0.000000,94.167645
12.334000,0.000000,0.000000,99.211827
12.336000,0.000000,0.000000,104.442952
12.338000,0.000000,0.000000,109.519349
12.340000,0.000000,0.000000,114.747904
12.340000,0.000000,0.000000,114.747904
12.344000,0.000000,0.000000,123.410151
12.346000,0.000000,0.000000,128.309153
12.348000,0.000000,0.000000,131.633943
12.350000,0.000000,0.000000,135.112152
12.352000,0.000000,0.000000,135.112152
12.354000,0.000000,0.000000,141.637836
12.356000,0.000000,0.000000,144.497732
12.358000,0.000000,0.000000,146.176476
12.360000,0.000000,0.000000,146.176476
12.362000,0.000000,0.000000,148.740934
12.364000,0.000000,0.000000,152.123729
12.366000,0.000000,0.000000,153.527002
12.368000,0.000000,0.000000,154.403990
12.370000,0.000000,0.000000,154.423830
12.372000,0.000000,0.000000,154.423830
12.374000,0.000000,0.000000,155.120148
12.376000,0.000000,0.000000,155.396139
12.378000,0.000000,0.000000,155.346063
12.378000,0.000000,0.000000,155.319217
12.382000,0.000000,0.000000,154.638905
12.384000,0.000000,0.000000,154.252667
12.386000,0.000000,0.000000,153.638726
12.388000,0.000000,0.000000,152.983528
12.390000,0.000000,0.000000,152.888353
12.390000,0.000000,0.000000,151.974887
12.394000,0.000000,0.000000,151.262069
12.396000,0.000000,0.000000,149.322334
12.398000,0.000000,0.000000,147.582431
12.400000,0.000000,0.000000,146.383864
12.402000,0.000000,0.000000,146.253628
12.404000,0.000000,0.000000,143.529404
12.406000,0.000000,0.000000,142.179495
12.408000,0.000000,0.000000,140.730875
12.410000,0.000000,0.000000,139.362672
12.412000,0.000000,0.000000,137.655625
12.414000,0.000000,0.000000,136.112988
12.416000,0.000000,0.000000,134.548288
12.418000,0.000000,0.000000,133.063626
12.420000,0.000000,0.000000,131.649440
12.422000,0.000000,0.000000,130.052771
12.424000,0.000000,0.000000,128.754067
12.426000,0.000000,0.000000,127.380493
12.428000,0.000000,0.000000,126.104788
12.430000,0.000000,0.000000,124.958340
12.432000,0.000000,0.000000,124.886336
12.434000,0.000000,0.000000,122.645998
12.436000,0.000000,0.000000,121.423692
12.438000,0.000000,0.000000,120.395567
12.440000,0.000000,0.000000,119.424931
12.440000,0.000000,0.000000,119.424931
12.444000,0.000000,0.000000,117.643014
12.446000,0.000000,0.000000,116.784374
12.448000,0.000000,0.000000,116.784374
12.450000,0.000000,0.000000,115.116087
12.452000,0.000000,0.000000,114.409689
12.454000,0.000000,0.000000,114.409689
12.454000,0.000000,0.000000,113.788147
12.458000,0.000000,0.000000,112.768661
12.460000,0.000000,0.000000,112.436895
12.462000,0.000000,0.000000,112.097746
12.464000,0.000000,0.000000,112.097746
12.464000,0.000000,0.000000,112.021837
12.468000,0.000000,0.000000,112.132456
12.470000,0.000000,0.000000,112.190433
12.472000,0.000000,0.000000,112.085636
12.474000,0.000000,0.000000,112.085636
12.476000,0.000000,0.000000,111.832870
12.478000,0.000000,0.000000,111.869350
12.480000,0.000000,0.000000,111.942669
12.482000,0.000000,0.000000,112.008934
12.482000,0.000000,0.000000,112.223187
12.486000,0.000000,0.000000,112.614333
12.488000,0.000000,0.000000,112.948784
12.490000,0.000000,0.000000,112.948784
12.492000,0.000000,0.000000,114.080405
12.494000,0.000000,0.000000,115.017275
12.494000,0.000000,0.000000,115.017275
12.498000,0.000000,0.000000,116.163468
12.500000,0.000000,0.000000,116.614963
12.500000,0.000000,0.000000,120.563943
12.504000,0.000000,0.000000,111.414487
12.506000,0.000000,0.000000,105.225608
12.508000,0.000000,0.000000,104.635110
12.510000,0.000000,0.000000,103.004311
12.512000,0.000000,0.000000,101.895959
12.514000,0.000000,0.000000,99.569741
12.516000,0.000000,0.000000,97.832868
12.518000,0.000000,0.000000,95.311434
12.520000,0.000000,0.000000,93.127373
12.522000,0.000000,0.000000,93.127373
12.524000,0.000000,0.000000,91.913224
12.526000,0.000000,0.000000,92.026504
12.528000,0.000000,0.000000,92.855218
12.530000,0.000000,0.000000,94.339069
12.532000,0.000000,0.000000,94.339069
12.534000,0.000000,0.000000,95.906858
12.536000,0.000000,0.000000,99.350248
12.538000,0.000000,0.000000,101.086801
12.540000,0.000000,0.000000,102.453350
12.542000,0.000000,0.000000,103.561773
12.542000,0.000000,0.000000,103.807724
12.542000,0.000000,0.000000,103.807724
12.548000,0.000000,0.000000,108.209424
12.550000,0.000000,0.000000,109.813580
12.552000,0.000000,0.000000,111.251332
12.554000,0.000000,0.000000,112.610675
12.556000,0.000000,0.000000,112.610675
12.558000,0.000000,0.000000,115.206445
12.560000,0.000000,0.000000,116.500750
12.562000,0.000000,0.000000,117.601474
12.564000,0.000000,0.000000,118.578663
12.564000,0.000000,0.000000,118.578663
12.568000,0.000000,0.000000,120.374627
12.570000,0.000000,0.000000,121.222247
12.572000,0.000000,0.000000,121.793837
12.574000,0.000000,0.000000,122.209015
12.576000,0.000000,0.000000,122.209015
12.578000,0.000000,0.000000,122.663525
12.580000,0.000000,0.000000,122.819441
12.582000,0.000000,0.000000,122.797701
12.584000,0.000000,0.000000,122.620824
12.584000,0.000000,0.000000,122.620824
12.588000,0.000000,0.000000,121.970679
12.590000,0.000000,0.000000,121.556052
12.592000,0.000000,0.000000,121.031519
12.594000,0.000000,0.000000,120.405587
12.596000,0.000000,0.000000,120.405587
12.598000,0.000000,0.000000,118.764510
12.600000,0.000000,0.000000,117.811300
12.602000,0.000000,0.000000,116.659462
12.604000,0.000000,0.000000,115.480221
12.606000,0.000000,0.000000,114.225114
12.608000,0.000000,0.000000,113.057821
12.610000,0.000000,0.000000,113.057821
12.610000,0.000000,0.000000,113.057821
12.614000,0.000000,0.000000,113.057821
12.616000,0.000000,0.000000,113.057821
12.618000,0.000000,0.000000,107.128310
12.618000,0.000000,0.000000,105.827982
12.622000,0.000000,0.000000,102.343052
12.624000,0.000000,0.000000,100.520157
12.626000,0.000000,0.000000,98.893672
12.628000,0.000000,0.000000,97.292403
12.630000,0.000000,0.000000,97.252985
12.630000,0.000000,0.000000,95.583049
12.634000,0.000000,0.000000,92.294288
12.636000,0.000000,0.000000,90.475934
12.638000,0.000000,0.000000,88.809414
12.640000,0.000000,0.000000,88.809414
12.642000,0.000000,0.000000,85.796480
12.644000,0.000000,0.000000,84.156010
12.646000,0.000000,0.000000,82.737861
12.648000,0.000000,0.000000,81.448299
12.650000,0.000000,0.000000,81.448299
12.650000,0.000000,0.000000,80.256897
12.654000,0.000000,0.000000,77.682376
12.656000,0.000000,0.000000,76.537831
12.658000,0.000000,0.000000,76.557631
12.658000,0.000000,0.000000,75.760907
12.660000,0.000000,0.000000,75.785893
12.664000,0.000000,0.000000,73.670176
12.666000,0.000000,0.000000,73.026992
12.668000,0.000000,0.000000,72.666513
12.668000,0.000000,0.000000,72.666513
12.672000,0.000000,0.000000,71.469481
12.674000,0.000000,0.000000,70.881135
12.676000,0.000000,0.000000,70.755022
12.678000,0.000000,0.000000,70.858004
12.678000,0.000000,0.000000,70.858004
12.682000,0.000000,0.000000,71.391099
12.684000,0.000000,0.000000,71.173204
12.686000,0.000000,0.000000,71.472114
12.686000,0.000000,0.000000,71.911727
12.690000,0.000000,0.000000,72.887601
12.692000,0.000000,0.000000,72.845796
12.694000,0.000000,0.000000,72.845796
12.694000,0.000000,0.000000,73.252012
12.698000,0.000000,0.000000,74.288259
12.700000,0.000000,0.000000,74.359882
12.700000,0.000000,0.000000,75.280948
12.704000,0.000000,0.000000,78.197807
12.706000,0.000000,0.000000,79.861602
12.706000,0.000000,0.000000,79.861602
12.710000,0.000000,0.000000,78.235840
12.712000,0.000000,0.000000,75.473984
12.714000,0.000000,0.000000,75.088353
12.714000,0.000000,0.000000,76.956958
12.718000,0.000000,0.000000,79.238167
12.720000,0.000000,0.000000,82.241744
12.722000,0.000000,0.000000,86.488036
12.724000,0.000000,0.000000,91.345334
12.724000,0.000000,0.000000,91.360159
12.728000,0.000000,0.000000,101.428039
12.730000,0.000000,0.000000,106.575399
12.732000,0.000000,0.000000,111.457303
12.732000,0.000000,0.000000,111.457303
12.736000,0.000000,0.000000,120.575033
12.738000,0.000000,0.000000,125.013055
12.740000,0.000000,0.000000,128.787852
12.742000,0.000000,0.000000,131.899586
12.744000,0.000000,0.000000,132.183133
12.746000,0.000000,0.000000,137.996063
12.748000,0.000000,0.000000,140.754847
12.750000,0.000000,0.000000,142.940873
12.752000,0.000000,0.000000,144.640205
12.754000,0.000000,0.000000,144.829247
12.756000,0.000000,0.000000,147.764339
12.758000,0.000000,0.000000,149.114174
12.760000,0.000000,0.000000,150.002077
12.762000,0.000000,0.000000,150.002077
12.764000,0.000000,0.000000,151.069338
12.766000,0.000000,0.000000,151.465629
12.768000,0.000000,0.000000,151.492449
12.768000,0.000000,0.000000,152.005701
12.772000,0.000000,0.000000,151.029616
12.774000,0.000000,0.000000,150.678673
12.776000,0.000000,0.000000,150.634015
12.778000,0.000000,0.000000,150.015491
12.780000,0.000000,0.000000,148.494632
12.782000,0.000000,0.000000,147.646108
12.784000,0.000000,0.000000,146.588731
12.786000,0.000000,0.000000,145.524867
12.788000,0.000000,0.000000,145.415418
12.790000,0.000000,0.000000,143.147540
12.792000,0.000000,0.000000,141.777997
12.794000,0.000000,0.000000,139.960348
12.796000,0.000000,0.000000,138.527976
12.798000,0.000000,0.000000,138.400884
12.800000,0.000000,0.000000,135.366092
12.802000,0.000000,0.000000,134.068991
12.804000,0.000000,0.000000,132.357463
12.806000,0.000000,0.000000,130.913930
12.808000,0.000000,0.000000,130.797985
12.810000,0.000000,0.000000,127.795118
12.812000,0.000000,0.000000,126.326137
12.814000,0.000000,0.000000,126.326137
12.816000,0.000000,0.000000,124.938115
12.816000,0.000000,0.000000,123.457245
12.820000,0.000000,0.000000,120.602776
12.822000,0.000000,0.000000,119.242642
12.824000,0.000000,0.000000,119.165873
12.826000,0.000000,0.000000,117.917020
12.826000,0.000000,0.000000,116.642520
12.830000,0.000000,0.000000,114.232800
12.832000,0.000000,0.000000,113.198533
12.834000,0.000000,0.000000,113.198533
12.834000,0.000000,0.000000,112.241159
12.838000,0.000000,0.000000,110.618038
12.840000,0.000000,0.000000,109.882232
12.842000,0.000000,0.000000,109.882232
12.842000,0.000000,0.000000,109.199919
12.846000,0.000000,0.000000,108.039553
12.848000,0.000000,0.000000,107.696201
12.850000,0.000000,0.000000,107.314812
12.852000,0.000000,0.000000,106.825641
12.854000,0.000000,0.000000,106.853689
12.856000,0.000000,0.000000,106.465394
12.858000,0.000000,0.000000,106.306102
12.860000,0.000000,0.000000,106.047063
12.862000,0.000000,0.000000,106.166200
12.862000,0.000000,0.000000,105.917785
12.866000,0.000000,0.000000,106.077193
12.868000,0.000000,0.000000,106.364594
12.870000,0.000000,0.000000,106.422225
12.870000,0.000000,0.000000,106.696774
12.872000,0.000000,0.000000,107.201476
12.876000,0.000000,0.000000,108.028723
12.878000,0.000000,0.000000,108.058002
12.880000,0.000000,0.000000,108.274362
12.880000,0.000000,0.000000,108.326182
12.882000,0.000000,0.000000,108.245160
12.886000,0.000000,0.000000,108.761997
12.888000,0.000000,0.000000,109.273658
12.890000,0.000000,0.000000,109.273658
12.890000,0.000000,0.000000,110.251433
12.894000,0.000000,0.000000,105.954176
12.896000,0.000000,0.000000,105.888309
12.898000,0.000000,0.000000,99.705922
12.900000,0.000000,0.000000,99.705922
12.900000,0.000000,0.000000,97.910455
12.904000,0.000000,0.000000,95.848086
12.906000,0.000000,0.000000,94.487221
12.908000,0.000000,0.000000,91.656135
12.910000,0.000000,0.000000,91.656135
12.910000,0.000000,0.000000,88.765403
12.914000,0.000000,0.000000,85.213346
12.916000,0.000000,0.000000,84.592077
12.918000,0.000000,0.000000,84.592077
12.920000,0.000000,0.000000,85.401086
12.920000,0.000000,0.000000,86.614100
12.924000,0.000000,0.000000,89.955769
12.926000,0.000000,0.000000,91.481088
12.928000,0.000000,0.000000,91.481088
12.928000,0.000000,0.000000,92.590202
12.932000,0.000000,0.000000,95.083294
12.934000,0.000000,0.000000,96.427994
12.936000,0.000000,0.000000,97.707911
12.936000,0.000000,0.000000,97.948441
12.940000,0.000000,0.000000,101.203913
12.942000,0.000000,0.000000,102.842513
12.944000,0.000000,0.000000,104.367156
12.946000,0.000000,0.000000,104.595043
12.946000,0.000000,0.000000,105.794719
12.950000,0.000000,0.000000,108.467713
12.952000,0.000000,0.000000,109.751821
12.954000,0.000000,0.000000,110.929295
12.956000,0.000000,0.000000,110.929295
12.956000,0.000000,0.000000,112.049244
12.960000,0.000000,0.000000,114.121727
12.962000,0.000000,0.000000,115.058007
12.964000,0.000000,0.000000,115.182053
12.966000,0.000000,0.000000,115.805286
12.968000,0.000000,0.000000,117.140475
12.970000,0.000000,0.000000,117.697584
12.972000,0.000000,0.000000,118.052979
12.974000,0.000000,0.000000,118.052979
12.974000,0.000000,0.000000,118.256271
12.976000,0.000000,0.000000,118.312458
12.980000,0.000000,0.000000,118.265888
12.982000,0.000000,0.000000,118.125409
12.984000,0.000000,0.000000,118.125409
12.984000,0.000000,0.000000,117.809214
12.988000,0.000000,0.000000,116.862655
12.990000,0.000000,0.000000,116.312781
12.992000,0.000000,0.000000,116.312781
12.992000,0.000000,0.000000,115.694322
12.996000,0.000000,0.000000,114.168408
12.998000,0.000000,0.000000,113.260369
13.000000,0.000000,0.000000,113.260369
13.000000,0.000000,0.000000,112.176272
13.004000,0.000000,0.000000,109.678046
13.006000,0.000000,0.000000,108.266263
13.008000,0.000000,0.000000,106.960596
13.010000,0.000000,0.000000,106.960596
13.010000,0.000000,0.000000,105.547390
13.014000,0.000000,0.000000,102.832104
13.016000,0.000000,0.000000,101.131087
13.018000,0.000000,0.000000,101.131087
13.020000,0.000000,0.000000,99.873729
13.022000,0.000000,0.000000,96.950268
13.024000,0.000000,0.000000,95.388943
13.026000,0.000000,0.000000,93.902472
13.028000,0.000000,0.000000,92.442043
13.030000,0.000000,0.000000,91.025046
13.030000,0.000000,0.000000,91.004167
13.034000,0.000000,0.000000,87.723288
13.036000,0.000000,0.000000,86.122799
13.038000,0.000000,0.000000,84.911573
13.040000,0.000000,0.000000,84.911573
13.040000,0.000000,0.000000,84.125114
13.044000,0.000000,0.000000,81.524195
13.046000,0.000000,0.000000,80.158665
13.048000,0.000000,0.000000,79.137895
13.050000,0.000000,0.000000,79.137895
13.050000,0.000000,0.000000,77.933705
13.054000,0.000000,0.000000,77.611204
13.056000,0.000000,0.000000,75.094235
13.058000,0.000000,0.000000,75.470825
13.060000,0.000000,0.000000,74.802286
13.060000,0.000000,0.000000,74.830653
13.064000,0.000000,0.000000,73.219715
13.066000,0.000000,0.000000,72.282100
13.068000,0.000000,0.000000,72.282100
13.068000,0.000000,0.000000,71.484033
13.072000,0.000000,0.000000,71.199247
13.074000,0.000000,0.000000,71.438637
13.076000,0.000000,0.000000,71.744158
13.078000,0.000000,0.000000,71.744158
13.080000,0.000000,0.000000,72.116072
13.082000,0.000000,0.000000,72.680861
13.084000,0.000000,0.000000,73.227005
13.086000,0.000000,0.000000,73.840417
13.088000,0.000000,0.000000,73.840417
13.088000,0.000000,0.000000,74.901418
13.092000,0.000000,0.000000,75.738244
13.094000,0.000000,0.000000,76.047824
13.096000,0.000000,0.000000,76.997378
13.098000,0.000000,0.000000,76.997378
13.100000,0.000000,0.000000,79.964958
13.102000,0.000000,0.000000,81.559048
13.104000,0.000000,0.000000,78.800757
13.106000,0.000000,0.000000,78.800757
13.106000,0.000000,0.000000,76.936404
13.110000,0.000000,0.000000,76.639136
13.112000,0.000000,0.000000,78.122600
13.114000,0.000000,0.000000,82.188673
13.116000,0.000000,0.000000,82.188673
13.116000,0.000000,0.000000,87.282768
13.120000,0.000000,0.000000,98.163733
13.122000,0.000000,0.000000,103.732806
13.124000,0.000000,0.000000,103.732806
13.124000,0.000000,0.000000,108.973906
13.126000,0.000000,0.000000,114.380185
13.130000,0.000000,0.000000,123.880076
13.132000,0.000000,0.000000,128.896027
13.134000,0.000000,0.000000,128.896027
13.136000,0.000000,0.000000,132.734192
13.138000,0.000000,0.000000,139.146288
13.140000,0.000000,0.000000,142.288875
13.142000,0.000000,0.000000,144.718146
13.144000,0.000000,0.000000,144.718146
13.146000,0.000000,0.000000,146.808390
13.148000,0.000000,0.000000,151.077584
13.150000,0.000000,0.000000,152.014125
13.152000,0.000000,0.000000,153.079693
13.154000,0.000000,0.000000,153.837748
13.156000,0.000000,0.000000,153.924953
13.156000,0.000000,0.000000,155.171533
13.160000,0.000000,0.000000,155.349641
13.162000,0.000000,0.000000,155.547385
13.164000,0.000000,0.000000,155.548187
13.166000,0.000000,0.000000,155.648602
13.168000,0.000000,0.000000,155.298899
13.170000,0.000000,0.000000,155.298899
13.170000,0.000000,0.000000,154.076114
13.174000,0.000000,0.000000,152.950702
13.176000,0.000000,0.000000,152.073061
13.178000,0.000000,0.000000,152.073061
13.178000,0.000000,0.000000,150.970400
13.182000,0.000000,0.000000,149.768225
13.184000,0.000000,0.000000,147.329703
13.186000,0.000000,0.000000,147.329703
13.188000,0.000000,0.000000,146.026718
13.188000,0.000000,0.000000,144.575643
13.192000,0.000000,0.000000,141.638898
13.194000,0.000000,0.000000,140.109394
13.196000,0.000000,0.000000,138.501559
13.198000,0.000000,0.000000,138.501559
13.200000,0.000000,0.000000,136.886033
13.200000,0.000000,0.000000,135.295511
13.204000,0.000000,0.000000,132.212105
13.206000,0.000000,0.000000,130.560416
13.208000,0.000000,0.000000,130.609516
13.208000,0.000000,0.000000,129.235163
13.212000,0.000000,0.000000,126.258694
13.214000,0.000000,0.000000,124.903119
13.216000,0.000000,0.000000,124.903119
13.218000,0.000000,0.000000,123.688175
13.220000,0.000000,0.000000,122.410130
13.222000,0.000000,0.000000,121.200172
13.224000,0.000000,0.000000,119.085915
13.224000,0.000000,0.000000,119.085915
13.228000,0.000000,0.000000,118.035823
13.230000,0.000000,0.000000,116.135987
13.232000,0.000000,0.000000,115.240816
13.234000,0.000000,0.000000,114.455996
13.236000,0.000000,0.000000,113.746387
13.238000,0.000000,0.000000,113.746387
13.240000,0.000000,0.000000,112.563523
13.240000,0.000000,0.000000,112.563523
13.244000,0.000000,0.000000,111.776536
13.246000,0.000000,0.000000,111.406326
13.248000,0.000000,0.000000,111.406326
13.248000,0.000000,0.000000,111.116676
13.252000,0.000000,0.000000,110.718953
13.254000,0.000000,0.000000,110.485382
13.256000,0.000000,0.000000,110.257475
13.258000,0.000000,0.000000,110.257475
13.258000,0.000000,0.000000,110.135613
13.262000,0.000000,0.000000,110.135613
13.264000,0.000000,0.000000,110.122062
13.266000,0.000000,0.000000,110.313829
13.268000,0.000000,0.000000,110.313829
13.270000,0.000000,0.000000,110.755793
13.272000,0.000000,0.000000,111.177414
13.274000,0.000000,0.000000,112.374032
13.276000,0.000000,0.000000,112.437356
13.278000,0.000000,0.000000,112.851207
13.278000,0.000000,0.000000,112.952838
13.282000,0.000000,0.000000,113.093458
13.284000,0.000000,0.000000,113.284052
13.286000,0.000000,0.000000,113.284052
13.288000,0.000000,0.000000,122.259422
13.290000,0.000000,0.000000,114.689102
13.292000,0.000000,0.000000,100.843707
13.294000,0.000000,0.000000,99.250147
13.296000,0.000000,0.000000,99.250147
13.298000,0.000000,0.000000,96.812977
13.298000,0.000000,0.000000,96.812977
13.302000,0.000000,0.000000,93.844763
13.304000,0.000000,0.000000,92.227934
13.306000,0.000000,0.000000,90.517638
13.308000,0.000000,0.000000,89.509503
13.308000,0.000000,0.000000,89.418811
13.312000,0.000000,0.000000,89.035681
13.314000,0.000000,0.000000,89.742007
13.316000,0.000000,0.000000,91.141003
13.318000,0.000000,0.000000,91.141003
13.318000,0.000000,0.000000,92.633621
13.322000,0.000000,0.000000,95.699816
13.324000,0.000000,0.000000,97.245587
13.326000,0.000000,0.000000,97.501011
13.326000,0.000000,0.000000,98.615041
13.330000,0.000000,0.000000,101.333152
13.332000,0.000000,0.000000,102.786437
13.332000,0.000000,0.000000,102.786437
13.336000,0.000000,0.000000,105.664124
13.338000,0.000000,0.000000,107.133314
13.340000,0.000000,0.000000,107.371620
13.340000,0.000000,0.000000,108.441019
13.344000,0.000000,0.000000,110.968009
13.346000,0.000000,0.000000,111.174479
13.348000,0.000000,0.000000,112.204348
13.350000,0.000000,0.000000,114.151468
13.352000,0.000000,0.000000,115.051810
13.354000,0.000000,0.000000,115.756950
13.356000,0.000000,0.000000,115.756950
13.356000,0.000000,0.000000,116.352773
13.360000,0.000000,0.000000,117.307565
13.362000,0.000000,0.000000,117.665021
13.364000,0.000000,0.000000,117.830531
13.364000,0.000000,0.000000,117.830531
13.368000,0.000000,0.000000,118.013807
13.370000,0.000000,0.000000,118.016001
13.372000,0.000000,0.000000,118.059030
13.374000,0.000000,0.000000,117.767494
13.374000,0.000000,0.000000,117.372974
13.378000,0.000000,0.000000,116.353357
13.380000,0.000000,0.000000,115.707244
13.382000,0.000000,0.000000,115.707244
13.382000,0.000000,0.000000,114.958525
13.386000,0.000000,0.000000,113.246259
13.388000,0.000000,0.000000,113.230739
13.390000,0.000000,0.000000,112.278125
13.392000,0.000000,0.000000,111.218058
13.394000,0.000000,0.000000,109.003452
13.396000,0.000000,0.000000,107.768227
13.398000,0.000000,0.000000,107.768227
13.398000,0.000000,0.000000,106.448801
13.402000,0.000000,0.000000,103.660125
13.404000,0.000000,0.000000,102.139305
13.406000,0.000000,0.000000,102.139305
13.406000,0.000000,0.000000,100.830390
13.410000,0.000000,0.000000,97.522487
13.412000,0.000000,0.000000,95.894388
13.414000,0.000000,0.000000,94.403695
13.414000,0.000000,0.000000,94.403695
13.416000,0.000000,0.000000,92.949550
13.420000,0.000000,0.000000,89.914712
13.422000,0.000000,0.000000,89.914712
13.424000,0.000000,0.000000,88.352815
13.424000,0.000000,0.000000,86.955652
13.428000,0.000000,0.000000,84.043248
13.430000,0.000000,0.000000,84.043248
13.432000,0.000000,0.000000,83.005610
13.432000,0.000000,0.000000,81.521797
13.436000,0.000000,0.000000,79.092471
13.438000,0.000000,0.000000,77.959346
13.440000,0.000000,0.000000,77.959346
13.440000,0.000000,0.000000,77.066376
13.442000,0.000000,0.000000,76.081219
13.446000,0.000000,0.000000,74.326726
13.448000,0.000000,0.000000,74.326726
13.450000,0.000000,0.000000,73.409386
13.450000,0.000000,0.000000,72.506325
13.454000,0.000000,0.000000,71.431103
13.456000,0.000000,0.000000,70.999811
13.458000,0.000000,0.000000,70.999811
13.460000,0.000000,0.000000,70.863146
13.462000,0.000000,0.000000,70.658428
13.464000,0.000000,0.000000,70.658428
13.464000,0.000000,0.000000,70.538509
13.468000,0.000000,0.000000,70.211660
13.470000,0.000000,0.000000,70.211660
13.470000,0.000000,0.000000,69.916105
13.474000,0.000000,0.000000,70.281936
13.476000,0.000000,0.000000,70.281936
13.476000,0.000000,0.000000,70.638183
13.480000,0.000000,0.000000,72.312792
13.482000,0.000000,0.000000,72.312792
13.482000,0.000000,0.000000,73.235815
13.486000,0.000000,0.000000,75.069411
13.488000,0.000000,0.000000,75.917780
13.490000,0.000000,0.000000,75.917780
13.492000,0.000000,0.000000,79.408805
13.494000,0.000000,0.000000,79.408805
13.496000,0.000000,0.000000,80.755212
13.498000,0.000000,0.000000,75.858616
13.500000,0.000000,0.000000,75.858616
13.500000,0.000000,0.000000,74.182730
13.504000,0.000000,0.000000,77.636597
13.506000,0.000000,0.000000,77.636597
13.506000,0.000000,0.000000,81.099635
13.510000,0.000000,0.000000,91.735286
13.512000,0.000000,0.000000,91.735286
13.512000,0.000000,0.000000,97.633914
13.516000,0.000000,0.000000,109.352127
13.518000,0.000000,0.000000,114.634450
13.520000,0.000000,0.000000,114.634450
13.520000,0.000000,0.000000,119.899526
13.524000,0.000000,0.000000,128.323993
13.526000,0.000000,0.000000,132.417855
13.528000,0.000000,0.000000,132.417855
13.528000,0.000000,0.000000,136.309956
13.532000,0.000000,0.000000,142.295506
13.534000,0.000000,0.000000,145.008532
13.536000,0.000000,0.000000,146.514977
13.536000,0.000000,0.000000,146.514977
13.540000,0.000000,0.000000,149.838637
13.542000,0.000000,0.000000,151.373424
13.542000,0.000000,0.000000,151.373424
13.546000,0.000000,0.000000,153.037550
13.548000,0.000000,0.000000,154.652050
13.550000,0.000000,0.000000,155.238972
13.552000,0.000000,0.000000,155.407963
13.552000,0.000000,0.000000,155.372465
13.554000,0.000000,0.000000,155.372465
13.558000,0.000000,0.000000,154.847647
13.560000,0.000000,0.000000,154.767831
13.560000,0.000000,0.000000,154.510669
13.562000,0.000000,0.000000,153.871747
13.566000,0.000000,0.000000,152.473269
13.568000,0.000000,0.000000,151.564158
13.568000,0.000000,0.000000,151.564158
13.570000,0.000000,0.000000,150.399605
13.572000,0.000000,0.000000,149.145363
13.576000,0.000000,0.000000,146.634163
13.576000,0.000000,0.000000,146.480610
13.580000,0.000000,0.000000,145.319868
13.580000,0.000000,0.000000,143.875680
13.584000,0.000000,0.000000,140.978292
13.586000,0.000000,0.000000,139.502524
13.586000,0.000000,0.000000,139.502524
13.588000,0.000000,0.000000,137.931932
13.592000,0.000000,0.000000,134.753483
13.592000,0.000000,0.000000,133.183276
13.594000,0.000000,0.000000,133.183276
13.596000,0.000000,0.000000,131.605268
13.598000,0.000000,0.000000,130.049277
13.602000,0.000000,0.000000,127.096222
13.604000,0.000000,0.000000,125.705505
13.606000,0.000000,0.000000,125.705505
13.606000,0.000000,0.000000,124.322557
13.610000,0.000000,0.000000,121.681124
13.610000,0.000000,0.000000,120.459467
13.614000,0.000000,0.000000,119.280551
13.614000,0.000000,0.000000,119.280551
13.618000,0.000000,0.000000,117.124726
13.620000,0.000000,0.000000,116.195864
13.622000,0.000000,0.000000,116.195864
13.622000,0.000000,0.000000,115.329364
13.626000,0.000000,0.000000,113.767846
13.626000,0.000000,0.000000,113.767846
13.626000,0.000000,0.000000,113.103651
13.632000,0.000000,0.000000,111.890753
13.634000,0.000000,0.000000,111.369398
13.636000,0.000000,0.000000,111.369398
13.636000,0.000000,0.000000,110.857629
13.640000,0.000000,0.000000,110.051629
13.642000,0.000000,0.000000,109.900361
13.644000,0.000000,0.000000,109.900361
13.646000,0.000000,0.000000,109.698134
13.648000,0.000000,0.000000,109.863851
13.648000,0.000000,0.000000,109.863851
13.652000,0.000000,0.000000,109.756985
13.654000,0.000000,0.000000,109.756985
13.654000,0.000000,0.000000,109.811394
13.658000,0.000000,0.000000,110.064381
13.660000,0.000000,0.000000,110.064381
13.660000,0.000000,0.000000,110.287994
13.664000,0.000000,0.000000,110.485727
13.664000,0.000000,0.000000,110.835262
13.666000,0.000000,0.000000,111.489288
13.670000,0.000000,0.000000,112.235734
13.670000,0.000000,0.000000,112.999068
13.674000,0.000000,0.000000,113.964048
13.676000,0.000000,0.000000,113.964048
13.676000,0.000000,0.000000,114.135832
13.680000,0.000000,0.000000,109.119282
13.682000,0.000000,0.000000,116.049400
13.682000,0.000000,0.000000,109.461572
13.684000,0.000000,0.000000,103.526174
13.688000,0.000000,0.000000,100.539943
13.690000,0.000000,0.000000,100.539943
13.692000,0.000000,0.000000,99.559609
13.694000,0.000000,0.000000,97.385576
13.694000,0.000000,0.000000,95.655608
13.698000,0.000000,0.000000,92.076028
13.700000,0.000000,0.000000,92.076028
13.702000,0.000000,0.000000,90.931658
13.704000,0.000000,0.000000,91.112268
13.704000,0.000000,0.000000,91.380013
13.708000,0.000000,0.000000,94.269607
13.710000,0.000000,0.000000,96.166654
13.712000,0.000000,0.000000,96.166654
13.712000,0.000000,0.000000,98.245579
13.716000,0.000000,0.000000,102.320495
13.718000,0.000000,0.000000,102.320495
13.718000,0.000000,0.000000,104.220640
13.720000,0.000000,0.000000,105.739280
13.724000,0.000000,0.000000,108.874194
13.726000,0.000000,0.000000,110.378025
13.726000,0.000000,0.000000,110.378025
13.730000,0.000000,0.000000,111.822848
13.732000,0.000000,0.000000,113.265622
13.734000,0.000000,0.000000,116.185790
13.736000,0.000000,0.000000,116.185790
13.736000,0.000000,0.000000,117.531685
13.740000,0.000000,0.000000,119.944794
13.742000,0.000000,0.000000,121.073964
13.744000,0.000000,0.000000,121.073964
13.746000,0.000000,0.000000,121.990929
13.746000,0.000000,0.000000,122.717115
13.748000,0.000000,0.000000,123.547455
13.752000,0.000000,0.000000,124.632967
13.754000,0.000000,0.000000,124.978168
13.756000,0.000000,0.000000,125.113065
13.756000,0.000000,0.000000,125.113065
13.758000,0.000000,0.000000,125.093731
13.762000,0.000000,0.000000,124.950350
13.764000,0.000000,0.000000,124.632076
13.766000,0.000000,0.000000,124.632076
13.766000,0.000000,0.000000,124.248192
13.770000,0.000000,0.000000,123.284096
13.772000,0.000000,0.000000,122.707416
13.774000,0.000000,0.000000,122.707416
13.774000,0.000000,0.000000,121.937195
13.776000,0.000000,0.000000,120.998403
13.780000,0.000000,0.000000,118.900812
13.782000,0.000000,0.000000,117.762086
13.784000,0.000000,0.000000,117.762086
13.786000,0.000000,0.000000,116.569922
13.786000,0.000000,0.000000,115.229987
13.790000,0.000000,0.000000,112.443718
13.792000,0.000000,0.000000,110.994607
13.794000,0.000000,0.000000,109.542777
13.796000,0.000000,0.000000,109.542777
13.798000,0.000000,0.000000,108.052948
13.798000,0.000000,0.000000,106.516239
13.802000,0.000000,0.000000,103.229394
13.804000,0.000000,0.000000,101.560575
13.806000,0.000000,0.000000,101.560575
13.808000,0.000000,0.000000,100.210898
13.808000,0.000000,0.000000,98.467439
13.812000,0.000000,0.000000,95.440827
13.814000,0.000000,0.000000,93.840508
13.816000,0.000000,0.000000,92.415791
13.816000,0.000000,0.000000,92.415791
13.820000,0.000000,0.000000,89.552636
13.822000,0.000000,0.000000,89.552636
13.822000,0.000000,0.000000,87.717567
13.826000,0.000000,0.000000,85.351077
13.828000,0.000000,0.000000,84.078796
13.830000,0.000000,0.000000,84.078796
13.832000,0.000000,0.000000,82.724203
13.832000,0.000000,0.000000,81.808028
13.836000,0.000000,0.000000,80.175400
13.838000,0.000000,0.000000,79.253443
13.840000,0.000000,0.000000,78.541901
13.842000,0.000000,0.000000,78.565652
13.842000,0.000000,0.000000,77.695639
13.846000,0.000000,0.000000,75.854183
13.848000,0.000000,0.000000,75.133822
13.850000,0.000000,0.000000,74.951203
13.852000,0.000000,0.000000,75.034129
13.852000,0.000000,0.000000,75.073486
13.856000,0.000000,0.000000,75.029924
13.858000,0.000000,0.000000,74.991361
13.860000,0.000000,0.000000,75.114481
13.862000,0.000000,0.000000,75.445629
13.864000,0.000000,0.000000,75.491369
13.864000,0.000000,0.000000,75.757416
13.868000,0.000000,0.000000,75.536981
13.870000,0.000000,0.000000,75.022164
13.872000,0.000000,0.000000,75.533148
13.872000,0.000000,0.000000,75.930436
13.874000,0.000000,0.000000,76.605593
13.878000,0.000000,0.000000,79.041084
13.880000,0.000000,0.000000,80.143851
13.882000,0.000000,0.000000,81.512952
13.884000,0.000000,0.000000,83.219610
13.884000,0.000000,0.000000,82.557096
13.888000,0.000000,0.000000,80.856519
13.890000,0.000000,0.000000,80.856519
13.892000,0.000000,0.000000,77.848876
13.894000,0.000000,0.000000,77.698537
13.896000,0.000000,0.000000,77.698537
13.896000,0.000000,0.000000,80.565244
13.900000,0.000000,0.000000,89.075334
13.902000,0.000000,0.000000,93.924369
13.904000,0.000000,0.000000,99.058463
13.904000,0.000000,0.000000,99.193520
13.906000,0.000000,0.000000,104.783549
13.910000,0.000000,0.000000,114.787135
13.912000,0.000000,0.000000,119.721314
13.914000,0.000000,0.000000,120.455429
13.916000,0.000000,0.000000,124.452975
13.916000,0.000000,0.000000,128.373766
13.920000,0.000000,0.000000,135.478917
13.922000,0.000000,0.000000,139.311543
13.924000,0.000000,0.000000,139.311543
13.926000,0.000000,0.000000,141.910154
13.926000,0.000000,0.000000,144.161733
13.930000,0.000000,0.000000,148.377320
13.932000,0.000000,0.000000,150.070967
13.934000,0.000000,0.000000,150.648742
13.936000,0.000000,0.000000,151.548932
13.938000,0.000000,0.000000,152.194736
13.940000,0.000000,0.000000,152.804351
13.942000,0.000000,0.000000,153.704551
13.944000,0.000000,0.000000,153.704551
13.946000,0.000000,0.000000,153.267356
13.948000,0.000000,0.000000,153.653071
13.950000,0.000000,0.000000,153.653071
13.952000,0.000000,0.000000,153.259629
13.954000,0.000000,0.000000,152.114322
13.956000,0.000000,0.000000,151.508310
13.958000,0.000000,0.000000,150.970610
13.958000,0.000000,0.000000,150.477772
13.962000,0.000000,0.000000,150.477772
13.964000,0.000000,0.000000,147.352006
13.966000,0.000000,0.000000,147.352006
13.968000,0.000000,0.000000,146.198031
13.968000,0.000000,0.000000,145.009519
13.972000,0.000000,0.000000,142.052206
13.974000,0.000000,0.000000,140.460755
13.976000,0.000000,0.000000,138.818008
13.978000,0.000000,0.000000,138.818008
13.978000,0.000000,0.000000,137.183344
13.982000,0.000000,0.000000,133.967589
13.984000,0.000000,0.000000,132.386939
13.986000,0.000000,0.000000,130.798220
13.988000,0.000000,0.000000,130.798220
13.990000,0.000000,0.000000,129.267592
13.992000,0.000000,0.000000,126.223370
13.994000,0.000000,0.000000,124.709684
13.996000,0.000000,0.000000,124.709684
13.998000,0.000000,0.000000,123.222952
14.000000,0.000000,0.000000,120.383897
14.002000,0.000000,0.000000,119.063470
14.004000,0.000000,0.000000,117.828814
14.006000,0.000000,0.000000,117.828814
14.006000,0.000000,0.000000,117.828814
14.010000,0.000000,0.000000,114.496478
14.012000,0.000000,0.000000,113.446315
14.014000,0.000000,0.000000,112.683784
14.016000,0.000000,0.000000,112.683784
14.018000,0.000000,0.000000,111.773289
14.020000,0.000000,0.000000,110.520270
14.022000,0.000000,0.000000,109.961290
14.024000,0.000000,0.000000,109.961290
14.026000,0.000000,0.000000,109.372141
14.028000,0.000000,0.000000,108.725348
14.030000,0.000000,0.000000,107.960917
14.032000,0.000000,0.000000,107.590011
14.034000,0.000000,0.000000,107.590011
14.036000,0.000000,0.000000,107.390145
14.036000,0.000000,0.000000,107.069076
14.040000,0.000000,0.000000,106.934118
14.042000,0.000000,0.000000,107.100970
14.044000,0.000000,0.000000,107.100970
14.046000,0.000000,0.000000,107.335892
14.048000,0.000000,0.000000,107.397237
14.050000,0.000000,0.000000,107.956266
14.052000,0.000000,0.000000,108.280170
14.054000,0.000000,0.000000,108.280170
14.056000,0.000000,0.000000,108.443550
14.056000,0.000000,0.000000,108.606081
14.060000,0.000000,0.000000,109.308387
14.062000,0.000000,0.000000,109.798683
14.064000,0.000000,0.000000,109.798683
14.066000,0.000000,0.000000,110.255748
14.068000,0.000000,0.000000,110.723987
14.070000,0.000000,0.000000,113.100405
14.072000,0.000000,0.000000,118.384994
14.074000,0.000000,0.000000,115.651703
14.076000,0.000000,0.000000,109.065588
14.078000,0.000000,0.000000,104.930858
14.080000,0.000000,0.000000,103.689410
14.082000,0.000000,0.000000,101.035921
14.084000,0.000000,0.000000,98.826432
14.086000,0.000000,0.000000,98.024916
14.086000,0.000000,0.000000,95.510495
14.090000,0.000000,0.000000,92.419319
14.092000,0.000000,0.000000,92.419319
14.092000,0.000000,0.000000,91.882816
14.096000,0.000000,0.000000,92.789948
14.098000,0.000000,0.000000,93.870238
14.098000,0.000000,0.000000,94.022357
14.102000,0.000000,0.000000,96.555049
14.104000,0.000000,0.000000,96.555049
14.106000,0.000000,0.000000,97.997956
14.108000,0.000000,0.000000,100.574075
14.110000,0.000000,0.000000,101.922845
14.112000,0.000000,0.000000,102.088167
14.114000,0.000000,0.000000,103.050687
14.116000,0.000000,0.000000,104.243299
14.118000,0.000000,0.000000,106.791581
14.120000,0.000000,0.000000,106.791581
14.122000,0.000000,0.000000,108.058921
14.122000,0.000000,0.000000,109.165949
14.126000,0.000000,0.000000,111.329898
14.128000,0.000000,0.000000,111.329898
14.130000,0.000000,0.000000,112.271003
14.130000,0.000000,0.000000,113.011480
14.134000,0.000000,0.000000,114.395898
14.136000,0.000000,0.000000,114.395898
14.138000,0.000000,0.000000,114.953359
14.138000,0.000000,0.000000,115.358969
14.142000,0.000000,0.000000,116.106871
14.144000,0.000000,0.000000,116.283240
14.146000,0.000000,0.000000,116.402788
14.146000,0.000000,0.000000,116.449287
14.150000,0.000000,0.000000,116.360929
14.152000,0.000000,0.000000,116.081697
14.154000,0.000000,0.000000,116.137655
14.156000,0.000000,0.000000,115.106648
14.158000,0.000000,0.000000,115.128595
14.158000,0.000000,0.000000,114.516539
14.162000,0.000000,0.000000,113.296280
14.164000,0.000000,0.000000,112.540724
14.166000,0.000000,0.000000,112.554004
14.166000,0.000000,0.000000,111.707162
14.170000,0.000000,0.000000,109.915141
14.172000,0.000000,0.000000,108.925110
14.174000,0.000000,0.000000,108.925110
14.174000,0.000000,0.000000,107.838942
14.178000,0.000000,0.000000,105.314623
14.180000,0.000000,0.000000,104.160794
14.182000,0.000000,0.000000,102.651879
14.184000,0.000000,0.000000,101.259461
14.184000,0.000000,0.000000,101.259461
14.188000,0.000000,0.000000,98.586653
14.190000,0.000000,0.000000,97.389803
14.190000,0.000000,0.000000,97.389803
14.194000,0.000000,0.000000,94.641997
14.196000,0.000000,0.000000,92.935396
14.198000,0.000000,0.000000,91.618896
14.198000,0.000000,0.000000,91.874223
14.202000,0.000000,0.000000,88.860226
14.204000,0.000000,0.000000,88.844226
14.206000,0.000000,0.000000,87.483616
14.206000,0.000000,0.000000,86.314301
14.210000,0.000000,0.000000,83.945340
14.212000,0.000000,0.000000,82.739931
14.214000,0.000000,0.000000,82.739931
14.214000,0.000000,0.000000,82.046696
14.218000,0.000000,0.000000,79.378777
14.220000,0.000000,0.000000,79.378777
14.220000,0.000000,0.000000,78.193184
14.224000,0.000000,0.000000,76.429744
14.226000,0.000000,0.000000,76.429744
14.228000,0.000000,0.000000,75.488659
14.230000,0.000000,0.000000,74.845923
14.232000,0.000000,0.000000,74.871980
14.232000,0.000000,0.000000,74.442840
14.236000,0.000000,0.000000,73.009142
14.238000,0.000000,0.000000,73.419016
14.238000,0.000000,0.000000,72.954722
14.242000,0.000000,0.000000,71.633944
14.244000,0.000000,0.000000,71.633944
14.244000,0.000000,0.000000,71.117233
14.248000,0.000000,0.000000,70.947498
14.250000,0.000000,0.000000,70.947498
14.252000,0.000000,0.000000,70.998208
14.254000,0.000000,0.000000,71.665406
14.256000,0.000000,0.000000,71.717701
14.258000,0.000000,0.000000,72.035605
14.258000,0.000000,0.000000,72.551059
14.260000,0.000000,0.000000,73.081895
14.264000,0.000000,0.000000,74.157074
14.266000,0.000000,0.000000,74.157074
14.268000,0.000000,0.000000,74.360815
14.268000,0.000000,0.000000,74.866351
14.272000,0.000000,0.000000,76.599696
14.274000,0.000000,0.000000,80.278141
14.276000,0.000000,0.000000,78.253466
14.276000,0.000000,0.000000,79.195790
14.280000,0.000000,0.000000,72.690561
14.282000,0.000000,0.000000,71.123660
14.284000,0.000000,0.000000,70.337641
14.284000,0.000000,0.000000,71.588867
14.288000,0.000000,0.000000,78.002193
14.290000,0.000000,0.000000,78.002193
14.290000,0.000000,0.000000,82.316575
14.294000,0.000000,0.000000,87.927537
14.296000,0.000000,0.000000,98.837605
14.298000,0.000000,0.000000,104.597915
14.300000,0.000000,0.000000,104.597915
14.300000,0.000000,0.000000,109.887074
14.304000,0.000000,0.000000,119.793665
14.306000,0.000000,0.000000,124.386403
14.308000,0.000000,0.000000,128.182308
14.310000,0.000000,0.000000,128.182308
14.312000,0.000000,0.000000,132.115002
14.314000,0.000000,0.000000,137.782364
14.316000,0.000000,0.000000,140.577207
14.318000,0.000000,0.000000,142.772782
14.320000,0.000000,0.000000,144.664724
14.322000,0.000000,0.000000,146.130063
14.322000,0.000000,0.000000,146.297894
14.326000,0.000000,0.000000,148.820453
14.328000,0.000000,0.000000,149.989855
14.330000,0.000000,0.000000,149.989855
14.332000,0.000000,0.000000,151.282732
14.334000,0.000000,0.000000,151.803590
14.336000,0.000000,0.000000,151.833844
14.338000,0.000000,0.000000,151.939234
14.340000,0.000000,0.000000,151.926533
14.342000,0.000000,0.000000,151.610778
14.344000,0.000000,0.000000,151.099955
14.346000,0.000000,0.000000,151.042809
14.348000,0.000000,0.000000,149.616389
14.350000,0.000000,0.000000,148.985470
14.352000,0.000000,0.000000,148.895065
14.354000,0.000000,0.000000,148.448977
14.354000,0.000000,0.000000,147.438354
14.358000,0.000000,0.000000,145.352687
14.360000,0.000000,0.000000,143.820861
14.362000,0.000000,0.000000,142.607148
14.364000,0.000000,0.000000,141.445325
14.364000,0.000000,0.000000,141.445325
14.368000,0.000000,0.000000,138.649244
14.370000,0.000000,0.000000,138.649244
14.370000,0.000000,0.000000,137.214141
14.374000,0.000000,0.000000,134.298509
14.376000,0.000000,0.000000,132.818050
14.378000,0.000000,0.000000,132.818050
14.380000,0.000000,0.000000,131.313510
14.382000,0.000000,0.000000,128.396524
14.384000,0.000000,0.000000,127.096233
14.386000,0.000000,0.000000,127.096233
14.386000,0.000000,0.000000,125.735033
14.390000,0.000000,0.000000,123.159274
14.392000,0.000000,0.000000,121.876195
14.392000,0.000000,0.000000,121.876195
14.394000,0.000000,0.000000,119.483277
14.394000,0.000000,0.000000,119.483277
14.400000,0.000000,0.000000,117.412173
14.402000,0.000000,0.000000,117.412173
14.404000,0.000000,0.000000,116.515863
14.406000,0.000000,0.000000,114.905524
14.408000,0.000000,0.000000,114.137393
14.410000,0.000000,0.000000,114.137393
14.412000,0.000000,0.000000,113.342419
14.414000,0.000000,0.000000,112.063473
14.416000,0.000000,0.000000,111.520444
14.418000,0.000000,0.000000,111.520444
14.420000,0.000000,0.000000,111.075334
14.422000,0.000000,0.000000,110.630724
14.424000,0.000000,0.000000,110.661310
14.426000,0.000000,0.000000,110.468020
14.428000,0.000000,0.000000,110.185911
14.430000,0.000000,0.000000,109.677849
14.432000,0.000000,0.000000,109.631062
14.434000,0.000000,0.000000,109.545780
14.436000,0.000000,0.000000,109.601173
14.436000,0.000000,0.000000,109.676052
14.440000,0.000000,0.000000,109.795903
14.442000,0.000000,0.000000,109.795903
14.444000,0.000000,0.000000,110.411157
14.444000,0.000000,0.000000,111.036277
14.446000,0.000000,0.000000,111.826942
14.450000,0.000000,0.000000,112.906140
14.452000,0.000000,0.000000,112.906140
14.454000,0.000000,0.000000,113.160985
14.454000,0.000000,0.000000,112.995852
14.456000,0.000000,0.000000,112.937771
14.460000,0.000000,0.000000,112.667825
14.462000,0.000000,0.000000,112.667825
14.464000,0.000000,0.000000,114.500815
14.464000,0.000000,0.000000,108.035416
14.466000,0.000000,0.000000,102.678241
14.470000,0.000000,0.000000,99.824235
14.472000,0.000000,0.000000,99.824235
14.474000,0.000000,0.000000,98.782750
14.474000,0.000000,0.000000,96.874447
14.476000,0.000000,0.000000,95.409181
14.480000,0.000000,0.000000,92.483522
14.482000,0.000000,0.000000,92.483522
14.484000,0.000000,0.000000,91.635388
14.486000,0.000000,0.000000,91.910626
14.486000,0.000000,0.000000,92.392874
14.488000,0.000000,0.000000,93.651649
14.492000,0.000000,0.000000,97.275345
14.494000,0.000000,0.000000,99.270952
14.496000,0.000000,0.000000,99.270952
14.498000,0.000000,0.000000,101.098932
14.498000,0.000000,0.000000,102.794335
14.502000,0.000000,0.000000,104.851599
14.504000,0.000000,0.000000,107.898341
14.506000,0.000000,0.000000,107.898341
14.508000,0.000000,0.000000,109.312912
14.508000,0.000000,0.000000,110.678054
14.512000,0.000000,0.000000,113.039217
14.514000,0.000000,0.000000,114.879778
14.516000,0.000000,0.000000,116.026517
14.518000,0.000000,0.000000,116.233833
14.518000,0.000000,0.000000,117.449261
14.522000,0.000000,0.000000,119.634203
14.524000,0.000000,0.000000,120.494511
14.524000,0.000000,0.000000,120.494511
14.528000,0.000000,0.000000,121.600259
14.530000,0.000000,0.000000,122.041733
14.532000,0.000000,0.000000,122.041733
14.534000,0.000000,0.000000,122.361623
14.534000,0.000000,0.000000,122.600842
14.538000,0.000000,0.000000,122.904462
14.540000,0.000000,0.000000,122.962790
14.542000,0.000000,0.000000,122.871222
14.544000,0.000000,0.000000,122.728594
14.546000,0.000000,0.000000,122.516246
14.548000,0.000000,0.000000,121.797332
14.550000,0.000000,0.000000,121.243542
14.552000,0.000000,0.000000,121.246659
14.554000,0.000000,0.000000,120.484870
14.556000,0.000000,0.000000,119.621548
14.558000,0.000000,0.000000,117.697578
14.560000,0.000000,0.000000,117.697578
14.560000,0.000000,0.000000,116.684222
14.564000,0.000000,0.000000,114.327982
14.566000,0.000000,0.000000,114.327982
14.566000,0.000000,0.000000,113.198205
14.570000,0.000000,0.000000,110.675371
14.572000,0.000000,0.000000,110.675371
14.574000,0.000000,0.000000,107.693634
14.576000,0.000000,0.000000,107.693634
14.576000,0.000000,0.000000,106.309080
14.580000,0.000000,0.000000,103.116648
14.580000,0.000000,0.000000,103.116648
14.584000,0.000000,0.000000,101.489647
14.584000,0.000000,0.000000,100.013875
14.586000,0.000000,0.000000,98.417650
14.590000,0.000000,0.000000,95.315447
14.590000,0.000000,0.000000,95.315447
14.594000,0.000000,0.000000,92.265454
14.596000,0.000000,0.000000,90.714441
14.598000,0.000000,0.000000,90.714441
14.600000,0.000000,0.000000,89.354744
14.602000,0.000000,0.000000,86.674269
14.604000,0.000000,0.000000,85.329492
14.606000,0.000000,0.000000,85.329492
14.606000,0.000000,0.000000,84.189402
14.610000,0.000000,0.000000,81.964083
14.612000,0.000000,0.000000,80.854343
14.614000,0.000000,0.000000,80.854343
14.614000,0.000000,0.000000,79.984323
14.618000,0.000000,0.000000,78.475481
14.620000,0.000000,0.000000,78.475481
14.622000,0.000000,0.000000,77.061179
14.624000,0.000000,0.000000,75.523435
14.626000,0.000000,0.000000,75.553055
14.628000,0.000000,0.000000,74.898554
14.630000,0.000000,0.000000,74.469689
14.632000,0.000000,0.000000,74.511667
14.634000,0.000000,0.000000,74.212359
14.634000,0.000000,0.000000,74.114686
14.638000,0.000000,0.000000,73.908230
14.640000,0.000000,0.000000,73.908230
14.640000,0.000000,0.000000,73.839114
14.644000,0.000000,0.000000,73.325742
14.646000,0.000000,0.000000,73.368197
14.648000,0.000000,0.000000,73.175476
14.650000,0.000000,0.000000,73.626481
14.652000,0.000000,0.000000,74.857450
14.654000,0.000000,0.000000,75.558196
14.656000,0.000000,0.000000,75.558196
14.656000,0.000000,0.000000,76.648500
14.660000,0.000000,0.000000,78.028333
14.662000,0.000000,0.000000,78.852246
14.664000,0.000000,0.000000,79.687295
14.666000,0.000000,0.000000,85.213573
14.668000,0.000000,0.000000,83.243235
14.670000,0.000000,0.000000,83.243235
14.670000,0.000000,0.000000,79.672867
14.674000,0.000000,0.000000,73.874300
14.676000,0.000000,0.000000,73.874300
14.678000,0.000000,0.000000,72.787861
14.680000,0.000000,0.000000,78.110153
14.682000,0.000000,0.000000,82.390113
14.684000,0.000000,0.000000,82.390113
14.686000,0.000000,0.000000,93.624603
14.688000,0.000000,0.000000,99.436344
14.690000,0.000000,0.000000,99.635335
14.690000,0.000000,0.000000,104.695433
14.694000,0.000000,0.000000,109.633237
14.696000,0.000000,0.000000,114.895215
14.698000,0.000000,0.000000,119.249003
14.698000,0.000000,0.000000,123.557593
14.702000,0.000000,0.000000,130.645787
14.704000,0.000000,0.000000,134.409459
14.706000,0.000000,0.000000,134.409459
14.706000,0.000000,0.000000,137.040491
14.710000,0.000000,0.000000,141.728177
14.712000,0.000000,0.000000,141.728177
14.712000,0.000000,0.000000,143.835465
14.716000,0.000000,0.000000,147.046459
14.718000,0.000000,0.000000,147.046459
14.718000,0.000000,0.000000,148.404562
14.722000,0.000000,0.000000,149.307622
14.722000,0.000000,0.000000,150.216452
14.726000,0.000000,0.000000,151.388564
14.728000,0.000000,0.000000,150.876397
14.728000,0.000000,0.000000,151.208652
14.732000,0.000000,0.000000,151.168770
14.734000,0.000000,0.000000,151.159103
14.734000,0.000000,0.000000,151.515693
14.738000,0.000000,0.000000,150.982217
14.740000,0.000000,0.000000,150.619205
14.742000,0.000000,0.000000,149.556977
14.742000,0.000000,0.000000,149.277900
14.746000,0.000000,0.000000,147.443026
14.748000,0.000000,0.000000,146.368613
14.750000,0.000000,0.000000,145.265104
14.752000,0.000000,0.000000,144.767522
14.752000,0.000000,0.000000,143.865040
14.756000,0.000000,0.000000,141.320068
14.758000,0.000000,0.000000,140.030156
14.760000,0.000000,0.000000,138.663685
14.762000,0.000000,0.000000,138.663685
14.762000,0.000000,0.000000,137.269066
14.766000,0.000000,0.000000,134.506314
14.768000,0.000000,0.000000,133.126861
14.770000,0.000000,0.000000,133.126861
14.770000,0.000000,0.000000,131.700117
14.774000,0.000000,0.000000,128.923731
14.776000,0.000000,0.000000,128.923731
14.778000,0.000000,0.000000,127.482633
14.778000,0.000000,0.000000,126.345533
14.782000,0.000000,0.000000,123.979620
14.784000,0.000000,0.000000,122.938977
14.786000,0.000000,0.000000,122.788144
14.786000,0.000000,0.000000,121.731908
14.790000,0.000000,0.000000,119.716516
14.792000,0.000000,0.000000,118.781193
14.794000,0.000000,0.000000,118.781193
14.794000,0.000000,0.000000,117.829330
14.798000,0.000000,0.000000,116.167851
14.800000,0.000000,0.000000,115.457253
14.802000,0.000000,0.000000,115.457253
14.804000,0.000000,0.000000,114.783575
14.804000,0.000000,0.000000,114.143832
14.808000,0.000000,0.000000,113.155563
14.810000,0.000000,0.000000,112.794138
14.812000,0.000000,0.000000,112.418692
14.814000,0.000000,0.000000,112.418692
14.816000,0.000000,0.000000,112.078482
14.816000,0.000000,0.000000,111.822582
14.820000,0.000000,0.000000,111.796068
14.822000,0.000000,0.000000,111.893004
14.824000,0.000000,0.000000,111.868230
14.826000,0.000000,0.000000,111.868230
14.828000,0.000000,0.000000,111.810862
14.830000,0.000000,0.000000,111.936183
14.832000,0.000000,0.000000,112.119249
14.834000,0.000000,0.000000,112.444987
14.836000,0.000000,0.000000,112.444987
14.838000,0.000000,0.000000,112.777651
14.840000,0.000000,0.000000,113.465192
14.842000,0.000000,0.000000,114.011718
14.844000,0.000000,0.000000,114.465241
14.846000,0.000000,0.000000,114.799148
14.848000,0.000000,0.000000,115.160344
14.850000,0.000000,0.000000,115.160344
14.852000,0.000000,0.000000,124.627280
14.854000,0.000000,0.000000,117.109440
14.856000,0.000000,0.000000,114.020328
14.858000,0.000000,0.000000,111.545554
14.860000,0.000000,0.000000,110.105942
14.862000,0.000000,0.000000,108.978383
14.864000,0.000000,0.000000,103.713492
14.866000,0.000000,0.000000,101.618512
14.868000,0.000000,0.000000,99.980095
14.870000,0.000000,0.000000,99.581495
14.872000,0.000000,0.000000,98.948153
14.872000,0.000000,0.000000,98.613558
14.876000,0.000000,0.000000,99.187090
14.878000,0.000000,0.000000,99.954161
14.880000,0.000000,0.000000,100.986101
14.882000,0.000000,0.000000,102.138884
14.884000,0.000000,0.000000,102.317414
14.886000,0.000000,0.000000,103.328530
14.888000,0.000000,0.000000,105.722310
14.890000,0.000000,0.000000,107.076771
14.892000,0.000000,0.000000,108.294498
14.894000,0.000000,0.000000,108.294498
14.896000,0.000000,0.000000,109.495432
14.898000,0.000000,0.000000,110.650488
14.900000,0.000000,0.000000,112.967524
14.902000,0.000000,0.000000,114.044840
14.904000,0.000000,0.000000,114.925911
14.906000,0.000000,0.000000,114.925911
14.906000,0.000000,0.000000,115.723448
14.910000,0.000000,0.000000,117.170076
14.912000,0.000000,0.000000,117.820335
14.914000,0.000000,0.000000,117.820335
14.916000,0.000000,0.000000,118.360831
14.918000,0.000000,0.000000,119.239842
14.920000,0.000000,0.000000,119.554075
14.922000,0.000000,0.000000,119.554075
14.924000,0.000000,0.000000,119.630736
14.926000,0.000000,0.000000,119.699890
14.930000,0.000000,0.000000,119.699890
14.932000,0.000000,0.000000,119.198103
14.934000,0.000000,0.000000,119.198103
14.936000,0.000000,0.000000,118.376186
14.938000,0.000000,0.000000,118.367296
14.938000,0.000000,0.000000,117.699374
14.942000,0.000000,0.000000,116.294530
14.942000,0.000000,0.000000,116.294530
14.944000,0.000000,0.000000,114.900519
14.948000,0.000000,0.000000,114.900519
14.950000,0.000000,0.000000,112.829438
14.952000,0.000000,0.000000,111.700309
14.954000,0.000000,0.000000,111.816647
14.954000,0.000000,0.000000,110.529577
14.958000,0.000000,0.000000,108.013605
14.960000,0.000000,0.000000,108.013605
14.962000,0.000000,0.000000,106.898038
14.964000,0.000000,0.000000,104.080754
14.966000,0.000000,0.000000,102.725570
14.968000,0.000000,0.000000,101.466603
14.970000,0.000000,0.000000,101.466603
14.970000,0.000000,0.000000,100.120045
14.974000,0.000000,0.000000,97.432093
14.976000,0.000000,0.000000,96.283688
14.978000,0.000000,0.000000,96.283688
14.980000,0.000000,0.000000,94.989023
14.980000,0.000000,0.000000,93.328970
14.984000,0.000000,0.000000,90.879930
14.986000,0.000000,0.000000,90.879930
14.986000,0.000000,0.000000,89.289106
14.990000,0.000000,0.000000,87.310232
14.992000,0.000000,0.000000,87.310232
14.994000,0.000000,0.000000,85.737609
14.994000,0.000000,0.000000,84.629635
14.998000,0.000000,0.000000,82.302367
15.000000,0.000000,0.000000,81.259418
15.002000,0.000000,0.000000,80.523945
15.004000,0.000000,0.000000,80.523945
15.006000,0.000000,0.000000,79.759266
15.008000,0.000000,0.000000,78.408274
15.010000,0.000000,0.000000,77.601954
15.012000,0.000000,0.000000,77.129870
15.014000,0.000000,0.000000,77.129870
15.016000,0.000000,0.000000,76.224669
15.018000,0.000000,0.000000,75.402105
15.020000,0.000000,0.000000,75.006067
15.022000,0.000000,0.000000,75.006067
15.024000,0.000000,0.000000,74.716293
15.026000,0.000000,0.000000,74.518170
15.028000,0.000000,0.000000,74.622336
15.030000,0.000000,0.000000,74.835932
15.032000,0.000000,0.000000,74.835932
15.032000,0.000000,0.000000,75.083024
15.036000,0.000000,0.000000,75.523172
15.038000,0.000000,0.000000,75.741029
15.040000,0.000000,0.000000,76.174439
15.042000,0.000000,0.000000,76.174439
15.044000,0.000000,0.000000,76.089829
15.046000,0.000000,0.000000,76.422106
15.048000,0.000000,0.000000,76.986739
15.048000,0.000000,0.000000,76.986739
15.052000,0.000000,0.000000,79.135912
15.054000,0.000000,0.000000,80.534182
15.056000,0.000000,0.000000,83.255867
15.058000,0.000000,0.000000,83.494755
15.060000,0.000000,0.000000,79.998370
15.062000,0.000000,0.000000,79.998370
15.064000,0.000000,0.000000,77.677454
15.066000,0.000000,0.000000,77.204361
15.068000,0.000000,0.000000,76.787902
15.070000,0.000000,0.000000,80.622330
15.072000,0.000000,0.000000,80.622330
15.074000,0.000000,0.000000,84.539482
15.076000,0.000000,0.000000,95.960047
15.078000,0.000000,0.000000,95.960047
15.080000,0.000000,0.000000,107.033847
15.082000,0.000000,0.000000,107.247642
15.082000,0.000000,0.000000,113.131851
15.086000,0.000000,0.000000,122.734126
15.088000,0.000000,0.000000,126.659455
15.090000,0.000000,0.000000,129.937525
15.090000,0.000000,0.000000,130.219438
15.094000,0.000000,0.000000,136.210379
15.096000,0.000000,0.000000,138.809193
15.098000,0.000000,0.000000,139.048465
15.098000,0.000000,0.000000,141.352709
15.102000,0.000000,0.000000,145.958459
15.104000,0.000000,0.000000,145.958459
15.106000,0.000000,0.000000,145.958459
15.108000,0.000000,0.000000,150.402190
15.110000,0.000000,0.000000,150.402190
15.112000,0.000000,0.000000,151.643001
15.114000,0.000000,0.000000,151.761781
15.116000,0.000000,0.000000,153.232399
15.118000,0.000000,0.000000,153.388214
15.120000,0.000000,0.000000,153.142590
15.122000,0.000000,0.000000,153.142590
15.122000,0.000000,0.000000,152.224069
15.126000,0.000000,0.000000,151.672392
15.128000,0.000000,0.000000,150.608585
15.130000,0.000000,0.000000,150.207527
15.132000,0.000000,0.000000,149.254091
15.134000,0.000000,0.000000,148.307086
15.134000,0.000000,0.000000,147.776832
15.138000,0.000000,0.000000,145.792077
15.140000,0.000000,0.000000,144.268185
15.142000,0.000000,0.000000,142.925989
15.144000,0.000000,0.000000,141.699645
15.146000,0.000000,0.000000,141.574385
15.148000,0.000000,0.000000,140.207540
15.150000,0.000000,0.000000,137.617940
15.152000,0.000000,0.000000,135.933373
15.154000,0.000000,0.000000,134.610573
15.156000,0.000000,0.000000,133.070641
15.158000,0.000000,0.000000,133.070641
15.160000,0.000000,0.000000,130.091268
15.162000,0.000000,0.000000,128.626106
15.164000,0.000000,0.000000,127.175821
15.166000,0.000000,0.000000,127.175821
15.166000,0.000000,0.000000,125.651524
15.170000,0.000000,0.000000,123.125929
15.172000,0.000000,0.000000,123.125929
15.172000,0.000000,0.000000,121.881713
15.176000,0.000000,0.000000,119.465603
15.178000,0.000000,0.000000,119.465603
15.180000,0.000000,0.000000,118.305659
15.180000,0.000000,0.000000,117.210010
15.184000,0.000000,0.000000,115.220200
15.186000,0.000000,0.000000,114.412668
15.188000,0.000000,0.000000,113.674343
15.190000,0.000000,0.000000,113.681225
15.192000,0.000000,0.000000,112.217610
15.194000,0.000000,0.000000,111.571448
15.196000,0.000000,0.000000,110.971555
15.198000,0.000000,0.000000,110.352825
15.200000,0.000000,0.000000,110.352825
15.202000,0.000000,0.000000,109.581355
15.204000,0.000000,0.000000,109.299354
15.206000,0.000000,0.000000,109.028367
15.208000,0.000000,0.000000,108.759006
15.208000,0.000000,0.000000,108.857707
15.212000,0.000000,0.000000,108.710630
15.214000,0.000000,0.000000,108.772647
15.216000,0.000000,0.000000,108.940584
15.218000,0.000000,0.000000,109.000319
15.218000,0.000000,0.000000,109.284439
15.222000,0.000000,0.000000,109.743723
15.224000,0.000000,0.000000,110.022114
15.226000,0.000000,0.000000,110.152142
15.228000,0.000000,0.000000,110.152142
15.230000,0.000000,0.000000,110.397396
15.232000,0.000000,0.000000,110.879785
15.234000,0.000000,0.000000,111.223892
15.236000,0.000000,0.000000,111.675622
15.238000,0.000000,0.000000,111.675622
15.238000,0.000000,0.000000,112.151022
15.242000,0.000000,0.000000,123.644388
15.244000,0.000000,0.000000,115.842773
15.246000,0.000000,0.000000,115.842773
15.246000,0.000000,0.000000,107.640514
15.250000,0.000000,0.000000,103.116145
15.252000,0.000000,0.000000,103.116145
15.254000,0.000000,0.000000,101.967267
15.254000,0.000000,0.000000,99.662898
15.258000,0.000000,0.000000,95.642738
15.260000,0.000000,0.000000,93.589843
15.262000,0.000000,0.000000,93.589843
15.262000,0.000000,0.000000,91.876392
15.266000,0.000000,0.000000,90.250174
15.268000,0.000000,0.000000,90.250174
15.268000,0.000000,0.000000,90.251234
15.272000,0.000000,0.000000,92.317417
15.274000,0.000000,0.000000,93.758705
15.276000,0.000000,0.000000,95.058484
15.278000,0.000000,0.000000,95.058484
15.280000,0.000000,0.000000,96.175630
15.280000,0.000000,0.000000,97.180172
15.284000,0.000000,0.000000,99.304518
15.286000,0.000000,0.000000,100.308183
15.288000,0.000000,0.000000,101.191304
15.290000,0.000000,0.000000,101.191304
15.290000,0.000000,0.000000,102.046792
15.294000,0.000000,0.000000,103.871962
15.296000,0.000000,0.000000,104.766677
15.298000,0.000000,0.000000,105.497197
15.300000,0.000000,0.000000,106.133972
15.302000,0.000000,0.000000,106.316446
15.302000,0.000000,0.000000,106.690839
15.306000,0.000000,0.000000,107.596254
15.308000,0.000000,0.000000,108.091183
15.310000,0.000000,0.000000,108.296822
15.312000,0.000000,0.000000,108.582994
15.314000,0.000000,0.000000,108.726580
15.314000,0.000000,0.000000,108.726580
15.318000,0.000000,0.000000,108.851511
15.320000,0.000000,0.000000,108.744263
15.322000,0.000000,0.000000,108.697790
15.324000,0.000000,0.000000,108.697790
15.324000,0.000000,0.000000,108.501842
15.328000,0.000000,0.000000,107.818200
15.330000,0.000000,0.000000,107.381875
15.332000,0.000000,0.000000,106.881843
15.334000,0.000000,0.000000,106.309243
15.334000,0.000000,0.000000,106.345950
15.336000,0.000000,0.000000,105.614476
15.340000,0.000000,0.000000,104.414761
15.342000,0.000000,0.000000,103.774744
15.344000,0.000000,0.000000,103.774744
15.346000,0.000000,0.000000,102.162945
15.346000,0.000000,0.000000,102.174925
15.350000,0.000000,0.000000,100.336211
15.350000,0.000000,0.000000,100.336211
15.352000,0.000000,0.000000,99.134271
15.356000,0.000000,0.000000,97.110626
15.358000,0.000000,0.000000,96.399363
15.360000,0.000000,0.000000,95.300875
15.362000,0.000000,0.000000,94.352822
15.362000,0.000000,0.000000,94.580307
15.366000,0.000000,0.000000,92.514050
15.368000,0.000000,0.000000,91.426550
15.370000,0.000000,0.000000,90.381586
15.372000,0.000000,0.000000,90.381586
15.372000,0.000000,0.000000,89.198299
15.376000,0.000000,0.000000,87.603896
15.378000,0.000000,0.000000,86.647258
15.380000,0.000000,0.000000,85.813697
15.380000,0.000000,0.000000,85.813697
15.384000,0.000000,0.000000,84.252757
15.386000,0.000000,0.000000,84.252757
15.386000,0.000000,0.000000,83.384729
15.390000,0.000000,0.000000,81.878919
15.392000,0.000000,0.000000,80.684822
15.394000,0.000000,0.000000,80.684822
15.396000,0.000000,0.000000,79.374182
15.398000,0.000000,0.000000,78.738125
15.400000,0.000000,0.000000,78.372775
15.402000,0.000000,0.000000,78.372775
15.402000,0.000000,0.000000,78.106086
15.406000,0.000000,0.000000,77.499286
15.408000,0.000000,0.000000,77.499286
15.408000,0.000000,0.000000,77.154645
15.412000,0.000000,0.000000,76.525749
15.414000,0.000000,0.000000,76.540481
15.414000,0.000000,0.000000,75.837805
15.418000,0.000000,0.000000,75.432115
15.420000,0.000000,0.000000,75.200841
15.422000,0.000000,0.000000,75.200841
15.424000,0.000000,0.000000,75.776613
15.424000,0.000000,0.000000,75.861262
15.428000,0.000000,0.000000,76.417024
15.430000,0.000000,0.000000,76.732781
15.432000,0.000000,0.000000,76.732781
15.434000,0.000000,0.000000,77.936849
15.436000,0.000000,0.000000,77.976230
15.438000,0.000000,0.000000,78.485774
15.440000,0.000000,0.000000,79.754602
15.442000,0.000000,0.000000,79.725075
15.444000,0.000000,0.000000,82.838805
15.446000,0.000000,0.000000,82.838805
15.448000,0.000000,0.000000,81.643461
15.450000,0.000000,0.000000,73.814119
15.452000,0.000000,0.000000,70.211278
15.454000,0.000000,0.000000,70.504273
15.456000,0.000000,0.000000,70.504273
15.456000,0.000000,0.000000,72.954604
15.460000,0.000000,0.000000,80.287030
15.462000,0.000000,0.000000,84.619549
15.464000,0.000000,0.000000,89.577718
15.466000,0.000000,0.000000,89.702503
15.466000,0.000000,0.000000,94.720509
15.470000,0.000000,0.000000,104.601011
15.472000,0.000000,0.000000,104.601011
15.474000,0.000000,0.000000,109.424580
15.474000,0.000000,0.000000,114.005657
15.478000,0.000000,0.000000,121.874722
15.480000,0.000000,0.000000,125.608903
15.482000,0.000000,0.000000,129.253375
15.484000,0.000000,0.000000,129.253375
15.486000,0.000000,0.000000,134.764150
15.488000,0.000000,0.000000,137.117261
15.490000,0.000000,0.000000,136.845437
15.490000,0.000000,0.000000,138.918853
15.492000,0.000000,0.000000,141.266088
15.496000,0.000000,0.000000,144.671743
15.498000,0.000000,0.000000,144.671743
15.498000,0.000000,0.000000,145.466039
15.500000,0.000000,0.000000,146.954748
15.504000,0.000000,0.000000,148.416925
15.506000,0.000000,0.000000,148.949458
15.508000,0.000000,0.000000,148.555683
15.510000,0.000000,0.000000,148.555683
15.510000,0.000000,0.000000,149.094488
15.512000,0.000000,0.000000,148.453938
15.516000,0.000000,0.000000,148.054130
15.518000,0.000000,0.000000,148.496254
15.520000,0.000000,0.000000,148.137239
15.522000,0.000000,0.000000,147.027334
15.522000,0.000000,0.000000,146.810769
15.526000,0.000000,0.000000,145.188435
15.528000,0.000000,0.000000,145.188435
15.530000,0.000000,0.000000,144.247761
15.530000,0.000000,0.000000,142.760408
15.534000,0.000000,0.000000,140.600032
15.536000,0.000000,0.000000,139.822230
15.538000,0.000000,0.000000,138.577174
15.540000,0.000000,0.000000,138.577174
15.540000,0.000000,0.000000,137.261375
15.544000,0.000000,0.000000,134.604123
15.546000,0.000000,0.000000,133.065342
15.548000,0.000000,0.000000,131.993303
15.550000,0.000000,0.000000,131.993303
15.550000,0.000000,0.000000,130.520318
15.554000,0.000000,0.000000,128.265787
15.556000,0.000000,0.000000,127.206127
15.558000,0.000000,0.000000,126.961129
15.558000,0.000000,0.000000,125.936735
15.562000,0.000000,0.000000,123.658850
15.564000,0.000000,0.000000,122.718541
15.566000,0.000000,0.000000,122.718541
15.568000,0.000000,0.000000,121.456364
15.568000,0.000000,0.000000,120.494971
15.572000,0.000000,0.000000,118.687537
15.574000,0.000000,0.000000,117.924452
15.576000,0.000000,0.000000,117.110841
15.578000,0.000000,0.000000,116.361678
15.580000,0.000000,0.000000,116.361678
15.582000,0.000000,0.000000,115.680126
15.584000,0.000000,0.000000,114.583797
15.586000,0.000000,0.000000,114.294404
15.588000,0.000000,0.000000,113.975384
15.590000,0.000000,0.000000,113.975338
15.592000,0.000000,0.000000,113.725365
15.594000,0.000000,0.000000,113.674287
15.596000,0.000000,0.000000,113.506927
15.598000,0.000000,0.000000,113.368605
15.600000,0.000000,0.000000,112.999127
15.602000,0.000000,0.000000,112.999127
15.604000,0.000000,0.000000,112.612486
15.604000,0.000000,0.000000,112.319123
15.608000,0.000000,0.000000,112.095084
15.610000,0.000000,0.000000,112.167576
15.612000,0.000000,0.000000,112.245865
15.614000,0.000000,0.000000,112.615070
15.616000,0.000000,0.000000,113.055493
15.618000,0.000000,0.000000,113.055493
15.620000,0.000000,0.000000,113.586678
15.622000,0.000000,0.000000,113.916484
15.624000,0.000000,0.000000,113.987719
15.626000,0.000000,0.000000,113.964936
15.628000,0.000000,0.000000,113.964936
