time,q,stance,left_hip_yaw,left_hip_pitch,left_knee,right_hip_yaw,right_hip_pitch,right_knee,left_hip_yaw_d,left_hip_pitch_d,left_knee_d,right_hip_yaw_d,right_hip_pitch_d,right_knee_d
0.008000,0,0.149145,0.605678,1.163951,-0.402276,-0.453190,0.908290,0.125000,0.600000,1.150000,0.000000,-0.700000,1.300000
0.010000,0,0.148767,0.608057,1.169821,-0.403246,-0.454541,0.911843,0.125000,0.600000,1.150000,0.000000,-0.700000,1.300000
0.010000,0,0.148339,0.610679,1.176310,-0.404326,-0.456041,0.915810,0.125000,0.600000,1.150000,0.000000,-0.700000,1.300000
0.012000,0,0.148339,0.610679,1.176310,-0.404326,-0.456041,0.915810,0.125000,0.600000,1.150000,0.000000,-0.700000,1.300000
0.012000,0,0.148339,0.610679,1.176310,-0.404326,-0.456041,0.915810,0.125000,0.600000,1.150000,0.000000,-0.700000,1.300000
0.018000,0,0.146816,0.619518,1.198354,-0.408074,-0.461192,0.929588,0.125000,0.600000,1.150000,0.000000,-0.700000,1.300000
0.020000,0,0.146246,0.622665,1.206271,-0.409451,-0.463064,0.934651,0.125000,0.600000,1.150000,0.000000,-0.700000,1.300000
0.022000,0,0.145650,0.625865,1.214361,-0.410878,-0.464991,0.939889,0.125000,0.600000,1.150000,0.000000,-0.700000,1.300000
0.024000,0,0.145032,0.629095,1.222573,-0.412347,-0.466961,0.945278,0.125000,0.600000,1.150000,0.000000,-0.700000,1.300000
0.026000,0,0.144394,0.632340,1.230869,-0.413854,-0.468968,0.950797,0.125000,0.600000,1.150000,0.000000,-0.700000,1.300000
0.028000,0,0.143738,0.635584,1.239218,-0.415395,-0.471006,0.956428,0.125000,0.600000,1.150000,0.000000,-0.700000,1.300000
0.030000,1,0.143065,0.638819,1.247594,-0.416966,-0.473068,0.962160,0.085727,0.643751,1.300829,-0.415394,-0.471007,0.956431
0.032000,1,0.142378,0.642035,1.255980,-0.418567,-0.475151,0.967982,0.085727,0.643751,1.300829,-0.415394,-0.471007,0.956431
0.034000,1,0.141676,0.645227,1.264363,-0.420195,-0.477253,0.973888,0.085727,0.643751,1.300829,-0.415394,-0.471007,0.956431
0.036000,1,0.140961,0.648393,1.272737,-0.421849,-0.479372,0.979871,0.085727,0.643751,1.300829,-0.415394,-0.471007,0.956431
0.038000,1,0.140234,0.651529,1.281096,-0.423529,-0.481507,0.985929,0.085727,0.643751,1.300829,-0.415394,-0.471007,0.956431
0.040000,1,0.139494,0.654636,1.289438,-0.425235,-0.483658,0.992061,0.085727,0.643751,1.300829,-0.415394,-0.471007,0.956431
0.042000,1,0.139016,0.657404,1.297077,-0.426568,-0.485515,0.997535,0.085727,0.643751,1.300829,-0.415394,-0.471007,0.956431
0.044000,1,0.138800,0.659817,1.303991,-0.427539,-0.487097,1.002406,0.085727,0.643751,1.300829,-0.415394,-0.471007,0.956431
0.046000,1,0.138809,0.661903,1.310221,-0.428196,-0.488437,1.006735,0.085727,0.643751,1.300829,-0.415394,-0.471007,0.956431
0.048000,1,0.139008,0.663695,1.315810,-0.428587,-0.489566,1.010571,0.085727,0.643751,1.300829,-0.415394,-0.471007,0.956431
0.050000,1,0.139391,0.665196,1.320769,-0.428723,-0.490508,1.013973,0.085727,0.643751,1.300829,-0.415394,-0.471007,0.956431
0.052000,1,0.139899,0.666466,1.325178,-0.428675,-0.491295,1.016968,0.085727,0.643751,1.300829,-0.415394,-0.471007,0.956431
0.054000,1,0.140502,0.667539,1.329081,-0.428479,-0.491950,1.019591,0.078843,0.696737,1.438521,-0.426738,-0.478145,0.990155
0.056000,1,0.141176,0.668442,1.332519,-0.428163,-0.492494,1.021872,0.078843,0.696737,1.438521,-0.426738,-0.478145,0.990155
0.058000,1,0.141797,0.669406,1.335925,-0.427803,-0.493019,1.023866,0.078843,0.696737,1.438521,-0.426738,-0.478145,0.990155
0.060000,1,0.142363,0.670429,1.339297,-0.427400,-0.493533,1.025596,0.078843,0.696737,1.438521,-0.426738,-0.478145,0.990155
0.062000,1,0.142863,0.671534,1.342764,-0.426985,-0.494053,1.027097,0.078843,0.696737,1.438521,-0.426738,-0.478145,0.990155
0.064000,1,0.143286,0.672710,1.346273,-0.426565,-0.494582,1.028398,0.078843,0.696737,1.438521,-0.426738,-0.478145,0.990155
0.066000,1,0.143622,0.673935,1.349738,-0.426143,-0.495121,1.029525,0.078843,0.696737,1.438521,-0.426738,-0.478145,0.990155
0.068000,1,0.143877,0.675197,1.353142,-0.425721,-0.495673,1.030500,0.078843,0.696737,1.438521,-0.426738,-0.478145,0.990155
0.070000,1,0.144051,0.676496,1.356486,-0.425298,-0.496238,1.031328,0.078843,0.696737,1.438521,-0.426738,-0.478145,0.990155
0.072000,1,0.144150,0.677813,1.359757,-0.424880,-0.496819,1.032043,0.078843,0.696737,1.438521,-0.426738,-0.478145,0.990155
0.074000,1,0.144177,0.679141,1.362949,-0.424469,-0.497414,1.032664,0.078843,0.696737,1.438521,-0.426738,-0.478145,0.990155
0.076000,1,0.144133,0.680471,1.366060,-0.424065,-0.498025,1.033201,0.078843,0.696737,1.438521,-0.426738,-0.478145,0.990155
0.078000,1,0.144022,0.681799,1.369084,-0.423669,-0.498648,1.033665,0.078843,0.696737,1.438521,-0.426738,-0.478145,0.990155
0.080000,1,0.143846,0.683117,1.372017,-0.423281,-0.499284,1.034066,0.087602,0.715446,1.507182,-0.422578,-0.487250,1.012456
0.082000,1,0.143551,0.684399,1.374604,-0.422897,-0.499927,1.034409,0.087602,0.715446,1.507182,-0.422578,-0.487250,1.012456
0.084000,1,0.143363,0.685874,1.378653,-0.422557,-0.500626,1.034728,0.087602,0.715446,1.507182,-0.422578,-0.487250,1.012456
0.086000,1,0.143290,0.687543,1.384218,-0.422260,-0.501381,1.035030,0.087602,0.715446,1.507182,-0.422578,-0.487250,1.012456
0.088000,1,0.143229,0.689284,1.390370,-0.421983,-0.502165,1.035312,0.087602,0.715446,1.507182,-0.422578,-0.487250,1.012456
0.090000,1,0.143069,0.690972,1.396154,-0.421699,-0.502952,1.035572,0.087602,0.715446,1.507182,-0.422578,-0.487250,1.012456
0.092000,1,0.142760,0.692551,1.401135,-0.421395,-0.503727,1.035810,0.087602,0.715446,1.507182,-0.422578,-0.487250,1.012456
0.094000,1,0.142316,0.694029,1.405411,-0.421073,-0.504491,1.036028,0.087602,0.715446,1.507182,-0.422578,-0.487250,1.012456
0.096000,1,0.141742,0.695412,1.409017,-0.420732,-0.505241,1.036220,0.087602,0.715446,1.507182,-0.422578,-0.487250,1.012456
0.098000,1,0.141116,0.696766,1.412565,-0.420390,-0.505991,1.036402,0.087602,0.715446,1.507182,-0.422578,-0.487250,1.012456
0.100000,1,0.140475,0.698121,1.416327,-0.420052,-0.506746,1.036579,0.087602,0.715446,1.507182,-0.422578,-0.487250,1.012456
0.102000,1,0.139814,0.699466,1.420245,-0.419718,-0.507501,1.036750,0.087602,0.715446,1.507182,-0.422578,-0.487250,1.012456
0.104000,1,0.139110,0.700775,1.424111,-0.419380,-0.508248,1.036913,0.093266,0.735365,1.557054,-0.418221,-0.495488,1.014569
0.106000,1,0.138364,0.702048,1.427928,-0.419039,-0.508987,1.037063,0.093266,0.735365,1.557054,-0.418221,-0.495488,1.014569
0.108000,1,0.137557,0.703262,1.431527,-0.418688,-0.509710,1.037201,0.093266,0.735365,1.557054,-0.418221,-0.495488,1.014569
0.110000,1,0.136849,0.704579,1.436127,-0.418357,-0.510454,1.037351,0.093266,0.735365,1.557054,-0.418221,-0.495488,1.014569
0.112000,1,0.136240,0.705993,1.441709,-0.418046,-0.511216,1.037512,0.093266,0.735365,1.557054,-0.418221,-0.495488,1.014569
0.114000,1,0.135647,0.707421,1.447584,-0.417736,-0.511976,1.037678,0.093266,0.735365,1.557054,-0.418221,-0.495488,1.014569
0.116000,1,0.135067,0.708861,1.453738,-0.417426,-0.512733,1.037846,0.093266,0.735365,1.557054,-0.418221,-0.495488,1.014569
0.118000,1,0.134380,0.710197,1.459200,-0.417093,-0.513458,1.038007,0.093266,0.735365,1.557054,-0.418221,-0.495488,1.014569
0.120000,1,0.133553,0.711398,1.463708,-0.416731,-0.514143,1.038159,0.093266,0.735365,1.557054,-0.418221,-0.495488,1.014569
0.122000,1,0.132620,0.712497,1.467540,-0.416347,-0.514792,1.038303,0.093266,0.735365,1.557054,-0.418221,-0.495488,1.014569
0.124000,1,0.131587,0.713499,1.470732,-0.415941,-0.515406,1.038435,0.093266,0.735365,1.557054,-0.418221,-0.495488,1.014569
0.126000,1,0.130546,0.714480,1.473978,-0.415534,-0.516001,1.038561,0.093266,0.735365,1.557054,-0.418221,-0.495488,1.014569
0.128000,1,0.129530,0.715472,1.477541,-0.415134,-0.516581,1.038680,0.093266,0.735365,1.557054,-0.418221,-0.495488,1.014569
0.130000,1,0.128524,0.716458,1.481301,-0.414739,-0.517143,1.038789,0.097484,0.750613,1.592971,-0.413643,-0.501138,1.011649
0.132000,1,0.127495,0.717412,1.484993,-0.414342,-0.517679,1.038884,0.097484,0.750613,1.592971,-0.413643,-0.501138,1.011649
0.134000,1,0.126549,0.718437,1.489395,-0.413963,-0.518215,1.038978,0.097484,0.750613,1.592971,-0.413643,-0.501138,1.011649
0.136000,1,0.125674,0.719523,1.494419,-0.413599,-0.518746,1.039068,0.097484,0.750613,1.592971,-0.413643,-0.501138,1.011649
0.138000,1,0.124802,0.720612,1.499546,-0.413238,-0.519260,1.039147,0.097484,0.750613,1.592971,-0.413643,-0.501138,1.011649
0.140000,1,0.123874,0.721653,1.504315,-0.412871,-0.519742,1.039209,0.097484,0.750613,1.592971,-0.413643,-0.501138,1.011649
0.142000,1,0.122866,0.722630,1.508560,-0.412493,-0.520188,1.039254,0.097484,0.750613,1.592971,-0.413643,-0.501138,1.011649
0.144000,1,0.121792,0.723553,1.512382,-0.412108,-0.520600,1.039279,0.097484,0.750613,1.592971,-0.413643,-0.501138,1.011649
0.146000,1,0.120656,0.724425,1.515801,-0.411717,-0.520977,1.039284,0.097484,0.750613,1.592971,-0.413643,-0.501138,1.011649
0.148000,1,0.119502,0.725281,1.519146,-0.411330,-0.521329,1.039269,0.097484,0.750613,1.592971,-0.413643,-0.501138,1.011649
0.150000,1,0.118349,0.726136,1.522552,-0.410952,-0.521657,1.039234,0.097484,0.750613,1.592971,-0.413643,-0.501138,1.011649
0.154000,1,0.117191,0.726986,1.525974,-0.410584,-0.521959,1.039175,0.097484,0.750613,1.592971,-0.413643,-0.501138,1.011649
0.154000,1,0.116013,0.727818,1.529297,-0.410223,-0.522234,1.039092,0.101657,0.754686,1.611435,-0.408379,-0.504585,1.008042
0.156000,1,0.114816,0.728634,1.532525,-0.409869,-0.522480,1.038983,0.101657,0.754686,1.611435,-0.408379,-0.504585,1.008042
0.158000,1,0.113587,0.729425,1.535570,-0.409521,-0.522696,1.038847,0.101657,0.754686,1.611435,-0.408379,-0.504585,1.008042
0.160000,1,0.112399,0.730241,1.538915,-0.409189,-0.522894,1.038690,0.101657,0.754686,1.611435,-0.408379,-0.504585,1.008042
0.162000,1,0.111251,0.731082,1.542540,-0.408875,-0.523075,1.038510,0.101657,0.754686,1.611435,-0.408379,-0.504585,1.008042
0.164000,1,0.110107,0.731922,1.546188,-0.408573,-0.523231,1.038302,0.101657,0.754686,1.611435,-0.408379,-0.504585,1.008042
0.166000,1,0.108935,0.732736,1.549616,-0.408279,-0.523356,1.038062,0.101657,0.754686,1.611435,-0.408379,-0.504585,1.008042
0.168000,1,0.107721,0.733518,1.552736,-0.407991,-0.523450,1.037791,0.101657,0.754686,1.611435,-0.408379,-0.504585,1.008042
0.170000,1,0.106474,0.734273,1.555593,-0.407710,-0.523514,1.037486,0.101657,0.754686,1.611435,-0.408379,-0.504585,1.008042
0.172000,1,0.105209,0.735010,1.558291,-0.407440,-0.523549,1.037148,0.101657,0.754686,1.611435,-0.408379,-0.504585,1.008042
0.174000,1,0.103938,0.735739,1.560912,-0.407184,-0.523560,1.036777,0.101657,0.754686,1.611435,-0.408379,-0.504585,1.008042
0.176000,1,0.102664,0.736463,1.563478,-0.406943,-0.523547,1.036374,0.101657,0.754686,1.611435,-0.408379,-0.504585,1.008042
0.178000,1,0.101388,0.737180,1.565969,-0.406716,-0.523511,1.035937,0.101657,0.754686,1.611435,-0.408379,-0.504585,1.008042
0.180000,1,0.100104,0.737887,1.568357,-0.406505,-0.523450,1.035465,0.104551,0.747421,1.610717,-0.404574,-0.504768,1.003126
0.182000,1,0.098812,0.738584,1.570626,-0.406307,-0.523365,1.034959,0.104551,0.747421,1.610717,-0.404574,-0.504768,1.003126
0.184000,1,0.097516,0.739251,1.572757,-0.406122,-0.523252,1.034417,0.104551,0.747421,1.610717,-0.404574,-0.504768,1.003126
0.186000,1,0.096219,0.739890,1.574764,-0.405950,-0.523111,1.033840,0.104551,0.747421,1.610717,-0.404574,-0.504768,1.003126
0.188000,1,0.094925,0.740507,1.576680,-0.405792,-0.522944,1.033227,0.104551,0.747421,1.610717,-0.404574,-0.504768,1.003126
0.190000,1,0.093637,0.741101,1.578507,-0.405648,-0.522751,1.032578,0.104551,0.747421,1.610717,-0.404574,-0.504768,1.003126
0.192000,1,0.092358,0.741676,1.580271,-0.405519,-0.522534,1.031893,0.104551,0.747421,1.610717,-0.404574,-0.504768,1.003126
0.194000,1,0.091091,0.742236,1.581981,-0.405406,-0.522296,1.031172,0.104551,0.747421,1.610717,-0.404574,-0.504768,1.003126
0.196000,1,0.089836,0.742782,1.583634,-0.405309,-0.522038,1.030414,0.104551,0.747421,1.610717,-0.404574,-0.504768,1.003126
0.198000,1,0.088593,0.743314,1.585219,-0.405227,-0.521760,1.029619,0.104551,0.747421,1.610717,-0.404574,-0.504768,1.003126
0.200000,1,0.087363,0.743833,1.586741,-0.405162,-0.521462,1.028787,0.104551,0.747421,1.610717,-0.404574,-0.504768,1.003126
0.202000,1,0.086146,0.744338,1.588190,-0.405112,-0.521147,1.027919,0.104551,0.747421,1.610717,-0.404574,-0.504768,1.003126
0.204000,1,0.084946,0.744831,1.589567,-0.405077,-0.520815,1.027016,0.105539,0.728927,1.592144,-0.402673,-0.501818,0.994612
0.206000,1,0.083763,0.745312,1.590881,-0.405056,-0.520468,1.026079,0.105539,0.728927,1.592144,-0.402673,-0.501818,0.994612
0.208000,1,0.082533,0.745700,1.591641,-0.405038,-0.520082,1.025097,0.105539,0.728927,1.592144,-0.402673,-0.501818,0.994612
0.210000,1,0.081260,0.746000,1.591879,-0.405021,-0.519660,1.024072,0.105539,0.728927,1.592144,-0.402673,-0.501818,0.994612
0.212000,1,0.079992,0.746243,1.591907,-0.405014,-0.519211,1.023008,0.105539,0.728927,1.592144,-0.402673,-0.501818,0.994612
0.214000,1,0.078768,0.746458,1.591998,-0.405024,-0.518745,1.021907,0.105539,0.728927,1.592144,-0.402673,-0.501818,0.994612
0.216000,1,0.077607,0.746660,1.592267,-0.405052,-0.518269,1.020771,0.105539,0.728927,1.592144,-0.402673,-0.501818,0.994612
0.218000,1,0.076501,0.746848,1.592672,-0.405099,-0.517781,1.019600,0.105539,0.728927,1.592144,-0.402673,-0.501818,0.994612
0.220000,1,0.075451,0.747022,1.593205,-0.405164,-0.517284,1.018397,0.105539,0.728927,1.592144,-0.402673,-0.501818,0.994612
0.222000,1,0.074429,0.747169,1.593679,-0.405242,-0.516777,1.017162,0.105539,0.728927,1.592144,-0.402673,-0.501818,0.994612
0.224000,1,0.073428,0.747286,1.594036,-0.405331,-0.516259,1.015895,0.105539,0.728927,1.592144,-0.402673,-0.501818,0.994612
0.226000,1,0.072454,0.747378,1.594304,-0.405432,-0.515733,1.014598,0.105539,0.728927,1.592144,-0.402673,-0.501818,0.994612
0.228000,1,0.071513,0.747450,1.594523,-0.405544,-0.515201,1.013272,0.105539,0.728927,1.592144,-0.402673,-0.501818,0.994612
0.230000,1,0.070606,0.747503,1.594699,-0.405668,-0.514663,1.011917,0.104522,0.698169,1.552355,-0.402787,-0.495345,0.980008
0.232000,1,0.069739,0.747542,1.594873,-0.405806,-0.514122,1.010534,0.104522,0.698169,1.552355,-0.402787,-0.495345,0.980008
0.234000,1,0.068767,0.747416,1.593999,-0.405929,-0.513537,1.009109,0.104522,0.698169,1.552355,-0.402787,-0.495345,0.980008
0.236000,1,0.067701,0.747129,1.592130,-0.406037,-0.512909,1.007643,0.104522,0.698169,1.552355,-0.402787,-0.495345,0.980008
0.238000,1,0.066635,0.746748,1.589916,-0.406148,-0.512259,1.006143,0.104522,0.698169,1.552355,-0.402787,-0.495345,0.980008
0.240000,1,0.065656,0.746335,1.587968,-0.406274,-0.511604,1.004614,0.104522,0.698169,1.552355,-0.402787,-0.495345,0.980008
0.242000,1,0.064763,0.745891,1.586272,-0.406415,-0.510945,1.003057,0.104522,0.698169,1.552355,-0.402787,-0.495345,0.980008
0.244000,1,0.063972,0.745436,1.584951,-0.406576,-0.510289,1.001474,0.104522,0.698169,1.552355,-0.402787,-0.495345,0.980008
0.246000,1,0.063267,0.744966,1.583896,-0.406753,-0.509636,0.999865,0.104522,0.698169,1.552355,-0.402787,-0.495345,0.980008
0.248000,1,0.062624,0.744469,1.582947,-0.406941,-0.508984,0.998232,0.104522,0.698169,1.552355,-0.402787,-0.495345,0.980008
0.250000,1,0.062026,0.743937,1.581981,-0.407138,-0.508333,0.996574,0.104522,0.698169,1.552355,-0.402787,-0.495345,0.980008
0.252000,1,0.061469,0.743369,1.580968,-0.407343,-0.507683,0.994893,0.104522,0.698169,1.552355,-0.402787,-0.495345,0.980008
0.254000,1,0.060952,0.742766,1.579911,-0.407555,-0.507032,0.993189,0.101759,0.657166,1.493788,-0.404494,-0.486388,0.959816
0.256000,1,0.060481,0.742134,1.578845,-0.407774,-0.506385,0.991462,0.101759,0.657166,1.493788,-0.404494,-0.486388,0.959816
0.258000,1,0.059844,0.741260,1.576250,-0.407964,-0.505682,0.989691,0.101759,0.657166,1.493788,-0.404494,-0.486388,0.959816
0.260000,1,0.059059,0.740156,1.572243,-0.408125,-0.504929,0.987878,0.101759,0.657166,1.493788,-0.404494,-0.486388,0.959816
0.262000,1,0.058267,0.738925,1.567799,-0.408282,-0.504154,0.986034,0.101759,0.657166,1.493788,-0.404494,-0.486388,0.959816
0.264000,1,0.057470,0.737568,1.562940,-0.408435,-0.503356,0.984156,0.101759,0.657166,1.493788,-0.404494,-0.486388,0.959816
0.266000,1,0.056793,0.736180,1.558558,-0.408605,-0.502563,0.982254,0.101759,0.657166,1.493788,-0.404494,-0.486388,0.959816
0.268000,1,0.056325,0.734844,1.555317,-0.408810,-0.501798,0.980338,0.101759,0.657166,1.493788,-0.404494,-0.486388,0.959816
0.270000,1,0.056325,0.734844,1.555317,-0.408810,-0.501798,0.980338,0.101759,0.657166,1.493788,-0.404494,-0.486388,0.959816
0.272000,1,0.055912,0.732289,1.551591,-0.409310,-0.500347,0.976455,0.101759,0.657166,1.493788,-0.404494,-0.486388,0.959816
0.274000,1,0.055877,0.731015,1.550480,-0.409590,-0.499646,0.974485,0.101759,0.657166,1.493788,-0.404494,-0.486388,0.959816
0.276000,1,0.055926,0.729723,1.549663,-0.409885,-0.498955,0.972492,0.101759,0.657166,1.493788,-0.404494,-0.486388,0.959816
0.278000,1,0.055920,0.728325,1.548128,-0.410167,-0.498257,0.970482,0.101759,0.657166,1.493788,-0.404494,-0.486388,0.959816
0.280000,1,0.055845,0.726816,1.545778,-0.410433,-0.497552,0.968455,0.097810,0.608695,1.418030,-0.406840,-0.476548,0.936655
0.282000,1,0.055709,0.725199,1.542656,-0.410684,-0.496842,0.966416,0.097810,0.608695,1.418030,-0.406840,-0.476548,0.936655
0.284000,1,0.055576,0.723525,1.539228,-0.410929,-0.496142,0.964372,0.097810,0.608695,1.418030,-0.406840,-0.476548,0.936655
0.286000,1,0.055236,0.721558,1.533926,-0.411132,-0.495384,0.962290,0.097810,0.608695,1.418030,-0.406840,-0.476548,0.936655
0.286000,1,0.054771,0.719360,1.527349,-0.411306,-0.494588,0.960181,0.097810,0.608695,1.418030,-0.406840,-0.476548,0.936655
0.290000,1,0.054385,0.717092,1.520963,-0.411485,-0.493796,0.958061,0.097810,0.608695,1.418030,-0.406840,-0.476548,0.936655
0.292000,1,0.054188,0.714852,1.515614,-0.411692,-0.493035,0.955941,0.097810,0.608695,1.418030,-0.406840,-0.476548,0.936655
0.294000,1,0.054170,0.712639,1.511242,-0.411925,-0.492301,0.953816,0.097810,0.608695,1.418030,-0.406840,-0.476548,0.936655
0.296000,1,0.054325,0.710459,1.507838,-0.412185,-0.491597,0.951687,0.097810,0.608695,1.418030,-0.406840,-0.476548,0.936655
0.298000,1,0.054538,0.708240,1.504556,-0.412449,-0.490908,0.949553,0.097810,0.608695,1.418030,-0.406840,-0.476548,0.936655
0.300000,1,0.054748,0.705941,1.500961,-0.412707,-0.490223,0.947412,0.097810,0.608695,1.418030,-0.406840,-0.476548,0.936655
0.302000,1,0.054961,0.703570,1.497090,-0.412959,-0.489546,0.945267,0.097810,0.608695,1.418030,-0.406840,-0.476548,0.936655
0.304000,1,0.055213,0.701164,1.493220,-0.413210,-0.488888,0.943124,0.094014,0.550043,1.324292,-0.409642,-0.465570,0.908110
0.306000,1,0.055503,0.698723,1.489349,-0.413461,-0.488246,0.940982,0.094014,0.550043,1.324292,-0.409642,-0.465570,0.908110
0.308000,1,0.055545,0.695924,1.483273,-0.413660,-0.487537,0.938804,0.094014,0.550043,1.324292,-0.409642,-0.465570,0.908110
0.310000,1,0.055372,0.692793,1.475211,-0.413808,-0.486768,0.936596,0.094014,0.550043,1.324292,-0.409642,-0.465570,0.908110
0.312000,1,0.055174,0.689496,1.466605,-0.413942,-0.485980,0.934371,0.094014,0.550043,1.324292,-0.409642,-0.465570,0.908110
0.314000,1,0.055115,0.686189,1.458749,-0.414097,-0.485212,0.932140,0.094014,0.550043,1.324292,-0.409642,-0.465570,0.908110
0.316000,1,0.055186,0.682868,1.451600,-0.414272,-0.484461,0.929901,0.094014,0.550043,1.324292,-0.409642,-0.465570,0.908110
0.318000,1,0.055420,0.679589,1.445447,-0.414474,-0.483743,0.927660,0.094014,0.550043,1.324292,-0.409642,-0.465570,0.908110
0.320000,1,0.055781,0.676336,1.440052,-0.414698,-0.483055,0.925418,0.094014,0.550043,1.324292,-0.409642,-0.465570,0.908110
0.322000,1,0.056217,0.673070,1.435007,-0.414933,-0.482388,0.923173,0.094014,0.550043,1.324292,-0.409642,-0.465570,0.908110
0.324000,1,0.056690,0.669768,1.430037,-0.415172,-0.481739,0.920927,0.094014,0.550043,1.324292,-0.409642,-0.465570,0.908110
0.326000,1,0.057194,0.666430,1.425085,-0.415412,-0.481107,0.918683,0.094014,0.550043,1.324292,-0.409642,-0.465570,0.908110
0.328000,1,0.057738,0.663073,1.420241,-0.415654,-0.480499,0.916449,0.094014,0.550043,1.324292,-0.409642,-0.465570,0.908110
0.330000,1,0.058336,0.659715,1.415617,-0.415902,-0.479919,0.914227,0.090157,0.486217,1.215399,-0.411899,-0.455360,0.879833
0.332000,1,0.058994,0.656369,1.411273,-0.416155,-0.479371,0.912022,0.090157,0.486217,1.215399,-0.411899,-0.455360,0.879833
0.334000,1,0.059356,0.652600,1.404257,-0.416341,-0.478747,0.909786,0.090157,0.486217,1.215399,-0.411899,-0.455360,0.879833
0.336000,1,0.059439,0.648421,1.394675,-0.416462,-0.478051,0.907523,0.090157,0.486217,1.215399,-0.411899,-0.455360,0.879833
0.338000,1,0.059266,0.643844,1.382661,-0.416518,-0.477284,0.905231,0.090157,0.486217,1.215399,-0.411899,-0.455360,0.879833
0.340000,1,0.059236,0.639288,1.371545,-0.416600,-0.476543,0.902940,0.090157,0.486217,1.215399,-0.411899,-0.455360,0.879833
0.342000,1,0.059520,0.634956,1.362856,-0.416748,-0.475875,0.900662,0.090157,0.486217,1.215399,-0.411899,-0.455360,0.879833
0.344000,1,0.060096,0.630840,1.356462,-0.416960,-0.475273,0.898395,0.090157,0.486217,1.215399,-0.411899,-0.455360,0.879833
0.346000,1,0.060803,0.626795,1.351038,-0.417201,-0.474710,0.896135,0.090157,0.486217,1.215399,-0.411899,-0.455360,0.879833
0.348000,1,0.061634,0.622818,1.346531,-0.417470,-0.474183,0.893880,0.090157,0.486217,1.215399,-0.411899,-0.455360,0.879833
0.350000,1,0.062420,0.618740,1.341493,-0.417726,-0.473660,0.891629,0.090157,0.486217,1.215399,-0.411899,-0.455360,0.879833
0.352000,1,0.063124,0.614526,1.335588,-0.417958,-0.473133,0.889383,0.090157,0.486217,1.215399,-0.411899,-0.455360,0.879833
0.354000,1,0.063800,0.610239,1.329273,-0.418177,-0.472616,0.887147,0.089575,0.459023,1.189456,-0.414266,-0.445305,0.848507
0.356000,1,0.064448,0.605881,1.322569,-0.418384,-0.472109,0.884919,0.089575,0.459023,1.189456,-0.414266,-0.445305,0.848507
0.358000,1,0.065104,0.601453,1.315757,-0.418585,-0.471608,0.882702,0.089575,0.459023,1.189456,-0.414266,-0.445305,0.848507
0.360000,1,0.065810,0.597010,1.309222,-0.418789,-0.471126,0.880501,0.089575,0.459023,1.189456,-0.414266,-0.445305,0.848507
0.362000,1,0.066589,0.592590,1.303189,-0.419001,-0.470671,0.878319,0.089575,0.459023,1.189456,-0.414266,-0.445305,0.848507
0.364000,1,0.067439,0.588202,1.297659,-0.419223,-0.470244,0.876158,0.089575,0.459023,1.189456,-0.414266,-0.445305,0.848507
0.366000,1,0.068355,0.583842,1.292607,-0.419452,-0.469846,0.874021,0.089575,0.459023,1.189456,-0.414266,-0.445305,0.848507
0.368000,1,0.069310,0.579494,1.287790,-0.419682,-0.469476,0.871911,0.089575,0.459023,1.189456,-0.414266,-0.445305,0.848507
0.370000,1,0.070289,0.575148,1.283080,-0.419909,-0.469133,0.869832,0.089575,0.459023,1.189456,-0.414266,-0.445305,0.848507
0.372000,1,0.071291,0.570810,1.278480,-0.420132,-0.468817,0.867785,0.089575,0.459023,1.189456,-0.414266,-0.445305,0.848507
0.374000,1,0.072313,0.566479,1.273982,-0.420351,-0.468528,0.865768,0.089575,0.459023,1.189456,-0.414266,-0.445305,0.848507
0.376000,1,0.073363,0.562170,1.269650,-0.420568,-0.468269,0.863783,0.089575,0.459023,1.189456,-0.414266,-0.445305,0.848507
0.378000,1,0.074452,0.557908,1.265609,-0.420784,-0.468046,0.861839,0.089575,0.459023,1.189456,-0.414266,-0.445305,0.848507
0.380000,1,0.075581,0.553699,1.261873,-0.420999,-0.467860,0.859937,0.088575,0.436870,1.168308,-0.416610,-0.439132,0.823445
0.382000,1,0.076746,0.549542,1.258425,-0.421212,-0.467710,0.858075,0.088575,0.436870,1.168308,-0.416610,-0.439132,0.823445
0.384000,1,0.077874,0.545312,1.254541,-0.421403,-0.467566,0.856247,0.088575,0.436870,1.168308,-0.416610,-0.439132,0.823445
0.386000,1,0.078960,0.541008,1.250183,-0.421570,-0.467428,0.854453,0.088575,0.436870,1.168308,-0.416610,-0.439132,0.823445
0.388000,1,0.080005,0.536633,1.245377,-0.421713,-0.467295,0.852693,0.088575,0.436870,1.168308,-0.416610,-0.439132,0.823445
0.390000,1,0.081084,0.532297,1.240851,-0.421853,-0.467190,0.850972,0.088575,0.436870,1.168308,-0.416610,-0.439132,0.823445
0.392000,1,0.082229,0.528052,1.236957,-0.421998,-0.467121,0.849292,0.088575,0.436870,1.168308,-0.416610,-0.439132,0.823445
0.394000,1,0.083434,0.523897,1.233640,-0.422149,-0.467088,0.847653,0.088575,0.436870,1.168308,-0.416610,-0.439132,0.823445
0.396000,1,0.084693,0.519827,1.230869,-0.422304,-0.467089,0.846054,0.088575,0.436870,1.168308,-0.416610,-0.439132,0.823445
0.398000,1,0.085980,0.515813,1.228389,-0.422457,-0.467118,0.844493,0.088575,0.436870,1.168308,-0.416610,-0.439132,0.823445
0.400000,1,0.087269,0.511828,1.225971,-0.422601,-0.467171,0.842970,0.088575,0.436870,1.168308,-0.416610,-0.439132,0.823445
0.402000,1,0.088528,0.507840,1.223314,-0.422728,-0.467240,0.841486,0.088575,0.436870,1.168308,-0.416610,-0.439132,0.823445
0.404000,1,0.089760,0.503861,1.220467,-0.422838,-0.467328,0.840042,0.088221,0.411742,1.143898,-0.418963,-0.436066,0.797728
0.406000,1,0.090967,0.499892,1.217440,-0.422932,-0.467433,0.838635,0.088221,0.411742,1.143898,-0.418963,-0.436066,0.797728
0.408000,1,0.092116,0.495858,1.213922,-0.423003,-0.467534,0.837255,0.088221,0.411742,1.143898,-0.418963,-0.436066,0.797728
0.410000,1,0.093228,0.491790,1.210118,-0.423055,-0.467636,0.835904,0.088221,0.411742,1.143898,-0.418963,-0.436066,0.797728
0.412000,1,0.094337,0.487746,1.206402,-0.423099,-0.467751,0.834582,0.088221,0.411742,1.143898,-0.418963,-0.436066,0.797728
0.414000,1,0.095444,0.483724,1.202769,-0.423136,-0.467876,0.833288,0.088221,0.411742,1.143898,-0.418963,-0.436066,0.797728
0.416000,1,0.096570,0.479766,1.199476,-0.423174,-0.468019,0.832021,0.088221,0.411742,1.143898,-0.418963,-0.436066,0.797728
0.418000,1,0.097721,0.475895,1.196617,-0.423216,-0.468184,0.830780,0.088221,0.411742,1.143898,-0.418963,-0.436066,0.797728
0.420000,1,0.098884,0.472101,1.194086,-0.423261,-0.468368,0.829561,0.088221,0.411742,1.143898,-0.418963,-0.436066,0.797728
0.422000,1,0.100057,0.468383,1.191865,-0.423308,-0.468570,0.828365,0.088221,0.411742,1.143898,-0.418963,-0.436066,0.797728
0.424000,1,0.101210,0.464712,1.189687,-0.423350,-0.468784,0.827187,0.088221,0.411742,1.143898,-0.418963,-0.436066,0.797728
0.426000,1,0.102332,0.461078,1.187447,-0.423386,-0.469008,0.826027,0.088221,0.411742,1.143898,-0.418963,-0.436066,0.797728
0.428000,1,0.103423,0.457481,1.185151,-0.423415,-0.469241,0.824883,0.088221,0.411742,1.143898,-0.418963,-0.436066,0.797728
0.430000,0,0.104493,0.453948,1.182937,-0.423442,-0.469486,0.823755,0.085641,0.407305,1.113327,-0.393343,-0.309052,0.948775
0.432000,0,0.105551,0.450494,1.180897,-0.423471,-0.469746,0.822642,0.085641,0.407305,1.113327,-0.393343,-0.309052,0.948775
0.434000,0,0.106594,0.447118,1.179024,-0.423500,-0.470021,0.821543,0.085641,0.407305,1.113327,-0.393343,-0.309052,0.948775
0.436000,0,0.105277,0.442336,1.155092,-0.423243,-0.470497,0.821277,0.085641,0.407305,1.113327,-0.393343,-0.309052,0.948775
0.438000,0,0.104316,0.438542,1.135458,-0.423025,-0.471292,0.821496,0.085641,0.407305,1.113327,-0.393343,-0.309052,0.948775
0.440000,0,0.103667,0.435650,1.119472,-0.422837,-0.472380,0.822187,0.085641,0.407305,1.113327,-0.393343,-0.309052,0.948775
0.440000,0,0.103667,0.435650,1.119472,-0.422837,-0.472380,0.822187,0.085641,0.407305,1.113327,-0.393343,-0.309052,0.948775
0.444000,0,0.103025,0.432339,1.096702,-0.422566,-0.475168,0.824564,0.085641,0.407305,1.113327,-0.393343,-0.309052,0.948775
0.446000,0,0.102971,0.431744,1.089042,-0.422471,-0.476806,0.826188,0.085641,0.407305,1.113327,-0.393343,-0.309052,0.948775
0.448000,0,0.103068,0.431746,1.083357,-0.422397,-0.478590,0.828090,0.085641,0.407305,1.113327,-0.393343,-0.309052,0.948775
0.450000,0,0.103288,0.432268,1.079381,-0.422337,-0.480466,0.830195,0.085641,0.407305,1.113327,-0.393343,-0.309052,0.948775
0.452000,0,0.103609,0.433237,1.076853,-0.422287,-0.482408,0.832461,0.085641,0.407305,1.113327,-0.393343,-0.309052,0.948775
0.454000,0,0.104006,0.434583,1.075556,-0.422245,-0.484374,0.834819,0.087613,0.418026,1.110914,-0.386626,-0.283150,0.907709
0.456000,0,0.104463,0.436245,1.075284,-0.422209,-0.486346,0.837237,0.087613,0.418026,1.110914,-0.386626,-0.283150,0.907709
0.458000,0,0.104966,0.438156,1.075850,-0.422121,-0.488245,0.839480,0.087613,0.418026,1.110914,-0.386626,-0.283150,0.907709
0.460000,0,0.105503,0.440264,1.077096,-0.421978,-0.490062,0.841533,0.087613,0.418026,1.110914,-0.386626,-0.283150,0.907709
0.462000,0,0.106069,0.442528,1.078893,-0.421782,-0.491797,0.843396,0.087613,0.418026,1.110914,-0.386626,-0.283150,0.907709
0.464000,0,0.106651,0.444907,1.081119,-0.421544,-0.493449,0.845086,0.087613,0.418026,1.110914,-0.386626,-0.283150,0.907709
0.466000,0,0.107243,0.447367,1.083675,-0.421271,-0.495018,0.846610,0.087613,0.418026,1.110914,-0.386626,-0.283150,0.907709
0.468000,0,0.107841,0.449880,1.086483,-0.420971,-0.496503,0.847981,0.087613,0.418026,1.110914,-0.386626,-0.283150,0.907709
0.470000,0,0.108441,0.452423,1.089472,-0.420653,-0.497904,0.849209,0.087613,0.418026,1.110914,-0.386626,-0.283150,0.907709
0.472000,0,0.109035,0.454971,1.092573,-0.420324,-0.499223,0.850307,0.087613,0.418026,1.110914,-0.386626,-0.283150,0.907709
0.474000,0,0.109619,0.457506,1.095736,-0.419992,-0.500463,0.851284,0.087613,0.418026,1.110914,-0.386626,-0.283150,0.907709
0.476000,0,0.110191,0.460017,1.098925,-0.419659,-0.501625,0.852148,0.087613,0.418026,1.110914,-0.386626,-0.283150,0.907709
0.476000,0,0.110191,0.460017,1.098925,-0.419659,-0.501625,0.852148,0.087613,0.418026,1.110914,-0.386626,-0.283150,0.907709
0.480000,0,0.111281,0.464910,1.105227,-0.419014,-0.503737,0.853578,0.093386,0.432768,1.113424,-0.391319,-0.331928,1.017034
0.482000,0,0.111795,0.467275,1.108295,-0.418707,-0.504694,0.854156,0.093386,0.432768,1.113424,-0.391319,-0.331928,1.017034
0.484000,0,0.112286,0.469582,1.111291,-0.418414,-0.505587,0.854651,0.093386,0.432768,1.113424,-0.391319,-0.331928,1.017034
0.486000,0,0.112747,0.471819,1.114196,-0.418231,-0.506599,0.855674,0.093386,0.432768,1.113424,-0.391319,-0.331928,1.017034
0.488000,0,0.112747,0.471819,1.114196,-0.418231,-0.506599,0.855674,0.093386,0.432768,1.113424,-0.391319,-0.331928,1.017034
0.490000,0,0.113581,0.476072,1.119668,-0.418179,-0.508968,0.859260,0.093386,0.432768,1.113424,-0.391319,-0.331928,1.017034
0.492000,0,0.114139,0.478154,1.122315,-0.418168,-0.509305,0.864189,0.093386,0.432768,1.113424,-0.391319,-0.331928,1.017034
0.494000,0,0.114845,0.480236,1.124921,-0.418127,-0.508816,0.871499,0.093386,0.432768,1.113424,-0.391319,-0.331928,1.017034
0.496000,0,0.115645,0.482351,1.127468,-0.418088,-0.507768,0.879879,0.093386,0.432768,1.113424,-0.391319,-0.331928,1.017034
0.498000,0,0.116490,0.484526,1.129942,-0.418070,-0.506394,0.888219,0.093386,0.432768,1.113424,-0.391319,-0.331928,1.017034
0.500000,0,0.117379,0.486770,1.132355,-0.418075,-0.504697,0.896522,0.093386,0.432768,1.113424,-0.391319,-0.331928,1.017034
0.502000,0,0.118257,0.489089,1.134706,-0.418117,-0.502857,0.904043,0.093386,0.432768,1.113424,-0.391319,-0.331928,1.017034
0.504000,0,0.119106,0.491486,1.137004,-0.418196,-0.500920,0.910652,0.099736,0.446468,1.120442,-0.398761,-0.352091,1.092231
0.506000,0,0.119915,0.493952,1.139265,-0.418312,-0.498873,0.916523,0.099736,0.446468,1.120442,-0.398761,-0.352091,1.092231
0.508000,0,0.120688,0.496490,1.141498,-0.418463,-0.496710,0.921685,0.099736,0.446468,1.120442,-0.398761,-0.352091,1.092231
0.510000,0,0.121427,0.499049,1.143723,-0.418664,-0.494254,0.927829,0.099736,0.446468,1.120442,-0.398761,-0.352091,1.092231
0.512000,0,0.122127,0.501616,1.145949,-0.418925,-0.491497,0.935079,0.099736,0.446468,1.120442,-0.398761,-0.352091,1.092231
0.514000,0,0.122787,0.504198,1.148180,-0.419253,-0.488446,0.943396,0.099736,0.446468,1.120442,-0.398761,-0.352091,1.092231
0.516000,0,0.123389,0.506804,1.150418,-0.419649,-0.485202,0.952258,0.099736,0.446468,1.120442,-0.398761,-0.352091,1.092231
0.518000,0,0.123918,0.509450,1.152663,-0.420109,-0.481871,0.961096,0.099736,0.446468,1.120442,-0.398761,-0.352091,1.092231
0.520000,0,0.124352,0.512156,1.154919,-0.420611,-0.478621,0.968984,0.099736,0.446468,1.120442,-0.398761,-0.352091,1.092231
0.522000,0,0.124691,0.514921,1.157189,-0.421145,-0.475475,0.975803,0.099736,0.446468,1.120442,-0.398761,-0.352091,1.092231
0.524000,0,0.124944,0.517734,1.159484,-0.421704,-0.472388,0.981802,0.099736,0.446468,1.120442,-0.398761,-0.352091,1.092231
0.526000,0,0.125119,0.520577,1.161812,-0.422288,-0.469305,0.987285,0.099736,0.446468,1.120442,-0.398761,-0.352091,1.092231
0.528000,0,0.125225,0.523441,1.164177,-0.422896,-0.466191,0.992464,0.099736,0.446468,1.120442,-0.398761,-0.352091,1.092231
0.530000,0,0.125263,0.526326,1.166580,-0.423528,-0.463043,0.997353,0.106802,0.475114,1.139422,-0.398808,-0.367736,1.143524
0.532000,0,0.125242,0.529215,1.169020,-0.424176,-0.459845,1.002066,0.106802,0.475114,1.139422,-0.398808,-0.367736,1.143524
0.534000,0,0.125174,0.532076,1.171488,-0.424858,-0.456514,1.007508,0.106802,0.475114,1.139422,-0.398808,-0.367736,1.143524
0.536000,0,0.125057,0.534911,1.173983,-0.425577,-0.453053,1.013656,0.106802,0.475114,1.139422,-0.398808,-0.367736,1.143524
0.538000,0,0.124894,0.537724,1.176494,-0.426313,-0.449540,1.020085,0.106802,0.475114,1.139422,-0.398808,-0.367736,1.143524
0.540000,0,0.124683,0.540515,1.179024,-0.427068,-0.445976,1.026787,0.106802,0.475114,1.139422,-0.398808,-0.367736,1.143524
0.542000,0,0.124423,0.543294,1.181566,-0.427822,-0.442427,1.033375,0.106802,0.475114,1.139422,-0.398808,-0.367736,1.143524
0.544000,0,0.124120,0.546067,1.184111,-0.428547,-0.438969,1.039396,0.106802,0.475114,1.139422,-0.398808,-0.367736,1.143524
0.546000,0,0.123778,0.548833,1.186656,-0.429231,-0.435610,1.044790,0.106802,0.475114,1.139422,-0.398808,-0.367736,1.143524
0.548000,0,0.123397,0.551593,1.189205,-0.429872,-0.432345,1.049582,0.106802,0.475114,1.139422,-0.398808,-0.367736,1.143524
0.550000,0,0.122994,0.554327,1.191752,-0.430471,-0.429131,1.054023,0.106802,0.475114,1.139422,-0.398808,-0.367736,1.143524
0.552000,0,0.122575,0.557027,1.194296,-0.431030,-0.425945,1.058260,0.106802,0.475114,1.139422,-0.398808,-0.367736,1.143524
0.556000,0,0.122145,0.559687,1.196832,-0.431547,-0.422780,1.062346,0.104453,0.506732,1.165900,-0.402622,-0.381782,1.170809
0.556000,0,0.121708,0.562302,1.199354,-0.432017,-0.419637,1.066283,0.104453,0.506732,1.165900,-0.402622,-0.381782,1.170809
0.558000,0,0.121264,0.564873,1.201865,-0.432441,-0.416514,1.070077,0.104453,0.506732,1.165900,-0.402622,-0.381782,1.170809
0.560000,0,0.120816,0.567387,1.204356,-0.432841,-0.413391,1.074175,0.104453,0.506732,1.165900,-0.402622,-0.381782,1.170809
0.562000,0,0.120372,0.569839,1.206814,-0.433209,-0.410285,1.078522,0.104453,0.506732,1.165900,-0.402622,-0.381782,1.170809
0.564000,0,0.119931,0.572236,1.209239,-0.433532,-0.407229,1.082914,0.104453,0.506732,1.165900,-0.402622,-0.381782,1.170809
0.566000,0,0.119495,0.574582,1.211623,-0.433798,-0.404253,1.087176,0.104453,0.506732,1.165900,-0.402622,-0.381782,1.170809
0.568000,0,0.119065,0.576880,1.213968,-0.434000,-0.401373,1.091209,0.104453,0.506732,1.165900,-0.402622,-0.381782,1.170809
0.570000,0,0.118641,0.579134,1.216278,-0.434139,-0.398586,1.095024,0.104453,0.506732,1.165900,-0.402622,-0.381782,1.170809
0.572000,0,0.118229,0.581339,1.218544,-0.434210,-0.395897,1.098606,0.104453,0.506732,1.165900,-0.402622,-0.381782,1.170809
0.574000,0,0.117831,0.583493,1.220764,-0.434213,-0.393302,1.101973,0.104453,0.506732,1.165900,-0.402622,-0.381782,1.170809
0.576000,0,0.117450,0.585591,1.222936,-0.434148,-0.390798,1.105152,0.104453,0.506732,1.165900,-0.402622,-0.381782,1.170809
0.578000,0,0.117086,0.587637,1.225062,-0.434015,-0.388383,1.108152,0.104453,0.506732,1.165900,-0.402622,-0.381782,1.170809
0.580000,0,0.116743,0.589626,1.227136,-0.433816,-0.386054,1.111006,0.098840,0.537323,1.196591,-0.406953,-0.389298,1.177057
0.582000,0,0.116421,0.591559,1.229159,-0.433551,-0.383809,1.113729,0.098840,0.537323,1.196591,-0.406953,-0.389298,1.177057
0.586000,0,0.116118,0.593435,1.231129,-0.433234,-0.381656,1.116429,0.098840,0.537323,1.196591,-0.406953,-0.389298,1.177057
0.588000,0,0.115837,0.595253,1.233044,-0.432865,-0.379594,1.119105,0.098840,0.537323,1.196591,-0.406953,-0.389298,1.177057
0.588000,0,0.115575,0.597018,1.234909,-0.432444,-0.377623,1.121758,0.098840,0.537323,1.196591,-0.406953,-0.389298,1.177057
0.590000,0,0.115334,0.598729,1.236721,-0.431970,-0.375750,1.124348,0.098840,0.537323,1.196591,-0.406953,-0.389298,1.177057
0.592000,0,0.115114,0.600390,1.238481,-0.431440,-0.373980,1.126837,0.098840,0.537323,1.196591,-0.406953,-0.389298,1.177057
0.594000,0,0.114916,0.602003,1.240186,-0.430853,-0.372322,1.129164,0.098840,0.537323,1.196591,-0.406953,-0.389298,1.177057
0.596000,0,0.114738,0.603570,1.241836,-0.430210,-0.370776,1.131325,0.098840,0.537323,1.196591,-0.406953,-0.389298,1.177057
0.598000,0,0.114582,0.605090,1.243431,-0.429514,-0.369337,1.133348,0.098840,0.537323,1.196591,-0.406953,-0.389298,1.177057
0.600000,0,0.114447,0.606564,1.244971,-0.428770,-0.368000,1.135262,0.098840,0.537323,1.196591,-0.406953,-0.389298,1.177057
0.602000,0,0.114334,0.607991,1.246457,-0.427980,-0.366762,1.137087,0.098840,0.537323,1.196591,-0.406953,-0.389298,1.177057
0.604000,0,0.114241,0.609373,1.247889,-0.427149,-0.365619,1.138835,0.095538,0.560458,1.222233,-0.407880,-0.384480,1.158510
0.606000,0,0.114168,0.610712,1.249270,-0.426277,-0.364570,1.140509,0.095538,0.560458,1.222233,-0.407880,-0.384480,1.158510
0.608000,0,0.114113,0.612019,1.250603,-0.425350,-0.363642,1.141794,0.095538,0.560458,1.222233,-0.407880,-0.384480,1.158510
0.610000,0,0.114075,0.613294,1.251888,-0.424368,-0.362833,1.142705,0.095538,0.560458,1.222233,-0.407880,-0.384480,1.158510
0.612000,0,0.114055,0.614535,1.253125,-0.423345,-0.362120,1.143379,0.095538,0.560458,1.222233,-0.407880,-0.384480,1.158510
0.614000,0,0.114052,0.615741,1.254317,-0.422281,-0.361502,1.143828,0.095538,0.560458,1.222233,-0.407880,-0.384480,1.158510
0.616000,0,0.114067,0.616909,1.255463,-0.421189,-0.360959,1.144186,0.095538,0.560458,1.222233,-0.407880,-0.384480,1.158510
0.618000,0,0.114100,0.618037,1.256565,-0.420077,-0.360479,1.144521,0.095538,0.560458,1.222233,-0.407880,-0.384480,1.158510
0.620000,0,0.114148,0.619125,1.257620,-0.418959,-0.360045,1.144946,0.095538,0.560458,1.222233,-0.407880,-0.384480,1.158510
0.622000,0,0.114212,0.620174,1.258629,-0.417836,-0.359657,1.145459,0.095538,0.560458,1.222233,-0.407880,-0.384480,1.158510
0.624000,0,0.114290,0.621188,1.259592,-0.416709,-0.359322,1.146018,0.095538,0.560458,1.222233,-0.407880,-0.384480,1.158510
0.626000,0,0.114381,0.622168,1.260512,-0.415577,-0.359040,1.146620,0.095538,0.560458,1.222233,-0.407880,-0.384480,1.158510
0.628000,0,0.114485,0.623120,1.261391,-0.414439,-0.358816,1.147222,0.095538,0.560458,1.222233,-0.407880,-0.384480,1.158510
0.630000,0,0.114600,0.624045,1.262229,-0.413296,-0.358652,1.147801,0.095290,0.575813,1.239210,-0.405506,-0.366495,1.115610
0.632000,0,0.114726,0.624947,1.263027,-0.412148,-0.358551,1.148331,0.095290,0.575813,1.239210,-0.405506,-0.366495,1.115610
0.634000,0,0.114860,0.625848,1.263791,-0.410945,-0.358561,1.148062,0.095290,0.575813,1.239210,-0.405506,-0.366495,1.115610
0.636000,0,0.115001,0.626747,1.264523,-0.409690,-0.358678,1.147024,0.095290,0.575813,1.239210,-0.405506,-0.366495,1.115610
0.638000,0,0.115151,0.627646,1.265225,-0.408388,-0.358895,1.145258,0.095290,0.575813,1.239210,-0.405506,-0.366495,1.115610
0.640000,0,0.115308,0.628533,1.265895,-0.407068,-0.359164,1.143101,0.095290,0.575813,1.239210,-0.405506,-0.366495,1.115610
0.642000,0,0.115476,0.629397,1.266534,-0.405758,-0.359437,1.140881,0.095290,0.575813,1.239210,-0.405506,-0.366495,1.115610
0.644000,0,0.115655,0.630222,1.267142,-0.404501,-0.359644,1.139101,0.095290,0.575813,1.239210,-0.405506,-0.366495,1.115610
0.646000,0,0.115844,0.631009,1.267716,-0.403301,-0.359782,1.137792,0.095290,0.575813,1.239210,-0.405506,-0.366495,1.115610
0.648000,0,0.116044,0.631759,1.268258,-0.402156,-0.359853,1.136937,0.095290,0.575813,1.239210,-0.405506,-0.366495,1.115610
0.650000,0,0.116249,0.632488,1.268767,-0.401045,-0.359908,1.136239,0.095290,0.575813,1.239210,-0.405506,-0.366495,1.115610
0.652000,0,0.116457,0.633207,1.269242,-0.399958,-0.359974,1.135536,0.095290,0.575813,1.239210,-0.405506,-0.366495,1.115610
0.654000,0,0.116666,0.633920,1.269685,-0.398893,-0.360058,1.134779,0.096830,0.587219,1.250306,-0.401489,-0.329653,1.041104
0.656000,0,0.116878,0.634627,1.270098,-0.397848,-0.360161,1.133970,0.096830,0.587219,1.250306,-0.401489,-0.329653,1.041104
0.658000,0,0.117091,0.635359,1.270491,-0.396742,-0.360350,1.131866,0.096830,0.587219,1.250306,-0.401489,-0.329653,1.041104
0.660000,0,0.117304,0.636114,1.270866,-0.395581,-0.360615,1.128551,0.096830,0.587219,1.250306,-0.401489,-0.329653,1.041104
0.662000,0,0.117518,0.636891,1.271223,-0.394372,-0.360950,1.124070,0.096830,0.587219,1.250306,-0.401489,-0.329653,1.041104
0.664000,0,0.117736,0.637672,1.271562,-0.393160,-0.361277,1.118993,0.096830,0.587219,1.250306,-0.401489,-0.329653,1.041104
0.666000,0,0.117964,0.638419,1.271880,-0.392025,-0.361449,1.114383,0.096830,0.587219,1.250306,-0.401489,-0.329653,1.041104
0.668000,0,0.118204,0.639124,1.272177,-0.390987,-0.361426,1.110535,0.096830,0.587219,1.250306,-0.401489,-0.329653,1.041104
0.670000,0,0.118452,0.639795,1.272451,-0.390035,-0.361237,1.107320,0.096830,0.587219,1.250306,-0.401489,-0.329653,1.041104
0.674000,0,0.118709,0.640433,1.272701,-0.389167,-0.360887,1.104711,0.096830,0.587219,1.250306,-0.401489,-0.329653,1.041104
0.676000,0,0.119227,0.641682,1.273123,-0.387584,-0.359955,1.100001,0.096830,0.587219,1.250306,-0.401489,-0.329653,1.041104
0.678000,0,0.119484,0.642304,1.273293,-0.386855,-0.359414,1.097696,0.096830,0.587219,1.250306,-0.401489,-0.329653,1.041104
0.680000,0,0.119739,0.642928,1.273438,-0.386163,-0.358837,1.095359,0.099552,0.597210,1.257296,-0.396555,-0.271969,0.933539
0.682000,0,0.119990,0.643563,1.273559,-0.385507,-0.358242,1.092992,0.099552,0.597210,1.257296,-0.396555,-0.271969,0.933539
0.684000,0,0.120233,0.644248,1.273670,-0.384778,-0.357725,1.088803,0.099552,0.597210,1.257296,-0.396555,-0.271969,0.933539
0.686000,0,0.120469,0.644980,1.273772,-0.383987,-0.357273,1.082911,0.099552,0.597210,1.257296,-0.396555,-0.271969,0.933539
0.688000,0,0.120698,0.645756,1.273865,-0.383140,-0.356881,1.075382,0.099552,0.597210,1.257296,-0.396555,-0.271969,0.933539
0.690000,0,0.120928,0.646549,1.273949,-0.382298,-0.356434,1.067033,0.099552,0.597210,1.257296,-0.396555,-0.271969,0.933539
0.692000,0,0.121170,0.647308,1.274023,-0.381555,-0.355719,1.059383,0.099552,0.597210,1.257296,-0.396555,-0.271969,0.933539
0.694000,0,0.121427,0.648018,1.274082,-0.380935,-0.354680,1.052858,0.099552,0.597210,1.257296,-0.396555,-0.271969,0.933539
0.696000,0,0.121701,0.648681,1.274127,-0.380430,-0.353323,1.047412,0.099552,0.597210,1.257296,-0.396555,-0.271969,0.933539
0.698000,0,0.121985,0.649308,1.274153,-0.380023,-0.351691,1.042866,0.099552,0.597210,1.257296,-0.396555,-0.271969,0.933539
0.700000,0,0.122274,0.649915,1.274156,-0.379692,-0.349859,1.038869,0.099552,0.597210,1.257296,-0.396555,-0.271969,0.933539
0.702000,0,0.122555,0.650535,1.274131,-0.379396,-0.347961,1.034804,0.099552,0.597210,1.257296,-0.396555,-0.271969,0.933539
0.704000,0,0.122823,0.651180,1.274082,-0.379128,-0.346038,1.030526,0.102541,0.605807,1.260412,-0.392082,-0.184918,0.778627
0.706000,0,0.123079,0.651851,1.274013,-0.378891,-0.344084,1.026132,0.102541,0.605807,1.260412,-0.392082,-0.184918,0.778627
0.708000,0,0.123323,0.652547,1.273926,-0.378686,-0.342099,1.021628,0.102541,0.605807,1.260412,-0.392082,-0.184918,0.778627
0.710000,0,0.123551,0.653314,1.273837,-0.378389,-0.340207,1.014547,0.102541,0.605807,1.260412,-0.392082,-0.184918,0.778627
0.712000,0,0.123764,0.654147,1.273749,-0.378017,-0.338387,1.005104,0.102541,0.605807,1.260412,-0.392082,-0.184918,0.778627
0.714000,0,0.123976,0.655005,1.273665,-0.377644,-0.336461,0.994588,0.102541,0.605807,1.260412,-0.392082,-0.184918,0.778627
0.716000,0,0.124197,0.655850,1.273580,-0.377325,-0.334272,0.984085,0.102541,0.605807,1.260412,-0.392082,-0.184918,0.778627
0.718000,0,0.124426,0.656682,1.273492,-0.377061,-0.331821,0.973592,0.102541,0.605807,1.260412,-0.392082,-0.184918,0.778627
0.720000,0,0.124670,0.657483,1.273397,-0.376872,-0.329035,0.963685,0.102541,0.605807,1.260412,-0.392082,-0.184918,0.778627
0.722000,0,0.124926,0.658251,1.273289,-0.376759,-0.325915,0.954508,0.102541,0.605807,1.260412,-0.392082,-0.184918,0.778627
0.724000,0,0.124956,0.658767,1.273020,-0.376812,-0.323162,0.946674,0.102541,0.605807,1.260412,-0.392082,-0.184918,0.778627
0.726000,0,0.124788,0.659076,1.272605,-0.377015,-0.320722,0.939952,0.102541,0.605807,1.260412,-0.392082,-0.184918,0.778627
0.728000,0,0.124449,0.659207,1.272061,-0.377352,-0.318542,0.934150,0.102541,0.605807,1.260412,-0.392082,-0.184918,0.778627
0.730000,0,0.123991,0.659219,1.271405,-0.377791,-0.316595,0.929101,0.104557,0.614451,1.260447,-0.394149,-0.163557,0.754478
0.732000,0,0.123443,0.659149,1.270652,-0.378309,-0.314857,0.924673,0.104557,0.614451,1.260447,-0.394149,-0.163557,0.754478
0.734000,0,0.122821,0.659004,1.269801,-0.378897,-0.313266,0.920707,0.104557,0.614451,1.260447,-0.394149,-0.163557,0.754478
0.736000,0,0.122135,0.658797,1.268859,-0.379542,-0.311795,0.917109,0.104557,0.614451,1.260447,-0.394149,-0.163557,0.754478
0.738000,0,0.121416,0.658558,1.267836,-0.380223,-0.310439,0.913812,0.104557,0.614451,1.260447,-0.394149,-0.163557,0.754478
0.740000,0,0.120679,0.658306,1.266742,-0.380923,-0.309194,0.910766,0.104557,0.614451,1.260447,-0.394149,-0.163557,0.754478
0.742000,0,0.119932,0.658046,1.265575,-0.381637,-0.308043,0.907915,0.104557,0.614451,1.260447,-0.394149,-0.163557,0.754478
0.744000,0,0.119194,0.657800,1.264349,-0.382346,-0.306990,0.905232,0.104557,0.614451,1.260447,-0.394149,-0.163557,0.754478
0.746000,0,0.118474,0.657577,1.263067,-0.383042,-0.306030,0.902686,0.104557,0.614451,1.260447,-0.394149,-0.163557,0.754478
0.748000,0,0.117782,0.657384,1.261735,-0.383717,-0.305161,0.900254,0.104557,0.614451,1.260447,-0.394149,-0.163557,0.754478
0.750000,0,0.117118,0.657223,1.260351,-0.384367,-0.304373,0.897909,0.104557,0.614451,1.260447,-0.394149,-0.163557,0.754478
0.752000,0,0.116489,0.657096,1.258918,-0.384985,-0.303665,0.895638,0.104557,0.614451,1.260447,-0.394149,-0.163557,0.754478
0.754000,1,0.115903,0.657011,1.257447,-0.385566,-0.303038,0.893435,0.075259,0.358830,1.213494,-0.399089,-0.144124,0.707934
0.756000,1,0.115363,0.656970,1.255941,-0.386105,-0.302488,0.891291,0.075259,0.358830,1.213494,-0.399089,-0.144124,0.707934
0.758000,1,0.114786,0.657066,1.254625,-0.386617,-0.301946,0.888915,0.075259,0.358830,1.213494,-0.399089,-0.144124,0.707934
0.760000,1,0.114174,0.657285,1.253456,-0.387110,-0.301410,0.886323,0.075259,0.358830,1.213494,-0.399089,-0.144124,0.707934
0.762000,1,0.113530,0.657612,1.252400,-0.387588,-0.300881,0.883539,0.075259,0.358830,1.213494,-0.399089,-0.144124,0.707934
0.764000,1,0.112870,0.658004,1.251409,-0.388043,-0.300355,0.880618,0.075259,0.358830,1.213494,-0.399089,-0.144124,0.707934
0.766000,1,0.112206,0.658434,1.250450,-0.388472,-0.299828,0.877589,0.075259,0.358830,1.213494,-0.399089,-0.144124,0.707934
0.768000,1,0.111543,0.658884,1.249500,-0.388873,-0.299298,0.874474,0.075259,0.358830,1.213494,-0.399089,-0.144124,0.707934
0.770000,1,0.110883,0.659348,1.248540,-0.389249,-0.298766,0.871279,0.075259,0.358830,1.213494,-0.399089,-0.144124,0.707934
0.772000,1,0.110230,0.659812,1.247554,-0.389599,-0.298230,0.868021,0.075259,0.358830,1.213494,-0.399089,-0.144124,0.707934
0.774000,1,0.109593,0.660257,1.246528,-0.389918,-0.297689,0.864729,0.075259,0.358830,1.213494,-0.399089,-0.144124,0.707934
0.776000,1,0.108977,0.660673,1.245454,-0.390205,-0.297143,0.861417,0.075259,0.358830,1.213494,-0.399089,-0.144124,0.707934
0.778000,1,0.108383,0.661055,1.244325,-0.390461,-0.296591,0.858092,0.075259,0.358830,1.213494,-0.399089,-0.144124,0.707934
0.780000,1,0.107812,0.661400,1.243135,-0.390686,-0.296031,0.854752,0.063222,0.378821,1.271108,-0.403817,-0.130975,0.658962
0.782000,1,0.107265,0.661705,1.241880,-0.390882,-0.295462,0.851403,0.063222,0.378821,1.271108,-0.403817,-0.130975,0.658962
0.784000,1,0.106722,0.662034,1.240662,-0.391069,-0.294918,0.848064,0.063222,0.378821,1.271108,-0.403817,-0.130975,0.658962
0.786000,1,0.106183,0.662384,1.239471,-0.391249,-0.294397,0.844743,0.063222,0.378821,1.271108,-0.403817,-0.130975,0.658962
0.788000,1,0.105653,0.662744,1.238293,-0.391419,-0.293900,0.841446,0.063222,0.378821,1.271108,-0.403817,-0.130975,0.658962
0.790000,1,0.105136,0.663104,1.237116,-0.391576,-0.293425,0.838187,0.063222,0.378821,1.271108,-0.403817,-0.130975,0.658962
0.792000,1,0.104632,0.663463,1.235935,-0.391719,-0.292971,0.834961,0.063222,0.378821,1.271108,-0.403817,-0.130975,0.658962
0.794000,1,0.104148,0.663809,1.234742,-0.391844,-0.292538,0.831783,0.063222,0.378821,1.271108,-0.403817,-0.130975,0.658962
0.796000,1,0.103686,0.664137,1.233528,-0.391947,-0.292124,0.828654,0.063222,0.378821,1.271108,-0.403817,-0.130975,0.658962
0.798000,1,0.103250,0.664442,1.232290,-0.392028,-0.291727,0.825579,0.063222,0.378821,1.271108,-0.403817,-0.130975,0.658962
0.800000,1,0.102839,0.664721,1.231029,-0.392086,-0.291348,0.822562,0.063222,0.378821,1.271108,-0.403817,-0.130975,0.658962
0.802000,1,0.102455,0.664977,1.229758,-0.392121,-0.290985,0.819605,0.063222,0.378821,1.271108,-0.403817,-0.130975,0.658962
0.804000,1,0.102099,0.665207,1.228475,-0.392132,-0.290638,0.816705,0.051143,0.401434,1.315912,-0.405734,-0.117650,0.604767
0.806000,1,0.101773,0.665418,1.227206,-0.392120,-0.290306,0.813863,0.051143,0.401434,1.315912,-0.405734,-0.117650,0.604767
0.808000,1,0.101563,0.665874,1.226908,-0.392113,-0.290029,0.811096,0.051143,0.401434,1.315912,-0.405734,-0.117650,0.604767
0.810000,1,0.101465,0.666567,1.227558,-0.392109,-0.289806,0.808403,0.051143,0.401434,1.315912,-0.405734,-0.117650,0.604767
0.812000,1,0.101437,0.667371,1.228729,-0.392094,-0.289618,0.805782,0.051143,0.401434,1.315912,-0.405734,-0.117650,0.604767
0.814000,1,0.101479,0.668263,1.230458,-0.392069,-0.289462,0.803227,0.051143,0.401434,1.315912,-0.405734,-0.117650,0.604767
0.816000,1,0.101579,0.668846,1.232838,-0.392020,-0.289300,0.800723,0.051143,0.401434,1.315912,-0.405734,-0.117650,0.604767
0.818000,1,0.101702,0.669065,1.235503,-0.391936,-0.289124,0.798268,0.051143,0.401434,1.315912,-0.405734,-0.117650,0.604767
0.820000,1,0.101807,0.668883,1.238072,-0.391810,-0.288930,0.795859,0.051143,0.401434,1.315912,-0.405734,-0.117650,0.604767
0.822000,1,0.101875,0.668297,1.240370,-0.391641,-0.288719,0.793492,0.051143,0.401434,1.315912,-0.405734,-0.117650,0.604767
0.824000,1,0.101906,0.667308,1.242413,-0.391430,-0.288491,0.791164,0.051143,0.401434,1.315912,-0.405734,-0.117650,0.604767
0.826000,1,0.101901,0.665941,1.244230,-0.391182,-0.288254,0.788877,0.051143,0.401434,1.315912,-0.405734,-0.117650,0.604767
0.828000,1,0.101878,0.664271,1.246057,-0.390909,-0.288024,0.786627,0.051143,0.401434,1.315912,-0.405734,-0.117650,0.604767
0.830000,1,0.101845,0.662329,1.247995,-0.390618,-0.287811,0.784415,0.039876,0.418150,1.349510,-0.404911,-0.108593,0.563340
0.832000,1,0.101798,0.660130,1.250018,-0.390310,-0.287619,0.782243,0.039876,0.418150,1.349510,-0.404911,-0.108593,0.563340
0.834000,1,0.101737,0.657674,1.252121,-0.389985,-0.287447,0.780108,0.039876,0.418150,1.349510,-0.404911,-0.108593,0.563340
0.836000,1,0.101725,0.655107,1.255079,-0.389670,-0.287326,0.778020,0.039876,0.418150,1.349510,-0.404911,-0.108593,0.563340
0.838000,1,0.101742,0.652433,1.258715,-0.389361,-0.287261,0.775987,0.039876,0.418150,1.349510,-0.404911,-0.108593,0.563340
0.840000,1,0.101740,0.649591,1.262504,-0.389046,-0.287247,0.774014,0.039876,0.418150,1.349510,-0.404911,-0.108593,0.563340
0.842000,1,0.101676,0.646531,1.266018,-0.388713,-0.287276,0.772105,0.039876,0.418150,1.349510,-0.404911,-0.108593,0.563340
0.844000,1,0.101538,0.643247,1.269121,-0.388358,-0.287353,0.770276,0.039876,0.418150,1.349510,-0.404911,-0.108593,0.563340
0.846000,1,0.101338,0.639764,1.271907,-0.387984,-0.287483,0.768529,0.039876,0.418150,1.349510,-0.404911,-0.108593,0.563340
0.848000,1,0.101098,0.636115,1.274550,-0.387595,-0.287674,0.766873,0.039876,0.418150,1.349510,-0.404911,-0.108593,0.563340
0.850000,1,0.100831,0.632327,1.277172,-0.387194,-0.287933,0.765314,0.039876,0.418150,1.349510,-0.404911,-0.108593,0.563340
0.852000,1,0.100544,0.628415,1.279802,-0.386782,-0.288264,0.763860,0.039876,0.418150,1.349510,-0.404911,-0.108593,0.563340
0.854000,1,0.100237,0.624378,1.282440,-0.386358,-0.288665,0.762508,0.030852,0.427763,1.361282,-0.400575,-0.104193,0.530795
0.856000,1,0.099907,0.620221,1.284999,-0.385921,-0.289143,0.761275,0.030852,0.427763,1.361282,-0.400575,-0.104193,0.530795
0.858000,1,0.099569,0.616005,1.287729,-0.385477,-0.289710,0.760170,0.030852,0.427763,1.361282,-0.400575,-0.104193,0.530795
0.860000,1,0.099226,0.611735,1.290617,-0.385026,-0.290370,0.759199,0.030852,0.427763,1.361282,-0.400575,-0.104193,0.530795
0.862000,1,0.098877,0.607410,1.293656,-0.384568,-0.291121,0.758360,0.030852,0.427763,1.361282,-0.400575,-0.104193,0.530795
0.864000,1,0.098509,0.603016,1.296693,-0.384098,-0.291962,0.757661,0.030852,0.427763,1.361282,-0.400575,-0.104193,0.530795
0.866000,1,0.098098,0.598527,1.299449,-0.383605,-0.292891,0.757118,0.030852,0.427763,1.361282,-0.400575,-0.104193,0.530795
0.868000,1,0.097647,0.593947,1.301936,-0.383090,-0.293908,0.756728,0.030852,0.427763,1.361282,-0.400575,-0.104193,0.530795
0.870000,1,0.097152,0.589276,1.304109,-0.382551,-0.295012,0.756501,0.030852,0.427763,1.361282,-0.400575,-0.104193,0.530795
0.872000,1,0.096642,0.584552,1.306166,-0.381990,-0.296214,0.756450,0.030852,0.427763,1.361282,-0.400575,-0.104193,0.530795
0.874000,1,0.096133,0.579797,1.308239,-0.381410,-0.297516,0.756584,0.030852,0.427763,1.361282,-0.400575,-0.104193,0.530795
0.876000,1,0.095624,0.575012,1.310324,-0.380810,-0.298920,0.756898,0.030852,0.427763,1.361282,-0.400575,-0.104193,0.530795
0.878000,1,0.095122,0.570206,1.312445,-0.380190,-0.300426,0.757399,0.030852,0.427763,1.361282,-0.400575,-0.104193,0.530795
0.880000,1,0.094618,0.565376,1.314505,-0.379547,-0.302034,0.758098,0.024608,0.437359,1.363503,-0.394509,-0.116068,0.527002
0.882000,1,0.094108,0.560521,1.316446,-0.378877,-0.303744,0.758997,0.024608,0.437359,1.363503,-0.394509,-0.116068,0.527002
0.884000,1,0.093594,0.555643,1.318275,-0.378180,-0.305554,0.760095,0.024608,0.437359,1.363503,-0.394509,-0.116068,0.527002
0.886000,1,0.093073,0.550774,1.320056,-0.377462,-0.307473,0.761396,0.024608,0.437359,1.363503,-0.394509,-0.116068,0.527002
0.888000,1,0.092553,0.545933,1.321839,-0.376722,-0.309501,0.762905,0.024608,0.437359,1.363503,-0.394509,-0.116068,0.527002
0.890000,1,0.092036,0.541121,1.323615,-0.375960,-0.311637,0.764625,0.024608,0.437359,1.363503,-0.394509,-0.116068,0.527002
0.892000,1,0.091519,0.536337,1.325385,-0.375174,-0.313881,0.766555,0.024608,0.437359,1.363503,-0.394509,-0.116068,0.527002
0.894000,1,0.091003,0.531582,1.327112,-0.374364,-0.316231,0.768696,0.024608,0.437359,1.363503,-0.394509,-0.116068,0.527002
0.896000,1,0.090479,0.526852,1.328733,-0.373527,-0.318682,0.771050,0.024608,0.437359,1.363503,-0.394509,-0.116068,0.527002
0.898000,1,0.089949,0.522152,1.330240,-0.372661,-0.321232,0.773616,0.024608,0.437359,1.363503,-0.394509,-0.116068,0.527002
0.900000,1,0.089414,0.517482,1.331640,-0.371768,-0.323881,0.776393,0.024608,0.437359,1.363503,-0.394509,-0.116068,0.527002
0.902000,1,0.088876,0.512849,1.332963,-0.370847,-0.326627,0.779380,0.024608,0.437359,1.363503,-0.394509,-0.116068,0.527002
0.904000,1,0.088341,0.508261,1.334242,-0.369900,-0.329468,0.782574,0.021712,0.450902,1.356195,-0.385436,-0.150266,0.565306
0.906000,1,0.087811,0.503729,1.335525,-0.368928,-0.332400,0.785969,0.021712,0.450902,1.356195,-0.385436,-0.150266,0.565306
0.908000,1,0.087261,0.499270,1.336651,-0.367931,-0.335426,0.789560,0.021712,0.450902,1.356195,-0.385436,-0.150266,0.565306
0.910000,1,0.086693,0.494886,1.337628,-0.366909,-0.338546,0.793347,0.021712,0.450902,1.356195,-0.385436,-0.150266,0.565306
0.912000,1,0.086110,0.490583,1.338497,-0.365864,-0.341753,0.797321,0.021712,0.450902,1.356195,-0.385436,-0.150266,0.565306
0.914000,1,0.085518,0.486369,1.339324,-0.364798,-0.345043,0.801479,0.021712,0.450902,1.356195,-0.385436,-0.150266,0.565306
0.916000,1,0.084918,0.482246,1.340113,-0.363711,-0.348417,0.805819,0.021712,0.450902,1.356195,-0.385436,-0.150266,0.565306
0.918000,1,0.084315,0.478216,1.340904,-0.362605,-0.351870,0.810338,0.021712,0.450902,1.356195,-0.385436,-0.150266,0.565306
0.920000,1,0.083705,0.474283,1.341710,-0.361482,-0.355392,0.815021,0.021712,0.450902,1.356195,-0.385436,-0.150266,0.565306
0.922000,1,0.083092,0.470445,1.342530,-0.360341,-0.358984,0.819869,0.021712,0.450902,1.356195,-0.385436,-0.150266,0.565306
0.924000,1,0.082466,0.466700,1.343325,-0.359183,-0.362633,0.824865,0.021712,0.450902,1.356195,-0.385436,-0.150266,0.565306
0.926000,1,0.081823,0.463044,1.344071,-0.358011,-0.366333,0.829998,0.021712,0.450902,1.356195,-0.385436,-0.150266,0.565306
0.928000,1,0.081164,0.459480,1.344773,-0.356822,-0.370084,0.835271,0.021712,0.450902,1.356195,-0.385436,-0.150266,0.565306
0.930000,1,0.080489,0.456007,1.345433,-0.355617,-0.373882,0.840675,0.022770,0.459522,1.338003,-0.372006,-0.207472,0.648485
0.932000,1,0.079794,0.452629,1.346073,-0.354403,-0.377714,0.846186,0.022770,0.459522,1.338003,-0.372006,-0.207472,0.648485
0.934000,1,0.079029,0.449324,1.346283,-0.353173,-0.381570,0.851792,0.022770,0.459522,1.338003,-0.372006,-0.207472,0.648485
0.936000,1,0.078194,0.446094,1.346085,-0.351931,-0.385445,0.857481,0.022770,0.459522,1.338003,-0.372006,-0.207472,0.648485
0.938000,1,0.077293,0.442943,1.345502,-0.350675,-0.389341,0.863255,0.022770,0.459522,1.338003,-0.372006,-0.207472,0.648485
0.940000,1,0.076352,0.439896,1.344782,-0.349414,-0.393258,0.869109,0.022770,0.459522,1.338003,-0.372006,-0.207472,0.648485
0.942000,1,0.075419,0.437000,1.344363,-0.348162,-0.397194,0.875023,0.022770,0.459522,1.338003,-0.372006,-0.207472,0.648485
0.944000,1,0.074492,0.434251,1.344230,-0.346919,-0.401150,0.881001,0.022770,0.459522,1.338003,-0.372006,-0.207472,0.648485
0.946000,1,0.073559,0.431640,1.344317,-0.345688,-0.405111,0.887020,0.022770,0.459522,1.338003,-0.372006,-0.207472,0.648485
0.948000,1,0.072600,0.429145,1.344467,-0.344466,-0.409066,0.893065,0.022770,0.459522,1.338003,-0.372006,-0.207472,0.648485
0.950000,1,0.071601,0.426754,1.344581,-0.343254,-0.413005,0.899127,0.022770,0.459522,1.338003,-0.372006,-0.207472,0.648485
0.952000,1,0.070557,0.424463,1.344627,-0.342053,-0.416924,0.905197,0.022770,0.459522,1.338003,-0.372006,-0.207472,0.648485
0.954000,1,0.069470,0.422271,1.344611,-0.340861,-0.420826,0.911282,0.026443,0.464560,1.314157,-0.356899,-0.271221,0.750278
0.956000,1,0.068340,0.420179,1.344556,-0.339682,-0.424705,0.917372,0.026443,0.464560,1.314157,-0.356899,-0.271221,0.750278
0.958000,1,0.067108,0.418146,1.343947,-0.338511,-0.428541,0.923435,0.026443,0.464560,1.314157,-0.356899,-0.271221,0.750278
0.960000,1,0.065776,0.416173,1.342839,-0.337352,-0.432329,0.929460,0.026443,0.464560,1.314157,-0.356899,-0.271221,0.750278
0.962000,1,0.064385,0.414296,1.341573,-0.336213,-0.436074,0.935446,0.026443,0.464560,1.314157,-0.356899,-0.271221,0.750278
0.964000,1,0.062937,0.412518,1.340160,-0.335096,-0.439780,0.941400,0.026443,0.464560,1.314157,-0.356899,-0.271221,0.750278
0.966000,1,0.061468,0.410867,1.338908,-0.334007,-0.443452,0.947319,0.026443,0.464560,1.314157,-0.356899,-0.271221,0.750278
0.968000,1,0.059986,0.409352,1.337906,-0.332953,-0.447086,0.953191,0.026443,0.464560,1.314157,-0.356899,-0.271221,0.750278
0.970000,1,0.058495,0.407972,1.337208,-0.331938,-0.450671,0.958999,0.026443,0.464560,1.314157,-0.356899,-0.271221,0.750278
0.974000,1,0.056979,0.406709,1.336690,-0.330961,-0.454200,0.964731,0.026443,0.464560,1.314157,-0.356899,-0.271221,0.750278
0.974000,1,0.055424,0.405545,1.336223,-0.330021,-0.457665,0.970380,0.026443,0.464560,1.314157,-0.356899,-0.271221,0.750278
0.976000,1,0.053830,0.404481,1.335806,-0.329118,-0.461071,0.975954,0.026443,0.464560,1.314157,-0.356899,-0.271221,0.750278
0.978000,1,0.052187,0.403505,1.335356,-0.328249,-0.464410,0.981447,0.026443,0.464560,1.314157,-0.356899,-0.271221,0.750278
0.980000,1,0.050494,0.402608,1.334847,-0.327418,-0.467675,0.986840,0.026871,0.455743,1.274180,-0.345992,-0.320524,0.833078
0.982000,1,0.048755,0.401792,1.334315,-0.326626,-0.470864,0.992128,0.026871,0.455743,1.274180,-0.345992,-0.320524,0.833078
0.984000,1,0.046856,0.400937,1.332755,-0.325855,-0.473947,0.997296,0.026871,0.455743,1.274180,-0.345992,-0.320524,0.833078
0.986000,1,0.044805,0.400048,1.330224,-0.325105,-0.476930,1.002354,0.026871,0.455743,1.274180,-0.345992,-0.320524,0.833078
0.988000,1,0.042685,0.399197,1.327394,-0.324392,-0.479824,1.007288,0.026871,0.455743,1.274180,-0.345992,-0.320524,0.833078
0.990000,1,0.040566,0.398448,1.324870,-0.323731,-0.482646,1.012104,0.026871,0.455743,1.274180,-0.345992,-0.320524,0.833078
0.992000,1,0.038472,0.397825,1.322852,-0.323126,-0.485402,1.016801,0.026871,0.455743,1.274180,-0.345992,-0.320524,0.833078
0.994000,1,0.036401,0.397325,1.321318,-0.322577,-0.488094,1.021388,0.026871,0.455743,1.274180,-0.345992,-0.320524,0.833078
0.996000,1,0.034341,0.396930,1.320148,-0.322081,-0.490718,1.025864,0.026871,0.455743,1.274180,-0.345992,-0.320524,0.833078
0.998000,1,0.032247,0.396589,1.318911,-0.321627,-0.493261,1.030216,0.026871,0.455743,1.274180,-0.345992,-0.320524,0.833078
1.000000,1,0.030120,0.396304,1.317615,-0.321215,-0.495726,1.034452,0.026871,0.455743,1.274180,-0.345992,-0.320524,0.833078
1.002000,1,0.027944,0.396052,1.316100,-0.320840,-0.498108,1.038567,0.026871,0.455743,1.274180,-0.345992,-0.320524,0.833078
1.004000,1,0.025743,0.395848,1.314511,-0.320505,-0.500409,1.042554,0.021501,0.437769,1.226616,-0.338776,-0.366139,0.913153
1.006000,1,0.023518,0.395690,1.312852,-0.320208,-0.502632,1.046420,0.021501,0.437769,1.226616,-0.338776,-0.366139,0.913153
1.008000,1,0.021151,0.395436,1.310079,-0.319930,-0.504741,1.050142,0.021501,0.437769,1.226616,-0.338776,-0.366139,0.913153
1.010000,1,0.018663,0.395099,1.306330,-0.319672,-0.506742,1.053721,0.021501,0.437769,1.226616,-0.338776,-0.366139,0.913153
1.012000,1,0.016064,0.394684,1.301661,-0.319434,-0.508638,1.057163,0.021501,0.437769,1.226616,-0.338776,-0.366139,0.913153
1.014000,1,0.013513,0.394345,1.297413,-0.319244,-0.510471,1.060481,0.021501,0.437769,1.226616,-0.338776,-0.366139,0.913153
1.016000,1,0.011076,0.394151,1.294165,-0.319114,-0.512258,1.063682,0.021501,0.437769,1.226616,-0.338776,-0.366139,0.913153
1.018000,1,0.008739,0.394082,1.291752,-0.319037,-0.513998,1.066770,0.021501,0.437769,1.226616,-0.338776,-0.366139,0.913153
1.020000,1,0.006494,0.394135,1.290132,-0.319013,-0.515692,1.069749,0.021501,0.437769,1.226616,-0.338776,-0.366139,0.913153
1.022000,1,0.004254,0.394208,1.288453,-0.319019,-0.517319,1.072610,0.021501,0.437769,1.226616,-0.338776,-0.366139,0.913153
1.024000,1,0.001982,0.394257,1.286340,-0.319043,-0.518871,1.075354,0.021501,0.437769,1.226616,-0.338776,-0.366139,0.913153
1.026000,1,-0.000308,0.394292,1.283892,-0.319086,-0.520353,1.077983,0.021501,0.437769,1.226616,-0.338776,-0.366139,0.913153
1.028000,1,-0.002613,0.394315,1.281127,-0.319149,-0.521767,1.080502,0.021501,0.437769,1.226616,-0.338776,-0.366139,0.913153
1.030000,1,-0.004863,0.394388,1.278589,-0.319237,-0.523132,1.082917,0.007509,0.409304,1.167530,-0.338239,-0.396401,0.968880
1.032000,1,-0.007029,0.394538,1.276509,-0.319353,-0.524458,1.085235,0.007509,0.409304,1.167530,-0.338239,-0.396401,0.968880
1.034000,1,-0.009311,0.394525,1.273166,-0.319467,-0.525687,1.087428,0.007509,0.409304,1.167530,-0.338239,-0.396401,0.968880
1.036000,1,-0.011716,0.394331,1.268432,-0.319570,-0.526818,1.089500,0.007509,0.409304,1.167530,-0.338239,-0.396401,0.968880
1.038000,1,-0.014233,0.393963,1.262385,-0.319665,-0.527855,1.091454,0.007509,0.409304,1.167530,-0.338239,-0.396401,0.968880
1.040000,1,-0.016764,0.393522,1.255861,-0.319766,-0.528826,1.093303,0.007509,0.409304,1.167530,-0.338239,-0.396401,0.968880
1.042000,1,-0.019111,0.393228,1.250617,-0.319908,-0.529787,1.095068,0.007509,0.409304,1.167530,-0.338239,-0.396401,0.968880
1.044000,1,-0.021237,0.393129,1.246997,-0.320096,-0.530752,1.096756,0.007509,0.409304,1.167530,-0.338239,-0.396401,0.968880
1.046000,1,-0.023209,0.393151,1.244368,-0.320314,-0.531707,1.098366,0.007509,0.409304,1.167530,-0.338239,-0.396401,0.968880
1.048000,1,-0.025033,0.393288,1.242678,-0.320560,-0.532652,1.099899,0.007509,0.409304,1.167530,-0.338239,-0.396401,0.968880
1.050000,1,-0.026837,0.393384,1.240664,-0.320801,-0.533556,1.101353,0.007509,0.409304,1.167530,-0.338239,-0.396401,0.968880
1.052000,1,-0.028664,0.393383,1.237885,-0.321022,-0.534412,1.102729,0.007509,0.409304,1.167530,-0.338239,-0.396401,0.968880
1.054000,1,-0.030480,0.393319,1.234605,-0.321228,-0.535229,1.104033,-0.013715,0.414049,1.190346,-0.341314,-0.413434,1.000707
1.056000,1,-0.032229,0.393255,1.231335,-0.321426,-0.536025,1.105277,-0.013715,0.414049,1.190346,-0.341314,-0.413434,1.000707
1.058000,1,-0.033909,0.393193,1.228075,-0.321618,-0.536802,1.106461,-0.013715,0.414049,1.190346,-0.341314,-0.413434,1.000707
1.060000,1,-0.035442,0.393260,1.225778,-0.321822,-0.537589,1.107597,-0.013715,0.414049,1.190346,-0.341314,-0.413434,1.000707
1.062000,1,-0.036822,0.393462,1.224473,-0.322039,-0.538390,1.108690,-0.013715,0.414049,1.190346,-0.341314,-0.413434,1.000707
1.064000,1,-0.038101,0.393734,1.223649,-0.322254,-0.539193,1.109739,-0.013715,0.414049,1.190346,-0.341314,-0.413434,1.000707
1.066000,1,-0.039326,0.394009,1.222803,-0.322452,-0.539986,1.110746,-0.013715,0.414049,1.190346,-0.341314,-0.413434,1.000707
1.068000,1,-0.040498,0.394288,1.221935,-0.322634,-0.540769,1.111710,-0.013715,0.414049,1.190346,-0.341314,-0.413434,1.000707
1.070000,1,-0.041637,0.394540,1.220809,-0.322791,-0.541537,1.112634,-0.013715,0.414049,1.190346,-0.341314,-0.413434,1.000707
1.072000,1,-0.042730,0.394771,1.219499,-0.322920,-0.542297,1.113526,-0.013715,0.414049,1.190346,-0.341314,-0.413434,1.000707
1.074000,1,-0.043755,0.395005,1.218182,-0.323023,-0.543056,1.114394,-0.013715,0.414049,1.190346,-0.341314,-0.413434,1.000707
1.076000,1,-0.044698,0.395259,1.216988,-0.323099,-0.543819,1.115240,-0.013715,0.414049,1.190346,-0.341314,-0.413434,1.000707
1.078000,1,-0.045552,0.395535,1.215946,-0.323149,-0.544588,1.116069,-0.013715,0.414049,1.190346,-0.341314,-0.413434,1.000707
1.080000,1,-0.046323,0.395828,1.215010,-0.323169,-0.545365,1.116883,-0.044805,0.412864,1.204063,-0.344987,-0.426685,1.021337
1.082000,1,-0.046941,0.396287,1.214610,-0.323158,-0.546154,1.117691,-0.044805,0.412864,1.204063,-0.344987,-0.426685,1.021337
1.084000,1,-0.047462,0.396918,1.214731,-0.323127,-0.546956,1.118486,-0.044805,0.412864,1.204063,-0.344987,-0.426685,1.021337
1.086000,1,-0.047885,0.397693,1.215248,-0.323069,-0.547763,1.119267,-0.044805,0.412864,1.204063,-0.344987,-0.426685,1.021337
1.088000,1,-0.048211,0.398575,1.216054,-0.322980,-0.548568,1.120034,-0.044805,0.412864,1.204063,-0.344987,-0.426685,1.021337
1.090000,1,-0.048448,0.399536,1.217077,-0.322854,-0.549366,1.120785,-0.044805,0.412864,1.204063,-0.344987,-0.426685,1.021337
1.092000,1,-0.048603,0.400548,1.218258,-0.322687,-0.550153,1.121518,-0.044805,0.412864,1.204063,-0.344987,-0.426685,1.021337
1.094000,1,-0.048683,0.401600,1.219555,-0.322480,-0.550927,1.122233,-0.044805,0.412864,1.204063,-0.344987,-0.426685,1.021337
1.096000,1,-0.048695,0.402671,1.220927,-0.322229,-0.551688,1.122929,-0.044805,0.412864,1.204063,-0.344987,-0.426685,1.021337
1.098000,1,-0.048640,0.403745,1.222335,-0.321934,-0.552432,1.123603,-0.044805,0.412864,1.204063,-0.344987,-0.426685,1.021337
1.100000,1,-0.048524,0.404812,1.223754,-0.321594,-0.553160,1.124255,-0.044805,0.412864,1.204063,-0.344987,-0.426685,1.021337
1.102000,1,-0.048349,0.405865,1.225164,-0.321209,-0.553872,1.124885,-0.044805,0.412864,1.204063,-0.344987,-0.426685,1.021337
1.104000,0,-0.048118,0.406897,1.226547,-0.320779,-0.554568,1.125490,-0.044805,0.412864,1.204063,-0.344987,-0.426685,1.021337
1.106000,0,-0.047837,0.407907,1.227890,-0.320307,-0.555250,1.126071,-0.044805,0.412864,1.204063,-0.344987,-0.426685,1.021337
1.108000,0,-0.047325,0.408869,1.228753,-0.319717,-0.556189,1.126943,-0.044805,0.412864,1.204063,-0.344987,-0.426685,1.021337
1.110000,0,-0.046591,0.409804,1.229189,-0.318998,-0.557376,1.128075,-0.044805,0.412864,1.204063,-0.344987,-0.426685,1.021337
1.112000,0,-0.045662,0.410719,1.229267,-0.318157,-0.558774,1.129421,-0.044805,0.412864,1.204063,-0.344987,-0.426685,1.021337
1.114000,0,-0.044567,0.411618,1.229051,-0.317207,-0.560344,1.130937,-0.044805,0.412864,1.204063,-0.344987,-0.426685,1.021337
1.116000,0,-0.043333,0.412502,1.228597,-0.316159,-0.562052,1.132582,-0.044805,0.412864,1.204063,-0.344987,-0.426685,1.021337
1.118000,0,-0.041984,0.413371,1.227951,-0.315028,-0.563866,1.134321,-0.044805,0.412864,1.204063,-0.344987,-0.426685,1.021337
1.120000,0,-0.040519,0.414233,1.227128,-0.313808,-0.565781,1.136143,-0.044805,0.412864,1.204063,-0.344987,-0.426685,1.021337
1.122000,0,-0.038979,0.415079,1.226188,-0.312527,-0.567748,1.138002,-0.044805,0.412864,1.204063,-0.344987,-0.426685,1.021337
1.124000,0,-0.037383,0.415907,1.225163,-0.311199,-0.569739,1.139871,-0.044805,0.412864,1.204063,-0.344987,-0.426685,1.021337
1.126000,0,-0.035747,0.416713,1.224075,-0.309836,-0.571735,1.141731,-0.044805,0.412864,1.204063,-0.344987,-0.426685,1.021337
1.128000,0,-0.034083,0.417496,1.222941,-0.308446,-0.573720,1.143565,-0.044805,0.412864,1.204063,-0.344987,-0.426685,1.021337
1.130000,0,-0.032404,0.418254,1.221778,-0.307038,-0.575676,1.145357,-0.044805,0.412864,1.204063,-0.344987,-0.426685,1.021337
1.132000,0,-0.030718,0.418983,1.220598,-0.305620,-0.577590,1.147094,-0.044805,0.412864,1.204063,-0.344987,-0.426685,1.021337
1.134000,0,-0.029034,0.419682,1.219410,-0.304199,-0.579454,1.148767,-0.044805,0.412864,1.204063,-0.344987,-0.426685,1.021337
1.136000,0,-0.027361,0.420350,1.218221,-0.302782,-0.581257,1.150367,-0.044805,0.412864,1.204063,-0.344987,-0.426685,1.021337
1.138000,0,-0.025705,0.420983,1.217039,-0.301374,-0.582991,1.151885,-0.044805,0.412864,1.204063,-0.344987,-0.426685,1.021337
1.140000,0,-0.024072,0.421580,1.215868,-0.299981,-0.584649,1.153318,-0.044805,0.412864,1.204063,-0.344987,-0.426685,1.021337
1.142000,0,-0.022460,0.422141,1.214703,-0.298602,-0.586232,1.154664,-0.044805,0.412864,1.204063,-0.344987,-0.426685,1.021337
1.144000,0,-0.020878,0.422664,1.213554,-0.297245,-0.587733,1.155916,-0.044805,0.412864,1.204063,-0.344987,-0.426685,1.021337
1.146000,0,-0.019331,0.423149,1.212423,-0.295913,-0.589147,1.157072,-0.044805,0.412864,1.204063,-0.344987,-0.426685,1.021337
1.148000,0,-0.017820,0.423596,1.211311,-0.294610,-0.590473,1.158131,-0.044805,0.412864,1.204063,-0.344987,-0.426685,1.021337
1.150000,0,-0.016347,0.424004,1.210217,-0.293337,-0.591712,1.159094,-0.044805,0.412864,1.204063,-0.344987,-0.426685,1.021337
1.152000,0,-0.014911,0.424372,1.209138,-0.292094,-0.592865,1.159961,-0.044805,0.412864,1.204063,-0.344987,-0.426685,1.021337
1.154000,0,-0.013515,0.424702,1.208076,-0.290883,-0.593930,1.160734,-0.044805,0.412864,1.204063,-0.344987,-0.426685,1.021337
1.158000,0,-0.012158,0.424994,1.207028,-0.289705,-0.594912,1.161414,-0.044805,0.412864,1.204063,-0.344987,-0.426685,1.021337
1.158000,0,-0.010841,0.425251,1.205995,-0.288560,-0.595811,1.162002,-0.044805,0.412864,1.204063,-0.344987,-0.426685,1.021337
1.160000,0,-0.009562,0.425470,1.204974,-0.287448,-0.596628,1.162500,-0.044805,0.412864,1.204063,-0.344987,-0.426685,1.021337
1.162000,0,-0.008322,0.425655,1.203968,-0.286369,-0.597367,1.162910,-0.044805,0.412864,1.204063,-0.344987,-0.426685,1.021337
1.164000,0,-0.007120,0.425808,1.202976,-0.285323,-0.598029,1.163237,-0.044805,0.412864,1.204063,-0.344987,-0.426685,1.021337
1.166000,0,-0.005954,0.425929,1.201993,-0.284308,-0.598620,1.163484,-0.044805,0.412864,1.204063,-0.344987,-0.426685,1.021337
1.168000,0,-0.004823,0.426020,1.201023,-0.283325,-0.599142,1.163654,-0.044805,0.412864,1.204063,-0.344987,-0.426685,1.021337
1.170000,0,-0.003725,0.426084,1.200062,-0.282371,-0.599599,1.163751,-0.044805,0.412864,1.204063,-0.344987,-0.426685,1.021337
1.172000,0,-0.002659,0.426121,1.199109,-0.281447,-0.599995,1.163778,-0.044805,0.412864,1.204063,-0.344987,-0.426685,1.021337
1.174000,0,-0.001623,0.426133,1.198161,-0.280549,-0.600333,1.163738,-0.044805,0.412864,1.204063,-0.344987,-0.426685,1.021337
1.176000,0,-0.000615,0.426121,1.197221,-0.279678,-0.600615,1.163636,-0.044805,0.412864,1.204063,-0.344987,-0.426685,1.021337
1.178000,0,0.000365,0.426085,1.196286,-0.278833,-0.600843,1.163471,-0.044805,0.412864,1.204063,-0.344987,-0.426685,1.021337
1.180000,0,0.001317,0.426026,1.195357,-0.278013,-0.601019,1.163249,-0.044805,0.412864,1.204063,-0.344987,-0.426685,1.021337
1.182000,0,0.002248,0.425949,1.194430,-0.277215,-0.601153,1.162975,-0.044805,0.412864,1.204063,-0.344987,-0.426685,1.021337
1.184000,0,0.003158,0.425854,1.193504,-0.276436,-0.601246,1.162654,-0.044805,0.412864,1.204063,-0.344987,-0.426685,1.021337
1.186000,0,0.004050,0.425743,1.192580,-0.275676,-0.601303,1.162289,-0.044805,0.412864,1.204063,-0.344987,-0.426685,1.021337
1.188000,0,0.004922,0.425615,1.191659,-0.274934,-0.601322,1.161880,-0.044805,0.412864,1.204063,-0.344987,-0.426685,1.021337
1.190000,0,0.005780,0.425474,1.190737,-0.274208,-0.601311,1.161434,-0.044805,0.412864,1.204063,-0.344987,-0.426685,1.021337
1.192000,0,0.006624,0.425321,1.189816,-0.273496,-0.601272,1.160955,-0.044805,0.412864,1.204063,-0.344987,-0.426685,1.021337
1.194000,0,0.007456,0.425156,1.188895,-0.272797,-0.601207,1.160445,-0.044805,0.412864,1.204063,-0.344987,-0.426685,1.021337
1.196000,0,0.008279,0.424981,1.187972,-0.272108,-0.601120,1.159907,-0.044805,0.412864,1.204063,-0.344987,-0.426685,1.021337
1.198000,0,0.009092,0.424797,1.187049,-0.271430,-0.601014,1.159344,-0.044805,0.412864,1.204063,-0.344987,-0.426685,1.021337
1.200000,0,0.009898,0.424605,1.186125,-0.270761,-0.600889,1.158760,-0.044805,0.412864,1.204063,-0.344987,-0.426685,1.021337
1.202000,0,0.010698,0.424405,1.185198,-0.270099,-0.600749,1.158156,-0.044805,0.412864,1.204063,-0.344987,-0.426685,1.021337
1.204000,0,0.011494,0.424198,1.184271,-0.269444,-0.600596,1.157536,-0.044805,0.412864,1.204063,-0.344987,-0.426685,1.021337
1.206000,0,0.012285,0.423985,1.183340,-0.268794,-0.600431,1.156901,-0.044805,0.412864,1.204063,-0.344987,-0.426685,1.021337
1.208000,0,0.013074,0.423765,1.182407,-0.268150,-0.600255,1.156252,-0.044805,0.412864,1.204063,-0.344987,-0.426685,1.021337
1.210000,0,0.013859,0.423540,1.181471,-0.267509,-0.600069,1.155590,-0.044805,0.412864,1.204063,-0.344987,-0.426685,1.021337
1.212000,0,0.014644,0.423311,1.180535,-0.266872,-0.599876,1.154922,-0.044805,0.412864,1.204063,-0.344987,-0.426685,1.021337
1.214000,0,0.015429,0.423079,1.179596,-0.266236,-0.599679,1.154247,-0.044805,0.412864,1.204063,-0.344987,-0.426685,1.021337
1.216000,0,0.016216,0.422844,1.178656,-0.265601,-0.599479,1.153569,-0.044805,0.412864,1.204063,-0.344987,-0.426685,1.021337
1.218000,0,0.017005,0.422606,1.177714,-0.264967,-0.599277,1.152888,-0.044805,0.412864,1.204063,-0.344987,-0.426685,1.021337
1.220000,0,0.017796,0.422366,1.176769,-0.264332,-0.599073,1.152206,-0.044805,0.412864,1.204063,-0.344987,-0.426685,1.021337
1.222000,0,0.018590,0.422123,1.175822,-0.263697,-0.598868,1.151524,-0.044805,0.412864,1.204063,-0.344987,-0.426685,1.021337
1.224000,0,0.019388,0.421879,1.174874,-0.263060,-0.598665,1.150845,-0.044805,0.412864,1.204063,-0.344987,-0.426685,1.021337
1.226000,0,0.020191,0.421634,1.173923,-0.262421,-0.598464,1.150169,-0.044805,0.412864,1.204063,-0.344987,-0.426685,1.021337
1.228000,0,0.020999,0.421387,1.172970,-0.261780,-0.598266,1.149498,-0.044805,0.412864,1.204063,-0.344987,-0.426685,1.021337
1.230000,0,0.021811,0.421141,1.172018,-0.261137,-0.598071,1.148832,-0.044805,0.412864,1.204063,-0.344987,-0.426685,1.021337
1.232000,0,0.022629,0.420893,1.171064,-0.260490,-0.597879,1.148172,-0.044805,0.412864,1.204063,-0.344987,-0.426685,1.021337
1.234000,0,0.023452,0.420645,1.170109,-0.259840,-0.597692,1.147520,-0.044805,0.412864,1.204063,-0.344987,-0.426685,1.021337
1.236000,0,0.024280,0.420397,1.169154,-0.259187,-0.597509,1.146875,-0.044805,0.412864,1.204063,-0.344987,-0.426685,1.021337
1.238000,0,0.025115,0.420149,1.168199,-0.258531,-0.597332,1.146240,-0.044805,0.412864,1.204063,-0.344987,-0.426685,1.021337
1.240000,0,0.025955,0.419901,1.167243,-0.257871,-0.597160,1.145613,-0.044805,0.412864,1.204063,-0.344987,-0.426685,1.021337
1.242000,0,0.026801,0.419652,1.166287,-0.257207,-0.596994,1.144997,-0.044805,0.412864,1.204063,-0.344987,-0.426685,1.021337
1.244000,0,0.027654,0.419403,1.165330,-0.256540,-0.596834,1.144390,-0.044805,0.412864,1.204063,-0.344987,-0.426685,1.021337
1.246000,0,0.028513,0.419154,1.164373,-0.255868,-0.596680,1.143795,-0.044805,0.412864,1.204063,-0.344987,-0.426685,1.021337
1.248000,0,0.029379,0.418905,1.163415,-0.255193,-0.596532,1.143211,-0.044805,0.412864,1.204063,-0.344987,-0.426685,1.021337
1.250000,0,0.030251,0.418654,1.162456,-0.254513,-0.596390,1.142638,-0.044805,0.412864,1.204063,-0.344987,-0.426685,1.021337
1.252000,0,0.031129,0.418403,1.161497,-0.253829,-0.596254,1.142076,-0.044805,0.412864,1.204063,-0.344987,-0.426685,1.021337
1.254000,0,0.032013,0.418152,1.160538,-0.253142,-0.596125,1.141526,-0.044805,0.412864,1.204063,-0.344987,-0.426685,1.021337
1.256000,0,0.032904,0.417899,1.159579,-0.252450,-0.596002,1.140988,-0.044805,0.412864,1.204063,-0.344987,-0.426685,1.021337
1.258000,0,0.033801,0.417646,1.158619,-0.251755,-0.595884,1.140462,-0.044805,0.412864,1.204063,-0.344987,-0.426685,1.021337
1.260000,0,0.034704,0.417391,1.157659,-0.251056,-0.595773,1.139948,-0.044805,0.412864,1.204063,-0.344987,-0.426685,1.021337
1.262000,0,0.035613,0.417136,1.156699,-0.250353,-0.595668,1.139447,-0.044805,0.412864,1.204063,-0.344987,-0.426685,1.021337
1.264000,0,0.036528,0.416879,1.155740,-0.249646,-0.595568,1.138957,-0.044805,0.412864,1.204063,-0.344987,-0.426685,1.021337
1.266000,0,0.037448,0.416621,1.154780,-0.248937,-0.595474,1.138479,-0.044805,0.412864,1.204063,-0.344987,-0.426685,1.021337
1.268000,0,0.038374,0.416362,1.153821,-0.248223,-0.595385,1.138013,-0.044805,0.412864,1.204063,-0.344987,-0.426685,1.021337
1.270000,0,0.039305,0.416101,1.152863,-0.247507,-0.595302,1.137559,-0.044805,0.412864,1.204063,-0.344987,-0.426685,1.021337
1.272000,0,0.040242,0.415839,1.151905,-0.246787,-0.595224,1.137117,-0.044805,0.412864,1.204063,-0.344987,-0.426685,1.021337
1.274000,0,0.041184,0.415575,1.150947,-0.246065,-0.595151,1.136687,-0.044805,0.412864,1.204063,-0.344987,-0.426685,1.021337
1.278000,0,0.042131,0.415309,1.149989,-0.245339,-0.595083,1.136268,-0.044805,0.412864,1.204063,-0.344987,-0.426685,1.021337
1.278000,0,0.043083,0.415041,1.149033,-0.244611,-0.595019,1.135861,-0.044805,0.412864,1.204063,-0.344987,-0.426685,1.021337
1.280000,0,0.044040,0.414771,1.148077,-0.243880,-0.594960,1.135465,-0.044805,0.412864,1.204063,-0.344987,-0.426685,1.021337
1.282000,0,0.045002,0.414500,1.147122,-0.243146,-0.594905,1.135080,-0.044805,0.412864,1.204063,-0.344987,-0.426685,1.021337
1.284000,0,0.045968,0.414226,1.146168,-0.242410,-0.594855,1.134706,-0.044805,0.412864,1.204063,-0.344987,-0.426685,1.021337
1.286000,0,0.046939,0.413950,1.145215,-0.241672,-0.594808,1.134343,-0.044805,0.412864,1.204063,-0.344987,-0.426685,1.021337
1.288000,0,0.047914,0.413672,1.144263,-0.240932,-0.594766,1.133993,-0.044805,0.412864,1.204063,-0.344987,-0.426685,1.021337
1.290000,0,0.048893,0.413392,1.143313,-0.240189,-0.594728,1.133655,-0.044805,0.412864,1.204063,-0.344987,-0.426685,1.021337
1.292000,0,0.049876,0.413110,1.142365,-0.239445,-0.594695,1.133329,-0.044805,0.412864,1.204063,-0.344987,-0.426685,1.021337
1.294000,0,0.050863,0.412829,1.141424,-0.238699,-0.594667,1.133015,-0.044805,0.412864,1.204063,-0.344987,-0.426685,1.021337
1.296000,0,0.051853,0.412549,1.140488,-0.237953,-0.594644,1.132713,-0.044805,0.412864,1.204063,-0.344987,-0.426685,1.021337
1.298000,0,0.052847,0.412269,1.139558,-0.237206,-0.594625,1.132422,-0.044805,0.412864,1.204063,-0.344987,-0.426685,1.021337
1.300000,0,0.053844,0.411988,1.138633,-0.236458,-0.594610,1.132142,-0.044805,0.412864,1.204063,-0.344987,-0.426685,1.021337
1.302000,0,0.054843,0.411707,1.137713,-0.235710,-0.594599,1.131872,-0.044805,0.412864,1.204063,-0.344987,-0.426685,1.021337
1.304000,0,0.055846,0.411424,1.136795,-0.234960,-0.594591,1.131611,-0.044805,0.412864,1.204063,-0.344987,-0.426685,1.021337
1.306000,0,0.056852,0.411139,1.135880,-0.234210,-0.594585,1.131360,-0.044805,0.412864,1.204063,-0.344987,-0.426685,1.021337
1.308000,0,0.057862,0.410852,1.134967,-0.233458,-0.594583,1.131119,-0.044805,0.412864,1.204063,-0.344987,-0.426685,1.021337
1.310000,0,0.058876,0.410562,1.134057,-0.232706,-0.594583,1.130888,-0.044805,0.412864,1.204063,-0.344987,-0.426685,1.021337
1.312000,0,0.059894,0.410269,1.133149,-0.231952,-0.594585,1.130665,-0.044805,0.412864,1.204063,-0.344987,-0.426685,1.021337
1.314000,0,0.060915,0.409974,1.132242,-0.231196,-0.594590,1.130453,-0.044805,0.412864,1.204063,-0.344987,-0.426685,1.021337
1.316000,0,0.061940,0.409675,1.131335,-0.230439,-0.594597,1.130248,-0.044805,0.412864,1.204063,-0.344987,-0.426685,1.021337
1.318000,0,0.062970,0.409373,1.130430,-0.229680,-0.594605,1.130054,-0.044805,0.412864,1.204063,-0.344987,-0.426685,1.021337
1.320000,0,0.064004,0.409067,1.129525,-0.228920,-0.594616,1.129867,-0.044805,0.412864,1.204063,-0.344987,-0.426685,1.021337
1.322000,0,0.065042,0.408758,1.128621,-0.228158,-0.594629,1.129690,-0.044805,0.412864,1.204063,-0.344987,-0.426685,1.021337
1.324000,0,0.066084,0.408444,1.127716,-0.227394,-0.594643,1.129522,-0.044805,0.412864,1.204063,-0.344987,-0.426685,1.021337
1.326000,0,0.067130,0.408127,1.126813,-0.226629,-0.594659,1.129361,-0.044805,0.412864,1.204063,-0.344987,-0.426685,1.021337
1.328000,0,0.068180,0.407806,1.125908,-0.225862,-0.594676,1.129208,-0.044805,0.412864,1.204063,-0.344987,-0.426685,1.021337
1.330000,0,0.069235,0.407481,1.125003,-0.225093,-0.594695,1.129064,-0.044805,0.412864,1.204063,-0.344987,-0.426685,1.021337
1.332000,0,0.070295,0.407151,1.124096,-0.224322,-0.594715,1.128928,-0.044805,0.412864,1.204063,-0.344987,-0.426685,1.021337
1.334000,0,0.071360,0.406816,1.123187,-0.223548,-0.594738,1.128800,-0.044805,0.412864,1.204063,-0.344987,-0.426685,1.021337
1.336000,0,0.072430,0.406477,1.122276,-0.222771,-0.594761,1.128679,-0.044805,0.412864,1.204063,-0.344987,-0.426685,1.021337
1.338000,0,0.072430,0.406477,1.122276,-0.222771,-0.594761,1.128679,-0.044805,0.412864,1.204063,-0.344987,-0.426685,1.021337
1.340000,0,0.074586,0.405784,1.120446,-0.221210,-0.594813,1.128462,-0.044805,0.412864,1.204063,-0.344987,-0.426685,1.021337
1.342000,0,0.074586,0.405784,1.120446,-0.221210,-0.594813,1.128462,-0.044805,0.412864,1.204063,-0.344987,-0.426685,1.021337
1.344000,0,0.075671,0.405431,1.119528,-0.220425,-0.594842,1.128365,-0.044805,0.412864,1.204063,-0.344987,-0.426685,1.021337
1.346000,0,0.077858,0.404711,1.117684,-0.218847,-0.594903,1.128191,-0.044805,0.412864,1.204063,-0.344987,-0.426685,1.021337
1.348000,0,0.078960,0.404344,1.116759,-0.218054,-0.594936,1.128115,-0.044805,0.412864,1.204063,-0.344987,-0.426685,1.021337
1.350000,0,0.080067,0.403973,1.115832,-0.217257,-0.594970,1.128046,-0.044805,0.412864,1.204063,-0.344987,-0.426685,1.021337
1.352000,0,0.081180,0.403596,1.114902,-0.216458,-0.595005,1.127983,-0.044805,0.412864,1.204063,-0.344987,-0.426685,1.021337
1.354000,0,0.082299,0.403215,1.113969,-0.215655,-0.595042,1.127928,-0.044805,0.412864,1.204063,-0.344987,-0.426685,1.021337
1.356000,0,0.083424,0.402828,1.113031,-0.214848,-0.595080,1.127879,-0.044805,0.412864,1.204063,-0.344987,-0.426685,1.021337
1.358000,0,0.084556,0.402437,1.112089,-0.214039,-0.595120,1.127837,-0.044805,0.412864,1.204063,-0.344987,-0.426685,1.021337
1.358000,0,0.084556,0.402437,1.112089,-0.214039,-0.595120,1.127837,-0.044805,0.412864,1.204063,-0.344987,-0.426685,1.021337
1.360000,0,0.086837,0.401637,1.110190,-0.212408,-0.595203,1.127771,-0.044805,0.412864,1.204063,-0.344987,-0.426685,1.021337
1.364000,0,0.087987,0.401229,1.109232,-0.211587,-0.595247,1.127746,-0.044805,0.412864,1.204063,-0.344987,-0.426685,1.021337
1.366000,0,0.089143,0.400815,1.108269,-0.210763,-0.595291,1.127727,-0.044805,0.412864,1.204063,-0.344987,-0.426685,1.021337
1.368000,0,0.090305,0.400396,1.107301,-0.209935,-0.595335,1.127712,-0.044805,0.412864,1.204063,-0.344987,-0.426685,1.021337
1.370000,0,0.091471,0.399972,1.106328,-0.209105,-0.595380,1.127700,-0.044805,0.412864,1.204063,-0.344987,-0.426685,1.021337
1.372000,0,0.092645,0.399541,1.105349,-0.208271,-0.595425,1.127694,-0.044805,0.412864,1.204063,-0.344987,-0.426685,1.021337
1.374000,0,0.093825,0.399103,1.104362,-0.207433,-0.595471,1.127692,-0.044805,0.412864,1.204063,-0.344987,-0.426685,1.021337
1.376000,0,0.095013,0.398660,1.103369,-0.206590,-0.595517,1.127695,-0.044805,0.412864,1.204063,-0.344987,-0.426685,1.021337
1.380000,0,0.096207,0.398210,1.102367,-0.205743,-0.595565,1.127702,-0.044805,0.412864,1.204063,-0.344987,-0.426685,1.021337
1.380000,0,0.097410,0.397753,1.101357,-0.204892,-0.595613,1.127714,-0.044805,0.412864,1.204063,-0.344987,-0.426685,1.021337
1.382000,0,0.098619,0.397290,1.100339,-0.204035,-0.595662,1.127730,-0.044805,0.412864,1.204063,-0.344987,-0.426685,1.021337
1.384000,0,0.099836,0.396819,1.099313,-0.203174,-0.595711,1.127751,-0.044805,0.412864,1.204063,-0.344987,-0.426685,1.021337
1.386000,0,0.101061,0.396342,1.098277,-0.202308,-0.595761,1.127776,-0.044805,0.412864,1.204063,-0.344987,-0.426685,1.021337
1.386000,0,0.101061,0.396342,1.098277,-0.202308,-0.595761,1.127776,-0.044805,0.412864,1.204063,-0.344987,-0.426685,1.021337
1.390000,0,0.103533,0.395369,1.096183,-0.200560,-0.595865,1.127839,-0.044805,0.412864,1.204063,-0.344987,-0.426685,1.021337
1.392000,0,0.104781,0.394874,1.095124,-0.199679,-0.595918,1.127876,-0.044805,0.412864,1.204063,-0.344987,-0.426685,1.021337
1.394000,0,0.106037,0.394371,1.094055,-0.198793,-0.595973,1.127917,-0.044805,0.412864,1.204063,-0.344987,-0.426685,1.021337
1.396000,0,0.107300,0.393863,1.092977,-0.197901,-0.596028,1.127962,-0.044805,0.412864,1.204063,-0.344987,-0.426685,1.021337
1.398000,0,0.108572,0.393347,1.091889,-0.197004,-0.596085,1.128010,-0.044805,0.412864,1.204063,-0.344987,-0.426685,1.021337
1.400000,0,0.109852,0.392824,1.090791,-0.196102,-0.596143,1.128061,-0.044805,0.412864,1.204063,-0.344987,-0.426685,1.021337
1.402000,0,0.111140,0.392295,1.089681,-0.195193,-0.596201,1.128116,-0.044805,0.412864,1.204063,-0.344987,-0.426685,1.021337
1.404000,0,0.112437,0.391757,1.088560,-0.194280,-0.596261,1.128173,-0.044805,0.412864,1.204063,-0.344987,-0.426685,1.021337
1.406000,0,0.113742,0.391213,1.087428,-0.193360,-0.596321,1.128234,-0.044805,0.412864,1.204063,-0.344987,-0.426685,1.021337
1.408000,0,0.115056,0.390661,1.086283,-0.192434,-0.596383,1.128298,-0.044805,0.412864,1.204063,-0.344987,-0.426685,1.021337
1.410000,0,0.116379,0.390101,1.085127,-0.191503,-0.596445,1.128364,-0.044805,0.412864,1.204063,-0.344987,-0.426685,1.021337
1.412000,0,0.117711,0.389534,1.083957,-0.190565,-0.596508,1.128434,-0.044805,0.412864,1.204063,-0.344987,-0.426685,1.021337
1.414000,0,0.119052,0.388958,1.082774,-0.189621,-0.596571,1.128505,-0.044805,0.412864,1.204063,-0.344987,-0.426685,1.021337
1.416000,0,0.120402,0.388374,1.081578,-0.188670,-0.596636,1.128579,-0.044805,0.412864,1.204063,-0.344987,-0.426685,1.021337
1.418000,0,0.121761,0.387782,1.080368,-0.187713,-0.596702,1.128656,-0.044805,0.412864,1.204063,-0.344987,-0.426685,1.021337
1.420000,0,0.123130,0.387179,1.079140,-0.186749,-0.596767,1.128734,-0.044805,0.412864,1.204063,-0.344987,-0.426685,1.021337
1.422000,0,0.124509,0.386566,1.077896,-0.185776,-0.596832,1.128814,-0.044805,0.412864,1.204063,-0.344987,-0.426685,1.021337
1.424000,0,0.125897,0.385941,1.076633,-0.184796,-0.596897,1.128897,-0.044805,0.412864,1.204063,-0.344987,-0.426685,1.021337
1.426000,0,0.127296,0.385306,1.075351,-0.183809,-0.596962,1.128985,-0.044805,0.412864,1.204063,-0.344987,-0.426685,1.021337
1.428000,0,0.128705,0.384660,1.074052,-0.182813,-0.597028,1.129075,-0.044805,0.412864,1.204063,-0.344987,-0.426685,1.021337
1.430000,0,0.130124,0.384005,1.072736,-0.181810,-0.597095,1.129168,-0.044805,0.412864,1.204063,-0.344987,-0.426685,1.021337
1.432000,0,0.131553,0.383341,1.071404,-0.180799,-0.597164,1.129263,-0.044805,0.412864,1.204063,-0.344987,-0.426685,1.021337
1.434000,0,0.132992,0.382667,1.070055,-0.179781,-0.597233,1.129359,-0.044805,0.412864,1.204063,-0.344987,-0.426685,1.021337
1.436000,0,0.134441,0.381984,1.068689,-0.178755,-0.597303,1.129457,-0.044805,0.412864,1.204063,-0.344987,-0.426685,1.021337
1.438000,0,0.135901,0.381292,1.067304,-0.177721,-0.597373,1.129556,-0.044805,0.412864,1.204063,-0.344987,-0.426685,1.021337
1.440000,0,0.137371,0.380591,1.065902,-0.176679,-0.597445,1.129656,-0.044805,0.412864,1.204063,-0.344987,-0.426685,1.021337
1.442000,0,0.138851,0.379880,1.064481,-0.175630,-0.597518,1.129756,-0.044805,0.412864,1.204063,-0.344987,-0.426685,1.021337
1.444000,0,0.140342,0.379159,1.063040,-0.174572,-0.597591,1.129856,-0.044805,0.412864,1.204063,-0.344987,-0.426685,1.021337
1.446000,0,0.141844,0.378429,1.061579,-0.173507,-0.597665,1.129957,-0.044805,0.412864,1.204063,-0.344987,-0.426685,1.021337
1.448000,0,0.143356,0.377688,1.060098,-0.172434,-0.597740,1.130056,-0.044805,0.412864,1.204063,-0.344987,-0.426685,1.021337
1.450000,0,0.144878,0.376937,1.058597,-0.171353,-0.597815,1.130156,-0.044805,0.412864,1.204063,-0.344987,-0.426685,1.021337
1.452000,0,0.146412,0.376175,1.057074,-0.170263,-0.597891,1.130254,-0.044805,0.412864,1.204063,-0.344987,-0.426685,1.021337
1.454000,0,0.147956,0.375402,1.055528,-0.169166,-0.597966,1.130352,-0.044805,0.412864,1.204063,-0.344987,-0.426685,1.021337
1.456000,0,0.149512,0.374618,1.053960,-0.168060,-0.598043,1.130449,-0.044805,0.412864,1.204063,-0.344987,-0.426685,1.021337
1.458000,0,0.151078,0.373823,1.052370,-0.166945,-0.598119,1.130544,-0.044805,0.412864,1.204063,-0.344987,-0.426685,1.021337
1.460000,0,0.152656,0.373018,1.050756,-0.165822,-0.598197,1.130638,-0.044805,0.412864,1.204063,-0.344987,-0.426685,1.021337
1.462000,0,0.154245,0.372200,1.049117,-0.164691,-0.598275,1.130730,-0.044805,0.412864,1.204063,-0.344987,-0.426685,1.021337
1.464000,0,0.155845,0.371371,1.047454,-0.163550,-0.598353,1.130820,-0.044805,0.412864,1.204063,-0.344987,-0.426685,1.021337
1.466000,0,0.157456,0.370530,1.045765,-0.162401,-0.598432,1.130908,-0.044805,0.412864,1.204063,-0.344987,-0.426685,1.021337
1.468000,0,0.159079,0.369679,1.044053,-0.161243,-0.598512,1.130995,-0.044805,0.412864,1.204063,-0.344987,-0.426685,1.021337
1.470000,0,0.160714,0.368818,1.042319,-0.160076,-0.598594,1.131078,-0.044805,0.412864,1.204063,-0.344987,-0.426685,1.021337
1.472000,0,0.162360,0.367947,1.040560,-0.158900,-0.598677,1.131160,-0.044805,0.412864,1.204063,-0.344987,-0.426685,1.021337
1.474000,0,0.164017,0.367065,1.038775,-0.157716,-0.598761,1.131239,-0.044805,0.412864,1.204063,-0.344987,-0.426685,1.021337
1.476000,0,0.165686,0.366172,1.036965,-0.156522,-0.598847,1.131315,-0.044805,0.412864,1.204063,-0.344987,-0.426685,1.021337
1.478000,0,0.167368,0.365268,1.035129,-0.155320,-0.598935,1.131388,-0.044805,0.412864,1.204063,-0.344987,-0.426685,1.021337
1.480000,0,0.169061,0.364352,1.033266,-0.154107,-0.599023,1.131459,-0.044805,0.412864,1.204063,-0.344987,-0.426685,1.021337
1.482000,0,0.170767,0.363424,1.031375,-0.152885,-0.599112,1.131527,-0.044805,0.412864,1.204063,-0.344987,-0.426685,1.021337
1.484000,0,0.172484,0.362483,1.029454,-0.151654,-0.599203,1.131591,-0.044805,0.412864,1.204063,-0.344987,-0.426685,1.021337
1.486000,0,0.174215,0.361529,1.027504,-0.150412,-0.599294,1.131653,-0.044805,0.412864,1.204063,-0.344987,-0.426685,1.021337
1.488000,0,0.175958,0.360562,1.025523,-0.149161,-0.599387,1.131711,-0.044805,0.412864,1.204063,-0.344987,-0.426685,1.021337
1.490000,0,0.177713,0.359582,1.023510,-0.147899,-0.599481,1.131765,-0.044805,0.412864,1.204063,-0.344987,-0.426685,1.021337
1.492000,0,0.179482,0.358587,1.021465,-0.146628,-0.599576,1.131816,-0.044805,0.412864,1.204063,-0.344987,-0.426685,1.021337
1.494000,0,0.181263,0.357579,1.019387,-0.145345,-0.599672,1.131863,-0.044805,0.412864,1.204063,-0.344987,-0.426685,1.021337
1.496000,0,0.183057,0.356558,1.017277,-0.144053,-0.599770,1.131905,-0.044805,0.412864,1.204063,-0.344987,-0.426685,1.021337
1.498000,0,0.184865,0.355523,1.015134,-0.142750,-0.599869,1.131944,-0.044805,0.412864,1.204063,-0.344987,-0.426685,1.021337
1.500000,0,0.186685,0.354473,1.012955,-0.141437,-0.599970,1.131978,-0.044805,0.412864,1.204063,-0.344987,-0.426685,1.021337
1.502000,0,0.188518,0.353408,1.010740,-0.140113,-0.600071,1.132007,-0.044805,0.412864,1.204063,-0.344987,-0.426685,1.021337
1.504000,0,0.190365,0.352328,1.008488,-0.138779,-0.600174,1.132031,-0.044805,0.412864,1.204063,-0.344987,-0.426685,1.021337
1.506000,0,0.192226,0.351233,1.006198,-0.137433,-0.600279,1.132051,-0.044805,0.412864,1.204063,-0.344987,-0.426685,1.021337
1.508000,0,0.194101,0.350122,1.003870,-0.136076,-0.600387,1.132066,-0.044805,0.412864,1.204063,-0.344987,-0.426685,1.021337
1.510000,0,0.195989,0.348995,1.001502,-0.134707,-0.600495,1.132076,-0.044805,0.412864,1.204063,-0.344987,-0.426685,1.021337
1.512000,0,0.197892,0.347851,0.999091,-0.133327,-0.600607,1.132081,-0.044805,0.412864,1.204063,-0.344987,-0.426685,1.021337
1.514000,0,0.199808,0.346691,0.996639,-0.131935,-0.600720,1.132081,-0.044805,0.412864,1.204063,-0.344987,-0.426685,1.021337
1.516000,0,0.201740,0.345514,0.994144,-0.130531,-0.600835,1.132075,-0.044805,0.412864,1.204063,-0.344987,-0.426685,1.021337
1.518000,0,0.203685,0.344320,0.991606,-0.129115,-0.600953,1.132063,-0.044805,0.412864,1.204063,-0.344987,-0.426685,1.021337
1.520000,0,0.205646,0.343107,0.989021,-0.127686,-0.601072,1.132045,-0.044805,0.412864,1.204063,-0.344987,-0.426685,1.021337
1.522000,0,0.207621,0.341875,0.986390,-0.126245,-0.601193,1.132021,-0.044805,0.412864,1.204063,-0.344987,-0.426685,1.021337
1.524000,0,0.209610,0.340628,0.983719,-0.124792,-0.601318,1.131993,-0.044805,0.412864,1.204063,-0.344987,-0.426685,1.021337
1.526000,0,0.211615,0.339367,0.981006,-0.123327,-0.601447,1.131963,-0.044805,0.412864,1.204063,-0.344987,-0.426685,1.021337
1.528000,0,0.213635,0.338089,0.978251,-0.121849,-0.601579,1.131928,-0.044805,0.412864,1.204063,-0.344987,-0.426685,1.021337
1.530000,0,0.215672,0.336795,0.975452,-0.120359,-0.601715,1.131888,-0.044805,0.412864,1.204063,-0.344987,-0.426685,1.021337
1.532000,0,0.217722,0.335484,0.972607,-0.118858,-0.601854,1.131840,-0.044805,0.412864,1.204063,-0.344987,-0.426685,1.021337
1.534000,0,0.219790,0.334156,0.969716,-0.117344,-0.601996,1.131786,-0.044805,0.412864,1.204063,-0.344987,-0.426685,1.021337
1.536000,0,0.221876,0.332812,0.966777,-0.115818,-0.602141,1.131726,-0.044805,0.412864,1.204063,-0.344987,-0.426685,1.021337
1.538000,0,0.223981,0.331449,0.963790,-0.114278,-0.602290,1.131659,-0.044805,0.412864,1.204063,-0.344987,-0.426685,1.021337
1.540000,0,0.226105,0.330067,0.960751,-0.112724,-0.602441,1.131584,-0.044805,0.412864,1.204063,-0.344987,-0.426685,1.021337
1.542000,0,0.228247,0.328665,0.957658,-0.111157,-0.602594,1.131501,-0.044805,0.412864,1.204063,-0.344987,-0.426685,1.021337
1.544000,0,0.230409,0.327243,0.954511,-0.109576,-0.602751,1.131409,-0.044805,0.412864,1.204063,-0.344987,-0.426685,1.021337
1.546000,0,0.232590,0.325800,0.951309,-0.107982,-0.602910,1.131309,-0.044805,0.412864,1.204063,-0.344987,-0.426685,1.021337
1.548000,0,0.234791,0.324336,0.948047,-0.106374,-0.603072,1.131199,-0.044805,0.412864,1.204063,-0.344987,-0.426685,1.021337
1.550000,0,0.237011,0.322850,0.944726,-0.104753,-0.603237,1.131079,-0.044805,0.412864,1.204063,-0.344987,-0.426685,1.021337
1.552000,0,0.239251,0.321340,0.941341,-0.103117,-0.603403,1.130949,-0.044805,0.412864,1.204063,-0.344987,-0.426685,1.021337
1.554000,1,0.241510,0.319804,0.937889,-0.101468,-0.603572,1.130807,-0.044805,0.412864,1.204063,-0.344987,-0.426685,1.021337
1.556000,1,0.243789,0.318244,0.934371,-0.099804,-0.603743,1.130654,-0.044805,0.412864,1.204063,-0.344987,-0.426685,1.021337
1.558000,1,0.246397,0.318627,0.938465,-0.098261,-0.604140,1.130454,-0.044805,0.412864,1.204063,-0.344987,-0.426685,1.021337
1.560000,1,0.249316,0.320845,0.949889,-0.096849,-0.604753,1.130224,-0.044805,0.412864,1.204063,-0.344987,-0.426685,1.021337
1.562000,1,0.252247,0.323763,0.965102,-0.095504,-0.605454,1.129940,-0.044805,0.412864,1.204063,-0.344987,-0.426685,1.021337
1.564000,1,0.254846,0.326623,0.979480,-0.094109,-0.606102,1.129596,-0.044805,0.412864,1.204063,-0.344987,-0.426685,1.021337
1.566000,1,0.257108,0.329434,0.993059,-0.092674,-0.606701,1.129202,-0.044805,0.412864,1.204063,-0.344987,-0.426685,1.021337
1.568000,1,0.258846,0.331823,1.003460,-0.091130,-0.607182,1.128761,-0.044805,0.412864,1.204063,-0.344987,-0.426685,1.021337
1.570000,1,0.260063,0.333822,1.010859,-0.089486,-0.607552,1.128278,-0.044805,0.412864,1.204063,-0.344987,-0.426685,1.021337
1.572000,1,0.260779,0.335464,1.015479,-0.087747,-0.607814,1.127759,-0.044805,0.412864,1.204063,-0.344987,-0.426685,1.021337
1.574000,1,0.261134,0.336985,1.018921,-0.085955,-0.608014,1.127210,-0.044805,0.412864,1.204063,-0.344987,-0.426685,1.021337
1.576000,1,0.261261,0.338602,1.022663,-0.084151,-0.608193,1.126635,-0.044805,0.412864,1.204063,-0.344987,-0.426685,1.021337
1.578000,1,0.261338,0.340597,1.028625,-0.082384,-0.608408,1.126035,-0.044805,0.412864,1.204063,-0.344987,-0.426685,1.021337
1.580000,1,0.261337,0.342906,1.036417,-0.080645,-0.608651,1.125409,-0.044805,0.412864,1.204063,-0.344987,-0.426685,1.021337
1.582000,1,0.261252,0.345512,1.045930,-0.078933,-0.608921,1.124763,-0.044805,0.412864,1.204063,-0.344987,-0.426685,1.021337
1.584000,1,0.260959,0.348192,1.055692,-0.077208,-0.609178,1.124097,-0.044805,0.412864,1.204063,-0.344987,-0.426685,1.021337
1.586000,1,0.260257,0.350595,1.063319,-0.075404,-0.609357,1.123394,-0.044805,0.412864,1.204063,-0.344987,-0.426685,1.021337
1.588000,1,0.259122,0.352681,1.068527,-0.073511,-0.609450,1.122653,-0.044805,0.412864,1.204063,-0.344987,-0.426685,1.021337
1.590000,1,0.257658,0.354606,1.072400,-0.071554,-0.609491,1.121879,-0.044805,0.412864,1.204063,-0.344987,-0.426685,1.021337
1.592000,1,0.255871,0.356378,1.075006,-0.069536,-0.609481,1.121076,-0.044805,0.412864,1.204063,-0.344987,-0.426685,1.021337
1.594000,1,0.253880,0.358172,1.077567,-0.067487,-0.609459,1.120246,-0.044805,0.412864,1.204063,-0.344987,-0.426685,1.021337
1.596000,1,0.251748,0.360077,1.080709,-0.065424,-0.609444,1.119389,-0.044805,0.412864,1.204063,-0.344987,-0.426685,1.021337
1.598000,1,0.249536,0.362176,1.085018,-0.063362,-0.609457,1.118507,-0.044805,0.412864,1.204063,-0.344987,-0.426685,1.021337
1.600000,1,0.247213,0.364395,1.089998,-0.061280,-0.609488,1.117597,-0.044805,0.412864,1.204063,-0.344987,-0.426685,1.021337
1.602000,1,0.244713,0.366619,1.094869,-0.059158,-0.609517,1.116657,-0.044805,0.412864,1.204063,-0.344987,-0.426685,1.021337
1.604000,1,0.242035,0.368848,1.099632,-0.056995,-0.609544,1.115689,-0.044805,0.412864,1.204063,-0.344987,-0.426685,1.021337
1.606000,1,0.239142,0.371011,1.103802,-0.054775,-0.609559,1.114693,-0.044805,0.412864,1.204063,-0.344987,-0.426685,1.021337
1.608000,1,0.236040,0.373091,1.107282,-0.052492,-0.609562,1.113668,-0.044805,0.412864,1.204063,-0.344987,-0.426685,1.021337
1.610000,1,0.232760,0.375122,1.110326,-0.050150,-0.609563,1.112612,-0.044805,0.412864,1.204063,-0.344987,-0.426685,1.021337
1.612000,1,0.229339,0.377144,1.113242,-0.047755,-0.609571,1.111531,-0.044805,0.412864,1.204063,-0.344987,-0.426685,1.021337
1.614000,1,0.225800,0.379178,1.116196,-0.045308,-0.609595,1.110425,-0.044805,0.412864,1.204063,-0.344987,-0.426685,1.021337
1.616000,1,0.222145,0.381221,1.119186,-0.042809,-0.609633,1.109295,-0.044805,0.412864,1.204063,-0.344987,-0.426685,1.021337
1.618000,1,0.218380,0.383273,1.122207,-0.040255,-0.609688,1.108141,-0.044805,0.412864,1.204063,-0.344987,-0.426685,1.021337
1.620000,1,0.214501,0.385301,1.125079,-0.037639,-0.609756,1.106961,-0.044805,0.412864,1.204063,-0.344987,-0.426685,1.021337
1.622000,1,0.210510,0.387294,1.127722,-0.034955,-0.609837,1.105760,-0.044805,0.412864,1.204063,-0.344987,-0.426685,1.021337
1.624000,1,0.206406,0.389251,1.130147,-0.032204,-0.609933,1.104538,-0.044805,0.412864,1.204063,-0.344987,-0.426685,1.021337
1.626000,1,0.202214,0.391182,1.132444,-0.029385,-0.610046,1.103294,-0.044805,0.412864,1.204063,-0.344987,-0.426685,1.021337
1.628000,1,0.197933,0.393085,1.134620,-0.026499,-0.610177,1.102026,-0.044805,0.412864,1.204063,-0.344987,-0.426685,1.021337
1.630000,1,0.193578,0.394969,1.136746,-0.023544,-0.610327,1.100734,-0.044805,0.412864,1.204063,-0.344987,-0.426685,1.021337
1.632000,1,0.189158,0.396833,1.138844,-0.020522,-0.610498,1.099415,-0.044805,0.412864,1.204063,-0.344987,-0.426685,1.021337
1.634000,1,0.184684,0.398675,1.140918,-0.017429,-0.610688,1.098068,-0.044805,0.412864,1.204063,-0.344987,-0.426685,1.021337
1.636000,1,0.180161,0.400488,1.142943,-0.014266,-0.610897,1.096690,-0.044805,0.412864,1.204063,-0.344987,-0.426685,1.021337
1.638000,1,0.175592,0.402265,1.144893,-0.011031,-0.611122,1.095279,-0.044805,0.412864,1.204063,-0.344987,-0.426685,1.021337
1.640000,1,0.170980,0.404004,1.146760,-0.007724,-0.611362,1.093832,-0.044805,0.412864,1.204063,-0.344987,-0.426685,1.021337
1.642000,1,0.166327,0.405704,1.148549,-0.004343,-0.611618,1.092349,-0.044805,0.412864,1.204063,-0.344987,-0.426685,1.021337
1.644000,1,0.161645,0.407365,1.150278,-0.000890,-0.611887,1.090824,-0.044805,0.412864,1.204063,-0.344987,-0.426685,1.021337
1.646000,1,0.156940,0.408986,1.151960,0.002633,-0.612167,1.089255,-0.044805,0.412864,1.204063,-0.344987,-0.426685,1.021337
1.648000,1,0.152215,0.410565,1.153602,0.006227,-0.612458,1.087639,-0.044805,0.412864,1.204063,-0.344987,-0.426685,1.021337
1.650000,1,0.147474,0.412105,1.155208,0.009892,-0.612760,1.085974,-0.044805,0.412864,1.204063,-0.344987,-0.426685,1.021337
1.652000,1,0.142719,0.413601,1.156778,0.013628,-0.613069,1.084254,-0.044805,0.412864,1.204063,-0.344987,-0.426685,1.021337
1.654000,1,0.137953,0.415053,1.158309,0.017431,-0.613386,1.082485,-0.044805,0.412864,1.204063,-0.344987,-0.426685,1.021337
1.656000,1,0.133181,0.416458,1.159797,0.021301,-0.613709,1.080661,-0.044805,0.412864,1.204063,-0.344987,-0.426685,1.021337
1.658000,1,0.128407,0.417813,1.161238,0.025235,-0.614033,1.078776,-0.044805,0.412864,1.204063,-0.344987,-0.426685,1.021337
1.660000,1,0.123637,0.419117,1.162636,0.029231,-0.614356,1.076823,-0.044805,0.412864,1.204063,-0.344987,-0.426685,1.021337
1.662000,1,0.118873,0.420371,1.164001,0.033288,-0.614674,1.074796,-0.044805,0.412864,1.204063,-0.344987,-0.426685,1.021337
1.664000,1,0.114117,0.421575,1.165340,0.037408,-0.614988,1.072692,-0.044805,0.412864,1.204063,-0.344987,-0.426685,1.021337
1.666000,1,0.109373,0.422730,1.166659,0.041588,-0.615294,1.070504,-0.044805,0.412864,1.204063,-0.344987,-0.426685,1.021337
1.668000,1,0.104644,0.423835,1.167957,0.045823,-0.615587,1.068223,-0.044805,0.412864,1.204063,-0.344987,-0.426685,1.021337
1.670000,1,0.099932,0.424887,1.169231,0.050111,-0.615864,1.065842,-0.044805,0.412864,1.204063,-0.344987,-0.426685,1.021337
1.672000,1,0.095241,0.425887,1.170480,0.054452,-0.616122,1.063356,-0.044805,0.412864,1.204063,-0.344987,-0.426685,1.021337
1.674000,1,0.090570,0.426836,1.171711,0.058846,-0.616360,1.060763,-0.044805,0.412864,1.204063,-0.344987,-0.426685,1.021337
1.676000,1,0.085922,0.427734,1.172925,0.063290,-0.616576,1.058054,-0.044805,0.412864,1.204063,-0.344987,-0.426685,1.021337
1.678000,1,0.081300,0.428581,1.174125,0.067784,-0.616765,1.055222,-0.044805,0.412864,1.204063,-0.344987,-0.426685,1.021337
1.680000,1,0.076705,0.429376,1.175304,0.072320,-0.616922,1.052257,-0.044805,0.412864,1.204063,-0.344987,-0.426685,1.021337
1.682000,1,0.072138,0.430118,1.176459,0.076896,-0.617043,1.049152,-0.044805,0.412864,1.204063,-0.344987,-0.426685,1.021337
1.684000,1,0.067601,0.430810,1.177598,0.081513,-0.617127,1.045901,-0.044805,0.412864,1.204063,-0.344987,-0.426685,1.021337
1.686000,1,0.064026,0.431927,1.182845,0.086139,-0.617234,1.042536,-0.044805,0.412864,1.204063,-0.344987,-0.426685,1.021337
1.688000,1,0.060459,0.432966,1.187867,0.090799,-0.617290,1.039017,-0.044805,0.412864,1.204063,-0.344987,-0.426685,1.021337
1.690000,1,0.056647,0.433620,1.190359,0.095536,-0.617222,1.035314,-0.044805,0.412864,1.204063,-0.344987,-0.426685,1.021337
1.692000,1,0.052607,0.433910,1.190463,0.100344,-0.617028,1.031416,-0.044805,0.412864,1.204063,-0.344987,-0.426685,1.021337
1.694000,1,0.048491,0.434036,1.189620,0.105190,-0.616756,1.027329,-0.044805,0.412864,1.204063,-0.344987,-0.426685,1.021337
1.696000,1,0.045378,0.434549,1.192661,0.110042,-0.616472,1.023088,-0.044805,0.412864,1.204063,-0.344987,-0.426685,1.021337
1.698000,1,0.043028,0.435430,1.199136,0.114881,-0.616185,1.018675,-0.044805,0.412864,1.204063,-0.344987,-0.426685,1.021337
1.700000,1,0.040517,0.436078,1.204025,0.119757,-0.615789,1.014027,-0.044805,0.412864,1.204063,-0.344987,-0.426685,1.021337
1.702000,1,0.037629,0.436238,1.205402,0.124701,-0.615219,1.009118,-0.044805,0.412864,1.204063,-0.344987,-0.426685,1.021337
1.704000,1,0.034464,0.436037,1.204190,0.129694,-0.614501,1.003946,-0.044805,0.412864,1.204063,-0.344987,-0.426685,1.021337
1.706000,1,0.031040,0.435493,1.200529,0.134734,-0.613638,0.998503,-0.044805,0.412864,1.204063,-0.344987,-0.426685,1.021337
1.708000,1,0.028573,0.435387,1.200919,0.139749,-0.612753,0.992839,-0.044805,0.412864,1.204063,-0.344987,-0.426685,1.021337
1.710000,1,0.026760,0.435797,1.205423,0.144697,-0.611890,0.986933,-0.044805,0.412864,1.204063,-0.344987,-0.426685,1.021337
1.712000,1,0.024906,0.436182,1.209699,0.149632,-0.610943,0.980736,-0.044805,0.412864,1.204063,-0.344987,-0.426685,1.021337
1.714000,1,0.022766,0.436233,1.211455,0.154600,-0.609839,0.974233,-0.044805,0.412864,1.204063,-0.344987,-0.426685,1.021337
1.716000,1,0.020360,0.435969,1.210841,0.159601,-0.608579,0.967418,-0.044805,0.412864,1.204063,-0.344987,-0.426685,1.021337
1.718000,1,0.017703,0.435405,1.207985,0.164631,-0.607160,0.960279,-0.044805,0.412864,1.204063,-0.344987,-0.426685,1.021337
