time,roll,pitch,yaw,roll_d,pitch_d,yaw_d
0.010000,3.140387,3.141179,3.140550,3.141064,3.141431,3.141132
0.012000,3.139976,3.141008,3.140202,3.141064,3.141431,3.141132
0.014000,3.139525,3.140806,3.139824,3.141064,3.141431,3.141132
0.016000,3.139038,3.140573,3.139422,3.141064,3.141431,3.141132
0.018000,3.138520,3.140307,3.138999,3.141064,3.141431,3.141132
0.020000,3.137973,3.140010,3.138560,3.141064,3.141431,3.141132
0.022000,3.137401,3.139680,3.138106,3.141064,3.141431,3.141132
0.024000,3.136805,3.139318,3.137642,3.141064,3.141431,3.141132
0.026000,3.136188,3.138923,3.137168,3.141064,3.141431,3.141132
0.028000,3.135552,3.138495,3.136686,3.141064,3.141431,3.141132
0.030000,3.134896,3.138034,3.136198,3.141064,3.141431,3.141132
0.032000,3.134222,3.137540,3.135704,3.141064,3.141431,3.141132
0.034000,3.133531,3.137013,3.135206,3.141064,3.141431,3.141132
0.036000,3.132824,3.136452,3.134703,3.141064,3.141431,3.141132
0.038000,3.132099,3.135858,3.134196,3.141064,3.141431,3.141132
0.040000,3.131357,3.135231,3.133686,3.141064,3.141431,3.141132
0.042000,3.130697,3.134682,3.133215,3.141064,3.141431,3.141132
0.044000,3.130115,3.134203,3.132780,3.141064,3.141431,3.141132
0.046000,3.129630,3.133787,3.132384,3.141064,3.141431,3.141132
0.048000,3.129243,3.133421,3.132026,3.141064,3.141431,3.141132
0.050000,3.128964,3.133100,3.131699,3.141064,3.141431,3.141132
0.052000,3.128803,3.132820,3.131393,3.141064,3.141431,3.141132
0.054000,3.128764,3.132579,3.131101,3.141064,3.141431,3.141132
0.056000,3.128846,3.132375,3.130818,3.141064,3.141431,3.141132
0.058000,3.129044,3.132207,3.130543,3.141064,3.141431,3.141132
0.060000,3.129353,3.132074,3.130272,3.141064,3.141431,3.141132
0.062000,3.129764,3.131974,3.130002,3.141064,3.141431,3.141132
0.064000,3.130250,3.131906,3.129731,3.141064,3.141431,3.141132
0.066000,3.130790,3.131869,3.129459,3.141064,3.141431,3.141132
0.068000,3.131364,3.131861,3.129185,3.141064,3.141431,3.141132
0.070000,3.131951,3.131881,3.128911,3.141064,3.141431,3.141132
0.072000,3.132548,3.131932,3.128637,3.141064,3.141431,3.141132
0.074000,3.133136,3.132011,3.128364,3.141064,3.141431,3.141132
0.076000,3.133686,3.132114,3.128092,3.141064,3.141431,3.141132
0.078000,3.134188,3.132236,3.127822,3.141064,3.141431,3.141132
0.080000,3.134642,3.132376,3.127555,3.141064,3.141431,3.141132
0.082000,3.135048,3.132529,3.127291,3.141064,3.141431,3.141132
0.084000,3.135411,3.132693,3.127030,3.141064,3.141431,3.141132
0.086000,3.135732,3.132864,3.126772,3.141064,3.141431,3.141132
0.088000,3.136015,3.133038,3.126517,3.141064,3.141431,3.141132
0.090000,3.136263,3.133213,3.126267,3.141064,3.141431,3.141132
0.092000,3.136476,3.133391,3.126020,3.141064,3.141431,3.141132
0.094000,3.136657,3.133567,3.125779,3.141064,3.141431,3.141132
0.096000,3.136807,3.133739,3.125541,3.141064,3.141431,3.141132
0.098000,3.136933,3.133901,3.125309,3.141064,3.141431,3.141132
0.100000,3.137037,3.134050,3.125083,3.141064,3.141431,3.141132
0.102000,3.137120,3.134187,3.124862,3.141064,3.141431,3.141132
0.104000,3.137181,3.134310,3.124647,3.141064,3.141431,3.141132
0.106000,3.137224,3.134415,3.124438,3.141064,3.141431,3.141132
0.108000,3.137250,3.134500,3.124237,3.141064,3.141431,3.141132
0.110000,3.137262,3.134565,3.124043,3.141064,3.141431,3.141132
0.112000,3.137260,3.134607,3.123857,3.141064,3.141431,3.141132
0.114000,3.137246,3.134624,3.123679,3.141064,3.141431,3.141132
0.116000,3.137222,3.134616,3.123510,3.141064,3.141431,3.141132
0.118000,3.137187,3.134582,3.123350,3.141064,3.141431,3.141132
0.120000,3.137142,3.134522,3.123200,3.141064,3.141431,3.141132
0.122000,3.137087,3.134436,3.123059,3.141064,3.141431,3.141132
0.124000,3.137024,3.134323,3.122928,3.141064,3.141431,3.141132
0.126000,3.136954,3.134182,3.122808,3.141064,3.141431,3.141132
0.128000,3.136877,3.134015,3.122699,3.141064,3.141431,3.141132
0.130000,3.136796,3.133820,3.122601,3.141064,3.141431,3.141132
0.132000,3.136712,3.133597,3.122515,3.141064,3.141431,3.141132
0.134000,3.136625,3.133348,3.122440,3.141064,3.141431,3.141132
0.136000,3.136533,3.133073,3.122378,3.141064,3.141431,3.141132
0.136000,3.136533,3.133073,3.122378,3.141064,3.141431,3.141132
0.138000,3.136435,3.132773,3.122328,3.141064,3.141431,3.141132
0.142000,3.136222,3.132101,3.122268,3.141064,3.141431,3.141132
0.144000,3.136107,3.131730,3.122258,3.141064,3.141431,3.141132
0.146000,3.135984,3.131337,3.122262,3.141064,3.141431,3.141132
0.148000,3.135852,3.130925,3.122281,3.141064,3.141431,3.141132
0.150000,3.135715,3.130496,3.122315,3.141064,3.141431,3.141132
0.152000,3.135572,3.130051,3.122364,3.141064,3.141431,3.141132
0.154000,3.135423,3.129592,3.122428,3.141064,3.141431,3.141132
0.156000,3.135268,3.129120,3.122507,3.141064,3.141431,3.141132
0.158000,3.135268,3.129120,3.122507,3.141064,3.141431,3.141132
0.160000,3.134948,3.128140,3.122713,3.141064,3.141431,3.141132
0.162000,3.134789,3.127636,3.122838,3.141064,3.141431,3.141132
0.164000,3.134623,3.127123,3.122980,3.141064,3.141431,3.141132
0.166000,3.134448,3.126604,3.123140,3.141064,3.141431,3.141132
0.168000,3.134260,3.126080,3.123319,3.141064,3.141431,3.141132
0.170000,3.134063,3.125552,3.123519,3.141064,3.141431,3.141132
0.170000,3.134063,3.125552,3.123519,3.141064,3.141431,3.141132
0.174000,3.133642,3.124485,3.123980,3.141064,3.141431,3.141132
0.178000,3.133418,3.123952,3.124242,3.141064,3.141431,3.141132
0.178000,3.133189,3.123419,3.124525,3.141064,3.141431,3.141132
0.180000,3.132953,3.122890,3.124830,3.141064,3.141431,3.141132
0.182000,3.132714,3.122362,3.125157,3.141064,3.141431,3.141132
0.184000,3.132472,3.121839,3.125506,3.141064,3.141431,3.141132
0.186000,3.132230,3.121324,3.125878,3.141064,3.141431,3.141132
0.188000,3.131988,3.120816,3.126272,3.141064,3.141431,3.141132
0.190000,3.131745,3.120318,3.126690,3.141064,3.141431,3.141132
0.192000,3.131500,3.119834,3.127130,3.141064,3.141431,3.141132
0.194000,3.131251,3.119362,3.127596,3.141064,3.141431,3.141132
0.196000,3.130991,3.118906,3.128089,3.141064,3.141431,3.141132
0.200000,3.130721,3.118467,3.128608,3.141064,3.141431,3.141132
0.200000,3.130443,3.118041,3.129156,3.141064,3.141431,3.141132
0.204000,3.130157,3.117630,3.129733,3.141064,3.141431,3.141132
0.206000,3.129866,3.117239,3.130337,3.141064,3.141431,3.141132
0.206000,3.129570,3.116869,3.130970,3.141064,3.141431,3.141132
0.208000,3.129271,3.116520,3.131631,3.141064,3.141431,3.141132
0.210000,3.128977,3.116199,3.132318,3.141064,3.141431,3.141132
0.212000,3.128689,3.115908,3.133030,3.141064,3.141431,3.141132
0.214000,3.128408,3.115649,3.133766,3.141064,3.141431,3.141132
0.216000,3.128135,3.115422,3.134527,3.141064,3.141431,3.141132
0.218000,3.127869,3.115230,3.135313,3.141064,3.141431,3.141132
0.222000,3.127535,3.115094,3.136134,3.141064,3.141431,3.141132
0.222000,3.127127,3.115016,3.136990,3.141064,3.141431,3.141132
0.224000,3.126649,3.114993,3.137881,3.141064,3.141431,3.141132
0.226000,3.126120,3.115025,3.138802,3.141064,3.141431,3.141132
0.228000,3.125566,3.115112,3.139747,3.141064,3.141431,3.141132
0.230000,3.125032,3.115254,3.140704,3.141064,3.141431,3.141132
0.232000,3.124540,3.115453,-3.141519,3.141064,3.141431,3.141132
0.234000,3.124098,3.115710,-3.140555,3.141064,3.141431,3.141132
0.236000,3.123704,3.116025,-3.139590,3.141064,3.141431,3.141132
0.238000,3.123365,3.116399,-3.138629,3.141064,3.141431,3.141132
0.240000,3.123081,3.116834,-3.137676,3.141064,3.141431,3.141132
0.242000,3.122851,3.117329,-3.136730,3.141064,3.141431,3.141132
0.244000,3.122671,3.117884,-3.135793,3.141064,3.141431,3.141132
0.246000,3.122530,3.118486,-3.134864,3.141064,3.141431,3.141132
0.248000,3.122419,3.119129,-3.133944,3.141064,3.141431,3.141132
0.250000,3.122339,3.119813,-3.133030,3.141064,3.141431,3.141132
0.252000,3.122287,3.120533,-3.132126,3.141064,3.141431,3.141132
0.254000,3.122261,3.121282,-3.131232,3.141064,3.141431,3.141132
0.256000,3.122263,3.122057,-3.130351,3.141064,3.141431,3.141132
0.258000,3.122292,3.122857,-3.129482,3.141064,3.141431,3.141132
0.260000,3.122347,3.123679,-3.128627,3.141064,3.141431,3.141132
0.262000,3.122430,3.124520,-3.127788,3.141064,3.141431,3.141132
0.264000,3.122540,3.125374,-3.126968,3.141064,3.141431,3.141132
0.266000,3.122677,3.126240,-3.126167,3.141064,3.141431,3.141132
0.268000,3.122838,3.127115,-3.125385,3.141064,3.141431,3.141132
0.270000,3.123016,3.127990,-3.124622,3.141064,3.141431,3.141132
0.272000,3.123195,3.128893,-3.123972,3.141064,3.141431,3.141132
0.274000,3.123380,3.129816,-3.123429,3.141064,3.141431,3.141132
0.276000,3.123575,3.130744,-3.122979,3.141064,3.141431,3.141132
0.278000,3.123864,3.131692,-3.122620,3.141064,3.141431,3.141132
0.280000,3.124227,3.132636,-3.122339,3.141064,3.141431,3.141132
0.282000,3.124670,3.133572,-3.122126,3.141064,3.141431,3.141132
0.284000,3.125173,3.134489,-3.121970,3.141064,3.141431,3.141132
0.286000,3.125699,3.135366,-3.121868,3.141064,3.141431,3.141132
0.288000,3.126233,3.136193,-3.121813,3.141064,3.141431,3.141132
0.290000,3.126778,3.136970,-3.121801,3.141064,3.141431,3.141132
0.292000,3.127324,3.137689,-3.121828,3.141064,3.141431,3.141132
0.294000,3.127865,3.138350,-3.121893,3.141064,3.141431,3.141132
0.296000,3.128475,3.138969,-3.121979,3.141064,3.141431,3.141132
0.298000,3.129154,3.139545,-3.122084,3.141064,3.141431,3.141132
0.300000,3.129899,3.140083,-3.122204,3.141064,3.141431,3.141132
0.302000,3.130675,3.140606,-3.122335,3.141064,3.141431,3.141132
0.304000,3.131467,3.141127,-3.122474,3.141064,3.141431,3.141132
0.306000,3.132274,-3.141539,-3.122620,3.141064,3.141431,3.141132
0.308000,3.133082,-3.141014,-3.122770,3.141064,3.141431,3.141132
0.310000,3.133866,-3.140472,-3.122923,3.141064,3.141431,3.141132
0.312000,3.134616,-3.139912,-3.123076,3.141064,3.141431,3.141132
0.314000,3.135331,-3.139333,-3.123230,3.141064,3.141431,3.141132
0.316000,3.135997,-3.138741,-3.123384,3.141064,3.141431,3.141132
0.318000,3.136608,-3.138144,-3.123539,3.141064,3.141431,3.141132
0.320000,3.137165,-3.137542,-3.123694,3.141064,3.141431,3.141132
0.322000,3.137665,-3.136942,-3.123850,3.141064,3.141431,3.141132
0.324000,3.138105,-3.136352,-3.124008,3.141064,3.141431,3.141132
0.326000,3.138487,-3.135789,-3.124167,3.141064,3.141431,3.141132
0.328000,3.138811,-3.135261,-3.124328,3.141064,3.141431,3.141132
0.330000,3.139079,-3.134770,-3.124490,3.141064,3.141431,3.141132
0.332000,3.139294,-3.134319,-3.124655,3.141064,3.141431,3.141132
0.334000,3.139468,-3.133919,-3.124821,3.141064,3.141431,3.141132
0.336000,3.139607,-3.133573,-3.124988,3.141064,3.141431,3.141132
0.338000,3.139717,-3.133284,-3.125157,3.141064,3.141431,3.141132
0.340000,3.139799,-3.133051,-3.125326,3.141064,3.141431,3.141132
0.342000,3.139858,-3.132875,-3.125496,3.141064,3.141431,3.141132
0.344000,3.139902,-3.132755,-3.125667,3.141064,3.141431,3.141132
0.346000,3.139936,-3.132690,-3.125837,3.141064,3.141431,3.141132
0.348000,3.139975,-3.132676,-3.126005,3.141064,3.141431,3.141132
0.350000,3.140024,-3.132712,-3.126172,3.141064,3.141431,3.141132
0.352000,3.140081,-3.132797,-3.126336,3.141064,3.141431,3.141132
0.354000,3.140152,-3.132929,-3.126497,3.141064,3.141431,3.141132
0.356000,3.140238,-3.133105,-3.126655,3.141064,3.141431,3.141132
0.358000,3.140344,-3.133323,-3.126809,3.141064,3.141431,3.141132
0.360000,3.140471,-3.133579,-3.126958,3.141064,3.141431,3.141132
0.362000,3.140624,-3.133870,-3.127102,3.141064,3.141431,3.141132
0.364000,3.140803,-3.134194,-3.127239,3.141064,3.141431,3.141132
0.366000,3.141008,-3.134548,-3.127371,3.141064,3.141431,3.141132
0.368000,3.141239,-3.134930,-3.127495,3.141064,3.141431,3.141132
0.370000,3.141497,-3.135338,-3.127612,3.141064,3.141431,3.141132
0.370000,3.141497,-3.135338,-3.127612,3.141064,3.141431,3.141132
0.372000,0.000495,-0.005373,0.013775,3.141064,3.141431,3.141132
0.376000,0.000827,-0.004900,0.013686,3.141064,3.141431,3.141132
0.378000,0.001180,-0.004409,0.013608,3.141064,3.141431,3.141132
0.380000,0.001554,-0.003901,0.013541,3.141064,3.141431,3.141132
0.382000,0.001949,-0.003374,0.013486,3.141064,3.141431,3.141132
0.384000,0.002360,-0.002831,0.013445,3.141064,3.141431,3.141132
0.386000,0.002789,-0.002274,0.013416,3.141064,3.141431,3.141132
0.388000,0.003234,-0.001702,0.013401,3.141064,3.141431,3.141132
0.390000,0.003693,-0.001117,0.013401,3.141064,3.141431,3.141132
0.392000,0.004167,-0.000521,0.013416,3.141064,3.141431,3.141132
0.394000,0.004652,0.000086,0.013448,3.141064,3.141431,3.141132
0.396000,0.005148,0.000701,0.013497,3.141064,3.141431,3.141132
0.398000,0.005654,0.001326,0.013562,3.141064,3.141431,3.141132
0.398000,0.005654,0.001326,0.013562,3.141064,3.141431,3.141132
0.400000,0.006693,0.002599,0.013744,3.141064,3.141431,3.141132
0.404000,0.007226,0.003247,0.013863,3.141064,3.141431,3.141132
0.406000,0.007764,0.003899,0.014002,3.141064,3.141431,3.141132
0.408000,0.008308,0.004555,0.014162,3.141064,3.141431,3.141132
0.410000,0.008855,0.005210,0.014345,3.141064,3.141431,3.141132
0.412000,0.009405,0.005867,0.014549,3.141064,3.141431,3.141132
0.414000,0.009956,0.006523,0.014775,3.141064,3.141431,3.141132
0.416000,0.010509,0.007179,0.015025,3.141064,3.141431,3.141132
0.418000,0.011061,0.007832,0.015300,3.141064,3.141431,3.141132
0.420000,0.011611,0.008483,0.015600,3.141064,3.141431,3.141132
0.422000,0.012157,0.009129,0.015925,3.141064,3.141431,3.141132
0.424000,0.012698,0.009771,0.016275,3.141064,3.141431,3.141132
0.426000,0.013234,0.010408,0.016652,3.141064,3.141431,3.141132
0.428000,0.013763,0.011038,0.017056,3.141064,3.141431,3.141132
0.430000,0.014283,0.011660,0.017487,3.141064,3.141431,3.141132
0.432000,0.014794,0.012273,0.017947,3.141064,3.141431,3.141132
0.434000,0.015295,0.012879,0.018434,3.141064,3.141431,3.141132
0.436000,0.015787,0.013475,0.018950,3.141064,3.141431,3.141132
0.438000,0.016265,0.014059,0.019496,3.141064,3.141431,3.141132
0.440000,0.016731,0.014629,0.020071,3.141064,3.141431,3.141132
0.442000,0.017182,0.015185,0.020676,3.141064,3.141431,3.141132
0.444000,0.017618,0.015727,0.021312,3.141064,3.141431,3.141132
0.446000,0.018039,0.016254,0.021978,3.141064,3.141431,3.141132
0.448000,0.018039,0.016254,0.021978,3.141064,3.141431,3.141132
0.450000,0.018827,0.017260,0.023403,3.141064,3.141431,3.141132
0.452000,0.019190,0.017737,0.024162,3.141064,3.141431,3.141132
0.454000,0.019536,0.018193,0.024955,3.141064,3.141431,3.141132
0.456000,0.019859,0.018629,0.025781,3.141064,3.141431,3.141132
0.458000,0.020157,0.019042,0.026638,3.141064,3.141431,3.141132
0.460000,0.020430,0.019433,0.027526,3.141064,3.141431,3.141132
0.462000,0.020678,0.019797,0.028446,3.141064,3.141431,3.141132
0.464000,0.020898,0.020132,0.029398,3.141064,3.141431,3.141132
0.466000,0.021091,0.020436,0.030380,3.141064,3.141431,3.141132
0.468000,0.021255,0.020711,0.031392,3.141064,3.141431,3.141132
0.470000,0.021389,0.020957,0.032435,3.141064,3.141431,3.141132
0.472000,0.021494,0.021176,0.033508,3.141064,3.141431,3.141132
0.474000,0.021568,0.021365,0.034611,3.141064,3.141431,3.141132
0.476000,0.021597,0.021549,0.035730,3.141064,3.141431,3.141132
0.478000,0.021576,0.021730,0.036863,3.141064,3.141431,3.141132
0.480000,0.021505,0.021900,0.038011,3.141064,3.141431,3.141132
0.482000,0.021386,0.022049,0.039172,3.141064,3.141431,3.141132
0.484000,0.021219,0.022164,0.040346,3.141064,3.141431,3.141132
0.486000,0.021004,0.022235,0.041534,3.141064,3.141431,3.141132
0.488000,0.020739,0.022251,0.042736,3.141064,3.141431,3.141132
0.490000,0.020426,0.022214,0.043951,3.141064,3.141431,3.141132
0.492000,0.020061,0.022107,0.045178,3.141064,3.141431,3.141132
0.494000,0.019645,0.021932,0.046419,3.141064,3.141431,3.141132
0.496000,0.019179,0.021685,0.047670,3.141064,3.141431,3.141132
0.498000,0.018664,0.021368,0.048933,3.141064,3.141431,3.141132
0.500000,0.018098,0.020980,0.050206,3.141064,3.141431,3.141132
0.502000,0.017483,0.020522,0.051488,3.141064,3.141431,3.141132
0.504000,0.016819,0.019994,0.052777,3.141064,3.141431,3.141132
0.506000,0.016106,0.019401,0.054073,3.141064,3.141431,3.141132
0.508000,0.015345,0.018744,0.055373,3.141064,3.141431,3.141132
0.510000,0.014537,0.018024,0.056678,3.141064,3.141431,3.141132
0.512000,0.013685,0.017250,0.057984,3.141064,3.141431,3.141132
0.514000,0.012791,0.016428,0.059290,3.141064,3.141431,3.141132
0.516000,0.011855,0.015558,0.060596,3.141064,3.141431,3.141132
0.518000,0.010490,0.014867,0.061763,3.141064,3.141431,3.141132
0.520000,0.008769,0.014333,0.062810,3.141064,3.141431,3.141132
0.522000,0.006752,0.013925,0.063755,3.141064,3.141431,3.141132
0.524000,0.004520,0.013482,0.064598,3.141064,3.141431,3.141132
0.526000,0.002143,0.012975,0.065346,3.141064,3.141431,3.141132
0.528000,3.141241,3.129197,-3.075580,3.141064,3.141431,3.141132
0.530000,3.138728,3.129847,-3.074989,3.141064,3.141431,3.141132
0.532000,3.136215,3.130573,-3.074461,3.141064,3.141431,3.141132
0.534000,3.133784,3.131359,-3.073991,3.141064,3.141431,3.141132
0.536000,3.131473,3.132193,-3.073568,3.141064,3.141431,3.141132
0.538000,3.129298,3.133081,-3.073187,3.141064,3.141431,3.141132
0.540000,3.129298,3.133081,-3.073187,3.141064,3.141431,3.141132
0.542000,3.125480,3.134975,-3.072550,3.141064,3.141431,3.141132
0.544000,3.123872,3.135967,-3.072290,3.141064,3.141431,3.141132
0.546000,3.122469,3.136992,-3.072064,3.141064,3.141431,3.141132
0.548000,3.122469,3.136992,-3.072064,3.141064,3.141431,3.141132
0.550000,3.120356,3.139079,-3.071719,3.141064,3.141431,3.141132
0.552000,3.119656,3.140123,-3.071598,3.141064,3.141431,3.141132
0.554000,3.119186,3.141163,-3.071506,3.141064,3.141431,3.141132
0.556000,3.118923,-3.141012,-3.071442,3.141064,3.141431,3.141132
0.558000,3.118849,-3.140040,-3.071404,3.141064,3.141431,3.141132
0.560000,3.118964,-3.139104,-3.071390,3.141064,3.141431,3.141132
0.562000,3.119246,-3.138208,-3.071398,3.141064,3.141431,3.141132
0.564000,3.119652,-3.137357,-3.071422,3.141064,3.141431,3.141132
0.566000,3.120160,-3.136554,-3.071461,3.141064,3.141431,3.141132
0.568000,3.120770,-3.135799,-3.071513,3.141064,3.141431,3.141132
0.570000,3.121448,-3.135097,-3.071574,3.141064,3.141431,3.141132
0.572000,3.122179,-3.134450,-3.071641,3.141064,3.141431,3.141132
0.574000,3.122965,-3.133858,-3.071715,3.141064,3.141431,3.141132
0.576000,3.123797,-3.133319,-3.071795,3.141064,3.141431,3.141132
0.578000,3.123797,-3.133319,-3.071795,3.141064,3.141431,3.141132
0.578000,3.124658,-3.132835,-3.071877,3.141064,3.141431,3.141132
0.582000,3.126419,-3.132026,-3.072043,3.141064,3.141431,3.141132
0.584000,3.127311,-3.131704,-3.072125,3.141064,3.141431,3.141132
0.586000,3.128206,-3.131437,-3.072206,3.141064,3.141431,3.141132
0.588000,3.129100,-3.131223,-3.072284,3.141064,3.141431,3.141132
0.590000,3.129986,-3.131059,-3.072360,3.141064,3.141431,3.141132
0.592000,3.130857,-3.130944,-3.072431,3.141064,3.141431,3.141132
0.594000,3.131705,-3.130875,-3.072497,3.141064,3.141431,3.141132
0.596000,3.132527,-3.130852,-3.072558,3.141064,3.141431,3.141132
0.598000,3.133308,-3.130873,-3.072611,3.141064,3.141431,3.141132
0.600000,3.134040,-3.130936,-3.072655,3.141064,3.141431,3.141132
0.602000,3.134721,-3.131041,-3.072689,3.141064,3.141431,3.141132
0.604000,3.135347,-3.131183,-3.072712,3.141064,3.141431,3.141132
0.606000,3.135920,-3.131365,-3.072725,3.141064,3.141431,3.141132
0.608000,3.136436,-3.131584,-3.072726,3.141064,3.141431,3.141132
0.610000,3.136897,-3.131837,-3.072714,3.141064,3.141431,3.141132
0.612000,3.137303,-3.132122,-3.072689,3.141064,3.141431,3.141132
0.614000,3.137653,-3.132438,-3.072649,3.141064,3.141431,3.141132
0.616000,3.137949,-3.132784,-3.072595,3.141064,3.141431,3.141132
0.618000,3.138190,-3.133159,-3.072527,3.141064,3.141431,3.141132
0.620000,3.138376,-3.133561,-3.072443,3.141064,3.141431,3.141132
0.622000,3.138513,-3.133988,-3.072344,3.141064,3.141431,3.141132
0.624000,3.138601,-3.134437,-3.072227,3.141064,3.141431,3.141132
0.626000,3.138641,-3.134908,-3.072093,3.141064,3.141431,3.141132
0.628000,3.138634,-3.135399,-3.071943,3.141064,3.141431,3.141132
0.630000,3.138582,-3.135909,-3.071774,3.141064,3.141431,3.141132
0.632000,3.138488,-3.136435,-3.071587,3.141064,3.141431,3.141132
0.634000,3.138356,-3.136976,-3.071382,3.141064,3.141431,3.141132
0.636000,3.138184,-3.137531,-3.071157,3.141064,3.141431,3.141132
0.638000,3.137977,-3.138097,-3.070912,3.141064,3.141431,3.141132
0.640000,3.137733,-3.138675,-3.070649,3.141064,3.141431,3.141132
0.642000,3.137456,-3.139261,-3.070366,3.141064,3.141431,3.141132
0.644000,3.137152,-3.139855,-3.070063,3.141064,3.141431,3.141132
0.646000,3.136826,-3.140453,-3.069740,3.141064,3.141431,3.141132
0.648000,3.136479,-3.141056,-3.069396,3.141064,3.141431,3.141132
0.650000,3.136111,3.141524,-3.069032,3.141064,3.141431,3.141132
0.652000,3.135726,3.140918,-3.068648,3.141064,3.141431,3.141132
0.654000,3.135328,3.140312,-3.068242,3.141064,3.141431,3.141132
0.656000,3.134916,3.139707,-3.067815,3.141064,3.141431,3.141132
0.656000,3.134494,3.139105,-3.067366,3.141064,3.141431,3.141132
0.660000,3.134066,3.138508,-3.066896,3.141064,3.141431,3.141132
0.662000,3.133632,3.137916,-3.066404,3.141064,3.141431,3.141132
0.664000,3.133196,3.137330,-3.065890,3.141064,3.141431,3.141132
0.666000,3.132759,3.136753,-3.065353,3.141064,3.141431,3.141132
0.668000,3.132321,3.136184,-3.064794,3.141064,3.141431,3.141132
0.670000,3.131884,3.135626,-3.064211,3.141064,3.141431,3.141132
0.672000,3.131449,3.135078,-3.063606,3.141064,3.141431,3.141132
0.674000,3.131019,3.134542,-3.062977,3.141064,3.141431,3.141132
0.676000,3.130594,3.134020,-3.062325,3.141064,3.141431,3.141132
0.678000,3.130177,3.133512,-3.061648,3.141064,3.141431,3.141132
0.680000,3.129768,3.133019,-3.060949,3.141064,3.141431,3.141132
0.682000,3.129367,3.132543,-3.060224,3.141064,3.141431,3.141132
0.684000,3.128974,3.132084,-3.059475,3.141064,3.141431,3.141132
0.686000,3.128593,3.131644,-3.058703,3.141064,3.141431,3.141132
0.686000,3.128226,3.131223,-3.057906,3.141064,3.141431,3.141132
0.690000,3.127873,3.130824,-3.057086,3.141064,3.141431,3.141132
0.692000,3.127533,3.130446,-3.056242,3.141064,3.141431,3.141132
0.694000,3.127208,3.130091,-3.055373,3.141064,3.141431,3.141132
0.696000,3.126895,3.129759,-3.054480,3.141064,3.141431,3.141132
0.698000,3.126594,3.129449,-3.053561,3.141064,3.141431,3.141132
0.700000,3.126306,3.129163,-3.052618,3.141064,3.141431,3.141132
0.702000,3.126029,3.128899,-3.051650,3.141064,3.141431,3.141132
0.704000,3.125763,3.128660,-3.050657,3.141064,3.141431,3.141132
0.706000,3.125510,3.128447,-3.049638,3.141064,3.141431,3.141132
0.708000,3.125272,3.128260,-3.048596,3.141064,3.141431,3.141132
0.710000,3.125056,3.128102,-3.047533,3.141064,3.141431,3.141132
0.712000,3.124863,3.127976,-3.046450,3.141064,3.141431,3.141132
0.714000,3.124692,3.127882,-3.045348,3.141064,3.141431,3.141132
0.716000,3.124545,3.127821,-3.044227,3.141064,3.141431,3.141132
0.718000,3.124419,3.127795,-3.043088,3.141064,3.141431,3.141132
0.720000,3.124308,3.127798,-3.041930,3.141064,3.141431,3.141132
0.722000,3.124152,3.127848,-3.040750,3.141064,3.141431,3.141132
0.724000,3.123944,3.127946,-3.039547,3.141064,3.141431,3.141132
0.726000,3.123689,3.128091,-3.038323,3.141064,3.141431,3.141132
0.728000,3.123402,3.128281,-3.037081,3.141064,3.141431,3.141132
0.730000,3.123102,3.128516,-3.035825,3.141064,3.141431,3.141132
0.732000,3.122830,3.128798,-3.034566,3.141064,3.141431,3.141132
0.734000,3.122603,3.129127,-3.033308,3.141064,3.141431,3.141132
0.736000,3.122428,3.129504,-3.032054,3.141064,3.141431,3.141132
0.740000,3.122304,3.129927,-3.030804,3.141064,3.141431,3.141132
0.740000,3.122233,3.130395,-3.029562,3.141064,3.141431,3.141132
0.742000,3.122217,3.130906,-3.028329,3.141064,3.141431,3.141132
0.744000,3.122250,3.131452,-3.027109,3.141064,3.141431,3.141132
0.746000,3.122327,3.132031,-3.025902,3.141064,3.141431,3.141132
0.748000,3.122448,3.132641,-3.024707,3.141064,3.141431,3.141132
0.750000,3.122602,3.133272,-3.023527,3.141064,3.141431,3.141132
0.752000,3.122786,3.133921,-3.022361,3.141064,3.141431,3.141132
0.754000,3.123000,3.134588,-3.021211,3.141064,3.141431,3.141132
0.756000,3.123237,3.135326,-3.020212,3.141064,3.141431,3.141132
0.758000,3.123503,3.136120,-3.019351,3.141064,3.141431,3.141132
0.760000,3.123801,3.136958,-3.018609,3.141064,3.141431,3.141132
0.762000,3.124227,3.137831,-3.017982,3.141064,3.141431,3.141132
0.764000,3.124770,3.138722,-3.017451,3.141064,3.141431,3.141132
0.766000,3.125431,3.139625,-3.017001,3.141064,3.141431,3.141132
0.768000,3.126162,3.140518,-3.016621,3.141064,3.141431,3.141132
0.770000,3.126938,3.141389,-3.016300,3.141064,3.141431,3.141132
0.772000,3.127764,-3.140949,-3.016030,3.141064,3.141431,3.141132
0.774000,3.128623,-3.140132,-3.015806,3.141064,3.141431,3.141132
0.776000,3.128623,-3.140132,-3.015806,3.141064,3.141431,3.141132
0.778000,3.130343,-3.138622,-3.015476,3.141064,3.141431,3.141132
0.780000,3.131267,-3.137921,-3.015348,3.141064,3.141431,3.141132
0.782000,3.131267,-3.137921,-3.015348,3.141064,3.141431,3.141132
0.784000,3.133240,-3.136595,-3.015135,3.141064,3.141431,3.141132
0.786000,3.134270,-3.135944,-3.015042,3.141064,3.141431,3.141132
0.788000,3.135297,-3.135289,-3.014956,3.141064,3.141431,3.141132
0.790000,3.136307,-3.134621,-3.014874,3.141064,3.141431,3.141132
0.792000,3.137300,-3.133942,-3.014796,3.141064,3.141431,3.141132
0.794000,3.138263,-3.133249,-3.014721,3.141064,3.141431,3.141132
0.796000,3.139185,-3.132540,-3.014647,3.141064,3.141431,3.141132
0.798000,3.140050,-3.131814,-3.014572,3.141064,3.141431,3.141132
0.800000,3.140848,-3.131075,-3.014498,3.141064,3.141431,3.141132
0.802000,3.141578,-3.130330,-3.014422,3.141064,3.141431,3.141132
0.804000,0.000646,-0.012013,0.127246,3.141064,3.141431,3.141132
0.806000,0.001237,-0.012754,0.127321,3.141064,3.141431,3.141132
0.808000,0.001757,-0.013474,0.127396,3.141064,3.141431,3.141132
0.810000,0.002209,-0.014166,0.127472,3.141064,3.141431,3.141132
0.812000,0.002597,-0.014824,0.127549,3.141064,3.141431,3.141132
0.814000,0.002921,-0.015446,0.127625,3.141064,3.141431,3.141132
0.816000,0.003192,-0.016025,0.127702,3.141064,3.141431,3.141132
0.818000,0.003415,-0.016555,0.127781,3.141064,3.141431,3.141132
0.820000,0.003599,-0.017036,0.127861,3.141064,3.141431,3.141132
0.822000,0.003741,-0.017466,0.127942,3.141064,3.141431,3.141132
0.824000,0.003848,-0.017844,0.128026,3.141064,3.141431,3.141132
0.826000,0.003933,-0.018171,0.128113,3.141064,3.141431,3.141132
0.828000,0.004004,-0.018447,0.128204,3.141064,3.141431,3.141132
0.830000,0.004059,-0.018673,0.128298,3.141064,3.141431,3.141132
0.832000,0.004107,-0.018849,0.128398,3.141064,3.141431,3.141132
0.834000,0.004155,-0.018978,0.128504,3.141064,3.141431,3.141132
0.836000,0.004200,-0.019061,0.128615,3.141064,3.141431,3.141132
0.836000,0.004246,-0.019099,0.128732,3.141064,3.141431,3.141132
0.840000,0.004300,-0.019094,0.128857,3.141064,3.141431,3.141132
0.842000,0.004364,-0.019049,0.128990,3.141064,3.141431,3.141132
0.844000,0.004440,-0.018966,0.129131,3.141064,3.141431,3.141132
0.846000,0.004527,-0.018844,0.129281,3.141064,3.141431,3.141132
0.848000,0.004627,-0.018686,0.129441,3.141064,3.141431,3.141132
0.850000,0.004739,-0.018493,0.129610,3.141064,3.141431,3.141132
0.852000,0.004864,-0.018266,0.129789,3.141064,3.141431,3.141132
0.854000,0.005001,-0.018004,0.129979,3.141064,3.141431,3.141132
0.856000,0.005150,-0.017710,0.130179,3.141064,3.141431,3.141132
0.858000,0.005313,-0.017385,0.130390,3.141064,3.141431,3.141132
0.860000,0.005489,-0.017032,0.130614,3.141064,3.141431,3.141132
0.862000,0.005679,-0.016653,0.130850,3.141064,3.141431,3.141132
0.864000,0.005883,-0.016249,0.131100,3.141064,3.141431,3.141132
0.866000,0.006098,-0.015820,0.131364,3.141064,3.141431,3.141132
0.868000,0.006325,-0.015366,0.131640,3.141064,3.141431,3.141132
0.870000,0.006564,-0.014890,0.131930,3.141064,3.141431,3.141132
0.872000,0.006813,-0.014393,0.132236,3.141064,3.141431,3.141132
0.874000,0.007072,-0.013879,0.132557,3.141064,3.141431,3.141132
0.876000,0.007341,-0.013348,0.132894,3.141064,3.141431,3.141132
0.878000,0.007620,-0.012801,0.133247,3.141064,3.141431,3.141132
0.880000,0.007907,-0.012237,0.133617,3.141064,3.141431,3.141132
0.882000,0.008201,-0.011660,0.134004,3.141064,3.141431,3.141132
0.884000,0.008503,-0.011071,0.134410,3.141064,3.141431,3.141132
0.886000,0.008811,-0.010470,0.134833,3.141064,3.141431,3.141132
0.888000,0.009124,-0.009858,0.135274,3.141064,3.141431,3.141132
0.890000,0.009443,-0.009234,0.135734,3.141064,3.141431,3.141132
0.892000,0.009767,-0.008602,0.136214,3.141064,3.141431,3.141132
0.894000,0.010093,-0.007965,0.136713,3.141064,3.141431,3.141132
0.896000,0.010423,-0.007322,0.137233,3.141064,3.141431,3.141132
0.898000,0.010755,-0.006677,0.137774,3.141064,3.141431,3.141132
0.900000,0.011089,-0.006029,0.138335,3.141064,3.141431,3.141132
0.902000,0.011424,-0.005381,0.138919,3.141064,3.141431,3.141132
0.904000,0.011759,-0.004731,0.139524,3.141064,3.141431,3.141132
0.906000,0.012094,-0.004080,0.140152,3.141064,3.141431,3.141132
0.908000,0.012428,-0.003431,0.140802,3.141064,3.141431,3.141132
0.910000,0.012760,-0.002783,0.141475,3.141064,3.141431,3.141132
0.912000,0.013090,-0.002139,0.142172,3.141064,3.141431,3.141132
0.914000,0.013417,-0.001501,0.142893,3.141064,3.141431,3.141132
0.916000,0.013740,-0.000870,0.143638,3.141064,3.141431,3.141132
0.918000,0.014059,-0.000248,0.144408,3.141064,3.141431,3.141132
0.920000,0.014372,0.000366,0.145202,3.141064,3.141431,3.141132
0.922000,0.014679,0.000970,0.146022,3.141064,3.141431,3.141132
0.924000,0.014979,0.001563,0.146866,3.141064,3.141431,3.141132
0.926000,0.015272,0.002144,0.147735,3.141064,3.141431,3.141132
0.928000,0.015556,0.002711,0.148629,3.141064,3.141431,3.141132
0.930000,0.015829,0.003262,0.149548,3.141064,3.141431,3.141132
0.932000,0.016093,0.003798,0.150493,3.141064,3.141431,3.141132
0.934000,0.016347,0.004318,0.151464,3.141064,3.141431,3.141132
0.936000,0.016588,0.004820,0.152459,3.141064,3.141431,3.141132
0.938000,0.016818,0.005305,0.153480,3.141064,3.141431,3.141132
0.940000,0.017036,0.005771,0.154526,3.141064,3.141431,3.141132
0.942000,0.017240,0.006217,0.155598,3.141064,3.141431,3.141132
0.944000,0.017431,0.006642,0.156694,3.141064,3.141431,3.141132
0.946000,0.017609,0.007043,0.157815,3.141064,3.141431,3.141132
0.948000,0.017772,0.007418,0.158960,3.141064,3.141431,3.141132
0.950000,0.017919,0.007766,0.160128,3.141064,3.141431,3.141132
0.952000,0.018051,0.008086,0.161321,3.141064,3.141431,3.141132
0.954000,0.018166,0.008378,0.162536,3.141064,3.141431,3.141132
0.956000,0.018264,0.008644,0.163773,3.141064,3.141431,3.141132
0.958000,0.018345,0.008882,0.165033,3.141064,3.141431,3.141132
0.960000,0.018390,0.009118,0.166302,3.141064,3.141431,3.141132
0.962000,0.018395,0.009356,0.167577,3.141064,3.141431,3.141132
0.964000,0.018362,0.009586,0.168859,3.141064,3.141431,3.141132
0.966000,0.018293,0.009798,0.170146,3.141064,3.141431,3.141132
0.968000,0.018194,0.009979,0.171440,3.141064,3.141431,3.141132
0.970000,0.018062,0.010128,0.172741,3.141064,3.141431,3.141132
0.972000,0.017903,0.010223,0.174047,3.141064,3.141431,3.141132
0.974000,0.017718,0.010251,0.175361,3.141064,3.141431,3.141132
0.976000,0.017506,0.010206,0.176680,3.141064,3.141431,3.141132
0.978000,0.017268,0.010089,0.178006,3.141064,3.141431,3.141132
0.980000,0.017002,0.009893,0.179338,3.141064,3.141431,3.141132
0.982000,0.016705,0.009615,0.180675,3.141064,3.141431,3.141132
0.984000,0.016375,0.009253,0.182016,3.141064,3.141431,3.141132
0.986000,0.016014,0.008810,0.183362,3.141064,3.141431,3.141132
0.988000,0.015619,0.008284,0.184712,3.141064,3.141431,3.141132
0.990000,0.015190,0.007682,0.186065,3.141064,3.141431,3.141132
0.992000,0.014726,0.007011,0.187419,3.141064,3.141431,3.141132
0.994000,0.014227,0.006273,0.188775,3.141064,3.141431,3.141132
0.996000,0.013696,0.005473,0.190132,3.141064,3.141431,3.141132
0.998000,0.013134,0.004618,0.191488,3.141064,3.141431,3.141132
1.000000,0.012224,0.003836,0.192740,3.141064,3.141431,3.141132
1.002000,0.010997,0.003117,0.193895,3.141064,3.141431,3.141132
1.004000,0.009509,0.002452,0.194968,3.141064,3.141431,3.141132
1.006000,0.007848,0.001789,0.195961,3.141064,3.141431,3.141132
1.008000,0.006047,0.001124,0.196888,3.141064,3.141431,3.141132
1.010000,0.004152,0.000442,0.197754,3.141064,3.141431,3.141132
1.012000,0.002249,-0.000264,0.198566,3.141064,3.141431,3.141132
1.014000,0.000391,-0.000994,0.199333,3.141064,3.141431,3.141132
1.016000,3.140183,-3.139845,-2.941532,3.141064,3.141431,3.141132
1.018000,3.138501,-3.139072,-2.940844,3.141064,3.141431,3.141132
1.020000,3.136967,-3.138284,-2.940196,3.141064,3.141431,3.141132
1.022000,3.135588,-3.137478,-2.939583,3.141064,3.141431,3.141132
1.024000,3.134379,-3.136662,-2.939004,3.141064,3.141431,3.141132
1.026000,3.133348,-3.135842,-2.938458,3.141064,3.141431,3.141132
1.028000,3.132499,-3.135032,-2.937943,3.141064,3.141431,3.141132
1.030000,3.131827,-3.134238,-2.937458,3.141064,3.141431,3.141132
1.032000,3.131333,-3.133460,-2.936999,3.141064,3.141431,3.141132
1.034000,3.130997,-3.132707,-2.936566,3.141064,3.141431,3.141132
1.036000,3.130806,-3.131986,-2.936155,3.141064,3.141431,3.141132
1.038000,3.130748,-3.131300,-2.935766,3.141064,3.141431,3.141132
1.040000,3.130815,-3.130650,-2.935397,3.141064,3.141431,3.141132
1.042000,3.131007,-3.130037,-2.935047,3.141064,3.141431,3.141132
1.044000,3.131311,-3.129464,-2.934714,3.141064,3.141431,3.141132
1.046000,3.131704,-3.128935,-2.934397,3.141064,3.141431,3.141132
1.048000,3.132180,-3.128450,-2.934095,3.141064,3.141431,3.141132
1.050000,3.132737,-3.128009,-2.933807,3.141064,3.141431,3.141132
1.052000,3.133366,-3.127613,-2.933533,3.141064,3.141431,3.141132
1.054000,3.134056,-3.127262,-2.933270,3.141064,3.141431,3.141132
1.056000,3.134792,-3.126956,-2.933019,3.141064,3.141431,3.141132
1.058000,3.135561,-3.126693,-2.932777,3.141064,3.141431,3.141132
1.060000,3.136364,-3.126473,-2.932545,3.141064,3.141431,3.141132
1.062000,3.137194,-3.126295,-2.932323,3.141064,3.141431,3.141132
1.064000,3.138041,-3.126157,-2.932108,3.141064,3.141431,3.141132
1.066000,3.138897,-3.126058,-2.931901,3.141064,3.141431,3.141132
1.068000,3.139747,-3.125994,-2.931700,3.141064,3.141431,3.141132
1.070000,3.140591,-3.125963,-2.931505,3.141064,3.141431,3.141132
1.072000,3.141422,-3.125965,-2.931315,3.141064,3.141431,3.141132
1.074000,0.000642,-0.015595,0.210463,3.141064,3.141431,3.141132
1.076000,0.001426,-0.015538,0.210645,3.141064,3.141431,3.141132
1.078000,0.002179,-0.015458,0.210825,3.141064,3.141431,3.141132
1.080000,0.002899,-0.015355,0.211002,3.141064,3.141431,3.141132
1.082000,0.003583,-0.015231,0.211177,3.141064,3.141431,3.141132
1.084000,0.004226,-0.015091,0.211353,3.141064,3.141431,3.141132
1.086000,0.004827,-0.014936,0.211528,3.141064,3.141431,3.141132
1.088000,0.005384,-0.014767,0.211704,3.141064,3.141431,3.141132
1.090000,0.005896,-0.014585,0.211881,3.141064,3.141431,3.141132
1.092000,0.006363,-0.014392,0.212060,3.141064,3.141431,3.141132
1.094000,0.006785,-0.014189,0.212241,3.141064,3.141431,3.141132
1.096000,0.007162,-0.013978,0.212425,3.141064,3.141431,3.141132
1.098000,0.007495,-0.013761,0.212614,3.141064,3.141431,3.141132
1.100000,0.007783,-0.013537,0.212806,3.141064,3.141431,3.141132
1.102000,0.008028,-0.013306,0.213002,3.141064,3.141431,3.141132
1.104000,0.008231,-0.013071,0.213203,3.141064,3.141431,3.141132
1.106000,0.008396,-0.012831,0.213410,3.141064,3.141431,3.141132
1.108000,0.008521,-0.012588,0.213623,3.141064,3.141431,3.141132
1.110000,0.008609,-0.012340,0.213842,3.141064,3.141431,3.141132
1.112000,0.008663,-0.012090,0.214068,3.141064,3.141431,3.141132
1.114000,0.008687,-0.011838,0.214301,3.141064,3.141431,3.141132
1.116000,0.008681,-0.011582,0.214543,3.141064,3.141431,3.141132
1.118000,0.008644,-0.011324,0.214792,3.141064,3.141431,3.141132
1.120000,0.008577,-0.011065,0.215050,3.141064,3.141431,3.141132
1.122000,0.008485,-0.010803,0.215316,3.141064,3.141431,3.141132
1.124000,0.008369,-0.010539,0.215592,3.141064,3.141431,3.141132
1.126000,0.008230,-0.010273,0.215878,3.141064,3.141431,3.141132
1.128000,0.008070,-0.010004,0.216173,3.141064,3.141431,3.141132
1.130000,0.007890,-0.009733,0.216477,3.141064,3.141431,3.141132
1.132000,0.007695,-0.009458,0.216793,3.141064,3.141431,3.141132
1.134000,0.007486,-0.009178,0.217120,3.141064,3.141431,3.141132
1.136000,0.007265,-0.008895,0.217458,3.141064,3.141431,3.141132
1.138000,0.007032,-0.008607,0.217808,3.141064,3.141431,3.141132
1.140000,0.006788,-0.008315,0.218169,3.141064,3.141431,3.141132
1.142000,0.006535,-0.008019,0.218542,3.141064,3.141431,3.141132
1.144000,0.006277,-0.007718,0.218928,3.141064,3.141431,3.141132
1.146000,0.006010,-0.007413,0.219326,3.141064,3.141431,3.141132
1.148000,0.005738,-0.007103,0.219738,3.141064,3.141431,3.141132
1.150000,0.005459,-0.006789,0.220163,3.141064,3.141431,3.141132
1.152000,0.005177,-0.006472,0.220602,3.141064,3.141431,3.141132
1.154000,0.004890,-0.006150,0.221055,3.141064,3.141431,3.141132
1.156000,0.004600,-0.005826,0.221522,3.141064,3.141431,3.141132
1.158000,0.004307,-0.005500,0.222002,3.141064,3.141431,3.141132
1.160000,0.004013,-0.005172,0.222497,3.141064,3.141431,3.141132
1.162000,0.003721,-0.004844,0.223007,3.141064,3.141431,3.141132
1.164000,0.003429,-0.004516,0.223531,3.141064,3.141431,3.141132
1.166000,0.003137,-0.004188,0.224069,3.141064,3.141431,3.141132
1.168000,0.002845,-0.003860,0.224624,3.141064,3.141431,3.141132
1.170000,0.002554,-0.003534,0.225193,3.141064,3.141431,3.141132
1.172000,0.002264,-0.003211,0.225778,3.141064,3.141431,3.141132
1.174000,0.001976,-0.002891,0.226379,3.141064,3.141431,3.141132
1.176000,0.001691,-0.002577,0.226995,3.141064,3.141431,3.141132
1.178000,0.001409,-0.002269,0.227627,3.141064,3.141431,3.141132
1.180000,0.001130,-0.001967,0.228274,3.141064,3.141431,3.141132
1.182000,0.000855,-0.001673,0.228937,3.141064,3.141431,3.141132
1.184000,0.000582,-0.001388,0.229616,3.141064,3.141431,3.141132
1.186000,0.000312,-0.001111,0.230312,3.141064,3.141431,3.141132
1.188000,0.000045,-0.000844,0.231025,3.141064,3.141431,3.141132
1.190000,3.141373,-3.141008,-2.909838,3.141064,3.141431,3.141132
1.192000,3.141111,-3.141258,-2.909089,3.141064,3.141431,3.141132
1.194000,3.140853,-3.141499,-2.908323,3.141064,3.141431,3.141132
1.196000,3.140598,3.141454,-2.907539,3.141064,3.141431,3.141132
1.198000,3.140349,3.141233,-2.906737,3.141064,3.141431,3.141132
1.200000,3.140108,3.141024,-2.905917,3.141064,3.141431,3.141132
1.202000,3.139874,3.140826,-2.905080,3.141064,3.141431,3.141132
1.204000,3.139647,3.140641,-2.904225,3.141064,3.141431,3.141132
1.206000,3.139374,3.140497,-2.903345,3.141064,3.141431,3.141132
1.208000,3.139047,3.140397,-2.902440,3.141064,3.141431,3.141132
1.210000,3.138672,3.140345,-2.901510,3.141064,3.141431,3.141132
1.212000,3.138254,3.140339,-2.900556,3.141064,3.141431,3.141132
1.214000,3.137811,3.140376,-2.899581,3.141064,3.141431,3.141132
1.216000,3.137390,3.140453,-2.898594,3.141064,3.141431,3.141132
1.218000,3.136991,3.140571,-2.897594,3.141064,3.141431,3.141132
1.220000,3.136646,3.140727,-2.896591,3.141064,3.141431,3.141132
1.222000,3.136368,3.140922,-2.895588,3.141064,3.141431,3.141132
1.224000,3.136158,3.141153,-2.894586,3.141064,3.141431,3.141132
1.226000,3.136015,3.141421,-2.893585,3.141064,3.141431,3.141132
1.228000,3.135936,-3.141463,-2.892586,3.141064,3.141431,3.141132
1.230000,3.135918,-3.141128,-2.891590,3.141064,3.141431,3.141132
1.232000,3.135958,-3.140764,-2.890598,3.141064,3.141431,3.141132
1.234000,3.136045,-3.140376,-2.889611,3.141064,3.141431,3.141132
1.236000,3.136180,-3.139963,-2.888628,3.141064,3.141431,3.141132
1.238000,3.136356,-3.139529,-2.887650,3.141064,3.141431,3.141132
1.240000,3.136568,-3.139075,-2.886677,3.141064,3.141431,3.141132
1.242000,3.136810,-3.138607,-2.885710,3.141064,3.141431,3.141132
1.244000,3.137080,-3.138125,-2.884749,3.141064,3.141431,3.141132
1.246000,3.137378,-3.137628,-2.883796,3.141064,3.141431,3.141132
1.248000,3.137700,-3.137119,-2.882849,3.141064,3.141431,3.141132
1.250000,3.138040,-3.136561,-2.881969,3.141064,3.141431,3.141132
1.252000,3.138398,-3.135962,-2.881149,3.141064,3.141431,3.141132
1.254000,3.138698,-3.135369,-2.880382,3.141064,3.141431,3.141132
1.256000,3.138940,-3.134783,-2.879663,3.141064,3.141431,3.141132
1.258000,3.139145,-3.134302,-2.878983,3.141064,3.141431,3.141132
1.260000,3.139319,-3.133928,-2.878338,3.141064,3.141431,3.141132
1.262000,3.139474,-3.133653,-2.877724,3.141064,3.141431,3.141132
1.264000,3.139612,-3.133480,-2.877136,3.141064,3.141431,3.141132
1.266000,3.139746,-3.133396,-2.876570,3.141064,3.141431,3.141132
1.268000,3.139911,-3.133390,-2.876017,3.141064,3.141431,3.141132
1.270000,3.140110,-3.133443,-2.875474,3.141064,3.141431,3.141132
1.272000,3.140346,-3.133539,-2.874940,3.141064,3.141431,3.141132
1.274000,3.140618,-3.133657,-2.874415,3.141064,3.141431,3.141132
1.276000,3.140921,-3.133780,-2.873897,3.141064,3.141431,3.141132
1.278000,3.141252,-3.133890,-2.873388,3.141064,3.141431,3.141132
1.280000,0.000011,-0.007618,0.268705,3.141064,3.141431,3.141132
1.282000,0.000370,-0.007571,0.269197,3.141064,3.141431,3.141132
1.284000,0.000735,-0.007561,0.269679,3.141064,3.141431,3.141132
1.286000,0.001099,-0.007587,0.270152,3.141064,3.141431,3.141132
1.288000,0.001454,-0.007643,0.270614,3.141064,3.141431,3.141132
1.290000,0.001787,-0.007717,0.271066,3.141064,3.141431,3.141132
1.292000,0.002093,-0.007804,0.271506,3.141064,3.141431,3.141132
1.294000,0.002371,-0.007900,0.271935,3.141064,3.141431,3.141132
1.296000,0.002620,-0.008004,0.272353,3.141064,3.141431,3.141132
1.298000,0.002840,-0.008112,0.272759,3.141064,3.141431,3.141132
1.300000,0.003033,-0.008223,0.273155,3.141064,3.141431,3.141132
1.302000,0.003201,-0.008336,0.273538,3.141064,3.141431,3.141132
1.304000,0.003345,-0.008453,0.273911,3.141064,3.141431,3.141132
1.306000,0.003468,-0.008572,0.274272,3.141064,3.141431,3.141132
1.308000,0.003572,-0.008695,0.274623,3.141064,3.141431,3.141132
1.310000,0.003662,-0.008821,0.274963,3.141064,3.141431,3.141132
1.312000,0.003738,-0.008952,0.275292,3.141064,3.141431,3.141132
1.314000,0.003804,-0.009085,0.275611,3.141064,3.141431,3.141132
1.316000,0.003859,-0.009222,0.275921,3.141064,3.141431,3.141132
1.318000,0.003907,-0.009360,0.276221,3.141064,3.141431,3.141132
1.320000,0.003949,-0.009499,0.276512,3.141064,3.141431,3.141132
1.322000,0.003985,-0.009638,0.276794,3.141064,3.141431,3.141132
1.324000,0.004016,-0.009778,0.277068,3.141064,3.141431,3.141132
1.326000,0.004044,-0.009918,0.277333,3.141064,3.141431,3.141132
1.328000,0.004071,-0.010054,0.277591,3.141064,3.141431,3.141132
1.330000,0.004097,-0.010186,0.277843,3.141064,3.141431,3.141132
1.332000,0.004124,-0.010311,0.278088,3.141064,3.141431,3.141132
1.334000,0.004151,-0.010431,0.278327,3.141064,3.141431,3.141132
1.336000,0.004179,-0.010543,0.278561,3.141064,3.141431,3.141132
1.338000,0.004209,-0.010647,0.278790,3.141064,3.141431,3.141132
1.340000,0.004242,-0.010740,0.279015,3.141064,3.141431,3.141132
1.342000,0.004280,-0.010822,0.279237,3.141064,3.141431,3.141132
1.344000,0.004321,-0.010892,0.279457,3.141064,3.141431,3.141132
1.346000,0.004366,-0.010950,0.279673,3.141064,3.141431,3.141132
1.348000,0.004415,-0.010995,0.279888,3.141064,3.141431,3.141132
1.350000,0.004469,-0.011026,0.280102,3.141064,3.141431,3.141132
1.352000,0.004529,-0.011043,0.280316,3.141064,3.141431,3.141132
1.354000,0.004594,-0.011044,0.280531,3.141064,3.141431,3.141132
1.356000,0.004664,-0.011028,0.280747,3.141064,3.141431,3.141132
1.358000,0.004740,-0.010995,0.280965,3.141064,3.141431,3.141132
1.360000,0.004821,-0.010945,0.281185,3.141064,3.141431,3.141132
1.362000,0.004909,-0.010878,0.281409,3.141064,3.141431,3.141132
1.364000,0.005003,-0.010791,0.281638,3.141064,3.141431,3.141132
1.366000,0.005104,-0.010684,0.281872,3.141064,3.141431,3.141132
1.368000,0.005211,-0.010557,0.282111,3.141064,3.141431,3.141132
1.370000,0.005324,-0.010411,0.282356,3.141064,3.141431,3.141132
1.370000,0.005444,-0.010247,0.282608,3.141064,3.141431,3.141132
1.374000,0.005570,-0.010065,0.282868,3.141064,3.141431,3.141132
1.376000,0.005703,-0.009864,0.283137,3.141064,3.141431,3.141132
1.378000,0.005843,-0.009644,0.283415,3.141064,3.141431,3.141132
1.380000,0.005989,-0.009404,0.283702,3.141064,3.141431,3.141132
1.380000,0.006141,-0.009145,0.284000,3.141064,3.141431,3.141132
1.384000,0.006300,-0.008869,0.284309,3.141064,3.141431,3.141132
1.386000,0.006465,-0.008576,0.284630,3.141064,3.141431,3.141132
1.386000,0.006637,-0.008266,0.284964,3.141064,3.141431,3.141132
1.390000,0.006814,-0.007942,0.285311,3.141064,3.141431,3.141132
1.392000,0.006997,-0.007604,0.285672,3.141064,3.141431,3.141132
1.394000,0.007185,-0.007251,0.286047,3.141064,3.141431,3.141132
1.396000,0.007378,-0.006885,0.286437,3.141064,3.141431,3.141132
1.398000,0.007576,-0.006505,0.286843,3.141064,3.141431,3.141132
1.400000,0.007779,-0.006113,0.287266,3.141064,3.141431,3.141132
1.402000,0.007986,-0.005708,0.287705,3.141064,3.141431,3.141132
1.404000,0.008196,-0.005291,0.288160,3.141064,3.141431,3.141132
1.406000,0.008411,-0.004864,0.288632,3.141064,3.141431,3.141132
1.408000,0.008629,-0.004427,0.289122,3.141064,3.141431,3.141132
1.410000,0.008850,-0.003982,0.289631,3.141064,3.141431,3.141132
1.412000,0.009074,-0.003529,0.290157,3.141064,3.141431,3.141132
1.414000,0.009300,-0.003069,0.290703,3.141064,3.141431,3.141132
1.416000,0.009528,-0.002602,0.291268,3.141064,3.141431,3.141132
1.418000,0.009759,-0.002129,0.291852,3.141064,3.141431,3.141132
1.420000,0.009991,-0.001652,0.292455,3.141064,3.141431,3.141132
1.422000,0.010224,-0.001177,0.293078,3.141064,3.141431,3.141132
1.424000,0.010457,-0.000706,0.293721,3.141064,3.141431,3.141132
1.426000,0.010691,-0.000238,0.294383,3.141064,3.141431,3.141132
1.428000,0.010923,0.000221,0.295065,3.141064,3.141431,3.141132
1.430000,0.011153,0.000674,0.295767,3.141064,3.141431,3.141132
1.432000,0.011380,0.001122,0.296488,3.141064,3.141431,3.141132
1.434000,0.011604,0.001563,0.297229,3.141064,3.141431,3.141132
1.436000,0.011824,0.001999,0.297989,3.141064,3.141431,3.141132
1.438000,0.012039,0.002428,0.298768,3.141064,3.141431,3.141132
1.440000,0.012249,0.002851,0.299567,3.141064,3.141431,3.141132
1.442000,0.012456,0.003272,0.300384,3.141064,3.141431,3.141132
1.444000,0.012660,0.003692,0.301221,3.141064,3.141431,3.141132
1.446000,0.012860,0.004105,0.302075,3.141064,3.141431,3.141132
1.448000,0.013058,0.004505,0.302949,3.141064,3.141431,3.141132
1.450000,0.013253,0.004888,0.303840,3.141064,3.141431,3.141132
1.452000,0.013446,0.005255,0.304751,3.141064,3.141431,3.141132
1.454000,0.013635,0.005604,0.305679,3.141064,3.141431,3.141132
1.456000,0.013800,0.005952,0.306612,3.141064,3.141431,3.141132
1.458000,0.013935,0.006300,0.307546,3.141064,3.141431,3.141132
1.460000,0.014036,0.006647,0.308479,3.141064,3.141431,3.141132
1.462000,0.014107,0.006982,0.309411,3.141064,3.141431,3.141132
1.464000,0.014149,0.007304,0.310341,3.141064,3.141431,3.141132
1.466000,0.014167,0.007597,0.311271,3.141064,3.141431,3.141132
1.468000,0.014166,0.007852,0.312202,3.141064,3.141431,3.141132
1.470000,0.014150,0.008048,0.313134,3.141064,3.141431,3.141132
1.472000,0.014127,0.008154,0.314069,3.141064,3.141431,3.141132
1.474000,0.014098,0.008171,0.315007,3.141064,3.141431,3.141132
1.476000,0.014063,0.008087,0.315949,3.141064,3.141431,3.141132
1.478000,0.014021,0.007900,0.316895,3.141064,3.141431,3.141132
1.480000,0.013965,0.007608,0.317846,3.141064,3.141431,3.141132
1.482000,0.013893,0.007216,0.318802,3.141064,3.141431,3.141132
1.484000,0.013806,0.006723,0.319762,3.141064,3.141431,3.141132
1.486000,0.013700,0.006142,0.320727,3.141064,3.141431,3.141132
1.488000,0.013572,0.005479,0.321696,3.141064,3.141431,3.141132
1.490000,0.013422,0.004742,0.322669,3.141064,3.141431,3.141132
1.492000,0.013252,0.003932,0.323647,3.141064,3.141431,3.141132
1.494000,0.013062,0.003054,0.324629,3.141064,3.141431,3.141132
1.496000,0.012855,0.002111,0.325615,3.141064,3.141431,3.141132
1.498000,0.012636,0.001108,0.326603,3.141064,3.141431,3.141132
1.500000,0.012406,0.000050,0.327595,3.141064,3.141431,3.141132
1.502000,0.011971,-0.001012,0.328536,3.141064,3.141431,3.141132
1.504000,0.011351,-0.002075,0.329431,3.141064,3.141431,3.141132
1.506000,0.010571,-0.003139,0.330285,3.141064,3.141431,3.141132
1.508000,0.009641,-0.004043,0.331115,3.141064,3.141431,3.141132
1.510000,0.008589,-0.004793,0.331923,3.141064,3.141431,3.141132
1.512000,0.007427,-0.005389,0.332714,3.141064,3.141431,3.141132
1.514000,0.006188,-0.005848,0.333492,3.141064,3.141431,3.141132
1.516000,0.004905,-0.006188,0.334259,3.141064,3.141431,3.141132
1.518000,0.003635,-0.006446,0.335008,3.141064,3.141431,3.141132
1.520000,0.002403,-0.006638,0.335739,3.141064,3.141431,3.141132
1.522000,0.001211,-0.006764,0.336451,3.141064,3.141431,3.141132
1.524000,0.000072,-0.006839,0.337145,3.141064,3.141431,3.141132
1.526000,3.140578,-3.134721,-2.803773,3.141064,3.141431,3.141132
1.528000,3.139553,-3.134718,-2.803118,3.141064,3.141431,3.141132
1.530000,3.138586,-3.134728,-2.802485,3.141064,3.141431,3.141132
1.532000,3.137676,-3.134743,-2.801875,3.141064,3.141431,3.141132
1.534000,3.136822,-3.134763,-2.801286,3.141064,3.141431,3.141132
1.536000,3.136026,-3.134778,-2.800721,3.141064,3.141431,3.141132
1.536000,3.135284,-3.134785,-2.800180,3.141064,3.141431,3.141132
1.540000,3.134597,-3.134780,-2.799662,3.141064,3.141431,3.141132
1.542000,3.133967,-3.134764,-2.799168,3.141064,3.141431,3.141132
1.544000,3.133391,-3.134736,-2.798698,3.141064,3.141431,3.141132
1.546000,3.132873,-3.134694,-2.798251,3.141064,3.141431,3.141132
1.548000,3.132411,-3.134639,-2.797829,3.141064,3.141431,3.141132
1.550000,3.132007,-3.134571,-2.797432,3.141064,3.141431,3.141132
1.552000,3.131660,-3.134490,-2.797059,3.141064,3.141431,3.141132
1.554000,3.131371,-3.134396,-2.796709,3.141064,3.141431,3.141132
1.556000,3.131137,-3.134292,-2.796384,3.141064,3.141431,3.141132
1.558000,3.130958,-3.134181,-2.796082,3.141064,3.141431,3.141132
1.560000,3.130958,-3.134181,-2.796082,3.141064,3.141431,3.141132
1.562000,3.130756,-3.133941,-2.795547,3.141064,3.141431,3.141132
1.564000,3.130732,-3.133815,-2.795313,3.141064,3.141431,3.141132
1.566000,3.130758,-3.133682,-2.795100,3.141064,3.141431,3.141132
1.568000,3.130830,-3.133547,-2.794909,3.141064,3.141431,3.141132
1.570000,3.130943,-3.133416,-2.794739,3.141064,3.141431,3.141132
1.570000,3.130943,-3.133416,-2.794739,3.141064,3.141431,3.141132
1.574000,3.131278,-3.133168,-2.794456,3.141064,3.141431,3.141132
1.576000,3.131497,-3.133053,-2.794343,3.141064,3.141431,3.141132
1.578000,3.131750,-3.132945,-2.794249,3.141064,3.141431,3.141132
1.578000,3.131750,-3.132945,-2.794249,3.141064,3.141431,3.141132
1.582000,3.132326,-3.132759,-2.794109,3.141064,3.141431,3.141132
1.584000,3.132645,-3.132683,-2.794063,3.141064,3.141431,3.141132
1.586000,3.132984,-3.132618,-2.794033,3.141064,3.141431,3.141132
1.588000,3.133337,-3.132565,-2.794017,3.141064,3.141431,3.141132
1.590000,3.133697,-3.132527,-2.794013,3.141064,3.141431,3.141132
1.592000,3.134060,-3.132502,-2.794022,3.141064,3.141431,3.141132
1.594000,3.134424,-3.132493,-2.794042,3.141064,3.141431,3.141132
1.596000,3.134788,-3.132498,-2.794073,3.141064,3.141431,3.141132
1.598000,3.135148,-3.132517,-2.794113,3.141064,3.141431,3.141132
1.600000,3.135503,-3.132550,-2.794163,3.141064,3.141431,3.141132
1.602000,3.135849,-3.132596,-2.794221,3.141064,3.141431,3.141132
1.604000,3.136181,-3.132655,-2.794286,3.141064,3.141431,3.141132
1.606000,3.136502,-3.132727,-2.794359,3.141064,3.141431,3.141132
1.608000,3.136807,-3.132810,-2.794438,3.141064,3.141431,3.141132
1.610000,3.137093,-3.132904,-2.794522,3.141064,3.141431,3.141132
1.612000,3.137358,-3.133009,-2.794611,3.141064,3.141431,3.141132
1.614000,3.137601,-3.133124,-2.794703,3.141064,3.141431,3.141132
1.616000,3.137822,-3.133249,-2.794798,3.141064,3.141431,3.141132
1.618000,3.138018,-3.133383,-2.794896,3.141064,3.141431,3.141132
1.620000,3.138190,-3.133525,-2.794994,3.141064,3.141431,3.141132
1.622000,3.138338,-3.133674,-2.795094,3.141064,3.141431,3.141132
1.624000,3.138461,-3.133830,-2.795194,3.141064,3.141431,3.141132
1.626000,3.138557,-3.133992,-2.795295,3.141064,3.141431,3.141132
1.628000,3.138629,-3.134160,-2.795394,3.141064,3.141431,3.141132
1.630000,3.138629,-3.134160,-2.795394,3.141064,3.141431,3.141132
1.632000,3.138703,-3.134514,-2.795587,3.141064,3.141431,3.141132
1.634000,3.138713,-3.134701,-2.795680,3.141064,3.141431,3.141132
1.636000,3.138708,-3.134894,-2.795772,3.141064,3.141431,3.141132
1.638000,3.138679,-3.135092,-2.795861,3.141064,3.141431,3.141132
1.640000,3.138621,-3.135296,-2.795944,3.141064,3.141431,3.141132
1.642000,3.138534,-3.135505,-2.796021,3.141064,3.141431,3.141132
1.644000,3.138420,-3.135718,-2.796091,3.141064,3.141431,3.141132
1.646000,3.138280,-3.135938,-2.796153,3.141064,3.141431,3.141132
1.648000,3.138121,-3.136165,-2.796208,3.141064,3.141431,3.141132
1.650000,3.137949,-3.136402,-2.796255,3.141064,3.141431,3.141132
1.652000,3.137766,-3.136647,-2.796293,3.141064,3.141431,3.141132
1.654000,3.137572,-3.136902,-2.796322,3.141064,3.141431,3.141132
1.656000,3.137366,-3.137166,-2.796342,3.141064,3.141431,3.141132
1.658000,3.137147,-3.137438,-2.796352,3.141064,3.141431,3.141132
1.660000,3.136914,-3.137720,-2.796351,3.141064,3.141431,3.141132
1.662000,3.136666,-3.138013,-2.796337,3.141064,3.141431,3.141132
1.664000,3.136404,-3.138314,-2.796311,3.141064,3.141431,3.141132
1.666000,3.136125,-3.138627,-2.796271,3.141064,3.141431,3.141132
1.668000,3.135832,-3.138951,-2.796217,3.141064,3.141431,3.141132
1.670000,3.135526,-3.139285,-2.796147,3.141064,3.141431,3.141132
1.672000,3.135208,-3.139628,-2.796062,3.141064,3.141431,3.141132
1.674000,3.134879,-3.139982,-2.795961,3.141064,3.141431,3.141132
1.676000,3.134538,-3.140343,-2.795843,3.141064,3.141431,3.141132
1.678000,3.134186,-3.140714,-2.795709,3.141064,3.141431,3.141132
1.680000,3.133822,-3.141092,-2.795557,3.141064,3.141431,3.141132
1.682000,3.133447,-3.141480,-2.795385,3.141064,3.141431,3.141132
1.684000,3.133059,3.141310,-2.795193,3.141064,3.141431,3.141132
1.686000,3.132659,3.140906,-2.794980,3.141064,3.141431,3.141132
1.688000,3.132247,3.140495,-2.794744,3.141064,3.141431,3.141132
1.690000,3.131821,3.140077,-2.794486,3.141064,3.141431,3.141132
1.692000,3.131381,3.139649,-2.794202,3.141064,3.141431,3.141132
1.694000,3.130925,3.139213,-2.793890,3.141064,3.141431,3.141132
1.696000,3.130456,3.138769,-2.793550,3.141064,3.141431,3.141132
1.698000,3.129972,3.138318,-2.793182,3.141064,3.141431,3.141132
1.700000,3.129477,3.137862,-2.792784,3.141064,3.141431,3.141132
1.702000,3.128969,3.137402,-2.792356,3.141064,3.141431,3.141132
1.704000,3.128452,3.136937,-2.791896,3.141064,3.141431,3.141132
1.706000,3.127926,3.136469,-2.791404,3.141064,3.141431,3.141132
1.708000,3.127351,3.136037,-2.790868,3.141064,3.141431,3.141132
1.710000,3.126724,3.135647,-2.790287,3.141064,3.141431,3.141132
1.712000,3.126042,3.135304,-2.789657,3.141064,3.141431,3.141132
1.714000,3.125319,3.135008,-2.788982,3.141064,3.141431,3.141132
1.716000,3.124588,3.134759,-2.788268,3.141064,3.141431,3.141132
1.718000,3.123874,3.134558,-2.787522,3.141064,3.141431,3.141132
1.720000,3.123177,3.134403,-2.786745,3.141064,3.141431,3.141132
1.720000,3.123177,3.134403,-2.786745,3.141064,3.141431,3.141132
1.724000,3.121906,3.134232,-2.785122,3.141064,3.141431,3.141132
1.726000,3.121358,3.134214,-2.784286,3.141064,3.141431,3.141132
1.728000,3.120867,3.134242,-2.783432,3.141064,3.141431,3.141132
1.730000,3.120446,3.134313,-2.782568,3.141064,3.141431,3.141132
1.732000,3.120098,3.134423,-2.781694,3.141064,3.141431,3.141132
1.734000,3.119826,3.134572,-2.780814,3.141064,3.141431,3.141132
1.736000,3.119826,3.134572,-2.780814,3.141064,3.141431,3.141132
1.738000,3.119509,3.134967,-2.779038,3.141064,3.141431,3.141132
1.740000,3.119458,3.135213,-2.778143,3.141064,3.141431,3.141132
1.742000,3.119469,3.135485,-2.777243,3.141064,3.141431,3.141132
1.744000,3.119541,3.135786,-2.776338,3.141064,3.141431,3.141132
1.746000,3.119670,3.136113,-2.775428,3.141064,3.141431,3.141132
1.748000,3.119848,3.136466,-2.774514,3.141064,3.141431,3.141132
1.750000,3.120072,3.136843,-2.773597,3.141064,3.141431,3.141132
1.752000,3.120340,3.137245,-2.772677,3.141064,3.141431,3.141132
1.754000,3.120650,3.137672,-2.771753,3.141064,3.141431,3.141132
1.756000,3.121000,3.138121,-2.770827,3.141064,3.141431,3.141132
1.758000,3.121387,3.138590,-2.769898,3.141064,3.141431,3.141132
1.760000,3.121809,3.139074,-2.768968,3.141064,3.141431,3.141132
1.762000,3.122264,3.139570,-2.768038,3.141064,3.141431,3.141132
1.764000,3.122751,3.140078,-2.767107,3.141064,3.141431,3.141132
1.766000,3.123269,3.140596,-2.766175,3.141064,3.141431,3.141132
1.768000,3.123817,3.141121,-2.765245,3.141064,3.141431,3.141132
1.770000,3.124390,-3.141533,-2.764316,3.141064,3.141431,3.141132
1.772000,3.124984,-3.140998,-2.763390,3.141064,3.141431,3.141132
1.774000,3.125599,-3.140457,-2.762467,3.141064,3.141431,3.141132
1.776000,3.126232,-3.139913,-2.761547,3.141064,3.141431,3.141132
1.778000,3.126883,-3.139365,-2.760632,3.141064,3.141431,3.141132
1.780000,3.127547,-3.138817,-2.759722,3.141064,3.141431,3.141132
1.782000,3.128224,-3.138269,-2.758819,3.141064,3.141431,3.141132
1.784000,3.128912,-3.137723,-2.757923,3.141064,3.141431,3.141132
1.786000,3.129611,-3.137179,-2.757034,3.141064,3.141431,3.141132
1.788000,3.130318,-3.136637,-2.756153,3.141064,3.141431,3.141132
1.790000,3.131032,-3.136099,-2.755280,3.141064,3.141431,3.141132
1.792000,3.131754,-3.135528,-2.754483,3.141064,3.141431,3.141132
1.794000,3.132405,-3.135086,-2.753749,3.141064,3.141431,3.141132
1.796000,3.132989,-3.134777,-2.753068,3.141064,3.141431,3.141132
1.798000,3.133499,-3.134612,-2.752431,3.141064,3.141431,3.141132
1.800000,3.133945,-3.134573,-2.751833,3.141064,3.141431,3.141132
1.802000,3.134338,-3.134646,-2.751270,3.141064,3.141431,3.141132
1.804000,3.134682,-3.134836,-2.750735,3.141064,3.141431,3.141132
1.806000,3.134989,-3.135128,-2.750223,3.141064,3.141431,3.141132
1.808000,3.135279,-3.135508,-2.749728,3.141064,3.141431,3.141132
1.810000,3.135556,-3.135958,-2.749249,3.141064,3.141431,3.141132
1.812000,3.135821,-3.136457,-2.748785,3.141064,3.141431,3.141132
1.816000,3.136075,-3.136986,-2.748334,3.141064,3.141431,3.141132
1.816000,3.136318,-3.137510,-2.747896,3.141064,3.141431,3.141132
1.818000,3.136550,-3.138029,-2.747472,3.141064,3.141431,3.141132
1.820000,3.136771,-3.138531,-2.747060,3.141064,3.141431,3.141132
1.822000,3.136981,-3.139012,-2.746661,3.141064,3.141431,3.141132
1.824000,3.137178,-3.139466,-2.746276,3.141064,3.141431,3.141132
1.826000,3.137359,-3.139888,-2.745905,3.141064,3.141431,3.141132
1.828000,3.137525,-3.140277,-2.745549,3.141064,3.141431,3.141132
1.830000,3.137673,-3.140631,-2.745208,3.141064,3.141431,3.141132
1.832000,3.137802,-3.140952,-2.744882,3.141064,3.141431,3.141132
1.834000,3.137914,-3.141239,-2.744573,3.141064,3.141431,3.141132
1.836000,3.138010,-3.141494,-2.744279,3.141064,3.141431,3.141132
1.836000,3.138090,3.141469,-2.744001,3.141064,3.141431,3.141132
1.840000,3.138159,3.141281,-2.743739,3.141064,3.141431,3.141132
1.842000,3.138218,3.141126,-2.743493,3.141064,3.141431,3.141132
1.844000,3.138269,3.141004,-2.743263,3.141064,3.141431,3.141132
1.846000,3.138315,3.140917,-2.743049,3.141064,3.141431,3.141132
1.848000,3.138354,3.140865,-2.742850,3.141064,3.141431,3.141132
1.850000,3.138389,3.140846,-2.742666,3.141064,3.141431,3.141132
1.852000,3.138423,3.140859,-2.742497,3.141064,3.141431,3.141132
1.854000,3.138456,3.140903,-2.742342,3.141064,3.141431,3.141132
1.856000,3.138489,3.140977,-2.742201,3.141064,3.141431,3.141132
1.858000,3.138523,3.141080,-2.742074,3.141064,3.141431,3.141132
1.860000,3.138559,3.141207,-2.741960,3.141064,3.141431,3.141132
1.862000,3.138597,3.141359,-2.741858,3.141064,3.141431,3.141132
1.864000,3.138637,3.141533,-2.741768,3.141064,3.141431,3.141132
1.866000,3.138680,-3.141460,-2.741689,3.141064,3.141431,3.141132
1.868000,3.138725,-3.141253,-2.741620,3.141064,3.141431,3.141132
1.870000,3.138772,-3.141032,-2.741562,3.141064,3.141431,3.141132
1.872000,3.138822,-3.140799,-2.741513,3.141064,3.141431,3.141132
1.874000,3.138873,-3.140562,-2.741472,3.141064,3.141431,3.141132
1.876000,3.138925,-3.140323,-2.741438,3.141064,3.141431,3.141132
1.878000,3.138979,-3.140082,-2.741412,3.141064,3.141431,3.141132
1.880000,3.139033,-3.139844,-2.741392,3.141064,3.141431,3.141132
1.882000,3.139088,-3.139610,-2.741379,3.141064,3.141431,3.141132
1.884000,3.139143,-3.139385,-2.741369,3.141064,3.141431,3.141132
1.886000,3.139198,-3.139172,-2.741364,3.141064,3.141431,3.141132
1.888000,3.139254,-3.138972,-2.741362,3.141064,3.141431,3.141132
1.890000,3.139309,-3.138788,-2.741364,3.141064,3.141431,3.141132
1.892000,3.139364,-3.138624,-2.741367,3.141064,3.141431,3.141132
1.894000,3.139418,-3.138480,-2.741371,3.141064,3.141431,3.141132
1.896000,3.139472,-3.138359,-2.741375,3.141064,3.141431,3.141132
1.898000,3.139526,-3.138263,-2.741378,3.141064,3.141431,3.141132
1.900000,3.139580,-3.138192,-2.741379,3.141064,3.141431,3.141132
1.902000,3.139633,-3.138148,-2.741378,3.141064,3.141431,3.141132
1.904000,3.139685,-3.138133,-2.741372,3.141064,3.141431,3.141132
1.906000,3.139737,-3.138149,-2.741362,3.141064,3.141431,3.141132
1.908000,3.139789,-3.138194,-2.741346,3.141064,3.141431,3.141132
1.910000,3.139840,-3.138271,-2.741325,3.141064,3.141431,3.141132
1.912000,3.139891,-3.138380,-2.741295,3.141064,3.141431,3.141132
1.914000,3.139942,-3.138523,-2.741258,3.141064,3.141431,3.141132
1.916000,3.139993,-3.138699,-2.741212,3.141064,3.141431,3.141132
1.918000,3.140045,-3.138909,-2.741157,3.141064,3.141431,3.141132
1.920000,3.140097,-3.139153,-2.741093,3.141064,3.141431,3.141132
1.922000,3.140150,-3.139428,-2.741016,3.141064,3.141431,3.141132
1.924000,3.140206,-3.139736,-2.740926,3.141064,3.141431,3.141132
1.926000,3.140263,-3.140075,-2.740824,3.141064,3.141431,3.141132
1.928000,3.140322,-3.140445,-2.740708,3.141064,3.141431,3.141132
1.930000,3.140383,-3.140845,-2.740578,3.141064,3.141431,3.141132
1.932000,3.140447,-3.141275,-2.740431,3.141064,3.141431,3.141132
1.934000,3.140514,3.141451,-2.740268,3.141064,3.141431,3.141132
1.936000,3.140584,3.140963,-2.740087,3.141064,3.141431,3.141132
1.938000,3.140657,3.140448,-2.739889,3.141064,3.141431,3.141132
1.940000,3.140734,3.139905,-2.739673,3.141064,3.141431,3.141132
1.942000,3.140815,3.139335,-2.739437,3.141064,3.141431,3.141132
1.944000,3.140899,3.138740,-2.739182,3.141064,3.141431,3.141132
1.946000,3.140987,3.138120,-2.738906,3.141064,3.141431,3.141132
1.948000,3.141078,3.137478,-2.738608,3.141064,3.141431,3.141132
1.950000,3.141173,3.136816,-2.738287,3.141064,3.141431,3.141132
1.952000,3.141272,3.136134,-2.737945,3.141064,3.141431,3.141132
1.954000,3.141373,3.135436,-2.737578,3.141064,3.141431,3.141132
1.956000,3.141478,3.134723,-2.737187,3.141064,3.141431,3.141132
1.958000,3.141587,3.133996,-2.736771,3.141064,3.141431,3.141132
1.960000,0.000106,0.008338,0.405261,3.141064,3.141431,3.141132
1.962000,0.000221,0.009090,0.405727,3.141064,3.141431,3.141132
1.964000,0.000339,0.009852,0.406218,3.141064,3.141431,3.141132
1.966000,0.000460,0.010622,0.406735,3.141064,3.141431,3.141132
1.968000,0.000584,0.011401,0.407278,3.141064,3.141431,3.141132
1.970000,0.000709,0.012182,0.407848,3.141064,3.141431,3.141132
1.972000,0.000834,0.012956,0.408445,3.141064,3.141431,3.141132
1.974000,0.000957,0.013718,0.409070,3.141064,3.141431,3.141132
1.976000,0.001079,0.014470,0.409723,3.141064,3.141431,3.141132
1.978000,0.001200,0.015209,0.410403,3.141064,3.141431,3.141132
1.980000,0.001320,0.015936,0.411111,3.141064,3.141431,3.141132
1.982000,0.001440,0.016653,0.411846,3.141064,3.141431,3.141132
1.984000,0.001561,0.017360,0.412606,3.141064,3.141431,3.141132
1.986000,0.001682,0.018060,0.413393,3.141064,3.141431,3.141132
1.988000,0.001804,0.018752,0.414206,3.141064,3.141431,3.141132
1.990000,0.001928,0.019439,0.415044,3.141064,3.141431,3.141132
1.992000,0.002054,0.020118,0.415906,3.141064,3.141431,3.141132
1.994000,0.002181,0.020789,0.416794,3.141064,3.141431,3.141132
1.996000,0.002278,0.021443,0.417691,3.141064,3.141431,3.141132
1.998000,0.002347,0.022079,0.418597,3.141064,3.141431,3.141132
2.000000,0.002381,0.022692,0.419511,3.141064,3.141431,3.141132
2.002000,0.002384,0.023269,0.420432,3.141064,3.141431,3.141132
2.004000,0.002362,0.023787,0.421361,3.141064,3.141431,3.141132
2.006000,0.002314,0.024245,0.422297,3.141064,3.141431,3.141132
2.008000,0.002247,0.024632,0.423242,3.141064,3.141431,3.141132
2.010000,0.002166,0.024927,0.424196,3.141064,3.141431,3.141132
2.012000,0.002073,0.025130,0.425159,3.141064,3.141431,3.141132
2.014000,0.002073,0.025130,0.425159,3.141064,3.141431,3.141132
2.016000,0.001864,0.025240,0.427115,3.141064,3.141431,3.141132
2.018000,0.001752,0.025134,0.428108,3.141064,3.141431,3.141132
2.020000,0.001637,0.024915,0.429114,3.141064,3.141431,3.141132
2.022000,0.001523,0.024563,0.430131,3.141064,3.141431,3.141132
2.024000,0.001409,0.024082,0.431161,3.141064,3.141431,3.141132
2.026000,0.001296,0.023468,0.432204,3.141064,3.141431,3.141132
2.028000,0.001185,0.022726,0.433259,3.141064,3.141431,3.141132
2.030000,0.001074,0.021865,0.434325,3.141064,3.141431,3.141132
2.032000,0.000963,0.020887,0.435402,3.141064,3.141431,3.141132
2.034000,0.000852,0.019807,0.436489,3.141064,3.141431,3.141132
2.036000,0.000739,0.018632,0.437585,3.141064,3.141431,3.141132
2.038000,0.000623,0.017374,0.438689,3.141064,3.141431,3.141132
2.040000,0.000504,0.016034,0.439801,3.141064,3.141431,3.141132
2.042000,0.000383,0.014619,0.440922,3.141064,3.141431,3.141132
2.044000,0.000257,0.013146,0.442049,3.141064,3.141431,3.141132
2.046000,0.000124,0.011620,0.443182,3.141064,3.141431,3.141132
2.048000,3.141270,3.131505,-2.697351,3.141064,3.141431,3.141132
2.050000,3.140534,3.133040,-2.696361,3.141064,3.141431,3.141132
2.052000,3.139552,3.134582,-2.695432,3.141064,3.141431,3.141132
2.054000,3.138439,3.136101,-2.694573,3.141064,3.141431,3.141132
2.056000,3.137197,3.137511,-2.693760,3.141064,3.141431,3.141132
2.058000,3.135885,3.138830,-2.692996,3.141064,3.141431,3.141132
2.060000,3.134538,3.140070,-2.692276,3.141064,3.141431,3.141132
2.062000,3.133169,3.141231,-2.691593,3.141064,3.141431,3.141132
2.064000,3.131807,-3.140866,-2.690943,3.141064,3.141431,3.141132
2.066000,3.130478,-3.139844,-2.690324,3.141064,3.141431,3.141132
2.068000,3.129229,-3.138881,-2.689740,3.141064,3.141431,3.141132
2.070000,3.128080,-3.137974,-2.689193,3.141064,3.141431,3.141132
2.072000,3.127044,-3.137122,-2.688683,3.141064,3.141431,3.141132
2.074000,3.126123,-3.136325,-2.688207,3.141064,3.141431,3.141132
2.076000,3.125322,-3.135582,-2.687765,3.141064,3.141431,3.141132
2.078000,3.124642,-3.134894,-2.687356,3.141064,3.141431,3.141132
2.080000,3.124079,-3.134260,-2.686981,3.141064,3.141431,3.141132
2.082000,3.123627,-3.133682,-2.686637,3.141064,3.141431,3.141132
2.084000,3.123289,-3.133158,-2.686323,3.141064,3.141431,3.141132
2.086000,3.123055,-3.132688,-2.686038,3.141064,3.141431,3.141132
2.088000,3.122918,-3.132271,-2.685782,3.141064,3.141431,3.141132
2.090000,3.122859,-3.131907,-2.685551,3.141064,3.141431,3.141132
2.092000,3.122867,-3.131595,-2.685344,3.141064,3.141431,3.141132
2.094000,3.122936,-3.131333,-2.685162,3.141064,3.141431,3.141132
2.096000,3.123066,-3.131120,-2.685002,3.141064,3.141431,3.141132
2.098000,3.123248,-3.130955,-2.684863,3.141064,3.141431,3.141132
2.100000,3.123476,-3.130837,-2.684745,3.141064,3.141431,3.141132
2.102000,3.123734,-3.130762,-2.684646,3.141064,3.141431,3.141132
2.104000,3.124015,-3.130728,-2.684565,3.141064,3.141431,3.141132
2.106000,3.124311,-3.130732,-2.684500,3.141064,3.141431,3.141132
2.108000,3.124624,-3.130774,-2.684451,3.141064,3.141431,3.141132
2.110000,3.124948,-3.130852,-2.684418,3.141064,3.141431,3.141132
2.112000,3.125275,-3.130962,-2.684398,3.141064,3.141431,3.141132
2.114000,3.125594,-3.131100,-2.684391,3.141064,3.141431,3.141132
2.116000,3.125905,-3.131263,-2.684395,3.141064,3.141431,3.141132
2.118000,3.126203,-3.131451,-2.684411,3.141064,3.141431,3.141132
2.120000,3.126481,-3.131658,-2.684436,3.141064,3.141431,3.141132
2.122000,3.126733,-3.131878,-2.684470,3.141064,3.141431,3.141132
2.124000,3.126957,-3.132112,-2.684511,3.141064,3.141431,3.141132
2.126000,3.127149,-3.132355,-2.684559,3.141064,3.141431,3.141132
2.128000,3.127306,-3.132601,-2.684612,3.141064,3.141431,3.141132
2.130000,3.127426,-3.132849,-2.684670,3.141064,3.141431,3.141132
2.132000,3.127507,-3.133097,-2.684733,3.141064,3.141431,3.141132
2.134000,3.127548,-3.133340,-2.684797,3.141064,3.141431,3.141132
2.136000,3.127547,-3.133578,-2.684865,3.141064,3.141431,3.141132
2.138000,3.127506,-3.133808,-2.684934,3.141064,3.141431,3.141132
2.140000,3.127424,-3.134027,-2.685004,3.141064,3.141431,3.141132
2.142000,3.127301,-3.134233,-2.685074,3.141064,3.141431,3.141132
2.144000,3.127138,-3.134427,-2.685144,3.141064,3.141431,3.141132
2.146000,3.126939,-3.134604,-2.685213,3.141064,3.141431,3.141132
2.148000,3.126701,-3.134766,-2.685280,3.141064,3.141431,3.141132
2.150000,3.126428,-3.134911,-2.685346,3.141064,3.141431,3.141132
2.152000,3.126123,-3.135040,-2.685408,3.141064,3.141431,3.141132
2.154000,3.125788,-3.135152,-2.685468,3.141064,3.141431,3.141132
2.156000,3.125423,-3.135248,-2.685524,3.141064,3.141431,3.141132
2.158000,3.125033,-3.135328,-2.685576,3.141064,3.141431,3.141132
2.160000,3.124622,-3.135393,-2.685624,3.141064,3.141431,3.141132
2.162000,3.124187,-3.135444,-2.685667,3.141064,3.141431,3.141132
2.164000,3.123736,-3.135483,-2.685705,3.141064,3.141431,3.141132
2.166000,3.123270,-3.135512,-2.685738,3.141064,3.141431,3.141132
2.168000,3.122791,-3.135530,-2.685766,3.141064,3.141431,3.141132
2.170000,3.122303,-3.135540,-2.685789,3.141064,3.141431,3.141132
2.172000,3.121808,-3.135546,-2.685804,3.141064,3.141431,3.141132
2.174000,3.121306,-3.135546,-2.685814,3.141064,3.141431,3.141132
2.176000,3.120799,-3.135543,-2.685818,3.141064,3.141431,3.141132
2.178000,3.120289,-3.135539,-2.685814,3.141064,3.141431,3.141132
2.180000,3.119778,-3.135535,-2.685802,3.141064,3.141431,3.141132
2.182000,3.119267,-3.135533,-2.685783,3.141064,3.141431,3.141132
2.184000,3.118759,-3.135537,-2.685756,3.141064,3.141431,3.141132
2.186000,3.118254,-3.135547,-2.685720,3.141064,3.141431,3.141132
2.188000,3.117754,-3.135566,-2.685675,3.141064,3.141431,3.141132
2.190000,3.117260,-3.135594,-2.685620,3.141064,3.141431,3.141132
2.192000,3.116770,-3.135635,-2.685556,3.141064,3.141431,3.141132
2.194000,3.116287,-3.135690,-2.685481,3.141064,3.141431,3.141132
2.196000,3.115810,-3.135760,-2.685395,3.141064,3.141431,3.141132
2.198000,3.115339,-3.135846,-2.685296,3.141064,3.141431,3.141132
2.200000,3.114873,-3.135953,-2.685184,3.141064,3.141431,3.141132
2.202000,3.114411,-3.136080,-2.685058,3.141064,3.141431,3.141132
2.204000,3.113953,-3.136226,-2.684916,3.141064,3.141431,3.141132
2.206000,3.113498,-3.136394,-2.684759,3.141064,3.141431,3.141132
2.208000,3.113046,-3.136581,-2.684584,3.141064,3.141431,3.141132
2.210000,3.112596,-3.136789,-2.684392,3.141064,3.141431,3.141132
2.212000,3.112148,-3.137017,-2.684181,3.141064,3.141431,3.141132
2.214000,3.111702,-3.137263,-2.683951,3.141064,3.141431,3.141132
2.216000,3.111258,-3.137526,-2.683701,3.141064,3.141431,3.141132
2.218000,3.110814,-3.137807,-2.683428,3.141064,3.141431,3.141132
2.220000,3.110369,-3.138106,-2.683132,3.141064,3.141431,3.141132
2.222000,3.109920,-3.138418,-2.682811,3.141064,3.141431,3.141132
2.224000,3.109467,-3.138745,-2.682465,3.141064,3.141431,3.141132
2.226000,3.109009,-3.139083,-2.682091,3.141064,3.141431,3.141132
2.228000,3.108546,-3.139432,-2.681688,3.141064,3.141431,3.141132
2.230000,3.108079,-3.139791,-2.681256,3.141064,3.141431,3.141132
2.232000,3.107610,-3.140158,-2.680793,3.141064,3.141431,3.141132
2.234000,3.107142,-3.140529,-2.680299,3.141064,3.141431,3.141132
2.236000,3.106677,-3.140903,-2.679773,3.141064,3.141431,3.141132
2.238000,3.106220,-3.141281,-2.679216,3.141064,3.141431,3.141132
2.240000,3.105774,3.141522,-2.678625,3.141064,3.141431,3.141132
2.242000,3.105341,3.141136,-2.678001,3.141064,3.141431,3.141132
2.244000,3.104919,3.140750,-2.677342,3.141064,3.141431,3.141132
2.246000,3.104503,3.140363,-2.676644,3.141064,3.141431,3.141132
2.248000,3.104094,3.139977,-2.675908,3.141064,3.141431,3.141132
2.250000,3.103696,3.139595,-2.675132,3.141064,3.141431,3.141132
2.252000,3.103277,3.139265,-2.674309,3.141064,3.141431,3.141132
2.254000,3.102838,3.138991,-2.673440,3.141064,3.141431,3.141132
2.256000,3.102394,3.138773,-2.672527,3.141064,3.141431,3.141132
2.258000,3.101945,3.138611,-2.671571,3.141064,3.141431,3.141132
2.260000,3.101525,3.138500,-2.670581,3.141064,3.141431,3.141132
2.262000,3.101149,3.138439,-2.669561,3.141064,3.141431,3.141132
2.264000,3.100830,3.138423,-2.668518,3.141064,3.141431,3.141132
2.266000,3.100578,3.138450,-2.667456,3.141064,3.141431,3.141132
2.268000,3.100391,3.138515,-2.666373,3.141064,3.141431,3.141132
2.270000,3.100269,3.138617,-2.665270,3.141064,3.141431,3.141132
2.272000,3.100212,3.138753,-2.664149,3.141064,3.141431,3.141132
2.274000,3.100222,3.138917,-2.663014,3.141064,3.141431,3.141132
2.278000,3.100306,3.139104,-2.661867,3.141064,3.141431,3.141132
2.278000,3.100466,3.139312,-2.660713,3.141064,3.141431,3.141132
2.280000,3.100701,3.139543,-2.659549,3.141064,3.141431,3.141132
2.282000,3.101012,3.139794,-2.658379,3.141064,3.141431,3.141132
2.284000,3.101402,3.140057,-2.657209,3.141064,3.141431,3.141132
2.286000,3.101870,3.140331,-2.656039,3.141064,3.141431,3.141132
2.288000,3.102415,3.140610,-2.654873,3.141064,3.141431,3.141132
2.290000,3.103032,3.140894,-2.653711,3.141064,3.141431,3.141132
2.292000,3.103720,3.141183,-2.652552,3.141064,3.141431,3.141132
2.294000,3.104471,3.141477,-2.651399,3.141064,3.141431,3.141132
2.296000,3.105267,-3.141413,-2.650247,3.141064,3.141431,3.141132
2.298000,3.106080,-3.141121,-2.649094,3.141064,3.141431,3.141132
2.300000,3.106911,-3.140832,-2.647940,3.141064,3.141431,3.141132
2.302000,3.107751,-3.140548,-2.646786,3.141064,3.141431,3.141132
2.304000,3.108598,-3.140270,-2.645632,3.141064,3.141431,3.141132
2.306000,3.109449,-3.139999,-2.644480,3.141064,3.141431,3.141132
2.308000,3.110298,-3.139734,-2.643334,3.141064,3.141431,3.141132
2.310000,3.111145,-3.139477,-2.642196,3.141064,3.141431,3.141132
2.312000,3.111989,-3.139226,-2.641066,3.141064,3.141431,3.141132
2.314000,3.112826,-3.138981,-2.639945,3.141064,3.141431,3.141132
2.316000,3.113653,-3.138742,-2.638837,3.141064,3.141431,3.141132
2.318000,3.114449,-3.138507,-2.637737,3.141064,3.141431,3.141132
2.320000,3.115196,-3.138275,-2.636643,3.141064,3.141431,3.141132
2.322000,3.115895,-3.138046,-2.635553,3.141064,3.141431,3.141132
2.324000,3.116536,-3.137819,-2.634469,3.141064,3.141431,3.141132
2.326000,3.117116,-3.137592,-2.633389,3.141064,3.141431,3.141132
2.328000,3.117636,-3.137358,-2.632316,3.141064,3.141431,3.141132
2.330000,3.118096,-3.137114,-2.631252,3.141064,3.141431,3.141132
2.332000,3.118497,-3.136861,-2.630197,3.141064,3.141431,3.141132
2.334000,3.118839,-3.136595,-2.629152,3.141064,3.141431,3.141132
2.336000,3.119132,-3.136312,-2.628122,3.141064,3.141431,3.141132
2.338000,3.119363,-3.135951,-2.627205,3.141064,3.141431,3.141132
2.340000,3.119537,-3.135525,-2.626387,3.141064,3.141431,3.141132
2.342000,3.119660,-3.135049,-2.625657,3.141064,3.141431,3.141132
2.344000,3.120037,-3.134673,-2.625028,3.141064,3.141431,3.141132
2.346000,3.120674,-3.134414,-2.624492,3.141064,3.141431,3.141132
2.348000,3.121517,-3.134275,-2.624039,3.141064,3.141431,3.141132
2.350000,3.122567,-3.134257,-2.623658,3.141064,3.141431,3.141132
2.352000,3.123767,-3.134359,-2.623341,3.141064,3.141431,3.141132
2.354000,3.125020,-3.134568,-2.623082,3.141064,3.141431,3.141132
2.358000,3.125020,-3.134568,-2.623082,3.141064,3.141431,3.141132
2.358000,3.126289,-3.134875,-2.622873,3.141064,3.141431,3.141132
2.360000,3.129008,-3.135809,-2.622558,3.141064,3.141431,3.141132
2.362000,3.130547,-3.136443,-2.622418,3.141064,3.141431,3.141132
2.364000,3.132101,-3.137130,-2.622286,3.141064,3.141431,3.141132
2.366000,3.133631,-3.137847,-2.622157,3.141064,3.141431,3.141132
2.368000,3.135116,-3.138577,-2.622028,3.141064,3.141431,3.141132
2.370000,3.136540,-3.139304,-2.621897,3.141064,3.141431,3.141132
2.372000,3.137904,-3.140031,-2.621764,3.141064,3.141431,3.141132
2.374000,3.139198,-3.140743,-2.621626,3.141064,3.141431,3.141132
2.376000,3.140415,-3.141432,-2.621483,3.141064,3.141431,3.141132
2.378000,3.141542,3.141109,-2.621333,3.141064,3.141431,3.141132
2.380000,0.000986,0.001078,0.520417,3.141064,3.141431,3.141132
2.382000,0.001934,0.001623,0.520581,3.141064,3.141431,3.141132
2.384000,0.002793,0.002118,0.520751,3.141064,3.141431,3.141132
2.386000,0.003569,0.002559,0.520928,3.141064,3.141431,3.141132
2.388000,0.004265,0.002950,0.521110,3.141064,3.141431,3.141132
2.390000,0.004887,0.003291,0.521296,3.141064,3.141431,3.141132
2.392000,0.005436,0.003585,0.521488,3.141064,3.141431,3.141132
2.394000,0.005910,0.003831,0.521683,3.141064,3.141431,3.141132
2.396000,0.006325,0.004036,0.521882,3.141064,3.141431,3.141132
2.398000,0.006680,0.004201,0.522084,3.141064,3.141431,3.141132
2.400000,0.006981,0.004330,0.522289,3.141064,3.141431,3.141132
2.402000,0.007239,0.004428,0.522498,3.141064,3.141431,3.141132
2.404000,0.007458,0.004498,0.522709,3.141064,3.141431,3.141132
2.406000,0.007639,0.004540,0.522924,3.141064,3.141431,3.141132
2.408000,0.007785,0.004558,0.523143,3.141064,3.141431,3.141132
2.410000,0.007905,0.004556,0.523366,3.141064,3.141431,3.141132
2.412000,0.008001,0.004537,0.523593,3.141064,3.141431,3.141132
2.414000,0.008073,0.004502,0.523825,3.141064,3.141431,3.141132
2.416000,0.008126,0.004453,0.524062,3.141064,3.141431,3.141132
2.418000,0.008160,0.004392,0.524305,3.141064,3.141431,3.141132
2.420000,0.008181,0.004324,0.524555,3.141064,3.141431,3.141132
2.422000,0.008188,0.004250,0.524812,3.141064,3.141431,3.141132
2.424000,0.008183,0.004173,0.525077,3.141064,3.141431,3.141132
2.426000,0.008168,0.004096,0.525350,3.141064,3.141431,3.141132
2.428000,0.008145,0.004023,0.525633,3.141064,3.141431,3.141132
2.430000,0.008115,0.003959,0.525927,3.141064,3.141431,3.141132
2.432000,0.008078,0.003907,0.526232,3.141064,3.141431,3.141132
2.434000,0.008033,0.003868,0.526549,3.141064,3.141431,3.141132
2.436000,0.007982,0.003847,0.526877,3.141064,3.141431,3.141132
2.438000,0.007924,0.003846,0.527218,3.141064,3.141431,3.141132
2.440000,0.007858,0.003866,0.527572,3.141064,3.141431,3.141132
2.442000,0.007786,0.003908,0.527939,3.141064,3.141431,3.141132
2.444000,0.007706,0.003973,0.528319,3.141064,3.141431,3.141132
2.446000,0.007618,0.004064,0.528712,3.141064,3.141431,3.141132
2.448000,0.007523,0.004182,0.529119,3.141064,3.141431,3.141132
2.450000,0.007419,0.004330,0.529540,3.141064,3.141431,3.141132
2.452000,0.007307,0.004511,0.529976,3.141064,3.141431,3.141132
2.454000,0.007187,0.004724,0.530426,3.141064,3.141431,3.141132
2.456000,0.007058,0.004970,0.530893,3.141064,3.141431,3.141132
2.458000,0.006922,0.005250,0.531376,3.141064,3.141431,3.141132
2.460000,0.006779,0.005562,0.531876,3.141064,3.141431,3.141132
2.462000,0.006628,0.005911,0.532394,3.141064,3.141431,3.141132
2.464000,0.006472,0.006295,0.532931,3.141064,3.141431,3.141132
2.466000,0.006308,0.006713,0.533486,3.141064,3.141431,3.141132
2.468000,0.006138,0.007165,0.534061,3.141064,3.141431,3.141132
2.470000,0.005962,0.007652,0.534656,3.141064,3.141431,3.141132
2.474000,0.005779,0.008175,0.535271,3.141064,3.141431,3.141132
2.474000,0.005590,0.008733,0.535909,3.141064,3.141431,3.141132
2.476000,0.005394,0.009325,0.536568,3.141064,3.141431,3.141132
2.478000,0.005394,0.009325,0.536568,3.141064,3.141431,3.141132
2.480000,0.004983,0.010612,0.537955,3.141064,3.141431,3.141132
2.482000,0.004769,0.011305,0.538683,3.141064,3.141431,3.141132
2.484000,0.004553,0.012031,0.539437,3.141064,3.141431,3.141132
2.486000,0.004333,0.012787,0.540215,3.141064,3.141431,3.141132
2.488000,0.004110,0.013573,0.541020,3.141064,3.141431,3.141132
2.490000,0.003885,0.014388,0.541851,3.141064,3.141431,3.141132
2.492000,0.003658,0.015230,0.542709,3.141064,3.141431,3.141132
2.494000,0.003430,0.016097,0.543595,3.141064,3.141431,3.141132
2.496000,0.003201,0.016987,0.544510,3.141064,3.141431,3.141132
2.498000,0.002970,0.017900,0.545454,3.141064,3.141431,3.141132
2.500000,0.002738,0.018834,0.546428,3.141064,3.141431,3.141132
2.502000,0.002504,0.019784,0.547433,3.141064,3.141431,3.141132
2.504000,0.002270,0.020752,0.548470,3.141064,3.141431,3.141132
2.506000,0.002037,0.021731,0.549539,3.141064,3.141431,3.141132
2.508000,0.001804,0.022721,0.550640,3.141064,3.141431,3.141132
2.510000,0.001573,0.023719,0.551775,3.141064,3.141431,3.141132
2.512000,0.001345,0.024722,0.552942,3.141064,3.141431,3.141132
2.514000,0.001120,0.025729,0.554144,3.141064,3.141431,3.141132
2.516000,0.000901,0.026730,0.555380,3.141064,3.141431,3.141132
2.518000,0.000686,0.027727,0.556649,3.141064,3.141431,3.141132
2.520000,0.000475,0.028716,0.557953,3.141064,3.141431,3.141132
2.522000,0.000265,0.029690,0.559293,3.141064,3.141431,3.141132
2.524000,0.000054,0.030642,0.560668,3.141064,3.141431,3.141132
2.526000,3.141438,3.110026,-2.579515,3.141064,3.141431,3.141132
2.528000,3.141235,3.109132,-2.578071,3.141064,3.141431,3.141132
2.530000,3.141037,3.108268,-2.576593,3.141064,3.141431,3.141132
2.532000,3.140849,3.107436,-2.575081,3.141064,3.141431,3.141132
2.534000,3.140673,3.106640,-2.573536,3.141064,3.141431,3.141132
2.536000,3.140511,3.105883,-2.571960,3.141064,3.141431,3.141132
2.538000,3.140366,3.105163,-2.570354,3.141064,3.141431,3.141132
2.540000,3.140236,3.104490,-2.568719,3.141064,3.141431,3.141132
2.542000,3.140123,3.103864,-2.567057,3.141064,3.141431,3.141132
2.544000,3.139996,3.103282,-2.565379,3.141064,3.141431,3.141132
2.546000,3.139841,3.102748,-2.563686,3.141064,3.141431,3.141132
2.550000,3.139649,3.102264,-2.561980,3.141064,3.141431,3.141132
2.550000,3.139420,3.101854,-2.560264,3.141064,3.141431,3.141132
2.552000,3.139156,3.101515,-2.558535,3.141064,3.141431,3.141132
2.556000,3.138864,3.101261,-2.556796,3.141064,3.141431,3.141132
2.558000,3.138554,3.101105,-2.555047,3.141064,3.141431,3.141132
2.558000,3.138236,3.101061,-2.553288,3.141064,3.141431,3.141132
2.560000,3.137911,3.101128,-2.551519,3.141064,3.141431,3.141132
2.562000,3.137610,3.101340,-2.549743,3.141064,3.141431,3.141132
2.564000,3.137332,3.101697,-2.547960,3.141064,3.141431,3.141132
2.566000,3.137332,3.101697,-2.547960,3.141064,3.141431,3.141132
2.568000,3.136880,3.102877,-2.544376,3.141064,3.141431,3.141132
2.572000,3.136711,3.103699,-2.542576,3.141064,3.141431,3.141132
2.572000,3.136577,3.104671,-2.540771,3.141064,3.141431,3.141132
2.574000,3.136481,3.105790,-2.538959,3.141064,3.141431,3.141132
2.576000,3.136420,3.107051,-2.537143,3.141064,3.141431,3.141132
2.578000,3.136395,3.108447,-2.535321,3.141064,3.141431,3.141132
2.580000,3.136407,3.109963,-2.533495,3.141064,3.141431,3.141132
2.582000,3.136454,3.111592,-2.531666,3.141064,3.141431,3.141132
2.584000,3.136536,3.113325,-2.529833,3.141064,3.141431,3.141132
2.586000,3.136652,3.115161,-2.527998,3.141064,3.141431,3.141132
2.588000,3.136800,3.117091,-2.526159,3.141064,3.141431,3.141132
2.590000,3.136430,3.119117,-2.524472,3.141064,3.141431,3.141132
2.592000,3.135623,3.121225,-2.522920,3.141064,3.141431,3.141132
2.594000,3.134458,3.123409,-2.521487,3.141064,3.141431,3.141132
2.596000,3.133127,3.125676,-2.520164,3.141064,3.141431,3.141132
2.598000,3.131700,3.128033,-2.518944,3.141064,3.141431,3.141132
2.600000,3.130238,3.130472,-2.517816,3.141064,3.141431,3.141132
2.602000,3.128770,3.132987,-2.516770,3.141064,3.141431,3.141132
2.604000,3.127345,3.135563,-2.515797,3.141064,3.141431,3.141132
2.606000,3.126004,3.138184,-2.514891,3.141064,3.141431,3.141132
2.610000,3.124805,3.140808,-2.514044,3.141064,3.141431,3.141132
2.610000,3.123781,-3.139777,-2.513256,3.141064,3.141431,3.141132
2.612000,3.122943,-3.137204,-2.512520,3.141064,3.141431,3.141132
2.614000,3.122313,-3.134684,-2.511833,3.141064,3.141431,3.141132
2.616000,3.121901,-3.132242,-2.511192,3.141064,3.141431,3.141132
2.618000,3.121724,-3.129928,-2.510595,3.141064,3.141431,3.141132
2.620000,3.121776,-3.127765,-2.510038,3.141064,3.141431,3.141132
2.622000,3.122049,-3.125773,-2.509516,3.141064,3.141431,3.141132
2.624000,3.122547,-3.123949,-2.509026,3.141064,3.141431,3.141132
2.626000,3.123255,-3.122310,-2.508564,3.141064,3.141431,3.141132
2.628000,3.124159,-3.120867,-2.508127,3.141064,3.141431,3.141132
2.630000,3.125224,-3.119642,-2.507711,3.141064,3.141431,3.141132
2.632000,3.126424,-3.118642,-2.507313,3.141064,3.141431,3.141132
2.634000,3.127737,-3.117868,-2.506931,3.141064,3.141431,3.141132
2.636000,3.129166,-3.117319,-2.506563,3.141064,3.141431,3.141132
2.638000,3.130695,-3.116996,-2.506208,3.141064,3.141431,3.141132
2.640000,3.132279,-3.116889,-2.505864,3.141064,3.141431,3.141132
2.642000,3.133893,-3.116992,-2.505527,3.141064,3.141431,3.141132
2.644000,3.135528,-3.117301,-2.505197,3.141064,3.141431,3.141132
2.646000,3.137157,-3.117797,-2.504871,3.141064,3.141431,3.141132
2.648000,3.138781,-3.118480,-2.504548,3.141064,3.141431,3.141132
2.650000,3.140380,-3.119335,-2.504227,3.141064,3.141431,3.141132
2.652000,0.000334,-0.021257,0.637690,3.141064,3.141431,3.141132
2.654000,0.001808,-0.020129,0.638018,3.141064,3.141431,3.141132
2.656000,0.003211,-0.018874,0.638350,3.141064,3.141431,3.141132
2.658000,0.004519,-0.017525,0.638688,3.141064,3.141431,3.141132
2.660000,0.005720,-0.016098,0.639035,3.141064,3.141431,3.141132
2.662000,0.006806,-0.014611,0.639392,3.141064,3.141431,3.141132
2.664000,0.007777,-0.013063,0.639757,3.141064,3.141431,3.141132
2.666000,0.008617,-0.011491,0.640135,3.141064,3.141431,3.141132
2.668000,0.009319,-0.009913,0.640527,3.141064,3.141431,3.141132
2.670000,0.009880,-0.008345,0.640935,3.141064,3.141431,3.141132
2.672000,0.010296,-0.006805,0.641359,3.141064,3.141431,3.141132
2.674000,0.010567,-0.005291,0.641800,3.141064,3.141431,3.141132
2.676000,0.010691,-0.003819,0.642257,3.141064,3.141431,3.141132
2.678000,0.010674,-0.002420,0.642735,3.141064,3.141431,3.141132
2.680000,0.010515,-0.001106,0.643233,3.141064,3.141431,3.141132
2.682000,0.010224,0.000114,0.643753,3.141064,3.141431,3.141132
2.684000,0.009802,0.001229,0.644294,3.141064,3.141431,3.141132
2.686000,0.009248,0.002240,0.644856,3.141064,3.141431,3.141132
2.688000,0.008573,0.003138,0.645438,3.141064,3.141431,3.141132
2.690000,0.007784,0.003917,0.646042,3.141064,3.141431,3.141132
2.692000,0.006892,0.004572,0.646665,3.141064,3.141431,3.141132
2.694000,0.005917,0.005096,0.647309,3.141064,3.141431,3.141132
2.696000,0.004857,0.005491,0.647972,3.141064,3.141431,3.141132
2.698000,0.003725,0.005755,0.648653,3.141064,3.141431,3.141132
2.700000,0.002534,0.005890,0.649351,3.141064,3.141431,3.141132
2.702000,0.001299,0.005900,0.650066,3.141064,3.141431,3.141132
2.704000,0.000032,0.005790,0.650796,3.141064,3.141431,3.141132
2.706000,3.140346,3.136023,-2.490053,3.141064,3.141431,3.141132
2.708000,3.139057,3.136351,-2.489297,3.141064,3.141431,3.141132
2.710000,3.137769,3.136782,-2.488528,3.141064,3.141431,3.141132
2.712000,3.136507,3.137290,-2.487749,3.141064,3.141431,3.141132
2.714000,3.135278,3.137869,-2.486960,3.141064,3.141431,3.141132
2.716000,3.134082,3.138518,-2.486162,3.141064,3.141431,3.141132
2.718000,3.132929,3.139224,-2.485356,3.141064,3.141431,3.141132
2.720000,3.131828,3.139974,-2.484541,3.141064,3.141431,3.141132
2.722000,3.130783,3.140756,-2.483719,3.141064,3.141431,3.141132
2.724000,3.129800,3.141559,-2.482889,3.141064,3.141431,3.141132
2.726000,3.128885,-3.140816,-2.482051,3.141064,3.141431,3.141132
2.728000,3.128039,-3.140008,-2.481204,3.141064,3.141431,3.141132
2.730000,3.127265,-3.139216,-2.480350,3.141064,3.141431,3.141132
2.732000,3.126565,-3.138449,-2.479486,3.141064,3.141431,3.141132
2.734000,3.125941,-3.137719,-2.478613,3.141064,3.141431,3.141132
2.736000,3.125391,-3.137036,-2.477731,3.141064,3.141431,3.141132
2.738000,3.125391,-3.137036,-2.477731,3.141064,3.141431,3.141132
2.740000,3.125391,-3.137036,-2.477731,3.141064,3.141431,3.141132
2.742000,3.124171,-3.135369,-2.475015,3.141064,3.141431,3.141132
2.744000,3.123903,-3.134959,-2.474084,3.141064,3.141431,3.141132
2.746000,3.123703,-3.134626,-2.473137,3.141064,3.141431,3.141132
2.748000,3.123548,-3.134380,-2.472175,3.141064,3.141431,3.141132
2.750000,3.123431,-3.134222,-2.471195,3.141064,3.141431,3.141132
2.752000,3.123343,-3.134152,-2.470195,3.141064,3.141431,3.141132
2.756000,3.123286,-3.134170,-2.469174,3.141064,3.141431,3.141132
2.758000,3.123253,-3.134273,-2.468132,3.141064,3.141431,3.141132
2.760000,3.123239,-3.134726,-2.465977,3.141064,3.141431,3.141132
2.762000,3.123252,-3.135071,-2.464863,3.141064,3.141431,3.141132
2.764000,3.123271,-3.135491,-2.463722,3.141064,3.141431,3.141132
2.766000,3.123271,-3.135491,-2.463722,3.141064,3.141431,3.141132
2.768000,3.123281,-3.136519,-2.461358,3.141064,3.141431,3.141132
2.770000,3.123258,-3.137113,-2.460132,3.141064,3.141431,3.141132
2.772000,3.123198,-3.137746,-2.458873,3.141064,3.141431,3.141132
2.774000,3.123100,-3.138416,-2.457579,3.141064,3.141431,3.141132
2.776000,3.122959,-3.139113,-2.456249,3.141064,3.141431,3.141132
2.778000,3.122773,-3.139827,-2.454882,3.141064,3.141431,3.141132
2.780000,3.122543,-3.140550,-2.453479,3.141064,3.141431,3.141132
2.784000,3.122278,-3.141264,-2.452044,3.141064,3.141431,3.141132
2.784000,3.121981,3.141224,-2.450576,3.141064,3.141431,3.141132
2.786000,3.121653,3.140546,-2.449077,3.141064,3.141431,3.141132
2.788000,3.121298,3.139895,-2.447547,3.141064,3.141431,3.141132
2.790000,3.120921,3.139278,-2.445988,3.141064,3.141431,3.141132
2.792000,3.120533,3.138706,-2.444404,3.141064,3.141431,3.141132
2.796000,3.120088,3.138241,-2.442788,3.141064,3.141431,3.141132
2.796000,3.119581,3.137891,-2.441139,3.141064,3.141431,3.141132
2.798000,3.119014,3.137655,-2.439459,3.141064,3.141431,3.141132
2.800000,3.118402,3.137529,-2.437751,3.141064,3.141431,3.141132
2.802000,3.117768,3.137510,-2.436019,3.141064,3.141431,3.141132
2.804000,3.117158,3.137586,-2.434274,3.141064,3.141431,3.141132
2.806000,3.116595,3.137750,-2.432522,3.141064,3.141431,3.141132
2.808000,3.116079,3.138002,-2.430763,3.141064,3.141431,3.141132
2.810000,3.115625,3.138334,-2.429002,3.141064,3.141431,3.141132
2.812000,3.115257,3.138729,-2.427246,3.141064,3.141431,3.141132
2.814000,3.114983,3.139178,-2.425498,3.141064,3.141431,3.141132
2.818000,3.114804,3.139683,-2.423759,3.141064,3.141431,3.141132
2.818000,3.114723,3.140236,-2.422030,3.141064,3.141431,3.141132
2.822000,3.114732,3.140827,-2.420311,3.141064,3.141431,3.141132
2.822000,3.114824,3.141439,-2.418600,3.141064,3.141431,3.141132
2.824000,3.114997,-3.141115,-2.416897,3.141064,3.141431,3.141132
2.826000,3.115250,-3.140472,-2.415202,3.141064,3.141431,3.141132
2.830000,3.115581,-3.139836,-2.413520,3.141064,3.141431,3.141132
2.830000,3.115993,-3.139214,-2.411851,3.141064,3.141431,3.141132
2.832000,3.116484,-3.138608,-2.410195,3.141064,3.141431,3.141132
2.834000,3.117052,-3.138022,-2.408554,3.141064,3.141431,3.141132
2.836000,3.117685,-3.137473,-2.406930,3.141064,3.141431,3.141132
2.838000,3.118382,-3.136966,-2.405323,3.141064,3.141431,3.141132
2.840000,3.119143,-3.136500,-2.403734,3.141064,3.141431,3.141132
2.842000,3.119950,-3.136085,-2.402165,3.141064,3.141431,3.141132
2.844000,3.120804,-3.135721,-2.400614,3.141064,3.141431,3.141132
2.846000,3.121686,-3.135410,-2.399079,3.141064,3.141431,3.141132
2.848000,3.122581,-3.135155,-2.397557,3.141064,3.141431,3.141132
2.850000,3.123467,-3.134961,-2.396048,3.141064,3.141431,3.141132
2.852000,3.124340,-3.134827,-2.394551,3.141064,3.141431,3.141132
2.854000,3.125200,-3.134753,-2.393067,3.141064,3.141431,3.141132
2.856000,3.126040,-3.134737,-2.391598,3.141064,3.141431,3.141132
2.858000,3.126852,-3.134774,-2.390142,3.141064,3.141431,3.141132
2.860000,3.127626,-3.134856,-2.388702,3.141064,3.141431,3.141132
2.862000,3.128358,-3.134977,-2.387279,3.141064,3.141431,3.141132
2.864000,3.129045,-3.135102,-2.385948,3.141064,3.141431,3.141132
2.866000,3.129680,-3.135238,-2.384696,3.141064,3.141431,3.141132
2.868000,3.130529,-3.135450,-2.383548,3.141064,3.141431,3.141132
2.870000,3.131584,-3.135729,-2.382498,3.141064,3.141431,3.141132
2.872000,3.132789,-3.136069,-2.381536,3.141064,3.141431,3.141132
2.874000,3.134143,-3.136471,-2.380654,3.141064,3.141431,3.141132
2.876000,3.135591,-3.136929,-2.379849,3.141064,3.141431,3.141132
2.878000,3.137045,-3.137426,-2.379116,3.141064,3.141431,3.141132
2.880000,3.138478,-3.137958,-2.378446,3.141064,3.141431,3.141132
2.882000,3.139879,-3.138516,-2.377833,3.141064,3.141431,3.141132
2.884000,3.141257,-3.139108,-2.377267,3.141064,3.141431,3.141132
2.886000,0.001093,-0.001847,0.764870,3.141064,3.141431,3.141132
2.888000,0.002574,-0.001161,0.765398,3.141064,3.141431,3.141132
2.890000,0.004094,-0.000443,0.765912,3.141064,3.141431,3.141132
2.892000,0.005638,0.000291,0.766417,3.141064,3.141431,3.141132
2.894000,0.007175,0.001002,0.766920,3.141064,3.141431,3.141132
2.896000,0.008706,0.001694,0.767421,3.141064,3.141431,3.141132
2.898000,0.010221,0.002349,0.767925,3.141064,3.141431,3.141132
2.900000,0.011705,0.002954,0.768434,3.141064,3.141431,3.141132
2.902000,0.013154,0.003504,0.768950,3.141064,3.141431,3.141132
2.904000,0.014561,0.003999,0.769476,3.141064,3.141431,3.141132
2.906000,0.015926,0.004440,0.770010,3.141064,3.141431,3.141132
2.908000,0.017245,0.004827,0.770554,3.141064,3.141431,3.141132
2.910000,0.018512,0.005168,0.771109,3.141064,3.141431,3.141132
2.912000,0.019726,0.005462,0.771674,3.141064,3.141431,3.141132
2.914000,0.020884,0.005719,0.772252,3.141064,3.141431,3.141132
2.916000,0.021986,0.005942,0.772841,3.141064,3.141431,3.141132
2.918000,0.023032,0.006133,0.773441,3.141064,3.141431,3.141132
2.920000,0.024020,0.006295,0.774052,3.141064,3.141431,3.141132
2.922000,0.024952,0.006437,0.774676,3.141064,3.141431,3.141132
2.924000,0.025829,0.006564,0.775311,3.141064,3.141431,3.141132
2.926000,0.026650,0.006675,0.775958,3.141064,3.141431,3.141132
2.928000,0.027417,0.006776,0.776616,3.141064,3.141431,3.141132
2.930000,0.027417,0.006776,0.776616,3.141064,3.141431,3.141132
2.932000,0.028799,0.006962,0.777968,3.141064,3.141431,3.141132
2.934000,0.029414,0.007049,0.778663,3.141064,3.141431,3.141132
2.936000,0.029980,0.007135,0.779370,3.141064,3.141431,3.141132
2.938000,0.030501,0.007221,0.780090,3.141064,3.141431,3.141132
2.940000,0.030978,0.007309,0.780823,3.141064,3.141431,3.141132
2.942000,0.031411,0.007398,0.781569,3.141064,3.141431,3.141132
2.944000,0.031802,0.007496,0.782330,3.141064,3.141431,3.141132
2.946000,0.032153,0.007604,0.783105,3.141064,3.141431,3.141132
2.948000,0.032464,0.007723,0.783894,3.141064,3.141431,3.141132
2.950000,0.032734,0.007854,0.784698,3.141064,3.141431,3.141132
2.952000,0.032964,0.007997,0.785517,3.141064,3.141431,3.141132
2.954000,0.033154,0.008152,0.786350,3.141064,3.141431,3.141132
2.956000,0.033305,0.008322,0.787198,3.141064,3.141431,3.141132
2.958000,0.033420,0.008507,0.788062,3.141064,3.141431,3.141132
2.960000,0.033497,0.008708,0.788942,3.141064,3.141431,3.141132
2.962000,0.033537,0.008923,0.789837,3.141064,3.141431,3.141132
2.964000,0.033541,0.009153,0.790748,3.141064,3.141431,3.141132
2.966000,0.033508,0.009401,0.791675,3.141064,3.141431,3.141132
2.968000,0.033440,0.009666,0.792618,3.141064,3.141431,3.141132
2.970000,0.033335,0.009949,0.793577,3.141064,3.141431,3.141132
2.972000,0.033196,0.010248,0.794552,3.141064,3.141431,3.141132
2.974000,0.033026,0.010561,0.795544,3.141064,3.141431,3.141132
2.976000,0.032829,0.010890,0.796553,3.141064,3.141431,3.141132
2.978000,0.032607,0.011228,0.797580,3.141064,3.141431,3.141132
2.980000,0.032359,0.011580,0.798625,3.141064,3.141431,3.141132
2.982000,0.032089,0.011947,0.799688,3.141064,3.141431,3.141132
2.984000,0.031797,0.012324,0.800770,3.141064,3.141431,3.141132
2.986000,0.031484,0.012713,0.801871,3.141064,3.141431,3.141132
2.988000,0.031149,0.013114,0.802990,3.141064,3.141431,3.141132
2.990000,0.030788,0.013534,0.804128,3.141064,3.141431,3.141132
2.992000,0.030403,0.013974,0.805284,3.141064,3.141431,3.141132
2.994000,0.029996,0.014434,0.806460,3.141064,3.141431,3.141132
2.996000,0.029568,0.014912,0.807654,3.141064,3.141431,3.141132
2.998000,0.029121,0.015408,0.808868,3.141064,3.141431,3.141132
3.000000,0.028660,0.015917,0.810102,3.141064,3.141431,3.141132
3.002000,0.028188,0.016437,0.811357,3.141064,3.141431,3.141132
3.004000,0.027707,0.016967,0.812632,3.141064,3.141431,3.141132
3.006000,0.027217,0.017507,0.813928,3.141064,3.141431,3.141132
3.008000,0.026717,0.018055,0.815245,3.141064,3.141431,3.141132
3.010000,0.026207,0.018611,0.816583,3.141064,3.141431,3.141132
3.012000,0.025689,0.019175,0.817942,3.141064,3.141431,3.141132
3.014000,0.025161,0.019746,0.819321,3.141064,3.141431,3.141132
3.016000,0.024625,0.020323,0.820722,3.141064,3.141431,3.141132
3.018000,0.024082,0.020905,0.822143,3.141064,3.141431,3.141132
3.020000,0.023531,0.021490,0.823586,3.141064,3.141431,3.141132
3.022000,0.022975,0.022077,0.825049,3.141064,3.141431,3.141132
3.024000,0.022414,0.022664,0.826533,3.141064,3.141431,3.141132
3.026000,0.021849,0.023251,0.828038,3.141064,3.141431,3.141132
3.028000,0.021282,0.023835,0.829564,3.141064,3.141431,3.141132
3.030000,0.020714,0.024413,0.831109,3.141064,3.141431,3.141132
3.032000,0.020149,0.024984,0.832675,3.141064,3.141431,3.141132
3.034000,0.019584,0.025547,0.834260,3.141064,3.141431,3.141132
3.036000,0.019023,0.026101,0.835866,3.141064,3.141431,3.141132
3.038000,0.018464,0.026644,0.837490,3.141064,3.141431,3.141132
3.040000,0.017912,0.027172,0.839133,3.141064,3.141431,3.141132
3.042000,0.017370,0.027682,0.840795,3.141064,3.141431,3.141132
3.044000,0.016837,0.028174,0.842474,3.141064,3.141431,3.141132
3.046000,0.016317,0.028646,0.844171,3.141064,3.141431,3.141132
3.048000,0.015813,0.029097,0.845884,3.141064,3.141431,3.141132
3.050000,0.015329,0.029522,0.847612,3.141064,3.141431,3.141132
3.052000,0.014864,0.029920,0.849354,3.141064,3.141431,3.141132
3.054000,0.014419,0.030294,0.851111,3.141064,3.141431,3.141132
3.056000,0.013995,0.030641,0.852881,3.141064,3.141431,3.141132
3.058000,0.013593,0.030959,0.854664,3.141064,3.141431,3.141132
3.060000,0.013214,0.031248,0.856458,3.141064,3.141431,3.141132
3.062000,0.012856,0.031506,0.858262,3.141064,3.141431,3.141132
3.064000,0.012520,0.031734,0.860077,3.141064,3.141431,3.141132
3.066000,0.012207,0.031930,0.861902,3.141064,3.141431,3.141132
3.068000,0.011886,0.032097,0.863725,3.141064,3.141431,3.141132
3.070000,0.011553,0.032233,0.865543,3.141064,3.141431,3.141132
3.072000,0.011210,0.032329,0.867354,3.141064,3.141431,3.141132
3.074000,0.010867,0.032376,0.869155,3.141064,3.141431,3.141132
3.076000,0.010527,0.032373,0.870948,3.141064,3.141431,3.141132
3.078000,0.010201,0.032311,0.872732,3.141064,3.141431,3.141132
3.080000,0.009902,0.032181,0.874507,3.141064,3.141431,3.141132
3.082000,0.009655,0.031967,0.876272,3.141064,3.141431,3.141132
3.084000,0.009471,0.031662,0.878028,3.141064,3.141431,3.141132
3.086000,0.009351,0.031268,0.879775,3.141064,3.141431,3.141132
3.088000,0.009301,0.030782,0.881514,3.141064,3.141431,3.141132
3.090000,0.009326,0.030208,0.883245,3.141064,3.141431,3.141132
3.092000,0.009434,0.029549,0.884970,3.141064,3.141431,3.141132
3.094000,0.009632,0.028809,0.886688,3.141064,3.141431,3.141132
3.096000,0.009920,0.027994,0.888401,3.141064,3.141431,3.141132
3.098000,0.010300,0.027105,0.890108,3.141064,3.141431,3.141132
3.100000,0.010769,0.026153,0.891811,3.141064,3.141431,3.141132
3.102000,0.011323,0.025147,0.893511,3.141064,3.141431,3.141132
3.104000,0.011611,0.023957,0.895116,3.141064,3.141431,3.141132
3.106000,0.011661,0.022614,0.896635,3.141064,3.141431,3.141132
3.108000,0.011524,0.021140,0.898081,3.141064,3.141431,3.141132
3.110000,0.011206,0.019536,0.899466,3.141064,3.141431,3.141132
3.112000,0.010709,0.017807,0.900813,3.141064,3.141431,3.141132
3.114000,0.010075,0.015954,0.902125,3.141064,3.141431,3.141132
3.116000,0.009405,0.014001,0.903392,3.141064,3.141431,3.141132
3.118000,0.008716,0.011961,0.904620,3.141064,3.141431,3.141132
3.120000,0.008064,0.009858,0.905804,3.141064,3.141431,3.141132
3.122000,0.007488,0.007716,0.906947,3.141064,3.141431,3.141132
3.124000,0.007045,0.005580,0.908044,3.141064,3.141431,3.141132
3.126000,0.006753,0.003479,0.909101,3.141064,3.141431,3.141132
3.128000,0.006614,0.001429,0.910119,3.141064,3.141431,3.141132
3.130000,0.006627,-0.000550,0.911102,3.141064,3.141431,3.141132
3.132000,0.006783,-0.002441,0.912054,3.141064,3.141431,3.141132
3.134000,0.007076,-0.004225,0.912979,3.141064,3.141431,3.141132
3.136000,0.007498,-0.005886,0.913880,3.141064,3.141431,3.141132
3.138000,0.008049,-0.007422,0.914758,3.141064,3.141431,3.141132
3.140000,0.008708,-0.008801,0.915618,3.141064,3.141431,3.141132
3.142000,0.009475,-0.010022,0.916460,3.141064,3.141431,3.141132
3.144000,0.010331,-0.011057,0.917288,3.141064,3.141431,3.141132
3.146000,0.011261,-0.011893,0.918105,3.141064,3.141431,3.141132
3.148000,0.012251,-0.012522,0.918913,3.141064,3.141431,3.141132
3.150000,0.013303,-0.012944,0.919711,3.141064,3.141431,3.141132
3.152000,0.014401,-0.013153,0.920501,3.141064,3.141431,3.141132
3.154000,0.015515,-0.013143,0.921287,3.141064,3.141431,3.141132
3.156000,0.016633,-0.012911,0.922069,3.141064,3.141431,3.141132
3.158000,0.017738,-0.012465,0.922848,3.141064,3.141431,3.141132
3.160000,0.018830,-0.011804,0.923624,3.141064,3.141431,3.141132
3.162000,0.019891,-0.010937,0.924398,3.141064,3.141431,3.141132
3.164000,0.020905,-0.009876,0.925170,3.141064,3.141431,3.141132
3.166000,0.021835,-0.008646,0.925943,3.141064,3.141431,3.141132
3.168000,0.022665,-0.007269,0.926717,3.141064,3.141431,3.141132
3.170000,0.023395,-0.005744,0.927492,3.141064,3.141431,3.141132
3.172000,0.024005,-0.004109,0.928269,3.141064,3.141431,3.141132
3.174000,0.024496,-0.002363,0.929049,3.141064,3.141431,3.141132
3.176000,0.024856,-0.000545,0.929832,3.141064,3.141431,3.141132
3.178000,0.025078,0.001318,0.930619,3.141064,3.141431,3.141132
3.180000,0.025162,0.003227,0.931410,3.141064,3.141431,3.141132
3.182000,0.025105,0.005156,0.932206,3.141064,3.141431,3.141132
3.184000,0.024903,0.007059,0.933007,3.141064,3.141431,3.141132
3.186000,0.024559,0.008914,0.933812,3.141064,3.141431,3.141132
3.188000,0.024077,0.010696,0.934623,3.141064,3.141431,3.141132
3.190000,0.023456,0.012404,0.935439,3.141064,3.141431,3.141132
3.192000,0.022704,0.014019,0.936259,3.141064,3.141431,3.141132
3.194000,0.021831,0.015521,0.937083,3.141064,3.141431,3.141132
3.196000,0.020855,0.016875,0.937910,3.141064,3.141431,3.141132
3.198000,0.019786,0.018066,0.938740,3.141064,3.141431,3.141132
3.200000,0.018641,0.019084,0.939570,3.141064,3.141431,3.141132
3.202000,0.017418,0.019926,0.940401,3.141064,3.141431,3.141132
3.204000,0.016151,0.020581,0.941229,3.141064,3.141431,3.141132
3.206000,0.014856,0.021042,0.942054,3.141064,3.141431,3.141132
3.208000,0.013544,0.021310,0.942874,3.141064,3.141431,3.141132
3.210000,0.012230,0.021385,0.943687,3.141064,3.141431,3.141132
3.212000,0.010915,0.021268,0.944493,3.141064,3.141431,3.141132
3.214000,0.009614,0.020965,0.945290,3.141064,3.141431,3.141132
3.216000,0.008367,0.020495,0.946076,3.141064,3.141431,3.141132
3.218000,0.007190,0.019870,0.946850,3.141064,3.141431,3.141132
3.220000,0.006094,0.019101,0.947610,3.141064,3.141431,3.141132
3.222000,0.005077,0.018188,0.948355,3.141064,3.141431,3.141132
3.224000,0.004154,0.017149,0.949086,3.141064,3.141431,3.141132
3.226000,0.003334,0.016004,0.949801,3.141064,3.141431,3.141132
3.228000,0.002637,0.014791,0.950501,3.141064,3.141431,3.141132
3.230000,0.002061,0.013511,0.951186,3.141064,3.141431,3.141132
3.232000,0.001611,0.012181,0.951857,3.141064,3.141431,3.141132
3.234000,0.001293,0.010850,0.952514,3.141064,3.141431,3.141132
3.236000,0.001110,0.009541,0.953161,3.141064,3.141431,3.141132
3.238000,0.001060,0.008277,0.953797,3.141064,3.141431,3.141132
3.240000,0.001142,0.007058,0.954425,3.141064,3.141431,3.141132
3.242000,0.001350,0.005901,0.955044,3.141064,3.141431,3.141132
3.244000,0.001679,0.004830,0.955658,3.141064,3.141431,3.141132
3.246000,0.002114,0.003885,0.956269,3.141064,3.141431,3.141132
3.248000,0.002655,0.003066,0.956878,3.141064,3.141431,3.141132
3.250000,0.003292,0.002389,0.957487,3.141064,3.141431,3.141132
3.252000,0.004012,0.001868,0.958096,3.141064,3.141431,3.141132
3.254000,0.004788,0.001525,0.958709,3.141064,3.141431,3.141132
3.256000,0.005604,0.001369,0.959328,3.141064,3.141431,3.141132
3.258000,0.006460,0.001400,0.959953,3.141064,3.141431,3.141132
3.260000,0.007340,0.001619,0.960584,3.141064,3.141431,3.141132
3.262000,0.008228,0.002026,0.961224,3.141064,3.141431,3.141132
3.264000,0.009089,0.002620,0.961875,3.141064,3.141431,3.141132
3.266000,0.009907,0.003395,0.962538,3.141064,3.141431,3.141132
3.268000,0.010682,0.004347,0.963213,3.141064,3.141431,3.141132
3.270000,0.011401,0.005469,0.963899,3.141064,3.141431,3.141132
3.272000,0.012036,0.006736,0.964600,3.141064,3.141431,3.141132
3.274000,0.012572,0.008133,0.965316,3.141064,3.141431,3.141132
3.276000,0.013001,0.009643,0.966046,3.141064,3.141431,3.141132
3.278000,0.013321,0.011264,0.966792,3.141064,3.141431,3.141132
3.280000,0.013525,0.012976,0.967554,3.141064,3.141431,3.141132
3.282000,0.013604,0.014763,0.968332,3.141064,3.141431,3.141132
3.284000,0.013543,0.016582,0.969129,3.141064,3.141431,3.141132
3.286000,0.013336,0.018408,0.969946,3.141064,3.141431,3.141132
3.288000,0.012981,0.020217,0.970782,3.141064,3.141431,3.141132
3.290000,0.012479,0.022010,0.971639,3.141064,3.141431,3.141132
3.292000,0.011830,0.023761,0.972516,3.141064,3.141431,3.141132
3.294000,0.011036,0.025444,0.973413,3.141064,3.141431,3.141132
3.296000,0.010105,0.027040,0.974330,3.141064,3.141431,3.141132
3.298000,0.009056,0.028507,0.975263,3.141064,3.141431,3.141132
3.300000,0.007889,0.029844,0.976212,3.141064,3.141431,3.141132
3.302000,0.006613,0.031031,0.977176,3.141064,3.141431,3.141132
3.304000,0.005241,0.032045,0.978153,3.141064,3.141431,3.141132
3.306000,0.003783,0.032870,0.979142,3.141064,3.141431,3.141132
3.308000,0.003783,0.032870,0.979142,3.141064,3.141431,3.141132
3.310000,0.000609,0.033695,0.981172,3.141064,3.141431,3.141132
3.312000,3.140493,3.107910,-2.159379,3.141064,3.141431,3.141132
3.314000,3.138705,3.108205,-2.158321,3.141064,3.141431,3.141132
3.316000,3.136937,3.108778,-2.157258,3.141064,3.141431,3.141132
3.318000,3.135237,3.109614,-2.156202,3.141064,3.141431,3.141132
3.320000,3.133604,3.110712,-2.155152,3.141064,3.141431,3.141132
3.322000,3.132069,3.112056,-2.154116,3.141064,3.141431,3.141132
3.324000,3.130662,3.113627,-2.153099,3.141064,3.141431,3.141132
3.326000,3.129426,3.115382,-2.152105,3.141064,3.141431,3.141132
3.328000,3.128374,3.117305,-2.151135,3.141064,3.141431,3.141132
3.330000,3.127516,3.119366,-2.150189,3.141064,3.141431,3.141132
3.332000,3.126850,3.121565,-2.149265,3.141064,3.141431,3.141132
3.334000,3.126377,3.123880,-2.148363,3.141064,3.141431,3.141132
3.336000,3.126103,3.126281,-2.147480,3.141064,3.141431,3.141132
3.338000,3.126034,3.128711,-2.146614,3.141064,3.141431,3.141132
3.340000,3.126169,3.131144,-2.145763,3.141064,3.141431,3.141132
3.342000,3.126508,3.133580,-2.144926,3.141064,3.141431,3.141132
3.344000,3.127047,3.135990,-2.144099,3.141064,3.141431,3.141132
3.346000,3.127787,3.138339,-2.143284,3.141064,3.141431,3.141132
3.348000,3.128727,3.140595,-2.142478,3.141064,3.141431,3.141132
3.350000,3.129855,-3.140482,-2.141681,3.141064,3.141431,3.141132
3.352000,3.131169,-3.138519,-2.140890,3.141064,3.141431,3.141132
3.354000,3.132658,-3.136728,-2.140104,3.141064,3.141431,3.141132
3.356000,3.134299,-3.135133,-2.139319,3.141064,3.141431,3.141132
3.358000,3.136053,-3.133774,-2.138530,3.141064,3.141431,3.141132
3.360000,3.137897,-3.132667,-2.137734,3.141064,3.141431,3.141132
3.362000,3.139832,-3.131812,-2.136932,3.141064,3.141431,3.141132
3.364000,0.000250,-0.010374,1.005471,3.141064,3.141431,3.141132
3.366000,0.002289,-0.010689,1.006292,3.141064,3.141431,3.141132
3.368000,0.004326,-0.010742,1.007119,3.141064,3.141431,3.141132
3.370000,0.006365,-0.010525,1.007951,3.141064,3.141431,3.141132
3.372000,0.008166,-0.010053,1.008773,3.141064,3.141431,3.141132
3.374000,0.009616,-0.009532,1.009582,3.141064,3.141431,3.141132
3.376000,0.010722,-0.008961,1.010370,3.141064,3.141431,3.141132
3.378000,0.011496,-0.008390,1.011142,3.141064,3.141431,3.141132
3.380000,0.011964,-0.007838,1.011899,3.141064,3.141431,3.141132
3.382000,0.012132,-0.007301,1.012643,3.141064,3.141431,3.141132
3.384000,0.012075,-0.006801,1.013381,3.141064,3.141431,3.141132
3.386000,0.011796,-0.006337,1.014113,3.141064,3.141431,3.141132
3.388000,0.011325,-0.005926,1.014839,3.141064,3.141431,3.141132
3.390000,0.010690,-0.005581,1.015556,3.141064,3.141431,3.141132
3.392000,0.009920,-0.005313,1.016264,3.141064,3.141431,3.141132
3.394000,0.009072,-0.005131,1.016960,3.141064,3.141431,3.141132
3.396000,0.008147,-0.005033,1.017644,3.141064,3.141431,3.141132
3.398000,0.007169,-0.005019,1.018316,3.141064,3.141431,3.141132
3.400000,0.006162,-0.005082,1.018974,3.141064,3.141431,3.141132
3.402000,0.005145,-0.005213,1.019618,3.141064,3.141431,3.141132
3.404000,0.004152,-0.005392,1.020248,3.141064,3.141431,3.141132
3.406000,0.003184,-0.005620,1.020864,3.141064,3.141431,3.141132
3.408000,0.002253,-0.005885,1.021466,3.141064,3.141431,3.141132
3.410000,0.001372,-0.006178,1.022055,3.141064,3.141431,3.141132
3.412000,0.000553,-0.006489,1.022630,3.141064,3.141431,3.141132
3.414000,3.141405,-3.134792,-2.118400,3.141064,3.141431,3.141132
3.416000,3.140743,-3.134479,-2.117849,3.141064,3.141431,3.141132
3.418000,3.140166,-3.134173,-2.117310,3.141064,3.141431,3.141132
3.420000,3.139685,-3.133884,-2.116783,3.141064,3.141431,3.141132
3.422000,3.139301,-3.133619,-2.116265,3.141064,3.141431,3.141132
3.424000,3.139013,-3.133382,-2.115757,3.141064,3.141431,3.141132
3.426000,3.138817,-3.133177,-2.115257,3.141064,3.141431,3.141132
3.428000,3.138713,-3.133007,-2.114766,3.141064,3.141431,3.141132
3.430000,3.138698,-3.132874,-2.114282,3.141064,3.141431,3.141132
3.432000,3.138765,-3.132784,-2.113806,3.141064,3.141431,3.141132
3.434000,3.138901,-3.132741,-2.113336,3.141064,3.141431,3.141132
3.436000,3.139097,-3.132746,-2.112871,3.141064,3.141431,3.141132
3.438000,3.139353,-3.132800,-2.112412,3.141064,3.141431,3.141132
3.440000,3.139659,-3.132903,-2.111958,3.141064,3.141431,3.141132
3.442000,3.139994,-3.133054,-2.111507,3.141064,3.141431,3.141132
3.444000,3.140349,-3.133252,-2.111060,3.141064,3.141431,3.141132
3.446000,3.140713,-3.133493,-2.110616,3.141064,3.141431,3.141132
3.448000,3.141087,-3.133780,-2.110176,3.141064,3.141431,3.141132
3.450000,3.141460,-3.134109,-2.109738,3.141064,3.141431,3.141132
3.452000,0.000231,-0.007115,1.032290,3.141064,3.141431,3.141132
3.454000,0.000574,-0.006710,1.032722,3.141064,3.141431,3.141132
3.456000,0.000881,-0.006275,1.033153,3.141064,3.141431,3.141132
3.458000,0.001152,-0.005810,1.033582,3.141064,3.141431,3.141132
3.460000,0.001378,-0.005321,1.034008,3.141064,3.141431,3.141132
3.462000,0.001554,-0.004810,1.034433,3.141064,3.141431,3.141132
3.464000,0.001675,-0.004282,1.034857,3.141064,3.141431,3.141132
3.466000,0.001738,-0.003741,1.035279,3.141064,3.141431,3.141132
3.468000,0.001737,-0.003194,1.035699,3.141064,3.141431,3.141132
3.470000,0.001672,-0.002640,1.036119,3.141064,3.141431,3.141132
3.472000,0.001544,-0.002084,1.036537,3.141064,3.141431,3.141132
3.474000,0.001352,-0.001529,1.036954,3.141064,3.141431,3.141132
3.476000,0.001097,-0.000979,1.037370,3.141064,3.141431,3.141132
3.478000,0.000785,-0.000439,1.037785,3.141064,3.141431,3.141132
3.480000,0.000415,0.000092,1.038200,3.141064,3.141431,3.141132
3.482000,3.141583,3.140982,-2.102979,3.141064,3.141431,3.141132
3.484000,3.141109,3.140479,-2.102566,3.141064,3.141431,3.141132
3.486000,3.140596,3.139992,-2.102153,3.141064,3.141431,3.141132
3.488000,3.140049,3.139523,-2.101739,3.141064,3.141431,3.141132
3.490000,3.139474,3.139073,-2.101326,3.141064,3.141431,3.141132
3.492000,3.138871,3.138640,-2.100912,3.141064,3.141431,3.141132
3.494000,3.138246,3.138227,-2.100497,3.141064,3.141431,3.141132
3.496000,3.137607,3.137834,-2.100081,3.141064,3.141431,3.141132
3.498000,3.136959,3.137460,-2.099664,3.141064,3.141431,3.141132
3.500000,3.136315,3.137104,-2.099245,3.141064,3.141431,3.141132
3.502000,3.135675,3.136766,-2.098823,3.141064,3.141431,3.141132
3.504000,3.135045,3.136445,-2.098399,3.141064,3.141431,3.141132
3.506000,3.134430,3.136141,-2.097971,3.141064,3.141431,3.141132
3.508000,3.133835,3.135851,-2.097541,3.141064,3.141431,3.141132
3.510000,3.133267,3.135573,-2.097105,3.141064,3.141431,3.141132
3.512000,3.132730,3.135304,-2.096663,3.141064,3.141431,3.141132
3.514000,3.132225,3.135046,-2.096216,3.141064,3.141431,3.141132
3.516000,3.131754,3.134798,-2.095762,3.141064,3.141431,3.141132
3.518000,3.131321,3.134555,-2.095300,3.141064,3.141431,3.141132
3.520000,3.130925,3.134318,-2.094829,3.141064,3.141431,3.141132
3.522000,3.130569,3.134085,-2.094348,3.141064,3.141431,3.141132
3.524000,3.130253,3.133856,-2.093857,3.141064,3.141431,3.141132
3.526000,3.129975,3.133630,-2.093354,3.141064,3.141431,3.141132
3.528000,3.129735,3.133406,-2.092839,3.141064,3.141431,3.141132
3.530000,3.129531,3.133184,-2.092311,3.141064,3.141431,3.141132
3.532000,3.129361,3.132963,-2.091769,3.141064,3.141431,3.141132
3.534000,3.129222,3.132742,-2.091213,3.141064,3.141431,3.141132
3.536000,3.129115,3.132523,-2.090643,3.141064,3.141431,3.141132
3.538000,3.129036,3.132303,-2.090058,3.141064,3.141431,3.141132
3.540000,3.128983,3.132085,-2.089457,3.141064,3.141431,3.141132
3.542000,3.128949,3.131868,-2.088838,3.141064,3.141431,3.141132
3.544000,3.128934,3.131653,-2.088202,3.141064,3.141431,3.141132
3.546000,3.128936,3.131440,-2.087549,3.141064,3.141431,3.141132
3.548000,3.128956,3.131230,-2.086878,3.141064,3.141431,3.141132
3.550000,3.128990,3.131024,-2.086189,3.141064,3.141431,3.141132
3.552000,3.129036,3.130822,-2.085480,3.141064,3.141431,3.141132
3.554000,3.129088,3.130624,-2.084752,3.141064,3.141431,3.141132
3.556000,3.129143,3.130430,-2.084004,3.141064,3.141431,3.141132
3.558000,3.129201,3.130241,-2.083236,3.141064,3.141431,3.141132
3.560000,3.129259,3.130057,-2.082449,3.141064,3.141431,3.141132
3.562000,3.129311,3.129879,-2.081639,3.141064,3.141431,3.141132
3.564000,3.129352,3.129708,-2.080808,3.141064,3.141431,3.141132
3.566000,3.129383,3.129545,-2.079955,3.141064,3.141431,3.141132
3.568000,3.129402,3.129390,-2.079079,3.141064,3.141431,3.141132
3.570000,3.129415,3.129247,-2.078182,3.141064,3.141431,3.141132
3.572000,3.129402,3.129113,-2.077276,3.141064,3.141431,3.141132
3.574000,3.129362,3.128990,-2.076364,3.141064,3.141431,3.141132
3.576000,3.129298,3.128884,-2.075448,3.141064,3.141431,3.141132
3.578000,3.129213,3.128795,-2.074526,3.141064,3.141431,3.141132
3.580000,3.129113,3.128730,-2.073600,3.141064,3.141431,3.141132
3.582000,3.129006,3.128695,-2.072668,3.141064,3.141431,3.141132
3.584000,3.128892,3.128692,-2.071731,3.141064,3.141431,3.141132
3.586000,3.128796,3.128736,-2.070789,3.141064,3.141431,3.141132
3.588000,3.128725,3.128831,-2.069840,3.141064,3.141431,3.141132
3.590000,3.128681,3.128979,-2.068884,3.141064,3.141431,3.141132
3.592000,3.128671,3.129180,-2.067921,3.141064,3.141431,3.141132
3.594000,3.128715,3.129428,-2.066950,3.141064,3.141431,3.141132
3.596000,3.128821,3.129721,-2.065972,3.141064,3.141431,3.141132
3.598000,3.128995,3.130052,-2.064986,3.141064,3.141431,3.141132
3.600000,3.129238,3.130422,-2.063992,3.141064,3.141431,3.141132
3.602000,3.129553,3.130818,-2.062991,3.141064,3.141431,3.141132
3.604000,3.129806,3.131316,-2.062020,3.141064,3.141431,3.141132
3.606000,3.130011,3.131902,-2.061078,3.141064,3.141431,3.141132
3.608000,3.130179,3.132567,-2.060159,3.141064,3.141431,3.141132
3.610000,3.130233,3.133423,-2.059250,3.141064,3.141431,3.141132
3.612000,3.130120,3.134535,-2.058329,3.141064,3.141431,3.141132
3.614000,3.129882,3.135888,-2.057400,3.141064,3.141431,3.141132
3.616000,3.129564,3.137470,-2.056469,3.141064,3.141431,3.141132
3.618000,3.129211,3.139265,-2.055541,3.141064,3.141431,3.141132
3.622000,3.128823,3.141269,-2.054616,3.141064,3.141431,3.141132
3.622000,3.128439,-3.139720,-2.053697,3.141064,3.141431,3.141132
3.624000,3.128091,-3.137352,-2.052789,3.141064,3.141431,3.141132
3.626000,3.127839,-3.134858,-2.051898,3.141064,3.141431,3.141132
3.628000,3.127709,-3.132266,-2.051025,3.141064,3.141431,3.141132
3.630000,3.127716,-3.129602,-2.050173,3.141064,3.141431,3.141132
3.632000,3.127872,-3.126895,-2.049342,3.141064,3.141431,3.141132
3.634000,3.128176,-3.124145,-2.048530,3.141064,3.141431,3.141132
3.636000,3.128636,-3.121383,-2.047740,3.141064,3.141431,3.141132
3.638000,3.129257,-3.118639,-2.046971,3.141064,3.141431,3.141132
3.640000,3.130047,-3.115974,-2.046226,3.141064,3.141431,3.141132
3.642000,3.131005,-3.113426,-2.045507,3.141064,3.141431,3.141132
3.644000,3.132125,-3.111024,-2.044814,3.141064,3.141431,3.141132
3.646000,3.133407,-3.108768,-2.044145,3.141064,3.141431,3.141132
3.648000,3.134840,-3.106692,-2.043502,3.141064,3.141431,3.141132
3.650000,3.136400,-3.104857,-2.042889,3.141064,3.141431,3.141132
3.652000,3.138067,-3.103296,-2.042305,3.141064,3.141431,3.141132
3.654000,3.139822,-3.102031,-2.041753,3.141064,3.141431,3.141132
3.656000,0.000073,-0.040533,1.100361,3.141064,3.141431,3.141132
3.658000,0.001979,-0.041190,1.100851,3.141064,3.141431,3.141132
3.660000,0.003894,-0.041501,1.101306,3.141064,3.141431,3.141132
3.662000,0.003894,-0.041501,1.101306,3.141064,3.141431,3.141132
3.664000,0.007629,-0.041058,1.102107,3.141064,3.141431,3.141132
3.666000,0.009417,-0.040305,1.102451,3.141064,3.141431,3.141132
3.668000,0.011081,-0.039215,1.102758,3.141064,3.141431,3.141132
3.670000,0.012590,-0.037801,1.103029,3.141064,3.141431,3.141132
3.672000,0.013917,-0.036082,1.103264,3.141064,3.141431,3.141132
3.674000,0.015036,-0.034084,1.103465,3.141064,3.141431,3.141132
3.676000,0.015950,-0.031809,1.103634,3.141064,3.141431,3.141132
3.678000,0.016607,-0.029324,1.103777,3.141064,3.141431,3.141132
3.680000,0.016985,-0.026668,1.103899,3.141064,3.141431,3.141132
3.682000,0.017085,-0.023842,1.104000,3.141064,3.141431,3.141132
3.684000,0.016871,-0.020939,1.104091,3.141064,3.141431,3.141132
3.686000,0.016329,-0.018008,1.104176,3.141064,3.141431,3.141132
3.688000,0.015460,-0.015052,1.104258,3.141064,3.141431,3.141132
3.690000,0.014258,-0.012181,1.104347,3.141064,3.141431,3.141132
3.692000,0.012720,-0.009448,1.104452,3.141064,3.141431,3.141132
3.694000,0.010860,-0.006912,1.104578,3.141064,3.141431,3.141132
3.696000,0.008677,-0.004572,1.104726,3.141064,3.141431,3.141132
3.698000,0.006204,-0.002531,1.104906,3.141064,3.141431,3.141132
3.700000,0.003468,-0.000841,1.105124,3.141064,3.141431,3.141132
3.702000,0.000500,0.000454,1.105382,3.141064,3.141431,3.141132
3.704000,3.138922,3.140276,-2.035908,3.141064,3.141431,3.141132
3.706000,3.135596,3.139879,-2.035563,3.141064,3.141431,3.141132
3.708000,3.132114,3.139948,-2.035177,3.141064,3.141431,3.141132
3.710000,3.128519,3.140509,-2.034750,3.141064,3.141431,3.141132
3.712000,3.124861,3.141579,-2.034285,3.141064,3.141431,3.141132
3.714000,3.121234,-3.139999,-2.033782,3.141064,3.141431,3.141132
3.716000,3.117691,-3.137852,-2.033246,3.141064,3.141431,3.141132
3.718000,3.114230,-3.135167,-2.032680,3.141064,3.141431,3.141132
3.720000,3.110915,-3.131964,-2.032091,3.141064,3.141431,3.141132
3.722000,3.107859,-3.128297,-2.031485,3.141064,3.141431,3.141132
3.724000,3.105115,-3.124205,-2.030868,3.141064,3.141431,3.141132
3.726000,3.102680,-3.119686,-2.030241,3.141064,3.141431,3.141132
3.728000,3.100638,-3.114841,-2.029611,3.141064,3.141431,3.141132
3.730000,3.099033,-3.109732,-2.028982,3.141064,3.141431,3.141132
3.732000,3.097861,-3.104359,-2.028351,3.141064,3.141431,3.141132
3.734000,3.097155,-3.098798,-2.027720,3.141064,3.141431,3.141132
3.736000,3.096969,-3.093209,-2.027096,3.141064,3.141431,3.141132
3.738000,3.097322,-3.087681,-2.026479,3.141064,3.141431,3.141132
3.740000,3.098210,-3.082214,-2.025864,3.141064,3.141431,3.141132
3.742000,3.099633,-3.076991,-2.025257,3.141064,3.141431,3.141132
3.744000,3.101584,-3.072105,-2.024657,3.141064,3.141431,3.141132
3.746000,3.104039,-3.067646,-2.024068,3.141064,3.141431,3.141132
3.748000,3.106964,-3.063698,-2.023490,3.141064,3.141431,3.141132
3.750000,3.110358,-3.060263,-2.022920,3.141064,3.141431,3.141132
3.752000,3.114179,-3.057419,-2.022364,3.141064,3.141431,3.141132
3.754000,3.118372,-3.055242,-2.021827,3.141064,3.141431,3.141132
3.756000,3.122883,-3.053799,-2.021320,3.141064,3.141431,3.141132
3.758000,3.127507,-3.053166,-2.020889,3.141064,3.141431,3.141132
3.760000,3.132103,-3.053351,-2.020570,3.141064,3.141431,3.141132
3.762000,3.136669,-3.054348,-2.020371,3.141064,3.141431,3.141132
3.764000,3.140985,-3.056152,-2.020362,3.141064,3.141431,3.141132
3.766000,0.003213,-0.082905,1.120975,3.141064,3.141431,3.141132
3.768000,0.006309,-0.079711,1.120387,3.141064,3.141431,3.141132
3.770000,0.009007,-0.075479,1.119592,3.141064,3.141431,3.141132
3.772000,0.011302,-0.070242,1.118606,3.141064,3.141431,3.141132
3.774000,0.013070,-0.064157,1.117499,3.141064,3.141431,3.141132
3.776000,0.014272,-0.057266,1.116313,3.141064,3.141431,3.141132
3.778000,0.014816,-0.049698,1.115150,3.141064,3.141431,3.141132
3.780000,0.014800,-0.041885,1.114255,3.141064,3.141431,3.141132
3.782000,0.014207,-0.033860,1.113669,3.141064,3.141431,3.141132
3.784000,0.013298,-0.025962,1.113524,3.141064,3.141431,3.141132
3.786000,0.013029,-0.018872,1.113916,3.141064,3.141431,3.141132
3.788000,0.013961,-0.012727,1.114665,3.141064,3.141431,3.141132
3.790000,0.016148,-0.007448,1.115635,3.141064,3.141431,3.141132
3.792000,0.019322,-0.002970,1.116951,3.141064,3.141431,3.141132
3.794000,0.022980,0.000864,1.118844,3.141064,3.141431,3.141132
3.796000,0.026231,0.004420,1.121387,3.141064,3.141431,3.141132
3.798000,0.028481,0.008217,1.124381,3.141064,3.141431,3.141132
3.800000,0.029188,0.012445,1.127149,3.141064,3.141431,3.141132
3.802000,0.028627,0.016934,1.129467,3.141064,3.141431,3.141132
3.804000,0.026843,0.021544,1.131248,3.141064,3.141431,3.141132
3.806000,0.024162,0.025780,1.132492,3.141064,3.141431,3.141132
3.808000,0.020778,0.029328,1.133261,3.141064,3.141431,3.141132
3.810000,0.016799,0.032201,1.133596,3.141064,3.141431,3.141132
3.812000,0.012413,0.034234,1.133568,3.141064,3.141431,3.141132
3.814000,0.007857,0.035201,1.133277,3.141064,3.141431,3.141132
3.816000,0.003086,0.034926,1.132938,3.141064,3.141431,3.141132
3.818000,3.139831,3.108149,-2.008997,3.141064,3.141431,3.141132
3.820000,3.134796,3.110199,-2.009348,3.141064,3.141431,3.141132
3.822000,3.129584,3.112789,-2.009715,3.141064,3.141431,3.141132
3.824000,3.124398,3.115759,-2.010115,3.141064,3.141431,3.141132
3.826000,3.124398,3.115759,-2.010115,3.141064,3.141431,3.141132
3.828000,3.115007,3.122306,-2.011068,3.141064,3.141431,3.141132
3.830000,3.110918,3.125794,-2.011625,3.141064,3.141431,3.141132
3.832000,3.107383,3.129295,-2.012244,3.141064,3.141431,3.141132
3.834000,3.104458,3.132744,-2.012927,3.141064,3.141431,3.141132
3.836000,3.102177,3.136084,-2.013678,3.141064,3.141431,3.141132
3.838000,3.100542,3.139284,-2.014495,3.141064,3.141431,3.141132
3.840000,3.099540,-3.140867,-2.015373,3.141064,3.141431,3.141132
3.842000,3.099148,-3.138018,-2.016309,3.141064,3.141431,3.141132
3.844000,3.099335,-3.135373,-2.017301,3.141064,3.141431,3.141132
3.846000,3.099335,-3.135373,-2.017301,3.141064,3.141431,3.141132
3.848000,3.101290,-3.130756,-2.019439,3.141064,3.141431,3.141132
3.850000,3.102995,-3.128790,-2.020578,3.141064,3.141431,3.141132
3.852000,3.105082,-3.127070,-2.021759,3.141064,3.141431,3.141132
3.854000,3.107493,-3.125595,-2.022987,3.141064,3.141431,3.141132
3.856000,3.110224,-3.124361,-2.024262,3.141064,3.141431,3.141132
3.858000,3.113209,-3.123365,-2.025589,3.141064,3.141431,3.141132
3.860000,3.116307,-3.122596,-2.026971,3.141064,3.141431,3.141132
3.862000,3.119442,-3.122044,-2.028409,3.141064,3.141431,3.141132
3.864000,3.122615,-3.121711,-2.029903,3.141064,3.141431,3.141132
3.866000,3.125895,-3.121748,-2.031467,3.141064,3.141431,3.141132
3.868000,3.129198,-3.122132,-2.033085,3.141064,3.141431,3.141132
3.870000,3.132385,-3.122795,-2.034715,3.141064,3.141431,3.141132
3.872000,3.135457,-3.123738,-2.036360,3.141064,3.141431,3.141132
3.874000,3.138189,-3.124856,-2.037996,3.141064,3.141431,3.141132
3.876000,3.140477,-3.126105,-2.039617,3.141064,3.141431,3.141132
3.878000,0.000659,-0.014134,1.100375,3.141064,3.141431,3.141132
3.880000,0.001921,-0.012680,1.098796,3.141064,3.141431,3.141132
3.882000,0.002552,-0.011159,1.097298,3.141064,3.141431,3.141132
3.884000,0.002543,-0.009552,1.095846,3.141064,3.141431,3.141132
3.886000,0.001912,-0.007842,1.094398,3.141064,3.141431,3.141132
3.888000,0.000685,-0.006029,1.092920,3.141064,3.141431,3.141132
3.890000,3.140456,-3.137456,-2.050169,3.141064,3.141431,3.141132
3.892000,3.137979,-3.138974,-2.051616,3.141064,3.141431,3.141132
3.894000,3.134882,-3.140105,-2.053013,3.141064,3.141431,3.141132
3.896000,3.131167,-3.140884,-2.054366,3.141064,3.141431,3.141132
3.898000,3.126916,-3.141351,-2.055676,3.141064,3.141431,3.141132
3.900000,3.122301,-3.141562,-2.056943,3.141064,3.141431,3.141132
3.902000,3.117423,-3.141555,-2.058166,3.141064,3.141431,3.141132
3.904000,3.112287,-3.141347,-2.059349,3.141064,3.141431,3.141132
3.906000,3.106983,-3.140976,-2.060491,3.141064,3.141431,3.141132
3.908000,3.101690,-3.140502,-2.061587,3.141064,3.141431,3.141132
3.910000,3.096414,-3.139935,-2.062641,3.141064,3.141431,3.141132
3.912000,3.091302,-3.139341,-2.063645,3.141064,3.141431,3.141132
3.914000,3.086448,-3.138748,-2.064603,3.141064,3.141431,3.141132
3.916000,3.081918,-3.138191,-2.065514,3.141064,3.141431,3.141132
3.918000,3.077750,-3.137703,-2.066377,3.141064,3.141431,3.141132
3.920000,3.073948,-3.137289,-2.067196,3.141064,3.141431,3.141132
3.922000,3.070568,-3.136973,-2.067972,3.141064,3.141431,3.141132
3.924000,3.067666,-3.136805,-2.068711,3.141064,3.141431,3.141132
3.926000,3.065258,-3.136807,-2.069414,3.141064,3.141431,3.141132
3.928000,3.063344,-3.136984,-2.070084,3.141064,3.141431,3.141132
3.930000,3.061921,-3.137354,-2.070723,3.141064,3.141431,3.141132
3.932000,3.060969,-3.137928,-2.071333,3.141064,3.141431,3.141132
3.934000,3.060433,-3.138724,-2.071918,3.141064,3.141431,3.141132
3.936000,3.060433,-3.138724,-2.071918,3.141064,3.141431,3.141132
3.938000,3.060424,-3.140985,-2.073019,3.141064,3.141431,3.141132
3.940000,3.060892,3.140737,-2.073532,3.141064,3.141431,3.141132
3.942000,3.061671,3.139051,-2.074020,3.141064,3.141431,3.141132
3.944000,3.062568,3.137182,-2.074478,3.141064,3.141431,3.141132
3.946000,3.063505,3.135149,-2.074901,3.141064,3.141431,3.141132
3.948000,3.064416,3.132976,-2.075282,3.141064,3.141431,3.141132
3.950000,3.065298,3.130665,-2.075618,3.141064,3.141431,3.141132
3.952000,3.066085,3.128242,-2.075901,3.141064,3.141431,3.141132
3.954000,3.066660,3.125761,-2.076116,3.141064,3.141431,3.141132
3.956000,3.066972,3.123250,-2.076255,3.141064,3.141431,3.141132
3.958000,3.067022,3.120708,-2.076312,3.141064,3.141431,3.141132
3.960000,3.066774,3.118161,-2.076277,3.141064,3.141431,3.141132
3.962000,3.066205,3.115637,-2.076141,3.141064,3.141431,3.141132
3.964000,3.065283,3.113179,-2.075891,3.141064,3.141431,3.141132
3.966000,3.064012,3.110806,-2.075521,3.141064,3.141431,3.141132
3.968000,3.062404,3.108518,-2.075025,3.141064,3.141431,3.141132
3.970000,3.060460,3.106310,-2.074403,3.141064,3.141431,3.141132
3.972000,3.058207,3.104186,-2.073650,3.141064,3.141431,3.141132
3.974000,3.055714,3.102155,-2.072767,3.141064,3.141431,3.141132
3.976000,3.053027,3.100211,-2.071752,3.141064,3.141431,3.141132
3.978000,3.050198,3.098348,-2.070609,3.141064,3.141431,3.141132
3.980000,3.047230,3.096555,-2.069334,3.141064,3.141431,3.141132
3.982000,3.044193,3.094826,-2.067931,3.141064,3.141431,3.141132
3.984000,3.041148,3.093153,-2.066405,3.141064,3.141431,3.141132
3.986000,3.038157,3.091524,-2.064758,3.141064,3.141431,3.141132
3.988000,3.035322,3.089925,-2.062994,3.141064,3.141431,3.141132
3.990000,3.032646,3.088339,-2.061110,3.141064,3.141431,3.141132
3.992000,3.030186,3.086757,-2.059108,3.141064,3.141431,3.141132
3.994000,3.028014,3.085171,-2.056993,3.141064,3.141431,3.141132
3.996000,3.026173,3.083565,-2.054767,3.141064,3.141431,3.141132
3.998000,3.024698,3.081916,-2.052432,3.141064,3.141431,3.141132
4.000000,3.023623,3.080191,-2.049996,3.141064,3.141431,3.141132
4.002000,3.022960,3.078364,-2.047462,3.141064,3.141431,3.141132
4.004000,3.022751,3.076415,-2.044839,3.141064,3.141431,3.141132
4.006000,3.023019,3.074338,-2.042134,3.141064,3.141431,3.141132
4.008000,3.023797,3.072174,-2.039356,3.141064,3.141431,3.141132
4.010000,3.025092,3.069929,-2.036514,3.141064,3.141431,3.141132
4.012000,3.026920,3.067576,-2.033635,3.141064,3.141431,3.141132
4.014000,3.029832,3.065334,-2.031532,3.141064,3.141431,3.141132
4.016000,3.033765,3.063421,-2.030166,3.141064,3.141431,3.141132
4.018000,3.038516,3.062054,-2.029396,3.141064,3.141431,3.141132
4.020000,3.043346,3.061976,-2.028323,3.141064,3.141431,3.141132
4.022000,3.048119,3.062846,-2.026897,3.141064,3.141431,3.141132
4.024000,3.052863,3.064477,-2.025143,3.141064,3.141431,3.141132
4.026000,3.057411,3.066688,-2.023009,3.141064,3.141431,3.141132
4.028000,3.061437,3.069319,-2.020360,3.141064,3.141431,3.141132
4.030000,3.064977,3.072306,-2.017242,3.141064,3.141431,3.141132
4.032000,3.067959,3.075601,-2.013638,3.141064,3.141431,3.141132
4.034000,3.070198,3.079230,-2.009422,3.141064,3.141431,3.141132
4.036000,3.071689,3.083201,-2.004609,3.141064,3.141431,3.141132
4.038000,3.072479,3.087532,-1.999290,3.141064,3.141431,3.141132
4.040000,3.072592,3.092240,-1.993490,3.141064,3.141431,3.141132
4.042000,3.072186,3.097368,-1.987395,3.141064,3.141431,3.141132
4.044000,3.071446,3.102943,-1.981195,3.141064,3.141431,3.141132
4.046000,3.070402,3.108899,-1.974964,3.141064,3.141431,3.141132
4.048000,3.069238,3.115118,-1.968868,3.141064,3.141431,3.141132
4.050000,3.067951,3.121606,-1.962905,3.141064,3.141431,3.141132
4.052000,3.066088,3.129080,-1.957377,3.141064,3.141431,3.141132
4.054000,3.063794,3.137461,-1.952331,3.141064,3.141431,3.141132
4.056000,3.061853,-3.136375,-1.947496,3.141064,3.141431,3.141132
4.058000,3.060337,-3.126122,-1.942843,3.141064,3.141431,3.141132
4.060000,3.059477,-3.115026,-1.938404,3.141064,3.141431,3.141132
4.062000,3.059428,-3.103330,-1.934200,3.141064,3.141431,3.141132
4.064000,3.060224,-3.091080,-1.930193,3.141064,3.141431,3.141132
4.066000,3.061967,-3.078511,-1.926348,3.141064,3.141431,3.141132
4.068000,3.064668,-3.065833,-1.922857,3.141064,3.141431,3.141132
4.070000,3.068369,-3.053153,-1.919630,3.141064,3.141431,3.141132
4.072000,3.073098,-3.040600,-1.916573,3.141064,3.141431,3.141132
4.074000,3.078858,-3.028176,-1.913611,3.141064,3.141431,3.141132
4.076000,3.086262,-3.016222,-1.911593,3.141064,3.141431,3.141132
4.078000,3.094972,-3.005045,-1.910404,3.141064,3.141431,3.141132
4.080000,3.104954,-2.994645,-1.909982,3.141064,3.141431,3.141132
4.082000,3.116165,-2.985002,-1.910279,3.141064,3.141431,3.141132
4.084000,3.128562,-2.976070,-1.911250,3.141064,3.141431,3.141132
4.086000,0.000491,-0.173813,1.228727,3.141064,3.141431,3.141132
4.088000,0.015148,-0.182490,1.226190,3.141064,3.141431,3.141132
4.090000,0.030881,-0.191676,1.222851,3.141064,3.141431,3.141132
4.092000,0.047614,-0.201473,1.218851,3.141064,3.141431,3.141132
4.094000,0.065165,-0.211880,1.214432,3.141064,3.141431,3.141132
4.096000,0.083487,-0.222967,1.209764,3.141064,3.141431,3.141132
4.098000,0.102388,-0.234626,1.205134,3.141064,3.141431,3.141132
4.100000,0.121659,-0.246666,1.200840,3.141064,3.141431,3.141132
4.102000,0.141093,-0.258818,1.197183,3.141064,3.141431,3.141132
4.104000,0.160184,-0.270633,1.194870,3.141064,3.141431,3.141132
4.106000,0.178988,-0.281926,1.194017,3.141064,3.141431,3.141132
4.108000,0.197190,-0.292383,1.195252,3.141064,3.141431,3.141132
4.110000,0.214423,-0.301689,1.199116,3.141064,3.141431,3.141132
4.112000,0.229790,-0.309408,1.205994,3.141064,3.141431,3.141132
4.114000,0.243326,-0.315625,1.215750,3.141064,3.141431,3.141132
4.116000,0.254977,-0.320272,1.228271,3.141064,3.141431,3.141132
4.118000,0.264626,-0.323051,1.243444,3.141064,3.141431,3.141132
4.120000,0.272014,-0.323499,1.261137,3.141064,3.141431,3.141132
4.122000,0.276704,-0.321074,1.281185,3.141064,3.141431,3.141132
4.124000,0.272624,-0.324757,1.299657,3.141064,3.141431,3.141132
4.126000,0.261555,-0.334483,1.314720,3.141064,3.141431,3.141132
4.128000,0.245891,-0.349548,1.324283,3.141064,3.141431,3.141132
4.130000,0.234698,-0.362629,1.327033,3.141064,3.141431,3.141132
4.132000,0.228201,-0.375044,1.326339,3.141064,3.141431,3.141132
4.134000,0.224015,-0.386591,1.325030,3.141064,3.141431,3.141132
4.136000,0.221105,-0.397433,1.324305,3.141064,3.141431,3.141132
4.138000,0.219373,-0.406893,1.324138,3.141064,3.141431,3.141132
4.140000,0.219146,-0.414900,1.323643,3.141064,3.141431,3.141132
4.142000,0.221142,-0.421020,1.321690,3.141064,3.141431,3.141132
4.144000,0.225567,-0.424536,1.317198,3.141064,3.141431,3.141132
4.146000,0.231016,-0.425911,1.309974,3.141064,3.141431,3.141132
4.148000,0.234733,-0.427490,1.300705,3.141064,3.141431,3.141132
4.150000,0.236548,-0.427430,1.292597,3.141064,3.141431,3.141132
4.152000,0.236544,-0.426431,1.286361,3.141064,3.141431,3.141132
4.154000,0.234899,-0.424712,1.282104,3.141064,3.141431,3.141132
4.156000,0.230482,-0.424170,1.278438,3.141064,3.141431,3.141132
4.158000,0.223591,-0.424451,1.275261,3.141064,3.141431,3.141132
4.160000,0.214757,-0.425319,1.272272,3.141064,3.141431,3.141132
4.162000,0.204421,-0.426613,1.269139,3.141064,3.141431,3.141132
4.164000,0.192990,-0.428189,1.265583,3.141064,3.141431,3.141132
4.166000,0.180875,-0.429881,1.261399,3.141064,3.141431,3.141132
4.168000,0.168473,-0.431491,1.256473,3.141064,3.141431,3.141132
4.170000,0.156147,-0.432793,1.250785,3.141064,3.141431,3.141132
4.172000,0.156147,-0.432793,1.250785,3.141064,3.141431,3.141132
4.174000,0.132680,-0.433661,1.237489,3.141064,3.141431,3.141132
4.176000,0.121762,-0.432966,1.230094,3.141064,3.141431,3.141132
4.178000,0.111538,-0.431303,1.222295,3.141064,3.141431,3.141132
4.180000,0.101996,-0.428696,1.214169,3.141064,3.141431,3.141132
4.182000,0.093029,-0.425295,1.205804,3.141064,3.141431,3.141132
4.184000,0.084459,-0.421313,1.197264,3.141064,3.141431,3.141132
4.186000,0.076072,-0.417008,1.188616,3.141064,3.141431,3.141132
4.188000,0.067542,-0.412775,1.179998,3.141064,3.141431,3.141132
4.190000,0.058861,-0.408663,1.171420,3.141064,3.141431,3.141132
4.192000,0.049955,-0.404819,1.162943,3.141064,3.141431,3.141132
4.194000,0.040864,-0.401300,1.154593,3.141064,3.141431,3.141132
4.196000,0.031636,-0.398131,1.146375,3.141064,3.141431,3.141132
4.198000,0.022358,-0.395378,1.138296,3.141064,3.141431,3.141132
4.200000,0.013108,-0.393094,1.130339,3.141064,3.141431,3.141132
4.202000,0.003947,-0.391363,1.122485,3.141064,3.141431,3.141132
4.204000,3.136497,-2.751288,-2.026880,3.141064,3.141431,3.141132
4.206000,3.127569,-2.751520,-2.034583,3.141064,3.141431,3.141132
4.208000,3.118738,-2.750742,-2.042219,3.141064,3.141431,3.141132
4.210000,3.109572,-2.748772,-2.049037,3.141064,3.141431,3.141132
4.212000,3.100252,-2.746082,-2.055187,3.141064,3.141431,3.141132
4.214000,3.090880,-2.742997,-2.060795,3.141064,3.141431,3.141132
4.216000,3.081524,-2.739717,-2.065957,3.141064,3.141431,3.141132
4.218000,3.072180,-2.736382,-2.070759,3.141064,3.141431,3.141132
4.220000,3.062879,-2.733059,-2.075259,3.141064,3.141431,3.141132
4.222000,3.053562,-2.729749,-2.079518,3.141064,3.141431,3.141132
4.224000,3.043918,-2.726271,-2.083616,3.141064,3.141431,3.141132
4.226000,3.033991,-2.722578,-2.087585,3.141064,3.141431,3.141132
4.228000,3.024152,-2.719186,-2.091337,3.141064,3.141431,3.141132
4.230000,3.014312,-2.715871,-2.094901,3.141064,3.141431,3.141132
4.232000,3.004558,-2.712522,-2.098284,3.141064,3.141431,3.141132
4.234000,2.994932,-2.709028,-2.101502,3.141064,3.141431,3.141132
4.236000,2.985393,-2.705286,-2.104583,3.141064,3.141431,3.141132
4.238000,2.985393,-2.705286,-2.104583,3.141064,3.141431,3.141132
4.240000,2.967029,-2.696824,-2.110353,3.141064,3.141431,3.141132
4.242000,2.958273,-2.692014,-2.113076,3.141064,3.141431,3.141132
4.244000,2.949952,-2.686724,-2.115691,3.141064,3.141431,3.141132
4.246000,2.942053,-2.680933,-2.118218,3.141064,3.141431,3.141132
4.248000,2.934780,-2.674630,-2.120636,3.141064,3.141431,3.141132
4.250000,2.928372,-2.667830,-2.122919,3.141064,3.141431,3.141132
4.252000,2.922821,-2.660517,-2.125072,3.141064,3.141431,3.141132
4.252000,2.922821,-2.660517,-2.125072,3.141064,3.141431,3.141132
4.256000,2.918288,-2.652787,-2.127076,3.141064,3.141431,3.141132
4.258000,2.912498,-2.636221,-2.130577,3.141064,3.141431,3.141132
4.260000,2.911305,-2.627423,-2.132037,3.141064,3.141431,3.141132
4.262000,2.911378,-2.618468,-2.133254,3.141064,3.141431,3.141132
4.264000,2.912726,-2.609339,-2.134202,3.141064,3.141431,3.141132
4.266000,2.915305,-2.600172,-2.134850,3.141064,3.141431,3.141132
4.268000,2.919120,-2.591033,-2.135160,3.141064,3.141431,3.141132
4.270000,2.924112,-2.582003,-2.135108,3.141064,3.141431,3.141132
4.272000,2.930166,-2.573181,-2.134690,3.141064,3.141431,3.141132
4.274000,2.937141,-2.564664,-2.133915,3.141064,3.141431,3.141132
4.276000,2.944637,-2.556580,-2.132750,3.141064,3.141431,3.141132
4.278000,2.952667,-2.548938,-2.131184,3.141064,3.141431,3.141132
4.280000,2.960848,-2.541813,-2.129156,3.141064,3.141431,3.141132
4.282000,2.968447,-2.535217,-2.126610,3.141064,3.141431,3.141132
4.284000,2.975169,-2.529053,-2.123582,3.141064,3.141431,3.141132
4.286000,2.980870,-2.523100,-2.120168,3.141064,3.141431,3.141132
4.288000,2.985532,-2.517092,-2.116531,3.141064,3.141431,3.141132
4.290000,2.989229,-2.510790,-2.112884,3.141064,3.141431,3.141132
4.292000,2.992028,-2.504175,-2.109300,3.141064,3.141431,3.141132
4.294000,2.993872,-2.497124,-2.106173,3.141064,3.141431,3.141132
4.296000,2.995192,-2.489698,-2.103763,3.141064,3.141431,3.141132
4.298000,2.996236,-2.482069,-2.102160,3.141064,3.141431,3.141132
4.300000,2.997120,-2.474347,-2.101406,3.141064,3.141431,3.141132
4.302000,2.997875,-2.466565,-2.101515,3.141064,3.141431,3.141132
4.304000,2.998495,-2.458678,-2.102486,3.141064,3.141431,3.141132
4.306000,2.999000,-2.450607,-2.104323,3.141064,3.141431,3.141132
4.308000,2.999396,-2.442226,-2.107007,3.141064,3.141431,3.141132
4.310000,2.999566,-2.433316,-2.110356,3.141064,3.141431,3.141132
4.312000,2.999634,-2.423775,-2.114059,3.141064,3.141431,3.141132
4.314000,2.999731,-2.413680,-2.117826,3.141064,3.141431,3.141132
4.316000,2.999811,-2.402985,-2.121611,3.141064,3.141431,3.141132
4.318000,2.999938,-2.391801,-2.125078,3.141064,3.141431,3.141132
4.320000,3.000092,-2.380311,-2.127933,3.141064,3.141431,3.141132
4.322000,3.000006,-2.368971,-2.129768,3.141064,3.141431,3.141132
4.324000,2.999408,-2.358151,-2.130556,3.141064,3.141431,3.141132
4.326000,2.998355,-2.347973,-2.130393,3.141064,3.141431,3.141132
4.328000,2.996574,-2.338512,-2.129310,3.141064,3.141431,3.141132
4.330000,2.993649,-2.329621,-2.127609,3.141064,3.141431,3.141132
4.332000,2.989586,-2.320997,-2.125659,3.141064,3.141431,3.141132
4.334000,2.983872,-2.312315,-2.124588,3.141064,3.141431,3.141132
4.336000,2.976786,-2.303436,-2.124787,3.141064,3.141431,3.141132
4.338000,2.968365,-2.294448,-2.126306,3.141064,3.141431,3.141132
4.340000,2.959296,-2.285324,-2.129772,3.141064,3.141431,3.141132
4.342000,2.950103,-2.276319,-2.135151,3.141064,3.141431,3.141132
4.344000,2.940928,-2.267564,-2.142405,3.141064,3.141431,3.141132
4.346000,2.931690,-2.259094,-2.151485,3.141064,3.141431,3.141132
4.348000,2.922196,-2.250854,-2.162375,3.141064,3.141431,3.141132
4.350000,2.912417,-2.242756,-2.175067,3.141064,3.141431,3.141132
4.352000,2.902319,-2.234735,-2.189567,3.141064,3.141431,3.141132
4.354000,2.892181,-2.226765,-2.205613,3.141064,3.141431,3.141132
4.356000,2.882952,-2.218965,-2.222058,3.141064,3.141431,3.141132
4.358000,2.874767,-2.210949,-2.238375,3.141064,3.141431,3.141132
4.360000,2.867256,-2.202280,-2.253977,3.141064,3.141431,3.141132
4.362000,2.859929,-2.192569,-2.267721,3.141064,3.141431,3.141132
4.364000,2.852593,-2.182893,-2.279871,3.141064,3.141431,3.141132
4.366000,2.845002,-2.174212,-2.289496,3.141064,3.141431,3.141132
4.368000,2.837356,-2.167095,-2.296993,3.141064,3.141431,3.141132
4.370000,2.829535,-2.161752,-2.302704,3.141064,3.141431,3.141132
4.372000,2.821250,-2.158082,-2.306806,3.141064,3.141431,3.141132
4.374000,2.812493,-2.155601,-2.309206,3.141064,3.141431,3.141132
4.376000,2.802920,-2.153773,-2.310233,3.141064,3.141431,3.141132
4.378000,2.791976,-2.152206,-2.310709,3.141064,3.141431,3.141132
4.380000,2.779331,-2.150784,-2.311991,3.141064,3.141431,3.141132
4.382000,2.765085,-2.149510,-2.315460,3.141064,3.141431,3.141132
4.384000,2.749425,-2.148569,-2.322083,3.141064,3.141431,3.141132
4.386000,2.732500,-2.148222,-2.331457,3.141064,3.141431,3.141132
4.388000,2.715226,-2.148679,-2.343494,3.141064,3.141431,3.141132
4.390000,2.698119,-2.149529,-2.357319,3.141064,3.141431,3.141132
4.392000,2.680997,-2.150941,-2.372449,3.141064,3.141431,3.141132
4.394000,2.664254,-2.152582,-2.388272,3.141064,3.141431,3.141132
4.396000,2.647908,-2.154428,-2.404716,3.141064,3.141431,3.141132
4.398000,2.632585,-2.156168,-2.421551,3.141064,3.141431,3.141132
4.400000,2.618631,-2.157389,-2.438933,3.141064,3.141431,3.141132
4.402000,2.607016,-2.157399,-2.456707,3.141064,3.141431,3.141132
4.404000,2.598487,-2.155695,-2.474971,3.141064,3.141431,3.141132
4.406000,2.592575,-2.151515,-2.493947,3.141064,3.141431,3.141132
4.408000,2.587123,-2.143110,-2.512024,3.141064,3.141431,3.141132
4.410000,2.581678,-2.132776,-2.528447,3.141064,3.141431,3.141132
4.412000,2.576789,-2.121631,-2.542642,3.141064,3.141431,3.141132
4.414000,2.572220,-2.111605,-2.553354,3.141064,3.141431,3.141132
4.416000,2.568643,-2.103426,-2.560564,3.141064,3.141431,3.141132
4.418000,2.565810,-2.097757,-2.564771,3.141064,3.141431,3.141132
4.420000,2.563323,-2.094826,-2.566362,3.141064,3.141431,3.141132
4.422000,2.560709,-2.094450,-2.565597,3.141064,3.141431,3.141132
4.424000,2.557404,-2.096075,-2.562829,3.141064,3.141431,3.141132
4.426000,2.552746,-2.098893,-2.558775,3.141064,3.141431,3.141132
4.428000,2.545613,-2.102706,-2.558275,3.141064,3.141431,3.141132
4.430000,2.535546,-2.107775,-2.561512,3.141064,3.141431,3.141132
4.432000,2.522527,-2.113555,-2.568300,3.141064,3.141431,3.141132
4.434000,2.507071,-2.119554,-2.577958,3.141064,3.141431,3.141132
4.436000,2.490149,-2.125429,-2.589516,3.141064,3.141431,3.141132
4.438000,2.471937,-2.131300,-2.602628,3.141064,3.141431,3.141132
4.440000,2.453331,-2.137065,-2.616414,3.141064,3.141431,3.141132
4.442000,2.435215,-2.142797,-2.631190,3.141064,3.141431,3.141132
4.444000,2.418414,-2.148357,-2.646505,3.141064,3.141431,3.141132
4.446000,2.403083,-2.153447,-2.662320,3.141064,3.141431,3.141132
4.448000,2.388377,-2.157788,-2.677074,3.141064,3.141431,3.141132
4.450000,2.374113,-2.161251,-2.691009,3.141064,3.141431,3.141132
4.452000,2.360075,-2.163833,-2.704371,3.141064,3.141431,3.141132
4.454000,2.345994,-2.165567,-2.717440,3.141064,3.141431,3.141132
4.456000,2.331586,-2.166532,-2.730495,3.141064,3.141431,3.141132
4.458000,2.316795,-2.166785,-2.743611,3.141064,3.141431,3.141132
4.460000,2.301148,-2.166533,-2.757204,3.141064,3.141431,3.141132
4.462000,2.284419,-2.165947,-2.771469,3.141064,3.141431,3.141132
4.464000,2.266443,-2.165164,-2.786548,3.141064,3.141431,3.141132
4.466000,2.247124,-2.164297,-2.802522,3.141064,3.141431,3.141132
4.468000,2.226254,-2.163573,-2.819533,3.141064,3.141431,3.141132
4.470000,2.203691,-2.163136,-2.837687,3.141064,3.141431,3.141132
4.472000,2.179427,-2.163061,-2.856977,3.141064,3.141431,3.141132
4.474000,2.157902,-2.160636,-2.874088,3.141064,3.141431,3.141132
4.476000,2.139233,-2.156166,-2.888897,3.141064,3.141431,3.141132
4.478000,2.124071,-2.150454,-2.900786,3.141064,3.141431,3.141132
4.480000,2.108407,-2.145203,-2.912500,3.141064,3.141431,3.141132
4.482000,2.091938,-2.140450,-2.926049,3.141064,3.141431,3.141132
4.484000,2.075670,-2.136275,-2.940236,3.141064,3.141431,3.141132
4.486000,2.059936,-2.132853,-2.954326,3.141064,3.141431,3.141132
4.488000,2.045274,-2.130449,-2.967723,3.141064,3.141431,3.141132
4.490000,2.031996,-2.129154,-2.980082,3.141064,3.141431,3.141132
4.492000,2.019719,-2.129064,-2.991605,3.141064,3.141431,3.141132
4.494000,2.007342,-2.130377,-3.003224,3.141064,3.141431,3.141132
4.496000,1.993164,-2.133186,-3.016375,3.141064,3.141431,3.141132
4.498000,1.976098,-2.136999,-3.031802,3.141064,3.141431,3.141132
4.500000,1.954642,-2.140433,-3.050496,3.141064,3.141431,3.141132
4.502000,1.928030,-2.142406,-3.072620,3.141064,3.141431,3.141132
4.504000,1.896492,-2.142679,-3.098103,3.141064,3.141431,3.141132
4.506000,1.860005,-2.141454,-3.127072,3.141064,3.141431,3.141132
4.508000,1.818249,-2.139309,3.123384,3.141064,3.141431,3.141132
4.510000,1.771008,-2.137270,3.086705,3.141064,3.141431,3.141132
4.512000,1.722737,-2.137151,3.047368,3.141064,3.141431,3.141132
4.514000,1.674452,-2.139038,3.006911,3.141064,3.141431,3.141132
4.516000,1.626004,-2.142522,2.965479,3.141064,3.141431,3.141132
4.518000,1.578127,-2.147938,2.924401,3.141064,3.141431,3.141132
4.520000,1.531350,-2.155145,2.884465,3.141064,3.141431,3.141132
4.522000,1.485682,-2.163807,2.845818,3.141064,3.141431,3.141132
4.524000,1.441388,-2.173873,2.808671,3.141064,3.141431,3.141132
4.526000,1.398488,-2.185758,2.772981,3.141064,3.141431,3.141132
4.528000,1.357761,-2.200229,2.739298,3.141064,3.141431,3.141132
4.530000,1.320979,-2.218268,2.709120,3.141064,3.141431,3.141132
4.532000,1.293953,-2.237951,2.687226,3.141064,3.141431,3.141132
4.534000,1.275424,-2.255236,2.672471,3.141064,3.141431,3.141132
4.536000,1.259521,-2.269429,2.659969,3.141064,3.141431,3.141132
4.538000,1.242599,-2.280683,2.646689,3.141064,3.141431,3.141132
4.540000,1.222908,-2.289394,2.631228,3.141064,3.141431,3.141132
4.542000,1.199856,-2.295927,2.613171,3.141064,3.141431,3.141132
4.544000,1.173721,-2.300610,2.592918,3.141064,3.141431,3.141132
4.546000,1.145524,-2.303727,2.571450,3.141064,3.141431,3.141132
4.548000,1.117178,-2.305632,2.550407,3.141064,3.141431,3.141132
4.550000,1.091516,-2.306902,2.531985,3.141064,3.141431,3.141132
4.552000,1.071370,-2.309252,2.517962,3.141064,3.141431,3.141132
4.554000,1.055910,-2.314715,2.507236,3.141064,3.141431,3.141132
4.556000,1.041827,-2.323122,2.496981,3.141064,3.141431,3.141132
4.558000,1.026431,-2.332989,2.485614,3.141064,3.141431,3.141132
4.560000,1.008715,-2.343828,2.472899,3.141064,3.141431,3.141132
4.562000,0.988995,-2.355089,2.459245,3.141064,3.141431,3.141132
4.564000,0.967666,-2.366436,2.444928,3.141064,3.141431,3.141132
4.566000,0.944839,-2.377917,2.429696,3.141064,3.141431,3.141132
4.568000,0.920529,-2.389829,2.412768,3.141064,3.141431,3.141132
4.570000,0.896211,-2.403521,2.395806,3.141064,3.141431,3.141132
4.572000,0.870633,-2.418855,2.378446,3.141064,3.141431,3.141132
4.574000,0.843629,-2.436345,2.362208,3.141064,3.141431,3.141132
4.576000,0.814846,-2.455669,2.346805,3.141064,3.141431,3.141132
4.578000,0.785199,-2.476902,2.332662,3.141064,3.141431,3.141132
4.580000,0.756859,-2.500374,2.320472,3.141064,3.141431,3.141132
4.582000,0.732829,-2.525374,2.309666,3.141064,3.141431,3.141132
4.584000,0.708239,-2.548514,2.294644,3.141064,3.141431,3.141132
4.586000,0.682101,-2.569493,2.276828,3.141064,3.141431,3.141132
4.588000,0.653832,-2.585278,2.260356,3.141064,3.141431,3.141132
4.590000,0.623854,-2.595366,2.245816,3.141064,3.141431,3.141132
4.592000,0.592242,-2.599609,2.232803,3.141064,3.141431,3.141132
4.594000,0.558996,-2.598244,2.220764,3.141064,3.141431,3.141132
4.596000,0.524628,-2.592032,2.209670,3.141064,3.141431,3.141132
4.598000,0.524628,-2.592032,2.209670,3.141064,3.141431,3.141132
4.600000,0.450319,-2.565631,2.186481,3.141064,3.141431,3.141132
4.602000,0.410104,-2.546129,2.173820,3.141064,3.141431,3.141132
4.604000,0.367683,-2.522747,2.160275,3.141064,3.141431,3.141132
4.606000,0.322836,-2.496251,2.145268,3.141064,3.141431,3.141132
4.608000,0.275866,-2.467808,2.128632,3.141064,3.141431,3.141132
4.610000,0.226711,-2.437703,2.110269,3.141064,3.141431,3.141132
4.612000,0.180497,-2.407799,2.094453,3.141064,3.141431,3.141132
4.614000,0.137226,-2.377894,2.081103,3.141064,3.141431,3.141132
4.616000,0.096784,-2.347775,2.070005,3.141064,3.141431,3.141132
4.618000,0.059268,-2.316852,2.060287,3.141064,3.141431,3.141132
4.620000,0.024360,-2.285094,2.051892,3.141064,3.141431,3.141132
4.622000,3.136267,-0.888648,-1.094765,3.141064,3.141431,3.141132
4.624000,3.111373,-0.921185,-1.096740,3.141064,3.141431,3.141132
4.626000,3.090941,-0.954131,-1.095706,3.141064,3.141431,3.141132
4.628000,3.074745,-0.987701,-1.091247,3.141064,3.141431,3.141132
4.630000,3.062736,-1.021738,-1.083221,3.141064,3.141431,3.141132
4.632000,3.055176,-1.056243,-1.071218,3.141064,3.141431,3.141132
4.634000,3.052350,-1.090896,-1.054818,3.141064,3.141431,3.141132
4.636000,3.054802,-1.125472,-1.033364,3.141064,3.141431,3.141132
4.638000,3.063221,-1.159691,-1.006077,3.141064,3.141431,3.141132
4.640000,3.078455,-1.193225,-0.972041,3.141064,3.141431,3.141132
4.642000,3.101989,-1.225916,-0.929720,3.141064,3.141431,3.141132
4.644000,3.135304,-1.257327,-0.877587,3.141064,3.141431,3.141132
4.646000,0.033105,-1.856898,2.322701,3.141064,3.141431,3.141132
4.648000,0.079322,-1.833237,2.388704,3.141064,3.141431,3.141132
4.650000,0.132979,-1.813020,2.462620,3.141064,3.141431,3.141132
4.652000,0.194509,-1.796042,2.544820,3.141064,3.141431,3.141132
4.654000,0.264139,-1.782263,2.635426,3.141064,3.141431,3.141132
4.656000,0.343396,-1.772184,2.735606,3.141064,3.141431,3.141132
4.658000,0.429974,-1.765861,2.843053,3.141064,3.141431,3.141132
4.660000,0.520557,-1.763300,2.954454,3.141064,3.141431,3.141132
4.662000,0.610902,-1.764433,3.065597,3.141064,3.141431,3.141132
4.664000,0.696504,-1.769073,-3.111148,3.141064,3.141431,3.141132
4.666000,0.773686,-1.776881,-3.013021,3.141064,3.141431,3.141132
4.668000,0.839568,-1.787377,-2.926206,3.141064,3.141431,3.141132
4.670000,0.885031,-1.801582,-2.858800,3.141064,3.141431,3.141132
4.672000,0.922210,-1.817111,-2.799721,3.141064,3.141431,3.141132
4.674000,0.951855,-1.833748,-2.748045,3.141064,3.141431,3.141132
4.676000,0.975174,-1.851330,-2.702281,3.141064,3.141431,3.141132
4.678000,0.992408,-1.869612,-2.662136,3.141064,3.141431,3.141132
4.680000,1.004022,-1.888387,-2.627134,3.141064,3.141431,3.141132
4.682000,1.010604,-1.907504,-2.596705,3.141064,3.141431,3.141132
4.684000,1.012608,-1.926809,-2.570407,3.141064,3.141431,3.141132
4.686000,1.010315,-1.946214,-2.547949,3.141064,3.141431,3.141132
4.688000,1.004183,-1.965722,-2.528885,3.141064,3.141431,3.141132
4.690000,0.994378,-1.985273,-2.513018,3.141064,3.141431,3.141132
4.692000,0.981214,-2.004868,-2.500022,3.141064,3.141431,3.141132
4.694000,0.964778,-2.024454,-2.489759,3.141064,3.141431,3.141132
4.696000,0.945193,-2.044001,-2.482055,3.141064,3.141431,3.141132
4.698000,0.922511,-2.063474,-2.476788,3.141064,3.141431,3.141132
4.700000,0.896881,-2.082888,-2.473753,3.141064,3.141431,3.141132
4.702000,0.868291,-2.102181,-2.472866,3.141064,3.141431,3.141132
4.704000,0.868291,-2.102181,-2.472866,3.141064,3.141431,3.141132
4.706000,0.802627,-2.140507,-2.476849,3.141064,3.141431,3.141132
4.708000,0.765980,-2.159669,-2.481199,3.141064,3.141431,3.141132
4.710000,0.724553,-2.177877,-2.488706,3.141064,3.141431,3.141132
4.712000,0.679869,-2.195651,-2.498146,3.141064,3.141431,3.141132
4.714000,0.632485,-2.213298,-2.508938,3.141064,3.141431,3.141132
4.716000,0.583562,-2.231233,-2.520147,3.141064,3.141431,3.141132
4.718000,0.533540,-2.249667,-2.531284,3.141064,3.141431,3.141132
4.720000,0.482772,-2.268746,-2.541978,3.141064,3.141431,3.141132
4.722000,0.431547,-2.288574,-2.551915,3.141064,3.141431,3.141132
4.724000,0.380102,-2.309209,-2.560819,3.141064,3.141431,3.141132
4.726000,0.328618,-2.330672,-2.568453,3.141064,3.141431,3.141132
4.728000,0.277226,-2.352952,-2.574642,3.141064,3.141431,3.141132
4.730000,0.226010,-2.376015,-2.579237,3.141064,3.141431,3.141132
4.732000,0.175017,-2.399803,-2.582129,3.141064,3.141431,3.141132
4.734000,0.175017,-2.399803,-2.582129,3.141064,3.141431,3.141132
4.736000,0.073711,-2.449206,-2.582512,3.141064,3.141431,3.141132
4.738000,0.023340,-2.474615,-2.579934,3.141064,3.141431,3.141132
4.740000,3.114674,-0.641255,0.566090,3.141064,3.141431,3.141132
4.742000,3.064452,-0.615353,0.572359,3.141064,3.141431,3.141132
4.744000,3.018156,-0.597528,0.577300,3.141064,3.141431,3.141132
4.746000,2.975149,-0.586287,0.580569,3.141064,3.141431,3.141132
4.748000,2.934231,-0.580816,0.580761,3.141064,3.141431,3.141132
4.750000,2.894969,-0.579981,0.577847,3.141064,3.141431,3.141132
4.752000,2.856901,-0.582872,0.571822,3.141064,3.141431,3.141132
4.754000,2.819386,-0.588818,0.562582,3.141064,3.141431,3.141132
4.756000,2.782011,-0.597334,0.550202,3.141064,3.141431,3.141132
4.758000,2.744399,-0.607990,0.534785,3.141064,3.141431,3.141132
4.760000,2.706230,-0.620464,0.516422,3.141064,3.141431,3.141132
4.762000,2.667138,-0.634504,0.495100,3.141064,3.141431,3.141132
4.764000,2.626720,-0.649825,0.470717,3.141064,3.141431,3.141132
4.766000,2.585556,-0.663705,0.443954,3.141064,3.141431,3.141132
4.768000,2.545196,-0.676375,0.417076,3.141064,3.141431,3.141132
4.770000,2.505114,-0.688015,0.389807,3.141064,3.141431,3.141132
4.772000,2.464869,-0.698651,0.361979,3.141064,3.141431,3.141132
4.774000,2.424248,-0.708225,0.333551,3.141064,3.141431,3.141132
4.776000,2.382876,-0.716705,0.304332,3.141064,3.141431,3.141132
4.778000,2.382876,-0.716705,0.304332,3.141064,3.141431,3.141132
4.780000,2.296029,-0.730283,0.242410,3.141064,3.141431,3.141132
4.782000,2.250208,-0.735242,0.209555,3.141064,3.141431,3.141132
4.784000,2.202311,-0.738968,0.175152,3.141064,3.141431,3.141132
4.786000,2.152406,-0.741313,0.139315,3.141064,3.141431,3.141132
4.788000,2.100567,-0.742161,0.102161,3.141064,3.141431,3.141132
4.790000,2.046914,-0.741375,0.063866,3.141064,3.141431,3.141132
4.792000,1.991609,-0.738817,0.024657,3.141064,3.141431,3.141132
4.794000,1.934794,-0.734387,-0.015258,3.141064,3.141431,3.141132
4.796000,1.876650,-0.727982,-0.055625,3.141064,3.141431,3.141132
4.798000,1.817353,-0.719518,-0.096178,3.141064,3.141431,3.141132
4.800000,1.757122,-0.708923,-0.136608,3.141064,3.141431,3.141132
4.802000,1.696152,-0.696145,-0.176645,3.141064,3.141431,3.141132
4.804000,1.634651,-0.681164,-0.215993,3.141064,3.141431,3.141132
4.806000,1.572860,-0.664067,-0.254398,3.141064,3.141431,3.141132
4.808000,1.521890,-0.647723,-0.286288,3.141064,3.141431,3.141132
4.810000,1.479866,-0.632283,-0.312942,3.141064,3.141431,3.141132
4.812000,1.445271,-0.617823,-0.335341,3.141064,3.141431,3.141132
4.814000,1.416782,-0.604252,-0.354386,3.141064,3.141431,3.141132
4.814000,1.416782,-0.604252,-0.354386,3.141064,3.141431,3.141132
4.818000,1.374246,-0.580650,-0.384065,3.141064,3.141431,3.141132
4.820000,1.358827,-0.571671,-0.394842,3.141064,3.141431,3.141132
4.820000,1.358827,-0.571671,-0.394842,3.141064,3.141431,3.141132
4.824000,1.329234,-0.555334,-0.412334,3.141064,3.141431,3.141132
4.826000,1.314945,-0.547943,-0.419241,3.141064,3.141431,3.141132
4.828000,1.300959,-0.541078,-0.425010,3.141064,3.141431,3.141132
4.830000,1.287267,-0.534761,-0.429691,3.141064,3.141431,3.141132
4.832000,1.273867,-0.529018,-0.433322,3.141064,3.141431,3.141132
4.834000,1.260763,-0.523880,-0.435935,3.141064,3.141431,3.141132
4.836000,1.247873,-0.519487,-0.438663,3.141064,3.141431,3.141132
4.838000,1.235204,-0.515845,-0.441516,3.141064,3.141431,3.141132
4.840000,1.222702,-0.512889,-0.444513,3.141064,3.141431,3.141132
4.842000,1.209637,-0.509470,-0.449138,3.141064,3.141431,3.141132
4.844000,1.195941,-0.505529,-0.455290,3.141064,3.141431,3.141132
4.846000,1.181572,-0.500956,-0.462935,3.141064,3.141431,3.141132
4.848000,1.167344,-0.494508,-0.472753,3.141064,3.141431,3.141132
4.850000,1.152276,-0.487604,-0.483714,3.141064,3.141431,3.141132
4.852000,1.136400,-0.480104,-0.495862,3.141064,3.141431,3.141132
4.854000,1.119768,-0.471933,-0.509193,3.141064,3.141431,3.141132
4.856000,1.102453,-0.463030,-0.523697,3.141064,3.141431,3.141132
4.858000,1.084542,-0.453325,-0.539254,3.141064,3.141431,3.141132
4.860000,1.066110,-0.442778,-0.555859,3.141064,3.141431,3.141132
4.862000,1.047026,-0.430804,-0.573402,3.141064,3.141431,3.141132
4.864000,1.027366,-0.417245,-0.591792,3.141064,3.141431,3.141132
4.866000,1.007269,-0.402080,-0.610975,3.141064,3.141431,3.141132
4.868000,0.987251,-0.386448,-0.631044,3.141064,3.141431,3.141132
4.870000,0.968528,-0.370348,-0.651940,3.141064,3.141431,3.141132
4.872000,0.949626,-0.354023,-0.673797,3.141064,3.141431,3.141132
4.874000,0.930661,-0.337418,-0.696601,3.141064,3.141431,3.141132
4.876000,0.911693,-0.320394,-0.720322,3.141064,3.141431,3.141132
4.878000,0.892406,-0.301721,-0.744946,3.141064,3.141431,3.141132
4.880000,0.872878,-0.281399,-0.770522,3.141064,3.141431,3.141132
4.882000,0.854411,-0.260688,-0.796234,3.141064,3.141431,3.141132
4.884000,0.837187,-0.239425,-0.821876,3.141064,3.141431,3.141132
4.886000,0.821189,-0.217810,-0.847483,3.141064,3.141431,3.141132
4.888000,0.806434,-0.196023,-0.872986,3.141064,3.141431,3.141132
4.890000,0.792883,-0.173966,-0.898243,3.141064,3.141431,3.141132
4.892000,0.780356,-0.148636,-0.922944,3.141064,3.141431,3.141132
4.894000,0.769348,-0.124214,-0.947077,3.141064,3.141431,3.141132
4.896000,0.759844,-0.100682,-0.970603,3.141064,3.141431,3.141132
4.898000,0.751962,-0.077943,-0.993411,3.141064,3.141431,3.141132
4.900000,0.745742,-0.055940,-1.015385,3.141064,3.141431,3.141132
4.902000,0.740810,-0.036947,-1.036986,3.141064,3.141431,3.141132
4.904000,0.737059,-0.020702,-1.058203,3.141064,3.141431,3.141132
4.906000,0.734392,-0.007031,-1.079010,3.141064,3.141431,3.141132
4.908000,0.732709,0.004128,-1.099420,3.141064,3.141431,3.141132
4.910000,0.731882,0.012709,-1.119535,3.141064,3.141431,3.141132
4.912000,0.731788,0.018731,-1.139412,3.141064,3.141431,3.141132
4.914000,0.732339,0.022379,-1.158972,3.141064,3.141431,3.141132
4.916000,0.733460,0.023785,-1.178162,3.141064,3.141431,3.141132
4.918000,0.735095,0.023067,-1.196920,3.141064,3.141431,3.141132
4.920000,0.737209,0.020377,-1.215069,3.141064,3.141431,3.141132
4.922000,0.739770,0.015776,-1.232537,3.141064,3.141431,3.141132
4.924000,0.742753,0.009327,-1.249223,3.141064,3.141431,3.141132
4.926000,0.746146,0.001083,-1.265051,3.141064,3.141431,3.141132
4.928000,0.749955,-0.008918,-1.279960,3.141064,3.141431,3.141132
4.930000,0.754199,-0.020631,-1.293901,3.141064,3.141431,3.141132
4.932000,0.758925,-0.034010,-1.306856,3.141064,3.141431,3.141132
4.934000,0.764189,-0.048998,-1.318789,3.141064,3.141431,3.141132
4.936000,0.770050,-0.065540,-1.329619,3.141064,3.141431,3.141132
4.938000,0.776567,-0.083582,-1.339246,3.141064,3.141431,3.141132
4.940000,0.783843,-0.103111,-1.347560,3.141064,3.141431,3.141132
4.942000,0.792017,-0.124180,-1.354400,3.141064,3.141431,3.141132
4.944000,0.801274,-0.146946,-1.359520,3.141064,3.141431,3.141132
4.946000,0.811813,-0.171498,-1.362732,3.141064,3.141431,3.141132
4.948000,0.823811,-0.197795,-1.363934,3.141064,3.141431,3.141132
4.950000,0.837370,-0.226116,-1.363208,3.141064,3.141431,3.141132
4.952000,0.852478,-0.256627,-1.360806,3.141064,3.141431,3.141132
4.954000,0.869153,-0.289455,-1.357027,3.141064,3.141431,3.141132
4.956000,0.887187,-0.324656,-1.352340,3.141064,3.141431,3.141132
4.958000,0.906757,-0.362229,-1.346641,3.141064,3.141431,3.141132
4.960000,0.927195,-0.402322,-1.341031,3.141064,3.141431,3.141132
4.962000,0.948817,-0.445195,-1.335739,3.141064,3.141431,3.141132
4.964000,0.971986,-0.490865,-1.330935,3.141064,3.141431,3.141132
4.966000,0.997104,-0.539361,-1.326718,3.141064,3.141431,3.141132
4.968000,1.025204,-0.590766,-1.322342,3.141064,3.141431,3.141132
4.970000,1.060474,-0.645370,-1.313526,3.141064,3.141431,3.141132
4.972000,1.101763,-0.701226,-1.301071,3.141064,3.141431,3.141132
4.974000,1.145499,-0.755296,-1.287071,3.141064,3.141431,3.141132
4.976000,1.186931,-0.804490,-1.272912,3.141064,3.141431,3.141132
4.978000,1.228372,-0.850514,-1.256501,3.141064,3.141431,3.141132
4.980000,1.272800,-0.894694,-1.235649,3.141064,3.141431,3.141132
4.982000,1.322772,-0.937805,-1.208500,3.141064,3.141431,3.141132
4.984000,1.380518,-0.980247,-1.173498,3.141064,3.141431,3.141132
4.986000,1.446784,-1.022291,-1.130509,3.141064,3.141431,3.141132
4.988000,1.523509,-1.063782,-1.077928,3.141064,3.141431,3.141132
4.990000,1.608723,-1.105247,-1.017682,3.141064,3.141431,3.141132
4.992000,1.703571,-1.146361,-0.948576,3.141064,3.141431,3.141132
4.994000,1.804813,-1.179008,-0.870316,3.141064,3.141431,3.141132
4.996000,1.911111,-1.203781,-0.784601,3.141064,3.141431,3.141132
4.998000,2.019994,-1.221341,-0.694189,3.141064,3.141431,3.141132
5.000000,2.130253,-1.231892,-0.600684,3.141064,3.141431,3.141132
5.002000,2.239650,-1.235588,-0.506651,3.141064,3.141431,3.141132
5.004000,2.345392,-1.232567,-0.415153,3.141064,3.141431,3.141132
5.006000,2.444160,-1.223299,-0.329667,3.141064,3.141431,3.141132
5.008000,2.533274,-1.208519,-0.252959,3.141064,3.141431,3.141132
5.010000,2.611421,-1.188994,-0.186397,3.141064,3.141431,3.141132
5.012000,2.678647,-1.165381,-0.130006,3.141064,3.141431,3.141132
5.014000,2.735751,-1.138219,-0.083033,3.141064,3.141431,3.141132
5.016000,2.786184,-1.109964,-0.042117,3.141064,3.141431,3.141132
5.018000,2.831959,-1.078920,-0.005185,3.141064,3.141431,3.141132
5.020000,2.871332,-1.044870,0.026245,3.141064,3.141431,3.141132
5.022000,2.902801,-1.006312,0.051246,3.141064,3.141431,3.141132
5.024000,2.923470,-0.964212,0.067304,3.141064,3.141431,3.141132
5.026000,2.931260,-0.920544,0.072307,3.141064,3.141431,3.141132
5.028000,2.926703,-0.878237,0.065705,3.141064,3.141431,3.141132
5.030000,2.914365,-0.841189,0.049871,3.141064,3.141431,3.141132
5.032000,2.901462,-0.812747,0.029090,3.141064,3.141431,3.141132
5.034000,2.902194,-0.791663,0.013866,3.141064,3.141431,3.141132
5.036000,2.910945,-0.771613,0.002691,3.141064,3.141431,3.141132
5.038000,2.922767,-0.749775,-0.005108,3.141064,3.141431,3.141132
5.040000,2.936633,-0.728412,-0.011700,3.141064,3.141431,3.141132
5.042000,2.952775,-0.707144,-0.016687,3.141064,3.141431,3.141132
5.044000,2.968241,-0.681536,-0.017809,3.141064,3.141431,3.141132
5.046000,2.980803,-0.652251,-0.016870,3.141064,3.141431,3.141132
5.048000,2.989359,-0.620303,-0.015125,3.141064,3.141431,3.141132
5.050000,2.993528,-0.586586,-0.013284,3.141064,3.141431,3.141132
5.052000,2.993329,-0.551763,-0.011637,3.141064,3.141431,3.141132
5.056000,2.989277,-0.516331,-0.010084,3.141064,3.141431,3.141132
5.058000,2.981585,-0.480567,-0.008515,3.141064,3.141431,3.141132
5.058000,2.970910,-0.444740,-0.006607,3.141064,3.141431,3.141132
5.060000,2.957813,-0.409064,-0.004060,3.141064,3.141431,3.141132
5.062000,2.943022,-0.373786,-0.000555,3.141064,3.141431,3.141132
5.066000,2.943022,-0.373786,-0.000555,3.141064,3.141431,3.141132
5.066000,2.909424,-0.305013,0.009916,3.141064,3.141431,3.141132
5.068000,2.890885,-0.271822,0.017064,3.141064,3.141431,3.141132
5.070000,2.871274,-0.239639,0.025547,3.141064,3.141431,3.141132
5.072000,2.871274,-0.239639,0.025547,3.141064,3.141431,3.141132
5.074000,2.828886,-0.178988,0.046557,3.141064,3.141431,3.141132
5.076000,2.806180,-0.150807,0.059060,3.141064,3.141431,3.141132
5.078000,2.782377,-0.124279,0.072826,3.141064,3.141431,3.141132
5.080000,2.757422,-0.099521,0.087794,3.141064,3.141431,3.141132
5.082000,2.731295,-0.076663,0.103887,3.141064,3.141431,3.141132
5.084000,2.704129,-0.055798,0.121020,3.141064,3.141431,3.141132
5.086000,2.675939,-0.037007,0.139086,3.141064,3.141431,3.141132
5.088000,2.646622,-0.020400,0.157946,3.141064,3.141431,3.141132
5.090000,2.616220,-0.006034,0.177462,3.141064,3.141431,3.141132
5.092000,2.595880,0.008282,0.197947,3.141064,3.141431,3.141132
5.094000,2.583833,0.022873,0.219219,3.141064,3.141431,3.141132
5.096000,2.578567,0.037990,0.241145,3.141064,3.141431,3.141132
5.098000,2.578788,0.053745,0.263544,3.141064,3.141431,3.141132
5.100000,2.583467,0.070318,0.286354,3.141064,3.141431,3.141132
5.102000,2.591586,0.087722,0.309229,3.141064,3.141431,3.141132
5.104000,2.602169,0.105793,0.331315,3.141064,3.141431,3.141132
5.106000,2.614738,0.124384,0.352200,3.141064,3.141431,3.141132
5.108000,2.629189,0.143358,0.371848,3.141064,3.141431,3.141132
5.110000,2.645539,0.162517,0.389939,3.141064,3.141431,3.141132
5.112000,2.664052,0.181754,0.406034,3.141064,3.141431,3.141132
5.114000,2.685224,0.201148,0.420276,3.141064,3.141431,3.141132
5.116000,2.709323,0.221221,0.433104,3.141064,3.141431,3.141132
5.118000,2.736218,0.242777,0.445123,3.141064,3.141431,3.141132
5.120000,2.766206,0.266147,0.456879,3.141064,3.141431,3.141132
5.122000,2.797752,0.293057,0.469566,3.141064,3.141431,3.141132
5.124000,2.828481,0.325060,0.484366,3.141064,3.141431,3.141132
5.126000,2.855462,0.363372,0.502523,3.141064,3.141431,3.141132
5.128000,2.875113,0.408909,0.525576,3.141064,3.141431,3.141132
5.130000,2.884703,0.463357,0.554766,3.141064,3.141431,3.141132
5.132000,2.883913,0.528995,0.589351,3.141064,3.141431,3.141132
5.134000,2.879833,0.603640,0.619448,3.141064,3.141431,3.141132
5.136000,2.875183,0.681252,0.645480,3.141064,3.141431,3.141132
5.138000,2.876397,0.752434,0.661121,3.141064,3.141431,3.141132
5.140000,2.884322,0.816557,0.666929,3.141064,3.141431,3.141132
5.142000,2.899563,0.873730,0.664182,3.141064,3.141431,3.141132
5.144000,2.921683,0.924441,0.654000,3.141064,3.141431,3.141132
5.146000,2.950744,0.969678,0.636795,3.141064,3.141431,3.141132
5.148000,2.986015,1.009992,0.613745,3.141064,3.141431,3.141132
5.150000,3.027158,1.046179,0.585588,3.141064,3.141431,3.141132
5.152000,3.074188,1.079095,0.552586,3.141064,3.141431,3.141132
5.154000,3.127654,1.109814,0.514611,3.141064,3.141431,3.141132
5.156000,0.047693,2.002214,-2.671738,3.141064,3.141431,3.141132
5.158000,0.119990,1.973270,-2.726018,3.141064,3.141431,3.141132
5.160000,0.206455,1.944614,-2.793080,3.141064,3.141431,3.141132
5.162000,0.309536,1.916827,-2.874634,3.141064,3.141431,3.141132
5.164000,0.427173,1.890950,-2.967244,3.141064,3.141431,3.141132
5.166000,0.549435,1.867992,-3.060285,3.141064,3.141431,3.141132
5.168000,0.666101,1.848447,3.138017,3.141064,3.141431,3.141132
5.170000,0.774452,1.831922,3.061894,3.141064,3.141431,3.141132
5.172000,0.882656,1.817757,2.985470,3.141064,3.141431,3.141132
5.174000,0.994374,1.806333,2.904676,3.141064,3.141431,3.141132
5.176000,0.994374,1.806333,2.904676,3.141064,3.141431,3.141132
5.178000,1.144963,1.778994,2.805319,3.141064,3.141431,3.141132
5.180000,1.234882,1.767801,2.737238,3.141064,3.141431,3.141132
5.182000,1.318522,1.756139,2.675715,3.141064,3.141431,3.141132
5.184000,1.385400,1.742270,2.631750,3.141064,3.141431,3.141132
5.186000,1.436914,1.726104,2.603823,3.141064,3.141431,3.141132
5.188000,1.436914,1.726104,2.603823,3.141064,3.141431,3.141132
5.190000,1.490444,1.688280,2.598253,3.141064,3.141431,3.141132
5.192000,1.513164,1.669154,2.599720,3.141064,3.141431,3.141132
5.194000,1.542515,1.650318,2.595058,3.141064,3.141431,3.141132
5.196000,1.581263,1.631652,2.581660,3.141064,3.141431,3.141132
5.198000,1.636798,1.613114,2.552217,3.141064,3.141431,3.141132
5.200000,1.739963,1.594776,2.475925,3.141064,3.141431,3.141132
5.202000,2.256756,1.577469,1.986803,3.141064,3.141431,3.141132
5.204000,1.327422,1.557313,2.944625,3.141064,3.141431,3.141132
5.206000,1.537100,1.539783,2.764300,3.141064,3.141431,3.141132
5.208000,1.620833,1.522291,2.710836,3.141064,3.141431,3.141132
5.210000,1.679996,1.505083,2.682940,3.141064,3.141431,3.141132
5.212000,1.730159,1.488222,2.665151,3.141064,3.141431,3.141132
5.214000,1.775688,1.471741,2.653224,3.141064,3.141431,3.141132
5.216000,1.817828,1.455679,2.646048,3.141064,3.141431,3.141132
5.218000,1.857068,1.440067,2.643237,3.141064,3.141431,3.141132
5.220000,1.893118,1.424946,2.645179,3.141064,3.141431,3.141132
5.222000,1.925288,1.410378,2.652628,3.141064,3.141431,3.141132
5.224000,1.952548,1.396456,2.666612,3.141064,3.141431,3.141132
5.226000,1.973970,1.383262,2.687968,3.141064,3.141431,3.141132
5.228000,1.973322,1.368806,2.727762,3.141064,3.141431,3.141132
5.230000,1.957468,1.353406,2.779092,3.141064,3.141431,3.141132
5.232000,1.932443,1.337059,2.836240,3.141064,3.141431,3.141132
5.234000,1.902524,1.319798,2.895179,3.141064,3.141431,3.141132
5.236000,1.870568,1.301719,2.953265,3.141064,3.141431,3.141132
5.238000,1.838049,1.283084,3.009056,3.141064,3.141431,3.141132
5.240000,1.805656,1.264289,3.061708,3.141064,3.141431,3.141132
5.242000,1.773613,1.245924,3.110628,3.141064,3.141431,3.141132
5.244000,1.741697,1.229001,-3.127955,3.141064,3.141431,3.141132
5.246000,1.712854,1.213925,-3.089986,3.141064,3.141431,3.141132
5.248000,1.690449,1.200953,-3.060698,3.141064,3.141431,3.141132
5.250000,1.677220,1.189467,-3.041438,3.141064,3.141431,3.141132
5.252000,1.675281,1.178317,-3.032779,3.141064,3.141431,3.141132
5.254000,1.686362,1.165903,-3.034506,3.141064,3.141431,3.141132
5.256000,1.711641,1.149843,-3.045023,3.141064,3.141431,3.141132
5.258000,1.749586,1.127035,-3.058486,3.141064,3.141431,3.141132
5.260000,1.790355,1.098513,-3.065916,3.141064,3.141431,3.141132
5.262000,1.829606,1.068498,-3.070261,3.141064,3.141431,3.141132
5.264000,1.864656,1.039047,-3.071899,3.141064,3.141431,3.141132
5.266000,1.894536,1.010775,-3.070579,3.141064,3.141431,3.141132
5.268000,1.922547,0.983391,-3.068750,3.141064,3.141431,3.141132
5.270000,1.948763,0.957887,-3.065211,3.141064,3.141431,3.141132
5.272000,1.973443,0.934165,-3.059991,3.141064,3.141431,3.141132
5.274000,1.997356,0.912586,-3.053018,3.141064,3.141431,3.141132
5.276000,2.020780,0.893252,-3.044280,3.141064,3.141431,3.141132
5.276000,2.020780,0.893252,-3.044280,3.141064,3.141431,3.141132
5.280000,2.065675,0.857757,-3.022161,3.141064,3.141431,3.141132
5.282000,2.086570,0.838388,-3.009244,3.141064,3.141431,3.141132
5.284000,2.106596,0.818208,-2.994949,3.141064,3.141431,3.141132
5.286000,2.125390,0.797340,-2.979240,3.141064,3.141431,3.141132
5.288000,2.142816,0.775916,-2.962096,3.141064,3.141431,3.141132
5.290000,2.158982,0.754065,-2.943536,3.141064,3.141431,3.141132
5.292000,2.173693,0.731860,-2.923587,3.141064,3.141431,3.141132
5.294000,2.186988,0.709356,-2.902324,3.141064,3.141431,3.141132
5.296000,2.198638,0.686542,-2.879857,3.141064,3.141431,3.141132
5.298000,2.208881,0.663400,-2.856387,3.141064,3.141431,3.141132
5.300000,2.218166,0.639917,-2.832148,3.141064,3.141431,3.141132
5.302000,2.226782,0.616054,-2.807379,3.141064,3.141431,3.141132
5.304000,2.239481,0.593225,-2.782990,3.141064,3.141431,3.141132
5.306000,2.254159,0.571067,-2.756826,3.141064,3.141431,3.141132
5.308000,2.270663,0.549692,-2.728865,3.141064,3.141431,3.141132
5.310000,2.289083,0.529131,-2.699387,3.141064,3.141431,3.141132
5.312000,2.309697,0.509324,-2.668948,3.141064,3.141431,3.141132
5.314000,2.332844,0.490158,-2.638135,3.141064,3.141431,3.141132
5.316000,2.358906,0.471311,-2.607911,3.141064,3.141431,3.141132
5.318000,2.388044,0.452437,-2.578809,3.141064,3.141431,3.141132
5.320000,2.420034,0.432990,-2.551177,3.141064,3.141431,3.141132
5.322000,2.453707,0.412048,-2.525041,3.141064,3.141431,3.141132
5.324000,2.486834,0.389373,-2.499574,3.141064,3.141431,3.141132
5.326000,2.516501,0.366318,-2.472682,3.141064,3.141431,3.141132
5.328000,2.542809,0.343387,-2.444055,3.141064,3.141431,3.141132
5.330000,2.565719,0.321493,-2.413579,3.141064,3.141431,3.141132
5.332000,2.585944,0.301202,-2.381277,3.141064,3.141431,3.141132
5.334000,2.604187,0.282413,-2.347853,3.141064,3.141431,3.141132
5.336000,2.620915,0.264737,-2.313780,3.141064,3.141431,3.141132
5.338000,2.639122,0.249978,-2.280423,3.141064,3.141431,3.141132
5.340000,2.658609,0.238281,-2.247789,3.141064,3.141431,3.141132
5.342000,2.679037,0.229910,-2.215818,3.141064,3.141431,3.141132
5.344000,2.699708,0.224677,-2.184209,3.141064,3.141431,3.141132
5.346000,2.719817,0.222369,-2.152638,3.141064,3.141431,3.141132
5.348000,2.738385,0.222464,-2.120722,3.141064,3.141431,3.141132
5.350000,2.754941,0.225786,-2.088475,3.141064,3.141431,3.141132
5.352000,2.768901,0.231591,-2.055708,3.141064,3.141431,3.141132
5.354000,2.780048,0.239031,-2.022542,3.141064,3.141431,3.141132
5.356000,2.788831,0.247243,-1.989581,3.141064,3.141431,3.141132
5.358000,2.796932,0.255525,-1.958170,3.141064,3.141431,3.141132
5.360000,2.809863,0.263452,-1.932422,3.141064,3.141431,3.141132
5.362000,2.828151,0.272311,-1.912083,3.141064,3.141431,3.141132
5.364000,2.850752,0.283229,-1.895352,3.141064,3.141431,3.141132
5.366000,2.874333,0.296686,-1.878991,3.141064,3.141431,3.141132
5.368000,2.897831,0.314576,-1.861817,3.141064,3.141431,3.141132
5.370000,2.919398,0.337131,-1.841982,3.141064,3.141431,3.141132
5.372000,2.937956,0.364238,-1.818812,3.141064,3.141431,3.141132
5.374000,2.952723,0.395710,-1.791888,3.141064,3.141431,3.141132
5.376000,2.965687,0.430260,-1.764576,3.141064,3.141431,3.141132
5.378000,2.976636,0.467880,-1.736840,3.141064,3.141431,3.141132
5.380000,2.985515,0.508664,-1.708689,3.141064,3.141431,3.141132
5.382000,2.992603,0.552828,-1.680327,3.141064,3.141431,3.141132
5.384000,2.998439,0.600834,-1.652079,3.141064,3.141431,3.141132
5.386000,3.003387,0.652479,-1.624320,3.141064,3.141431,3.141132
5.388000,3.008599,0.707829,-1.597854,3.141064,3.141431,3.141132
5.390000,3.016984,0.767762,-1.574719,3.141064,3.141431,3.141132
5.392000,3.031078,0.831836,-1.556996,3.141064,3.141431,3.141132
5.394000,3.051429,0.899105,-1.545062,3.141064,3.141431,3.141132
5.396000,3.074185,0.968286,-1.535732,3.141064,3.141431,3.141132
5.398000,3.081695,1.035589,-1.515434,3.141064,3.141431,3.141132
5.400000,3.043922,1.086161,-1.461161,3.141064,3.141431,3.141132
5.402000,2.978976,1.127279,-1.384522,3.141064,3.141431,3.141132
5.404000,2.896672,1.162859,-1.292448,3.141064,3.141431,3.141132
5.406000,2.799142,1.196156,-1.185538,3.141064,3.141431,3.141132
5.408000,2.683924,1.227775,-1.060902,3.141064,3.141431,3.141132
5.410000,2.546362,1.256869,-0.913787,3.141064,3.141431,3.141132
5.412000,2.381658,1.281578,-0.739468,3.141064,3.141431,3.141132
5.414000,2.187723,1.299237,-0.536022,3.141064,3.141431,3.141132
5.416000,1.970208,1.306816,-0.309290,3.141064,3.141431,3.141132
5.418000,1.744850,1.302093,-0.075222,3.141064,3.141431,3.141132
5.420000,1.531941,1.284552,0.145676,3.141064,3.141431,3.141132
5.422000,1.346730,1.255641,0.338064,3.141064,3.141431,3.141132
5.424000,1.193927,1.217532,0.497107,3.141064,3.141431,3.141132
5.426000,1.071062,1.172414,0.625165,3.141064,3.141431,3.141132
5.428000,0.972712,1.122062,0.727515,3.141064,3.141431,3.141132
5.430000,0.893489,1.067814,0.809428,3.141064,3.141431,3.141132
5.432000,0.828836,1.010647,0.875349,3.141064,3.141431,3.141132
5.434000,0.775169,0.951281,0.928756,3.141064,3.141431,3.141132
5.436000,0.729793,0.890260,0.972264,3.141064,3.141431,3.141132
5.438000,0.696883,0.830140,1.004251,3.141064,3.141431,3.141132
5.440000,0.672878,0.771173,1.028020,3.141064,3.141431,3.141132
5.442000,0.654801,0.713242,1.046496,3.141064,3.141431,3.141132
5.444000,0.640560,0.656131,1.061841,3.141064,3.141431,3.141132
5.446000,0.629351,0.599909,1.074747,3.141064,3.141431,3.141132
5.448000,0.620667,0.544680,1.085650,3.141064,3.141431,3.141132
5.450000,0.614387,0.490852,1.094667,3.141064,3.141431,3.141132
5.452000,0.610854,0.439319,1.101625,3.141064,3.141431,3.141132
5.454000,0.610687,0.390572,1.106112,3.141064,3.141431,3.141132
5.456000,0.609825,0.339425,1.108303,3.141064,3.141431,3.141132
5.458000,0.607988,0.287988,1.109709,3.141064,3.141431,3.141132
5.460000,0.603151,0.234694,1.112925,3.141064,3.141431,3.141132
5.462000,0.594790,0.177810,1.116535,3.141064,3.141431,3.141132
5.464000,0.583816,0.118027,1.118600,3.141064,3.141431,3.141132
5.466000,0.571334,0.057185,1.117880,3.141064,3.141431,3.141132
5.468000,0.558353,-0.003962,1.115617,3.141064,3.141431,3.141132
5.470000,0.544745,-0.065040,1.112364,3.141064,3.141431,3.141132
5.472000,0.530456,-0.125606,1.108446,3.141064,3.141431,3.141132
5.474000,0.515082,-0.185596,1.103602,3.141064,3.141431,3.141132
5.476000,0.498504,-0.244738,1.097573,3.141064,3.141431,3.141132
5.478000,0.480478,-0.302993,1.090310,3.141064,3.141431,3.141132
5.480000,0.460830,-0.359952,1.081404,3.141064,3.141431,3.141132
5.482000,0.439309,-0.415426,1.070613,3.141064,3.141431,3.141132
5.484000,0.415613,-0.469244,1.057705,3.141064,3.141431,3.141132
5.486000,0.389407,-0.521261,1.042484,3.141064,3.141431,3.141132
5.488000,0.360340,-0.571326,1.024807,3.141064,3.141431,3.141132
5.490000,0.328088,-0.619254,1.004590,3.141064,3.141431,3.141132
5.492000,0.292314,-0.664866,0.981920,3.141064,3.141431,3.141132
5.494000,0.252905,-0.707727,0.956644,3.141064,3.141431,3.141132
5.496000,0.209767,-0.747463,0.928692,3.141064,3.141431,3.141132
5.498000,0.162955,-0.783762,0.897947,3.141064,3.141431,3.141132
5.500000,0.112596,-0.816399,0.864352,3.141064,3.141431,3.141132
5.502000,0.059152,-0.845338,0.827827,3.141064,3.141431,3.141132
5.504000,0.003215,-0.870609,0.788533,3.141064,3.141431,3.141132
5.506000,3.087029,-2.249499,-2.394642,3.141064,3.141431,3.141132
5.508000,3.028108,-2.231466,-2.438039,3.141064,3.141431,3.141132
5.510000,2.968769,-2.216397,-2.482309,3.141064,3.141431,3.141132
5.512000,2.910056,-2.204383,-2.525986,3.141064,3.141431,3.141132
5.514000,2.853159,-2.195678,-2.566971,3.141064,3.141431,3.141132
5.516000,2.799875,-2.190713,-2.602883,3.141064,3.141431,3.141132
5.518000,2.755436,-2.189697,-2.635376,3.141064,3.141431,3.141132
5.520000,2.719593,-2.191632,-2.664140,3.141064,3.141431,3.141132
5.522000,2.690217,-2.195914,-2.690596,3.141064,3.141431,3.141132
5.524000,2.666389,-2.201865,-2.715335,3.141064,3.141431,3.141132
5.526000,2.648219,-2.208718,-2.738207,3.141064,3.141431,3.141132
5.528000,2.635134,-2.215401,-2.759907,3.141064,3.141431,3.141132
5.530000,2.627789,-2.221142,-2.779790,3.141064,3.141431,3.141132
5.532000,2.627155,-2.225051,-2.796846,3.141064,3.141431,3.141132
5.534000,2.622216,-2.224555,-2.816805,3.141064,3.141431,3.141132
5.536000,2.610869,-2.220245,-2.841074,3.141064,3.141431,3.141132
5.538000,2.590586,-2.216141,-2.870218,3.141064,3.141431,3.141132
5.540000,2.562206,-2.213631,-2.903702,3.141064,3.141431,3.141132
5.542000,2.528813,-2.212864,-2.937982,3.141064,3.141431,3.141132
5.544000,2.490652,-2.214509,-2.974632,3.141064,3.141431,3.141132
5.546000,2.447678,-2.219368,-3.013793,3.141064,3.141431,3.141132
5.548000,2.401024,-2.227057,-3.054495,3.141064,3.141431,3.141132
5.550000,2.351912,-2.238317,-3.095953,3.141064,3.141431,3.141132
5.552000,2.301167,-2.253277,-3.137426,3.141064,3.141431,3.141132
5.554000,2.248853,-2.271413,3.104627,3.141064,3.141431,3.141132
5.556000,2.195107,-2.292010,3.064576,3.141064,3.141431,3.141132
5.558000,2.141338,-2.313938,3.026324,3.141064,3.141431,3.141132
5.560000,2.091216,-2.334962,2.990718,3.141064,3.141431,3.141132
5.562000,2.043959,-2.355485,2.956463,3.141064,3.141431,3.141132
5.564000,2.001824,-2.378674,2.927317,3.141064,3.141431,3.141132
5.566000,1.961037,-2.403313,2.901673,3.141064,3.141431,3.141132
5.568000,1.921953,-2.429712,2.880455,3.141064,3.141431,3.141132
5.570000,1.884785,-2.457852,2.864337,3.141064,3.141431,3.141132
5.572000,1.849584,-2.487536,2.853765,3.141064,3.141431,3.141132
5.574000,1.816262,-2.518609,2.848846,3.141064,3.141431,3.141132
5.576000,1.784574,-2.551345,2.848903,3.141064,3.141431,3.141132
5.578000,1.754190,-2.585747,2.853059,3.141064,3.141431,3.141132
5.580000,1.725203,-2.621096,2.860300,3.141064,3.141431,3.141132
5.582000,1.697453,-2.656796,2.869499,3.141064,3.141431,3.141132
5.584000,1.672780,-2.691196,2.881256,3.141064,3.141431,3.141132
5.586000,1.653144,-2.724425,2.895763,3.141064,3.141431,3.141132
5.588000,1.638846,-2.757690,2.913286,3.141064,3.141431,3.141132
5.590000,1.628917,-2.791871,2.933243,3.141064,3.141431,3.141132
5.592000,1.621537,-2.827232,2.955135,3.141064,3.141431,3.141132
5.594000,1.613684,-2.863027,2.978179,3.141064,3.141431,3.141132
5.598000,1.605298,-2.898592,3.001928,3.141064,3.141431,3.141132
5.598000,1.596929,-2.932558,3.026298,3.141064,3.141431,3.141132
5.600000,1.589777,-2.963549,3.051123,3.141064,3.141431,3.141132
5.602000,1.586483,-2.994133,3.076112,3.141064,3.141431,3.141132
5.604000,1.586958,-3.026018,3.100262,3.141064,3.141431,3.141132
5.606000,1.593794,-3.059324,3.116721,3.141064,3.141431,3.141132
5.608000,1.605965,-3.092711,3.126789,3.141064,3.141431,3.141132
5.610000,1.612092,-3.125420,3.130766,3.141064,3.141431,3.141132
5.612000,1.613372,3.125794,3.130926,3.141064,3.141431,3.141132
5.614000,1.610497,3.094613,3.128675,3.141064,3.141431,3.141132
5.616000,1.604172,3.064138,3.124824,3.141064,3.141431,3.141132
5.618000,1.595046,3.034268,3.119906,3.141064,3.141431,3.141132
5.620000,1.583753,3.004901,3.114307,3.141064,3.141431,3.141132
5.622000,1.570959,2.975941,3.108319,3.141064,3.141431,3.141132
5.624000,1.557233,2.947270,3.102217,3.141064,3.141431,3.141132
5.626000,1.543089,2.918750,3.096261,3.141064,3.141431,3.141132
5.628000,1.528903,2.890197,3.090727,3.141064,3.141431,3.141132
5.630000,1.515038,2.861426,3.085883,3.141064,3.141431,3.141132
5.632000,1.501886,2.832229,3.081909,3.141064,3.141431,3.141132
5.634000,1.489610,2.802419,3.079041,3.141064,3.141431,3.141132
5.636000,1.478419,2.771708,3.077238,3.141064,3.141431,3.141132
5.638000,1.464131,2.739466,3.078016,3.141064,3.141431,3.141132
5.640000,1.447026,2.705772,3.081295,3.141064,3.141431,3.141132
5.642000,1.427505,2.670716,3.086653,3.141064,3.141431,3.141132
5.644000,1.406539,2.634983,3.091897,3.141064,3.141431,3.141132
5.646000,1.384050,2.598834,3.097482,3.141064,3.141431,3.141132
5.648000,1.359933,2.562469,3.103830,3.141064,3.141431,3.141132
5.650000,1.334062,2.526054,3.111317,3.141064,3.141431,3.141132
5.652000,1.304647,2.493457,3.122583,3.141064,3.141431,3.141132
5.654000,1.271818,2.464362,3.137423,3.141064,3.141431,3.141132
5.656000,1.235781,2.438508,-3.127562,3.141064,3.141431,3.141132
5.658000,1.196786,2.415379,-3.106197,3.141064,3.141431,3.141132
5.660000,1.155066,2.394815,-3.081896,3.141064,3.141431,3.141132
5.662000,1.110873,2.376688,-3.054895,3.141064,3.141431,3.141132
5.664000,1.064499,2.360909,-3.025157,3.141064,3.141431,3.141132
5.666000,1.016173,2.347388,-2.992945,3.141064,3.141431,3.141132
5.668000,0.966137,2.336064,-2.958540,3.141064,3.141431,3.141132
5.670000,0.915138,2.327271,-2.923097,3.141064,3.141431,3.141132
5.672000,0.863572,2.320786,-2.886995,3.141064,3.141431,3.141132
5.674000,0.811788,2.316522,-2.850790,3.141064,3.141431,3.141132
5.676000,0.760120,2.314272,-2.814759,3.141064,3.141431,3.141132
5.678000,0.708800,2.313845,-2.779082,3.141064,3.141431,3.141132
5.680000,0.658017,2.315076,-2.743913,3.141064,3.141431,3.141132
5.682000,0.607915,2.317825,-2.709372,3.141064,3.141431,3.141132
5.684000,0.558607,2.321964,-2.675562,3.141064,3.141431,3.141132
5.686000,0.510177,2.327382,-2.642566,3.141064,3.141431,3.141132
5.688000,0.462687,2.333975,-2.610445,3.141064,3.141431,3.141132
5.690000,0.416183,2.341650,-2.579256,3.141064,3.141431,3.141132
5.692000,0.370697,2.350340,-2.549046,3.141064,3.141431,3.141132
5.694000,0.326257,2.359992,-2.519857,3.141064,3.141431,3.141132
5.696000,0.282879,2.370565,-2.491744,3.141064,3.141431,3.141132
5.698000,0.240556,2.382050,-2.464853,3.141064,3.141431,3.141132
5.700000,0.199290,2.394382,-2.439187,3.141064,3.141431,3.141132
5.702000,0.159077,2.407505,-2.414748,3.141064,3.141431,3.141132
5.704000,0.119900,2.421361,-2.391524,3.141064,3.141431,3.141132
5.706000,0.081735,2.435897,-2.369497,3.141064,3.141431,3.141132
5.708000,0.044553,2.451061,-2.348639,3.141064,3.141431,3.141132
5.710000,0.008322,2.466806,-2.328926,3.141064,3.141431,3.141132
5.712000,3.114601,0.658503,0.831257,3.141064,3.141431,3.141132
5.714000,3.080167,0.641725,0.848753,3.141064,3.141431,3.141132
5.718000,3.046572,0.624490,0.865187,3.141064,3.141431,3.141132
5.718000,3.013776,0.606837,0.880591,3.141064,3.141431,3.141132
5.720000,2.981737,0.588801,0.895004,3.141064,3.141431,3.141132
5.722000,2.950414,0.570415,0.908456,3.141064,3.141431,3.141132
5.724000,2.919767,0.551707,0.920972,3.141064,3.141431,3.141132
5.726000,2.889756,0.532708,0.932583,3.141064,3.141431,3.141132
5.728000,2.860341,0.513444,0.943320,3.141064,3.141431,3.141132
5.730000,2.831482,0.493942,0.953215,3.141064,3.141431,3.141132
5.732000,2.803143,0.474225,0.962296,3.141064,3.141431,3.141132
5.734000,2.775287,0.454315,0.970583,3.141064,3.141431,3.141132
5.736000,2.747873,0.434236,0.978097,3.141064,3.141431,3.141132
5.738000,2.720850,0.414008,0.984858,3.141064,3.141431,3.141132
5.740000,2.694173,0.393648,0.990894,3.141064,3.141431,3.141132
5.742000,2.667815,0.373175,0.996227,3.141064,3.141431,3.141132
5.744000,2.641730,0.352603,1.000877,3.141064,3.141431,3.141132
5.746000,2.615872,0.331944,1.004861,3.141064,3.141431,3.141132
5.748000,2.590201,0.311212,1.008194,3.141064,3.141431,3.141132
5.750000,2.564651,0.290410,1.010886,3.141064,3.141431,3.141132
5.752000,2.539202,0.269554,1.012945,3.141064,3.141431,3.141132
5.754000,2.513845,0.248663,1.014381,3.141064,3.141431,3.141132
5.756000,2.488275,0.227832,1.014990,3.141064,3.141431,3.141132
5.758000,2.461939,0.207058,1.014513,3.141064,3.141431,3.141132
5.760000,2.434610,0.186344,1.012850,3.141064,3.141431,3.141132
5.762000,2.406272,0.165722,1.010019,3.141064,3.141431,3.141132
5.764000,2.376889,0.145012,1.006072,3.141064,3.141431,3.141132
5.766000,2.349158,0.123205,1.002229,3.141064,3.141431,3.141132
5.768000,2.323329,0.100345,0.998853,3.141064,3.141431,3.141132
5.770000,2.299117,0.076495,0.995991,3.141064,3.141431,3.141132
5.772000,2.276346,0.051577,0.993521,3.141064,3.141431,3.141132
5.774000,2.254852,0.025587,0.991262,3.141064,3.141431,3.141132
5.776000,2.234423,-0.001661,0.988997,3.141064,3.141431,3.141132
5.778000,2.214847,-0.030187,0.986347,3.141064,3.141431,3.141132
5.780000,2.195895,-0.059976,0.983099,3.141064,3.141431,3.141132
5.782000,2.177344,-0.090979,0.979254,3.141064,3.141431,3.141132
5.784000,2.159183,-0.123408,0.973215,3.141064,3.141431,3.141132
5.786000,2.141086,-0.157196,0.964957,3.141064,3.141431,3.141132
5.788000,2.122722,-0.192280,0.954496,3.141064,3.141431,3.141132
5.790000,2.103757,-0.228565,0.941836,3.141064,3.141431,3.141132
5.792000,2.083845,-0.265969,0.926926,3.141064,3.141431,3.141132
5.794000,2.062638,-0.304389,0.909669,3.141064,3.141431,3.141132
5.796000,2.039734,-0.343673,0.889879,3.141064,3.141431,3.141132
5.798000,2.014699,-0.383636,0.867307,3.141064,3.141431,3.141132
5.800000,1.987059,-0.424060,0.841646,3.141064,3.141431,3.141132
5.802000,1.956295,-0.464687,0.812521,3.141064,3.141431,3.141132
5.804000,1.921847,-0.505206,0.779490,3.141064,3.141431,3.141132
5.806000,1.883120,-0.545234,0.742052,3.141064,3.141431,3.141132
5.808000,1.839457,-0.584344,0.699641,3.141064,3.141431,3.141132
5.810000,1.790184,-0.622006,0.651657,3.141064,3.141431,3.141132
5.812000,1.734712,-0.657615,0.597529,3.141064,3.141431,3.141132
5.814000,1.672455,-0.690440,0.536707,3.141064,3.141431,3.141132
5.816000,1.602978,-0.719631,0.468781,3.141064,3.141431,3.141132
5.818000,1.528628,-0.745119,0.395438,3.141064,3.141431,3.141132
5.820000,1.448971,-0.766378,0.316443,3.141064,3.141431,3.141132
5.822000,1.363746,-0.782614,0.231647,3.141064,3.141431,3.141132
5.824000,1.273208,-0.792665,0.141137,3.141064,3.141431,3.141132
5.826000,1.178212,-0.795070,0.045657,3.141064,3.141431,3.141132
5.828000,1.080411,-0.788096,-0.053187,3.141064,3.141431,3.141132
5.830000,0.994057,-0.770831,-0.143385,3.141064,3.141431,3.141132
5.832000,0.920091,-0.745850,-0.223636,3.141064,3.141431,3.141132
5.834000,0.858152,-0.715448,-0.293991,3.141064,3.141431,3.141132
