time,stance,t_swing,tau,contact_l,contact_r,has_lifted,step_x,step_y,des_x,des_y,des_z,vx_des,vy_des,vz_des,act_x,act_y,act_z,switched
0.016000,1,0.000000,0.000000,1,1,0,0.013084,0.012725,-0.056367,0.046771,-0.003557,0.007760,-0.009295,0.785398,-0.056107,0.046902,-0.017409,0
0.018000,1,0.002000,0.010000,1,1,0,0.013084,0.012725,-0.056344,0.046743,-0.001986,0.015334,-0.018462,0.785011,-0.056143,0.046695,-0.016875,0
0.020000,1,0.004000,0.020000,1,1,0,0.013084,0.012725,-0.056306,0.046697,-0.000417,0.022794,-0.027372,0.783848,-0.055980,0.046903,-0.015742,0
0.022000,1,0.006000,0.030000,1,1,0,0.013084,0.012725,-0.056253,0.046634,0.001149,0.030105,-0.036093,0.781913,-0.055917,0.046904,-0.014891,0
0.022000,1,0.008000,0.040000,1,1,0,0.013084,0.012725,-0.056186,0.046553,0.002710,0.037212,-0.044702,0.779205,-0.056002,0.046663,-0.014438,0
0.026000,1,0.010000,0.050000,1,1,0,0.013084,0.012725,-0.056104,0.046455,0.004265,0.044225,-0.053040,0.775729,-0.055796,0.046908,-0.013201,0
0.028000,1,0.012000,0.060000,1,1,0,0.013084,0.012725,-0.056009,0.046341,0.005812,0.051088,-0.061190,0.771487,-0.055738,0.046912,-0.012373,0
0.028000,1,0.014000,0.070000,1,1,0,0.013084,0.012725,-0.055900,0.046210,0.007350,0.057801,-0.069151,0.766483,-0.055682,0.046918,-0.011563,0
0.032000,1,0.016000,0.080000,1,1,0,0.013084,0.012725,-0.055778,0.046064,0.008878,0.064287,-0.077022,0.760723,-0.055802,0.046646,-0.010578,0
0.034000,1,0.018000,0.090000,1,1,0,0.013084,0.012725,-0.055643,0.045903,0.010393,0.070617,-0.084704,0.754213,-0.055802,0.046646,-0.010578,0
0.034000,1,0.020000,0.100000,1,1,0,0.013084,0.012725,-0.055495,0.045726,0.011894,0.076888,-0.092092,0.746958,-0.055527,0.046939,-0.009272,0
0.038000,1,0.022000,0.110000,1,1,0,0.013084,0.012725,-0.055335,0.045534,0.013380,0.083019,-0.099292,0.738966,-0.055434,0.046958,-0.007880,0
0.040000,1,0.024000,0.120000,1,1,0,0.012297,0.012860,-0.055164,0.045329,0.014850,0.088699,-0.106254,0.730245,-0.055390,0.046969,-0.007228,0
0.042000,1,0.026000,0.130000,1,1,0,0.012297,0.012860,-0.054981,0.045109,0.016301,0.094227,-0.113029,0.720803,-0.055390,0.046969,-0.007228,0
0.044000,1,0.028000,0.140000,1,1,0,0.012297,0.012860,-0.054787,0.044877,0.017732,0.099511,-0.119636,0.710650,-0.055688,0.046833,-0.006402,0
0.046000,1,0.030000,0.150000,1,1,0,0.012297,0.012860,-0.054583,0.044631,0.019143,0.104493,-0.126111,0.699795,-0.056481,0.046255,-0.004249,0
0.048000,1,0.032000,0.160000,1,1,0,0.012297,0.012860,-0.054369,0.044372,0.020531,0.109270,-0.132435,0.688250,-0.056974,0.045859,-0.003011,0
0.050000,1,0.034000,0.170000,1,1,0,0.012297,0.012860,-0.054146,0.044101,0.021895,0.113879,-0.138621,0.676025,-0.057444,0.045419,-0.001737,0
0.052000,1,0.036000,0.180000,1,1,0,0.012297,0.012860,-0.053914,0.043818,0.023235,0.118344,-0.144617,0.663134,-0.057444,0.045419,-0.001737,0
0.052000,1,0.038000,0.190000,1,1,0,0.012297,0.012860,-0.053673,0.043523,0.024547,0.122669,-0.150485,0.649588,-0.057883,0.044975,-0.000469,0
0.056000,1,0.040000,0.200000,0,1,1,0.012297,0.012860,-0.053423,0.043216,0.025833,0.126944,-0.156287,0.635400,-0.058470,0.044254,0.001938,0
0.058000,1,0.042000,0.210000,0,1,1,0.012297,0.012860,-0.053165,0.042898,0.027089,0.131121,-0.161956,0.620586,-0.058672,0.043987,0.003105,0
0.060000,1,0.044000,0.220000,0,1,1,0.012297,0.012860,-0.052899,0.042568,0.028314,0.135173,-0.167466,0.605160,-0.058876,0.043810,0.004321,0
0.062000,1,0.046000,0.230000,0,1,1,0.012297,0.012860,-0.052624,0.042228,0.029509,0.139077,-0.172778,0.589136,-0.058876,0.043810,0.004321,0
0.062000,1,0.048000,0.240000,0,1,1,0.012297,0.012860,-0.052342,0.041877,0.030671,0.142838,-0.177918,0.572531,-0.059065,0.043683,0.005599,0
0.066000,1,0.050000,0.250000,0,1,1,0.010786,0.013502,-0.052054,0.041517,0.031799,0.145665,-0.182567,0.555360,-0.059379,0.043500,0.008269,0
0.068000,1,0.052000,0.260000,0,1,1,0.010786,0.013502,-0.051760,0.041147,0.032892,0.148375,-0.187053,0.537642,-0.059514,0.043428,0.009608,0
0.070000,1,0.054000,0.270000,0,1,1,0.010786,0.013502,-0.051460,0.040769,0.033949,0.150967,-0.191377,0.519393,-0.059649,0.043375,0.010931,0
0.070000,1,0.056000,0.280000,0,1,1,0.010786,0.013502,-0.051156,0.040382,0.034969,0.153431,-0.195509,0.500632,-0.059649,0.043375,0.010931,0
0.074000,1,0.058000,0.290000,0,1,1,0.010786,0.013502,-0.050847,0.039987,0.035951,0.155777,-0.199477,0.481376,-0.059787,0.043337,0.012231,0
0.074000,1,0.060000,0.300000,0,1,1,0.010786,0.013502,-0.050533,0.039584,0.036894,0.157922,-0.203083,0.461645,-0.060043,0.043633,0.013314,0
0.078000,1,0.062000,0.310000,0,1,1,0.010786,0.013502,-0.050215,0.039174,0.037797,0.160031,-0.206728,0.441459,-0.060067,0.043297,0.014762,0
0.080000,1,0.064000,0.320000,0,1,1,0.010786,0.013502,-0.049893,0.038757,0.038660,0.162020,-0.210220,0.420837,-0.060334,0.043279,0.017187,0
0.082000,1,0.066000,0.330000,0,1,1,0.010786,0.013502,-0.049567,0.038334,0.039480,0.163880,-0.213518,0.399800,-0.060334,0.043279,0.017187,0
0.082000,1,0.068000,0.340000,0,1,1,0.010786,0.013502,-0.049238,0.037903,0.040259,0.165608,-0.216635,0.378368,-0.060463,0.043271,0.018355,0
0.086000,1,0.070000,0.350000,0,1,1,0.010786,0.013502,-0.048905,0.037467,0.040994,0.167190,-0.219575,0.356563,-0.060704,0.043237,0.020601,0
0.088000,1,0.072000,0.360000,0,1,1,0.010786,0.013502,-0.048569,0.037025,0.041685,0.168634,-0.222326,0.334406,-0.060806,0.043200,0.021668,0
0.090000,1,0.074000,0.370000,0,1,1,0.010068,0.015069,-0.048231,0.036579,0.042331,0.169415,-0.223716,0.311919,-0.060806,0.043200,0.021668,0
0.090000,1,0.076000,0.380000,0,1,1,0.010068,0.015069,-0.047891,0.036130,0.042932,0.170068,-0.224949,0.289124,-0.060898,0.043151,0.022698,0
0.094000,1,0.078000,0.390000,0,1,1,0.010068,0.015069,-0.047551,0.035679,0.043487,0.170564,-0.226013,0.266044,-0.061039,0.043006,0.024647,0
0.096000,1,0.080000,0.400000,0,1,1,0.010068,0.015069,-0.047209,0.035226,0.043996,0.170950,-0.226919,0.242701,-0.061039,0.043006,0.024647,0
0.098000,1,0.082000,0.410000,0,1,1,0.010068,0.015069,-0.046867,0.034772,0.044458,0.171199,-0.227659,0.219119,-0.061080,0.042904,0.025559,0
0.100000,1,0.084000,0.420000,0,1,1,0.010068,0.015069,-0.046525,0.034316,0.044872,0.171265,-0.228211,0.195321,-0.061108,0.042641,0.027258,0
0.102000,1,0.086000,0.430000,0,1,1,0.010068,0.015069,-0.046182,0.033859,0.045239,0.171181,-0.228585,0.171329,-0.061085,0.042474,0.028047,0
0.104000,1,0.088000,0.440000,0,1,1,0.010068,0.015069,-0.045840,0.033402,0.045558,0.170943,-0.228780,0.147169,-0.061040,0.042281,0.028787,0
0.106000,1,0.090000,0.450000,0,1,1,0.010068,0.015069,-0.045498,0.032944,0.045828,0.170602,-0.228820,0.122863,-0.061040,0.042281,0.028787,0
0.108000,1,0.092000,0.460000,0,1,1,0.010068,0.015069,-0.045158,0.032487,0.046049,0.170105,-0.228679,0.098436,-0.060969,0.042058,0.029474,0
0.108000,1,0.094000,0.470000,0,1,1,0.010068,0.015069,-0.044818,0.032030,0.046221,0.169443,-0.228353,0.073912,-0.060876,0.041812,0.030109,0
0.112000,1,0.096000,0.480000,0,1,1,0.010068,0.015069,-0.044480,0.031573,0.046345,0.168539,-0.227802,0.049316,-0.060599,0.041234,0.031232,0
0.114000,1,0.098000,0.490000,0,1,1,0.010623,0.017063,-0.044143,0.031121,0.046419,0.168089,-0.224802,0.024670,-0.060410,0.040902,0.031728,0
0.116000,1,0.100000,0.500000,0,1,1,0.010623,0.017063,-0.043808,0.030674,0.046443,0.167435,-0.221698,-0.000000,-0.060191,0.040543,0.032176,0
0.118000,1,0.102000,0.510000,0,1,1,0.010623,0.017063,-0.043474,0.030234,0.046419,0.166669,-0.218537,-0.024670,-0.060191,0.040543,0.032176,0
0.120000,1,0.104000,0.520000,0,1,1,0.010623,0.017063,-0.043141,0.029800,0.046345,0.165692,-0.215264,-0.049316,-0.059939,0.040163,0.032576,0
0.120000,1,0.106000,0.530000,0,1,1,0.010623,0.017063,-0.042811,0.029373,0.046221,0.164502,-0.211882,-0.073912,-0.059651,0.039758,0.032920,0
0.124000,1,0.108000,0.540000,0,1,1,0.010623,0.017063,-0.042484,0.028953,0.046049,0.162972,-0.208328,-0.098436,-0.058983,0.038885,0.033449,0
0.126000,1,0.110000,0.550000,0,1,1,0.010623,0.017063,-0.042159,0.028540,0.045828,0.161221,-0.204664,-0.122863,-0.058599,0.038416,0.033636,0
0.128000,1,0.112000,0.560000,0,1,1,0.010623,0.017063,-0.041839,0.028134,0.045558,0.159245,-0.200893,-0.147169,-0.058187,0.037925,0.033767,0
0.130000,1,0.114000,0.570000,0,1,1,0.010623,0.017063,-0.041523,0.027736,0.045239,0.157191,-0.197081,-0.171329,-0.058187,0.037925,0.033767,0
0.132000,1,0.116000,0.580000,0,1,1,0.010623,0.017063,-0.041211,0.027346,0.044872,0.154654,-0.193132,-0.195321,-0.057885,0.037433,0.034141,0
0.132000,1,0.118000,0.590000,0,1,1,0.010623,0.017063,-0.040904,0.026964,0.044458,0.152153,-0.189107,-0.219119,-0.057280,0.036886,0.033855,0
0.136000,1,0.120000,0.600000,0,1,1,0.010623,0.017063,-0.040603,0.026590,0.043996,0.149084,-0.184974,-0.242701,-0.056341,0.035751,0.034035,0
0.138000,1,0.122000,0.610000,0,1,1,0.010623,0.017063,-0.040308,0.026224,0.043487,0.145834,-0.180772,-0.266044,-0.055769,0.035159,0.033888,0
0.140000,1,0.124000,0.620000,0,1,1,0.012840,0.018856,-0.040015,0.025870,0.042932,0.147038,-0.172914,-0.289124,-0.055769,0.035159,0.033888,0
0.142000,1,0.126000,0.630000,0,1,1,0.012840,0.018856,-0.039720,0.025532,0.042331,0.147887,-0.165041,-0.311919,-0.055134,0.034612,0.033346,0
0.144000,1,0.128000,0.640000,0,1,1,0.012840,0.018856,-0.039424,0.025210,0.041685,0.148244,-0.157269,-0.334406,-0.054528,0.034009,0.033083,0
0.146000,1,0.130000,0.650000,0,1,1,0.012840,0.018856,-0.039127,0.024903,0.040994,0.147895,-0.149522,-0.356563,-0.053201,0.032807,0.032398,0
0.148000,1,0.132000,0.660000,0,1,1,0.012840,0.018856,-0.038832,0.024612,0.040259,0.147078,-0.141887,-0.378368,-0.052482,0.032209,0.031980,0
0.150000,1,0.134000,0.670000,0,1,1,0.012840,0.018856,-0.038539,0.024336,0.039480,0.146048,-0.134449,-0.399800,-0.052482,0.032209,0.031980,0
0.152000,1,0.136000,0.680000,0,1,1,0.012840,0.018856,-0.038249,0.024074,0.038660,0.144524,-0.127129,-0.420837,-0.051740,0.031613,0.031513,0
0.154000,1,0.138000,0.690000,0,1,1,0.012840,0.018856,-0.037962,0.023827,0.037797,0.142510,-0.119942,-0.441459,-0.050976,0.031019,0.030993,0
0.154000,1,0.140000,0.700000,0,1,1,0.012840,0.018856,-0.037679,0.023594,0.036894,0.140413,-0.113432,-0.461645,-0.050078,0.030282,0.030777,0
0.158000,1,0.142000,0.710000,0,1,1,0.012840,0.018856,-0.037401,0.023374,0.035951,0.137053,-0.106437,-0.481376,-0.048574,0.029272,0.029102,0
0.160000,1,0.144000,0.720000,0,1,1,0.012840,0.018856,-0.037131,0.023168,0.034969,0.133253,-0.099638,-0.500632,-0.047744,0.028706,0.028361,0
0.162000,1,0.146000,0.730000,0,1,1,0.012840,0.018856,-0.036868,0.022975,0.033949,0.129371,-0.093061,-0.519393,-0.047744,0.028706,0.028361,0
0.164000,1,0.148000,0.740000,0,1,1,0.012840,0.018856,-0.036614,0.022796,0.032892,0.125017,-0.086683,-0.537642,-0.046903,0.028151,0.027571,0
0.166000,1,0.150000,0.750000,0,1,1,0.017033,0.020193,-0.036349,0.022635,0.031799,0.139513,-0.074354,-0.555360,-0.046053,0.027609,0.026736,0
0.166000,1,0.152000,0.760000,0,1,1,0.017033,0.020193,-0.036056,0.022497,0.030671,0.153264,-0.063707,-0.572531,-0.044948,0.026909,0.026218,0
0.170000,1,0.154000,0.770000,0,1,1,0.017033,0.020193,-0.035738,0.022379,0.029509,0.164626,-0.053772,-0.589136,-0.043125,0.025914,0.024305,0
0.172000,1,0.156000,0.780000,0,1,1,0.017033,0.020193,-0.035399,0.022281,0.028314,0.174349,-0.044489,-0.605160,-0.043125,0.025914,0.024305,0
0.174000,1,0.158000,0.790000,0,1,1,0.017033,0.020193,-0.035042,0.022201,0.027089,0.182033,-0.035910,-0.620586,-0.042141,0.025473,0.023267,0
0.176000,1,0.160000,0.800000,0,1,1,0.017033,0.020193,-0.034672,0.022137,0.025833,0.187687,-0.028049,-0.635400,-0.041118,0.025065,0.022182,0
0.176000,1,0.162000,0.810000,0,1,1,0.017033,0.020193,-0.034293,0.022088,0.024547,0.191317,-0.020918,-0.649588,-0.040065,0.024688,0.021058,0
0.180000,1,0.164000,0.820000,0,1,1,0.017033,0.020193,-0.033911,0.022054,0.023235,0.189721,-0.013227,-0.663134,-0.038194,0.024158,0.018356,0
0.182000,1,0.166000,0.830000,0,1,1,0.017033,0.020193,-0.033535,0.022035,0.021895,0.187063,-0.006304,-0.676025,-0.038194,0.024158,0.018356,0
0.184000,1,0.168000,0.840000,0,1,1,0.017033,0.020193,-0.033161,0.022026,0.020531,0.186116,-0.002111,-0.688250,-0.036818,0.023712,0.017497,0
0.186000,1,0.170000,0.850000,0,1,1,0.017033,0.020193,-0.032796,0.022028,0.019143,0.178589,0.003332,-0.699795,-0.036072,0.023574,0.015901,0
0.186000,1,0.172000,0.860000,0,1,1,0.017033,0.020193,-0.032443,0.022037,0.017732,0.174693,0.005509,-0.710650,-0.034667,0.023179,0.014976,0
0.190000,1,0.174000,0.870000,0,1,1,0.023494,0.022413,-0.031991,0.022086,0.016301,0.273633,0.043007,-0.720803,-0.032581,0.022738,0.012305,0
0.192000,1,0.176000,0.880000,0,1,1,0.023494,0.022413,-0.031361,0.022204,0.014850,0.353844,0.074185,-0.730245,-0.032581,0.022738,0.012305,0
0.194000,1,0.178000,0.890000,0,1,1,0.023494,0.022413,-0.030590,0.022378,0.013380,0.414228,0.098531,-0.738966,-0.031576,0.022556,0.010899,0
0.196000,1,0.180000,0.900000,0,1,1,0.023494,0.022413,-0.029729,0.022596,0.011894,0.443339,0.118361,-0.746958,-0.030996,0.022466,0.009111,0
0.196000,1,0.182000,0.910000,0,1,1,0.023494,0.022413,-0.028836,0.022837,0.010393,0.448677,0.121913,-0.754213,-0.029401,0.022354,0.007939,0
0.198000,1,0.184000,0.920000,0,1,1,0.023494,0.022413,-0.027959,0.023076,0.008878,0.426644,0.116892,-0.760723,-0.028017,0.022419,0.006403,0
0.202000,1,0.186000,0.930000,0,1,1,0.023494,0.022413,-0.027145,0.023300,0.007350,0.387840,0.106509,-0.766483,-0.026527,0.022554,0.004875,0
0.204000,1,0.188000,0.940000,0,1,1,0.023494,0.022413,-0.026417,0.023499,0.005812,0.340114,0.093192,-0.771487,-0.025026,0.022707,0.003369,0
0.206000,1,0.190000,0.950000,0,1,1,0.023494,0.022413,-0.025789,0.023671,0.004265,0.289116,0.078694,-0.775729,-0.023570,0.022861,0.001872,0
0.208000,0,0.000000,0.000000,1,1,0,0.023494,0.022413,-0.047172,0.001813,-0.003557,0.014411,0.012957,0.785398,-0.047187,0.001800,-0.002859,1
0.208000,0,0.002000,0.010000,1,1,0,0.023494,0.022413,-0.047129,0.001852,-0.001986,0.028885,0.025685,0.785011,-0.047233,0.001773,-0.002842,0
0.212000,0,0.004000,0.020000,1,1,0,0.023494,0.022413,-0.047057,0.001916,-0.000417,0.043589,0.038187,0.783848,-0.047138,0.001900,-0.002607,0
0.214000,0,0.006000,0.030000,1,1,0,0.023494,0.022413,-0.046955,0.002004,0.001149,0.057985,0.050426,0.781913,-0.047138,0.001900,-0.002607,0
0.216000,0,0.008000,0.040000,1,1,0,0.002152,0.003446,-0.046831,0.002111,0.002710,0.065390,0.056295,0.779205,-0.046814,0.002244,-0.002180,0
0.216000,0,0.010000,0.050000,1,1,0,0.002152,0.003446,-0.046694,0.002230,0.004265,0.072494,0.062037,0.775729,-0.047213,0.002804,-0.001759,0
0.218000,0,0.012000,0.060000,1,1,0,0.002152,0.003446,-0.046541,0.002359,0.005812,0.079861,0.067623,0.771487,-0.045670,0.003426,-0.000800,0
0.222000,0,0.014000,0.070000,1,0,1,0.002152,0.003446,-0.046374,0.002500,0.007350,0.087248,0.073042,0.766483,-0.043957,0.005166,0.001145,0
0.224000,0,0.016000,0.080000,1,0,1,0.002152,0.003446,-0.046192,0.002651,0.008878,0.094455,0.078327,0.760723,-0.043957,0.005166,0.001145,0
0.226000,0,0.018000,0.090000,1,0,1,0.002152,0.003446,-0.045997,0.002813,0.010393,0.101169,0.083418,0.754213,-0.043751,0.006142,0.002298,0
0.228000,0,0.020000,0.100000,1,0,1,0.002152,0.003446,-0.045788,0.002985,0.011894,0.107764,0.088332,0.746958,-0.042244,0.007264,0.003718,0
0.228000,0,0.022000,0.110000,1,0,1,0.002152,0.003446,-0.045566,0.003166,0.013380,0.114238,0.093073,0.738966,-0.040584,0.008425,0.005235,0
0.230000,0,0.024000,0.120000,1,0,1,0.002152,0.003446,-0.045331,0.003357,0.014850,0.120585,0.097645,0.730245,-0.038867,0.009596,0.006823,0
0.234000,0,0.026000,0.130000,1,0,1,0.002152,0.003446,-0.045083,0.003557,0.016301,0.126846,0.102021,0.720803,-0.035483,0.011898,0.010131,0
0.236000,0,0.028000,0.140000,1,0,1,0.002152,0.003446,-0.044824,0.003765,0.017732,0.132969,0.106239,0.710650,-0.033866,0.013005,0.011836,0
0.238000,0,0.030000,0.150000,1,0,1,0.002152,0.003446,-0.044552,0.003982,0.019143,0.138914,0.110330,0.699795,-0.033866,0.013005,0.011836,0
0.240000,0,0.032000,0.160000,1,0,1,0.005566,0.006974,-0.044267,0.004208,0.020531,0.146153,0.115745,0.688250,-0.032297,0.014085,0.013580,0
0.240000,0,0.034000,0.170000,1,0,1,0.005566,0.006974,-0.043967,0.004444,0.021895,0.153222,0.120973,0.676025,-0.030813,0.015122,0.015332,0
0.242000,0,0.036000,0.180000,1,0,1,0.005566,0.006974,-0.043654,0.004691,0.023235,0.160125,0.126021,0.663134,-0.029467,0.016097,0.017067,0
0.246000,0,0.038000,0.190000,1,0,1,0.005566,0.006974,-0.043327,0.004948,0.024547,0.166916,0.130879,0.649588,-0.027225,0.017821,0.020458,0
0.248000,0,0.040000,0.200000,1,0,1,0.005566,0.006974,-0.042986,0.005215,0.025833,0.173541,0.135567,0.635400,-0.026330,0.018563,0.022111,0
0.250000,0,0.042000,0.210000,1,0,1,0.005566,0.006974,-0.042633,0.005491,0.027089,0.180001,0.140084,0.620586,-0.025581,0.019224,0.023730,0
0.252000,0,0.044000,0.220000,1,0,1,0.005566,0.006974,-0.042266,0.005775,0.028314,0.186240,0.144442,0.605160,-0.025581,0.019224,0.023730,0
0.252000,0,0.046000,0.230000,1,0,1,0.005566,0.006974,-0.041888,0.006068,0.029509,0.192316,0.148631,0.589136,-0.024973,0.019803,0.025313,0
0.254000,0,0.048000,0.240000,1,0,1,0.005566,0.006974,-0.041497,0.006370,0.030671,0.198231,0.152653,0.572531,-0.024502,0.020298,0.026850,0
0.258000,0,0.050000,0.250000,1,0,1,0.005566,0.006974,-0.041095,0.006679,0.031799,0.204049,0.156501,0.555360,-0.023962,0.021047,0.029780,0
0.260000,0,0.052000,0.260000,1,0,1,0.005566,0.006974,-0.040681,0.006995,0.032892,0.209638,0.160191,0.537642,-0.023962,0.021047,0.029780,0
0.262000,0,0.054000,0.270000,1,0,1,0.005566,0.006974,-0.040256,0.007319,0.033949,0.215065,0.163716,0.519393,-0.023884,0.021303,0.031173,0
0.262000,0,0.056000,0.280000,1,0,1,0.005566,0.006974,-0.039821,0.007650,0.034969,0.220328,0.167076,0.500632,-0.023929,0.021483,0.032514,0
0.264000,0,0.058000,0.290000,1,0,1,0.010902,0.013105,-0.039372,0.007991,0.035951,0.228557,0.173869,0.481376,-0.024090,0.021590,0.033804,0
0.268000,0,0.060000,0.300000,1,0,1,0.010902,0.013105,-0.038907,0.008345,0.036894,0.236526,0.180394,0.461645,-0.024361,0.021630,0.035036,0
0.270000,0,0.062000,0.310000,1,0,1,0.010902,0.013105,-0.038426,0.008713,0.037797,0.244295,0.186642,0.441459,-0.025205,0.021525,0.037329,0
0.270000,0,0.064000,0.320000,1,0,1,0.010902,0.013105,-0.037930,0.009092,0.038660,0.251735,0.192629,0.420837,-0.025205,0.021525,0.037329,0
0.274000,0,0.066000,0.330000,1,0,1,0.010902,0.013105,-0.037419,0.009483,0.039480,0.258912,0.198348,0.399800,-0.025753,0.021393,0.038396,0
0.276000,0,0.068000,0.340000,1,0,1,0.010902,0.013105,-0.036894,0.009885,0.040259,0.265819,0.203799,0.378368,-0.026385,0.021214,0.039406,0
0.278000,0,0.070000,0.350000,1,0,1,0.010902,0.013105,-0.036356,0.010298,0.040994,0.272452,0.208980,0.356563,-0.027088,0.020993,0.040360,0
0.280000,0,0.072000,0.360000,1,0,1,0.010902,0.013105,-0.035805,0.010721,0.041685,0.278810,0.213891,0.334406,-0.027855,0.020731,0.041261,0
0.282000,0,0.074000,0.370000,1,0,1,0.010902,0.013105,-0.035241,0.011153,0.042331,0.284881,0.218531,0.311919,-0.028682,0.020436,0.042102,0
0.284000,0,0.076000,0.380000,1,0,1,0.010902,0.013105,-0.034665,0.011595,0.042932,0.290704,0.222883,0.289124,-0.030450,0.019780,0.043616,0
0.286000,0,0.078000,0.390000,1,0,1,0.010902,0.013105,-0.034078,0.012045,0.043487,0.296224,0.226964,0.266044,-0.031387,0.019422,0.044287,0
0.288000,0,0.080000,0.400000,1,0,1,0.010902,0.013105,-0.033481,0.012502,0.043996,0.301402,0.230787,0.242701,-0.031387,0.019422,0.044287,0
0.288000,0,0.082000,0.410000,1,0,1,0.012992,0.017947,-0.032871,0.012972,0.044458,0.308044,0.238439,0.219119,-0.032342,0.019055,0.044902,0
0.292000,0,0.084000,0.420000,1,0,1,0.012992,0.017947,-0.032249,0.013456,0.044872,0.314332,0.245666,0.195321,-0.034311,0.018295,0.045965,0
0.294000,0,0.086000,0.430000,1,0,1,0.012992,0.017947,-0.031614,0.013954,0.045239,0.320214,0.252496,0.171329,-0.034311,0.018295,0.045965,0
0.294000,0,0.088000,0.440000,1,0,1,0.012992,0.017947,-0.030968,0.014466,0.045558,0.325707,0.258915,0.147169,-0.035306,0.017906,0.046416,0
0.298000,0,0.090000,0.450000,1,0,1,0.012992,0.017947,-0.030312,0.014990,0.045828,0.330422,0.265500,0.122863,-0.037608,0.017728,0.047114,0
0.300000,0,0.092000,0.460000,1,0,1,0.012992,0.017947,-0.029647,0.015527,0.046049,0.334743,0.271668,0.098436,-0.037608,0.017728,0.047114,0
0.300000,0,0.094000,0.470000,1,0,1,0.012992,0.017947,-0.028973,0.016076,0.046221,0.339105,0.276780,0.073912,-0.038181,0.016836,0.047457,0
0.302000,0,0.096000,0.480000,1,0,1,0.012992,0.017947,-0.028291,0.016634,0.046345,0.343049,0.281494,0.049316,-0.039093,0.016519,0.047698,0
0.306000,0,0.098000,0.490000,1,0,1,0.012992,0.017947,-0.027601,0.017202,0.046419,0.346536,0.285820,0.024670,-0.040861,0.015925,0.048029,0
0.308000,0,0.100000,0.500000,1,0,1,0.012992,0.017947,-0.026905,0.017777,0.046443,0.349614,0.289752,-0.000000,-0.040861,0.015925,0.048029,0
0.308000,0,0.102000,0.510000,1,0,1,0.012992,0.017947,-0.026203,0.018360,0.046419,0.352252,0.293295,-0.024670,-0.041702,0.015644,0.048121,0
0.310000,0,0.104000,0.520000,1,0,1,0.012992,0.017947,-0.025496,0.018950,0.046345,0.354441,0.296454,-0.049316,-0.042505,0.015377,0.048165,0
0.314000,0,0.106000,0.530000,1,0,1,0.012992,0.017947,-0.024785,0.019546,0.046221,0.356174,0.299233,-0.073912,-0.043265,0.015124,0.048162,0
0.316000,0,0.108000,0.540000,1,0,1,0.013864,0.021774,-0.024070,0.020152,0.046049,0.358656,0.306945,-0.098436,-0.043974,0.014883,0.048113,0
0.316000,0,0.110000,0.550000,1,0,1,0.013864,0.021774,-0.023351,0.020773,0.045828,0.360620,0.314047,-0.122863,-0.044631,0.014654,0.048021,0
0.320000,0,0.112000,0.560000,1,0,1,0.013864,0.021774,-0.022628,0.021408,0.045558,0.361973,0.320587,-0.147169,-0.045792,0.014245,0.047701,0
0.322000,0,0.114000,0.570000,1,0,1,0.013864,0.021774,-0.021903,0.022055,0.045239,0.362883,0.326490,-0.171329,-0.045792,0.014245,0.047701,0
0.322000,0,0.116000,0.580000,1,0,1,0.013864,0.021774,-0.021177,0.022714,0.044872,0.363254,0.331802,-0.195321,-0.046292,0.014069,0.047474,0
0.324000,0,0.118000,0.590000,1,0,1,0.013864,0.021774,-0.020451,0.023382,0.044458,0.363088,0.336519,-0.219119,-0.046737,0.013906,0.047198,0
0.328000,0,0.120000,0.600000,1,0,1,0.013864,0.021774,-0.019725,0.024059,0.043996,0.362253,0.340718,-0.242701,-0.047463,0.013639,0.046508,0
0.330000,0,0.122000,0.610000,1,0,1,0.013864,0.021774,-0.019002,0.024744,0.043487,0.360995,0.344270,-0.266044,-0.047463,0.013639,0.046508,0
0.330000,0,0.124000,0.620000,1,0,1,0.013864,0.021774,-0.018282,0.025436,0.042932,0.359184,0.347240,-0.289124,-0.047737,0.013519,0.046087,0
0.334000,0,0.126000,0.630000,1,0,1,0.013864,0.021774,-0.017566,0.026134,0.042331,0.356341,0.350817,-0.311919,-0.048233,0.013798,0.045159,0
0.336000,0,0.128000,0.640000,1,0,1,0.013864,0.021774,-0.016857,0.026839,0.041685,0.353011,0.353726,-0.334406,-0.048315,0.013705,0.044606,0
0.338000,0,0.130000,0.650000,1,0,1,0.013864,0.021774,-0.016155,0.027549,0.040994,0.349189,0.355967,-0.356563,-0.048338,0.013621,0.044009,0
0.340000,0,0.132000,0.660000,1,0,1,0.016073,0.025493,-0.015455,0.028272,0.040259,0.350563,0.366850,-0.378368,-0.048338,0.013621,0.044009,0
0.342000,0,0.134000,0.670000,1,0,1,0.016073,0.025493,-0.014753,0.029015,0.039480,0.351100,0.376503,-0.399800,-0.048306,0.013549,0.043367,0
0.344000,0,0.136000,0.680000,1,0,1,0.016073,0.025493,-0.014051,0.029776,0.038660,0.350684,0.383865,-0.420837,-0.048097,0.013084,0.041885,0
0.346000,0,0.138000,0.690000,1,0,1,0.016073,0.025493,-0.013351,0.030550,0.037797,0.349587,0.389992,-0.441459,-0.048097,0.013084,0.041885,0
0.348000,0,0.140000,0.700000,1,0,1,0.016073,0.025493,-0.012653,0.031335,0.036894,0.347551,0.395053,-0.461645,-0.047932,0.013092,0.041109,0
0.350000,0,0.142000,0.710000,1,0,1,0.016073,0.025493,-0.011961,0.032130,0.035951,0.344301,0.399224,-0.481376,-0.047452,0.013170,0.039423,0
0.352000,0,0.144000,0.720000,1,0,1,0.016073,0.025493,-0.011277,0.032933,0.034969,0.340505,0.403395,-0.500632,-0.047017,0.013502,0.038583,0
0.354000,0,0.146000,0.730000,1,0,1,0.016073,0.025493,-0.010600,0.033742,0.033949,0.336080,0.406201,-0.519393,-0.047017,0.013502,0.038583,0
0.356000,0,0.148000,0.740000,1,0,1,0.016073,0.025493,-0.009933,0.034557,0.032892,0.330804,0.407749,-0.537642,-0.046594,0.013587,0.037626,0
0.358000,0,0.150000,0.750000,1,0,1,0.016073,0.025493,-0.009278,0.035371,0.031799,0.324004,0.406897,-0.555360,-0.046281,0.013465,0.036561,0
0.358000,0,0.152000,0.760000,1,0,1,0.016073,0.025493,-0.008637,0.036185,0.030671,0.317141,0.406112,-0.572531,-0.045600,0.013804,0.035588,0
0.362000,0,0.154000,0.770000,1,0,1,0.016073,0.025493,-0.008011,0.036994,0.029509,0.308339,0.402973,-0.589136,-0.045257,0.013755,0.034437,0
0.364000,0,0.156000,0.780000,1,0,1,0.016073,0.025493,-0.007403,0.037797,0.028314,0.299970,0.399822,-0.605160,-0.044465,0.014066,0.033374,0
0.366000,0,0.158000,0.790000,1,0,1,0.019781,0.028274,-0.006788,0.038611,0.027089,0.314766,0.413386,-0.620586,-0.043853,0.014208,0.032201,0
0.368000,0,0.160000,0.800000,1,0,1,0.019781,0.028274,-0.006146,0.039448,0.025833,0.326301,0.423843,-0.635400,-0.043211,0.014351,0.030980,0
0.370000,0,0.162000,0.810000,1,0,1,0.019781,0.028274,-0.005487,0.040303,0.024547,0.332201,0.430318,-0.649588,-0.042847,0.014406,0.029653,0
0.370000,0,0.164000,0.820000,1,0,1,0.019781,0.028274,-0.004817,0.041169,0.023235,0.337765,0.434731,-0.663134,-0.041838,0.014654,0.028422,0
0.374000,0,0.166000,0.830000,1,0,1,0.019781,0.028274,-0.004142,0.042040,0.021895,0.336122,0.435663,-0.676025,-0.040609,0.015014,0.025679,0
0.376000,0,0.168000,0.840000,1,0,1,0.019781,0.028274,-0.003474,0.042909,0.020531,0.332201,0.433282,-0.688250,-0.040609,0.015014,0.025679,0
0.378000,0,0.170000,0.850000,1,0,1,0.019781,0.028274,-0.002811,0.043772,0.019143,0.329903,0.428438,-0.699795,-0.039367,0.015292,0.024358,0
0.380000,0,0.172000,0.860000,1,0,1,0.019781,0.028274,-0.002157,0.044621,0.017732,0.324162,0.420387,-0.710650,-0.038424,0.015553,0.022944,0
0.382000,0,0.174000,0.870000,1,0,1,0.019781,0.028274,-0.001524,0.045451,0.016301,0.308414,0.409106,-0.720803,-0.037845,0.015844,0.021450,0
0.382000,0,0.176000,0.880000,1,0,1,0.019781,0.028274,-0.000917,0.046255,0.014850,0.298041,0.394572,-0.730245,-0.036440,0.016123,0.020029,0
0.386000,0,0.178000,0.890000,1,0,1,0.019781,0.028274,-0.000346,0.047028,0.013380,0.272910,0.377903,-0.738966,-0.034875,0.016770,0.016936,0
0.388000,0,0.180000,0.900000,1,0,1,0.019781,0.028274,0.000175,0.047764,0.011894,0.247386,0.357394,-0.746958,-0.034875,0.016770,0.016936,0
0.390000,0,0.182000,0.910000,1,0,1,0.024451,0.030634,0.000768,0.048513,0.010393,0.342008,0.388737,-0.754213,-0.033880,0.017069,0.015361,0
0.392000,0,0.184000,0.920000,1,0,1,0.024451,0.030634,0.001497,0.049292,0.008878,0.384167,0.388819,-0.760723,-0.032910,0.017373,0.013754,0
0.394000,0,0.186000,0.930000,1,0,1,0.024451,0.030634,0.002273,0.050050,0.007350,0.389675,0.368332,-0.766483,-0.031966,0.017671,0.012119,0
0.394000,0,0.188000,0.940000,1,0,1,0.024451,0.030634,0.003049,0.050751,0.005812,0.384959,0.333121,-0.771487,-0.030310,0.017928,0.010536,0
0.398000,0,0.190000,0.950000,1,0,1,0.024451,0.030634,0.003781,0.051378,0.004265,0.347654,0.293537,-0.775729,-0.029487,0.018349,0.008877,0
0.400000,0,0.192000,0.960000,1,0,1,0.024451,0.030634,0.004445,0.051921,0.002710,0.316241,0.250322,-0.779205,-0.027683,0.018638,0.007272,0
0.400000,0,0.194000,0.970000,1,0,1,0.024451,0.030634,0.005026,0.052381,0.001149,0.265094,0.209798,-0.781913,-0.026773,0.019037,0.005590,0
0.404000,0,0.196000,0.980000,1,0,1,0.024451,0.030634,0.005505,0.052762,-0.000417,0.214676,0.172220,-0.783848,-0.024256,0.019623,0.002199,0
0.406000,0,0.198000,0.990000,1,0,1,0.024451,0.030634,0.005889,0.053072,-0.001986,0.169983,0.138248,-0.785011,-0.024256,0.019623,0.002199,0
0.408000,1,0.000000,0.000000,1,1,0,0.024451,0.030634,-0.017700,0.023242,-0.003557,0.005657,0.008094,0.785398,-0.017706,0.023234,-0.004092,1
0.410000,1,0.002000,0.010000,1,1,0,0.024451,0.030634,-0.017683,0.023266,-0.001986,0.011519,0.016130,0.785011,-0.017628,0.023408,-0.004115,0
0.412000,1,0.004000,0.020000,1,1,0,0.024451,0.030634,-0.017654,0.023306,-0.000417,0.017523,0.024093,0.783848,-0.017561,0.023568,-0.004129,0
0.414000,1,0.006000,0.030000,1,1,0,0.033812,0.036609,-0.017610,0.023364,0.001149,0.026562,0.033997,0.781913,-0.017186,0.023658,-0.002435,0
0.416000,1,0.008000,0.040000,1,1,0,0.033812,0.036609,-0.017548,0.023442,0.002710,0.035452,0.043779,0.779205,-0.016715,0.023440,-0.000821,0
0.418000,1,0.010000,0.050000,1,1,0,0.033812,0.036609,-0.017468,0.023539,0.004265,0.044149,0.053347,0.775729,-0.016715,0.023440,-0.000821,0
0.420000,1,0.012000,0.060000,0,1,1,0.033812,0.036609,-0.017371,0.023655,0.005812,0.053083,0.062325,0.771487,-0.014995,0.021739,0.001178,0
0.422000,1,0.014000,0.070000,0,1,1,0.033812,0.036609,-0.017256,0.023788,0.007350,0.061957,0.071103,0.766483,-0.013869,0.020463,0.005170,0
0.424000,1,0.016000,0.080000,0,1,1,0.033812,0.036609,-0.017123,0.023939,0.008878,0.070627,0.079675,0.760723,-0.013869,0.020463,0.005170,0
0.426000,1,0.018000,0.090000,0,1,1,0.033812,0.036609,-0.016973,0.024107,0.010393,0.079146,0.088033,0.754213,-0.013592,0.019813,0.006941,0
0.426000,1,0.020000,0.100000,0,1,1,0.033812,0.036609,-0.016806,0.024291,0.011894,0.087505,0.096171,0.746958,-0.013481,0.019182,0.008512,0
0.430000,1,0.022000,0.110000,0,1,1,0.033812,0.036609,-0.016623,0.024492,0.013380,0.095731,0.104060,0.738966,-0.013356,0.018079,0.011520,0
0.432000,1,0.024000,0.120000,0,1,1,0.033812,0.036609,-0.016424,0.024707,0.014850,0.103747,0.111746,0.730245,-0.013356,0.018079,0.011520,0
0.434000,1,0.026000,0.130000,0,1,1,0.033812,0.036609,-0.016208,0.024938,0.016301,0.111583,0.119201,0.720803,-0.013284,0.017617,0.013040,0
0.434000,1,0.028000,0.140000,0,1,1,0.033812,0.036609,-0.015977,0.025184,0.017732,0.119235,0.126424,0.710650,-0.013199,0.017228,0.014592,0
0.436000,1,0.030000,0.150000,0,1,1,0.033812,0.036609,-0.015732,0.025444,0.019143,0.126495,0.133592,0.699795,-0.013592,0.017328,0.016034,0
0.440000,1,0.032000,0.160000,0,1,1,0.040048,0.038339,-0.015469,0.025719,0.020531,0.136394,0.141063,0.688250,-0.013021,0.016699,0.017761,0
0.442000,1,0.034000,0.170000,0,1,1,0.040048,0.038339,-0.015186,0.026008,0.021895,0.146034,0.148281,0.676025,-0.012949,0.016568,0.019335,0
0.444000,1,0.036000,0.180000,0,1,1,0.040048,0.038339,-0.014885,0.026312,0.023235,0.155241,0.155359,0.663134,-0.013271,0.016760,0.020774,0
0.446000,1,0.038000,0.190000,0,1,1,0.040048,0.038339,-0.014565,0.026629,0.024547,0.164241,0.162079,0.649588,-0.013102,0.016841,0.023778,0
0.448000,1,0.040000,0.200000,0,1,1,0.040048,0.038339,-0.014228,0.026960,0.025833,0.173001,0.168509,0.635400,-0.013038,0.017026,0.025203,0
0.450000,1,0.042000,0.210000,0,1,1,0.040048,0.038339,-0.013874,0.027303,0.027089,0.181487,0.174726,0.620586,-0.013038,0.017026,0.025203,0
0.452000,1,0.044000,0.220000,0,1,1,0.040048,0.038339,-0.013502,0.027659,0.028314,0.189828,0.180661,0.605160,-0.012782,0.017345,0.026699,0
0.452000,1,0.046000,0.230000,0,1,1,0.040048,0.038339,-0.013115,0.028026,0.029509,0.197818,0.186300,0.589136,-0.012954,0.017696,0.027906,0
0.456000,1,0.048000,0.240000,0,1,1,0.040048,0.038339,-0.012711,0.028403,0.030671,0.205576,0.191587,0.572531,-0.012907,0.018751,0.030420,0
0.458000,1,0.050000,0.250000,0,1,1,0.040048,0.038339,-0.012292,0.028792,0.031799,0.213059,0.196667,0.555360,-0.012907,0.018751,0.030420,0
0.460000,1,0.052000,0.260000,0,1,1,0.040048,0.038339,-0.011859,0.029190,0.032892,0.220317,0.201600,0.537642,-0.012808,0.019658,0.031726,0
0.460000,1,0.054000,0.270000,0,1,1,0.040048,0.038339,-0.011411,0.029598,0.033949,0.227279,0.206120,0.519393,-0.012869,0.020156,0.032753,0
0.462000,1,0.056000,0.280000,0,1,1,0.040048,0.038339,-0.010950,0.030014,0.034969,0.233977,0.210366,0.500632,-0.012848,0.020978,0.033847,0
0.466000,1,0.058000,0.290000,0,1,1,0.045014,0.043275,-0.010473,0.030442,0.035951,0.243333,0.217173,0.481376,-0.012801,0.022822,0.035863,0
0.468000,1,0.060000,0.300000,0,1,1,0.045014,0.043275,-0.009977,0.030883,0.036894,0.252327,0.223701,0.461645,-0.012801,0.022822,0.035863,0
0.470000,1,0.062000,0.310000,0,1,1,0.045014,0.043275,-0.009464,0.031336,0.037797,0.260966,0.229881,0.441459,-0.012768,0.023837,0.036787,0
0.472000,1,0.064000,0.320000,0,1,1,0.045014,0.043275,-0.008933,0.031802,0.038660,0.269250,0.235721,0.420837,-0.012718,0.024921,0.037659,0
0.474000,1,0.066000,0.330000,0,1,1,0.045014,0.043275,-0.008387,0.032279,0.039480,0.277085,0.241537,0.399800,-0.012646,0.027780,0.039382,0
0.476000,1,0.068000,0.340000,0,1,1,0.045014,0.043275,-0.007825,0.032768,0.040259,0.284641,0.246637,0.378368,-0.012438,0.028471,0.039961,0
0.478000,1,0.070000,0.350000,0,1,1,0.045014,0.043275,-0.007249,0.033266,0.040994,0.291835,0.251467,0.356563,-0.012438,0.028471,0.039961,0
0.480000,1,0.072000,0.360000,0,1,1,0.045014,0.043275,-0.006658,0.033773,0.041685,0.298658,0.255971,0.334406,-0.012295,0.029732,0.040626,0
0.480000,1,0.074000,0.370000,0,1,1,0.045014,0.043275,-0.006054,0.034290,0.042331,0.304978,0.260627,0.311919,-0.012253,0.031635,0.041398,0
0.484000,1,0.076000,0.380000,0,1,1,0.045014,0.043275,-0.005438,0.034815,0.042932,0.311021,0.264424,0.289124,-0.011729,0.033674,0.042317,0
0.486000,1,0.078000,0.390000,0,1,1,0.045014,0.043275,-0.004811,0.035347,0.043487,0.316704,0.267960,0.266044,-0.011729,0.033674,0.042317,0
0.486000,1,0.080000,0.400000,0,1,1,0.045014,0.043275,-0.004172,0.035887,0.043996,0.321995,0.271190,0.242701,-0.011489,0.035011,0.042776,0
0.490000,1,0.082000,0.410000,0,1,1,0.048975,0.049704,-0.003520,0.036438,0.044458,0.330094,0.280156,0.219119,-0.011354,0.037017,0.043371,0
0.492000,1,0.084000,0.420000,0,1,1,0.048975,0.049704,-0.002852,0.037007,0.044872,0.337683,0.288630,0.195321,-0.011048,0.038371,0.043749,0
0.492000,1,0.086000,0.430000,0,1,1,0.048975,0.049704,-0.002169,0.037592,0.045239,0.344901,0.295986,0.171329,-0.010591,0.039066,0.043899,0
0.496000,1,0.088000,0.440000,0,1,1,0.048975,0.049704,-0.001473,0.038191,0.045558,0.351399,0.303506,0.147169,-0.009860,0.042444,0.044642,0
0.498000,1,0.090000,0.450000,0,1,1,0.048975,0.049704,-0.000764,0.038805,0.045828,0.357516,0.309901,0.122863,-0.009240,0.043187,0.044649,0
0.500000,1,0.092000,0.460000,0,1,1,0.048975,0.049704,-0.000043,0.039430,0.046049,0.363095,0.315844,0.098436,-0.008693,0.044549,0.044806,0
0.502000,1,0.094000,0.470000,0,1,1,0.048975,0.049704,0.000688,0.040068,0.046221,0.368213,0.321346,0.073912,-0.008693,0.044549,0.044806,0
0.504000,1,0.096000,0.480000,0,1,1,0.048975,0.049704,0.001429,0.040716,0.046345,0.372779,0.326401,0.049316,-0.008117,0.045895,0.044915,0
0.504000,1,0.098000,0.490000,0,1,1,0.048975,0.049704,0.002179,0.041373,0.046419,0.376787,0.331014,0.024670,-0.007508,0.047219,0.044976,0
0.508000,1,0.100000,0.500000,0,1,1,0.048975,0.049704,0.002936,0.042039,0.046443,0.380122,0.335192,-0.000000,-0.006179,0.049794,0.044955,0
0.510000,1,0.102000,0.510000,0,1,1,0.048975,0.049704,0.003699,0.042714,0.046419,0.383013,0.338929,-0.024670,-0.006179,0.049794,0.044955,0
0.512000,1,0.104000,0.520000,0,1,1,0.048975,0.049704,0.004468,0.043395,0.046345,0.385336,0.342234,-0.049316,-0.005454,0.051042,0.044875,0
0.512000,1,0.106000,0.530000,0,1,1,0.048975,0.049704,0.005240,0.044082,0.046221,0.387093,0.345103,-0.073912,-0.004688,0.052255,0.044744,0
0.514000,1,0.108000,0.540000,0,1,1,0.053567,0.056548,0.006022,0.044784,0.046049,0.394648,0.357031,-0.098436,-0.003888,0.053436,0.044560,0
0.518000,1,0.110000,0.550000,0,1,1,0.053567,0.056548,0.006818,0.045510,0.045828,0.401185,0.368135,-0.122863,-0.002183,0.055706,0.044051,0
0.520000,1,0.112000,0.560000,0,1,1,0.053567,0.056548,0.007626,0.046256,0.045558,0.407027,0.378374,-0.147169,-0.002183,0.055706,0.044051,0
0.522000,1,0.114000,0.570000,0,1,1,0.053567,0.056548,0.008445,0.047023,0.045239,0.412009,0.387788,-0.171329,-0.001250,0.056816,0.043732,0
0.522000,1,0.116000,0.580000,0,1,1,0.053567,0.056548,0.009274,0.047807,0.044872,0.416127,0.396385,-0.195321,-0.000258,0.057918,0.043379,0
0.524000,1,0.118000,0.590000,0,1,1,0.053567,0.056548,0.010110,0.048609,0.044458,0.419648,0.404981,-0.219119,0.000943,0.059475,0.043243,0
0.528000,1,0.120000,0.600000,0,1,1,0.053567,0.056548,0.010951,0.049426,0.043996,0.421790,0.411892,-0.242701,0.003008,0.061114,0.042069,0
0.530000,1,0.122000,0.610000,0,1,1,0.053567,0.056548,0.011796,0.050256,0.043487,0.423285,0.417929,-0.266044,0.003008,0.061114,0.042069,0
0.532000,1,0.124000,0.620000,0,1,1,0.053567,0.056548,0.012644,0.051098,0.042932,0.424395,0.423945,-0.289124,0.004409,0.062550,0.041798,0
0.532000,1,0.126000,0.630000,0,1,1,0.053567,0.056548,0.013493,0.051950,0.042331,0.424108,0.428227,-0.311919,0.005407,0.063149,0.040949,0
0.536000,1,0.128000,0.640000,0,1,1,0.053567,0.056548,0.014340,0.052810,0.041685,0.422665,0.431696,-0.334406,0.007903,0.065094,0.039618,0
0.538000,1,0.130000,0.650000,0,1,1,0.053567,0.056548,0.015183,0.053676,0.040994,0.420632,0.434287,-0.356563,0.007903,0.065094,0.039618,0
0.540000,1,0.132000,0.660000,0,1,1,0.061185,0.064083,0.016042,0.054567,0.040259,0.437813,0.455850,-0.378368,0.009518,0.066385,0.039144,0
0.542000,1,0.134000,0.670000,0,1,1,0.061185,0.064083,0.016932,0.055497,0.039480,0.451933,0.474459,-0.399800,0.010498,0.066936,0.038090,0
0.542000,1,0.136000,0.680000,0,1,1,0.061185,0.064083,0.017848,0.056463,0.038660,0.464001,0.491058,-0.420837,0.011818,0.067816,0.037248,0
0.546000,1,0.138000,0.690000,0,1,1,0.061185,0.064083,0.018786,0.057460,0.037797,0.473814,0.505744,-0.441459,0.014717,0.069658,0.035468,0
0.548000,1,0.140000,0.700000,0,1,1,0.061185,0.064083,0.019742,0.058485,0.036894,0.481974,0.518396,-0.461645,0.014717,0.069658,0.035468,0
0.550000,1,0.142000,0.710000,0,1,1,0.061185,0.064083,0.020713,0.059533,0.035951,0.488165,0.529069,-0.481376,0.016274,0.070607,0.034531,0
0.550000,1,0.144000,0.720000,0,1,1,0.061185,0.064083,0.021693,0.060600,0.034969,0.492348,0.537723,-0.500632,0.017860,0.071556,0.033555,0
0.552000,1,0.146000,0.730000,0,1,1,0.061185,0.064083,0.022680,0.061682,0.033949,0.494503,0.544325,-0.519393,0.019459,0.072500,0.032532,0
0.556000,1,0.148000,0.740000,0,1,1,0.061185,0.064083,0.023669,0.062776,0.032892,0.494160,0.548800,-0.537642,0.022688,0.074372,0.030355,0
0.558000,1,0.150000,0.750000,0,1,1,0.061185,0.064083,0.024656,0.063876,0.031799,0.492323,0.551241,-0.555360,0.022688,0.074372,0.030355,0
0.560000,1,0.152000,0.760000,0,1,1,0.061185,0.064083,0.025637,0.064979,0.030671,0.488453,0.551579,-0.572531,0.024317,0.075300,0.029204,0
0.560000,1,0.154000,0.770000,0,1,1,0.061185,0.064083,0.026608,0.066081,0.029509,0.482623,0.549788,-0.589136,0.025966,0.076229,0.027991,0
0.564000,1,0.156000,0.780000,0,1,1,0.061185,0.064083,0.027565,0.067177,0.028314,0.474133,0.545658,-0.605160,0.029231,0.078043,0.025461,0
0.566000,1,0.158000,0.790000,0,1,1,0.070705,0.071629,0.028566,0.068312,0.027089,0.525357,0.588229,-0.620586,0.030848,0.078923,0.024149,0
0.568000,1,0.160000,0.800000,0,1,1,0.070705,0.071629,0.029662,0.069525,0.025833,0.569201,0.623944,-0.635400,0.030848,0.078923,0.024149,0
0.568000,1,0.162000,0.810000,0,1,1,0.070705,0.071629,0.030837,0.070802,0.024547,0.604819,0.652545,-0.649588,0.032448,0.079784,0.022807,0
0.570000,1,0.164000,0.820000,0,1,1,0.070705,0.071629,0.032076,0.072130,0.023235,0.633059,0.674239,-0.663134,0.034272,0.080764,0.021434,0
0.574000,1,0.166000,0.830000,0,1,1,0.070705,0.071629,0.033364,0.073495,0.021895,0.653734,0.688735,-0.676025,0.038253,0.082985,0.018597,0
0.576000,1,0.168000,0.840000,0,1,1,0.070705,0.071629,0.034686,0.074881,0.020531,0.667169,0.696462,-0.688250,0.038253,0.082985,0.018597,0
0.578000,1,0.170000,0.850000,0,1,1,0.070705,0.071629,0.036035,0.076277,0.019143,0.679835,0.698505,-0.699795,0.040825,0.084415,0.017342,0
0.578000,1,0.172000,0.860000,0,1,1,0.070705,0.071629,0.037391,0.077668,0.017732,0.675337,0.691539,-0.710650,0.042451,0.085444,0.015679,0
0.582000,1,0.174000,0.870000,0,1,1,0.070705,0.071629,0.038739,0.079039,0.016301,0.671226,0.678271,-0.720803,0.047026,0.088106,0.012861,0
0.584000,1,0.176000,0.880000,0,1,1,0.070705,0.071629,0.040071,0.080377,0.014850,0.659142,0.658348,-0.730245,0.047026,0.088106,0.012861,0
0.586000,1,0.178000,0.890000,0,1,1,0.070705,0.071629,0.041369,0.081667,0.013380,0.637619,0.630749,-0.738966,0.049035,0.089314,0.011324,0
0.586000,1,0.180000,0.900000,0,1,1,0.070705,0.071629,0.042614,0.082894,0.011894,0.606688,0.595444,-0.746958,0.050980,0.090488,0.009765,0
0.590000,1,0.182000,0.910000,0,1,1,0.081725,0.080099,0.044059,0.084260,0.010393,0.827862,0.762169,-0.754213,0.052151,0.091299,0.007999,0
0.592000,1,0.184000,0.920000,0,1,1,0.081725,0.080099,0.045843,0.085862,0.008878,0.948186,0.834302,-0.760723,0.054603,0.092649,0.006553,0
0.592000,1,0.186000,0.930000,0,1,1,0.081725,0.080099,0.047745,0.087526,0.007350,0.950188,0.827189,-0.766483,0.055486,0.093220,0.004730,0
0.596000,1,0.188000,0.940000,0,1,1,0.081725,0.080099,0.049609,0.089134,0.005812,0.912380,0.778874,-0.771487,0.060717,0.096324,0.001400,0
0.598000,1,0.190000,0.950000,0,1,1,0.081725,0.080099,0.051361,0.090618,0.004265,0.838214,0.705037,-0.775729,0.060717,0.096324,0.001400,0
0.598000,0,0.000000,0.000000,1,1,0,0.081725,0.080099,-0.022122,0.017015,-0.003557,0.049805,0.047925,0.785398,-0.022172,0.016967,-0.003189,1
0.602000,0,0.002000,0.010000,1,1,0,0.081725,0.080099,-0.021973,0.017158,-0.001986,0.099683,0.095676,0.785011,-0.022850,0.016725,-0.003077,0
0.604000,0,0.004000,0.020000,1,1,0,0.081725,0.080099,-0.021724,0.017397,-0.000417,0.148533,0.142442,0.783848,-0.022850,0.016725,-0.003077,0
0.606000,0,0.006000,0.030000,1,1,0,0.081725,0.080099,-0.021379,0.017728,0.001149,0.196713,0.188505,0.781913,-0.023245,0.016596,-0.003038,0
0.606000,0,0.008000,0.040000,1,1,0,0.081725,0.080099,-0.020938,0.018150,0.002710,0.244518,0.233943,0.779205,-0.022184,0.017010,-0.002770,0
0.610000,0,0.010000,0.050000,1,1,0,0.081725,0.080099,-0.020401,0.018663,0.004265,0.291587,0.278569,0.775729,-0.021913,0.017313,-0.002415,0
0.610000,0,0.012000,0.060000,1,1,0,0.081725,0.080099,-0.019772,0.019264,0.005812,0.337442,0.322181,0.771487,-0.022740,0.017398,-0.001904,0
0.614000,0,0.014000,0.070000,1,1,0,0.081725,0.080099,-0.019051,0.019952,0.007350,0.383049,0.365142,0.766483,-0.020071,0.019281,-0.000308,0
0.616000,0,0.016000,0.080000,1,0,1,-0.002156,0.002122,-0.018270,0.020696,0.008878,0.397837,0.379639,0.760723,-0.020542,0.019756,0.000703,0
0.618000,0,0.018000,0.090000,1,0,1,-0.002156,0.002122,-0.017460,0.021470,0.010393,0.412209,0.393730,0.754213,-0.020542,0.019756,0.000703,0
0.618000,0,0.020000,0.100000,1,0,1,-0.002156,0.002122,-0.016621,0.022271,0.011894,0.426785,0.407642,0.746958,-0.017646,0.021571,0.001819,0
0.620000,0,0.022000,0.110000,1,0,1,-0.002156,0.002122,-0.015753,0.023100,0.013380,0.441030,0.421171,0.738966,-0.015659,0.023190,0.003086,0
0.624000,0,0.024000,0.120000,1,0,1,-0.002156,0.002122,-0.014858,0.023955,0.014850,0.454410,0.433947,0.730245,-0.012378,0.026084,0.006092,0
0.626000,0,0.026000,0.130000,1,0,1,-0.002156,0.002122,-0.013936,0.024836,0.016301,0.467366,0.446319,0.720803,-0.012378,0.026084,0.006092,0
0.628000,0,0.028000,0.140000,1,0,1,-0.002156,0.002122,-0.012988,0.025741,0.017732,0.480573,0.458675,0.710650,-0.008202,0.029174,0.007381,0
0.628000,0,0.030000,0.150000,1,0,1,-0.002156,0.002122,-0.012015,0.026670,0.019143,0.492748,0.470166,0.699795,-0.007075,0.030324,0.009193,0
0.632000,0,0.032000,0.160000,1,0,1,-0.002156,0.002122,-0.011017,0.027621,0.020531,0.504586,0.481225,0.688250,-0.001904,0.034801,0.012348,0
0.634000,0,0.034000,0.170000,1,0,1,-0.002156,0.002122,-0.009997,0.028594,0.021895,0.515998,0.491883,0.676025,-0.001904,0.034801,0.012348,0
0.636000,0,0.036000,0.180000,1,0,1,-0.002156,0.002122,-0.008954,0.029588,0.023235,0.527024,0.502126,0.663134,0.000562,0.037058,0.013931,0
0.638000,0,0.038000,0.190000,1,0,1,-0.002156,0.002122,-0.007889,0.030602,0.024547,0.537671,0.511963,0.649588,0.002934,0.039301,0.015501,0
0.638000,0,0.040000,0.200000,1,0,1,0.004390,0.011327,-0.006799,0.031641,0.025833,0.551657,0.526198,0.635400,0.006635,0.042636,0.016693,0
0.642000,0,0.042000,0.210000,1,0,1,0.004390,0.011327,-0.005683,0.032706,0.027089,0.564526,0.539374,0.620586,0.009350,0.045727,0.020076,0
0.644000,0,0.044000,0.220000,1,0,1,0.004390,0.011327,-0.004542,0.033798,0.028314,0.576886,0.552042,0.605160,0.009350,0.045727,0.020076,0
0.644000,0,0.046000,0.230000,1,0,1,0.004390,0.011327,-0.003376,0.034914,0.029509,0.588797,0.564216,0.589136,0.011254,0.047749,0.021551,0
0.646000,0,0.048000,0.240000,1,0,1,0.004390,0.011327,-0.002187,0.036054,0.030671,0.600261,0.575898,0.572531,0.013039,0.049690,0.022990,0
0.650000,0,0.050000,0.250000,1,0,1,0.004390,0.011327,-0.000975,0.037218,0.031799,0.611347,0.587112,0.555360,0.016251,0.053309,0.025747,0
0.652000,0,0.052000,0.260000,1,0,1,0.004390,0.011327,0.000258,0.038403,0.032892,0.621917,0.597815,0.537642,0.016251,0.053309,0.025747,0
0.652000,0,0.054000,0.270000,1,0,1,0.004390,0.011327,0.001513,0.039609,0.033949,0.632621,0.608588,0.519393,0.018684,0.055952,0.026649,0
0.656000,0,0.056000,0.280000,1,0,1,0.004390,0.011327,0.002788,0.040836,0.034969,0.642342,0.618318,0.500632,0.020184,0.058038,0.029536,0
0.658000,0,0.058000,0.290000,1,0,1,0.004390,0.011327,0.004082,0.042082,0.035951,0.651542,0.627535,0.481376,0.020184,0.058038,0.029536,0
0.660000,0,0.060000,0.300000,1,0,1,0.004390,0.011327,0.005394,0.043346,0.036894,0.660796,0.636831,0.461645,0.022081,0.060326,0.030283,0
0.660000,0,0.062000,0.310000,1,0,1,0.004390,0.011327,0.006725,0.044629,0.037797,0.669547,0.645615,0.441459,0.023003,0.061601,0.031393,0
0.664000,0,0.064000,0.320000,1,0,1,0.014180,0.024102,0.008078,0.045936,0.038660,0.683687,0.661523,0.420837,0.023945,0.063052,0.033870,0
0.666000,0,0.066000,0.330000,1,0,1,0.014180,0.024102,0.009460,0.047275,0.039480,0.697557,0.677263,0.399800,0.025211,0.064906,0.034405,0
0.668000,0,0.068000,0.340000,1,0,1,0.014180,0.024102,0.010868,0.048645,0.040259,0.710697,0.692227,0.378368,0.025211,0.064906,0.034405,0
0.670000,0,0.070000,0.350000,1,0,1,0.014180,0.024102,0.012302,0.050043,0.040994,0.722798,0.705860,0.356563,0.025292,0.065062,0.035717,0
0.672000,0,0.072000,0.360000,1,0,1,0.014180,0.024102,0.013759,0.051468,0.041685,0.734260,0.718772,0.334406,0.025858,0.065969,0.036559,0
0.672000,0,0.074000,0.370000,1,0,1,0.014180,0.024102,0.015239,0.052918,0.042331,0.745360,0.731550,0.311919,0.026749,0.067582,0.036942,0
0.676000,0,0.076000,0.380000,1,0,1,0.014180,0.024102,0.016740,0.054393,0.042932,0.755588,0.743009,0.289124,0.027196,0.068350,0.038765,0
0.678000,0,0.078000,0.390000,1,0,1,0.014180,0.024102,0.018260,0.055890,0.043487,0.765087,0.753705,0.266044,0.027196,0.068350,0.038765,0
0.680000,0,0.080000,0.400000,1,0,1,0.014180,0.024102,0.019800,0.057407,0.043996,0.773935,0.763676,0.242701,0.027542,0.069041,0.039396,0
0.682000,0,0.082000,0.410000,1,0,1,0.014180,0.024102,0.021356,0.058944,0.044458,0.782125,0.772919,0.219119,0.027846,0.069688,0.039974,0
0.684000,0,0.084000,0.420000,1,0,1,0.014180,0.024102,0.022928,0.060498,0.044872,0.789653,0.781433,0.195321,0.028115,0.070299,0.040496,0
0.686000,0,0.086000,0.430000,1,0,1,0.014180,0.024102,0.024514,0.062070,0.045239,0.796606,0.789887,0.171329,0.028495,0.071582,0.040596,0
0.686000,0,0.088000,0.440000,1,0,1,0.014180,0.024102,0.026114,0.063657,0.045558,0.802788,0.796889,0.147169,0.028572,0.071427,0.041382,0
0.688000,0,0.090000,0.450000,1,0,1,0.014180,0.024102,0.027725,0.065257,0.045828,0.808293,0.803160,0.122863,0.028772,0.071953,0.041747,0
0.692000,0,0.092000,0.460000,1,0,1,0.020293,0.033310,0.029352,0.066878,0.046049,0.819289,0.817993,0.098436,0.028959,0.072457,0.042056,0
0.694000,0,0.094000,0.470000,1,0,1,0.020293,0.033310,0.031001,0.068528,0.046221,0.829370,0.831741,0.073912,0.029146,0.072945,0.042311,0
0.696000,0,0.096000,0.480000,1,0,1,0.020293,0.033310,0.032669,0.070205,0.046345,0.838476,0.845199,0.049316,0.029337,0.074106,0.042185,0
0.698000,0,0.098000,0.490000,1,0,1,0.020293,0.033310,0.034355,0.071907,0.046419,0.846712,0.856718,0.024670,0.029519,0.073899,0.042668,0
0.700000,0,0.100000,0.500000,1,0,1,0.020293,0.033310,0.036056,0.073632,0.046443,0.854046,0.867199,-0.000000,0.029926,0.074894,0.042839,0
0.702000,0,0.102000,0.510000,1,0,1,0.020293,0.033310,0.037770,0.075376,0.046419,0.860425,0.876595,-0.024670,0.030158,0.075410,0.042854,0
0.704000,0,0.104000,0.520000,1,0,1,0.020293,0.033310,0.039497,0.077137,0.046345,0.865812,0.884863,-0.049316,0.030158,0.075410,0.042854,0
0.706000,0,0.106000,0.530000,1,0,1,0.020293,0.033310,0.041233,0.078914,0.046221,0.870238,0.892047,-0.073912,0.030413,0.075942,0.042823,0
0.708000,0,0.108000,0.540000,1,0,1,0.020293,0.033310,0.042977,0.080705,0.046049,0.873696,0.898148,-0.098436,0.030698,0.076493,0.042747,0
0.708000,0,0.110000,0.550000,1,0,1,0.020293,0.033310,0.044727,0.082507,0.045828,0.876007,0.904190,-0.122863,0.030969,0.077719,0.042365,0
0.712000,0,0.112000,0.560000,1,0,1,0.020293,0.033310,0.046481,0.084320,0.045558,0.877537,0.908079,-0.147169,0.031786,0.078255,0.042260,0
0.714000,0,0.114000,0.570000,1,0,1,0.020293,0.033310,0.048236,0.086139,0.045239,0.878069,0.910832,-0.171329,0.031786,0.078255,0.042260,0
0.716000,0,0.116000,0.580000,1,0,1,0.025468,0.041630,0.050001,0.087977,0.044872,0.886007,0.927481,-0.195321,0.032180,0.079532,0.041776,0
0.718000,0,0.118000,0.590000,1,0,1,0.025468,0.041630,0.051780,0.089846,0.044458,0.892731,0.941102,-0.219119,0.032706,0.079534,0.041716,0
0.720000,0,0.120000,0.600000,1,0,1,0.025468,0.041630,0.053571,0.091741,0.043996,0.898024,0.952976,-0.242701,0.033227,0.080204,0.041376,0
0.720000,0,0.122000,0.610000,1,0,1,0.025468,0.041630,0.055371,0.093658,0.043487,0.901707,0.964421,-0.266044,0.033774,0.081547,0.040788,0
0.724000,0,0.124000,0.620000,1,0,1,0.025468,0.041630,0.057177,0.095596,0.042932,0.904102,0.972754,-0.289124,0.035096,0.082464,0.040110,0
0.726000,0,0.126000,0.630000,1,0,1,0.025468,0.041630,0.058986,0.097550,0.042331,0.904926,0.980748,-0.311919,0.035836,0.083903,0.039416,0
0.728000,0,0.128000,0.640000,1,0,1,0.025468,0.041630,0.060795,0.099518,0.041685,0.904346,0.986838,-0.334406,0.035836,0.083903,0.039416,0
0.730000,0,0.130000,0.650000,1,0,1,0.025468,0.041630,0.062602,0.101494,0.040994,0.902436,0.989544,-0.356563,0.036610,0.084166,0.039044,0
0.732000,0,0.132000,0.660000,1,0,1,0.025468,0.041630,0.064404,0.103476,0.040259,0.898990,0.992147,-0.378368,0.037472,0.085664,0.038277,0
0.732000,0,0.134000,0.670000,1,0,1,0.025468,0.041630,0.066197,0.105460,0.039480,0.894116,0.991222,-0.399800,0.038306,0.086020,0.037801,0
0.736000,0,0.136000,0.680000,1,0,1,0.025468,0.041630,0.067979,0.107440,0.038660,0.887643,0.988697,-0.420837,0.040190,0.087999,0.036381,0
0.738000,0,0.138000,0.690000,1,0,1,0.025468,0.041630,0.069747,0.109414,0.037797,0.879785,0.984336,-0.441459,0.040190,0.087999,0.036381,0
0.740000,0,0.140000,0.700000,1,0,1,0.030666,0.048573,0.071514,0.111399,0.036894,0.887176,1.000626,-0.461645,0.041205,0.089030,0.035598,0
0.742000,0,0.142000,0.710000,1,0,1,0.030666,0.048573,0.073294,0.113414,0.035951,0.891898,1.013660,-0.481376,0.042262,0.090088,0.034772,0
0.744000,0,0.144000,0.720000,1,0,1,0.030666,0.048573,0.075080,0.115452,0.034969,0.893937,1.023442,-0.500632,0.043357,0.091170,0.033901,0
0.744000,0,0.146000,0.730000,1,0,1,0.030666,0.048573,0.076868,0.117508,0.033949,0.893801,1.032221,-0.519393,0.044682,0.092825,0.032880,0
0.748000,0,0.148000,0.740000,1,0,1,0.030666,0.048573,0.078653,0.119576,0.032892,0.890214,1.035346,-0.537642,0.047007,0.094726,0.031081,0
0.750000,0,0.150000,0.750000,1,0,1,0.030666,0.048573,0.080428,0.121647,0.031799,0.884164,1.035045,-0.555360,0.047007,0.094726,0.031081,0
0.752000,0,0.152000,0.760000,1,0,1,0.030666,0.048573,0.082188,0.123717,0.030671,0.876398,1.034110,-0.572531,0.048569,0.096482,0.029965,0
0.754000,0,0.154000,0.770000,1,0,1,0.030666,0.048573,0.083931,0.125781,0.029509,0.865981,1.029637,-0.589136,0.049969,0.097782,0.028917,0
0.756000,0,0.156000,0.780000,1,0,1,0.030666,0.048573,0.085649,0.127830,0.028314,0.851473,1.018685,-0.605160,0.051142,0.098651,0.027920,0
0.756000,0,0.158000,0.790000,1,0,1,0.030666,0.048573,0.087337,0.129857,0.027089,0.836018,1.007673,-0.620586,0.052886,0.100466,0.026705,0
0.760000,0,0.160000,0.800000,1,0,1,0.030666,0.048573,0.088991,0.131858,0.025833,0.817717,0.993200,-0.635400,0.055922,0.103234,0.024340,0
0.762000,0,0.162000,0.810000,1,0,1,0.030666,0.048573,0.090606,0.133827,0.024547,0.796943,0.974946,-0.649588,0.055922,0.103234,0.024340,0
0.764000,0,0.164000,0.820000,1,0,1,0.030666,0.048573,0.092174,0.135752,0.023235,0.770422,0.949183,-0.663134,0.057116,0.104220,0.023163,0
0.766000,0,0.166000,0.830000,1,0,1,0.035787,0.054559,0.093737,0.137682,0.021895,0.791346,0.978861,-0.676025,0.058664,0.105641,0.021875,0
0.766000,0,0.168000,0.840000,1,0,1,0.035787,0.054559,0.095338,0.139665,0.020531,0.807902,1.002782,-0.688250,0.060645,0.107474,0.020490,0
0.768000,0,0.170000,0.850000,1,0,1,0.035787,0.054559,0.096957,0.141680,0.019143,0.810000,1.010454,-0.699795,0.061816,0.108505,0.019186,0
0.772000,0,0.172000,0.860000,1,0,1,0.035787,0.054559,0.098578,0.143706,0.017732,0.809628,1.013680,-0.710650,0.065648,0.111917,0.016376,0
0.774000,0,0.174000,0.870000,1,0,1,0.035787,0.054559,0.100189,0.145727,0.016301,0.800075,1.005501,-0.720803,0.067442,0.113503,0.014974,0
0.776000,0,0.176000,0.880000,1,0,1,0.035787,0.054559,0.101773,0.147721,0.014850,0.781735,0.985690,-0.730245,0.067442,0.113503,0.014974,0
0.778000,0,0.178000,0.890000,1,0,1,0.035787,0.054559,0.103298,0.149655,0.013380,0.742820,0.946589,-0.738966,0.068784,0.114776,0.013601,0
0.780000,0,0.180000,0.900000,1,0,1,0.035787,0.054559,0.104753,0.151510,0.011894,0.710537,0.907085,-0.746958,0.071117,0.116744,0.012105,0
0.780000,0,0.182000,0.910000,1,0,1,0.035787,0.054559,0.106099,0.153241,0.010393,0.635564,0.823280,-0.754213,0.072437,0.118033,0.010673,0
0.784000,0,0.184000,0.920000,1,0,1,0.035787,0.054559,0.107283,0.154788,0.008878,0.549560,0.724249,-0.760723,0.075991,0.121174,0.007617,0
0.786000,0,0.186000,0.930000,1,0,1,0.035787,0.054559,0.108295,0.156131,0.007350,0.463402,0.620093,-0.766483,0.075991,0.121174,0.007617,0
0.788000,0,0.188000,0.940000,1,0,1,0.035787,0.054559,0.109138,0.157268,0.005812,0.380397,0.518199,-0.771487,0.077661,0.122624,0.006019,0
0.790000,0,0.190000,0.950000,1,0,1,0.042099,0.060890,0.109997,0.158385,0.004265,0.474347,0.594199,-0.775729,0.079233,0.123961,0.004377,0
0.792000,0,0.192000,0.960000,1,0,1,0.042099,0.060890,0.110984,0.159594,0.002710,0.509011,0.611837,-0.779205,0.080716,0.125177,0.002700,0
0.792000,1,0.000000,0.000000,1,1,0,0.042099,0.060890,0.075653,0.106313,-0.003557,0.014428,0.024021,0.785398,0.075639,0.106289,-0.004505,1
0.796000,1,0.002000,0.010000,1,1,0,0.042099,0.060890,0.075697,0.106385,-0.001986,0.028968,0.047916,0.785011,0.075786,0.106572,-0.004527,0
0.798000,1,0.004000,0.020000,1,1,0,0.042099,0.060890,0.075769,0.106505,-0.000417,0.043540,0.071622,0.783848,0.075914,0.106825,-0.004539,0
0.800000,1,0.006000,0.030000,1,1,0,0.042099,0.060890,0.075871,0.106671,0.001149,0.057983,0.095111,0.781913,0.076099,0.107138,-0.003966,0
0.802000,1,0.008000,0.040000,1,1,0,0.042099,0.060890,0.076001,0.106885,0.002710,0.072218,0.118319,0.779205,0.076457,0.107283,-0.002869,0
0.802000,1,0.010000,0.050000,1,1,0,0.042099,0.060890,0.076159,0.107144,0.004265,0.086222,0.141175,0.775729,0.076969,0.107223,-0.001434,0
0.806000,1,0.012000,0.060000,0,1,1,0.042099,0.060890,0.076346,0.107449,0.005812,0.100089,0.163674,0.771487,0.078161,0.106646,0.001786,0
0.808000,1,0.014000,0.070000,0,1,1,0.042099,0.060890,0.076560,0.107799,0.007350,0.113707,0.185688,0.766483,0.078690,0.106241,0.003465,0
0.810000,1,0.016000,0.080000,0,1,1,0.042099,0.060890,0.076801,0.108192,0.008878,0.127072,0.207197,0.760723,0.079193,0.105805,0.005140,0
0.812000,1,0.018000,0.090000,0,1,1,0.042099,0.060890,0.077068,0.108627,0.010393,0.140117,0.228188,0.754213,0.079193,0.105805,0.005140,0
0.814000,1,0.020000,0.100000,0,1,1,0.042099,0.060890,0.077361,0.109104,0.011894,0.152920,0.248653,0.746958,0.079724,0.105389,0.006786,0
0.814000,1,0.022000,0.110000,0,1,1,0.040456,0.045033,0.077679,0.109616,0.013380,0.164860,0.262642,0.738966,0.080257,0.105039,0.008411,0
0.816000,1,0.024000,0.120000,0,1,1,0.040456,0.045033,0.078020,0.110155,0.014850,0.176552,0.276221,0.730245,0.080788,0.104780,0.010031,0
0.820000,1,0.026000,0.130000,0,1,1,0.040456,0.045033,0.078385,0.110720,0.016301,0.188028,0.289347,0.720803,0.081859,0.104541,0.013313,0
0.822000,1,0.028000,0.140000,0,1,1,0.040456,0.045033,0.078772,0.111312,0.017732,0.199229,0.302048,0.710650,0.082396,0.104551,0.014962,0
0.824000,1,0.030000,0.150000,0,1,1,0.040456,0.045033,0.079182,0.111928,0.019143,0.210115,0.314371,0.699795,0.082396,0.104551,0.014962,0
0.824000,1,0.032000,0.160000,0,1,1,0.040456,0.045033,0.079612,0.112569,0.020531,0.220724,0.326265,0.688250,0.082933,0.104661,0.016607,0
0.826000,1,0.034000,0.170000,0,1,1,0.040456,0.045033,0.080064,0.113233,0.021895,0.231056,0.337725,0.676025,0.083468,0.104874,0.018236,0
0.830000,1,0.036000,0.180000,0,1,1,0.040456,0.045033,0.080536,0.113919,0.023235,0.241146,0.348690,0.663134,0.084522,0.105621,0.021426,0
0.832000,1,0.038000,0.190000,0,1,1,0.040456,0.045033,0.081029,0.114627,0.024547,0.250952,0.359217,0.649588,0.085040,0.106155,0.022981,0
0.834000,1,0.040000,0.200000,0,1,1,0.040456,0.045033,0.081540,0.115356,0.025833,0.260475,0.369307,0.635400,0.085562,0.106805,0.024515,0
0.836000,1,0.042000,0.210000,0,1,1,0.040456,0.045033,0.082070,0.116104,0.027089,0.269678,0.379028,0.620586,0.085562,0.106805,0.024515,0
0.836000,1,0.044000,0.220000,0,1,1,0.040456,0.045033,0.082619,0.116872,0.028314,0.278599,0.388312,0.605160,0.086074,0.107567,0.026002,0
0.840000,1,0.046000,0.230000,0,1,1,0.046923,0.051619,0.083188,0.117661,0.029509,0.290731,0.400602,0.589136,0.087507,0.109851,0.028984,0
0.842000,1,0.048000,0.240000,0,1,1,0.046923,0.051619,0.083781,0.118473,0.030671,0.302255,0.412140,0.572531,0.087508,0.110479,0.030136,0
0.844000,1,0.050000,0.250000,0,1,1,0.046923,0.051619,0.084397,0.119309,0.031799,0.313406,0.423162,0.555360,0.087954,0.111652,0.031404,0
0.846000,1,0.052000,0.260000,0,1,1,0.046923,0.051619,0.085034,0.120166,0.032892,0.324186,0.433674,0.537642,0.088401,0.112929,0.032617,0
0.848000,1,0.054000,0.270000,0,1,1,0.046923,0.051619,0.085693,0.121043,0.033949,0.334554,0.443741,0.519393,0.088401,0.112929,0.032617,0
0.850000,1,0.056000,0.280000,0,1,1,0.046923,0.051619,0.086372,0.121940,0.034969,0.344550,0.453301,0.500632,0.088846,0.114301,0.033773,0
0.850000,1,0.058000,0.290000,0,1,1,0.046923,0.051619,0.087071,0.122856,0.035951,0.354171,0.462356,0.481376,0.089288,0.115759,0.034871,0
0.854000,1,0.060000,0.300000,0,1,1,0.046923,0.051619,0.087789,0.123789,0.036894,0.363446,0.470857,0.461645,0.090157,0.118904,0.036893,0
0.856000,1,0.062000,0.310000,0,1,1,0.046923,0.051619,0.088525,0.124739,0.037797,0.372336,0.478865,0.441459,0.090591,0.120581,0.037820,0
0.858000,1,0.064000,0.320000,0,1,1,0.046923,0.051619,0.089278,0.125705,0.038660,0.380837,0.486387,0.420837,0.091020,0.122318,0.038687,0
0.860000,1,0.066000,0.330000,0,1,1,0.046923,0.051619,0.090048,0.126684,0.039480,0.388945,0.493427,0.399800,0.091447,0.124103,0.039495,0
0.860000,1,0.068000,0.340000,0,1,1,0.046923,0.051619,0.090834,0.127678,0.040259,0.396636,0.500035,0.378368,0.091447,0.124103,0.039495,0
0.862000,1,0.070000,0.350000,0,1,1,0.046923,0.051619,0.091634,0.128684,0.040994,0.403932,0.506165,0.356563,0.091875,0.125930,0.040243,0
0.866000,1,0.072000,0.360000,0,1,1,0.050845,0.058265,0.092452,0.129707,0.041685,0.413656,0.516615,0.334406,0.092304,0.127793,0.040933,0
0.868000,1,0.074000,0.370000,0,1,1,0.050845,0.058265,0.093289,0.130750,0.042331,0.422899,0.526418,0.311919,0.093177,0.131601,0.042143,0
0.870000,1,0.076000,0.380000,0,1,1,0.050845,0.058265,0.094143,0.131812,0.042932,0.431631,0.535640,0.289124,0.093177,0.131601,0.042143,0
0.872000,1,0.078000,0.390000,0,1,1,0.050845,0.058265,0.095015,0.132892,0.043487,0.439865,0.544260,0.266044,0.093639,0.133548,0.042668,0
0.872000,1,0.080000,0.400000,0,1,1,0.050845,0.058265,0.095902,0.133989,0.043996,0.447594,0.552284,0.242701,0.094122,0.135518,0.043141,0
0.874000,1,0.082000,0.410000,0,1,1,0.050845,0.058265,0.096805,0.135101,0.044458,0.454814,0.559716,0.219119,0.094626,0.137503,0.043562,0
0.878000,1,0.084000,0.420000,0,1,1,0.050845,0.058265,0.097721,0.136227,0.044872,0.461506,0.566560,0.195321,0.095690,0.141488,0.044246,0
0.880000,1,0.086000,0.430000,0,1,1,0.050845,0.058265,0.098650,0.137367,0.045239,0.467688,0.572825,0.171329,0.095690,0.141488,0.044246,0
0.882000,1,0.088000,0.440000,0,1,1,0.050845,0.058265,0.099592,0.138518,0.045558,0.473342,0.578515,0.147169,0.096253,0.143477,0.044510,0
0.884000,1,0.090000,0.450000,0,1,1,0.050845,0.058265,0.100543,0.139681,0.045828,0.478461,0.583634,0.122863,0.096841,0.145457,0.044725,0
0.884000,1,0.092000,0.460000,0,1,1,0.050845,0.058265,0.101505,0.140853,0.046049,0.483039,0.588188,0.098436,0.097454,0.147421,0.044893,0
0.888000,1,0.094000,0.470000,0,1,1,0.050845,0.058265,0.102475,0.142033,0.046221,0.487024,0.592205,0.073912,0.098761,0.151286,0.045079,0
0.890000,1,0.096000,0.480000,0,1,1,0.054180,0.066193,0.103456,0.143230,0.046345,0.494134,0.604267,0.049316,0.098761,0.151286,0.045079,0
0.892000,1,0.098000,0.490000,0,1,1,0.054180,0.066193,0.104451,0.144450,0.046419,0.500544,0.615437,0.024670,0.099461,0.153183,0.045103,0
0.892000,1,0.100000,0.500000,0,1,1,0.054180,0.066193,0.105458,0.145691,0.046443,0.506267,0.625719,-0.000000,0.100211,0.155066,0.045069,0
0.894000,1,0.102000,0.510000,0,1,1,0.054180,0.066193,0.106476,0.146952,0.046419,0.511280,0.635115,-0.024670,0.100986,0.156922,0.044995,0
0.898000,1,0.104000,0.520000,0,1,1,0.054180,0.066193,0.107503,0.148231,0.046345,0.515500,0.643687,-0.049316,0.102657,0.160569,0.044731,0
0.900000,1,0.106000,0.530000,0,1,1,0.054180,0.066193,0.108537,0.149526,0.046221,0.519003,0.651392,-0.073912,0.103572,0.162374,0.044549,0
0.902000,1,0.108000,0.540000,0,1,1,0.054180,0.066193,0.109578,0.150836,0.046049,0.521877,0.658166,-0.098436,0.103572,0.162374,0.044549,0
0.904000,1,0.110000,0.550000,0,1,1,0.054180,0.066193,0.110624,0.152158,0.045828,0.524015,0.664082,-0.122863,0.104531,0.164163,0.044338,0
0.904000,1,0.112000,0.560000,0,1,1,0.054180,0.066193,0.111674,0.153492,0.045558,0.525406,0.669144,-0.147169,0.105531,0.165931,0.044090,0
0.906000,1,0.114000,0.570000,0,1,1,0.054180,0.066193,0.112725,0.154834,0.045239,0.526036,0.673348,-0.171329,0.106554,0.167664,0.043790,0
0.910000,1,0.116000,0.580000,0,1,1,0.054180,0.066193,0.113777,0.156184,0.044872,0.525732,0.676750,-0.195321,0.108637,0.170993,0.042986,0
0.912000,1,0.118000,0.590000,0,1,1,0.054180,0.066193,0.114828,0.157541,0.044458,0.524832,0.679205,-0.219119,0.108637,0.170993,0.042986,0
0.914000,1,0.120000,0.600000,0,1,1,0.054180,0.066193,0.115876,0.158901,0.043996,0.523178,0.680786,-0.242701,0.109717,0.172606,0.042464,0
0.914000,1,0.122000,0.610000,0,1,1,0.058322,0.073394,0.116928,0.160277,0.043487,0.528696,0.695327,-0.266044,0.110806,0.174175,0.041886,0
0.916000,1,0.124000,0.620000,0,1,1,0.058322,0.073394,0.117990,0.161682,0.042932,0.533326,0.709202,-0.289124,0.112042,0.176197,0.041431,0
0.918000,1,0.126000,0.630000,0,1,1,0.058322,0.073394,0.119060,0.163112,0.042331,0.536364,0.720430,-0.311919,0.113051,0.177177,0.040590,0
0.922000,1,0.128000,0.640000,0,1,1,0.058322,0.073394,0.120135,0.164563,0.041685,0.537980,0.730183,-0.334406,0.115508,0.180127,0.039134,0
0.924000,1,0.130000,0.650000,0,1,1,0.058322,0.073394,0.121211,0.166032,0.040994,0.538448,0.738341,-0.356563,0.116833,0.181603,0.038327,0
0.926000,1,0.132000,0.660000,0,1,1,0.058322,0.073394,0.122288,0.167515,0.040259,0.537984,0.744792,-0.378368,0.116833,0.181603,0.038327,0
0.928000,1,0.134000,0.670000,0,1,1,0.058322,0.073394,0.123362,0.169010,0.039480,0.536296,0.749628,-0.399800,0.118176,0.183057,0.037480,0
0.928000,1,0.136000,0.680000,0,1,1,0.058322,0.073394,0.124432,0.170512,0.038660,0.533351,0.752838,-0.420837,0.119539,0.184486,0.036598,0
0.930000,1,0.138000,0.690000,0,1,1,0.058322,0.073394,0.125495,0.172020,0.037797,0.529146,0.754402,-0.441459,0.120927,0.185885,0.035680,0
0.934000,1,0.140000,0.700000,0,1,1,0.058322,0.073394,0.126547,0.173529,0.036894,0.523307,0.754332,-0.461645,0.123766,0.188590,0.033720,0
0.936000,1,0.142000,0.710000,0,1,1,0.058322,0.073394,0.127587,0.175036,0.035951,0.516655,0.752533,-0.481376,0.123766,0.188590,0.033720,0
0.938000,1,0.144000,0.720000,0,1,1,0.058322,0.073394,0.128613,0.176538,0.034969,0.508755,0.749037,-0.500632,0.125215,0.189901,0.032680,0
0.940000,1,0.146000,0.730000,0,1,1,0.064750,0.080863,0.129647,0.178061,0.033949,0.525098,0.773409,-0.519393,0.126678,0.191180,0.031599,0
0.940000,1,0.148000,0.740000,0,1,1,0.064750,0.080863,0.130711,0.179629,0.032892,0.538263,0.793744,-0.537642,0.128151,0.192428,0.030478,0
0.942000,1,0.150000,0.750000,0,1,1,0.064750,0.080863,0.131798,0.181233,0.031799,0.548262,0.810019,-0.555360,0.129632,0.193648,0.029318,0
0.946000,1,0.152000,0.760000,0,1,1,0.064750,0.080863,0.132902,0.182866,0.030671,0.555053,0.822344,-0.572531,0.132881,0.196273,0.026889,0
0.948000,1,0.154000,0.770000,0,1,1,0.064750,0.080863,0.134016,0.184520,0.029509,0.559052,0.830658,-0.589136,0.134617,0.197671,0.025600,0
0.950000,1,0.156000,0.780000,0,1,1,0.064750,0.080863,0.135136,0.186186,0.028314,0.560494,0.834966,-0.605160,0.134617,0.197671,0.025600,0
0.952000,1,0.158000,0.790000,0,1,1,0.064750,0.080863,0.136256,0.187857,0.027089,0.558822,0.835198,-0.620586,0.136343,0.199087,0.024291,0
0.952000,1,0.160000,0.800000,0,1,1,0.064750,0.080863,0.137369,0.189524,0.025833,0.553879,0.831312,-0.635400,0.138065,0.200506,0.022973,0
0.954000,1,0.162000,0.810000,0,1,1,0.064750,0.080863,0.138469,0.191180,0.024547,0.545635,0.823230,-0.649588,0.139787,0.201912,0.021641,0
0.958000,1,0.164000,0.820000,0,1,1,0.064750,0.080863,0.139548,0.192814,0.023235,0.533233,0.810433,-0.663134,0.143204,0.204653,0.018905,0
0.960000,1,0.166000,0.830000,0,1,1,0.064750,0.080863,0.140600,0.194419,0.021895,0.518725,0.793760,-0.676025,0.143204,0.204653,0.018905,0
0.962000,1,0.168000,0.840000,0,1,1,0.064750,0.080863,0.141620,0.195986,0.020531,0.500978,0.772640,-0.688250,0.144879,0.205983,0.017496,0
0.964000,1,0.170000,0.850000,0,1,1,0.072871,0.088296,0.142705,0.197601,0.019143,0.581170,0.839411,-0.699795,0.146529,0.207271,0.016059,0
0.964000,1,0.172000,0.860000,0,1,1,0.072871,0.088296,0.143933,0.199331,0.017732,0.643935,0.888256,-0.710650,0.148147,0.208518,0.014593,0
0.966000,1,0.174000,0.870000,0,1,1,0.072871,0.088296,0.145269,0.201141,0.016301,0.689369,0.919087,-0.720803,0.149729,0.209721,0.013105,0
0.970000,1,0.176000,0.880000,0,1,1,0.072871,0.088296,0.146684,0.202996,0.014850,0.723135,0.932655,-0.730245,0.153725,0.212791,0.009973,0
0.972000,1,0.178000,0.890000,0,1,1,0.072871,0.088296,0.148150,0.204861,0.013380,0.740317,0.929832,-0.738966,0.153725,0.212791,0.009973,0
0.974000,1,0.180000,0.900000,0,1,1,0.072871,0.088296,0.149638,0.206703,0.011894,0.743906,0.909711,-0.746958,0.155925,0.214567,0.008322,0
0.976000,1,0.182000,0.910000,0,1,1,0.072871,0.088296,0.151100,0.208465,0.010393,0.716978,0.851194,-0.754213,0.158272,0.216745,0.006822,0
0.976000,1,0.184000,0.920000,0,1,1,0.072871,0.088296,0.152477,0.210082,0.008878,0.659224,0.765377,-0.760723,0.160370,0.218535,0.005232,0
0.978000,1,0.186000,0.930000,0,1,1,0.072871,0.088296,0.153702,0.211507,0.007350,0.566860,0.660753,-0.766483,0.161987,0.219861,0.003545,0
0.982000,1,0.188000,0.940000,0,1,1,0.072871,0.088296,0.154738,0.212719,0.005812,0.470370,0.553246,-0.771487,0.163777,0.221343,0.002000,0
0.984000,0,0.000000,0.000000,1,1,0,0.072871,0.088296,0.085815,0.128562,-0.003557,0.045508,0.054319,0.785398,0.085769,0.128508,-0.002971,1
0.986000,0,0.002000,0.010000,1,1,0,0.072871,0.088296,0.085950,0.128725,-0.001986,0.090241,0.107659,0.785011,0.084528,0.127964,-0.003061,0
0.986000,0,0.004000,0.020000,1,1,0,0.072871,0.088296,0.086176,0.128993,-0.000417,0.134748,0.160351,0.783848,0.085685,0.128408,-0.002997,0
0.988000,0,0.006000,0.030000,1,1,0,-0.002751,0.000293,0.086465,0.129338,0.001149,0.154769,0.184365,0.781913,0.085804,0.128528,-0.002827,0
0.992000,0,0.008000,0.040000,1,1,0,-0.002751,0.000293,0.086794,0.129730,0.002710,0.174174,0.207751,0.779205,0.084641,0.128149,-0.002481,0
0.994000,0,0.010000,0.050000,1,1,0,-0.002751,0.000293,0.087162,0.130168,0.004265,0.193347,0.230731,0.775729,0.085081,0.128615,-0.001934,0
0.994000,0,0.012000,0.060000,1,1,0,-0.002751,0.000293,0.087568,0.130653,0.005812,0.212714,0.253533,0.771487,0.087157,0.129948,-0.001235,0
0.996000,0,0.014000,0.070000,1,1,0,-0.002751,0.000293,0.088012,0.131182,0.007350,0.231294,0.275586,0.766483,0.086429,0.129985,-0.000359,0
1.000000,0,0.016000,0.080000,1,0,1,-0.002751,0.000293,0.088493,0.131755,0.008878,0.249657,0.297139,0.760723,0.088598,0.131985,0.001761,0
1.002000,0,0.018000,0.090000,1,0,1,-0.002751,0.000293,0.089010,0.132370,0.010393,0.267562,0.318152,0.754213,0.088598,0.131985,0.001761,0
1.002000,0,0.020000,0.100000,1,0,1,-0.002751,0.000293,0.089564,0.133027,0.011894,0.285619,0.339008,0.746958,0.091764,0.134509,0.002913,0
1.006000,0,0.022000,0.110000,1,0,1,-0.002751,0.000293,0.090152,0.133725,0.013380,0.302826,0.358871,0.738966,0.094337,0.137231,0.005931,0
1.008000,0,0.024000,0.120000,1,0,1,-0.002751,0.000293,0.090775,0.134462,0.014850,0.319568,0.378196,0.730245,0.094337,0.137231,0.005931,0
1.008000,0,0.026000,0.130000,1,0,1,-0.002751,0.000293,0.091431,0.135238,0.016301,0.336467,0.397485,0.720803,0.098002,0.140668,0.007237,0
1.012000,0,0.028000,0.140000,1,0,1,-0.002751,0.000293,0.092120,0.136051,0.017732,0.352375,0.415669,0.710650,0.098752,0.141656,0.009060,0
1.014000,0,0.030000,0.150000,1,0,1,-0.002751,0.000293,0.092841,0.136901,0.019143,0.368451,0.433886,0.699795,0.102334,0.145323,0.010360,0
1.014000,0,0.032000,0.160000,1,0,1,0.000859,0.006375,0.093594,0.137789,0.020531,0.385019,0.453498,0.688250,0.102988,0.146314,0.012256,0
1.018000,0,0.034000,0.170000,1,0,1,0.000859,0.006375,0.094380,0.138715,0.021895,0.401137,0.472507,0.676025,0.104998,0.148663,0.013852,0
1.020000,0,0.036000,0.180000,1,0,1,0.000859,0.006375,0.095199,0.139679,0.023235,0.417397,0.491563,0.663134,0.108273,0.152377,0.015083,0
1.022000,0,0.038000,0.190000,1,0,1,0.000859,0.006375,0.096050,0.140681,0.024547,0.433175,0.510007,0.649588,0.110063,0.154664,0.016629,0
1.022000,0,0.040000,0.200000,1,0,1,0.000859,0.006375,0.096931,0.141718,0.025833,0.448467,0.527840,0.635400,0.111753,0.156890,0.018149,0
1.026000,0,0.042000,0.210000,1,0,1,0.000859,0.006375,0.097843,0.142791,0.027089,0.462701,0.544392,0.620586,0.112130,0.157693,0.020033,0
1.028000,0,0.044000,0.220000,1,0,1,0.000859,0.006375,0.098782,0.143896,0.028314,0.476488,0.560367,0.605160,0.113662,0.159785,0.021497,0
1.028000,0,0.046000,0.230000,1,0,1,0.000859,0.006375,0.099749,0.145033,0.029509,0.490372,0.576451,0.589136,0.116195,0.163099,0.022504,0
1.030000,0,0.048000,0.240000,1,0,1,0.000859,0.006375,0.100743,0.146201,0.030671,0.503763,0.591933,0.572531,0.117477,0.164995,0.023875,0
1.034000,0,0.050000,0.250000,1,0,1,0.000859,0.006375,0.101763,0.147399,0.031799,0.516224,0.606166,0.555360,0.118835,0.167283,0.026920,0
1.036000,0,0.052000,0.260000,1,0,1,0.000859,0.006375,0.102808,0.148625,0.032892,0.528166,0.619802,0.537642,0.118835,0.167283,0.026920,0
1.038000,0,0.054000,0.270000,1,0,1,0.000859,0.006375,0.103875,0.149878,0.033949,0.539660,0.632879,0.519393,0.119881,0.168903,0.028149,0
1.038000,0,0.056000,0.280000,1,0,1,0.006952,0.017688,0.104969,0.151163,0.034969,0.554185,0.651859,0.500632,0.120840,0.170418,0.029320,0
1.042000,0,0.058000,0.290000,1,0,1,0.006952,0.017688,0.106092,0.152485,0.035951,0.568239,0.670156,0.481376,0.122499,0.173129,0.031487,0
1.044000,0,0.060000,0.300000,1,0,1,0.006952,0.017688,0.107242,0.153843,0.036894,0.581669,0.687667,0.461645,0.122499,0.173129,0.031487,0
1.046000,0,0.062000,0.310000,1,0,1,0.006952,0.017688,0.108418,0.155235,0.037797,0.594551,0.704450,0.441459,0.123207,0.174328,0.032484,0
1.048000,0,0.064000,0.320000,1,0,1,0.006952,0.017688,0.109620,0.156660,0.038660,0.606886,0.720505,0.420837,0.123854,0.175438,0.033427,0
1.048000,0,0.066000,0.330000,1,0,1,0.006952,0.017688,0.110846,0.158117,0.039480,0.618671,0.735834,0.399800,0.124432,0.176458,0.034311,0
1.050000,0,0.068000,0.340000,1,0,1,0.006952,0.017688,0.112094,0.159603,0.040259,0.629903,0.750436,0.378368,0.124946,0.177389,0.035135,0
1.054000,0,0.070000,0.350000,1,0,1,0.006952,0.017688,0.113365,0.161118,0.040994,0.640656,0.764377,0.356563,0.125814,0.179013,0.036607,0
1.056000,0,0.072000,0.360000,1,0,1,0.006952,0.017688,0.114656,0.162660,0.041685,0.650772,0.777523,0.334406,0.125814,0.179013,0.036607,0
1.058000,0,0.074000,0.370000,1,0,1,0.006952,0.017688,0.115968,0.164228,0.042331,0.660330,0.789944,0.311919,0.126183,0.179718,0.037261,0
1.060000,0,0.076000,0.380000,1,0,1,0.006952,0.017688,0.117297,0.165820,0.042932,0.669324,0.801638,0.289124,0.126504,0.180351,0.037855,0
1.060000,0,0.078000,0.390000,1,0,1,0.006952,0.017688,0.118645,0.167434,0.043487,0.677750,0.812604,0.266044,0.126788,0.180920,0.038391,0
1.062000,0,0.080000,0.400000,1,0,1,0.006952,0.017688,0.120008,0.169070,0.043996,0.685698,0.823475,0.242701,0.127215,0.182149,0.038399,0
1.066000,0,0.082000,0.410000,1,0,1,0.011535,0.026745,0.121391,0.170734,0.044458,0.696853,0.840613,0.219119,0.127266,0.181894,0.039296,0
1.066000,0,0.084000,0.420000,1,0,1,0.011535,0.026745,0.122795,0.172432,0.044872,0.707295,0.856758,0.195321,0.127473,0.182310,0.039668,0
1.068000,0,0.086000,0.430000,1,0,1,0.011535,0.026745,0.124220,0.174161,0.045239,0.717026,0.871910,0.171329,0.127673,0.182686,0.039985,0
1.072000,0,0.088000,0.440000,1,0,1,0.011535,0.026745,0.125663,0.175919,0.045558,0.726104,0.886151,0.147169,0.128060,0.183374,0.040477,0
1.074000,0,0.090000,0.450000,1,0,1,0.011535,0.026745,0.127123,0.177705,0.045828,0.734387,0.899309,0.122863,0.128060,0.183374,0.040477,0
1.076000,0,0.092000,0.460000,1,0,1,0.011535,0.026745,0.128600,0.179516,0.046049,0.741944,0.911473,0.098436,0.128261,0.183693,0.040657,0
1.078000,0,0.094000,0.470000,1,0,1,0.011535,0.026745,0.130091,0.181350,0.046221,0.748768,0.922640,0.073912,0.128467,0.184001,0.040790,0
1.078000,0,0.096000,0.480000,1,0,1,0.011535,0.026745,0.131594,0.183206,0.046345,0.754854,0.932807,0.049316,0.128683,0.184302,0.040875,0
1.080000,0,0.098000,0.490000,1,0,1,0.011535,0.026745,0.133109,0.185081,0.046419,0.760042,0.942649,0.024670,0.128867,0.185143,0.040510,0
1.084000,0,0.100000,0.500000,1,0,1,0.011535,0.026745,0.134634,0.186976,0.046443,0.764509,0.951527,-0.000000,0.129362,0.185728,0.040463,0
1.086000,0,0.102000,0.510000,1,0,1,0.011535,0.026745,0.136167,0.188887,0.046419,0.768173,0.959274,-0.024670,0.129362,0.185728,0.040463,0
1.088000,0,0.104000,0.520000,1,0,1,0.011535,0.026745,0.137706,0.190812,0.046345,0.771073,0.965975,-0.049316,0.129648,0.186031,0.040364,0
1.090000,0,0.106000,0.530000,1,0,1,0.014433,0.033494,0.139255,0.192758,0.046221,0.777304,0.979866,-0.073912,0.130051,0.185854,0.040589,0
1.090000,0,0.108000,0.540000,1,0,1,0.014433,0.033494,0.140815,0.194731,0.046049,0.782592,0.992371,-0.098436,0.130400,0.186205,0.040399,0
1.092000,0,0.110000,0.550000,1,0,1,0.014433,0.033494,0.142385,0.196727,0.045828,0.786932,1.003487,-0.122863,0.130780,0.186576,0.040169,0
1.096000,0,0.112000,0.560000,1,0,1,0.014433,0.033494,0.143962,0.198744,0.045558,0.790323,1.013214,-0.147169,0.131204,0.186982,0.039905,0
1.098000,0,0.114000,0.570000,1,0,1,0.014433,0.033494,0.145545,0.200779,0.045239,0.792759,1.021550,-0.171329,0.131673,0.187425,0.039605,0
1.098000,0,0.116000,0.580000,1,0,1,0.014433,0.033494,0.147132,0.202829,0.044872,0.794238,1.028495,-0.195321,0.132189,0.187906,0.039272,0
1.100000,0,0.118000,0.590000,1,0,1,0.014433,0.033494,0.148722,0.204892,0.044458,0.794749,1.034045,-0.219119,0.132745,0.188424,0.038900,0
1.104000,0,0.120000,0.600000,1,0,1,0.014433,0.033494,0.150311,0.206964,0.043996,0.794293,1.038325,-0.242701,0.133967,0.189572,0.038029,0
1.106000,0,0.122000,0.610000,1,0,1,0.014433,0.033494,0.151898,0.209045,0.043487,0.792541,1.042105,-0.266044,0.134577,0.190617,0.037251,0
1.108000,0,0.124000,0.620000,1,0,1,0.014433,0.033494,0.153480,0.211132,0.042932,0.789810,1.044285,-0.289124,0.134577,0.190617,0.037251,0
1.110000,0,0.126000,0.630000,1,0,1,0.014433,0.033494,0.155056,0.213221,0.042331,0.786125,1.045001,-0.311919,0.135298,0.191283,0.036721,0
1.112000,0,0.128000,0.640000,1,0,1,0.014433,0.033494,0.156624,0.215311,0.041685,0.781482,1.044251,-0.334406,0.136056,0.191989,0.036147,0
1.112000,0,0.130000,0.650000,1,0,1,0.014433,0.033494,0.158182,0.217396,0.040994,0.776194,1.040942,-0.356563,0.136917,0.192383,0.035777,0
1.116000,0,0.132000,0.660000,1,0,1,0.015953,0.038113,0.159732,0.219487,0.040259,0.773416,1.049021,-0.378368,0.137743,0.193614,0.034857,0
1.118000,0,0.134000,0.670000,1,0,1,0.015953,0.038113,0.161275,0.221591,0.039480,0.769440,1.054917,-0.399800,0.138636,0.194480,0.034148,0
1.120000,0,0.136000,0.680000,1,0,1,0.015953,0.038113,0.162809,0.223705,0.038660,0.764263,1.058630,-0.420837,0.139567,0.195380,0.033391,0
1.122000,0,0.138000,0.690000,1,0,1,0.015953,0.038113,0.164331,0.225823,0.037797,0.758060,1.058834,-0.441459,0.140505,0.195948,0.032813,0
1.124000,0,0.140000,0.700000,1,0,1,0.015953,0.038113,0.165840,0.227939,0.036894,0.750606,1.056960,-0.461645,0.141522,0.196994,0.031968,0
1.124000,0,0.142000,0.710000,1,0,1,0.015953,0.038113,0.167333,0.230049,0.035951,0.741854,1.053007,-0.481376,0.142561,0.198088,0.031084,0
1.128000,0,0.144000,0.720000,1,0,1,0.015953,0.038113,0.168807,0.232150,0.034969,0.731789,1.046967,-0.500632,0.143626,0.199220,0.030161,0
1.130000,0,0.146000,0.730000,1,0,1,0.015953,0.038113,0.170259,0.234238,0.033949,0.720501,1.040465,-0.519393,0.144816,0.200744,0.029012,0
1.132000,0,0.148000,0.740000,1,0,1,0.015953,0.038113,0.171688,0.236308,0.032892,0.707802,1.029973,-0.537642,0.145841,0.201585,0.028196,0
1.134000,0,0.150000,0.750000,1,0,1,0.015953,0.038113,0.173090,0.238356,0.031799,0.693785,1.017389,-0.555360,0.146989,0.202816,0.027155,0
1.134000,0,0.152000,0.760000,1,0,1,0.015953,0.038113,0.174462,0.240377,0.030671,0.678441,1.002710,-0.572531,0.148158,0.204080,0.026079,0
1.138000,0,0.154000,0.770000,1,0,1,0.015953,0.038113,0.175802,0.242366,0.029509,0.661626,0.986224,-0.589136,0.150559,0.206683,0.023822,0
1.140000,0,0.156000,0.780000,1,0,1,0.018555,0.041656,0.177123,0.244341,0.028314,0.659053,0.988235,-0.605160,0.150559,0.206683,0.023822,0
1.142000,0,0.158000,0.790000,1,0,1,0.018555,0.041656,0.178437,0.246316,0.027089,0.653686,0.986134,-0.620586,0.151793,0.208021,0.022646,0
1.144000,0,0.160000,0.800000,1,0,1,0.018555,0.041656,0.179736,0.248283,0.025833,0.645523,0.979911,-0.635400,0.153040,0.209376,0.021436,0
1.144000,0,0.162000,0.810000,1,0,1,0.018555,0.041656,0.181017,0.250233,0.024547,0.634623,0.969557,-0.649588,0.154330,0.210772,0.020203,0
1.146000,0,0.164000,0.820000,1,0,1,0.018555,0.041656,0.182273,0.252159,0.023235,0.620994,0.955060,-0.663134,0.155656,0.212206,0.018945,0
1.150000,0,0.166000,0.830000,1,0,1,0.018555,0.041656,0.183499,0.254051,0.021895,0.604519,0.936859,-0.676025,0.158406,0.215179,0.016344,0
1.152000,0,0.168000,0.840000,1,0,1,0.018555,0.041656,0.184689,0.255903,0.020531,0.585538,0.913911,-0.688250,0.158406,0.215179,0.016344,0
1.154000,0,0.170000,0.850000,1,0,1,0.018555,0.041656,0.185839,0.257704,0.019143,0.563817,0.886779,-0.699795,0.159813,0.216703,0.014992,0
1.154000,0,0.172000,0.860000,1,0,1,0.018555,0.041656,0.186947,0.259453,0.017732,0.543650,0.860582,-0.710650,0.161547,0.218565,0.013511,0
1.158000,0,0.174000,0.870000,1,0,1,0.018555,0.041656,0.188012,0.261144,0.016301,0.520428,0.829973,-0.720803,0.164345,0.221618,0.010682,0
1.160000,0,0.176000,0.880000,1,0,1,0.018555,0.041656,0.189027,0.262769,0.014850,0.494106,0.793432,-0.730245,0.164345,0.221618,0.010682,0
1.162000,0,0.178000,0.890000,1,0,1,0.018555,0.041656,0.189986,0.264315,0.013380,0.464723,0.751811,-0.738966,0.165724,0.223133,0.009230,0
1.164000,0,0.180000,0.900000,1,0,1,0.018555,0.041656,0.190883,0.265773,0.011894,0.432303,0.705071,-0.746958,0.167089,0.224636,0.007756,0
1.164000,0,0.182000,0.910000,1,0,1,0.021179,0.044383,0.191777,0.267192,0.010393,0.458585,0.710817,-0.754213,0.168436,0.226118,0.006259,0
1.168000,0,0.184000,0.920000,1,0,1,0.021179,0.044383,0.192688,0.268582,0.008878,0.451298,0.677903,-0.760723,0.171049,0.228978,0.003190,0
1.170000,0,0.186000,0.930000,1,0,1,0.021179,0.044383,0.193562,0.269880,0.007350,0.422102,0.619634,-0.766483,0.171049,0.228978,0.003190,0
1.172000,0,0.188000,0.940000,1,0,1,0.021179,0.044383,0.194352,0.271038,0.005812,0.367754,0.539273,-0.771487,0.171949,0.230066,0.001690,0
1.174000,1,0.000000,0.000000,1,1,0,0.021179,0.044383,0.176634,0.231407,-0.003557,0.005456,0.013310,0.785398,0.176628,0.231394,-0.004353,1
1.174000,1,0.002000,0.010000,1,1,0,0.021179,0.044383,0.176650,0.231447,-0.001986,0.011142,0.026695,0.785011,0.176638,0.231422,-0.004323,0
1.178000,1,0.004000,0.020000,1,1,0,0.021179,0.044383,0.176679,0.231514,-0.000417,0.017206,0.040309,0.783848,0.176889,0.231442,-0.003753,0
1.180000,1,0.006000,0.030000,1,1,0,0.021179,0.044383,0.176719,0.231608,0.001149,0.023143,0.053638,0.781913,0.176889,0.231442,-0.003753,0
1.182000,1,0.008000,0.040000,1,1,0,0.021179,0.044383,0.176771,0.231729,0.002710,0.028853,0.067006,0.779205,0.176460,0.231836,-0.002769,0
1.182000,1,0.010000,0.050000,1,1,0,0.021179,0.044383,0.176834,0.231876,0.004265,0.034526,0.080250,0.775729,0.176813,0.231774,-0.001442,0
1.184000,1,0.012000,0.060000,1,1,0,0.021179,0.044383,0.176909,0.232050,0.005812,0.040165,0.093312,0.771487,0.177263,0.231557,0.000024,0
1.188000,1,0.014000,0.070000,0,1,1,0.021179,0.044383,0.176995,0.232249,0.007350,0.045868,0.106196,0.766483,0.178202,0.230864,0.003016,0
1.190000,1,0.016000,0.080000,0,1,1,0.024462,0.043352,0.177094,0.232474,0.008878,0.052667,0.118443,0.760723,0.178619,0.230453,0.004516,0
1.192000,1,0.018000,0.090000,0,1,1,0.024462,0.043352,0.177206,0.232723,0.010393,0.059307,0.130395,0.754213,0.178619,0.230453,0.004516,0
1.194000,1,0.020000,0.100000,0,1,1,0.024462,0.043352,0.177331,0.232996,0.011894,0.065870,0.142066,0.746958,0.179049,0.230062,0.006016,0
1.194000,1,0.022000,0.110000,0,1,1,0.024462,0.043352,0.177469,0.233291,0.013380,0.072351,0.153444,0.738966,0.179480,0.229717,0.007521,0
1.196000,1,0.024000,0.120000,0,1,1,0.024462,0.043352,0.177620,0.233609,0.014850,0.078741,0.164521,0.730245,0.179906,0.229436,0.009044,0
1.200000,1,0.026000,0.130000,0,1,1,0.024462,0.043352,0.177784,0.233949,0.016301,0.085087,0.175274,0.720803,0.180716,0.229104,0.012166,0
1.202000,1,0.028000,0.140000,0,1,1,0.024462,0.043352,0.177961,0.234310,0.017732,0.091265,0.185732,0.710650,0.180716,0.229104,0.012166,0
1.204000,1,0.030000,0.150000,0,1,1,0.024462,0.043352,0.178149,0.234692,0.019143,0.097330,0.195871,0.699795,0.181104,0.229051,0.013758,0
1.204000,1,0.032000,0.160000,0,1,1,0.024462,0.043352,0.178350,0.235093,0.020531,0.103280,0.205684,0.688250,0.181487,0.229077,0.015381,0
1.206000,1,0.034000,0.170000,0,1,1,0.024462,0.043352,0.178562,0.235514,0.021895,0.109115,0.215170,0.676025,0.181857,0.229191,0.017006,0
1.210000,1,0.036000,0.180000,0,1,1,0.024462,0.043352,0.178786,0.235954,0.023235,0.114839,0.224329,0.663134,0.182200,0.229398,0.018603,0
1.212000,1,0.038000,0.190000,0,1,1,0.024462,0.043352,0.179022,0.236411,0.024547,0.120451,0.233158,0.649588,0.182505,0.229698,0.020162,0
1.214000,1,0.040000,0.200000,0,1,1,0.024462,0.043352,0.179268,0.236886,0.025833,0.125951,0.241657,0.635400,0.182770,0.230086,0.021685,0
1.216000,1,0.042000,0.210000,0,1,1,0.025727,0.045357,0.179526,0.237379,0.027089,0.131938,0.250775,0.620586,0.183004,0.230571,0.023179,0
1.218000,1,0.044000,0.220000,0,1,1,0.025727,0.045357,0.179796,0.237889,0.028314,0.137794,0.259542,0.605160,0.183198,0.231152,0.024632,0
1.218000,1,0.046000,0.230000,0,1,1,0.025727,0.045357,0.180077,0.238417,0.029509,0.143514,0.267958,0.589136,0.183347,0.231813,0.026041,0
1.222000,1,0.048000,0.240000,0,1,1,0.025727,0.045357,0.180370,0.238961,0.030671,0.149158,0.275993,0.572531,0.183534,0.233381,0.028718,0
1.224000,1,0.050000,0.250000,0,1,1,0.025727,0.045357,0.180674,0.239520,0.031799,0.154661,0.283684,0.555360,0.183575,0.234279,0.029987,0
1.226000,1,0.052000,0.260000,0,1,1,0.025727,0.045357,0.180988,0.240095,0.032892,0.159962,0.291069,0.537642,0.183575,0.234279,0.029987,0
1.228000,1,0.054000,0.270000,0,1,1,0.025727,0.045357,0.181313,0.240684,0.033949,0.165121,0.298114,0.519393,0.183588,0.235265,0.031215,0
1.228000,1,0.056000,0.280000,0,1,1,0.025727,0.045357,0.181649,0.241287,0.034969,0.170136,0.304821,0.500632,0.183567,0.236312,0.032391,0
1.230000,1,0.058000,0.290000,0,1,1,0.025727,0.045357,0.181994,0.241904,0.035951,0.174914,0.311560,0.481376,0.183383,0.238020,0.033609,0
1.234000,1,0.060000,0.300000,0,1,1,0.025727,0.045357,0.182348,0.242533,0.036894,0.179684,0.317558,0.461645,0.183293,0.239728,0.035539,0
1.236000,1,0.062000,0.310000,0,1,1,0.025727,0.045357,0.182712,0.243174,0.037797,0.184244,0.323253,0.441459,0.183293,0.239728,0.035539,0
1.238000,1,0.064000,0.320000,0,1,1,0.025727,0.045357,0.183085,0.243826,0.038660,0.188459,0.329046,0.420837,0.182886,0.241578,0.036556,0
1.240000,1,0.066000,0.330000,0,1,1,0.026009,0.047696,0.183466,0.244491,0.039480,0.192675,0.336051,0.399800,0.182676,0.242837,0.037414,0
1.240000,1,0.068000,0.340000,0,1,1,0.026009,0.047696,0.183856,0.245170,0.040259,0.196697,0.342684,0.378368,0.182455,0.244118,0.038220,0
1.242000,1,0.070000,0.350000,0,1,1,0.026009,0.047696,0.184253,0.245862,0.040994,0.200524,0.348947,0.356563,0.182226,0.245416,0.038977,0
1.246000,1,0.072000,0.360000,0,1,1,0.026009,0.047696,0.184658,0.246565,0.041685,0.204485,0.354381,0.334406,0.182168,0.247428,0.040255,0
1.248000,1,0.074000,0.370000,0,1,1,0.026009,0.047696,0.185071,0.247279,0.042331,0.208222,0.359469,0.311919,0.182168,0.247428,0.040255,0
1.250000,1,0.076000,0.380000,0,1,1,0.026009,0.047696,0.185490,0.248003,0.042932,0.211397,0.364701,0.289124,0.181525,0.249369,0.040932,0
1.250000,1,0.078000,0.390000,0,1,1,0.026009,0.047696,0.185916,0.248738,0.043487,0.214363,0.369573,0.266044,0.181297,0.250687,0.041470,0
1.254000,1,0.080000,0.400000,0,1,1,0.026009,0.047696,0.186348,0.249481,0.043996,0.217115,0.374096,0.242701,0.180872,0.253299,0.042379,0
1.256000,1,0.082000,0.410000,0,1,1,0.026009,0.047696,0.186785,0.250233,0.044458,0.220089,0.377796,0.219119,0.181163,0.254049,0.042677,0
1.258000,1,0.084000,0.420000,0,1,1,0.026009,0.047696,0.187228,0.250992,0.044872,0.222833,0.381149,0.195321,0.181163,0.254049,0.042677,0
1.260000,1,0.086000,0.430000,0,1,1,0.026009,0.047696,0.187676,0.251758,0.045239,0.224866,0.384674,0.171329,0.180511,0.255857,0.043076,0
1.260000,1,0.088000,0.440000,0,1,1,0.026009,0.047696,0.188127,0.252531,0.045558,0.226671,0.387850,0.147169,0.180366,0.257108,0.043351,0
1.262000,1,0.090000,0.450000,0,1,1,0.026009,0.047696,0.188582,0.253309,0.045828,0.228246,0.390679,0.122863,0.180250,0.258336,0.043581,0
1.266000,1,0.092000,0.460000,0,1,1,0.023472,0.050461,0.189037,0.254096,0.046049,0.226994,0.395979,0.098436,0.180108,0.260714,0.043890,0
1.268000,1,0.094000,0.470000,0,1,1,0.023472,0.050461,0.189490,0.254893,0.046221,0.226081,0.400418,0.073912,0.180528,0.261467,0.043882,0
1.270000,1,0.096000,0.480000,0,1,1,0.023472,0.050461,0.189942,0.255697,0.046345,0.225039,0.404398,0.049316,0.180528,0.261467,0.043882,0
1.272000,1,0.098000,0.490000,0,1,1,0.023472,0.050461,0.190390,0.256510,0.046419,0.223302,0.408396,0.024670,0.180099,0.262980,0.044000,0
1.274000,1,0.100000,0.500000,0,1,1,0.023472,0.050461,0.190835,0.257331,0.046443,0.221410,0.411949,-0.000000,0.180146,0.264073,0.043990,0
1.274000,1,0.102000,0.510000,0,1,1,0.023472,0.050461,0.191275,0.258158,0.046419,0.219359,0.415056,-0.024670,0.180227,0.265137,0.043931,0
1.276000,1,0.104000,0.520000,0,1,1,0.023472,0.050461,0.191712,0.258990,0.046345,0.217575,0.417376,-0.049316,0.180679,0.265893,0.043726,0
1.280000,1,0.106000,0.530000,0,1,1,0.023472,0.050461,0.192145,0.259827,0.046221,0.215444,0.419372,-0.073912,0.180961,0.267917,0.043332,0
1.282000,1,0.108000,0.540000,0,1,1,0.023472,0.050461,0.192574,0.260668,0.046049,0.213081,0.420966,-0.098436,0.181161,0.268880,0.043052,0
1.284000,1,0.110000,0.550000,0,1,1,0.023472,0.050461,0.192998,0.261511,0.045828,0.210616,0.422085,-0.122863,0.181161,0.268880,0.043052,0
1.286000,1,0.112000,0.560000,0,1,1,0.023472,0.050461,0.193416,0.262356,0.045558,0.207904,0.422800,-0.147169,0.181396,0.269809,0.042717,0
1.286000,1,0.114000,0.570000,0,1,1,0.023472,0.050461,0.193829,0.263202,0.045239,0.204936,0.423109,-0.171329,0.181670,0.270705,0.042331,0
1.288000,1,0.116000,0.580000,0,1,1,0.022920,0.053424,0.194235,0.264053,0.044872,0.200587,0.428139,-0.195321,0.181829,0.271724,0.042014,0
1.292000,1,0.118000,0.590000,0,1,1,0.022920,0.053424,0.194631,0.264914,0.044458,0.195983,0.432509,-0.219119,0.182651,0.273331,0.041007,0
1.292000,1,0.120000,0.600000,0,1,1,0.022920,0.053424,0.195019,0.265783,0.043996,0.191366,0.436138,-0.242701,0.182651,0.273331,0.041007,0
1.296000,1,0.122000,0.610000,0,1,1,0.022920,0.053424,0.195397,0.266658,0.043487,0.186604,0.439064,-0.266044,0.183126,0.274105,0.040437,0
1.298000,1,0.124000,0.620000,0,1,1,0.022920,0.053424,0.195765,0.267538,0.042932,0.181697,0.441283,-0.289124,0.183644,0.274867,0.039829,0
1.300000,1,0.126000,0.630000,0,1,1,0.022920,0.053424,0.196123,0.268423,0.042331,0.176642,0.442790,-0.311919,0.184200,0.275624,0.039164,0
1.302000,1,0.128000,0.640000,0,1,1,0.022920,0.053424,0.196471,0.269309,0.041685,0.171439,0.443580,-0.334406,0.184793,0.276369,0.038456,0
1.302000,1,0.130000,0.650000,0,1,1,0.022920,0.053424,0.196808,0.270196,0.040994,0.165674,0.443608,-0.356563,0.185321,0.277042,0.037561,0
1.304000,1,0.132000,0.660000,0,1,1,0.022920,0.053424,0.197134,0.271083,0.040259,0.159668,0.442923,-0.378368,0.185943,0.277761,0.036771,0
1.308000,1,0.134000,0.670000,0,1,1,0.022920,0.053424,0.197447,0.271968,0.039480,0.153950,0.441544,-0.399800,0.187509,0.279193,0.035281,0
1.310000,1,0.136000,0.680000,0,1,1,0.022920,0.053424,0.197750,0.272849,0.038660,0.148288,0.439412,-0.420837,0.187509,0.279193,0.035281,0
1.312000,1,0.138000,0.690000,0,1,1,0.022920,0.053424,0.198039,0.273725,0.037797,0.141428,0.436493,-0.441459,0.188001,0.279814,0.034201,0
1.312000,1,0.140000,0.700000,0,1,1,0.022920,0.053424,0.198315,0.274594,0.036894,0.134392,0.432793,-0.461645,0.188741,0.280477,0.033239,0
1.314000,1,0.142000,0.710000,0,1,1,0.023490,0.055946,0.198579,0.275464,0.035951,0.129143,0.436981,-0.481376,0.189500,0.281131,0.032237,0
1.318000,1,0.144000,0.720000,0,1,1,0.023490,0.055946,0.198831,0.276341,0.034969,0.123284,0.439639,-0.500632,0.191079,0.282420,0.030106,0
1.320000,1,0.146000,0.730000,0,1,1,0.023490,0.055946,0.199072,0.277222,0.033949,0.117517,0.440943,-0.519393,0.191079,0.282420,0.030106,0
1.322000,1,0.148000,0.740000,0,1,1,0.023490,0.055946,0.199301,0.278104,0.032892,0.111512,0.440778,-0.537642,0.191893,0.283062,0.028958,0
1.324000,1,0.150000,0.750000,0,1,1,0.023490,0.055946,0.199517,0.278984,0.031799,0.105237,0.439163,-0.555360,0.192720,0.283730,0.027796,0
1.324000,1,0.152000,0.760000,0,1,1,0.023490,0.055946,0.199721,0.279859,0.030671,0.098707,0.436079,-0.572531,0.193570,0.284419,0.026626,0
1.326000,1,0.154000,0.770000,0,1,1,0.023490,0.055946,0.199915,0.280728,0.029509,0.095069,0.431989,-0.589136,0.194891,0.285260,0.025643,0
1.330000,1,0.156000,0.780000,0,1,1,0.023490,0.055946,0.200101,0.281586,0.028314,0.090858,0.426241,-0.605160,0.196680,0.286724,0.023202,0
1.332000,1,0.158000,0.790000,0,1,1,0.023490,0.055946,0.200279,0.282432,0.027089,0.086636,0.419171,-0.620586,0.196680,0.286724,0.023202,0
1.334000,1,0.160000,0.800000,0,1,1,0.023490,0.055946,0.200442,0.283260,0.025833,0.077271,0.409074,-0.635400,0.197938,0.287995,0.020437,0
1.336000,1,0.162000,0.810000,0,1,1,0.023490,0.055946,0.200588,0.284067,0.024547,0.068436,0.397833,-0.649588,0.197938,0.287995,0.020437,0
1.336000,1,0.164000,0.820000,0,1,1,0.023490,0.055946,0.200722,0.284852,0.023235,0.065502,0.386725,-0.663134,0.199335,0.288981,0.019319,0
1.338000,1,0.166000,0.830000,0,1,1,0.025850,0.059972,0.200873,0.285653,0.021895,0.085251,0.413314,-0.676025,0.200193,0.289738,0.017963,0
1.342000,1,0.168000,0.840000,0,1,1,0.025850,0.059972,0.201053,0.286497,0.020531,0.094343,0.429571,-0.688250,0.201325,0.290891,0.014969,0
1.344000,1,0.170000,0.850000,0,1,1,0.025850,0.059972,0.201249,0.287367,0.019143,0.101378,0.439336,-0.699795,0.202138,0.291613,0.013542,0
1.346000,1,0.172000,0.860000,0,1,1,0.025850,0.059972,0.201458,0.288250,0.017732,0.107069,0.443088,-0.710650,0.203016,0.292455,0.012090,0
1.348000,1,0.174000,0.870000,0,1,1,0.025850,0.059972,0.201676,0.289136,0.016301,0.110771,0.441435,-0.720803,0.203016,0.292455,0.012090,0
1.348000,1,0.176000,0.880000,0,1,1,0.025850,0.059972,0.201901,0.290011,0.014850,0.113311,0.433625,-0.730245,0.203909,0.293378,0.010616,0
1.350000,1,0.178000,0.890000,0,1,1,0.025850,0.059972,0.202140,0.290873,0.013380,0.125794,0.427115,-0.738966,0.205165,0.294748,0.009328,0
1.354000,1,0.180000,0.900000,0,1,1,0.025850,0.059972,0.202387,0.291705,0.011894,0.120281,0.403433,-0.746958,0.205647,0.295352,0.007637,0
1.356000,1,0.182000,0.910000,0,1,1,0.025850,0.059972,0.202631,0.292483,0.010393,0.123333,0.374426,-0.754213,0.206822,0.296783,0.006329,0
1.358000,1,0.184000,0.920000,0,1,1,0.025850,0.059972,0.202873,0.293191,0.008878,0.118589,0.334039,-0.760723,0.207622,0.297816,0.004788,0
1.358000,1,0.186000,0.930000,0,1,1,0.025850,0.059972,0.203101,0.293813,0.007350,0.109045,0.288399,-0.766483,0.208387,0.298815,0.003245,0
1.360000,1,0.188000,0.940000,0,1,1,0.025850,0.059972,0.203307,0.294343,0.005812,0.096919,0.241819,-0.771487,0.209118,0.299759,0.001695,0
1.364000,0,0.000000,0.000000,1,1,0,0.028667,0.064203,0.177822,0.235442,-0.003557,0.018082,0.038450,0.785398,0.177804,0.235403,-0.002853,1
1.366000,0,0.002000,0.010000,1,1,0,0.028667,0.064203,0.177876,0.235556,-0.001986,0.035798,0.076124,0.785011,0.177804,0.235403,-0.002853,0
1.368000,0,0.004000,0.020000,1,1,0,0.028667,0.064203,0.177965,0.235746,-0.000417,0.053295,0.113174,0.783848,0.177785,0.235303,-0.002823,0
1.370000,0,0.006000,0.030000,1,1,0,0.028667,0.064203,0.178089,0.236009,0.001149,0.070553,0.149563,0.781913,0.177780,0.235201,-0.002796,0
1.372000,0,0.008000,0.040000,1,1,0,0.028667,0.064203,0.178247,0.236344,0.002710,0.087696,0.185531,0.779205,0.178559,0.236134,-0.002415,0
1.372000,0,0.010000,0.050000,1,1,0,0.028667,0.064203,0.178439,0.236750,0.004265,0.104561,0.220797,0.775729,0.179016,0.236614,-0.001856,0
1.376000,0,0.012000,0.060000,1,1,0,0.028667,0.064203,0.178665,0.237227,0.005812,0.121204,0.255394,0.771487,0.180434,0.238242,-0.000051,0
1.378000,0,0.014000,0.070000,1,1,0,0.028667,0.064203,0.178924,0.237771,0.007350,0.137466,0.289197,0.766483,0.180434,0.238242,-0.000051,0
1.380000,0,0.016000,0.080000,1,0,1,0.028667,0.064203,0.179215,0.238383,0.008878,0.153410,0.322247,0.760723,0.181346,0.239360,0.001155,0
1.382000,0,0.018000,0.090000,1,0,1,0.028667,0.064203,0.179537,0.239060,0.010393,0.168747,0.354233,0.754213,0.181565,0.240049,0.002590,0
1.382000,0,0.020000,0.100000,1,0,1,0.028667,0.064203,0.179890,0.239799,0.011894,0.183752,0.385426,0.746958,0.182701,0.241719,0.004169,0
1.384000,0,0.022000,0.110000,1,0,1,0.028667,0.064203,0.180272,0.240601,0.013380,0.198426,0.415816,0.738966,0.183867,0.243527,0.005809,0
1.388000,0,0.024000,0.120000,1,0,1,0.028667,0.064203,0.180683,0.241462,0.014850,0.212818,0.445386,0.730245,0.186177,0.247459,0.009211,0
1.390000,0,0.026000,0.130000,1,0,1,-0.005435,-0.000319,0.181109,0.242356,0.016301,0.213467,0.448888,0.720803,0.186177,0.247459,0.009211,0
1.392000,0,0.028000,0.140000,1,0,1,-0.005435,-0.000319,0.181537,0.243257,0.017732,0.214093,0.452173,0.710650,0.187315,0.249581,0.010986,0
1.394000,0,0.030000,0.150000,1,0,1,-0.005435,-0.000319,0.181966,0.244165,0.019143,0.214701,0.455248,0.699795,0.188418,0.251739,0.012758,0
1.394000,0,0.032000,0.160000,1,0,1,-0.005435,-0.000319,0.182396,0.245078,0.020531,0.215287,0.458116,0.688250,0.189425,0.253853,0.014504,0
1.396000,0,0.034000,0.170000,1,0,1,-0.005435,-0.000319,0.182827,0.245997,0.021895,0.215851,0.460784,0.676025,0.190340,0.255910,0.016217,0
1.400000,0,0.036000,0.180000,1,0,1,-0.005435,-0.000319,0.183259,0.246921,0.023235,0.216447,0.463269,0.663134,0.191885,0.259803,0.019529,0
1.402000,0,0.038000,0.190000,1,0,1,-0.005435,-0.000319,0.183693,0.247850,0.024547,0.216963,0.465553,0.649588,0.191885,0.259803,0.019529,0
1.404000,0,0.040000,0.200000,1,0,1,-0.005435,-0.000319,0.184127,0.248783,0.025833,0.217454,0.467651,0.635400,0.192520,0.261621,0.021126,0
1.404000,0,0.042000,0.210000,1,0,1,-0.005435,-0.000319,0.184563,0.249721,0.027089,0.217923,0.469572,0.620586,0.193072,0.263353,0.022677,0
1.406000,0,0.044000,0.220000,1,0,1,-0.005435,-0.000319,0.184999,0.250662,0.028314,0.218368,0.471323,0.605160,0.193543,0.264987,0.024179,0
1.408000,0,0.046000,0.230000,1,0,1,-0.005435,-0.000319,0.185436,0.251606,0.029509,0.218790,0.472910,0.589136,0.193935,0.266514,0.025631,0
1.412000,0,0.048000,0.240000,1,0,1,-0.005435,-0.000319,0.185874,0.252554,0.030671,0.219371,0.474924,0.572531,0.194757,0.270211,0.028078,0
1.414000,0,0.050000,0.250000,1,0,1,-0.005777,0.005710,0.186313,0.253508,0.031799,0.219608,0.479386,0.555360,0.194657,0.270395,0.029649,0
1.416000,0,0.052000,0.260000,1,0,1,-0.005777,0.005710,0.186753,0.254471,0.032892,0.219760,0.483556,0.537642,0.194657,0.270395,0.029649,0
1.416000,0,0.054000,0.270000,1,0,1,-0.005777,0.005710,0.187192,0.255443,0.033949,0.219970,0.488021,0.519393,0.194935,0.272345,0.030556,0
1.418000,0,0.056000,0.280000,1,0,1,-0.005777,0.005710,0.187632,0.256422,0.034969,0.220062,0.491698,0.500632,0.194789,0.272387,0.032025,0
1.422000,0,0.058000,0.290000,1,0,1,-0.005777,0.005710,0.188073,0.257409,0.035951,0.220122,0.495147,0.481376,0.194755,0.273200,0.033120,0
1.424000,0,0.060000,0.300000,1,0,1,-0.005777,0.005710,0.188513,0.258403,0.036894,0.220165,0.498844,0.461645,0.194723,0.274630,0.033811,0
1.424000,0,0.062000,0.310000,1,0,1,-0.005777,0.005710,0.188953,0.259405,0.037797,0.220148,0.502270,0.441459,0.194543,0.275158,0.034770,0
1.426000,0,0.064000,0.320000,1,0,1,-0.005777,0.005710,0.189393,0.260412,0.038660,0.220069,0.505425,0.420837,0.194318,0.275573,0.035666,0
1.430000,0,0.066000,0.330000,1,0,1,-0.005777,0.005710,0.189833,0.261426,0.039480,0.219927,0.508310,0.399800,0.194053,0.275879,0.036500,0
1.430000,0,0.068000,0.340000,1,0,1,-0.005777,0.005710,0.190273,0.262445,0.040259,0.219720,0.510927,0.378368,0.193752,0.276082,0.037272,0
1.432000,0,0.070000,0.350000,1,0,1,-0.005777,0.005710,0.190712,0.263470,0.040994,0.219447,0.513277,0.356563,0.193422,0.276186,0.037982,0
1.436000,0,0.072000,0.360000,1,0,1,-0.005777,0.005710,0.191151,0.264498,0.041685,0.219234,0.515011,0.334406,0.193196,0.275749,0.038996,0
1.438000,0,0.074000,0.370000,1,0,1,-0.005777,0.005710,0.191589,0.265530,0.042331,0.218967,0.516523,0.311919,0.192842,0.275713,0.039586,0
1.440000,0,0.076000,0.380000,1,0,1,-0.008274,0.009714,0.192025,0.266567,0.042932,0.216728,0.520888,0.289124,0.192468,0.275591,0.040119,0
1.442000,0,0.078000,0.390000,1,0,1,-0.008274,0.009714,0.192456,0.267613,0.043487,0.214490,0.524927,0.266044,0.192077,0.275389,0.040589,0
1.442000,0,0.080000,0.400000,1,0,1,-0.008274,0.009714,0.192883,0.268667,0.043996,0.212031,0.528903,0.242701,0.191464,0.275411,0.040642,0
1.446000,0,0.082000,0.410000,1,0,1,-0.008274,0.009714,0.193305,0.269728,0.044458,0.209836,0.532357,0.219119,0.190833,0.274388,0.041652,0
1.448000,0,0.084000,0.420000,1,0,1,-0.008274,0.009714,0.193722,0.270796,0.044872,0.207594,0.535383,0.195321,0.190833,0.274388,0.041652,0
1.450000,0,0.086000,0.430000,1,0,1,-0.008274,0.009714,0.194135,0.271870,0.045239,0.205056,0.538284,0.171329,0.190155,0.274152,0.041545,0
1.450000,0,0.088000,0.440000,1,0,1,-0.008274,0.009714,0.194543,0.272949,0.045558,0.202806,0.540627,0.147169,0.189971,0.273463,0.042078,0
1.452000,0,0.090000,0.450000,1,0,1,-0.008274,0.009714,0.194946,0.274032,0.045828,0.200212,0.542805,0.122863,0.189285,0.273107,0.041881,0
1.454000,0,0.092000,0.460000,1,0,1,-0.008274,0.009714,0.195343,0.275120,0.046049,0.197598,0.544613,0.098436,0.188866,0.272549,0.041978,0
1.458000,0,0.094000,0.470000,1,0,1,-0.008274,0.009714,0.195736,0.276210,0.046221,0.195330,0.545905,0.073912,0.188739,0.271855,0.042353,0
1.460000,0,0.096000,0.480000,1,0,1,-0.008274,0.009714,0.196125,0.277303,0.046345,0.193030,0.546848,0.049316,0.188356,0.271286,0.042353,0
1.462000,0,0.098000,0.490000,1,0,1,-0.008274,0.009714,0.196508,0.278398,0.046419,0.190291,0.547564,0.024670,0.187710,0.270797,0.041999,0
1.464000,0,0.100000,0.500000,1,0,1,-0.008274,0.009714,0.196886,0.279493,0.046443,0.187527,0.547906,-0.000000,0.187360,0.270202,0.041915,0
1.466000,0,0.102000,0.510000,1,0,1,-0.010693,0.011514,0.197256,0.280591,0.046419,0.182219,0.549969,-0.024670,0.187313,0.269544,0.042082,0
1.466000,0,0.104000,0.520000,1,0,1,-0.010693,0.011514,0.197615,0.281693,0.046345,0.176988,0.551577,-0.049316,0.187008,0.268972,0.041904,0
1.470000,0,0.106000,0.530000,1,0,1,-0.010693,0.011514,0.197964,0.282797,0.046221,0.171830,0.552728,-0.073912,0.186728,0.268414,0.041684,0
1.472000,0,0.108000,0.540000,1,0,1,-0.010693,0.011514,0.198302,0.283903,0.046049,0.166743,0.553420,-0.098436,0.186469,0.267873,0.041418,0
1.474000,0,0.110000,0.550000,1,0,1,-0.010693,0.011514,0.198630,0.285011,0.045828,0.161208,0.553748,-0.122863,0.185962,0.267394,0.040841,0
1.476000,0,0.112000,0.560000,1,0,1,-0.010693,0.011514,0.198948,0.286118,0.045558,0.156294,0.553504,-0.147169,0.186011,0.266856,0.040757,0
1.476000,0,0.114000,0.570000,1,0,1,-0.010693,0.011514,0.199255,0.287224,0.045239,0.151432,0.552791,-0.171329,0.185813,0.266393,0.040370,0
1.480000,0,0.116000,0.580000,1,0,1,-0.010693,0.011514,0.199553,0.288329,0.044872,0.146618,0.551704,-0.195321,0.185491,0.265597,0.039472,0
1.482000,0,0.118000,0.590000,1,0,1,-0.010693,0.011514,0.199842,0.289431,0.044458,0.141864,0.550028,-0.219119,0.185491,0.265597,0.039472,0
1.484000,0,0.120000,0.600000,1,0,1,-0.010693,0.011514,0.200121,0.290529,0.043996,0.137153,0.547868,-0.242701,0.185368,0.265270,0.038962,0
1.486000,0,0.122000,0.610000,1,0,1,-0.010693,0.011514,0.200390,0.291622,0.043487,0.132482,0.545221,-0.266044,0.185267,0.264979,0.038411,0
1.486000,0,0.124000,0.620000,1,0,1,-0.010693,0.011514,0.200650,0.292710,0.042932,0.127262,0.542254,-0.289124,0.184994,0.264778,0.037607,0
1.488000,0,0.126000,0.630000,1,0,1,-0.013553,0.011226,0.200893,0.293790,0.042331,0.116039,0.538185,-0.311919,0.184957,0.264573,0.036987,0
1.492000,0,0.128000,0.640000,1,0,1,-0.013553,0.011226,0.201115,0.294862,0.041685,0.105823,0.533556,-0.334406,0.185129,0.264229,0.035835,0
1.494000,0,0.130000,0.650000,1,0,1,-0.013553,0.011226,0.201317,0.295924,0.040994,0.096006,0.528336,-0.356563,0.185129,0.264229,0.035835,0
1.496000,0,0.132000,0.660000,1,0,1,-0.013553,0.011226,0.201499,0.296975,0.040259,0.086550,0.522656,-0.378368,0.185143,0.264142,0.035089,0
1.496000,0,0.134000,0.670000,1,0,1,-0.013553,0.011226,0.201663,0.298014,0.039480,0.077440,0.516514,-0.399800,0.185159,0.264093,0.034302,0
1.500000,0,0.136000,0.680000,1,0,1,-0.013553,0.011226,0.201809,0.299041,0.038660,0.068681,0.509907,-0.420837,0.185187,0.264085,0.033478,0
1.502000,0,0.138000,0.690000,1,0,1,-0.013553,0.011226,0.201938,0.300054,0.037797,0.060272,0.502834,-0.441459,0.185228,0.264118,0.032619,0
1.504000,0,0.140000,0.700000,1,0,1,-0.013553,0.011226,0.202050,0.301052,0.036894,0.051672,0.495730,-0.461645,0.185206,0.264299,0.031540,0
1.506000,0,0.142000,0.710000,1,0,1,-0.013553,0.011226,0.202145,0.302036,0.035951,0.043521,0.488148,-0.481376,0.185300,0.264460,0.030591,0
1.506000,0,0.144000,0.720000,1,0,1,-0.013553,0.011226,0.202225,0.303004,0.034969,0.036388,0.479525,-0.500632,0.185476,0.264561,0.029769,0
1.508000,0,0.146000,0.730000,1,0,1,-0.013553,0.011226,0.202291,0.303954,0.033949,0.029595,0.470429,-0.519393,0.185582,0.264792,0.028746,0
1.512000,0,0.148000,0.740000,1,0,1,-0.013553,0.011226,0.202344,0.304886,0.032892,0.023137,0.460864,-0.537642,0.185700,0.265066,0.027699,0
1.514000,0,0.150000,0.750000,1,0,1,-0.013553,0.011226,0.202383,0.305798,0.031799,0.016565,0.451632,-0.555360,0.185827,0.265516,0.026466,0
1.516000,0,0.152000,0.760000,1,0,1,-0.016081,0.009991,0.202397,0.306686,0.030671,-0.002153,0.435731,-0.572531,0.185998,0.265881,0.025346,0
1.518000,0,0.154000,0.770000,1,0,1,-0.016081,0.009991,0.202376,0.307540,0.029509,-0.018849,0.418814,-0.589136,0.186181,0.266140,0.024334,0
1.520000,0,0.156000,0.780000,1,0,1,-0.016081,0.009991,0.202323,0.308362,0.028314,-0.034499,0.403160,-0.605160,0.186380,0.266696,0.023006,0
1.520000,0,0.158000,0.790000,1,0,1,-0.016081,0.009991,0.202240,0.309152,0.027089,-0.048280,0.386188,-0.620586,0.186514,0.266981,0.021917,0
1.524000,0,0.160000,0.800000,1,0,1,-0.016081,0.009991,0.202130,0.309908,0.025833,-0.060785,0.369651,-0.635400,0.186763,0.267860,0.019357,0
1.526000,0,0.162000,0.810000,1,0,1,-0.016081,0.009991,0.201997,0.310630,0.024547,-0.071720,0.352823,-0.649588,0.186763,0.267860,0.019357,0
1.528000,0,0.164000,0.820000,1,0,1,-0.016081,0.009991,0.201844,0.311321,0.023235,-0.081065,0.338038,-0.663134,0.186966,0.268476,0.017908,0
1.530000,0,0.166000,0.830000,1,0,1,-0.016081,0.009991,0.201674,0.311982,0.021895,-0.088801,0.323191,-0.676025,0.187088,0.268951,0.016557,0
1.532000,0,0.168000,0.840000,1,0,1,-0.016081,0.009991,0.201490,0.312611,0.020531,-0.095333,0.305680,-0.688250,0.187097,0.269265,0.015294,0
1.532000,0,0.170000,0.850000,1,0,1,-0.016081,0.009991,0.201294,0.313205,0.019143,-0.100253,0.288362,-0.699795,0.187223,0.269764,0.013889,0
1.536000,0,0.172000,0.860000,1,0,1,-0.016081,0.009991,0.201090,0.313766,0.017732,-0.103468,0.271913,-0.710650,0.187500,0.270802,0.011010,0
1.538000,0,0.174000,0.870000,1,0,1,-0.016081,0.009991,0.200881,0.314293,0.016301,-0.105005,0.255590,-0.720803,0.187654,0.271337,0.009538,0
1.540000,0,0.176000,0.880000,1,0,1,-0.018110,0.009048,0.200631,0.314769,0.014850,-0.143698,0.220490,-0.730245,0.187654,0.271337,0.009538,0
1.542000,0,0.178000,0.890000,1,0,1,-0.018110,0.009048,0.200314,0.315184,0.013380,-0.172223,0.194977,-0.738966,0.187956,0.272081,0.007944,0
1.542000,0,0.180000,0.900000,1,0,1,-0.018110,0.009048,0.199948,0.315551,0.011894,-0.192131,0.171983,-0.746958,0.188132,0.272630,0.006436,0
1.544000,0,0.182000,0.910000,1,0,1,-0.018110,0.009048,0.199558,0.315865,0.010393,-0.197045,0.141905,-0.754213,0.188056,0.272937,0.004996,0
1.548000,0,0.184000,0.920000,1,0,1,-0.018110,0.009048,0.199170,0.316124,0.008878,-0.190153,0.117477,-0.760723,0.188011,0.273864,0.001843,0
1.550000,0,0.186000,0.930000,1,0,1,-0.018110,0.009048,0.198805,0.316336,0.007350,-0.175343,0.095095,-0.766483,0.188011,0.273864,0.001843,0
1.552000,1,0.000000,0.000000,1,1,0,-0.018110,0.009048,0.215222,0.307894,-0.003557,-0.013474,-0.007299,0.785398,0.215236,0.307902,-0.003597,1
1.554000,1,0.002000,0.010000,1,1,0,-0.018110,0.009048,0.215182,0.307873,-0.001986,-0.026619,-0.014288,0.785011,0.215393,0.308214,-0.003644,0
1.554000,1,0.004000,0.020000,1,1,0,-0.018110,0.009048,0.215116,0.307837,-0.000417,-0.039498,-0.021050,0.783848,0.215411,0.308264,-0.003614,0
1.558000,1,0.006000,0.030000,1,1,0,-0.018110,0.009048,0.215025,0.307789,0.001149,-0.052106,-0.027550,0.781913,0.215891,0.308265,-0.002028,0
1.560000,1,0.008000,0.040000,1,1,0,-0.018110,0.009048,0.214908,0.307727,0.002710,-0.064444,-0.033910,0.779205,0.215891,0.308265,-0.002028,0
1.562000,1,0.010000,0.050000,1,1,0,-0.018110,0.009048,0.214767,0.307653,0.004265,-0.076773,-0.040051,0.775729,0.215479,0.308206,-0.000632,0
1.562000,1,0.012000,0.060000,1,1,0,-0.018110,0.009048,0.214601,0.307567,0.005812,-0.088547,-0.046059,0.771487,0.216530,0.307906,0.000856,0
1.564000,1,0.014000,0.070000,0,1,1,0.006510,0.040077,0.214421,0.307480,0.007350,-0.091591,-0.041256,0.766483,0.216738,0.307562,0.002384,0
1.568000,1,0.016000,0.080000,0,1,1,0.006510,0.040077,0.214235,0.307402,0.008878,-0.094796,-0.036548,0.760723,0.216142,0.307046,0.003859,0
1.568000,1,0.018000,0.090000,0,1,1,0.006510,0.040077,0.214042,0.307334,0.010393,-0.097859,-0.031940,0.754213,0.216237,0.306512,0.005300,0
1.570000,1,0.020000,0.100000,0,1,1,0.006510,0.040077,0.213844,0.307274,0.011894,-0.100567,-0.027384,0.746958,0.216773,0.306121,0.006744,0
1.572000,1,0.022000,0.110000,0,1,1,0.006510,0.040077,0.213640,0.307224,0.013380,-0.103331,-0.022979,0.738966,0.216240,0.305435,0.008105,0
1.576000,1,0.024000,0.120000,0,1,1,0.006510,0.040077,0.213430,0.307182,0.014850,-0.105941,-0.018671,0.730245,0.216150,0.304967,0.009506,0
1.578000,1,0.026000,0.130000,0,1,1,0.006510,0.040077,0.213216,0.307149,0.016301,-0.108397,-0.014465,0.720803,0.216003,0.304536,0.010922,0
1.578000,1,0.028000,0.140000,0,1,1,0.006510,0.040077,0.212997,0.307124,0.017732,-0.110697,-0.010363,0.710650,0.215805,0.304145,0.012350,0
1.582000,1,0.030000,0.150000,0,1,1,0.006510,0.040077,0.212773,0.307108,0.019143,-0.112848,-0.006358,0.699795,0.215528,0.303824,0.013793,0
1.584000,1,0.032000,0.160000,0,1,1,0.006510,0.040077,0.212546,0.307099,0.020531,-0.114853,-0.002448,0.688250,0.215181,0.303561,0.015244,0
1.584000,1,0.034000,0.170000,0,1,1,0.006510,0.040077,0.212314,0.307098,0.021895,-0.116710,0.001366,0.676025,0.214767,0.303347,0.016700,0
1.586000,1,0.036000,0.180000,0,1,1,0.006510,0.040077,0.212079,0.307104,0.023235,-0.118422,0.005085,0.663134,0.214279,0.303178,0.018135,0
1.590000,1,0.038000,0.190000,0,1,1,0.003713,0.037926,0.211839,0.307117,0.024547,-0.121349,0.007802,0.649588,0.213475,0.303213,0.019532,0
1.592000,1,0.040000,0.200000,0,1,1,0.003713,0.037926,0.211594,0.307135,0.025833,-0.123998,0.010384,0.635400,0.213080,0.302944,0.020898,0
1.592000,1,0.042000,0.210000,0,1,1,0.003713,0.037926,0.211343,0.307159,0.027089,-0.126472,0.012896,0.620586,0.212372,0.302873,0.022219,0
1.596000,1,0.044000,0.220000,0,1,1,0.003713,0.037926,0.211088,0.307187,0.028314,-0.128777,0.015343,0.605160,0.211588,0.302828,0.023497,0
1.598000,1,0.046000,0.230000,0,1,1,0.003713,0.037926,0.210828,0.307220,0.029509,-0.130921,0.017726,0.589136,0.210736,0.302806,0.024733,0
1.598000,1,0.048000,0.240000,0,1,1,0.003713,0.037926,0.210565,0.307258,0.030671,-0.132903,0.020046,0.572531,0.209824,0.302803,0.025928,0
1.602000,1,0.050000,0.250000,0,1,1,0.003713,0.037926,0.210297,0.307300,0.031799,-0.134674,0.022313,0.555360,0.207824,0.302857,0.028194,0
1.604000,1,0.052000,0.260000,0,1,1,0.003713,0.037926,0.210026,0.307347,0.032892,-0.136350,0.024512,0.537642,0.207824,0.302857,0.028194,0
1.606000,1,0.054000,0.270000,0,1,1,0.003713,0.037926,0.209752,0.307398,0.033949,-0.137878,0.026653,0.519393,0.206754,0.302903,0.029253,0
1.606000,1,0.056000,0.280000,0,1,1,0.003713,0.037926,0.209474,0.307454,0.034969,-0.139672,0.028717,0.500632,0.204940,0.302948,0.030215,0
1.610000,1,0.058000,0.290000,0,1,1,0.003713,0.037926,0.209193,0.307513,0.035951,-0.140900,0.030753,0.481376,0.204507,0.303011,0.031200,0
1.612000,1,0.060000,0.300000,0,1,1,0.003713,0.037926,0.208911,0.307576,0.036894,-0.142000,0.032739,0.461645,0.203350,0.303067,0.032090,0
1.614000,1,0.062000,0.310000,0,1,1,0.003713,0.037926,0.208626,0.307644,0.037797,-0.142974,0.034675,0.441459,0.202180,0.303125,0.032929,0
1.614000,1,0.064000,0.320000,0,1,1,-0.001860,0.035537,0.208335,0.307714,0.038660,-0.147403,0.035037,0.420837,0.200985,0.303181,0.033723,0
1.618000,1,0.066000,0.330000,0,1,1,-0.001860,0.035537,0.208036,0.307784,0.039480,-0.151628,0.035400,0.399800,0.199785,0.303232,0.034477,0
1.618000,1,0.068000,0.340000,0,1,1,-0.001860,0.035537,0.207729,0.307855,0.040259,-0.155658,0.035763,0.378368,0.198587,0.303274,0.035189,0
1.620000,1,0.070000,0.350000,0,1,1,-0.001860,0.035537,0.207414,0.307927,0.040994,-0.159500,0.036127,0.356563,0.197384,0.303306,0.035864,0
1.624000,1,0.072000,0.360000,0,1,1,-0.001860,0.035537,0.207091,0.308000,0.041685,-0.163181,0.036519,0.334406,0.195020,0.303317,0.037071,0
1.626000,1,0.074000,0.370000,0,1,1,-0.001860,0.035537,0.206761,0.308073,0.042331,-0.166666,0.036880,0.311919,0.195020,0.303317,0.037071,0
1.626000,1,0.076000,0.380000,0,1,1,-0.001860,0.035537,0.206424,0.308147,0.042932,-0.169978,0.037241,0.289124,0.193864,0.303298,0.037605,0
1.628000,1,0.078000,0.390000,0,1,1,-0.001860,0.035537,0.206081,0.308222,0.043487,-0.173136,0.037599,0.266044,0.192721,0.303256,0.038091,0
1.632000,1,0.080000,0.400000,0,1,1,-0.001860,0.035537,0.205732,0.308298,0.043996,-0.176145,0.037952,0.242701,0.191613,0.303199,0.038525,0
1.634000,1,0.082000,0.410000,0,1,1,-0.001860,0.035537,0.205376,0.308374,0.044458,-0.179602,0.037943,0.219119,0.189856,0.302756,0.038945,0
1.634000,1,0.084000,0.420000,0,1,1,-0.001860,0.035537,0.205014,0.308450,0.044872,-0.182295,0.038308,0.195321,0.189506,0.303038,0.039237,0
1.636000,1,0.086000,0.430000,0,1,1,-0.001860,0.035537,0.204647,0.308527,0.045239,-0.184870,0.038658,0.171329,0.188507,0.302932,0.039525,0
1.640000,1,0.088000,0.440000,0,1,1,-0.007922,0.033565,0.204269,0.308603,0.045558,-0.193034,0.037137,0.147169,0.187552,0.302808,0.039775,0
1.642000,1,0.090000,0.450000,0,1,1,-0.007922,0.033565,0.203874,0.308675,0.045828,-0.201396,0.035192,0.122863,0.186124,0.302240,0.040071,0
1.642000,1,0.092000,0.460000,0,1,1,-0.007922,0.033565,0.203464,0.308744,0.046049,-0.208906,0.033795,0.098436,0.185808,0.302524,0.040160,0
1.644000,1,0.094000,0.470000,0,1,1,-0.007922,0.033565,0.203039,0.308810,0.046221,-0.216130,0.032431,0.073912,0.185006,0.302361,0.040306,0
1.648000,1,0.096000,0.480000,0,1,1,-0.007922,0.033565,0.202600,0.308874,0.046345,-0.223069,0.031094,0.049316,0.184258,0.302189,0.040416,0
1.648000,1,0.098000,0.490000,0,1,1,-0.007922,0.033565,0.202147,0.308935,0.046419,-0.229724,0.029782,0.024670,0.183564,0.302011,0.040488,0
1.650000,1,0.100000,0.500000,0,1,1,-0.007922,0.033565,0.201681,0.308993,0.046443,-0.236100,0.028493,-0.000000,0.182925,0.301830,0.040525,0
1.654000,1,0.102000,0.510000,0,1,1,-0.007922,0.033565,0.201202,0.309048,0.046419,-0.242355,0.027170,-0.024670,0.181811,0.301431,0.040447,0
1.656000,1,0.104000,0.520000,0,1,1,-0.007922,0.033565,0.200712,0.309102,0.046345,-0.248148,0.025877,-0.049316,0.181811,0.301431,0.040447,0
1.658000,1,0.106000,0.530000,0,1,1,-0.007922,0.033565,0.200210,0.309151,0.046221,-0.253754,0.023966,-0.073912,0.181216,0.300818,0.040536,0
1.658000,1,0.108000,0.540000,0,1,1,-0.007922,0.033565,0.199697,0.309198,0.046049,-0.258974,0.022687,-0.098436,0.180908,0.301027,0.040179,0
1.662000,1,0.110000,0.550000,0,1,1,-0.007922,0.033565,0.199174,0.309242,0.045828,-0.264089,0.021293,-0.122863,0.180220,0.300655,0.039727,0
1.664000,1,0.112000,0.560000,0,1,1,-0.007922,0.033565,0.198641,0.309283,0.045558,-0.268903,0.019854,-0.147169,0.179955,0.300492,0.039437,0
1.666000,1,0.114000,0.570000,0,1,1,-0.011902,0.032886,0.198092,0.309320,0.045239,-0.279521,0.017383,-0.171329,0.179955,0.300492,0.039437,0
1.668000,1,0.116000,0.580000,0,1,1,-0.011902,0.032886,0.197523,0.309353,0.044872,-0.289537,0.014914,-0.195321,0.179742,0.300351,0.039092,0
1.670000,1,0.118000,0.590000,0,1,1,-0.011902,0.032886,0.196934,0.309380,0.044458,-0.298947,0.012424,-0.219119,0.179575,0.300228,0.038709,0
1.670000,1,0.120000,0.600000,0,1,1,-0.011902,0.032886,0.196328,0.309402,0.043996,-0.307771,0.009901,-0.242701,0.179433,0.300129,0.038306,0
1.674000,1,0.122000,0.610000,0,1,1,-0.011902,0.032886,0.195703,0.309419,0.043487,-0.316234,0.007177,-0.266044,0.179247,0.300017,0.037429,0
1.676000,1,0.124000,0.620000,0,1,1,-0.011902,0.032886,0.195063,0.309431,0.042932,-0.324078,0.004411,-0.289124,0.179200,0.300009,0.036951,0
1.678000,1,0.126000,0.630000,0,1,1,-0.011902,0.032886,0.194408,0.309437,0.042331,-0.331048,0.001785,-0.311919,0.179200,0.300009,0.036951,0
1.680000,1,0.128000,0.640000,0,1,1,-0.011902,0.032886,0.193739,0.309438,0.041685,-0.337503,-0.001155,-0.334406,0.179212,0.300060,0.035838,0
1.682000,1,0.130000,0.650000,0,1,1,-0.011902,0.032886,0.193058,0.309433,0.040994,-0.343063,-0.003931,-0.356563,0.179212,0.300060,0.035838,0
1.684000,1,0.132000,0.660000,0,1,1,-0.011902,0.032886,0.192367,0.309422,0.040259,-0.347884,-0.006811,-0.378368,0.179244,0.300132,0.035200,0
1.684000,1,0.134000,0.670000,0,1,1,-0.011902,0.032886,0.191667,0.309405,0.039480,-0.351943,-0.009799,-0.399800,0.179287,0.300239,0.034516,0
1.688000,1,0.136000,0.680000,0,1,1,-0.011902,0.032886,0.190960,0.309382,0.038660,-0.355318,-0.013209,-0.420837,0.179400,0.300577,0.033027,0
1.690000,1,0.138000,0.690000,0,1,1,-0.014633,0.034138,0.190239,0.309357,0.037797,-0.364778,-0.012265,-0.441459,0.179808,0.301010,0.032613,0
1.692000,1,0.140000,0.700000,0,1,1,-0.014633,0.034138,0.189502,0.309333,0.036894,-0.372843,-0.011357,-0.461645,0.179808,0.301010,0.032613,0
1.694000,1,0.142000,0.710000,0,1,1,-0.014633,0.034138,0.188749,0.309311,0.035951,-0.379612,-0.010688,-0.481376,0.179863,0.301331,0.031779,0
1.694000,1,0.144000,0.720000,0,1,1,-0.014633,0.034138,0.187984,0.309290,0.034969,-0.385061,-0.010261,-0.500632,0.179902,0.301704,0.030921,0
1.696000,1,0.146000,0.730000,0,1,1,-0.014633,0.034138,0.187210,0.309270,0.033949,-0.389166,-0.010073,-0.519393,0.179921,0.302129,0.030037,0
1.698000,1,0.148000,0.740000,0,1,1,-0.014633,0.034138,0.186428,0.309249,0.032892,-0.391903,-0.010124,-0.537642,0.179914,0.302601,0.029120,0
1.700000,1,0.150000,0.750000,0,1,1,-0.014633,0.034138,0.185643,0.309229,0.031799,-0.393243,-0.010409,-0.555360,0.179878,0.303115,0.028162,0
1.704000,1,0.152000,0.760000,0,1,1,-0.014633,0.034138,0.184856,0.309208,0.030671,-0.393163,-0.010927,-0.572531,0.179814,0.303674,0.027168,0
1.706000,1,0.154000,0.770000,0,1,1,-0.014633,0.034138,0.184071,0.309185,0.029509,-0.391638,-0.011671,-0.589136,0.179713,0.304277,0.026117,0
1.708000,1,0.156000,0.780000,0,1,1,-0.014633,0.034138,0.183291,0.309161,0.028314,-0.388643,-0.012637,-0.605160,0.179584,0.304923,0.025031,0
1.710000,1,0.158000,0.790000,0,1,1,-0.014633,0.034138,0.182516,0.309130,0.027089,-0.385725,-0.017736,-0.620586,0.179268,0.305047,0.023529,0
1.710000,1,0.160000,0.800000,0,1,1,-0.014633,0.034138,0.181751,0.309094,0.025833,-0.379387,-0.018326,-0.635400,0.179237,0.306324,0.022752,0
1.714000,1,0.162000,0.810000,0,1,1,-0.014633,0.034138,0.180999,0.309051,0.024547,-0.371849,-0.025042,-0.649588,0.178746,0.307139,0.019943,0
1.716000,1,0.164000,0.820000,0,1,1,-0.016382,0.036904,0.180249,0.309019,0.023235,-0.378231,-0.006718,-0.663134,0.178746,0.307139,0.019943,0
1.718000,1,0.166000,0.830000,0,1,1,-0.016382,0.036904,0.179489,0.309029,0.021895,-0.380420,0.016052,-0.676025,0.178441,0.308559,0.019038,0
1.718000,1,0.168000,0.840000,0,1,1,-0.016382,0.036904,0.178729,0.309081,0.020531,-0.379170,0.035591,-0.688250,0.178107,0.309329,0.017738,0
1.720000,1,0.170000,0.850000,0,1,1,-0.016382,0.036904,0.177975,0.309169,0.019143,-0.374443,0.051937,-0.699795,0.177730,0.310163,0.016435,0
1.724000,1,0.172000,0.860000,0,1,1,-0.016382,0.036904,0.177237,0.309276,0.017732,-0.363006,0.054848,-0.710650,0.177106,0.311407,0.013512,0
1.726000,1,0.174000,0.870000,0,1,1,-0.016382,0.036904,0.176525,0.309388,0.016301,-0.349213,0.056741,-0.720803,0.177106,0.311407,0.013512,0
1.728000,1,0.176000,0.880000,0,1,1,-0.016382,0.036904,0.175844,0.309502,0.014850,-0.331113,0.057378,-0.730245,0.176652,0.312432,0.012168,0
1.730000,1,0.178000,0.890000,0,1,1,-0.016382,0.036904,0.175204,0.309616,0.013380,-0.308601,0.056568,-0.738966,0.176158,0.313437,0.010779,0
1.732000,1,0.180000,0.900000,0,1,1,-0.016382,0.036904,0.174614,0.309727,0.011894,-0.281680,0.054405,-0.746958,0.175625,0.314420,0.009344,0
1.732000,1,0.182000,0.910000,0,1,1,-0.016382,0.036904,0.174087,0.309831,0.010393,-0.245813,0.049767,-0.754213,0.175066,0.315379,0.007865,0
1.734000,1,0.184000,0.920000,0,1,1,-0.016382,0.036904,0.173635,0.309925,0.008878,-0.205951,0.043979,-0.760723,0.174489,0.316309,0.006346,0
1.738000,1,0.186000,0.930000,0,1,1,-0.016382,0.036904,0.173269,0.310007,0.007350,-0.161690,0.038383,-0.766483,0.173350,0.318045,0.003142,0
1.740000,1,0.188000,0.940000,0,1,1,-0.019128,0.040465,0.172907,0.310178,0.005812,-0.198035,0.128796,-0.771487,0.173350,0.318045,0.003142,0
1.740000,1,0.190000,0.950000,0,1,1,-0.019128,0.040465,0.172500,0.310491,0.004265,-0.208006,0.181771,-0.775729,0.172790,0.318842,0.001474,0
1.742000,0,0.000000,0.000000,1,1,0,-0.019128,0.040465,0.189036,0.273504,-0.003557,-0.010670,0.025720,0.785398,0.189047,0.273478,-0.002376,1
1.746000,0,0.002000,0.010000,1,1,0,-0.019128,0.040465,0.189004,0.273581,-0.001986,-0.021257,0.051214,0.785011,0.188934,0.273620,-0.002297,0
1.748000,0,0.004000,0.020000,1,1,0,-0.019128,0.040465,0.188951,0.273709,-0.000417,-0.031897,0.076572,0.783848,0.188256,0.274060,-0.002140,0
1.748000,0,0.006000,0.030000,1,1,0,-0.019128,0.040465,0.188877,0.273887,0.001149,-0.042182,0.101539,0.781913,0.188508,0.274020,-0.001897,0
1.750000,0,0.008000,0.040000,1,1,0,-0.019128,0.040465,0.188782,0.274115,0.002710,-0.052326,0.126154,0.779205,0.188052,0.274501,-0.001327,0
1.754000,0,0.010000,0.050000,1,1,0,-0.019128,0.040465,0.188667,0.274391,0.004265,-0.062307,0.150372,0.775729,0.187559,0.275140,-0.000553,0
1.756000,0,0.012000,0.060000,1,1,0,-0.019128,0.040465,0.188533,0.274716,0.005812,-0.072106,0.174150,0.771487,0.187069,0.275912,0.000387,0
1.756000,0,0.014000,0.070000,1,0,1,-0.019128,0.040465,0.188379,0.275088,0.007350,-0.081720,0.197465,0.766483,0.186531,0.276862,0.001503,0
1.758000,0,0.016000,0.080000,1,0,1,-0.019128,0.040465,0.188206,0.275506,0.008878,-0.091122,0.220283,0.760723,0.186068,0.277930,0.002743,0
1.762000,0,0.018000,0.090000,1,0,1,-0.019128,0.040465,0.188015,0.275969,0.010393,-0.100290,0.242602,0.754213,0.185280,0.280406,0.005493,0
1.764000,0,0.020000,0.100000,1,0,1,-0.019128,0.040465,0.187805,0.276476,0.011894,-0.109233,0.264372,0.746958,0.185280,0.280406,0.005493,0
1.764000,0,0.022000,0.110000,1,0,1,-0.005491,-0.008873,0.187583,0.277007,0.013380,-0.112827,0.267382,0.738966,0.184975,0.282497,0.006961,0
1.766000,0,0.024000,0.120000,1,0,1,-0.005491,-0.008873,0.187354,0.277545,0.014850,-0.116303,0.270291,0.730245,0.184588,0.284022,0.008498,0
1.770000,0,0.026000,0.130000,1,0,1,-0.005491,-0.008873,0.187118,0.278088,0.016301,-0.119659,0.273093,0.720803,0.184185,0.285564,0.010068,0
1.772000,0,0.028000,0.140000,1,0,1,-0.005491,-0.008873,0.186875,0.278637,0.017732,-0.122857,0.275446,0.710650,0.183823,0.286253,0.011719,0
1.772000,0,0.030000,0.150000,1,0,1,-0.005491,-0.008873,0.186627,0.279190,0.019143,-0.125917,0.277673,0.699795,0.183438,0.287715,0.013338,0
1.776000,0,0.032000,0.160000,1,0,1,-0.005491,-0.008873,0.186372,0.279748,0.020531,-0.128802,0.279801,0.688250,0.182598,0.290511,0.016573,0
1.778000,0,0.034000,0.170000,1,0,1,-0.005491,-0.008873,0.186112,0.280309,0.021895,-0.131582,0.281798,0.676025,0.182598,0.290511,0.016573,0
1.780000,0,0.036000,0.180000,1,0,1,-0.005491,-0.008873,0.185846,0.280875,0.023235,-0.134220,0.283689,0.663134,0.182131,0.291807,0.018174,0
1.780000,0,0.038000,0.190000,1,0,1,-0.005491,-0.008873,0.185575,0.281444,0.024547,-0.136848,0.285869,0.649588,0.181380,0.293856,0.019642,0
1.784000,0,0.040000,0.200000,1,0,1,-0.005491,-0.008873,0.185299,0.282018,0.025833,-0.139200,0.287542,0.635400,0.181090,0.294122,0.021315,0
1.786000,0,0.042000,0.210000,1,0,1,-0.005491,-0.008873,0.185018,0.282595,0.027089,-0.141582,0.289501,0.620586,0.180199,0.295892,0.022709,0
1.788000,0,0.044000,0.220000,1,0,1,-0.005491,-0.008873,0.184732,0.283175,0.028314,-0.143652,0.290976,0.605160,0.179906,0.296004,0.024340,0
1.790000,0,0.046000,0.230000,1,0,1,-0.011226,-0.005600,0.184440,0.283760,0.029509,-0.148452,0.294004,0.589136,0.179264,0.296763,0.025798,0
1.790000,0,0.048000,0.240000,1,0,1,-0.011226,-0.005600,0.184139,0.284351,0.030671,-0.153045,0.296910,0.572531,0.178591,0.297395,0.027214,0
1.794000,0,0.050000,0.250000,1,0,1,-0.011226,-0.005600,0.183828,0.284948,0.031799,-0.157434,0.299698,0.555360,0.177892,0.297895,0.028586,0
1.796000,0,0.052000,0.260000,1,0,1,-0.011226,-0.005600,0.183509,0.285550,0.032892,-0.161623,0.302371,0.537642,0.177159,0.298261,0.029910,0
1.798000,0,0.054000,0.270000,1,0,1,-0.011226,-0.005600,0.183182,0.286157,0.033949,-0.165614,0.304930,0.519393,0.176401,0.298493,0.031188,0
1.798000,0,0.056000,0.280000,1,0,1,-0.011226,-0.005600,0.182847,0.286770,0.034969,-0.169411,0.307377,0.500632,0.175618,0.298593,0.032413,0
1.802000,0,0.058000,0.290000,1,0,1,-0.011226,-0.005600,0.182504,0.287387,0.035951,-0.173002,0.309793,0.481376,0.174004,0.298397,0.034698,0
1.804000,0,0.060000,0.300000,1,0,1,-0.011226,-0.005600,0.182155,0.288009,0.036894,-0.176422,0.312016,0.461645,0.174004,0.298397,0.034698,0
1.806000,0,0.062000,0.310000,1,0,1,-0.011226,-0.005600,0.181799,0.288635,0.037797,-0.179645,0.314213,0.441459,0.172353,0.297697,0.036762,0
1.808000,0,0.064000,0.320000,1,0,1,-0.011226,-0.005600,0.181437,0.289265,0.038660,-0.182699,0.316211,0.420837,0.172353,0.297697,0.036762,0
1.808000,0,0.066000,0.330000,1,0,1,-0.011226,-0.005600,0.181068,0.289900,0.039480,-0.185575,0.318098,0.399800,0.171525,0.297173,0.037707,0
1.810000,0,0.068000,0.340000,1,0,1,-0.011226,-0.005600,0.180694,0.290538,0.040259,-0.188277,0.319872,0.378368,0.170697,0.296539,0.038594,0
1.814000,0,0.070000,0.350000,1,0,1,-0.011226,-0.005600,0.180315,0.291179,0.040994,-0.190809,0.321529,0.356563,0.169877,0.295806,0.039423,0
1.816000,0,0.072000,0.360000,1,0,1,-0.017499,-0.005099,0.179927,0.291824,0.041685,-0.197695,0.323429,0.334406,0.169069,0.294980,0.040195,0
1.816000,0,0.074000,0.370000,1,0,1,-0.017499,-0.005099,0.179525,0.292473,0.042331,-0.204272,0.325199,0.311919,0.168272,0.294067,0.040909,0
1.818000,0,0.076000,0.380000,1,0,1,-0.017499,-0.005099,0.179109,0.293125,0.042932,-0.210966,0.326703,0.289124,0.167004,0.292933,0.041376,0
1.822000,0,0.078000,0.390000,1,0,1,-0.017499,-0.005099,0.178681,0.293780,0.043487,-0.216913,0.328204,0.266044,0.166711,0.292029,0.042167,0
1.824000,0,0.080000,0.400000,1,0,1,-0.017499,-0.005099,0.178242,0.294438,0.043996,-0.222566,0.329559,0.242701,0.165936,0.290902,0.042707,0
1.824000,0,0.082000,0.410000,1,0,1,-0.017499,-0.005099,0.177791,0.295098,0.044458,-0.228368,0.330538,0.219119,0.164720,0.289473,0.043016,0
1.828000,0,0.084000,0.420000,1,0,1,-0.017499,-0.005099,0.177329,0.295760,0.044872,-0.233874,0.331404,0.195321,0.163269,0.286947,0.043839,0
1.830000,0,0.086000,0.430000,1,0,1,-0.017499,-0.005099,0.176856,0.296423,0.045239,-0.239049,0.332039,0.171329,0.163269,0.286947,0.043839,0
1.832000,0,0.088000,0.440000,1,0,1,-0.017499,-0.005099,0.176373,0.297088,0.045558,-0.243451,0.332812,0.147169,0.162995,0.285952,0.044333,0
1.832000,0,0.090000,0.450000,1,0,1,-0.017499,-0.005099,0.175882,0.297754,0.045828,-0.248041,0.333078,0.122863,0.161914,0.284351,0.044469,0
1.836000,0,0.092000,0.460000,1,0,1,-0.017499,-0.005099,0.175382,0.298421,0.046049,-0.251881,0.333574,0.098436,0.161041,0.282086,0.045041,0
1.838000,0,0.094000,0.470000,1,0,1,-0.017499,-0.005099,0.174874,0.299088,0.046221,-0.255403,0.333818,0.073912,0.161041,0.282086,0.045041,0
1.840000,0,0.096000,0.480000,1,0,1,-0.023433,-0.006260,0.174354,0.299755,0.046345,-0.265103,0.332608,0.049316,0.160440,0.280812,0.045177,0
1.840000,0,0.098000,0.490000,1,0,1,-0.023433,-0.006260,0.173814,0.300418,0.046419,-0.274780,0.330860,0.024670,0.159504,0.279243,0.045146,0
1.844000,0,0.100000,0.500000,1,0,1,-0.023433,-0.006260,0.173255,0.301078,0.046443,-0.283935,0.329036,-0.000000,0.158444,0.276849,0.045203,0
1.846000,0,0.102000,0.510000,1,0,1,-0.023433,-0.006260,0.172678,0.301734,0.046419,-0.292492,0.327016,-0.024670,0.158444,0.276849,0.045203,0
1.848000,0,0.104000,0.520000,1,0,1,-0.023433,-0.006260,0.172086,0.302386,0.046345,-0.299968,0.325258,-0.049316,0.158250,0.275996,0.045262,0
1.848000,0,0.106000,0.530000,1,0,1,-0.023433,-0.006260,0.171478,0.303035,0.046221,-0.307456,0.322927,-0.073912,0.157427,0.274601,0.045070,0
1.852000,0,0.108000,0.540000,1,0,1,-0.023433,-0.006260,0.170856,0.303678,0.046049,-0.314433,0.320513,-0.098436,0.156471,0.272570,0.044770,0
1.854000,0,0.110000,0.550000,1,0,1,-0.023433,-0.006260,0.170221,0.304317,0.045828,-0.320803,0.317893,-0.122863,0.156471,0.272570,0.044770,0
1.856000,0,0.112000,0.560000,1,0,1,-0.023433,-0.006260,0.169574,0.304950,0.045558,-0.326060,0.315499,-0.147169,0.156283,0.271878,0.044638,0
1.856000,0,0.114000,0.570000,1,0,1,-0.023433,-0.006260,0.168917,0.305578,0.045239,-0.330799,0.312906,-0.171329,0.155831,0.270994,0.044372,0
1.860000,0,0.116000,0.580000,1,0,1,-0.023433,-0.006260,0.168250,0.306201,0.044872,-0.335655,0.309838,-0.195321,0.154732,0.269248,0.043629,0
1.862000,0,0.118000,0.590000,1,0,1,-0.023433,-0.006260,0.167575,0.306818,0.044458,-0.339890,0.306557,-0.219119,0.154732,0.269248,0.043629,0
1.862000,0,0.120000,0.600000,1,0,1,-0.023433,-0.006260,0.166892,0.307428,0.043996,-0.342945,0.303401,-0.242701,0.154561,0.268740,0.043305,0
1.866000,0,0.122000,0.610000,1,0,1,-0.027521,-0.008391,0.166195,0.308027,0.043487,-0.354034,0.295762,-0.266044,0.153570,0.267464,0.042290,0
1.868000,0,0.124000,0.620000,1,0,1,-0.027521,-0.008391,0.165476,0.308611,0.042932,-0.364076,0.288116,-0.289124,0.153570,0.267464,0.042290,0
1.870000,0,0.126000,0.630000,1,0,1,-0.027521,-0.008391,0.164739,0.309179,0.042331,-0.373138,0.280533,-0.311919,0.153210,0.267015,0.041759,0
1.870000,0,0.128000,0.640000,1,0,1,-0.027521,-0.008391,0.163985,0.309733,0.041685,-0.381217,0.273013,-0.334406,0.152843,0.266622,0.041181,0
1.874000,0,0.130000,0.650000,1,0,1,-0.027521,-0.008391,0.163215,0.310272,0.040994,-0.388383,0.265633,-0.356563,0.152089,0.266000,0.039885,0
1.876000,0,0.132000,0.660000,1,0,1,-0.027521,-0.008391,0.162432,0.310796,0.040259,-0.394558,0.258309,-0.378368,0.151704,0.265774,0.039170,0
1.878000,0,0.134000,0.670000,1,0,1,-0.027521,-0.008391,0.161637,0.311305,0.039480,-0.399667,0.250956,-0.399800,0.151704,0.265774,0.039170,0
1.880000,0,0.136000,0.680000,1,0,1,-0.027521,-0.008391,0.160834,0.311799,0.038660,-0.403787,0.243664,-0.420837,0.151319,0.265603,0.038408,0
1.882000,0,0.138000,0.690000,1,0,1,-0.027521,-0.008391,0.160023,0.312279,0.037797,-0.406138,0.236291,-0.441459,0.151075,0.265480,0.037679,0
1.882000,0,0.140000,0.700000,1,0,1,-0.027521,-0.008391,0.159210,0.312745,0.036894,-0.407560,0.228928,-0.461645,0.150688,0.265405,0.036827,0
1.886000,0,0.142000,0.710000,1,0,1,-0.027521,-0.008391,0.158394,0.313195,0.035951,-0.408143,0.221639,-0.481376,0.149925,0.265411,0.034988,0
1.888000,0,0.144000,0.720000,1,0,1,-0.027521,-0.008391,0.157577,0.313632,0.034969,-0.408678,0.214807,-0.500632,0.149432,0.265558,0.033921,0
1.890000,0,0.146000,0.730000,1,0,1,-0.030837,-0.010853,0.156747,0.314044,0.033949,-0.420360,0.197758,-0.519393,0.149188,0.265614,0.032973,0
1.892000,0,0.148000,0.740000,1,0,1,-0.030837,-0.010853,0.155897,0.314423,0.032892,-0.429979,0.181408,-0.537642,0.149188,0.265614,0.032973,0
1.892000,0,0.150000,0.750000,1,0,1,-0.030837,-0.010853,0.155029,0.314770,0.031799,-0.437650,0.165868,-0.555360,0.148827,0.265782,0.031901,0
1.896000,0,0.152000,0.760000,1,0,1,-0.030837,-0.010853,0.154146,0.315088,0.030671,-0.444552,0.151902,-0.572531,0.148330,0.266056,0.030699,0
1.898000,0,0.154000,0.770000,1,0,1,-0.030837,-0.010853,0.153252,0.315379,0.029509,-0.449381,0.138746,-0.589136,0.147920,0.266244,0.029532,0
1.898000,0,0.156000,0.780000,1,0,1,-0.030837,-0.010853,0.152351,0.315643,0.028314,-0.451018,0.125377,-0.605160,0.147547,0.266311,0.028396,0
1.900000,0,0.158000,0.790000,1,0,1,-0.030837,-0.010853,0.151449,0.315881,0.027089,-0.450745,0.112857,-0.620586,0.147085,0.266498,0.027135,0
1.904000,0,0.160000,0.800000,1,0,1,-0.030837,-0.010853,0.150549,0.316095,0.025833,-0.448660,0.101397,-0.635400,0.146167,0.266935,0.024502,0
1.906000,0,0.162000,0.810000,1,0,1,-0.030837,-0.010853,0.149656,0.316287,0.024547,-0.444422,0.090551,-0.649588,0.146167,0.266935,0.024502,0
1.908000,0,0.164000,0.820000,1,0,1,-0.030837,-0.010853,0.148773,0.316458,0.023235,-0.438166,0.080571,-0.663134,0.145720,0.267180,0.023124,0
1.910000,0,0.166000,0.830000,1,0,1,-0.030837,-0.010853,0.147904,0.316610,0.021895,-0.429886,0.071496,-0.676025,0.145282,0.267450,0.021715,0
1.910000,0,0.168000,0.840000,1,0,1,-0.030837,-0.010853,0.147053,0.316747,0.020531,-0.421487,0.065793,-0.688250,0.144815,0.267899,0.020185,0
1.914000,0,0.170000,0.850000,1,0,1,-0.033435,-0.013502,0.146187,0.316840,0.019143,-0.443308,0.028327,-0.699795,0.144016,0.268551,0.017224,0
1.916000,0,0.172000,0.860000,1,0,1,-0.033435,-0.013502,0.145287,0.316861,0.017732,-0.455631,-0.007001,-0.710650,0.143693,0.268750,0.015800,0
1.916000,0,0.174000,0.870000,1,0,1,-0.033435,-0.013502,0.144369,0.316816,0.016301,-0.461187,-0.037205,-0.720803,0.143693,0.268750,0.015800,0
1.918000,0,0.176000,0.880000,1,0,1,-0.033435,-0.013502,0.143446,0.316716,0.014850,-0.460123,-0.061428,-0.730245,0.143348,0.269122,0.014252,0
1.922000,0,0.178000,0.890000,1,0,1,-0.033435,-0.013502,0.142532,0.316574,0.013380,-0.453278,-0.079731,-0.738966,0.142911,0.269429,0.012670,0
1.924000,0,0.180000,0.900000,1,0,1,-0.033435,-0.013502,0.141637,0.316402,0.011894,-0.440606,-0.092085,-0.746958,0.142425,0.269666,0.011054,0
1.926000,0,0.182000,0.910000,1,0,1,-0.033435,-0.013502,0.140786,0.316215,0.010393,-0.409618,-0.094034,-0.754213,0.141889,0.269834,0.009407,0
1.928000,0,0.184000,0.920000,1,0,1,-0.033435,-0.013502,0.140009,0.316032,0.008878,-0.367486,-0.089055,-0.760723,0.141387,0.269987,0.007740,0
1.928000,0,0.186000,0.930000,1,0,1,-0.033435,-0.013502,0.139322,0.315863,0.007350,-0.319916,-0.079836,-0.766483,0.140936,0.270151,0.006058,0
1.930000,0,0.188000,0.940000,1,0,1,-0.033435,-0.013502,0.138732,0.315715,0.005812,-0.270868,-0.068257,-0.771487,0.140580,0.270363,0.004368,0
1.934000,1,0.000000,0.000000,1,1,0,-0.033435,-0.013502,0.170227,0.328784,-0.003557,-0.018854,-0.021182,0.785398,0.170246,0.328805,-0.003459,1
1.936000,1,0.002000,0.010000,1,1,0,-0.033435,-0.013502,0.170171,0.328720,-0.001986,-0.037327,-0.041935,0.785011,0.170246,0.328805,-0.003459,0
1.938000,1,0.004000,0.020000,1,1,0,-0.033435,-0.013502,0.170078,0.328616,-0.000417,-0.055461,-0.062110,0.783848,0.170223,0.329058,-0.003453,0
1.938000,1,0.006000,0.030000,1,1,0,-0.005863,0.041151,0.169958,0.328490,0.001149,-0.064554,-0.064556,0.781913,0.170189,0.329205,-0.002903,0
1.940000,1,0.008000,0.040000,1,1,0,-0.005863,0.041151,0.169820,0.328358,0.002710,-0.073467,-0.066879,0.779205,0.170472,0.329351,-0.001740,0
1.944000,1,0.010000,0.050000,0,1,1,-0.005863,0.041151,0.169664,0.328222,0.004265,-0.082206,-0.069052,0.775729,0.171100,0.329336,0.001432,0
1.946000,1,0.012000,0.060000,0,1,1,-0.005863,0.041151,0.169491,0.328082,0.005812,-0.090748,-0.071136,0.771487,0.171364,0.329120,0.003213,0
1.948000,1,0.014000,0.070000,0,1,1,-0.005863,0.041151,0.169301,0.327938,0.007350,-0.099089,-0.073159,0.766483,0.171364,0.329120,0.003213,0
1.950000,1,0.016000,0.080000,0,1,1,-0.005863,0.041151,0.169095,0.327790,0.008878,-0.107534,-0.075103,0.760723,0.170755,0.328689,0.004931,0
1.952000,1,0.018000,0.090000,0,1,1,-0.005863,0.041151,0.168872,0.327637,0.010393,-0.115457,-0.076970,0.754213,0.171589,0.328200,0.006435,0
1.952000,1,0.020000,0.100000,0,1,1,-0.005863,0.041151,0.168633,0.327482,0.011894,-0.123172,-0.078768,0.746958,0.171558,0.327553,0.007848,0
1.956000,1,0.022000,0.110000,0,1,1,-0.005863,0.041151,0.168379,0.327322,0.013380,-0.130666,-0.080500,0.738966,0.171305,0.326092,0.010541,0
1.958000,1,0.024000,0.120000,0,1,1,-0.005863,0.041151,0.168110,0.327160,0.014850,-0.137958,-0.082172,0.730245,0.171305,0.326092,0.010541,0
1.960000,1,0.026000,0.130000,0,1,1,-0.005863,0.041151,0.167827,0.326994,0.016301,-0.145198,-0.083778,0.720803,0.170770,0.325302,0.011846,0
1.960000,1,0.028000,0.140000,0,1,1,-0.005863,0.041151,0.167530,0.326825,0.017732,-0.152192,-0.085323,0.710650,0.170572,0.324538,0.013197,0
1.962000,1,0.030000,0.150000,0,1,1,-0.005863,0.041151,0.167219,0.326653,0.019143,-0.158941,-0.086806,0.699795,0.170320,0.323788,0.014560,0
1.966000,1,0.032000,0.160000,0,1,1,-0.008521,0.036890,0.166893,0.326476,0.020531,-0.166440,-0.090053,0.688250,0.169740,0.322277,0.017318,0
1.968000,1,0.034000,0.170000,0,1,1,-0.008521,0.036890,0.166553,0.326292,0.021895,-0.173713,-0.093196,0.676025,0.169740,0.322277,0.017318,0
1.970000,1,0.036000,0.180000,0,1,1,-0.008521,0.036890,0.166199,0.326103,0.023235,-0.180739,-0.096244,0.663134,0.169248,0.321550,0.018678,0
1.972000,1,0.038000,0.190000,0,1,1,-0.008521,0.036890,0.165830,0.325907,0.024547,-0.187516,-0.099195,0.649588,0.168691,0.320831,0.020018,0
1.972000,1,0.040000,0.200000,0,1,1,-0.008521,0.036890,0.165449,0.325706,0.025833,-0.194039,-0.101983,0.635400,0.168138,0.320231,0.021295,0
1.974000,1,0.042000,0.210000,0,1,1,-0.008521,0.036890,0.165054,0.325500,0.027089,-0.200284,-0.104664,0.620586,0.167505,0.319553,0.022571,0
1.978000,1,0.044000,0.220000,0,1,1,-0.008521,0.036890,0.164648,0.325288,0.028314,-0.206297,-0.107345,0.605160,0.165796,0.318044,0.025045,0
1.980000,1,0.046000,0.230000,0,1,1,-0.008521,0.036890,0.164229,0.325070,0.029509,-0.212064,-0.109930,0.589136,0.164920,0.317377,0.026225,0
1.982000,1,0.048000,0.240000,0,1,1,-0.008521,0.036890,0.163800,0.324848,0.030671,-0.217609,-0.112411,0.572531,0.164920,0.317377,0.026225,0
1.984000,1,0.050000,0.250000,0,1,1,-0.008521,0.036890,0.163359,0.324621,0.031799,-0.222909,-0.114795,0.555360,0.163990,0.316720,0.027369,0
1.986000,1,0.052000,0.260000,0,1,1,-0.008521,0.036890,0.162908,0.324389,0.032892,-0.227966,-0.117082,0.537642,0.163009,0.316071,0.028468,0
1.986000,1,0.054000,0.270000,0,1,1,-0.008521,0.036890,0.162447,0.324152,0.033949,-0.232782,-0.119272,0.519393,0.161981,0.315430,0.029524,0
1.988000,1,0.056000,0.280000,0,1,1,-0.012297,0.034181,0.161975,0.323910,0.034969,-0.239513,-0.122911,0.500632,0.160912,0.314796,0.030536,0
1.992000,1,0.058000,0.290000,0,1,1,-0.012297,0.034181,0.161490,0.323661,0.035951,-0.245932,-0.126416,0.481376,0.158668,0.313546,0.032434,0
1.994000,1,0.060000,0.300000,0,1,1,-0.012297,0.034181,0.160992,0.323405,0.036894,-0.252071,-0.129772,0.461645,0.158668,0.313546,0.032434,0
1.996000,1,0.062000,0.310000,0,1,1,-0.012297,0.034181,0.160481,0.323142,0.037797,-0.257917,-0.132987,0.441459,0.157501,0.312927,0.033324,0
1.998000,1,0.064000,0.320000,0,1,1,-0.012297,0.034181,0.159960,0.322873,0.038660,-0.263475,-0.136059,0.420837,0.156310,0.312307,0.034176,0
2.000000,1,0.066000,0.330000,0,1,1,-0.012297,0.034181,0.159428,0.322598,0.039480,-0.268746,-0.138989,0.399800,0.155100,0.311686,0.034985,0
2.000000,1,0.068000,0.340000,0,1,1,-0.012297,0.034181,0.158885,0.322317,0.040259,-0.273735,-0.141778,0.378368,0.153874,0.311061,0.035748,0
2.004000,1,0.070000,0.350000,0,1,1,-0.012297,0.034181,0.158333,0.322031,0.040994,-0.278445,-0.144425,0.356563,0.152639,0.310433,0.036462,0
2.006000,1,0.072000,0.360000,0,1,1,-0.012297,0.034181,0.157772,0.321739,0.041685,-0.282888,-0.146941,0.334406,0.150158,0.309166,0.037747,0
2.008000,1,0.074000,0.370000,0,1,1,-0.012297,0.034181,0.157202,0.321443,0.042331,-0.287053,-0.149306,0.311919,0.150158,0.309166,0.037747,0
2.010000,1,0.076000,0.380000,0,1,1,-0.012297,0.034181,0.156624,0.321142,0.042932,-0.290951,-0.151531,0.289124,0.148922,0.308528,0.038317,0
2.012000,1,0.078000,0.390000,0,1,1,-0.012297,0.034181,0.156038,0.320837,0.043487,-0.294587,-0.153619,0.266044,0.147699,0.307886,0.038835,0
2.012000,1,0.080000,0.400000,0,1,1,-0.012297,0.034181,0.155445,0.320528,0.043996,-0.297967,-0.155569,0.242701,0.146495,0.307240,0.039302,0
2.016000,1,0.082000,0.410000,0,1,1,-0.016468,0.031465,0.154843,0.320213,0.044458,-0.304660,-0.159704,0.219119,0.144159,0.305947,0.040095,0
2.018000,1,0.084000,0.420000,0,1,1,-0.016468,0.031465,0.154227,0.319889,0.044872,-0.310987,-0.163627,0.195321,0.143029,0.305301,0.040416,0
2.020000,1,0.086000,0.430000,0,1,1,-0.016468,0.031465,0.153599,0.319558,0.045239,-0.316907,-0.167315,0.171329,0.143029,0.305301,0.040416,0
2.020000,1,0.088000,0.440000,0,1,1,-0.016468,0.031465,0.152960,0.319220,0.045558,-0.322468,-0.170795,0.147169,0.141932,0.304654,0.040700,0
2.022000,1,0.090000,0.450000,0,1,1,-0.016468,0.031465,0.152310,0.318876,0.045828,-0.327363,-0.173281,0.122863,0.141225,0.304735,0.040835,0
2.026000,1,0.092000,0.460000,0,1,1,-0.016468,0.031465,0.151650,0.318526,0.046049,-0.332307,-0.176445,0.098436,0.138869,0.302714,0.041309,0
2.028000,1,0.094000,0.470000,0,1,1,-0.016468,0.031465,0.150981,0.318170,0.046221,-0.336836,-0.179370,0.073912,0.138869,0.302714,0.041309,0
2.030000,1,0.096000,0.480000,0,1,1,-0.016468,0.031465,0.150303,0.317809,0.046345,-0.341025,-0.182097,0.049316,0.137929,0.302074,0.041418,0
2.032000,1,0.098000,0.490000,0,1,1,-0.016468,0.031465,0.149617,0.317442,0.046419,-0.344878,-0.184631,0.024670,0.137038,0.301442,0.041478,0
2.034000,1,0.100000,0.500000,0,1,1,-0.016468,0.031465,0.148924,0.317071,0.046443,-0.348330,-0.186095,-0.000000,0.136313,0.301502,0.041316,0
2.034000,1,0.102000,0.510000,0,1,1,-0.016468,0.031465,0.148224,0.316697,0.046419,-0.351528,-0.188329,-0.024670,0.135409,0.300216,0.041450,0
2.038000,1,0.104000,0.520000,0,1,1,-0.016468,0.031465,0.147518,0.316318,0.046345,-0.354508,-0.190458,-0.049316,0.133993,0.299062,0.041232,0
2.040000,1,0.106000,0.530000,0,1,1,-0.020380,0.029257,0.146801,0.315932,0.046221,-0.362365,-0.195349,-0.073912,0.133360,0.298515,0.041041,0
2.042000,1,0.108000,0.540000,0,1,1,-0.020380,0.029257,0.146069,0.315537,0.046049,-0.369551,-0.199850,-0.098436,0.133360,0.298515,0.041041,0
2.044000,1,0.110000,0.550000,0,1,1,-0.020380,0.029257,0.145323,0.315133,0.045828,-0.376194,-0.204061,-0.122863,0.132781,0.297996,0.040807,0
2.046000,1,0.112000,0.560000,0,1,1,-0.020380,0.029257,0.144564,0.314721,0.045558,-0.382292,-0.207986,-0.147169,0.132251,0.297506,0.040543,0
2.046000,1,0.114000,0.570000,0,1,1,-0.020380,0.029257,0.143793,0.314302,0.045239,-0.388355,-0.210883,-0.171329,0.131534,0.297481,0.039979,0
2.050000,1,0.116000,0.580000,0,1,1,-0.020380,0.029257,0.143011,0.313876,0.044872,-0.393457,-0.214465,-0.195321,0.130924,0.296221,0.039537,0
2.052000,1,0.118000,0.590000,0,1,1,-0.020380,0.029257,0.142220,0.313444,0.044458,-0.398001,-0.217780,-0.219119,0.130552,0.295856,0.039097,0
2.054000,1,0.120000,0.600000,0,1,1,-0.020380,0.029257,0.141420,0.313006,0.043996,-0.401838,-0.220667,-0.242701,0.130552,0.295856,0.039097,0
2.056000,1,0.122000,0.610000,0,1,1,-0.020380,0.029257,0.140613,0.312561,0.043487,-0.405120,-0.223301,-0.266044,0.130215,0.295529,0.038608,0
2.058000,1,0.124000,0.620000,0,1,1,-0.020380,0.029257,0.139799,0.312113,0.042932,-0.408870,-0.225392,-0.289124,0.129503,0.295389,0.037738,0
2.058000,1,0.126000,0.630000,0,1,1,-0.020380,0.029257,0.138979,0.311660,0.042331,-0.410906,-0.227570,-0.311919,0.129641,0.295012,0.037499,0
2.062000,1,0.128000,0.640000,0,1,1,-0.020380,0.029257,0.138154,0.311202,0.041685,-0.413748,-0.229911,-0.334406,0.128722,0.294638,0.035850,0
2.064000,1,0.130000,0.650000,0,1,1,-0.020380,0.029257,0.137325,0.310740,0.040994,-0.414595,-0.231820,-0.356563,0.128975,0.294626,0.035531,0
2.066000,1,0.132000,0.660000,0,1,1,-0.022123,0.030924,0.136490,0.310279,0.040259,-0.420626,-0.229867,-0.378368,0.128329,0.294410,0.034406,0
2.068000,1,0.134000,0.670000,0,1,1,-0.022123,0.030924,0.135644,0.309821,0.039480,-0.425553,-0.227620,-0.399800,0.128329,0.294410,0.034406,0
2.070000,1,0.136000,0.680000,0,1,1,-0.022123,0.030924,0.134790,0.309369,0.038660,-0.427910,-0.224726,-0.420837,0.128616,0.294650,0.034033,0
2.070000,1,0.138000,0.690000,0,1,1,-0.022123,0.030924,0.133933,0.308922,0.037797,-0.429370,-0.221876,-0.441459,0.128439,0.294760,0.033234,0
2.074000,1,0.140000,0.700000,0,1,1,-0.022123,0.030924,0.133073,0.308481,0.036894,-0.429985,-0.219401,-0.461645,0.128056,0.295192,0.031543,0
2.076000,1,0.142000,0.710000,0,1,1,-0.022123,0.030924,0.132213,0.308045,0.035951,-0.429570,-0.216587,-0.481376,0.128056,0.295192,0.031543,0
2.078000,1,0.144000,0.720000,0,1,1,-0.022123,0.030924,0.131355,0.307614,0.034969,-0.428189,-0.213812,-0.500632,0.127847,0.295514,0.030648,0
2.080000,1,0.146000,0.730000,0,1,1,-0.022123,0.030924,0.130500,0.307187,0.033949,-0.427451,-0.213628,-0.519393,0.127290,0.295308,0.029281,0
2.082000,1,0.148000,0.740000,0,1,1,-0.022123,0.030924,0.129648,0.306762,0.032892,-0.423791,-0.210511,-0.537642,0.127360,0.296337,0.028743,0
2.082000,1,0.150000,0.750000,0,1,1,-0.022123,0.030924,0.128804,0.306341,0.031799,-0.420452,-0.210947,-0.555360,0.126857,0.296133,0.027291,0
2.086000,1,0.152000,0.760000,0,1,1,-0.022123,0.030924,0.127968,0.305918,0.030671,-0.415131,-0.212055,-0.572531,0.126310,0.297174,0.025173,0
2.088000,1,0.154000,0.770000,0,1,1,-0.022123,0.030924,0.127144,0.305493,0.029509,-0.408750,-0.212301,-0.589136,0.126310,0.297174,0.025173,0
2.090000,1,0.156000,0.780000,0,1,1,-0.023317,0.035101,0.126328,0.305099,0.028314,-0.407252,-0.182317,-0.605160,0.125998,0.298610,0.024488,0
2.092000,1,0.158000,0.790000,0,1,1,-0.023317,0.035101,0.125516,0.304762,0.027089,-0.403903,-0.154766,-0.620586,0.125555,0.299280,0.023333,0
2.094000,1,0.160000,0.800000,0,1,1,-0.023317,0.035101,0.124714,0.304471,0.025833,-0.398004,-0.136608,-0.635400,0.125224,0.299073,0.021722,0
2.094000,1,0.162000,0.810000,0,1,1,-0.023317,0.035101,0.123925,0.304222,0.024547,-0.390950,-0.112327,-0.649588,0.124528,0.300795,0.020963,0
2.098000,1,0.164000,0.820000,0,1,1,-0.023317,0.035101,0.123152,0.304019,0.023235,-0.381386,-0.090935,-0.663134,0.123264,0.302693,0.018521,0
2.100000,1,0.166000,0.830000,0,1,1,-0.023317,0.035101,0.122400,0.303857,0.021895,-0.370393,-0.071324,-0.676025,0.123264,0.302693,0.018521,0
2.102000,1,0.168000,0.840000,0,1,1,-0.023317,0.035101,0.121672,0.303732,0.020531,-0.357298,-0.054024,-0.688250,0.122545,0.303745,0.017274,0
2.104000,1,0.170000,0.850000,0,1,1,-0.023317,0.035101,0.120980,0.303628,0.019143,-0.335077,-0.050293,-0.699795,0.122388,0.303999,0.015608,0
2.106000,1,0.172000,0.860000,0,1,1,-0.023317,0.035101,0.120325,0.303544,0.017732,-0.319677,-0.034106,-0.710650,0.120937,0.305978,0.014712,0
2.106000,1,0.174000,0.870000,0,1,1,-0.023317,0.035101,0.119703,0.303490,0.016301,-0.301865,-0.020299,-0.720803,0.120052,0.307126,0.013394,0
2.110000,1,0.176000,0.880000,0,1,1,-0.023317,0.035101,0.119121,0.303461,0.014850,-0.280352,-0.008966,-0.730245,0.118160,0.309357,0.010668,0
2.112000,1,0.178000,0.890000,0,1,1,-0.023317,0.035101,0.118582,0.303453,0.013380,-0.258177,0.000614,-0.738966,0.118160,0.309357,0.010668,0
2.114000,1,0.180000,0.900000,0,1,1,-0.023317,0.035101,0.118091,0.303462,0.011894,-0.233547,0.008289,-0.746958,0.117147,0.310460,0.009252,0
2.116000,1,0.182000,0.910000,0,1,1,-0.024539,0.040794,0.117620,0.303643,0.010393,-0.235979,0.166617,-0.754213,0.116103,0.311543,0.007818,0
2.118000,1,0.184000,0.920000,0,1,1,-0.024539,0.040794,0.117161,0.304075,0.008878,-0.223126,0.261696,-0.760723,0.115037,0.312596,0.006373,0
2.120000,1,0.186000,0.930000,0,1,1,-0.024539,0.040794,0.116736,0.304650,0.007350,-0.201027,0.310308,-0.766483,0.113954,0.313605,0.004917,0
2.120000,1,0.188000,0.940000,0,1,1,-0.024539,0.040794,0.116361,0.305288,0.005812,-0.174131,0.325943,-0.771487,0.112857,0.314573,0.003452,0
2.124000,1,0.190000,0.950000,0,1,1,-0.024539,0.040794,0.116042,0.305934,0.004265,-0.145658,0.319176,-0.775729,0.111709,0.315743,0.001989,0
2.124000,0,0.000000,0.000000,1,1,0,-0.024539,0.040794,0.139599,0.268763,-0.003557,-0.015928,0.026460,0.785398,0.139615,0.268736,-0.002099,1
2.128000,0,0.002000,0.010000,1,1,0,-0.024539,0.040794,0.139551,0.268842,-0.001986,-0.032056,0.053009,0.785011,0.139692,0.268797,-0.001943,0
2.130000,0,0.004000,0.020000,1,1,0,-0.024539,0.040794,0.139471,0.268974,-0.000417,-0.047851,0.079010,0.783848,0.139692,0.268797,-0.001943,0
2.132000,0,0.006000,0.030000,1,1,0,-0.024539,0.040794,0.139360,0.269158,0.001149,-0.063115,0.104763,0.781913,0.140603,0.269131,-0.001632,0
2.132000,0,0.008000,0.040000,1,1,0,-0.024539,0.040794,0.139218,0.269393,0.002710,-0.078626,0.130095,0.779205,0.138889,0.269315,-0.000929,0
2.136000,0,0.010000,0.050000,1,0,1,-0.024539,0.040794,0.139046,0.269678,0.004265,-0.094056,0.155163,0.775729,0.137193,0.270160,0.000995,0
2.138000,0,0.012000,0.060000,1,0,1,-0.024539,0.040794,0.138842,0.270013,0.005812,-0.109140,0.179669,0.771487,0.137193,0.270160,0.000995,0
2.140000,0,0.014000,0.070000,1,0,1,0.005585,-0.008661,0.138619,0.270380,0.007350,-0.113644,0.186753,0.766483,0.136126,0.270664,0.002210,0
2.142000,0,0.016000,0.080000,1,0,1,0.005585,-0.008661,0.138388,0.270760,0.008878,-0.118109,0.193729,0.760723,0.134981,0.271219,0.003554,0
2.142000,0,0.018000,0.090000,1,0,1,0.005585,-0.008661,0.138147,0.271155,0.010393,-0.122520,0.200580,0.754213,0.133851,0.271828,0.004966,0
2.144000,0,0.020000,0.100000,1,0,1,0.005585,-0.008661,0.137898,0.271563,0.011894,-0.126863,0.207289,0.746958,0.132781,0.272469,0.006418,0
2.148000,0,0.022000,0.110000,1,0,1,0.005585,-0.008661,0.137640,0.271984,0.013380,-0.131164,0.213878,0.738966,0.130826,0.273823,0.009395,0
2.150000,0,0.024000,0.120000,1,0,1,0.005585,-0.008661,0.137373,0.272418,0.014850,-0.135336,0.220264,0.730245,0.130826,0.273823,0.009395,0
2.152000,0,0.026000,0.130000,1,0,1,0.005585,-0.008661,0.137098,0.272865,0.016301,-0.139409,0.226476,0.720803,0.129927,0.274533,0.010918,0
2.152000,0,0.028000,0.140000,1,0,1,0.005585,-0.008661,0.136816,0.273324,0.017732,-0.143377,0.232508,0.710650,0.129064,0.275247,0.012453,0
2.156000,0,0.030000,0.150000,1,0,1,0.005585,-0.008661,0.136525,0.273795,0.019143,-0.147248,0.238370,0.699795,0.127417,0.276673,0.015534,0
2.158000,0,0.032000,0.160000,1,0,1,0.005585,-0.008661,0.136227,0.274277,0.020531,-0.150987,0.244028,0.688250,0.127417,0.276673,0.015534,0
2.160000,0,0.034000,0.170000,1,0,1,0.005585,-0.008661,0.135921,0.274771,0.021895,-0.154606,0.249494,0.676025,0.126620,0.277370,0.017072,0
2.160000,0,0.036000,0.180000,1,0,1,0.005585,-0.008661,0.135608,0.275275,0.023235,-0.158100,0.254768,0.663134,0.125833,0.278042,0.018602,0
2.162000,0,0.038000,0.190000,1,0,1,0.005585,-0.008661,0.135289,0.275790,0.024547,-0.161468,0.259849,0.649588,0.125054,0.278683,0.020121,0
2.166000,0,0.040000,0.200000,1,0,1,0.000275,-0.006528,0.134960,0.276315,0.025833,-0.167167,0.265739,0.635400,0.123522,0.279832,0.023108,0
2.168000,0,0.042000,0.210000,1,0,1,0.000275,-0.006528,0.134620,0.276852,0.027089,-0.172673,0.271411,0.620586,0.122770,0.280323,0.024569,0
2.170000,0,0.044000,0.220000,1,0,1,0.000275,-0.006528,0.134269,0.277401,0.028314,-0.177984,0.276852,0.605160,0.122770,0.280323,0.024569,0
2.172000,0,0.046000,0.230000,1,0,1,0.000275,-0.006528,0.133909,0.277959,0.029509,-0.182762,0.281820,0.589136,0.122638,0.280244,0.026146,0
2.172000,0,0.048000,0.240000,1,0,1,0.000275,-0.006528,0.133539,0.278528,0.030671,-0.187349,0.286600,0.572531,0.121911,0.280632,0.027560,0
2.174000,0,0.050000,0.250000,1,0,1,0.000275,-0.006528,0.133159,0.279106,0.031799,-0.192116,0.291425,0.555360,0.120557,0.281364,0.028787,0
2.178000,0,0.052000,0.260000,1,0,1,0.000275,-0.006528,0.132770,0.279693,0.032892,-0.196694,0.296061,0.537642,0.119147,0.281636,0.031430,0
2.180000,0,0.054000,0.270000,1,0,1,0.000275,-0.006528,0.132372,0.280290,0.033949,-0.201076,0.300462,0.519393,0.119147,0.281636,0.031430,0
2.182000,0,0.056000,0.280000,1,0,1,0.000275,-0.006528,0.131966,0.280895,0.034969,-0.205267,0.304654,0.500632,0.118472,0.281633,0.032692,0
2.182000,0,0.058000,0.290000,1,0,1,0.000275,-0.006528,0.131551,0.281508,0.035951,-0.209271,0.308639,0.481376,0.117821,0.281532,0.033912,0
2.186000,0,0.060000,0.300000,1,0,1,0.000275,-0.006528,0.131129,0.282130,0.036894,-0.213102,0.312447,0.461645,0.116606,0.281034,0.036216,0
2.188000,0,0.062000,0.310000,1,0,1,0.000275,-0.006528,0.130699,0.282758,0.037797,-0.216735,0.316017,0.441459,0.116606,0.281034,0.036216,0
2.188000,0,0.064000,0.320000,1,0,1,-0.003918,-0.004935,0.130260,0.283395,0.038660,-0.222457,0.320400,0.420837,0.116614,0.280624,0.037470,0
2.190000,0,0.066000,0.330000,1,0,1,-0.003918,-0.004935,0.129809,0.284040,0.039480,-0.227949,0.324592,0.399800,0.116069,0.280191,0.038499,0
2.194000,0,0.068000,0.340000,1,0,1,-0.003918,-0.004935,0.129348,0.284693,0.040259,-0.233215,0.328591,0.378368,0.115562,0.279664,0.039478,0
2.196000,0,0.070000,0.350000,1,0,1,-0.003918,-0.004935,0.128876,0.285354,0.040994,-0.238653,0.332261,0.356563,0.114602,0.278880,0.040236,0
2.196000,0,0.072000,0.360000,1,0,1,-0.003918,-0.004935,0.128394,0.286022,0.041685,-0.243839,0.335697,0.334406,0.114192,0.278111,0.041110,0
2.198000,0,0.074000,0.370000,1,0,1,-0.003918,-0.004935,0.127902,0.286697,0.042331,-0.248410,0.339124,0.311919,0.114242,0.277528,0.042091,0
2.202000,0,0.076000,0.380000,1,0,1,-0.003918,-0.004935,0.127400,0.287378,0.042932,-0.252774,0.342346,0.289124,0.113883,0.276654,0.042854,0
2.202000,0,0.078000,0.390000,1,0,1,-0.003918,-0.004935,0.126891,0.288066,0.043487,-0.256935,0.345354,0.266044,0.113565,0.275708,0.043562,0
2.204000,0,0.080000,0.400000,1,0,1,-0.003918,-0.004935,0.126372,0.288759,0.043996,-0.261212,0.347786,0.242701,0.112976,0.274310,0.044071,0
2.208000,0,0.082000,0.410000,1,0,1,-0.003918,-0.004935,0.125846,0.289457,0.044458,-0.264952,0.350380,0.219119,0.113060,0.273628,0.044806,0
2.210000,0,0.084000,0.420000,1,0,1,-0.003918,-0.004935,0.125313,0.290160,0.044872,-0.268495,0.352741,0.195321,0.112878,0.272523,0.045347,0
2.210000,0,0.086000,0.430000,1,0,1,-0.003918,-0.004935,0.124772,0.290868,0.045239,-0.272104,0.354386,0.171329,0.112529,0.270922,0.045720,0
2.212000,0,0.088000,0.440000,1,0,1,-0.003918,-0.004935,0.124225,0.291578,0.045558,-0.275240,0.356295,0.147169,0.112652,0.270218,0.046272,0
2.216000,0,0.090000,0.450000,1,0,1,-0.007251,-0.005017,0.123668,0.292293,0.045828,-0.281528,0.357903,0.122863,0.112597,0.267863,0.046980,0
2.218000,0,0.092000,0.460000,1,0,1,-0.007251,-0.005017,0.123099,0.293010,0.046049,-0.287397,0.359212,0.098436,0.112597,0.267863,0.046980,0
2.218000,0,0.094000,0.470000,1,0,1,-0.007251,-0.005017,0.122518,0.293729,0.046221,-0.293132,0.359659,0.073912,0.112537,0.266177,0.047167,0
2.222000,0,0.096000,0.480000,1,0,1,-0.007251,-0.005017,0.121926,0.294448,0.046345,-0.298520,0.359854,0.049316,0.112627,0.265002,0.047392,0
2.224000,0,0.098000,0.490000,1,0,1,-0.007251,-0.005017,0.121324,0.295169,0.046419,-0.303433,0.360413,0.024670,0.112782,0.264326,0.047635,0
2.226000,0,0.100000,0.500000,1,0,1,-0.007251,-0.005017,0.120713,0.295889,0.046443,-0.308139,0.360040,-0.000000,0.112887,0.262715,0.047690,0
2.228000,0,0.102000,0.510000,1,0,1,-0.007251,-0.005017,0.120092,0.296609,0.046419,-0.312499,0.359405,-0.024670,0.113059,0.261605,0.047765,0
2.228000,0,0.104000,0.520000,1,0,1,-0.007251,-0.005017,0.119463,0.297327,0.046345,-0.316514,0.358503,-0.049316,0.113228,0.260615,0.047782,0
2.232000,0,0.106000,0.530000,1,0,1,-0.007251,-0.005017,0.118826,0.298042,0.046221,-0.320283,0.357332,-0.073912,0.113604,0.258857,0.047670,0
2.234000,0,0.108000,0.540000,1,0,1,-0.007251,-0.005017,0.118182,0.298756,0.046049,-0.323700,0.355879,-0.098436,0.113809,0.258093,0.047543,0
2.236000,0,0.110000,0.550000,1,0,1,-0.007251,-0.005017,0.117532,0.299466,0.045828,-0.326655,0.354146,-0.122863,0.113809,0.258093,0.047543,0
2.238000,0,0.112000,0.560000,1,0,1,-0.007251,-0.005017,0.116876,0.300172,0.045558,-0.329261,0.352127,-0.147169,0.114022,0.257412,0.047368,0
2.238000,0,0.114000,0.570000,1,0,1,-0.008154,-0.005274,0.116213,0.300874,0.045239,-0.332947,0.349412,-0.171329,0.114239,0.256817,0.047144,0
2.240000,0,0.116000,0.580000,1,0,1,-0.008154,-0.005274,0.115544,0.301570,0.044872,-0.336210,0.346422,-0.195321,0.114453,0.256318,0.046871,0
2.244000,0,0.118000,0.590000,1,0,1,-0.008154,-0.005274,0.114869,0.302259,0.044458,-0.339162,0.343136,-0.219119,0.114858,0.255623,0.046173,0
2.246000,0,0.120000,0.600000,1,0,1,-0.008154,-0.005274,0.114188,0.302942,0.043996,-0.341675,0.339570,-0.242701,0.115044,0.255427,0.045749,0
2.248000,0,0.122000,0.610000,1,0,1,-0.008154,-0.005274,0.113502,0.303617,0.043487,-0.343624,0.335746,-0.266044,0.115044,0.255427,0.045749,0
2.250000,0,0.124000,0.620000,1,0,1,-0.008154,-0.005274,0.112813,0.304285,0.042932,-0.345137,0.331639,-0.289124,0.115216,0.255333,0.045277,0
2.250000,0,0.126000,0.630000,1,0,1,-0.008154,-0.005274,0.112122,0.304944,0.042331,-0.346207,0.327248,-0.311919,0.115368,0.255339,0.044754,0
2.252000,0,0.128000,0.640000,1,0,1,-0.008154,-0.005274,0.111429,0.305593,0.041685,-0.346830,0.322572,-0.334406,0.115500,0.255443,0.044179,0
2.256000,0,0.130000,0.650000,1,0,1,-0.008154,-0.005274,0.110735,0.306234,0.040994,-0.347125,0.317583,-0.356563,0.115695,0.255936,0.042874,0
2.258000,0,0.132000,0.660000,1,0,1,-0.008154,-0.005274,0.110041,0.306864,0.040259,-0.346949,0.312315,-0.378368,0.115760,0.256324,0.042147,0
2.260000,0,0.134000,0.670000,1,0,1,-0.008154,-0.005274,0.109347,0.307483,0.039480,-0.346166,0.306800,-0.399800,0.115760,0.256324,0.042147,0
2.262000,0,0.136000,0.680000,1,0,1,-0.008154,-0.005274,0.108656,0.308091,0.038660,-0.344913,0.301009,-0.420837,0.115800,0.256796,0.041369,0
2.262000,0,0.138000,0.690000,1,0,1,-0.008154,-0.005274,0.107968,0.308687,0.037797,-0.343187,0.294942,-0.441459,0.115817,0.257355,0.040544,0
2.264000,0,0.140000,0.700000,1,0,1,-0.007195,-0.005657,0.107287,0.309269,0.036894,-0.337892,0.287371,-0.461645,0.115812,0.257994,0.039671,0
2.268000,0,0.142000,0.710000,1,0,1,-0.007195,-0.005657,0.106616,0.309836,0.035951,-0.332473,0.279601,-0.481376,0.115732,0.259489,0.037782,0
2.270000,0,0.144000,0.720000,1,0,1,-0.007195,-0.005657,0.105957,0.310387,0.034969,-0.326609,0.271679,-0.500632,0.115732,0.259489,0.037782,0
2.272000,0,0.146000,0.730000,1,0,1,-0.007195,-0.005657,0.105310,0.310922,0.033949,-0.320463,0.263590,-0.519393,0.115660,0.260330,0.036768,0
2.274000,0,0.148000,0.740000,1,0,1,-0.007195,-0.005657,0.104676,0.311441,0.032892,-0.314031,0.255343,-0.537642,0.115573,0.261224,0.035706,0
2.276000,0,0.150000,0.750000,1,0,1,-0.007195,-0.005657,0.104054,0.311944,0.031799,-0.307307,0.246948,-0.555360,0.115471,0.262164,0.034599,0
2.276000,0,0.152000,0.760000,1,0,1,-0.007195,-0.005657,0.103446,0.312429,0.030671,-0.300288,0.238417,-0.572531,0.115352,0.263159,0.033442,0
2.280000,0,0.154000,0.770000,1,0,1,-0.007195,-0.005657,0.102853,0.312897,0.029509,-0.293169,0.229809,-0.589136,0.115079,0.265191,0.030989,0
2.282000,0,0.156000,0.780000,1,0,1,-0.007195,-0.005657,0.102274,0.313348,0.028314,-0.285512,0.221040,-0.605160,0.115079,0.265191,0.030989,0
2.284000,0,0.158000,0.790000,1,0,1,-0.007195,-0.005657,0.101711,0.313782,0.027089,-0.277552,0.212178,-0.620586,0.114930,0.266219,0.029697,0
2.286000,0,0.160000,0.800000,1,0,1,-0.007195,-0.005657,0.101164,0.314197,0.025833,-0.269290,0.203238,-0.635400,0.114775,0.267241,0.028361,0
2.288000,0,0.162000,0.810000,1,0,1,-0.007195,-0.005657,0.100634,0.314594,0.024547,-0.260726,0.194235,-0.649588,0.114616,0.268251,0.026984,0
2.288000,0,0.164000,0.820000,1,0,1,-0.004881,-0.004919,0.100143,0.314977,0.023235,-0.230035,0.188673,-0.663134,0.114510,0.268906,0.025669,0
2.292000,0,0.166000,0.830000,1,0,1,-0.004881,-0.004919,0.099710,0.315353,0.021895,-0.203754,0.186180,-0.676025,0.114133,0.271191,0.022617,0
2.294000,0,0.168000,0.840000,1,0,1,-0.004881,-0.004919,0.099327,0.315722,0.020531,-0.179068,0.182611,-0.688250,0.114133,0.271191,0.022617,0
2.296000,0,0.170000,0.850000,1,0,1,-0.004881,-0.004919,0.098992,0.316083,0.019143,-0.156449,0.178231,-0.699795,0.114023,0.272153,0.021092,0
2.298000,0,0.172000,0.860000,1,0,1,-0.004881,-0.004919,0.098702,0.316430,0.017732,-0.133471,0.169147,-0.710650,0.114013,0.272835,0.019637,0
2.300000,0,0.174000,0.870000,1,0,1,-0.004881,-0.004919,0.098453,0.316764,0.016301,-0.115758,0.164410,-0.720803,0.113942,0.274089,0.017952,0
2.302000,0,0.176000,0.880000,1,0,1,-0.004881,-0.004919,0.098237,0.317088,0.014850,-0.100850,0.159273,-0.730245,0.114013,0.275942,0.014700,0
2.304000,0,0.178000,0.890000,1,0,1,-0.004881,-0.004919,0.098048,0.317400,0.013380,-0.087861,0.153181,-0.738966,0.114092,0.276810,0.013036,0
2.306000,0,0.180000,0.900000,1,0,1,-0.004881,-0.004919,0.097884,0.317700,0.011894,-0.076820,0.146139,-0.746958,0.114188,0.277635,0.011349,0
2.308000,0,0.182000,0.910000,1,0,1,-0.004881,-0.004919,0.097742,0.317980,0.010393,-0.065420,0.133613,-0.754213,0.114188,0.277635,0.011349,0
2.310000,0,0.184000,0.920000,1,0,1,-0.004881,-0.004919,0.097621,0.318232,0.008878,-0.055615,0.118894,-0.760723,0.114302,0.278414,0.009640,0
2.310000,0,0.186000,0.930000,1,0,1,-0.004881,-0.004919,0.097518,0.318455,0.007350,-0.047410,0.103522,-0.766483,0.114431,0.279140,0.007913,0
2.314000,0,0.188000,0.940000,1,0,1,-0.004881,-0.004919,0.097429,0.318647,0.005812,-0.041990,0.089214,-0.771487,0.114739,0.280405,0.004406,0
2.316000,0,0.190000,0.950000,1,0,1,-0.002369,-0.004079,0.097419,0.318835,0.004265,0.030362,0.098339,-0.775729,0.114918,0.280945,0.002630,0
2.318000,0,0.192000,0.960000,1,0,1,-0.002369,-0.004079,0.097528,0.319033,0.002710,0.076190,0.099006,-0.779205,0.114918,0.280945,0.002630,0
2.320000,1,0.000000,0.000000,1,1,0,-0.002369,-0.004079,0.101858,0.324296,-0.003557,0.003234,-0.013948,0.785398,0.101854,0.324310,-0.003947,1
2.322000,1,0.002000,0.010000,1,1,0,-0.002369,-0.004079,0.101867,0.324255,-0.001986,0.006356,-0.027491,0.785011,0.101589,0.324373,-0.003875,0
2.322000,1,0.004000,0.020000,1,1,0,-0.002369,-0.004079,0.101883,0.324187,-0.000417,0.009428,-0.040608,0.783848,0.101452,0.324549,-0.003889,0
2.326000,1,0.006000,0.030000,1,1,0,-0.002369,-0.004079,0.101905,0.324093,0.001149,0.012616,-0.053360,0.781913,0.102429,0.324720,-0.002267,0
2.328000,1,0.008000,0.040000,1,1,0,-0.002369,-0.004079,0.101933,0.323973,0.002710,0.015291,-0.065885,0.779205,0.101773,0.324690,-0.000514,0
2.330000,1,0.010000,0.050000,1,1,0,-0.002369,-0.004079,0.101966,0.323829,0.004265,0.017908,-0.078134,0.775729,0.101773,0.324690,-0.000514,0
2.332000,1,0.012000,0.060000,0,1,1,-0.002369,-0.004079,0.102005,0.323661,0.005812,0.020952,-0.089972,0.771487,0.103921,0.325052,0.001087,0
2.332000,1,0.014000,0.070000,0,1,1,-0.002369,-0.004079,0.102049,0.323469,0.007350,0.023393,-0.101682,0.766483,0.103258,0.324431,0.002878,0
2.334000,1,0.016000,0.080000,0,1,1,-0.002369,-0.004079,0.102099,0.323255,0.008878,0.026329,-0.112930,0.760723,0.105606,0.324534,0.004321,0
2.338000,1,0.018000,0.090000,0,1,1,-0.002369,-0.004079,0.102155,0.323018,0.010393,0.029199,-0.123904,0.754213,0.107343,0.323299,0.007101,0
2.340000,1,0.020000,0.100000,0,1,1,-0.013966,0.036871,0.102212,0.322774,0.011894,0.027751,-0.119607,0.746958,0.107343,0.323299,0.007101,0
2.342000,1,0.022000,0.110000,0,1,1,-0.013966,0.036871,0.102266,0.322539,0.013380,0.026328,-0.115384,0.738966,0.108243,0.322458,0.008341,0
2.344000,1,0.024000,0.120000,0,1,1,-0.013966,0.036871,0.102317,0.322313,0.014850,0.024931,-0.111239,0.730245,0.109172,0.321524,0.009529,0
2.344000,1,0.026000,0.130000,0,1,1,-0.013966,0.036871,0.102365,0.322094,0.016301,0.023061,-0.107490,0.720803,0.108910,0.319808,0.010667,0
2.346000,1,0.028000,0.140000,0,1,1,-0.013966,0.036871,0.102410,0.321883,0.017732,0.021746,-0.103495,0.710650,0.111031,0.319756,0.011992,0
2.350000,1,0.030000,0.150000,0,1,1,-0.013966,0.036871,0.102452,0.321680,0.019143,0.020475,-0.099607,0.699795,0.112741,0.318448,0.014662,0
2.352000,1,0.032000,0.160000,0,1,1,-0.013966,0.036871,0.102492,0.321485,0.020531,0.019228,-0.095782,0.688250,0.112741,0.318448,0.014662,0
2.354000,1,0.034000,0.170000,0,1,1,-0.013966,0.036871,0.102529,0.321296,0.021895,0.017557,-0.092398,0.676025,0.112518,0.317168,0.015953,0
2.354000,1,0.036000,0.180000,0,1,1,-0.013966,0.036871,0.102562,0.321115,0.023235,0.015975,-0.089093,0.663134,0.113300,0.316755,0.017342,0
2.356000,1,0.038000,0.190000,0,1,1,-0.013966,0.036871,0.102593,0.320940,0.024547,0.014487,-0.085866,0.649588,0.114003,0.316401,0.018721,0
2.358000,1,0.040000,0.200000,0,1,1,-0.013966,0.036871,0.102620,0.320772,0.025833,0.013475,-0.082339,0.635400,0.115368,0.316882,0.020217,0
2.362000,1,0.042000,0.210000,0,1,1,-0.013966,0.036871,0.102646,0.320610,0.027089,0.012253,-0.079298,0.620586,0.115618,0.315684,0.022745,0
2.364000,1,0.044000,0.220000,0,1,1,-0.013966,0.036871,0.102669,0.320454,0.028314,0.011058,-0.076309,0.605160,0.115618,0.315684,0.022745,0
2.366000,1,0.046000,0.230000,0,1,1,-0.009161,0.039268,0.102693,0.320306,0.029509,0.012629,-0.071801,0.589136,0.116411,0.316279,0.024197,0
2.368000,1,0.048000,0.240000,0,1,1,-0.009161,0.039268,0.102720,0.320167,0.030671,0.013989,-0.067795,0.572531,0.116222,0.315444,0.025327,0
2.368000,1,0.050000,0.250000,0,1,1,-0.009161,0.039268,0.102749,0.320036,0.031799,0.015559,-0.063491,0.555360,0.116610,0.316075,0.026727,0
2.370000,1,0.052000,0.260000,0,1,1,-0.009161,0.039268,0.102782,0.319913,0.032892,0.017126,-0.059296,0.537642,0.116557,0.316019,0.027938,0
2.374000,1,0.054000,0.270000,0,1,1,-0.009161,0.039268,0.102818,0.319798,0.033949,0.018742,-0.055217,0.519393,0.116150,0.315979,0.030237,0
2.376000,1,0.056000,0.280000,0,1,1,-0.009161,0.039268,0.102857,0.319692,0.034969,0.020306,-0.051229,0.500632,0.116150,0.315979,0.030237,0
2.378000,1,0.058000,0.290000,0,1,1,-0.009161,0.039268,0.102899,0.319593,0.035951,0.021873,-0.047340,0.481376,0.115798,0.315996,0.031328,0
2.380000,1,0.060000,0.300000,0,1,1,-0.009161,0.039268,0.102945,0.319502,0.036894,0.023654,-0.043843,0.461645,0.115702,0.315585,0.032240,0
2.382000,1,0.062000,0.310000,0,1,1,-0.009161,0.039268,0.102994,0.319418,0.037797,0.025217,-0.040125,0.441459,0.114801,0.316111,0.033403,0
2.382000,1,0.064000,0.320000,0,1,1,-0.009161,0.039268,0.103046,0.319341,0.038660,0.027160,-0.036720,0.420837,0.114732,0.315869,0.034261,0
2.386000,1,0.066000,0.330000,0,1,1,-0.009161,0.039268,0.103102,0.319271,0.039480,0.028712,-0.033162,0.399800,0.113424,0.316275,0.035337,0
2.388000,1,0.068000,0.340000,0,1,1,-0.009161,0.039268,0.103161,0.319209,0.040259,0.030269,-0.029683,0.378368,0.112601,0.316358,0.036246,0
2.390000,1,0.070000,0.350000,0,1,1,-0.006303,0.041183,0.103225,0.319154,0.040994,0.033829,-0.024940,0.356563,0.111690,0.316443,0.037117,0
2.392000,1,0.072000,0.360000,0,1,1,-0.006303,0.041183,0.103297,0.319109,0.041685,0.038064,-0.020290,0.334406,0.111661,0.316546,0.037852,0
2.394000,1,0.074000,0.370000,0,1,1,-0.006303,0.041183,0.103377,0.319073,0.042331,0.042278,-0.015665,0.311919,0.110671,0.316691,0.038638,0
2.396000,1,0.076000,0.380000,0,1,1,-0.006303,0.041183,0.103465,0.319046,0.042932,0.045553,-0.011259,0.289124,0.108497,0.316559,0.039432,0
2.398000,1,0.078000,0.390000,0,1,1,-0.006303,0.041183,0.103560,0.319028,0.043487,0.048818,-0.006912,0.266044,0.106097,0.316432,0.040703,0
2.400000,1,0.080000,0.400000,0,1,1,-0.006303,0.041183,0.103660,0.319018,0.043996,0.051948,-0.002703,0.242701,0.106097,0.316432,0.040703,0
2.402000,1,0.082000,0.410000,0,1,1,-0.006303,0.041183,0.103767,0.319017,0.044458,0.055001,0.001412,0.219119,0.104835,0.316301,0.041259,0
2.404000,1,0.084000,0.420000,0,1,1,-0.006303,0.041183,0.103882,0.319025,0.044872,0.059198,0.006143,0.195321,0.104864,0.316860,0.041760,0
2.406000,1,0.086000,0.430000,0,1,1,-0.006303,0.041183,0.104004,0.319042,0.045239,0.063260,0.010888,0.171329,0.103560,0.316746,0.042243,0
2.406000,1,0.088000,0.440000,0,1,1,-0.006303,0.041183,0.104133,0.319067,0.045558,0.065854,0.014631,0.147169,0.100931,0.315576,0.042653,0
2.410000,1,0.090000,0.450000,0,1,1,-0.006303,0.041183,0.104269,0.319102,0.045828,0.069658,0.019683,0.122863,0.099595,0.316022,0.043377,0
2.412000,1,0.092000,0.460000,0,1,1,-0.006303,0.041183,0.104410,0.319144,0.046049,0.071923,0.023221,0.098436,0.097074,0.314263,0.043547,0
2.414000,1,0.094000,0.470000,0,1,1,-0.006303,0.041183,0.104556,0.319194,0.046221,0.074054,0.026612,0.073912,0.097074,0.314263,0.043547,0
2.416000,1,0.096000,0.480000,0,1,1,-0.006591,0.040757,0.104706,0.319250,0.046345,0.075724,0.029455,0.049316,0.095862,0.313696,0.043714,0
2.418000,1,0.098000,0.490000,0,1,1,-0.006591,0.040757,0.104860,0.319314,0.046419,0.078539,0.034242,0.024670,0.095795,0.314694,0.043925,0
2.418000,1,0.100000,0.500000,0,1,1,-0.006591,0.040757,0.105020,0.319387,0.046443,0.081010,0.039017,-0.000000,0.094627,0.314103,0.043994,0
2.422000,1,0.102000,0.510000,0,1,1,-0.006591,0.040757,0.105183,0.319468,0.046419,0.081884,0.041355,-0.024670,0.091777,0.310755,0.043831,0
2.424000,1,0.104000,0.520000,0,1,1,-0.006591,0.040757,0.105348,0.319556,0.046345,0.083327,0.046401,-0.049316,0.091594,0.311864,0.043883,0
2.426000,1,0.106000,0.530000,0,1,1,-0.006591,0.040757,0.105516,0.319653,0.046221,0.084636,0.051196,-0.073912,0.091594,0.311864,0.043883,0
2.428000,1,0.108000,0.540000,0,1,1,-0.006591,0.040757,0.105686,0.319757,0.046049,0.084822,0.052744,-0.098436,0.090330,0.308887,0.043568,0
2.430000,1,0.110000,0.550000,0,1,1,-0.006591,0.040757,0.105855,0.319864,0.045828,0.084749,0.054201,-0.122863,0.089799,0.307861,0.043334,0
2.430000,1,0.112000,0.560000,0,1,1,-0.006591,0.040757,0.106024,0.319974,0.045558,0.084390,0.055551,-0.147169,0.089414,0.306790,0.043025,0
2.434000,1,0.114000,0.570000,0,1,1,-0.006591,0.040757,0.106192,0.320086,0.045239,0.083448,0.056745,-0.171329,0.089130,0.304531,0.042196,0
2.436000,1,0.116000,0.580000,0,1,1,-0.006591,0.040757,0.106358,0.320201,0.044872,0.082458,0.057821,-0.195321,0.089130,0.304531,0.042196,0
2.438000,1,0.118000,0.590000,0,1,1,-0.006591,0.040757,0.106522,0.320317,0.044458,0.081096,0.058721,-0.219119,0.089251,0.303360,0.041681,0
2.440000,1,0.120000,0.600000,0,1,1,-0.007482,0.034185,0.106680,0.320423,0.043996,0.077703,0.047401,-0.242701,0.089560,0.302173,0.041101,0
2.442000,1,0.122000,0.610000,0,1,1,-0.007482,0.034185,0.106830,0.320512,0.043487,0.071719,0.040917,-0.266044,0.089034,0.303134,0.040606,0
2.442000,1,0.124000,0.620000,0,1,1,-0.007482,0.034185,0.106969,0.320582,0.042932,0.067835,0.029845,-0.289124,0.090767,0.299795,0.039740,0
2.446000,1,0.126000,0.630000,0,1,1,-0.007482,0.034185,0.107100,0.320631,0.042331,0.062986,0.018821,-0.311919,0.092795,0.297423,0.038142,0
2.448000,1,0.128000,0.640000,0,1,1,-0.007482,0.034185,0.107221,0.320658,0.041685,0.058305,0.008364,-0.334406,0.092795,0.297423,0.038142,0
2.450000,1,0.130000,0.650000,0,1,1,-0.007482,0.034185,0.107333,0.320664,0.040994,0.053154,-0.001868,-0.356563,0.094117,0.296259,0.037259,0
2.452000,1,0.132000,0.660000,0,1,1,-0.007482,0.034185,0.107427,0.320655,0.040259,0.041072,-0.007847,-0.378368,0.093320,0.296640,0.036373,0
2.452000,1,0.134000,0.670000,0,1,1,-0.007482,0.034185,0.107496,0.320632,0.039480,0.028271,-0.014636,-0.399800,0.094844,0.295308,0.035330,0
2.456000,1,0.136000,0.680000,0,1,1,-0.007482,0.034185,0.107538,0.320594,0.038660,0.013407,-0.023759,-0.420837,0.098560,0.292712,0.033020,0
2.458000,1,0.138000,0.690000,0,1,1,-0.007482,0.034185,0.107549,0.320536,0.037797,-0.001919,-0.033937,-0.441459,0.100743,0.291471,0.031747,0
2.460000,1,0.140000,0.700000,0,1,1,-0.007482,0.034185,0.107531,0.320458,0.036894,-0.016252,-0.043386,-0.461645,0.100743,0.291471,0.031747,0
2.462000,1,0.142000,0.710000,0,1,1,-0.007482,0.034185,0.107496,0.320360,0.035951,-0.018779,-0.055018,-0.481376,0.106421,0.290076,0.030495,0
2.464000,1,0.144000,0.720000,0,1,1,-0.007482,0.034185,0.107455,0.320238,0.034969,-0.022013,-0.066845,-0.500632,0.109109,0.289334,0.029132,0
2.464000,1,0.146000,0.730000,0,1,1,-0.008462,0.034268,0.107403,0.320092,0.033949,-0.029788,-0.078618,-0.519393,0.111926,0.288750,0.027720,0
2.468000,1,0.148000,0.740000,0,1,1,-0.008462,0.034268,0.107335,0.319923,0.032892,-0.037839,-0.090774,-0.537642,0.114831,0.288382,0.026273,0
2.468000,1,0.150000,0.750000,0,1,1,-0.008462,0.034268,0.107251,0.319728,0.031799,-0.046071,-0.103396,-0.555360,0.117799,0.288251,0.024796,0
2.470000,1,0.152000,0.760000,0,1,1,-0.008462,0.034268,0.107150,0.319508,0.030671,-0.054395,-0.116558,-0.572531,0.120831,0.288351,0.023288,0
2.474000,1,0.154000,0.770000,0,1,1,-0.008462,0.034268,0.107033,0.319261,0.029509,-0.062722,-0.130333,-0.589136,0.123913,0.288675,0.021735,0
2.476000,1,0.156000,0.780000,0,1,1,-0.008462,0.034268,0.106899,0.318985,0.028314,-0.070888,-0.144800,-0.605160,0.126995,0.289220,0.020136,0
2.478000,1,0.158000,0.790000,0,1,1,-0.008462,0.034268,0.106750,0.318680,0.027089,-0.078736,-0.160036,-0.620586,0.130076,0.289986,0.018494,0
2.478000,1,0.160000,0.800000,0,1,1,-0.008462,0.034268,0.106555,0.318324,0.025833,-0.115201,-0.195009,-0.635400,0.129261,0.288390,0.016291,0
2.482000,1,0.162000,0.810000,0,1,1,-0.008462,0.034268,0.106292,0.317890,0.024547,-0.147214,-0.238280,-0.649588,0.135353,0.290490,0.013003,0
2.484000,1,0.164000,0.820000,0,1,1,-0.008462,0.034268,0.106004,0.317401,0.023235,-0.140242,-0.249866,-0.663134,0.142052,0.295673,0.012167,0
2.486000,1,0.166000,0.830000,0,1,1,-0.008462,0.034268,0.105731,0.316892,0.021895,-0.133127,-0.258531,-0.676025,0.142052,0.295673,0.012167,0
2.488000,1,0.168000,0.840000,0,1,1,-0.008462,0.034268,0.105472,0.316364,0.020531,-0.125464,-0.269276,-0.688250,0.144840,0.297747,0.010747,0
2.488000,1,0.170000,0.850000,0,1,1,0.002793,0.049529,0.105327,0.315949,0.019143,-0.022089,-0.148514,-0.699795,0.144015,0.295537,0.008486,0
2.490000,1,0.172000,0.860000,0,1,1,0.002793,0.049529,0.105380,0.315749,0.017732,0.072957,-0.053353,-0.710650,0.146779,0.297728,0.007015,0
2.494000,1,0.174000,0.870000,0,1,1,0.002793,0.049529,0.105628,0.315706,0.016301,0.171792,0.009113,-0.720803,0.152171,0.303299,0.003985,0
2.496000,1,0.176000,0.880000,0,1,1,0.002793,0.049529,0.106113,0.315874,0.014850,0.308467,0.153656,-0.730245,0.156899,0.312139,0.003441,0
2.498000,1,0.178000,0.890000,0,1,1,0.002793,0.049529,0.106850,0.316295,0.013380,0.423649,0.263469,-0.738966,0.159006,0.316063,0.001856,0
2.500000,1,0.180000,0.900000,0,1,1,0.002793,0.049529,0.107788,0.316911,0.011894,0.510186,0.348526,-0.746958,0.159006,0.316063,0.001856,0
2.500000,0,0.000000,0.000000,1,1,0,0.002793,0.049529,0.113405,0.273221,-0.003557,0.014974,0.028733,0.785398,0.113390,0.273192,-0.005334,1
2.502000,0,0.002000,0.010000,1,1,0,0.002793,0.049529,0.113450,0.273306,-0.001986,0.030052,0.056447,0.785011,0.112979,0.267476,-0.005965,0
2.506000,0,0.004000,0.020000,0,1,0,0.002793,0.049529,0.113527,0.273451,-0.000417,0.046921,0.088512,0.783848,0.114833,0.272216,-0.004830,0
2.508000,0,0.006000,0.030000,0,1,0,0.002793,0.049529,0.113637,0.273660,0.001149,0.063435,0.119905,0.781913,0.114833,0.272216,-0.004830,0
2.508000,0,0.008000,0.040000,0,1,0,0.002793,0.049529,0.113782,0.273934,0.002710,0.081578,0.154450,0.779205,0.115207,0.272019,-0.004653,0
2.510000,0,0.010000,0.050000,0,1,0,0.002793,0.049529,0.113966,0.274283,0.004265,0.101862,0.193598,0.775729,0.115515,0.271880,-0.004492,0
2.512000,0,0.012000,0.060000,0,1,0,0.002793,0.049529,0.114192,0.274714,0.005812,0.124524,0.238074,0.771487,0.115767,0.271790,-0.004341,0
2.516000,0,0.014000,0.070000,0,1,0,-0.060491,-0.037361,0.114447,0.275217,0.007350,0.130498,0.264382,0.766483,0.116093,0.271788,-0.004020,0
2.518000,0,0.016000,0.080000,0,1,0,-0.060491,-0.037361,0.114714,0.275772,0.008878,0.136314,0.290062,0.760723,0.116093,0.271788,-0.004020,0
2.520000,0,0.018000,0.090000,0,1,0,-0.060491,-0.037361,0.114995,0.276383,0.010393,0.144333,0.320999,0.754213,0.116144,0.271895,-0.003818,0
2.520000,0,0.020000,0.100000,0,1,0,-0.060491,-0.037361,0.115293,0.277060,0.011894,0.153899,0.356579,0.746958,0.116110,0.272086,-0.003570,0
2.522000,0,0.022000,0.110000,0,1,0,-0.060491,-0.037361,0.115612,0.277813,0.013380,0.164710,0.395315,0.738966,0.115927,0.272412,-0.003229,0
2.524000,0,0.024000,0.120000,0,1,0,-0.060491,-0.037361,0.115954,0.278644,0.014850,0.177136,0.435741,0.730245,0.115588,0.272878,-0.002791,0
2.528000,0,0.026000,0.130000,0,1,0,-0.060491,-0.037361,0.116330,0.279554,0.016301,0.199235,0.474701,0.720803,0.118096,0.269551,-0.002441,0
2.530000,0,0.028000,0.140000,0,1,0,-0.060491,-0.037361,0.116758,0.280540,0.017732,0.228525,0.510367,0.710650,0.118001,0.270714,-0.001905,0
2.532000,0,0.030000,0.150000,0,1,0,-0.060491,-0.037361,0.117244,0.281595,0.019143,0.257070,0.545064,0.699795,0.118001,0.270714,-0.001905,0
2.532000,0,0.032000,0.160000,0,1,0,-0.060491,-0.037361,0.117795,0.282715,0.020531,0.293903,0.574122,0.688250,0.117342,0.272010,-0.001064,0
2.534000,0,0.034000,0.170000,0,1,0,-0.060491,-0.037361,0.118427,0.283886,0.021895,0.337716,0.596739,0.676025,0.115089,0.273776,0.000614,0
2.536000,0,0.036000,0.180000,0,0,1,-0.060491,-0.037361,0.119151,0.285096,0.023235,0.386601,0.613618,0.663134,0.111647,0.275826,0.003318,0
2.538000,0,0.038000,0.190000,0,0,1,-0.200000,-0.058747,0.119914,0.286326,0.024547,0.376001,0.616553,0.649588,0.107980,0.278046,0.006960,0
2.542000,0,0.040000,0.200000,0,0,1,-0.200000,-0.058747,0.120659,0.287559,0.025833,0.369600,0.616644,0.635400,0.105011,0.280332,0.011211,0
2.542000,0,0.042000,0.210000,0,0,1,-0.200000,-0.058747,0.121396,0.288791,0.027089,0.366545,0.615389,0.620586,0.102332,0.282842,0.016116,0
2.544000,0,0.044000,0.220000,0,0,1,-0.200000,-0.058747,0.122129,0.290020,0.028314,0.366575,0.613351,0.605160,0.100777,0.285360,0.021257,0
2.548000,0,0.046000,0.230000,0,0,1,-0.200000,-0.058747,0.122868,0.291242,0.029509,0.372819,0.608694,0.589136,0.100793,0.289665,0.031195,0
2.550000,0,0.048000,0.240000,0,0,1,-0.200000,-0.058747,0.123623,0.292452,0.030671,0.381942,0.601355,0.572531,0.102145,0.291312,0.035646,0
2.552000,0,0.050000,0.250000,0,0,1,-0.200000,-0.058747,0.124399,0.293643,0.031799,0.393920,0.589655,0.555360,0.104370,0.292528,0.039671,0
2.554000,0,0.052000,0.260000,0,0,1,-0.200000,-0.058747,0.125198,0.294811,0.032892,0.405437,0.578053,0.537642,0.104370,0.292528,0.039671,0
2.554000,0,0.054000,0.270000,0,0,1,-0.200000,-0.058747,0.126023,0.295951,0.033949,0.419290,0.561487,0.519393,0.106632,0.293685,0.043623,0
2.556000,0,0.056000,0.280000,0,0,1,-0.200000,-0.058747,0.126877,0.297052,0.034969,0.434857,0.540479,0.500632,0.108931,0.294933,0.047748,0
2.558000,0,0.058000,0.290000,0,0,1,-0.200000,-0.058747,0.127764,0.298109,0.035951,0.451726,0.515989,0.481376,0.111445,0.296320,0.052128,0
2.562000,0,0.060000,0.300000,0,0,1,-0.200000,-0.058747,0.128687,0.299112,0.036894,0.471305,0.486946,0.461645,0.117636,0.299051,0.061161,0
2.564000,0,0.062000,0.310000,0,0,1,-0.200000,-0.058747,0.129650,0.300056,0.037797,0.491746,0.457725,0.441459,0.121304,0.300265,0.065662,0
2.566000,0,0.064000,0.320000,0,0,1,-0.200000,0.010042,0.130654,0.300987,0.038660,0.511385,0.473130,0.420837,0.121304,0.300265,0.065662,0
2.566000,0,0.066000,0.330000,0,0,1,-0.200000,0.010042,0.131697,0.301947,0.039480,0.531995,0.486713,0.399800,0.125610,0.300972,0.069787,0
2.568000,0,0.068000,0.340000,0,0,1,-0.200000,0.010042,0.132783,0.302932,0.040259,0.553445,0.497827,0.378368,0.130321,0.301219,0.073433,0
2.572000,0,0.070000,0.350000,0,0,1,-0.200000,0.010042,0.133913,0.303933,0.040994,0.576869,0.503531,0.356563,0.140376,0.301121,0.079613,0
2.574000,0,0.072000,0.360000,0,0,1,-0.200000,0.010042,0.135091,0.304943,0.041685,0.600523,0.506129,0.334406,0.145674,0.300884,0.082238,0
2.576000,0,0.074000,0.370000,0,0,1,-0.200000,0.010042,0.136316,0.305955,0.042331,0.624275,0.505794,0.311919,0.151062,0.300627,0.084641,0
2.578000,0,0.076000,0.380000,0,0,1,-0.200000,0.010042,0.137587,0.306966,0.042932,0.646955,0.505210,0.289124,0.151062,0.300627,0.084641,0
2.580000,0,0.078000,0.390000,0,0,1,-0.200000,0.010042,0.138906,0.307974,0.043487,0.672067,0.502853,0.266044,0.159521,0.301532,0.087205,0
2.580000,0,0.080000,0.400000,0,0,1,-0.200000,0.010042,0.140273,0.308974,0.043996,0.694744,0.497358,0.242701,0.162001,0.300188,0.088917,0
2.582000,0,0.082000,0.410000,0,0,1,-0.200000,0.010042,0.141686,0.309962,0.044458,0.717568,0.490256,0.219119,0.167445,0.299996,0.090789,0
2.586000,0,0.084000,0.420000,0,0,1,-0.200000,0.010042,0.143146,0.310934,0.044872,0.742199,0.481562,0.195321,0.178317,0.299660,0.093855,0
2.588000,0,0.086000,0.430000,0,0,1,-0.200000,0.010042,0.144654,0.311888,0.045239,0.765531,0.472877,0.171329,0.178317,0.299660,0.093855,0
2.590000,0,0.088000,0.440000,0,0,1,-0.200000,0.045355,0.146212,0.312860,0.045558,0.792351,0.498738,0.147169,0.186941,0.300887,0.095218,0
2.592000,0,0.090000,0.450000,0,0,1,-0.200000,0.045355,0.147821,0.313881,0.045828,0.816559,0.522152,0.122863,0.189169,0.299429,0.095954,0
2.592000,0,0.092000,0.460000,0,0,1,-0.200000,0.045355,0.149480,0.314948,0.046049,0.841493,0.545082,0.098436,0.194586,0.299382,0.096640,0
2.594000,0,0.094000,0.470000,0,0,1,-0.200000,0.045355,0.151189,0.316062,0.046221,0.867261,0.567840,0.073912,0.199949,0.299370,0.097078,0
2.598000,0,0.096000,0.480000,0,0,1,-0.200000,0.045355,0.152953,0.317222,0.046345,0.896628,0.592400,0.049316,0.210469,0.299821,0.097315,0
2.600000,0,0.098000,0.490000,0,0,1,-0.200000,0.045355,0.154774,0.318430,0.046419,0.924189,0.615568,0.024670,0.210469,0.299821,0.097315,0
2.602000,0,0.100000,0.500000,0,0,1,-0.200000,0.045355,0.156651,0.319685,0.046443,0.952909,0.639404,-0.000000,0.215666,0.300331,0.097120,0
2.602000,0,0.102000,0.510000,0,0,1,-0.200000,0.045355,0.158587,0.320989,0.046419,0.982855,0.664052,-0.024670,0.220759,0.301033,0.096747,0
2.604000,0,0.104000,0.520000,0,0,1,-0.200000,0.045355,0.160585,0.322343,0.046345,1.014092,0.689609,-0.049316,0.225756,0.301966,0.096206,0
2.608000,0,0.106000,0.530000,0,0,1,-0.200000,0.045355,0.162649,0.323752,0.046221,1.050202,0.718508,-0.073912,0.235399,0.304556,0.094676,0
2.610000,0,0.108000,0.540000,0,0,1,-0.200000,0.045355,0.164784,0.325216,0.046049,1.083804,0.745513,-0.098436,0.235399,0.304556,0.094676,0
2.610000,0,0.110000,0.550000,0,0,1,-0.200000,0.045355,0.166987,0.326735,0.045828,1.118747,0.773065,-0.122863,0.240051,0.306265,0.093708,0
2.612000,0,0.112000,0.560000,0,0,1,-0.200000,0.045355,0.169261,0.328309,0.045558,1.155014,0.800992,-0.147169,0.244621,0.308295,0.092613,0
2.616000,0,0.114000,0.570000,0,0,1,-0.200000,0.030594,0.171613,0.329917,0.045239,1.196488,0.806495,-0.171329,0.253453,0.313181,0.090093,0
2.618000,0,0.116000,0.580000,0,0,1,-0.200000,0.030594,0.174045,0.331534,0.044872,1.234707,0.810849,-0.195321,0.253453,0.313181,0.090093,0
2.618000,0,0.118000,0.590000,0,0,1,-0.200000,0.030594,0.176554,0.333160,0.044458,1.273921,0.814764,-0.219119,0.257751,0.316132,0.088698,0
2.620000,0,0.120000,0.600000,0,0,1,-0.200000,0.030594,0.179143,0.334793,0.043996,1.313953,0.817388,-0.242701,0.261956,0.319377,0.087209,0
2.624000,0,0.122000,0.610000,0,0,1,-0.200000,0.030594,0.181812,0.336428,0.043487,1.354639,0.818041,-0.266044,0.266117,0.322938,0.085638,0
2.626000,0,0.124000,0.620000,0,0,1,-0.200000,0.030594,0.184567,0.338060,0.042932,1.399950,0.813780,-0.289124,0.274247,0.330884,0.082276,0
2.628000,0,0.126000,0.630000,0,0,1,-0.200000,0.030594,0.187409,0.339683,0.042331,1.440885,0.808585,-0.311919,0.274247,0.330884,0.082276,0
2.630000,0,0.128000,0.640000,0,0,1,-0.200000,0.030594,0.190332,0.341291,0.041685,1.481831,0.799276,-0.334406,0.278274,0.335290,0.080501,0
2.630000,0,0.130000,0.650000,0,0,1,-0.200000,0.030594,0.193337,0.342876,0.040994,1.522513,0.785751,-0.356563,0.282332,0.339954,0.078681,0
2.632000,0,0.132000,0.660000,0,0,1,-0.200000,0.030594,0.196423,0.344430,0.040259,1.562625,0.767956,-0.378368,0.286438,0.344839,0.076835,0
2.636000,0,0.134000,0.670000,0,0,1,-0.200000,0.030594,0.199592,0.345939,0.039480,1.605535,0.741304,-0.399800,0.294835,0.355184,0.073139,0
2.636000,0,0.136000,0.680000,0,0,1,-0.200000,0.030594,0.202842,0.347395,0.038660,1.642803,0.714864,-0.420837,0.294835,0.355184,0.073139,0
2.638000,0,0.138000,0.690000,0,0,1,-0.200000,0.047948,0.206164,0.348846,0.037797,1.678095,0.735365,-0.441459,0.299140,0.360611,0.071332,0
2.640000,0,0.140000,0.700000,0,0,1,-0.200000,0.047948,0.209553,0.350327,0.036894,1.710709,0.746003,-0.461645,0.303516,0.366196,0.069563,0
2.644000,0,0.142000,0.710000,0,0,1,-0.200000,0.047948,0.213007,0.351809,0.035951,1.741764,0.735226,-0.481376,0.312563,0.377863,0.066238,0
2.646000,0,0.144000,0.720000,0,0,1,-0.200000,0.047948,0.216517,0.353255,0.034969,1.767488,0.710475,-0.500632,0.317229,0.384001,0.064737,0
2.648000,0,0.146000,0.730000,0,0,1,-0.200000,0.047948,0.220073,0.354635,0.033949,1.786867,0.669685,-0.519393,0.322009,0.390323,0.063342,0
2.650000,0,0.148000,0.740000,0,0,1,-0.200000,0.047948,0.223660,0.355915,0.032892,1.798943,0.610858,-0.537642,0.326875,0.396687,0.062015,0
2.652000,0,0.150000,0.750000,0,0,1,-0.200000,0.047948,0.227264,0.357080,0.031799,1.804555,0.554678,-0.555360,0.326875,0.396687,0.062015,0
2.652000,0,0.152000,0.760000,0,0,1,-0.200000,0.047948,0.230871,0.358110,0.030671,1.801673,0.476683,-0.572531,0.331803,0.402997,0.060730,0
2.656000,0,0.154000,0.770000,0,0,1,-0.200000,0.047948,0.234459,0.358931,0.029509,1.784718,0.345709,-0.589136,0.341788,0.415239,0.058225,0
2.658000,0,0.156000,0.780000,0,0,1,-0.200000,0.047948,0.238000,0.359466,0.028314,1.756166,0.191195,-0.605160,0.346843,0.421119,0.056994,0
2.660000,0,0.158000,0.790000,0,0,1,-0.200000,0.047948,0.241480,0.359705,0.027089,1.722607,0.049900,-0.620586,0.346843,0.421119,0.056994,0
2.662000,0,0.160000,0.800000,0,0,1,-0.200000,0.047948,0.244923,0.359689,0.025833,1.719201,-0.063422,-0.635400,0.357545,0.434221,0.056590,0
2.664000,0,0.162000,0.810000,0,0,1,-0.200000,0.047948,0.248290,0.359348,0.024547,1.647420,-0.273355,-0.649588,0.356770,0.431912,0.054372,0
2.664000,0,0.164000,0.820000,0,0,1,-0.200000,0.122752,0.251498,0.359228,0.023235,1.560377,0.144768,-0.663134,0.361606,0.436790,0.053029,0
2.668000,0,0.166000,0.830000,0,0,1,-0.200000,0.122752,0.254498,0.359786,0.021895,1.440238,0.407367,-0.676025,0.370915,0.445388,0.050321,0
2.670000,0,0.168000,0.840000,0,0,1,-0.200000,0.122752,0.257262,0.360835,0.020531,1.323643,0.636077,-0.688250,0.370915,0.445388,0.050321,0
2.672000,0,0.170000,0.850000,0,0,1,-0.200000,0.122752,0.259771,0.362238,0.019143,1.187406,0.763342,-0.699795,0.375173,0.448784,0.048782,0
2.674000,0,0.172000,0.860000,0,0,1,-0.200000,0.122752,0.261990,0.363799,0.017732,1.033291,0.794924,-0.710650,0.379329,0.452771,0.047619,0
2.674000,0,0.174000,0.870000,0,0,1,-0.200000,0.122752,0.263884,0.365329,0.016301,0.863244,0.735861,-0.720803,0.383255,0.457374,0.046871,0
2.676000,0,0.176000,0.880000,0,0,1,-0.200000,0.122752,0.265421,0.366651,0.014850,0.677131,0.588346,-0.730245,0.386712,0.462144,0.046304,0
2.680000,0,0.178000,0.890000,0,0,1,-0.200000,0.122752,0.266537,0.367483,0.013380,0.444296,0.252586,-0.738966,0.392128,0.471191,0.045204,0
2.682000,0,0.180000,0.900000,0,0,1,-0.200000,0.122752,0.267221,0.367699,0.011894,0.245717,-0.026720,-0.746958,0.392128,0.471191,0.045204,0
2.684000,0,0.182000,0.910000,0,0,1,-0.200000,0.122752,0.267704,0.367491,0.010393,0.236420,-0.175813,-0.754213,0.399578,0.480903,0.045647,0
2.686000,0,0.184000,0.920000,0,0,1,-0.200000,0.122752,0.267952,0.366763,0.008878,0.018586,-0.538271,-0.760723,0.395318,0.478449,0.043584,0
2.686000,0,0.186000,0.930000,0,0,1,-0.200000,0.122752,0.267815,0.365341,0.007350,-0.149632,-0.869219,-0.766483,0.395928,0.480826,0.042332,0
2.688000,0,0.188000,0.940000,0,0,1,-0.200000,0.202989,0.267393,0.365549,0.005812,-0.267257,1.011341,-0.771487,0.396349,0.482810,0.041066,0
2.692000,0,0.190000,0.950000,0,0,1,-0.200000,0.202989,0.266776,0.368579,0.004265,-0.345497,1.978467,-0.775729,0.395082,0.483992,0.037641,0
2.694000,0,0.192000,0.960000,0,0,1,-0.200000,0.202989,0.266053,0.372998,0.002710,-0.375572,2.416884,-0.779205,0.393538,0.483247,0.035552,0
2.696000,0,0.194000,0.970000,0,0,1,-0.200000,0.202989,0.265311,0.377923,0.001149,-0.365262,2.496368,-0.781913,0.391411,0.481601,0.033227,0
2.698000,0,0.196000,0.980000,0,0,1,-0.200000,0.202989,0.264606,0.382839,-0.000417,-0.338737,2.413465,-0.783848,0.391411,0.481601,0.033227,0
2.698000,0,0.198000,0.990000,0,0,1,-0.200000,0.202989,0.263994,0.387421,-0.001986,-0.275213,2.168468,-0.785011,0.390954,0.479436,0.031706,0
2.700000,0,0.200000,1.000000,0,0,1,-0.200000,0.202989,0.263544,0.391453,-0.002386,-0.177126,1.867238,-0.200000,0.390926,0.478794,0.031321,0
2.704000,0,0.202000,1.000000,0,0,1,-0.200000,0.202989,0.263379,0.394974,-0.002786,0.005766,1.654802,-0.200000,0.391783,0.478993,0.032091,0
2.706000,0,0.204000,1.000000,0,0,1,-0.200000,0.202989,0.263586,0.398162,-0.003186,0.194393,1.531075,-0.200000,0.392725,0.479220,0.032915,0
2.708000,0,0.206000,1.000000,0,0,1,-0.200000,0.202989,0.264093,0.401060,-0.003586,0.307635,1.367066,-0.200000,0.392725,0.479220,0.032915,0
2.710000,0,0.208000,1.000000,0,0,1,-0.200000,0.202989,0.264913,0.403773,-0.003986,0.504292,1.342105,-0.200000,0.396615,0.480642,0.032961,0
2.710000,0,0.210000,1.000000,0,0,1,-0.200000,0.202989,0.266056,0.406467,-0.004386,0.632128,1.346465,-0.200000,0.395381,0.479096,0.034874,0
2.712000,0,0.212000,1.000000,0,0,1,-0.200000,0.202989,0.267471,0.409221,-0.004786,0.774987,1.400762,-0.200000,0.396933,0.478655,0.035815,0
2.716000,0,0.214000,1.000000,0,0,1,-0.200000,0.209612,0.269182,0.412291,-0.005186,0.927760,1.654927,-0.200000,0.398529,0.478194,0.036695,0
2.718000,0,0.216000,1.000000,0,0,1,-0.200000,0.209612,0.271205,0.415791,-0.005586,1.086190,1.832746,-0.200000,0.400088,0.477724,0.037454,0
2.718000,0,0.218000,1.000000,0,0,1,-0.200000,0.209612,0.273549,0.419574,-0.005986,1.247826,1.939369,-0.200000,0.401527,0.477422,0.038094,0
2.720000,0,0.220000,1.000000,0,0,1,-0.200000,0.209612,0.276218,0.423496,-0.006386,1.409908,1.974037,-0.200000,0.402701,0.477618,0.038651,0
2.724000,0,0.222000,1.000000,0,0,1,-0.200000,0.209612,0.279347,0.427426,-0.006786,1.703164,1.949231,-0.200000,0.404398,0.478886,0.039080,0
2.726000,0,0.224000,1.000000,0,0,1,-0.200000,0.209612,0.282864,0.431205,-0.007186,1.803428,1.827502,-0.200000,0.404398,0.478886,0.039080,0
2.726000,0,0.226000,1.000000,0,0,1,-0.200000,0.209612,0.286583,0.434675,-0.007586,1.905586,1.642532,-0.200000,0.405098,0.479636,0.038830,0
2.728000,0,0.228000,1.000000,0,0,1,-0.200000,0.209612,0.290499,0.437728,-0.007986,1.999730,1.413012,-0.200000,0.406267,0.480903,0.035913,0
2.732000,0,0.230000,1.000000,0,0,1,-0.200000,0.209612,0.294714,0.440221,-0.008386,2.200729,1.086421,-0.200000,0.408497,0.481368,0.033802,0
2.732000,0,0.232000,1.000000,0,0,1,-0.200000,0.209612,0.299137,0.442115,-0.008786,2.213545,0.813369,-0.200000,0.408497,0.481368,0.033802,0
2.734000,0,0.234000,1.000000,0,0,1,-0.200000,0.209612,0.303575,0.443452,-0.009186,2.215602,0.531767,-0.200000,0.410025,0.480965,0.032347,0
2.736000,0,0.236000,1.000000,0,0,1,-0.200000,0.209612,0.307999,0.444223,-0.009586,2.201606,0.247671,-0.200000,0.411871,0.480039,0.030609,0
2.740000,0,0.238000,1.000000,1,0,1,-0.200000,0.215252,0.312377,0.444610,-0.009986,2.169068,0.141889,-0.200000,0.414157,0.478477,0.028652,0
2.742000,0,0.240000,1.000000,1,0,1,-0.200000,0.215252,0.316672,0.444784,-0.010386,2.120028,0.035271,-0.200000,0.417178,0.476042,0.026674,0
2.744000,0,0.242000,1.000000,1,0,1,-0.200000,0.215252,0.320820,0.444779,-0.010786,2.023776,-0.037244,-0.200000,0.418906,0.472697,0.026295,0
2.744000,0,0.244000,1.000000,1,0,1,-0.200000,0.215252,0.324824,0.444663,-0.011186,1.973804,-0.076786,-0.200000,0.424997,0.469124,0.022872,0
2.746000,0,0.246000,1.000000,1,0,1,-0.200000,0.215252,0.328660,0.444538,-0.011586,1.859761,-0.049684,-0.200000,0.426785,0.465444,0.022213,0
2.750000,0,0.248000,1.000000,1,0,1,-0.200000,0.215252,0.332428,0.444512,-0.011986,1.899341,0.021689,-0.200000,0.440380,0.455915,0.017996,0
2.752000,0,0.250000,1.000000,1,0,1,-0.200000,0.215252,0.336154,0.444603,-0.012386,1.822556,0.067344,-0.200000,0.440380,0.455915,0.017996,0
2.754000,0,0.252000,1.000000,1,0,1,-0.200000,0.215252,0.339719,0.444802,-0.012786,1.739076,0.129181,-0.200000,0.446388,0.451033,0.016889,0
2.756000,0,0.254000,1.000000,1,0,1,-0.200000,0.215252,0.343106,0.445126,-0.013186,1.644590,0.192063,-0.200000,0.452754,0.446181,0.016166,0
2.756000,0,0.256000,1.000000,1,0,1,-0.200000,0.215252,0.346290,0.445568,-0.013586,1.537315,0.246703,-0.200000,0.459519,0.441253,0.015963,0
2.760000,0,0.258000,1.000000,1,0,1,-0.200000,0.215252,0.349273,0.446121,-0.013986,1.443764,0.304243,-0.200000,0.474093,0.431329,0.017358,0
2.762000,0,0.260000,1.000000,1,0,1,-0.200000,0.215252,0.352041,0.446766,-0.014386,1.323169,0.338149,-0.200000,0.481830,0.426368,0.019037,0
2.764000,0,0.262000,1.000000,1,0,1,-0.200000,0.215252,0.354536,0.447448,-0.014786,1.172462,0.342101,-0.200000,0.481830,0.426368,0.019037,0
2.766000,0,0.264000,1.000000,1,0,1,-0.200000,0.208168,0.356730,0.447929,-0.015186,1.022894,0.145185,-0.200000,0.489845,0.421395,0.021399,0
2.768000,0,0.266000,1.000000,1,0,1,-0.200000,0.208168,0.358629,0.448086,-0.015586,0.877180,0.016044,-0.200000,0.498080,0.416416,0.024501,0
2.768000,0,0.268000,1.000000,1,0,1,-0.200000,0.208168,0.360242,0.448035,-0.015986,0.738070,-0.063856,-0.200000,0.506443,0.411415,0.028394,0
2.770000,0,0.270000,1.000000,1,0,1,-0.200000,0.208168,0.361585,0.447861,-0.016386,0.607536,-0.109183,-0.200000,0.515049,0.405938,0.033082,0
2.774000,0,0.272000,1.000000,1,0,1,-0.200000,0.208168,0.362674,0.447619,-0.016786,0.483629,-0.131333,-0.200000,0.532406,0.394112,0.045058,0
2.776000,0,0.274000,1.000000,1,0,1,-0.200000,0.208168,0.363532,0.447348,-0.017186,0.376170,-0.138760,-0.200000,0.532406,0.394112,0.045058,0
2.778000,0,0.276000,1.000000,1,0,1,-0.200000,0.208168,0.363959,0.447112,-0.017586,0.061198,-0.098310,-0.200000,0.532895,0.389374,0.045241,0
2.780000,0,0.278000,1.000000,1,0,1,-0.200000,0.208168,0.364085,0.446903,-0.017986,0.064320,-0.109772,-0.200000,0.549199,0.381817,0.060647,0
2.780000,0,0.280000,1.000000,1,0,1,-0.200000,0.208168,0.363963,0.446708,-0.018386,-0.177318,-0.085521,-0.200000,0.549186,0.377226,0.061207,0
2.782000,0,0.282000,1.000000,1,0,1,-0.200000,0.208168,0.363438,0.446544,-0.018786,-0.341349,-0.078550,-0.200000,0.556651,0.371297,0.070651,0
2.786000,0,0.284000,1.000000,1,0,1,-0.200000,0.208168,0.362896,0.446350,-0.019186,-0.204423,-0.114000,-0.200000,0.577425,0.358754,0.102802,0
2.788000,0,0.286000,1.000000,1,0,1,-0.200000,0.208168,0.362308,0.446091,-0.019586,-0.375812,-0.143549,-0.200000,0.575994,0.354332,0.104151,0
2.790000,0,0.288000,1.000000,1,0,1,-0.200000,0.212043,0.361460,0.445900,-0.019986,-0.467929,-0.050547,-0.200000,0.575994,0.354332,0.104151,0
2.792000,0,0.290000,1.000000,1,0,1,-0.200000,0.212043,0.360470,0.445839,-0.020386,-0.518067,-0.010857,-0.200000,0.581273,0.348951,0.116836,0
2.792000,0,0.292000,1.000000,1,0,1,-0.200000,0.212043,0.359410,0.445815,-0.020786,-0.539378,-0.013227,-0.200000,0.585748,0.343591,0.130176,0
2.794000,0,0.294000,1.000000,1,0,1,-0.200000,0.212043,0.358624,0.445793,-0.021186,-0.255113,-0.009064,-0.200000,0.594739,0.338320,0.157196,0
2.798000,0,0.296000,1.000000,1,0,1,-0.200000,0.212043,0.358390,0.445429,-0.021586,0.012509,-0.342379,-0.200000,0.595930,0.331946,0.186644,0
2.800000,0,0.298000,1.000000,1,0,1,-0.200000,0.212043,0.358597,0.444536,-0.021986,0.187418,-0.542545,-0.200000,0.595930,0.331946,0.186644,0
2.802000,0,0.300000,1.000000,1,0,1,-0.200000,0.212043,0.359151,0.443067,-0.022386,0.359165,-0.910408,-0.200000,0.593527,0.330145,0.201444,0
2.804000,0,0.302000,1.000000,1,0,1,-0.200000,0.212043,0.360034,0.440806,-0.022786,0.517299,-1.331887,-0.200000,0.589940,0.327464,0.216503,0
2.804000,0,0.304000,1.000000,1,0,1,-0.200000,0.212043,0.361217,0.437714,-0.023186,0.658401,-1.740022,-0.200000,0.585266,0.323954,0.231562,0
2.806000,0,0.306000,1.000000,1,0,1,-0.200000,0.212043,0.362666,0.433853,-0.023586,0.783411,-2.100690,-0.200000,0.579587,0.319183,0.246550,0
2.810000,0,0.308000,1.000000,1,0,1,-0.200000,0.212043,0.364431,0.429149,-0.023986,0.972160,-2.577838,-0.200000,0.565340,0.305416,0.275986,0
2.812000,0,0.310000,1.000000,0,0,1,-0.200000,0.212043,0.366538,0.423619,-0.024386,1.125575,-2.930378,-0.200000,0.556753,0.296566,0.290259,0
2.814000,0,0.312000,1.000000,0,0,1,-0.200000,0.212043,0.368835,0.417671,-0.024786,1.165338,-3.003147,-0.200000,0.556753,0.296566,0.290259,0
2.816000,0,0.314000,1.000000,0,0,1,-0.200000,0.295931,0.371212,0.413595,-0.025186,1.205967,-1.131792,-0.200000,0.546348,0.288311,0.303178,0
2.818000,0,0.316000,1.000000,1,0,1,-0.200000,0.295931,0.373467,0.411819,-0.025586,1.050055,-0.657077,-0.200000,0.540222,0.285540,0.303339,0
2.818000,0,0.318000,1.000000,0,0,1,-0.200000,0.295931,0.375418,0.409703,-0.025986,0.902665,-1.428178,-0.200000,0.519961,0.274517,0.324676,0
2.822000,0,0.320000,1.000000,0,0,1,-0.200000,0.295931,0.375820,0.403449,-0.026386,-0.453543,-4.699003,-0.200000,0.478607,0.273907,0.342695,0
2.824000,0,0.322000,1.000000,0,0,1,-0.200000,0.295931,0.372491,0.390615,-0.026786,-2.787865,-7.995683,-0.200000,0.450422,0.277815,0.350460,0
2.826000,0,0.324000,1.000000,0,0,1,-0.200000,0.295931,0.365473,0.372800,-0.027186,-4.168590,-9.726068,-0.200000,0.450422,0.277815,0.350460,0
2.828000,0,0.326000,1.000000,0,0,1,-0.200000,0.295931,0.353985,0.351809,-0.027586,-7.192041,-11.175328,-0.200000,0.419074,0.280598,0.356840,0
2.828000,0,0.328000,1.000000,0,0,1,-0.200000,0.295931,0.335848,0.329254,-0.027986,-10.784474,-11.332274,-0.200000,0.379809,0.285496,0.361377,0
2.830000,0,0.330000,1.000000,0,0,1,-0.200000,0.295931,0.310875,0.307821,-0.028386,-14.028993,-10.103586,-0.200000,0.331936,0.295764,0.361000,0
2.832000,0,0.332000,1.000000,0,0,1,-0.200000,0.295931,0.280392,0.289874,-0.028786,-16.317211,-7.888543,-0.200000,0.269772,0.311220,0.351326,0
2.836000,0,0.334000,1.000000,0,0,1,-0.200000,0.295931,0.246241,0.277570,-0.029186,-17.721695,-4.511251,-0.200000,0.174758,0.330538,0.319337,0
2.838000,0,0.336000,1.000000,0,0,1,-0.200000,0.295931,0.210770,0.271082,-0.029586,-17.684433,-2.051351,-0.200000,0.174758,0.330538,0.319337,0
2.840000,0,0.338000,1.000000,0,0,1,-0.090695,0.471482,0.179378,0.274204,-0.029986,-13.787002,4.922551,-0.200000,0.140048,0.337452,0.302209,0
2.842000,0,0.340000,1.000000,0,0,1,-0.090695,0.471482,0.155296,0.288898,-0.030386,-10.370328,9.581288,-0.200000,0.112336,0.343486,0.285823,0
2.842000,0,0.342000,1.000000,0,0,1,-0.090695,0.471482,0.137655,0.310945,-0.030786,-7.343718,12.328449,-0.200000,0.090500,0.348974,0.270739,0
2.844000,0,0.344000,1.000000,0,0,1,-0.090695,0.471482,0.125632,0.336934,-0.031186,-4.748272,13.568961,-0.200000,0.074172,0.354000,0.257539,0
2.848000,0,0.346000,1.000000,0,0,1,-0.090695,0.471482,0.118604,0.364154,-0.031586,-2.351223,13.599633,-0.200000,0.074752,0.355367,0.255324,0
2.850000,0,0.348000,1.000000,0,0,1,-0.090695,0.471482,0.115656,0.390662,-0.031986,-0.651317,12.884017,-0.200000,0.074752,0.355367,0.255324,0
2.852000,0,0.350000,1.000000,0,0,1,-0.090695,0.471482,0.115810,0.415130,-0.032386,0.755678,11.584494,-0.200000,0.102833,0.342656,0.279562,0
2.854000,0,0.352000,1.000000,0,0,1,-0.090695,0.471482,0.118546,0.436608,-0.032786,1.933888,9.912745,-0.200000,0.140749,0.316564,0.314395,0
2.856000,0,0.354000,1.000000,0,0,1,-0.090695,0.471482,0.123449,0.454538,-0.033186,2.925691,8.049281,-0.200000,0.166678,0.290949,0.340361,0
2.856000,0,0.356000,1.000000,0,0,1,-0.090695,0.471482,0.130194,0.468682,-0.033557,3.776802,6.135467,-0.185269,0.183514,0.268975,0.359754,0
2.858000,0,0.358000,1.000000,0,0,1,-0.090695,0.471482,0.138542,0.479051,-0.033557,4.529575,4.280186,0.000000,0.192041,0.254472,0.373255,0
2.862000,0,0.360000,1.000000,0,0,1,-0.090695,0.471482,0.149086,0.485417,-0.033557,5.944920,2.148838,0.000000,0.200678,0.230728,0.395734,0
2.864000,0,0.362000,1.000000,0,0,1,-0.090695,0.471482,0.162604,0.487702,-0.033557,7.493957,0.200506,0.000000,0.202838,0.218193,0.406166,0
2.866000,0,0.364000,1.000000,0,0,1,-0.200000,0.511775,0.175193,0.487895,-0.033557,5.153618,-0.000744,0.000000,0.202838,0.218193,0.406166,0
2.866000,0,0.366000,1.000000,0,0,1,-0.200000,0.511775,0.184975,0.487335,-0.033557,4.628311,-0.540025,0.000000,0.203331,0.205258,0.416107,0
2.868000,0,0.368000,1.000000,0,0,1,-0.200000,0.511775,0.195354,0.485699,-0.033557,5.694565,-1.073371,0.000000,0.201428,0.194357,0.424805,0
2.872000,0,0.370000,1.000000,0,0,1,-0.200000,0.511775,0.209586,0.483773,-0.033557,8.415012,-0.856977,0.000000,0.208123,0.181914,0.430117,0
2.874000,0,0.372000,1.000000,0,0,1,-0.200000,0.511775,0.229970,0.483329,-0.033557,11.812501,0.370964,0.000000,0.202521,0.171566,0.436504,0
2.874000,0,0.374000,1.000000,0,0,1,-0.200000,0.511775,0.257030,0.486766,-0.033557,15.082902,2.967990,0.000000,0.192891,0.171483,0.440630,0
2.876000,0,0.376000,1.000000,0,0,1,-0.200000,0.511775,0.289695,0.496842,-0.033557,17.438235,6.949802,0.000000,0.179885,0.182436,0.441654,0
2.880000,0,0.378000,1.000000,0,0,1,-0.200000,0.511775,0.325462,0.516071,-0.033557,18.235481,12.063615,0.000000,0.163822,0.204536,0.437425,0
2.882000,0,0.380000,1.000000,0,0,1,-0.200000,0.511775,0.360649,0.546259,-0.033557,16.931652,17.864904,0.000000,0.144437,0.237632,0.424646,0
2.882000,0,0.382000,1.000000,0,0,1,-0.200000,0.511775,0.390492,0.588066,-0.033557,12.994211,23.661735,0.000000,0.120422,0.281096,0.398016,0
2.884000,0,0.384000,1.000000,0,0,1,-0.200000,0.511775,0.409289,0.640181,-0.033557,6.014103,28.196947,0.000000,0.088794,0.333637,0.348440,0
2.888000,0,0.386000,1.000000,0,0,1,-0.200000,0.511775,0.411882,0.698054,-0.033557,-3.105846,29.523285,0.000000,0.043740,0.388561,0.261064,0
2.890000,0,0.388000,1.000000,0,0,1,-0.168032,0.039463,0.397704,0.741361,-0.033557,-10.776502,14.239862,0.000000,0.003805,0.417118,0.176762,0
2.890000,0,0.390000,1.000000,0,0,1,-0.168032,0.039463,0.370322,0.756338,-0.033557,-16.358598,1.168759,0.000000,-0.028543,0.431909,0.103466,0
2.892000,0,0.392000,1.000000,0,0,1,-0.168032,0.039463,0.334391,0.747509,-0.033557,-19.400094,-9.603303,0.000000,-0.041216,0.448529,0.064349,0
2.896000,0,0.394000,1.000000,0,0,1,-0.168032,0.039463,0.296343,0.719305,-0.033557,-18.604884,-18.244570,0.000000,-0.031947,0.448652,0.094982,0
2.898000,0,0.396000,1.000000,0,0,1,-0.168032,0.039463,0.260649,0.677893,-0.033557,-17.076623,-22.927073,0.000000,-0.031947,0.448652,0.094982,0
2.900000,0,0.398000,1.000000,0,0,1,-0.168032,0.039463,0.229142,0.629603,-0.033557,-14.464143,-25.193714,0.000000,-0.031194,0.448573,0.103543,0
2.900000,1,0.000000,0.000000,0,0,0,-0.168032,0.039463,0.307715,0.233932,-0.003557,-0.150410,0.073493,0.785398,0.307866,0.233858,0.196256,1
2.904000,1,0.002000,0.010000,0,0,1,-0.168032,0.039463,0.307262,0.234140,-0.001986,-0.301945,0.134318,0.785011,0.298345,0.241449,0.202455,0
2.906000,1,0.004000,0.020000,0,0,1,-0.168032,0.039463,0.306504,0.234458,-0.000417,-0.455445,0.184266,0.783848,0.273617,0.254039,0.200504,0
2.908000,1,0.006000,0.030000,0,0,1,-0.168032,0.039463,0.305443,0.234876,0.001149,-0.605717,0.233156,0.781913,0.273617,0.254039,0.200504,0
2.910000,1,0.008000,0.040000,0,0,1,-0.168032,0.039463,0.304076,0.235383,0.002710,-0.760591,0.273869,0.779205,0.241632,0.269752,0.202922,0
2.910000,1,0.010000,0.050000,0,0,1,-0.168032,0.039463,0.302400,0.235963,0.004265,-0.914619,0.306183,0.775729,0.215529,0.291186,0.188796,0
2.912000,1,0.012000,0.060000,0,0,1,-0.168032,0.039463,0.300417,0.236605,0.005812,-1.068169,0.335783,0.771487,0.183176,0.321848,0.174864,0
2.916000,1,0.014000,0.070000,0,0,1,0.189734,0.197635,0.298252,0.237362,0.007350,-1.096598,0.420358,0.766483,0.158262,0.356539,0.158216,0
2.918000,1,0.016000,0.080000,0,0,1,0.189734,0.197635,0.296032,0.238290,0.008878,-1.123288,0.507766,0.760723,0.142539,0.392872,0.140005,0
2.920000,1,0.018000,0.090000,0,0,1,0.189734,0.197635,0.293762,0.239399,0.010393,-1.146201,0.600612,0.754213,0.136301,0.428626,0.121435,0
2.920000,1,0.020000,0.100000,0,0,1,0.189734,0.197635,0.291452,0.240701,0.011894,-1.163440,0.700795,0.746958,0.138777,0.461629,0.104158,0
2.922000,1,0.022000,0.110000,0,0,1,0.189734,0.197635,0.289113,0.242208,0.013380,-1.176016,0.805508,0.738966,0.147517,0.489391,0.089714,0
2.926000,1,0.024000,0.120000,0,0,1,0.189734,0.197635,0.286754,0.243930,0.014850,-1.182477,0.916417,0.730245,0.175443,0.529368,0.069567,0
2.928000,1,0.026000,0.130000,0,0,1,0.189734,0.197635,0.284383,0.245871,0.016301,-1.188482,1.024566,0.720803,0.175443,0.529368,0.069567,0
2.930000,1,0.028000,0.140000,0,0,1,0.189734,0.197635,0.282002,0.248029,0.017732,-1.192153,1.132672,0.710650,0.192201,0.542607,0.063423,0
2.932000,1,0.030000,0.150000,0,0,1,0.189734,0.197635,0.279616,0.250402,0.019143,-1.193993,1.239930,0.699795,0.209777,0.552060,0.059605,0
2.932000,1,0.032000,0.160000,0,0,1,0.189734,0.197635,0.277228,0.252989,0.020531,-1.194502,1.346193,0.688250,0.226215,0.560522,0.050980,0
2.934000,1,0.034000,0.170000,0,0,1,0.189734,0.197635,0.274839,0.255786,0.021895,-1.193994,1.450579,0.676025,0.243408,0.566404,0.048978,0
2.938000,1,0.036000,0.180000,0,1,1,0.189734,0.197635,0.272453,0.258790,0.023235,-1.192500,1.553095,0.663134,0.273342,0.573221,0.053556,0
2.940000,1,0.038000,0.190000,0,1,1,0.103674,0.087520,0.270030,0.261947,0.024547,-1.229547,1.602915,0.649588,0.273342,0.573221,0.053556,0
2.942000,1,0.040000,0.200000,0,1,1,0.103674,0.087520,0.267535,0.265201,0.025833,-1.265460,1.651613,0.635400,0.284856,0.575793,0.053043,0
2.942000,1,0.042000,0.210000,0,1,1,0.103674,0.087520,0.264969,0.268553,0.027089,-1.300807,1.699665,0.620586,0.293897,0.577447,0.045697,0
2.944000,1,0.044000,0.220000,0,1,1,0.103674,0.087520,0.262333,0.271999,0.028314,-1.335024,1.745990,0.605160,0.300574,0.578967,0.051560,0
2.948000,1,0.046000,0.230000,0,1,1,0.103674,0.087520,0.259628,0.275537,0.029509,-1.369440,1.791758,0.589136,0.297430,0.574767,0.045462,0
2.950000,1,0.048000,0.240000,0,1,1,0.103674,0.087520,0.256856,0.279165,0.030671,-1.402495,1.835725,0.572531,0.297430,0.574767,0.045462,0
2.952000,1,0.050000,0.250000,0,1,1,0.103674,0.087520,0.254018,0.282879,0.031799,-1.435090,1.878500,0.555360,0.293137,0.571909,0.040975,0
2.954000,1,0.052000,0.260000,0,1,1,0.103674,0.087520,0.251115,0.286678,0.032892,-1.467309,1.920087,0.537642,0.288758,0.569301,0.035923,0
2.956000,1,0.054000,0.270000,0,1,1,0.103674,0.087520,0.248148,0.290559,0.033949,-1.499217,1.960502,0.519393,0.285048,0.566797,0.031138,0
2.956000,1,0.056000,0.280000,0,1,1,0.103674,0.087520,0.245118,0.294520,0.034969,-1.530845,1.999753,0.500632,0.282117,0.564537,0.026708,0
2.960000,1,0.058000,0.290000,0,1,1,0.103674,0.087520,0.242024,0.298558,0.035951,-1.563391,2.038620,0.481376,0.278780,0.560882,0.019468,0
2.962000,1,0.060000,0.300000,0,1,1,0.103674,0.087520,0.238866,0.302673,0.036894,-1.594392,2.075572,0.461645,0.278780,0.560882,0.019468,0
2.962000,1,0.062000,0.310000,0,1,1,0.103674,0.087520,0.235646,0.306861,0.037797,-1.625375,2.112439,0.441459,0.278302,0.558884,0.011998,0
2.964000,1,0.064000,0.320000,0,1,1,0.120031,0.068657,0.232374,0.311110,0.038660,-1.645540,2.136225,0.420837,0.278229,0.557933,0.009376,0
2.966000,1,0.066000,0.330000,0,1,1,0.120031,0.068657,0.229063,0.315406,0.039480,-1.665641,2.159397,0.399800,0.278607,0.557221,0.007062,0
2.970000,1,0.068000,0.340000,0,1,1,0.120031,0.068657,0.225710,0.319748,0.040259,-1.686728,2.181910,0.378368,0.280312,0.556552,0.007755,0
2.972000,1,0.070000,0.350000,0,1,1,0.120031,0.068657,0.222317,0.324132,0.040994,-1.706389,2.202724,0.356563,0.280312,0.556552,0.007755,0
2.972000,1,0.072000,0.360000,0,1,1,0.120031,0.068657,0.218885,0.328559,0.041685,-1.725934,2.223078,0.334406,0.281470,0.556003,0.006414,0
2.974000,1,0.074000,0.370000,0,1,1,0.120031,0.068657,0.215413,0.333025,0.042331,-1.745327,2.243002,0.311919,0.282626,0.555475,0.005515,0
2.978000,1,0.076000,0.380000,0,1,1,0.120031,0.068657,0.211902,0.337532,0.042932,-1.765792,2.263933,0.289124,0.285040,0.554517,0.004869,0
2.980000,1,0.078000,0.390000,0,1,1,0.120031,0.068657,0.208351,0.342079,0.043487,-1.784663,2.282991,0.266044,0.285040,0.554517,0.004869,0
2.982000,1,0.080000,0.400000,0,0,1,0.120031,0.068657,0.204763,0.346664,0.043996,-1.803212,2.301708,0.242701,0.286374,0.554126,0.005084,0
2.982000,0,0.000000,0.000000,1,1,0,0.120031,0.068657,-0.079059,0.483479,-0.003557,0.144662,0.041635,0.785398,-0.079204,0.483438,0.036014,1
2.984000,0,0.002000,0.010000,1,1,0,0.120031,0.068657,-0.078627,0.483604,-0.001986,0.286880,0.082432,0.785011,-0.080531,0.485344,0.036227,0
2.988000,0,0.004000,0.020000,1,1,0,0.120031,0.068657,-0.077913,0.483809,-0.000417,0.427121,0.122423,0.783848,-0.083651,0.489208,0.036826,0
2.990000,0,0.006000,0.030000,1,1,0,-0.200000,-0.027040,-0.077022,0.484063,0.001149,0.463422,0.131373,0.781913,-0.083651,0.489208,0.036826,0
2.992000,0,0.008000,0.040000,0,0,1,-0.200000,-0.027040,-0.076059,0.484334,0.002710,0.499206,0.140079,0.779205,-0.086257,0.491208,0.037902,0
2.992000,0,0.010000,0.050000,1,0,1,-0.200000,-0.027040,-0.075026,0.484623,0.004265,0.534101,0.148378,0.775729,-0.089094,0.493126,0.037807,0
2.996000,0,0.012000,0.060000,1,0,1,-0.200000,-0.027040,-0.073923,0.484926,0.005812,0.568476,0.155159,0.771487,-0.094587,0.495314,0.042251,0
2.998000,0,0.014000,0.070000,1,0,1,-0.200000,-0.027040,-0.072752,0.485243,0.007350,0.601990,0.161761,0.766483,-0.094587,0.495314,0.042251,0
2.998000,0,0.016000,0.080000,1,0,1,-0.200000,-0.027040,-0.071516,0.485574,0.008878,0.634101,0.168989,0.760723,-0.101367,0.498431,0.038011,0
3.000000,0,0.018000,0.090000,1,0,1,-0.200000,-0.027040,-0.070216,0.485917,0.010393,0.665918,0.174606,0.754213,-0.104742,0.498713,0.044501,0
3.004000,0,0.020000,0.100000,1,0,1,-0.200000,-0.027040,-0.068853,0.486272,0.011894,0.696840,0.179779,0.746958,-0.109956,0.500207,0.043761,0
3.006000,1,0.000000,0.000000,1,1,0,-0.200000,-0.027040,0.291727,0.551494,-0.003557,-0.181581,-0.022581,0.785398,0.291909,0.551517,0.000640,1
3.006000,1,0.002000,0.010000,1,0,0,-0.200000,-0.027040,0.291183,0.551427,-0.001986,-0.361700,-0.044223,0.785011,0.291316,0.551323,0.000024,0
3.008000,1,0.004000,0.020000,1,0,0,-0.200000,-0.027040,0.290281,0.551318,-0.000417,-0.540188,-0.064869,0.783848,0.290586,0.551318,-0.000555,0
3.012000,1,0.006000,0.030000,1,1,0,-0.200000,-0.027040,0.289027,0.551169,0.001149,-0.713451,-0.084082,0.781913,0.291790,0.552910,0.001613,0
3.014000,1,0.008000,0.040000,1,1,0,-0.200000,-0.027040,0.287430,0.550982,0.002710,-0.882417,-0.102540,0.779205,0.293612,0.553923,0.004277,0
3.016000,1,0.010000,0.050000,1,1,0,0.204595,0.017182,0.285633,0.550774,0.004265,-0.914594,-0.106045,0.775729,0.293612,0.553923,0.004277,0
3.018000,1,0.012000,0.060000,0,1,1,0.204595,0.017182,0.283773,0.550558,0.005812,-0.945448,-0.109347,0.771487,0.296123,0.552317,0.010308,0
3.018000,1,0.014000,0.070000,0,1,1,0.204595,0.017182,0.281852,0.550337,0.007350,-0.975110,-0.112284,0.766483,0.298492,0.553669,0.014864,0
3.022000,1,0.016000,0.080000,0,1,1,0.204595,0.017182,0.279874,0.550110,0.008878,-1.003243,-0.114517,0.760723,0.303538,0.559353,0.020536,0
3.024000,1,0.018000,0.090000,0,1,1,0.204595,0.017182,0.277840,0.549879,0.010393,-1.030376,-0.116490,0.754213,0.305695,0.561162,0.024350,0
3.026000,1,0.020000,0.100000,0,1,1,0.204595,0.017182,0.275753,0.549644,0.011894,-1.056662,-0.118391,0.746958,0.305695,0.561162,0.024350,0
3.028000,1,0.022000,0.110000,0,1,1,0.204595,0.017182,0.273614,0.549405,0.013380,-1.082001,-0.120042,0.738966,0.307654,0.563161,0.027857,0
3.028000,1,0.024000,0.120000,0,1,1,0.204595,0.017182,0.271425,0.549164,0.014850,-1.106437,-0.121452,0.730245,0.309397,0.565330,0.031052,0
3.032000,1,0.026000,0.130000,0,1,1,0.204595,0.017182,0.269188,0.548920,0.016301,-1.130365,-0.122645,0.720803,0.311306,0.567881,0.040097,0
3.034000,1,0.028000,0.140000,0,1,1,0.204595,0.017182,0.266904,0.548673,0.017732,-1.153441,-0.123778,0.710650,0.311306,0.567881,0.040097,0
3.036000,1,0.030000,0.150000,0,1,1,0.204595,0.017182,0.264575,0.548425,0.019143,-1.175681,-0.124682,0.699795,0.312417,0.570482,0.042506,0
3.036000,1,0.032000,0.160000,0,1,1,0.204595,0.017182,0.262202,0.548175,0.020531,-1.197092,-0.125358,0.688250,0.313376,0.573205,0.044606,0
3.040000,1,0.034000,0.170000,0,1,1,0.202207,-0.011036,0.259786,0.547912,0.021895,-1.218715,-0.137767,0.676025,0.314810,0.578872,0.048271,0
3.042000,1,0.036000,0.180000,0,1,1,0.202207,-0.011036,0.257328,0.547624,0.023235,-1.239459,-0.149836,0.663134,0.314810,0.578872,0.048271,0
3.044000,1,0.038000,0.190000,0,1,1,0.202207,-0.011036,0.254829,0.547313,0.024547,-1.259326,-0.161374,0.649588,0.315299,0.581821,0.049848,0
3.044000,1,0.040000,0.200000,0,1,1,0.202207,-0.011036,0.252292,0.546979,0.025833,-1.277847,-0.172144,0.635400,0.316748,0.587316,0.047148,0
3.048000,1,0.042000,0.210000,0,1,1,0.202207,-0.011036,0.249718,0.546625,0.027089,-1.295440,-0.182167,0.620586,0.316923,0.593678,0.049473,0
3.050000,1,0.044000,0.220000,0,1,1,0.202207,-0.011036,0.247111,0.546251,0.028314,-1.312107,-0.191650,0.605160,0.316748,0.596946,0.050553,0
3.052000,1,0.046000,0.230000,0,1,1,0.202207,-0.011036,0.244470,0.545858,0.029509,-1.327909,-0.200825,0.589136,0.316748,0.596946,0.050553,0
3.054000,1,0.048000,0.240000,0,1,1,0.202207,-0.011036,0.241800,0.545448,0.030671,-1.342759,-0.209441,0.572531,0.316403,0.600264,0.051596,0
3.054000,1,0.050000,0.250000,0,1,1,0.202207,-0.011036,0.239100,0.545021,0.031799,-1.356633,-0.217484,0.555360,0.315891,0.603632,0.052580,0
3.056000,1,0.052000,0.260000,0,1,1,0.202207,-0.011036,0.236374,0.544579,0.032892,-1.369506,-0.224940,0.537642,0.315212,0.607043,0.053511,0
3.060000,1,0.054000,0.270000,0,1,1,0.202207,-0.011036,0.233623,0.544122,0.033949,-1.381079,-0.231469,0.519393,0.313333,0.613971,0.055295,0
