time,left_hip_yaw,left_hip_pitch,left_knee,right_hip_yaw,right_hip_pitch,right_knee
0.008000,2.088515,-2.338710,-0.007285,9.496670,-11.041976,-21.399030
0.008000,2.595186,-3.394085,-0.094696,8.444322,-12.626800,-22.426316
0.010000,3.030609,-4.249501,-0.170491,7.669212,-13.989477,-23.453427
0.014000,3.407574,-4.927312,-0.236308,7.152605,-15.165420,-24.512622
0.014000,3.733534,-5.450000,-0.293481,6.861549,-16.178589,-25.600731
0.016000,4.016355,-5.845508,-0.343430,6.756583,-17.059005,-26.714990
0.020000,4.260747,-6.125302,-0.386777,6.821139,-17.818634,-27.854063
0.022000,4.466600,-6.306783,-0.425297,6.968245,-18.434608,-28.893090
0.022000,4.649694,-6.406827,-0.457924,7.293655,-19.003579,-30.065718
0.024000,4.815026,-6.439395,-0.485085,7.797495,-19.553207,-31.408883
0.028000,5.071770,-6.349528,-0.532026,8.820761,-20.345845,-33.713219
0.030000,5.111922,-6.341063,-0.521797,9.478798,-20.793229,-34.853776
0.032000,5.181687,-6.247828,-0.550642,9.462755,-20.710921,-34.971310
0.034000,-1.027215,13.845555,1.112676,41.080654,1.466856,-37.626219
0.034000,-1.048333,13.977382,1.145805,41.991989,1.146499,-38.998254
0.036000,-1.074614,14.114604,1.180151,42.919680,0.828636,-40.391319
0.040000,-1.107525,14.248425,1.236124,44.456634,0.105791,-42.978091
0.042000,-1.138527,14.410800,1.272583,45.427901,-0.188583,-44.425525
0.044000,-1.359188,14.705873,1.327637,46.058881,0.143744,-44.455409
0.044000,-1.205183,14.623754,1.323758,46.666594,-0.519483,-46.179910
0.046000,-1.648134,12.964617,1.453411,45.034760,-2.098732,-45.706446
0.048000,-2.010997,11.194492,1.571315,43.173902,-3.793589,-45.141583
0.052000,-2.445655,7.763902,1.745092,38.967565,-6.919876,-43.388361
0.052000,-2.445655,7.763902,1.745092,38.967565,-6.919876,-43.388361
0.056000,-2.637997,6.427473,1.819479,37.381188,-8.178099,-42.752911
0.058000,-2.566591,5.614602,1.814280,35.855783,-8.787628,-41.871756
0.058000,-2.462567,4.714185,1.805739,34.200234,-9.494136,-40.956345
0.060000,-2.278978,3.987512,1.772296,32.610647,-10.008982,-40.018328
0.064000,-1.651013,2.739671,1.629842,29.308594,-10.836108,-38.144767
0.066000,-1.813326,2.803275,1.668380,29.594892,-10.766321,-38.156454
0.066000,-1.544206,2.324991,1.601808,28.172042,-11.033377,-37.248540
0.068000,-1.317177,2.000188,1.537844,26.992711,-11.152177,-36.401499
0.072000,-0.658552,1.363668,1.357974,24.411113,-11.391156,-34.753790
0.074000,-0.409550,1.080767,1.281560,23.270545,-11.482422,-33.960998
0.076000,-0.555355,1.050073,1.312083,23.416715,-11.521256,-33.959779
0.076000,-0.347264,0.783758,1.244287,22.390649,-11.617249,-33.235902
0.078000,-0.163108,0.542901,1.178944,21.435007,-11.694499,-32.544426
0.080000,0.091834,0.291441,1.101262,20.367185,-11.763196,-31.808212
0.084000,0.504710,0.087101,0.947514,18.738918,-11.632626,-30.559761
0.086000,0.357188,-0.050162,0.965170,18.445256,-11.631795,-30.037267
0.088000,0.536599,-0.215203,0.898971,17.917400,-11.811869,-29.948869
0.088000,0.599034,-0.370216,0.848101,17.276143,-11.843066,-29.428292
0.090000,0.744428,-0.539893,0.782343,16.530589,-11.886272,-28.910011
0.092000,0.871599,-0.691098,0.720431,15.831345,-11.907390,-28.398349
0.096000,1.200300,-0.719316,0.593511,14.726954,-11.645777,-27.479910
0.098000,1.392039,-0.873129,0.525463,14.026659,-11.688032,-27.059605
0.098000,1.293829,-1.110942,0.532969,13.845742,-11.967160,-27.026792
0.100000,1.306132,-1.193748,0.496761,13.434816,-11.939151,-26.628387
0.104000,1.561274,-1.110867,0.396737,12.720159,-11.606443,-25.951522
0.106000,1.497756,-1.407748,0.394755,12.428276,-11.954057,-25.913716
0.106000,1.236079,-1.398977,0.405596,12.421157,-11.826832,-25.522304
0.108000,1.223858,-1.451262,0.375516,12.126224,-11.783324,-25.204379
0.110000,1.261331,-1.470405,0.335530,11.813053,-11.698544,-24.891776
0.112000,1.312360,-1.476301,0.293884,11.513698,-11.602075,-24.598641
0.116000,1.365617,-1.469741,0.252581,11.238099,-11.494352,-24.322729
0.118000,1.501675,-1.508413,0.196367,10.854651,-11.453045,-24.100469
0.118000,1.459820,-1.438815,0.175231,10.760989,-11.267263,-23.818189
0.120000,1.497850,-1.416752,0.139758,10.559234,-11.150303,-23.587540
0.122000,1.518151,-1.380943,0.108653,10.402831,-11.019974,-23.368026
0.124000,1.542680,-1.346696,0.077656,10.252364,-10.894829,-23.162960
0.128000,1.561274,-1.306364,0.048720,10.125784,-10.765435,-22.969527
0.130000,1.575855,-1.261392,0.021454,10.018970,-10.633364,-22.787167
0.130000,1.585650,-1.211069,-0.004012,9.932983,-10.497670,-22.615074
0.132000,1.171623,-1.260733,0.051315,10.211764,-10.486894,-22.418680
0.134000,1.141654,-1.212872,0.032257,10.178162,-10.359293,-22.259327
0.138000,1.151348,-0.584536,0.016991,10.766809,-9.563732,-22.165347
0.140000,1.167465,-0.497870,-0.007339,10.746360,-9.395026,-22.028989
0.142000,1.148141,-1.005721,-0.038105,10.088625,-9.914805,-21.838311
0.142000,1.164571,-1.008873,-0.062944,9.980948,-9.854721,-21.713097
0.144000,1.178555,-1.015185,-0.086275,9.880237,-9.800436,-21.594297
0.148000,1.199179,-0.934188,-0.108572,9.876440,-9.646704,-21.485326
0.150000,1.224858,-0.196330,-0.109507,10.641313,-8.675349,-21.367318
0.152000,1.230471,-0.083572,-0.125938,10.712316,-8.550734,-21.360511
0.152000,1.249048,-0.619407,-0.167646,9.996418,-9.113939,-21.198881
0.154000,1.251844,-0.602011,-0.185596,9.962960,-9.044958,-21.114192
0.156000,0.602260,-1.117961,-0.070485,10.128976,-9.602663,-20.988525
0.158000,0.563031,-1.074470,-0.075527,10.194428,-9.504214,-20.911731
0.162000,0.528623,-1.033841,-0.080236,10.259497,-9.410508,-20.840967
0.162000,0.572531,-0.862643,-0.101772,10.368948,-9.165645,-20.778668
0.164000,0.630519,-0.692277,-0.125415,10.466959,-8.923298,-20.722880
0.166000,0.697787,-0.507854,-0.150808,10.571811,-8.666252,-20.672281
0.168000,0.763727,-0.331160,-0.175474,10.673984,-8.419894,-20.626721
0.172000,0.831762,0.579870,-0.170085,11.684691,-7.287731,-20.631100
0.174000,0.884862,-0.004843,-0.221187,10.873268,-7.963609,-20.548332
0.174000,0.938911,0.142576,-0.241903,10.969343,-7.756149,-20.514626
0.176000,0.979725,0.175627,-0.262777,10.949239,-7.684763,-20.479137
0.178000,1.026982,0.301183,-0.280700,11.037114,-7.505750,-20.450315
0.180000,1.071473,0.419655,-0.297514,11.123965,-7.336367,-20.424264
0.184000,-0.414043,-0.832891,0.052696,11.860524,-8.738011,-20.424065
0.186000,-0.349885,-1.519411,0.003565,10.945780,-9.528311,-20.346446
0.188000,-0.332840,-1.474556,-0.006184,11.023343,-9.458824,-20.367218
0.188000,-0.150300,-1.254697,-0.052403,11.035378,-9.163989,-20.309528
0.190000,0.077130,-0.846655,-0.107759,11.213821,-8.663831,-20.295034
0.192000,0.324153,-0.397243,-0.167439,11.410153,-8.116812,-20.283028
0.196000,0.620350,0.744690,-0.200925,12.461131,-6.752434,-20.358437
0.198000,0.801013,1.413792,-0.258808,12.871899,-5.987433,-20.348868
0.200000,1.025069,0.937555,-0.336760,12.035954,-6.503673,-20.275855
0.200000,1.220316,1.228741,-0.387690,12.113536,-6.147936,-20.272539
0.202000,1.415494,1.442927,-0.435252,12.121697,-5.880900,-20.272661
0.204000,1.607382,1.755007,-0.478263,12.249598,-5.502886,-20.278281
0.208000,-2.395360,-6.033255,0.548151,10.072299,-14.423341,-20.559313
0.210000,-2.036615,-5.623425,0.477155,10.086639,-13.948469,-20.581678
0.212000,-1.359974,-5.525629,0.308870,9.284552,-13.807930,-20.525803
0.212000,-0.279497,-3.269553,0.041854,10.188823,-11.194878,-20.463947
0.214000,1.963423,0.771261,-0.488792,11.379249,-6.533345,-20.373640
0.216000,3.565945,4.168642,-0.884444,12.706560,-2.620616,-20.288861
0.220000,4.311781,7.568425,-1.090415,15.194942,1.282359,-20.283975
0.222000,4.441801,8.401748,-1.146576,15.756352,2.220690,-20.229457
0.224000,4.866589,8.576253,-1.270235,15.306090,2.441165,-20.194590
0.224000,4.462309,8.202272,-1.192896,15.418680,2.010076,-20.217830
0.226000,3.896753,7.438721,-1.072354,15.374444,1.134270,-20.251616
0.228000,3.174824,6.436871,-0.909145,15.328810,-0.014344,-20.298716
0.232000,1.750917,4.911827,-0.561276,15.788522,-1.772544,-20.411527
0.234000,-1.086796,-2.569550,-13.997707,-7.060956,-11.661417,3.473413
0.234000,-0.803644,-2.774290,-14.082597,-7.266247,-11.892794,3.544138
0.236000,-0.464283,-2.972134,-13.789163,-7.317782,-12.022667,3.610179
0.238000,-1.661525,-1.814526,-14.572473,-6.884799,-10.506597,3.195632
0.240000,-3.082700,-0.437066,-15.570809,-6.431987,-8.778438,2.729622
0.244000,-4.739266,1.165218,-16.800121,-5.952222,-6.831236,2.212818
0.244000,-6.420372,2.793184,-18.087413,-5.498703,-4.901817,1.718146
0.246000,-8.043662,4.362195,-19.353859,-5.084994,-3.075516,1.263390
0.248000,-9.552201,5.811912,-20.537717,-4.711537,-1.414100,0.864871
0.250000,-10.914446,7.108472,-21.602267,-4.376611,0.052830,0.526705
0.254000,-10.914446,7.108472,-21.602267,-4.376611,0.052830,0.526705
0.254000,-13.437525,9.414493,-23.409795,-3.576953,2.676253,-0.055961
0.256000,-13.557229,8.888183,-21.750483,-1.496132,2.379524,0.102391
0.258000,-14.367273,9.560560,-22.155304,-1.050523,3.148907,-0.038753
0.260000,-14.852525,9.919299,-22.282113,-0.672724,3.557557,-0.089048
0.262000,-15.362296,10.382449,-22.641318,-0.530811,4.040528,-0.158943
0.266000,-16.072348,11.039032,-23.205293,-0.455267,4.712062,-0.269909
0.268000,-16.091601,11.050502,-23.178286,-0.385767,4.709276,-0.241701
0.268000,-16.369251,11.304399,-23.387177,-0.348021,4.954295,-0.268234
0.270000,-16.555416,11.466408,-23.507448,-0.314649,5.102333,-0.277667
0.272000,-16.734830,11.622535,-23.627482,-0.291683,5.246098,-0.291276
0.276000,-16.875520,11.739848,-23.711110,-0.272882,5.350890,-0.300995
0.278000,-16.989181,11.830530,-23.770434,-0.258027,5.429893,-0.309504
0.278000,-17.076046,11.894892,-23.805005,-0.246100,5.483221,-0.316363
0.282000,-17.013761,11.812232,-23.741176,-0.374241,5.369606,-0.328797
0.284000,-17.153428,11.975557,-23.996715,-0.570866,5.504646,-0.369327
0.284000,-17.360114,12.162328,-24.115712,-0.435836,5.704210,-0.375065
0.286000,-17.420111,12.204736,-24.136368,-0.430645,5.738511,-0.383528
0.290000,-17.188957,11.956597,-23.904906,-0.554495,5.457561,-0.376951
0.292000,-17.448201,12.191078,-24.061241,-0.396642,5.713947,-0.391626
0.292000,-17.427128,12.151479,-23.996169,-0.391856,5.669519,-0.395821
0.296000,-17.091120,11.798131,-23.681658,-0.533418,5.274836,-0.384342
0.298000,-17.388479,12.064995,-23.858176,-0.350500,5.572891,-0.405954
0.300000,-17.377936,12.056002,-23.830582,-0.381083,5.564859,-0.417132
0.300000,-17.377891,12.041660,-23.786685,-0.364216,5.550816,-0.426063
0.302000,-17.335405,11.990313,-23.722684,-0.381949,5.496030,-0.435168
0.306000,-16.843498,11.518664,-23.332897,-0.634908,4.973814,-0.418810
0.308000,-17.413704,12.070663,-23.828786,-0.490533,5.560827,-0.478594
0.308000,-17.376130,12.028836,-23.785370,-0.524110,5.514625,-0.492107
0.310000,-17.411759,12.057797,-23.799960,-0.526704,5.544733,-0.510199
0.312000,-17.351605,11.993621,-23.732309,-0.558022,5.477870,-0.522278
0.314000,-17.287775,11.926728,-23.663275,-0.591449,5.408309,-0.534831
0.318000,-16.647737,11.325173,-23.173265,-0.903527,4.743734,-0.506957
0.320000,-16.552725,11.227155,-23.101445,-0.953203,4.649598,-0.518988
0.320000,-17.047566,11.684772,-23.431335,-0.721471,5.156174,-0.574454
0.322000,-17.055049,11.688918,-23.425165,-0.730397,5.163128,-0.594517
0.324000,-17.077701,11.709873,-23.440386,-0.746950,5.187359,-0.619962
0.328000,-16.393606,11.076605,-22.939316,-1.092825,4.483164,-0.591611
0.330000,-16.925081,11.563750,-23.315925,-0.853318,5.035216,-0.657185
0.330000,-16.820400,11.452452,-23.230889,-0.907004,4.912828,-0.673863
0.332000,-17.158211,11.803211,-23.516683,-0.828512,5.271505,-0.706651
0.334000,-17.104356,11.756362,-23.481933,-0.882316,5.218437,-0.725520
0.338000,-16.341522,11.058917,-22.935935,-1.268621,4.435528,-0.684089
0.340000,-16.944000,11.615196,-23.376623,-1.015276,5.062604,-0.762112
0.342000,-16.823792,11.506222,-23.292531,-1.096009,4.945573,-0.779543
0.342000,-16.804799,11.492784,-23.283891,-1.130785,4.932798,-0.804250
0.344000,-16.685421,11.386429,-23.202738,-1.211656,4.818103,-0.821717
0.346000,-16.577467,11.291042,-23.134365,-1.283089,4.715908,-0.838514
0.350000,-15.723217,10.510469,-22.516478,-1.668953,3.845269,-0.777703
0.350000,-16.344539,11.087783,-22.990230,-1.435803,4.496416,-0.870421
0.352000,-16.232336,10.992203,-22.924276,-1.512203,4.392254,-0.886365
0.354000,-16.233643,11.004194,-22.945538,-1.542231,4.404690,-0.911384
0.356000,-16.766965,11.498907,-23.197284,-1.101790,4.909863,-0.900523
0.358000,-16.730112,11.476703,-23.182256,-1.134338,4.879223,-0.915605
0.362000,-16.681810,11.442454,-23.150841,-1.160495,4.836205,-0.927848
0.362000,-16.523605,11.311822,-23.075656,-1.287455,4.691977,-0.947089
0.364000,-16.328560,11.144465,-22.965727,-1.420424,4.511761,-0.963952
0.366000,-16.141648,10.988341,-22.869592,-1.558671,4.342097,-0.982138
0.368000,-15.958021,10.836843,-22.776260,-1.694408,4.177209,-0.999685
0.372000,-14.957937,9.937413,-22.106148,-2.190785,3.171208,-0.922393
0.374000,-15.633586,10.573277,-22.635579,-1.954258,3.880613,-1.035132
0.376000,-15.465386,10.448270,-22.544733,-2.072545,3.748821,-1.048464
0.376000,-15.476276,10.483373,-22.587821,-2.107066,3.781601,-1.072676
0.378000,-15.346037,10.389862,-22.532716,-2.209745,3.675231,-1.085726
0.380000,-15.221640,10.302520,-22.481279,-2.307197,3.575209,-1.097908
0.384000,-16.151357,10.869026,-22.048038,-0.388569,4.157550,-0.819305
0.386000,-16.799805,11.483279,-22.562161,-0.169158,4.841626,-0.939036
0.386000,-16.776586,11.476497,-22.526818,-0.154770,4.831096,-0.943479
0.388000,-16.535350,11.303352,-22.504825,-0.463259,4.638704,-0.986146
0.392000,-15.159467,10.125669,-21.784261,-1.427860,3.342402,-0.924729
0.394000,-15.737721,10.690646,-22.280380,-1.274266,3.963554,-1.050523
0.394000,-15.305457,10.363118,-22.155574,-1.704018,3.603244,-1.079640
0.396000,-15.033483,10.182987,-22.130860,-2.036441,3.401510,-1.115455
0.400000,-13.839879,9.190306,-21.497008,-2.830856,2.299516,-1.025801
0.400000,-14.277649,9.647092,-21.943206,-2.803289,2.804160,-1.157952
0.402000,-13.913094,9.396208,-21.852485,-3.166249,2.523458,-1.173155
0.404000,-13.679785,9.263069,-21.841270,-3.448573,2.371728,-1.196706
0.406000,-19.142008,12.505440,-21.258565,4.613846,6.048551,-0.577898
0.408000,-18.646710,12.224723,-21.359471,3.822823,5.707664,-0.646792
0.410000,-18.076250,11.872867,-21.386412,3.026655,5.298846,-0.704519
0.412000,-16.513332,10.826457,-21.257066,1.085141,4.134725,-0.825665
0.414000,-13.364189,8.810770,-21.072710,-2.872759,1.901091,-1.059512
0.416000,-11.255994,7.389952,-20.739304,-5.252725,0.353267,-1.167276
0.420000,-9.504088,6.284558,-20.578777,-7.340605,-0.874975,-1.262720
0.420000,-8.538689,5.809568,-20.667332,-8.669126,-1.437032,-1.325526
0.422000,-8.283272,5.783301,-20.809307,-9.116023,-1.508983,-1.333476
0.426000,-8.608628,6.114835,-20.982159,-8.838119,-1.185065,-1.299709
0.428000,1.190330,17.589266,1.127903,34.558713,12.192633,-24.474983
0.428000,2.270347,18.451960,0.973925,34.179027,13.314825,-22.916446
0.430000,3.120527,19.223757,0.855856,33.995566,14.291704,-21.681420
0.434000,-0.748634,18.285794,1.272705,36.477073,13.308179,-20.195564
0.436000,-0.777424,16.328801,1.199140,33.991145,11.204986,-19.070481
0.436000,-1.223164,13.953940,1.198596,31.586525,8.585439,-18.149150
0.438000,-1.226256,11.479966,1.165054,28.729350,5.841358,-17.432530
0.442000,-1.477819,9.063708,1.183893,26.300467,3.121740,-16.906761
0.442000,-1.260647,6.986429,1.148004,23.723794,0.821891,-16.415644
0.444000,-1.278740,5.127363,1.151211,21.680973,-1.268437,-16.069735
0.446000,-1.277410,3.565603,1.153195,19.937134,-3.031934,-15.805516
0.450000,-1.314640,1.093082,1.138920,17.093353,-5.854820,-15.438121
0.450000,-1.348912,1.214923,1.161695,17.325580,-5.713703,-15.470772
0.452000,-1.392847,0.378637,1.161781,16.368546,-6.680932,-15.379014
0.454000,-1.408376,-0.105549,1.155034,15.748735,-7.252278,-15.335130
0.456000,-0.911468,-0.705475,1.069411,14.467979,-7.960319,-15.362576
0.458000,-0.998244,-1.183658,1.067386,13.946477,-8.549589,-15.422676
0.462000,-0.847738,-1.688125,0.989764,12.880969,-9.169097,-15.469649
0.464000,-0.810832,-1.710093,0.995848,12.863813,-9.193207,-15.490952
0.464000,-0.749244,-1.879508,0.961541,12.465511,-9.416349,-15.569408
0.466000,-0.718669,-1.998943,0.936116,12.180076,-9.580826,-15.663834
0.468000,-0.736927,-2.157254,0.913124,11.911943,-9.804583,-15.801419
0.472000,-0.664472,-2.224431,0.874621,11.622592,-9.908590,-15.913033
0.474000,-0.502515,-2.200107,0.820045,11.314710,-9.893777,-16.000309
0.476000,-0.466415,-2.278614,0.786785,11.082062,-10.019631,-16.149592
0.476000,-0.285841,-2.209340,0.729091,10.815826,-9.950019,-16.245839
0.478000,-0.172677,-2.202556,0.683004,10.584432,-9.962847,-16.372604
0.482000,-0.051569,-1.948603,0.610751,10.510064,-9.703468,-16.623415
0.484000,0.428401,-2.201729,0.531705,9.738513,-9.997035,-16.652691
0.484000,0.578932,-2.180634,0.480483,9.504150,-9.987472,-16.778760
0.486000,0.755719,-2.176159,0.428488,9.243863,-9.994192,-16.902483
0.488000,0.872173,-2.124821,0.382770,9.086585,-9.946848,-17.018605
0.492000,0.883797,-1.703802,0.337706,9.384814,-9.475975,-17.243583
0.494000,1.084934,-1.989243,0.295525,8.850268,-9.798221,-17.335649
0.494000,1.159508,-1.956352,0.256583,8.732807,-9.783278,-17.353486
0.496000,1.279619,-1.892611,0.215236,8.608971,-9.707082,-17.435879
0.500000,1.356082,-1.845790,0.177442,8.522251,-9.661916,-17.536694
0.500000,1.429944,-1.770937,0.144707,8.479396,-9.574428,-17.622252
0.502000,1.510120,-1.655442,0.109101,8.462254,-9.433792,-17.693194
0.506000,1.392285,-1.107404,0.102693,9.142961,-8.791364,-17.873937
0.506000,2.008124,-1.493024,-0.020695,8.025073,-9.242210,-17.883057
0.508000,2.094734,-1.383228,-0.055636,8.011606,-9.105449,-17.947146
0.512000,1.924426,-0.867577,-0.043945,8.756493,-8.492481,-18.104936
0.514000,2.210003,-1.293166,-0.114939,7.933925,-8.989711,-18.081605
0.514000,2.216108,-1.200202,-0.133602,8.005022,-8.870391,-18.132835
0.518000,1.917492,-0.637961,-0.095462,8.959913,-8.196866,-18.262133
0.520000,2.215239,-1.096444,-0.172264,8.078711,-8.732628,-18.233676
0.522000,2.188072,-1.004734,-0.187048,8.187853,-8.615053,-18.275680
0.522000,2.192454,-0.977397,-0.205854,8.197959,-8.571337,-18.312291
0.524000,2.152808,-0.892817,-0.216332,8.323517,-8.461013,-18.349776
0.526000,2.106442,-0.802573,-0.224854,8.466047,-8.343669,-18.385535
0.530000,1.667103,-0.083407,-0.148724,9.796804,-7.478750,-18.488672
0.532000,1.979386,-0.595325,-0.234394,8.825140,-8.076715,-18.450917
0.534000,2.408481,-0.517138,-0.321173,8.467565,-7.972613,-18.521076
0.534000,2.422616,-0.516952,-0.338430,8.459011,-7.959892,-18.552982
0.536000,2.397474,-0.458707,-0.345853,8.567764,-7.878118,-18.585382
0.538000,2.298790,-0.385472,-0.340524,8.771054,-7.778743,-18.611609
0.542000,2.189449,-0.296365,-0.330953,9.070705,-7.644102,-18.676326
0.544000,2.036744,-0.187257,-0.317640,9.304475,-7.517946,-18.653353
0.546000,1.926224,-0.137932,-0.308024,9.508507,-7.447465,-18.680777
0.546000,1.791462,-0.055568,-0.294738,9.766196,-7.338114,-18.700189
0.550000,1.663583,0.014430,-0.282171,10.009092,-7.242495,-18.721279
0.550000,1.505717,0.129253,-0.264960,10.325154,-7.092711,-18.733211
0.552000,1.408261,0.153903,-0.256522,10.497750,-7.052130,-18.761360
0.554000,1.258468,0.267687,-0.241027,10.806539,-6.906572,-18.777589
0.558000,1.425776,0.805779,-0.239808,11.426174,-6.250939,-18.926611
0.560000,1.796512,0.223178,-0.342900,10.295710,-6.928594,-18.879520
0.560000,1.725688,0.266523,-0.337962,10.460120,-6.864808,-18.902735
0.562000,1.610109,0.247676,-0.329507,10.588968,-6.874878,-18.915129
0.564000,1.433770,0.311250,-0.306661,10.886722,-6.788060,-18.929157
0.566000,1.246119,0.376592,-0.281826,11.199387,-6.699445,-18.942538
0.570000,0.602497,1.019754,-0.142316,12.796284,-5.927269,-19.030549
0.572000,0.927609,0.433369,-0.237597,11.709294,-6.607490,-18.978964
0.572000,0.692468,0.568238,-0.204883,12.139008,-6.435413,-18.979072
0.574000,0.629712,0.492886,-0.204109,12.168250,-6.516413,-19.006181
0.576000,0.457901,0.568233,-0.181740,12.477995,-6.418003,-19.020758
0.580000,-0.200367,1.360503,-0.045383,14.219547,-5.475895,-19.090718
0.582000,0.068399,0.798255,-0.128389,13.291184,-6.116530,-19.067026
0.582000,1.390617,0.377428,-0.331913,11.522348,-6.592838,-19.181125
0.586000,1.038487,0.878355,-0.245189,12.649242,-6.000691,-19.294966
0.588000,1.294628,0.305195,-0.325901,11.656929,-6.662735,-19.241585
0.590000,0.980042,0.428178,-0.280390,12.167832,-6.511443,-19.247874
0.590000,0.668113,0.506761,-0.239936,12.609750,-6.412886,-19.246642
0.592000,0.291318,0.671348,-0.185562,13.227778,-6.214184,-19.247806
0.596000,-0.643409,1.599181,-0.012884,15.384345,-5.123405,-19.292260
0.596000,-0.540484,1.094652,-0.067842,14.625489,-5.705274,-19.229881
0.598000,-0.816763,1.170053,-0.030125,15.059336,-5.616281,-19.256914
0.600000,-1.093155,1.227986,0.002135,15.439279,-5.545106,-19.261145
0.604000,-1.773648,2.035265,0.128512,17.189357,-4.600419,-19.320370
0.606000,-1.804572,1.592121,0.095587,16.637288,-5.110980,-19.251076
0.606000,0.754444,0.889792,-0.264769,13.423777,-5.893023,-19.507522
0.608000,-0.839628,1.222705,-0.045711,15.425292,-5.523318,-19.419306
0.612000,-2.122339,1.578487,0.131283,17.145145,-5.118825,-19.347208
0.612000,-3.832826,2.678523,0.335974,19.922380,-3.866177,-19.190962
0.614000,-3.504448,1.973437,0.320495,19.094606,-4.662249,-19.310995
0.616000,-3.753811,2.134290,0.348117,19.561726,-4.475840,-19.321972
0.620000,-3.522151,2.623641,0.336635,20.027246,-3.905388,-19.445506
0.622000,-3.390559,2.187392,0.291229,19.402197,-4.402050,-19.430907
0.624000,-1.038001,-4.086324,-12.296762,-5.598523,-13.003271,3.789551
0.624000,-0.525442,-4.494194,-11.701708,-5.608996,-13.294948,3.873473
0.626000,0.015108,-4.921675,-11.170600,-5.707083,-13.632520,3.956183
0.628000,-1.110394,-3.659255,-12.006515,-5.487056,-12.049714,3.513109
0.632000,-2.496948,-2.123612,-13.117107,-5.250155,-10.209969,3.012030
0.632000,-4.253229,-1.107609,-12.949730,-3.062829,-8.746233,2.742115
0.634000,-5.890993,0.610246,-14.203376,-2.642917,-6.759183,2.236749
0.636000,-7.464019,2.249480,-15.416859,-2.242536,-4.890238,1.774796
0.640000,-8.831943,3.802277,-16.684079,-2.144459,-3.160328,1.337814
0.642000,-10.231925,5.320644,-17.946599,-1.981864,-1.510119,0.952313
0.642000,-11.379829,6.596044,-19.033220,-1.927109,-0.133405,0.630341
0.644000,-12.396618,7.701507,-19.979596,-1.868441,1.046881,0.367683
0.646000,-13.251089,8.616206,-20.771991,-1.830755,2.013562,0.159719
0.650000,-13.916517,9.323726,-21.389497,-1.828928,2.757022,0.000937
0.652000,-14.579611,9.978297,-21.958646,-1.759610,3.431003,-0.123672
0.652000,-15.079745,10.462089,-22.381379,-1.726409,3.925651,-0.214450
0.654000,-15.507007,10.854310,-22.719730,-1.682168,4.322111,-0.281002
0.656000,-15.733826,11.094735,-22.999680,-1.831813,4.550578,-0.342858
0.660000,-16.055396,11.359473,-23.229757,-1.783176,4.810728,-0.379443
0.660000,-16.279810,11.527779,-23.373163,-1.755711,4.973000,-0.403110
0.662000,-16.484930,11.665777,-23.475997,-1.699188,5.105943,-0.417638
0.666000,-16.645636,11.757823,-23.535272,-1.643459,5.193277,-0.425821
0.668000,-16.782308,11.824277,-23.566918,-1.580424,5.256308,-0.430201
0.668000,-16.893716,11.866842,-23.575241,-1.517767,5.296506,-0.432078
0.670000,-16.986097,11.893013,-23.567905,-1.456894,5.321387,-0.432813
0.674000,-17.059113,11.902006,-23.543078,-1.395989,5.330443,-0.432310
0.676000,-17.119908,11.902824,-23.511391,-1.339173,5.332256,-0.432087
0.676000,-17.166803,11.893547,-23.469894,-1.285956,5.325106,-0.432050
0.678000,-17.204434,11.878390,-23.423851,-1.236143,5.313388,-0.432565
0.682000,-17.233365,11.858308,-23.374071,-1.190227,5.297539,-0.433731
0.682000,-16.973954,11.578154,-23.159872,-1.323547,5.014288,-0.434942
0.684000,-16.957923,11.521572,-23.085303,-1.301594,4.962518,-0.437380
0.688000,-16.932775,11.459457,-23.007720,-1.285621,4.905593,-0.440645
0.690000,-16.947605,11.439322,-22.963591,-1.255643,4.891381,-0.446525
0.690000,-16.963483,11.422514,-22.921868,-1.224979,4.881042,-0.452969
0.694000,-16.982463,11.410566,-22.883987,-1.191605,4.876189,-0.459832
0.696000,-17.000935,11.402458,-22.854430,-1.167776,4.874767,-0.468441
0.696000,-17.008647,11.386667,-22.821283,-1.152266,4.865498,-0.477634
0.700000,-17.025095,11.380214,-22.793065,-1.129282,4.866212,-0.486749
0.702000,-17.031312,11.367008,-22.763562,-1.117311,4.859663,-0.496834
0.702000,-17.034716,11.353244,-22.735344,-1.109481,4.852410,-0.507513
0.704000,-17.033727,11.337463,-22.707765,-1.107246,4.842877,-0.518855
0.708000,-16.399050,10.726092,-22.268881,-1.429335,4.193316,-0.487291
0.710000,-16.642129,10.928911,-22.367457,-1.263936,4.442347,-0.532484
0.712000,-16.581428,10.861096,-22.307809,-1.298903,4.379181,-0.544945
0.712000,-16.623824,10.892121,-22.319767,-1.284878,4.420837,-0.564023
0.716000,-16.657055,10.915443,-22.331497,-1.279817,4.447104,-0.577718
0.718000,-16.678871,10.933252,-22.344869,-1.294286,4.469201,-0.594482
0.718000,-16.665844,10.918544,-22.329059,-1.320423,4.463235,-0.612955
0.720000,-16.672427,10.923004,-22.331968,-1.341035,4.473526,-0.631303
0.724000,-16.701959,10.948551,-22.352762,-1.349948,4.502168,-0.648808
0.726000,-16.707491,10.955819,-22.363164,-1.380167,4.513719,-0.668174
0.726000,-16.679240,10.930812,-22.340002,-1.414250,4.496130,-0.685998
0.728000,-16.675188,10.929942,-22.341455,-1.444101,4.499179,-0.704067
0.730000,-16.668802,10.927818,-22.341899,-1.474952,4.500574,-0.721876
0.734000,-16.136255,10.341362,-21.722037,-1.405146,3.939688,-0.679470
0.736000,-16.110865,10.317255,-21.702740,-1.431050,3.916372,-0.693447
0.736000,-16.052038,10.261593,-21.651003,-1.462024,3.864729,-0.706122
0.738000,-16.044377,10.265816,-21.658809,-1.502178,3.873636,-0.725132
0.742000,-15.791435,10.085770,-21.584500,-1.752816,3.616416,-0.686546
0.744000,-16.164917,10.415345,-21.823770,-1.582486,4.018393,-0.771181
0.744000,-16.217372,10.484474,-21.899072,-1.623879,4.085749,-0.793680
0.746000,-16.261194,10.537217,-21.939971,-1.635766,4.149983,-0.819841
0.750000,-15.916869,10.268924,-21.771280,-1.882992,3.804187,-0.766587
0.750000,-16.334210,10.646120,-22.058955,-1.718115,4.254331,-0.861118
0.752000,-16.404570,10.738781,-22.164615,-1.769815,4.338175,-0.884210
0.756000,-16.047085,10.453843,-21.968006,-1.994695,3.981287,-0.828703
0.758000,-15.538673,9.716344,-20.903675,-1.303071,3.390615,-0.766927
0.758000,-15.472885,9.650870,-20.846792,-1.327179,3.331359,-0.773940
0.760000,-15.474881,9.655167,-20.821992,-1.305307,3.349269,-0.789226
0.764000,-15.606678,9.821680,-21.015559,-1.385380,3.501671,-0.819707
0.764000,-15.601224,9.852086,-21.077663,-1.484963,3.525247,-0.841573
0.766000,-15.809683,10.110674,-21.362210,-1.580315,3.765368,-0.880284
0.770000,-15.917792,10.259709,-21.534215,-1.664144,3.899777,-0.908022
0.772000,-15.944888,10.333666,-21.653938,-1.789902,3.957310,-0.933965
0.772000,-16.033983,10.470247,-21.820814,-1.891914,4.076990,-0.962431
0.774000,-16.111692,10.596626,-21.977040,-1.994853,4.186461,-0.990057
0.778000,-16.178090,10.711403,-22.099603,-2.066023,4.282861,-1.012294
0.778000,-16.307857,10.900571,-22.345144,-2.213487,4.450786,-1.050714
0.780000,-16.321338,10.956154,-22.408167,-2.281573,4.497277,-1.068130
0.782000,-14.072147,8.006240,-18.708734,-0.484999,1.812067,-0.596940
0.784000,-14.528535,8.446315,-19.077962,-0.374978,2.315595,-0.716624
0.784000,-14.038578,8.064643,-18.858374,-0.735363,1.842236,-0.637742
0.788000,-14.382131,8.529141,-19.428345,-1.019508,2.265250,-0.713686
0.790000,-14.765878,9.067934,-20.109018,-1.386094,2.739024,-0.794568
0.794000,-15.231880,9.675472,-20.822191,-1.682970,3.291446,-0.882944
0.794000,-15.728288,10.363008,-21.665676,-2.105812,3.906835,-0.992117
0.796000,-16.177057,10.981615,-22.404132,-2.454453,4.461567,-1.087358
0.798000,-16.554706,11.501463,-23.004915,-2.718881,4.927598,-1.163983
0.800000,-16.949633,12.108782,-23.764542,-3.163230,5.459860,-1.267814
0.802000,-17.260203,12.593884,-24.350108,-3.493794,5.884684,-1.347812
0.804000,-18.022571,13.659572,-25.575059,-4.036869,6.843997,-1.507621
0.808000,-9.860947,1.582452,-10.227940,4.696953,-3.886225,0.576624
0.810000,-12.120753,5.091260,-14.798287,1.860716,-0.798256,-0.058515
0.810000,-13.574520,7.423640,-17.826256,-0.062859,1.248223,-0.485457
0.812000,0.666879,24.243684,0.793042,39.545357,18.544705,-26.429177
0.814000,1.250460,25.286196,0.686613,39.690503,19.772877,-25.144616
0.818000,1.941201,26.412539,0.566870,39.836650,21.087117,-23.993280
0.818000,2.513388,27.365875,0.472841,40.014325,22.182549,-23.119122
0.820000,3.030184,24.855694,0.357831,36.654806,19.517494,-22.175839
0.822000,3.289762,21.679979,0.312029,33.090567,16.101663,-21.431547
0.826000,3.463015,18.066505,0.298568,29.305974,12.198058,-20.834069
0.828000,3.576241,14.592691,0.308413,25.815021,8.437523,-20.363628
0.828000,3.618840,11.425885,0.333899,22.742028,5.002568,-19.987271
0.830000,3.605191,8.696856,0.364553,20.152443,2.035615,-19.677050
0.834000,-1.805566,2.252182,1.274811,19.992293,-5.102724,-19.066560
0.836000,-1.822334,2.724389,1.279546,20.484108,-4.579029,-19.088878
0.836000,-2.575671,0.938879,1.416428,19.566480,-6.569648,-18.921480
0.838000,-2.453849,0.528025,1.388167,18.845358,-7.015318,-18.700855
0.842000,-2.564139,-0.309414,1.406790,18.050631,-7.963506,-18.593236
0.842000,-2.359845,-0.538009,1.357171,17.390049,-8.216849,-18.441502
0.844000,-2.284641,-0.879454,1.331706,16.805862,-8.611840,-18.361256
0.846000,-2.196976,-1.090688,1.299905,16.323762,-8.864583,-18.303814
0.848000,-2.111145,-1.278243,1.267644,15.874321,-9.093346,-18.274653
0.850000,-2.028009,-1.415015,1.233885,15.478480,-9.266685,-18.264991
0.852000,-2.028009,-1.415015,1.233885,15.478480,-9.266685,-18.264991
0.852000,-1.765050,-1.422754,1.138453,14.800344,-9.307781,-18.260303
0.856000,-1.331381,-1.333542,1.037429,14.243404,-9.233291,-18.325109
0.858000,-1.185764,-1.345400,0.985912,13.902864,-9.265415,-18.363216
0.860000,-1.030647,-1.363027,0.936586,13.574296,-9.301752,-18.414150
0.862000,-0.920518,-1.396249,0.895386,13.288950,-9.354379,-18.468668
0.866000,-0.770031,-1.660138,0.843326,12.716932,-9.679554,-18.534354
0.866000,-0.696188,-1.448397,0.815998,12.765251,-9.437656,-18.587237
0.868000,-0.577839,-1.461353,0.773396,12.509895,-9.462335,-18.646382
0.872000,-0.416612,-1.575353,0.717678,12.076851,-9.604783,-18.782458
0.872000,-0.334770,-1.422099,0.686090,12.070708,-9.432382,-18.759908
0.874000,-0.209963,-1.408172,0.641286,11.847299,-9.421454,-18.814015
0.876000,-0.086049,-1.369309,0.597147,11.656854,-9.380428,-18.862613
0.878000,0.036450,-1.350183,0.552821,11.450801,-9.360208,-18.911893
0.882000,0.156213,-1.327979,0.509169,11.255821,-9.334884,-18.958462
0.884000,0.425923,-0.663481,0.420489,11.463358,-8.581345,-18.999497
0.884000,0.547456,-0.566310,0.375006,11.343054,-8.467918,-19.040561
0.886000,0.664176,-0.466931,0.330715,11.235224,-8.350545,-19.078842
0.888000,0.757657,-0.475472,0.294380,11.065286,-8.353765,-19.119018
0.892000,0.791875,-0.587863,0.281746,10.932931,-8.463128,-19.235589
0.894000,0.921381,-0.536308,0.228528,10.726523,-8.406309,-19.189856
0.896000,0.992693,-0.571663,0.198276,10.570570,-8.436709,-19.219708
0.898000,1.063365,-0.580841,0.166591,10.436242,-8.437209,-19.240968
0.898000,1.121260,-0.603508,0.139112,10.313352,-8.451593,-19.263810
0.900000,1.172076,-0.619337,0.113035,10.207584,-8.457531,-19.283781
0.902000,1.215498,-0.633107,0.088722,10.115762,-8.460436,-19.301414
0.906000,1.129146,-0.578744,0.108406,10.350166,-8.369059,-19.389419
0.908000,1.400964,0.211698,-0.000420,10.606749,-7.474349,-19.329334
0.910000,1.429535,0.302180,-0.023941,10.633371,-7.357044,-19.340216
0.910000,1.467186,0.397048,-0.053769,10.639267,-7.235255,-19.341282
0.912000,1.474569,0.345898,-0.071456,10.563219,-7.277848,-19.350375
0.914000,1.476210,0.274159,-0.087080,10.477911,-7.343512,-19.357655
0.918000,1.470836,0.178353,-0.099656,10.384044,-7.436157,-19.364411
0.918000,1.461144,0.083658,-0.110676,10.299629,-7.527311,-19.369355
0.920000,1.447341,-0.006530,-0.120292,10.227410,-7.613150,-19.372774
0.922000,1.429769,-0.087820,-0.128800,10.170559,-7.688715,-19.374786
0.924000,1.405993,-0.163354,-0.135758,10.128688,-7.757620,-19.375597
0.928000,1.381037,-0.232965,-0.142177,10.096115,-7.818501,-19.375731
0.930000,1.355472,-0.291803,-0.148255,10.076740,-7.866991,-19.375606
0.930000,1.324704,-0.347367,-0.153022,10.068703,-7.911659,-19.375214
0.934000,1.332007,0.905534,-0.203759,11.172115,-6.469192,-19.367412
0.934000,1.290618,0.984387,-0.210375,11.297750,-6.360883,-19.365666
0.936000,1.248863,1.117639,-0.218305,11.473874,-6.190651,-19.363922
0.938000,1.205365,0.974798,-0.217128,11.409715,-6.334557,-19.370184
0.942000,1.163285,0.800638,-0.214668,11.318527,-6.514159,-19.376317
0.944000,1.109986,0.509114,-0.205251,11.138317,-6.825624,-19.379218
0.944000,1.083505,0.372856,-0.206068,11.068564,-6.963996,-19.388215
0.946000,1.044816,0.171523,-0.201316,10.957602,-7.174717,-19.392688
0.948000,1.007547,0.001777,-0.197221,10.875840,-7.349608,-19.396198
0.950000,0.960301,-0.164193,-0.190832,10.811118,-7.520273,-19.399385
0.954000,0.920122,-0.311346,-0.185619,10.758599,-7.669474,-19.403307
0.956000,0.861780,-0.505007,-0.173779,10.689846,-7.869357,-19.403906
0.956000,0.329047,1.922038,-0.183363,13.373963,-5.099240,-19.342587
0.958000,0.246790,1.992880,-0.179803,13.557592,-5.000899,-19.341725
0.960000,0.157253,2.066187,-0.175082,13.753127,-4.899893,-19.341408
0.962000,0.158954,1.692021,-0.168680,13.461783,-5.308128,-19.363402
0.966000,0.177119,1.259304,-0.161672,13.105096,-5.783095,-19.386946
0.968000,0.187632,0.718669,-0.146314,12.668354,-6.378352,-19.407748
0.968000,0.266476,0.286658,-0.148590,12.251523,-6.854969,-19.437569
0.970000,0.239693,-0.275025,-0.124488,11.845398,-7.477354,-19.459029
0.972000,0.204335,-0.721925,-0.100169,11.556056,-7.966239,-19.473724
0.976000,0.311400,-0.966935,-0.107963,11.290774,-8.226662,-19.498642
0.976000,0.275487,-1.422834,-0.081456,11.006534,-8.728242,-19.521201
0.978000,0.359021,-1.661827,-0.085174,10.779771,-8.984964,-19.552537
0.980000,0.513074,-1.765077,-0.103113,10.601951,-9.083111,-19.584360
0.982000,-1.683136,5.473343,-0.114481,18.979022,-0.860821,-19.246288
0.984000,-1.722359,5.263078,-0.103704,18.907151,-1.082544,-19.265721
0.988000,-1.492802,5.160975,-0.139685,18.646200,-1.177971,-19.303315
0.990000,-1.107094,3.369658,-0.113107,16.799192,-3.194909,-19.420603
0.990000,-0.578598,1.409143,-0.100325,14.659958,-5.408907,-19.556576
0.992000,-0.222067,-0.755454,-0.040766,12.554011,-7.853500,-19.685775
0.994000,0.468941,-4.902684,0.088003,8.516445,-12.545906,-19.909900
0.996000,0.920541,-7.776260,0.197246,5.807087,-15.788118,-20.071176
1.000000,1.278874,-9.472451,0.259186,4.173262,-17.695258,-20.189541
1.002000,1.252768,-10.160870,0.324871,3.790805,-18.461585,-20.248321
1.002000,1.278975,-9.374375,0.299211,4.568555,-17.544086,-20.250913
1.004000,1.164572,-7.917445,0.251758,6.044580,-15.862698,-20.224212
1.006000,3.424724,-8.691662,-7.860651,-6.916754,-16.998205,3.979531
1.010000,4.193032,-9.398815,-7.102189,-6.992917,-17.489273,4.077846
1.012000,4.934328,-10.114787,-6.402941,-7.115173,-18.045668,4.180020
1.012000,3.418139,-8.410178,-7.681537,-6.744091,-16.128264,3.724897
1.014000,1.641206,-6.388370,-9.276564,-6.396750,-13.940098,3.204128
1.016000,-0.378112,-4.046523,-11.173426,-6.079975,-11.460584,2.617656
1.020000,-2.357353,-1.770426,-13.055095,-5.785156,-9.088855,2.055491
1.022000,-4.229366,0.347290,-14.834143,-5.503090,-6.910151,1.539393
1.022000,-5.907141,2.263487,-16.457275,-5.296154,-4.952337,1.081882
1.024000,-7.400548,3.949626,-17.903684,-5.128290,-3.244396,0.689324
1.026000,-8.713950,5.408470,-19.170985,-4.992586,-1.779344,0.361157
1.028000,-9.846963,6.633999,-20.245783,-4.874313,-0.557470,0.095092
1.032000,-10.826113,7.656736,-21.149065,-4.762481,0.454846,-0.116335
1.032000,-13.586205,9.387933,-21.386049,-1.556073,2.387711,-0.044975
1.034000,-14.527432,10.220119,-21.979738,-1.122120,3.224224,-0.144593
1.036000,-15.365741,10.923763,-22.452328,-0.678611,3.932832,-0.210697
1.038000,-15.831721,11.368890,-22.848136,-0.617728,4.363009,-0.273184
1.040000,-16.177484,11.694481,-23.155824,-0.607147,4.672577,-0.317805
1.042000,-16.418634,11.919781,-23.392612,-0.646636,4.880871,-0.349807
1.046000,-16.589940,12.067379,-23.560849,-0.694763,5.013615,-0.370648
1.048000,-16.802717,12.252976,-23.741219,-0.707107,5.188013,-0.388546
1.050000,-16.849383,12.261140,-23.794799,-0.773252,5.183904,-0.394887
1.050000,-16.936334,12.307404,-23.858378,-0.802225,5.222883,-0.400719
1.052000,-16.936334,12.307404,-23.858378,-0.802225,5.222883,-0.400719
1.056000,-17.045959,12.326322,-23.903688,-0.840403,5.236103,-0.405455
1.058000,-16.533509,11.833244,-23.633230,-1.265457,4.732590,-0.413866
1.060000,-16.501952,11.759086,-23.590260,-1.319851,4.659686,-0.416977
1.060000,-16.460508,11.676531,-23.533858,-1.365950,4.580796,-0.419843
1.062000,-16.572513,11.740281,-23.562324,-1.310237,4.651275,-0.424509
1.064000,-16.539516,11.662627,-23.500042,-1.330352,4.579946,-0.428894
1.068000,-16.616552,11.684912,-23.471455,-1.297118,4.599729,-0.434440
1.070000,-16.685422,11.720844,-23.493892,-1.238377,4.656597,-0.439654
1.070000,-16.643794,11.642159,-23.420208,-1.257410,4.586987,-0.446165
1.072000,-16.704587,11.664936,-23.410696,-1.214226,4.621089,-0.452777
1.074000,-16.732995,11.658711,-23.380054,-1.189551,4.626255,-0.459515
1.078000,-16.889234,11.781160,-23.461399,-1.168584,4.735407,-0.452808
1.080000,-16.806028,11.668660,-23.333864,-1.131402,4.660394,-0.474233
1.082000,-16.839425,11.673170,-23.309598,-1.101614,4.678025,-0.482058
1.082000,-16.127248,10.983500,-22.863278,-1.571076,3.992323,-0.504266
1.084000,-16.041625,10.878441,-22.770247,-1.616504,3.899513,-0.514404
1.086000,-15.981031,10.799254,-22.696184,-1.649959,3.832694,-0.525132
1.088000,-16.037886,10.832893,-22.695434,-1.611273,3.879678,-0.535695
1.092000,-16.115010,10.888545,-22.712857,-1.566402,3.948448,-0.547190
1.094000,-16.204981,10.960559,-22.746124,-1.520346,4.031716,-0.558079
1.096000,-16.300445,11.037368,-22.780703,-1.469551,4.121520,-0.570194
1.096000,-16.393074,11.112924,-22.815442,-1.421997,4.209921,-0.582395
1.100000,-16.581740,11.282069,-22.914786,-1.321877,4.391083,-0.593675
1.100000,-16.706799,11.392227,-22.977770,-1.264039,4.513634,-0.606678
1.102000,-16.684691,11.359290,-22.934796,-1.274858,4.495095,-0.618903
1.106000,-16.735121,11.397849,-22.946352,-1.254218,4.547484,-0.633859
1.106000,-16.005185,10.678123,-22.423810,-1.632009,3.837866,-0.646366
1.108000,-15.854958,10.523783,-22.297975,-1.713249,3.698343,-0.661536
1.110000,-15.809166,10.471496,-22.245549,-1.741108,3.658987,-0.675876
1.112000,-15.917654,10.574376,-22.314306,-1.706834,3.771677,-0.691657
1.114000,-16.098120,10.746657,-22.430245,-1.634242,3.955322,-0.708683
1.118000,-16.246215,10.887586,-22.522285,-1.574958,4.107478,-0.724943
1.118000,-16.365546,11.003522,-22.603230,-1.540306,4.231704,-0.740417
1.120000,-16.494243,11.127921,-22.687795,-1.498309,4.365773,-0.756894
1.122000,-16.611869,11.240909,-22.760122,-1.455079,4.488654,-0.771944
1.124000,-16.722089,11.348340,-22.832491,-1.422506,4.605024,-0.787776
1.128000,-16.933326,11.555293,-22.985827,-1.352917,4.817366,-0.805002
1.130000,-16.832295,11.459437,-22.908142,-1.420721,4.732650,-0.819099
1.132000,-17.003906,11.629085,-23.028151,-1.363663,4.910445,-0.834982
1.132000,-15.689149,10.337664,-22.028623,-1.911457,3.638308,-0.825727
1.134000,-15.653829,10.307305,-21.998943,-1.944663,3.616460,-0.838280
1.138000,-15.602351,10.259984,-21.949726,-1.973420,3.578529,-0.848744
1.138000,-15.785855,10.448488,-22.096959,-1.931470,3.772470,-0.867350
1.140000,-15.998012,10.663094,-22.257357,-1.865918,3.993135,-0.884797
1.144000,-16.240855,10.905562,-22.432046,-1.775429,4.242353,-0.901164
1.146000,-16.479340,11.147573,-22.621024,-1.712709,4.487962,-0.920681
1.146000,-16.702944,11.372230,-22.788234,-1.641926,4.717239,-0.937801
1.148000,-16.748217,11.422830,-22.820772,-1.641824,4.773532,-0.950884
1.150000,-16.916003,11.590026,-22.932289,-1.574485,4.946699,-0.963819
1.154000,-17.064693,11.741685,-23.040097,-1.529662,5.102492,-0.978088
1.156000,-17.223233,11.906891,-23.169043,-1.499802,5.269491,-0.994932
1.156000,-15.101027,9.713961,-21.046860,-1.619273,3.177366,-0.860478
1.158000,-14.873879,9.497920,-20.853591,-1.692922,2.971352,-0.860348
1.160000,-15.107346,9.733337,-21.021341,-1.606034,3.209731,-0.873914
1.162000,-15.504575,10.137148,-21.357923,-1.515777,3.609639,-0.899829
1.164000,-15.991682,10.635066,-21.791082,-1.431059,4.097814,-0.933347
1.166000,-16.107018,10.776499,-21.954361,-1.503579,4.230220,-0.957087
1.168000,-16.566526,11.249444,-22.372661,-1.438901,4.690571,-0.990501
1.170000,-16.988850,11.685950,-22.759874,-1.385329,5.113977,-1.022162
1.174000,-17.539570,12.240516,-23.233072,-1.266782,5.653452,-1.055979
1.176000,-17.845759,12.569013,-23.533928,-1.262494,5.969523,-1.084387
1.178000,-18.219922,12.957133,-23.872390,-1.212246,6.344182,-1.112458
1.178000,-18.532406,13.286993,-24.162922,-1.183783,6.660653,-1.138163
1.182000,-18.820556,13.593738,-24.431579,-1.159356,6.954321,-1.162565
1.184000,-9.560137,3.850066,-14.669602,-0.829767,-2.271648,-0.374090
1.184000,-11.153583,5.496502,-16.211953,-0.711797,-0.696359,-0.488150
1.188000,-11.923756,6.309534,-16.985273,-0.697655,0.077474,-0.548539
1.190000,-16.692281,11.255393,-21.791625,-0.587660,4.789409,-0.928011
1.190000,-20.244150,14.914367,-25.295868,-0.409861,8.279026,-1.203791
1.192000,-22.904868,17.665003,-27.948518,-0.318532,10.894164,-1.417709
1.196000,-24.081204,18.886950,-29.117438,-0.283843,12.045525,-1.512914
1.196000,-2.286365,27.388846,1.039127,45.319888,20.864440,-26.237038
1.200000,-1.358136,28.994667,0.868921,45.555189,22.778036,-24.056229
1.202000,-0.364611,30.646177,0.689306,45.801231,24.731549,-22.123413
1.202000,0.382962,27.909909,0.563919,41.988162,21.890215,-20.950750
1.204000,0.947906,24.554910,0.495590,37.927603,18.354207,-20.067551
1.206000,-1.964252,18.009014,1.094627,35.153982,11.217324,-19.620597
1.210000,-2.113822,13.708985,1.179607,31.259747,6.574845,-19.263081
1.212000,-2.129969,10.211745,1.219171,27.874670,2.854861,-18.840592
1.212000,-1.944295,7.378028,1.219232,24.915033,-0.179173,-18.545933
1.214000,-1.789529,5.059085,1.237657,22.531909,-2.668874,-18.338757
1.216000,-1.667652,3.230906,1.252693,20.629714,-4.640010,-18.179547
1.218000,-1.611942,1.777435,1.271484,19.137051,-6.217320,-18.062669
1.222000,-1.621482,1.000405,1.279609,18.293007,-7.069658,-17.954647
1.224000,-1.616094,0.234084,1.283053,17.437070,-7.915658,-17.891569
1.224000,-1.648387,-0.341874,1.285113,16.782409,-8.561038,-17.854094
1.226000,-1.683306,-0.806185,1.282989,16.227594,-9.088545,-17.844864
1.228000,-1.717641,-1.154169,1.276055,15.773465,-9.491772,-17.856195
1.232000,-1.746891,-1.415820,1.264823,15.391471,-9.802150,-17.886657
1.232000,-1.592178,-1.232066,1.205262,15.187200,-9.616412,-17.910642
1.234000,-1.575465,-1.358638,1.181360,14.884051,-9.778101,-17.971174
1.238000,-1.554102,-1.626071,1.161847,14.488049,-10.111840,-18.100444
1.240000,-1.484881,-1.451195,1.118240,14.374928,-9.921463,-18.122448
1.240000,-1.426538,-1.503533,1.084796,14.111629,-9.998276,-18.212380
1.242000,-1.350954,-1.506824,1.046878,13.876858,-10.018307,-18.301802
1.244000,-1.264139,-1.538443,1.008392,13.614980,-10.068510,-18.400077
1.248000,-1.158789,-1.554765,0.966489,13.352975,-10.099623,-18.499303
1.250000,-1.031711,-1.601649,0.922453,13.048515,-10.162472,-18.601285
1.252000,-0.872697,-1.760268,0.876228,12.630928,-10.358025,-18.737441
1.252000,-0.766595,-1.555989,0.827738,12.565139,-10.127448,-18.792696
1.254000,-0.622237,-1.531491,0.778669,12.321022,-10.105148,-18.884582
1.256000,-0.418165,-1.067935,0.703693,12.397691,-9.589600,-18.951190
1.260000,-0.253013,-1.029829,0.651240,12.155781,-9.547882,-19.037339
1.262000,-0.022547,-1.214525,0.613139,11.722028,-9.751997,-19.163658
1.262000,0.128563,-1.184868,0.565683,11.506513,-9.716624,-19.247482
1.266000,0.269840,-1.055424,0.491381,11.303552,-9.574382,-19.298337
1.266000,0.338784,-0.830121,0.449060,11.338156,-9.313451,-19.338897
1.268000,0.464037,-0.777276,0.401816,11.167860,-9.248689,-19.398342
1.270000,0.607874,-0.787210,0.357031,10.939267,-9.252142,-19.461659
1.274000,0.810662,-0.955888,0.306501,10.512533,-9.434809,-19.538962
1.276000,0.867327,-0.807756,0.273901,10.528422,-9.257360,-19.578519
1.276000,0.986416,-0.815841,0.234628,10.342570,-9.256331,-19.630008
1.278000,1.086874,-0.791957,0.197809,10.208317,-9.219047,-19.674314
1.280000,1.188024,-0.789271,0.161632,10.057673,-9.204724,-19.716436
1.284000,1.221754,-0.294469,0.139982,10.522424,-8.629224,-19.834453
1.286000,1.208954,-0.197738,0.102094,10.482084,-8.521054,-19.764971
1.288000,1.240548,-0.090699,0.075331,10.508958,-8.389075,-19.791778
1.288000,1.326545,-0.138401,0.042451,10.333791,-8.429027,-19.818483
1.290000,1.395023,-0.175015,0.014904,10.200493,-8.455767,-19.847961
1.292000,1.463559,-0.232507,-0.011555,10.051509,-8.505437,-19.875669
1.296000,1.546788,-0.318715,-0.014657,9.959679,-8.588553,-19.957802
1.298000,1.577711,-0.331244,-0.063318,9.793001,-8.586101,-19.917581
1.300000,1.623064,-0.371514,-0.087653,9.686462,-8.616157,-19.933382
1.300000,1.653657,-0.391791,-0.112728,9.604418,-8.623871,-19.940223
1.302000,1.683426,-0.422501,-0.133354,9.529972,-8.643194,-19.952524
1.304000,1.706218,-0.450386,-0.152111,9.469367,-8.659343,-19.963901
1.308000,1.364289,0.263548,-0.094883,10.607308,-7.850244,-20.016920
1.310000,1.406271,0.199519,-0.150672,10.364409,-7.906109,-19.957275
1.310000,1.384505,0.235862,-0.161664,10.421425,-7.850561,-19.965949
1.312000,1.406264,0.156601,-0.180200,10.313514,-7.923581,-19.973450
1.314000,1.427860,0.065494,-0.193199,10.214866,-8.009865,-19.988270
1.316000,1.453828,-0.047449,-0.205803,10.094758,-8.119424,-20.003069
1.318000,1.477094,-0.158438,-0.216861,9.984010,-8.226892,-20.017945
1.320000,1.496482,-0.263590,-0.226867,9.885306,-8.327948,-20.032085
1.322000,1.511657,-0.357774,-0.235870,9.803890,-8.417233,-20.044814
1.326000,1.521650,-0.441628,-0.243810,9.739878,-8.495140,-20.057125
1.326000,1.526648,-0.515667,-0.250712,9.692656,-8.562230,-20.069330
1.328000,1.527019,-0.579665,-0.256648,9.662116,-8.619075,-20.081820
1.330000,1.523191,-0.636456,-0.261610,9.645226,-8.668098,-20.094778
1.334000,0.538607,0.192837,-0.135086,11.458168,-7.741649,-20.044003
1.336000,0.462969,0.219483,-0.131236,11.595938,-7.698443,-20.053675
1.336000,0.387456,0.245492,-0.127046,11.735585,-7.655922,-20.064512
1.338000,0.453770,0.115798,-0.140442,11.585633,-7.785470,-20.087895
1.342000,0.525190,0.172211,-0.105232,11.814109,-7.703935,-20.215491
1.344000,0.644174,-0.206135,-0.172193,11.175353,-8.114001,-20.140305
1.344000,0.749417,-0.372223,-0.188164,10.959373,-8.283985,-20.167823
1.346000,0.845482,-0.540005,-0.208197,10.728958,-8.456354,-20.184342
1.348000,0.941678,-0.683684,-0.221472,10.549502,-8.601509,-20.212096
1.352000,0.931053,-0.404988,-0.170837,11.170314,-8.261899,-20.370438
1.354000,1.114681,-0.931527,-0.242725,10.260962,-8.847864,-20.271393
1.354000,1.191621,-1.037884,-0.250721,10.149856,-8.951459,-20.303497
1.356000,-1.258135,0.115306,0.081858,13.774921,-7.693187,-20.170762
1.360000,-1.432143,0.641207,0.146098,14.807550,-7.080362,-20.327347
1.362000,-1.225056,0.042693,0.076647,13.814994,-7.745746,-20.232351
1.364000,-0.821067,-0.227487,0.024235,13.221480,-8.027332,-20.291413
1.364000,-0.351687,-0.591763,-0.039576,12.445868,-8.414193,-20.344342
1.366000,0.153205,-0.922009,-0.101350,11.699028,-8.761476,-20.411183
1.370000,0.700692,-0.693288,-0.128987,11.726188,-8.470777,-20.621353
1.370000,1.139203,-1.534225,-0.215709,10.293818,-9.401890,-20.549285
1.372000,1.600111,-1.803011,-0.265822,9.669374,-9.680457,-20.620069
1.374000,2.018860,-2.110568,-0.312707,9.027891,-10.003628,-20.679370
1.376000,2.422493,-2.338458,-0.351640,8.512570,-10.236585,-20.750992
1.380000,3.310746,-3.484264,-0.407124,6.718381,-11.486191,-20.882410
1.380000,3.808241,-4.093919,-0.430368,5.804179,-12.142351,-20.982535
1.382000,-9.195513,-2.582485,1.452240,20.972052,-10.690599,-20.405307
1.384000,-5.781589,-2.667383,0.950834,17.430656,-10.700134,-20.623515
1.388000,-2.272113,-1.227878,0.404772,15.395702,-8.992334,-20.937253
1.388000,0.057973,-2.009348,0.053322,12.053469,-9.816691,-20.962737
1.390000,2.374972,-6.405125,-10.789703,-8.766827,-15.075048,3.503180
1.392000,3.039837,-6.960007,-10.228825,-8.970417,-15.435283,3.570123
1.396000,1.506230,-5.316169,-11.251555,-8.289194,-13.423617,3.129517
1.396000,2.124173,-5.862210,-10.961483,-8.714112,-13.959901,3.205116
1.398000,0.344573,-3.989271,-12.422429,-8.208604,-11.902100,2.723765
1.400000,-1.365404,-2.181923,-13.881740,-7.787982,-9.963641,2.266387
1.404000,-5.644735,2.192038,-17.358571,-6.448180,-5.350743,1.252921
1.404000,-5.154828,1.784440,-17.158473,-6.892737,-5.809414,1.304347
1.406000,-7.627759,3.352569,-17.034039,-3.490011,-3.872313,1.193269
1.408000,-8.917626,4.594973,-17.940854,-2.945080,-2.583837,0.950175
1.410000,-10.347834,5.958472,-18.941277,-2.325887,-1.173595,0.689834
1.412000,-11.482757,7.135576,-19.960186,-2.115789,0.003600,0.447589
1.414000,-12.485084,8.174990,-20.883297,-1.965646,1.033249,0.238301
1.418000,-13.328133,9.051273,-21.688777,-1.884877,1.889734,0.066442
1.418000,-14.022911,9.764145,-22.319933,-1.799156,2.590873,-0.064474
1.420000,-14.662965,10.403327,-22.951768,-1.770951,3.191486,-0.177524
1.422000,-15.179949,10.906911,-23.425641,-1.723329,3.668433,-0.258790
1.426000,-16.204482,11.869401,-24.305869,-1.555658,4.583501,-0.390346
1.428000,-15.982684,11.652324,-24.125794,-1.632920,4.363188,-0.364993
1.428000,-16.288186,11.918772,-24.370734,-1.586013,4.607663,-0.397077
1.430000,-16.465831,12.052920,-24.489787,-1.552653,4.723876,-0.408221
1.432000,-16.530038,12.140311,-24.736395,-1.853528,4.764865,-0.456400
1.436000,-16.722774,12.274161,-24.800480,-1.805408,4.869764,-0.464578
1.436000,-16.816332,12.340435,-24.895889,-1.787817,4.943038,-0.475681
1.438000,-16.944178,12.422557,-24.983965,-1.777460,5.009308,-0.488192
1.440000,-17.048296,12.480089,-25.017241,-1.728392,5.062374,-0.493456
1.442000,-17.141562,12.525812,-25.030830,-1.669994,5.106497,-0.496719
1.446000,-17.363153,12.649649,-25.008657,-1.426011,5.232949,-0.473921
1.446000,-17.305435,12.593310,-24.982107,-1.480909,5.186601,-0.491784
1.448000,-17.351724,12.599900,-24.955818,-1.430375,5.197747,-0.493691
1.450000,-17.360105,12.578852,-24.944015,-1.447760,5.177503,-0.504755
1.452000,-17.395260,12.578387,-24.903985,-1.390232,5.185689,-0.506388
1.456000,-17.403580,12.529405,-24.764993,-1.268846,5.137715,-0.476905
1.458000,-17.254431,12.422667,-24.886100,-1.673986,5.019220,-0.548645
1.458000,-17.244786,12.388593,-24.837826,-1.667575,4.993487,-0.555524
1.460000,-17.232680,12.356188,-24.799103,-1.674833,4.971010,-0.567409
1.462000,-17.244257,12.341396,-24.745308,-1.625885,4.969077,-0.571406
1.466000,-17.174766,12.230190,-24.519628,-1.479646,4.861692,-0.525973
1.466000,-17.270343,12.319065,-24.636587,-1.516755,4.975064,-0.579389
1.468000,-17.282284,12.309392,-24.583315,-1.461316,4.980424,-0.583715
1.470000,-17.300976,12.309894,-24.550894,-1.422598,4.997509,-0.595269
1.474000,-17.147315,12.134688,-24.280439,-1.319509,4.821468,-0.543206
1.474000,-17.310150,12.285956,-24.451058,-1.335087,5.003929,-0.607685
1.476000,-17.129713,12.104347,-24.217050,-1.286999,4.804264,-0.547062
1.478000,-17.324476,12.274255,-24.378348,-1.272509,5.023713,-0.628993
1.480000,-17.321956,12.260410,-24.330744,-1.237841,5.024592,-0.636223
1.482000,-17.203102,12.165753,-24.418123,-1.576585,4.916980,-0.692895
1.484000,-17.172794,12.129423,-24.375485,-1.590224,4.892952,-0.707303
1.488000,-16.876873,11.831723,-24.040226,-1.569347,4.586179,-0.647445
1.490000,-17.132092,12.076160,-24.287086,-1.578863,4.867284,-0.731975
1.490000,-17.127621,12.064482,-24.241331,-1.544773,4.871360,-0.741150
1.492000,-17.158547,12.088068,-24.234678,-1.513628,4.913570,-0.759709
1.494000,-17.159835,12.083785,-24.194723,-1.476779,4.924617,-0.768835
1.498000,-16.819047,11.756040,-23.790225,-1.427909,4.579201,-0.691213
1.500000,-17.154717,12.071026,-24.114947,-1.411383,4.940677,-0.786911
1.500000,-17.146717,12.060929,-24.074122,-1.383928,4.943979,-0.795883
1.502000,-17.177214,12.088264,-24.079066,-1.364350,4.988169,-0.816334
1.504000,-17.166556,12.077457,-24.042164,-1.344678,4.989509,-0.826218
1.508000,-17.119781,12.055059,-24.121356,-1.545266,4.957521,-0.862862
1.508000,-17.091883,12.032375,-24.091610,-1.559670,4.943013,-0.875264
1.510000,-17.065985,12.011654,-24.059564,-1.566678,4.930794,-0.886825
1.512000,-17.045634,11.994330,-24.014480,-1.545725,4.924418,-0.895206
1.516000,-17.031157,11.981757,-23.964963,-1.508645,4.923976,-0.902007
1.518000,-17.006619,11.962120,-23.921684,-1.494965,4.914461,-0.911399
1.518000,-16.985830,11.945535,-23.875387,-1.470465,4.908669,-0.919688
1.520000,-16.962548,11.927331,-23.830013,-1.450264,4.900659,-0.928399
1.524000,-16.944735,11.913306,-23.780612,-1.415300,4.897679,-0.935498
1.526000,-16.912680,11.889480,-23.741069,-1.415001,4.881794,-0.946137
1.526000,-16.885081,11.868975,-23.697522,-1.401501,4.869893,-0.955200
1.528000,-16.855010,11.846045,-23.654883,-1.393722,4.854721,-0.964598
1.532000,-16.250076,11.285373,-23.085474,-1.475097,4.246826,-0.858176
1.534000,-16.974297,11.945341,-23.557432,-1.090615,4.985955,-0.957204
1.534000,-16.954697,11.931460,-23.517313,-1.069155,4.978901,-0.964940
1.536000,-17.005171,11.983300,-23.543571,-1.039168,5.043197,-0.986156
1.538000,-16.950878,11.940887,-23.501730,-1.065893,5.003352,-0.996982
1.542000,-16.935621,11.932734,-23.483695,-1.064006,4.995719,-1.006386
1.544000,-16.811685,11.830889,-23.404557,-1.141301,4.895261,-1.017086
1.544000,-16.731637,11.767341,-23.349121,-1.182568,4.831541,-1.025679
1.546000,-16.643085,11.696975,-23.289389,-1.229442,4.760411,-1.033786
1.548000,-16.563120,11.635063,-23.234607,-1.269249,4.697462,-1.041120
1.552000,-16.501698,11.584466,-23.166917,-1.263777,4.648667,-1.043455
1.554000,-16.408967,11.519162,-23.131357,-1.345993,4.578167,-1.054235
1.554000,-16.335370,11.465019,-23.080908,-1.379498,4.521981,-1.059568
1.556000,-16.983688,11.812401,-22.566871,0.238155,4.980581,-0.907413
1.558000,-16.956202,11.781378,-22.506831,0.277633,4.950030,-0.906615
1.562000,-16.921934,11.761339,-22.510874,0.225616,4.920025,-0.916634
1.564000,-16.649266,11.567582,-22.503536,-0.156430,4.699664,-0.947323
1.564000,-16.408567,11.401397,-22.510073,-0.505423,4.505205,-0.974803
1.566000,-16.143272,11.221491,-22.515586,-0.883908,4.294921,-1.002417
1.568000,-15.949188,11.082485,-22.480518,-1.105630,4.135760,-1.014502
1.572000,-14.932799,10.242349,-21.963985,-1.810490,3.191771,-0.913469
1.574000,-15.542317,10.872073,-22.606442,-1.815007,3.861401,-1.067704
1.574000,-15.415446,10.800808,-22.600490,-1.970161,3.772358,-1.073564
1.576000,-15.383235,10.805905,-22.634519,-2.047494,3.772197,-1.087417
1.578000,-15.290617,10.715836,-22.505926,-1.997512,3.682375,-1.068509
1.582000,-15.115552,10.593770,-22.432973,-2.128854,3.549305,-1.064503
1.582000,-1.157625,21.815875,1.213453,40.630825,15.351271,-24.171279
1.584000,-0.241583,22.930000,1.067532,40.624189,16.741611,-22.408936
1.586000,0.570747,23.952917,0.939898,40.677803,17.998420,-20.948150
1.590000,1.139910,21.820073,0.808968,37.479258,15.781451,-19.792496
1.592000,1.511602,19.218092,0.725325,34.088698,13.014039,-18.873383
1.592000,1.707813,16.189008,0.683656,30.521718,9.748769,-18.164451
1.594000,1.889387,12.932845,0.655665,26.791383,6.217417,-17.580944
1.596000,1.884435,10.177406,0.667216,23.851825,3.210360,-17.167294
1.600000,1.815484,7.727941,0.689594,21.240442,0.515134,-16.760535
1.600000,1.557326,5.525584,0.747215,19.304979,-1.939066,-16.700654
1.602000,1.546538,3.962389,0.754161,17.566230,-3.638627,-16.450851
1.604000,1.369749,2.563893,0.784870,16.215464,-5.200217,-16.333176
1.606000,-2.483508,0.350681,1.431671,18.159487,-7.798181,-16.248611
1.610000,-3.321649,-1.478937,1.548456,16.893898,-9.858169,-16.036804
1.612000,-3.439890,-1.270950,1.573772,17.195499,-9.642947,-16.094847
1.612000,-3.498003,-1.724081,1.570067,16.623650,-10.171311,-16.094091
1.614000,-3.438470,-1.905752,1.545078,16.209427,-10.395795,-16.123600
1.616000,-3.355687,-2.121859,1.512683,15.729451,-10.659391,-16.179917
1.620000,-3.307432,-2.403447,1.488022,15.269201,-11.019427,-16.321980
1.620000,-3.108677,-2.397686,1.428767,14.851355,-11.010538,-16.354180
1.622000,-2.964734,-2.489462,1.381397,14.444458,-11.133315,-16.463459
1.624000,-2.801084,-2.534222,1.329173,14.066154,-11.200770,-16.579112
1.626000,-2.634122,-2.577825,1.276253,13.695105,-11.266676,-16.706695
1.630000,-2.483513,-2.721706,1.228782,13.281640,-11.461934,-16.891729
1.632000,-2.289154,-2.727023,1.169569,12.928885,-11.480298,-17.024812
1.632000,-1.851514,-2.676200,1.069750,12.360021,-11.412860,-17.129121
1.634000,-1.631224,-2.648562,1.005497,12.025790,-11.389989,-17.263751
1.636000,-1.407700,-2.609727,0.940578,11.705810,-11.352611,-17.397125
1.640000,-0.952759,-2.516924,0.818667,11.145944,-11.269596,-17.711232
1.642000,-1.008831,-2.595092,0.819517,11.091368,-11.359009,-17.693484
1.642000,-0.839373,-2.457262,0.762294,10.928150,-11.194236,-17.781302
1.644000,-0.682842,-2.397082,0.711148,10.734179,-11.128336,-17.895614
1.646000,-0.507361,-2.312053,0.654459,10.541312,-11.032442,-18.008032
1.650000,-0.122178,-1.966906,0.550505,10.374076,-10.638136,-18.249068
1.652000,-0.161807,-2.152965,0.543286,10.169605,-10.849600,-18.223111
1.652000,0.045518,-2.140972,0.483108,9.898220,-10.839650,-18.348207
1.654000,0.142530,-2.023642,0.442666,9.839250,-10.695672,-18.416051
1.656000,0.456976,-2.030204,0.367714,9.445991,-10.694472,-18.520963
1.660000,0.826168,-1.646055,0.277834,9.421898,-10.248003,-18.739268
1.662000,0.813155,-1.916327,0.260060,9.079617,-10.554574,-18.704649
1.662000,0.899188,-1.774150,0.222133,9.078234,-10.380007,-18.763152
1.664000,1.036811,-1.773022,0.176739,8.894291,-10.372183,-18.843432
1.668000,1.199562,-1.227168,0.129452,9.299206,-9.730572,-19.005686
1.670000,1.219550,-1.557615,0.101331,8.842713,-10.104782,-18.965077
1.670000,1.240672,-1.408770,0.076961,8.938863,-9.922561,-19.010917
1.674000,1.350611,-1.400095,0.037834,8.803788,-9.901960,-19.070278
1.676000,1.408551,-1.309179,0.011263,8.821578,-9.786706,-19.120958
1.676000,1.395773,-1.190523,-0.007620,8.931984,-9.639505,-19.158397
1.678000,1.456149,-1.083582,-0.039085,8.956980,-9.504897,-19.200572
1.680000,1.542592,-1.000075,-0.074970,8.932147,-9.395693,-19.241705
1.684000,1.697516,-1.200118,-0.111479,8.583008,-9.606760,-19.301326
1.686000,1.682228,-1.134506,-0.123020,8.672458,-9.521452,-19.341070
1.688000,1.695069,-1.085139,-0.141330,8.711580,-9.452309,-19.378014
1.688000,1.717355,-0.969797,-0.162692,8.805574,-9.308040,-19.410114
1.690000,1.720797,-0.861079,-0.180216,8.915953,-9.171494,-19.440233
1.692000,1.718583,-0.747028,-0.196225,9.040940,-9.029000,-19.469170
1.694000,1.718583,-0.747028,-0.196225,9.040940,-9.029000,-19.469170
1.698000,1.674442,-0.512641,-0.221413,9.348833,-8.740479,-19.530658
1.698000,1.676329,-0.401214,-0.238121,9.468905,-8.596965,-19.550527
1.700000,1.652574,-0.291057,-0.249506,9.622447,-8.458972,-19.577115
1.702000,1.630547,-0.206359,-0.257718,9.757555,-8.350611,-19.606160
1.704000,1.605273,-0.142865,-0.263920,9.880065,-8.266747,-19.636485
1.708000,1.756312,-0.755933,-0.277165,9.203070,-8.944616,-19.712609
1.710000,1.747870,-0.747241,-0.281787,9.265004,-8.923293,-19.746778
1.710000,1.735866,-0.742209,-0.286669,9.327530,-8.905712,-19.779904
1.712000,1.689087,-0.620690,-0.289028,9.536082,-8.757001,-19.802780
1.714000,1.634686,-0.483697,-0.290581,9.768157,-8.591163,-19.824602
1.716000,1.584112,-0.293039,-0.293420,10.041906,-8.357878,-19.828380
1.720000,1.517713,-0.140697,-0.293006,10.303647,-8.175322,-19.849348
1.722000,1.452054,-0.065256,-0.290218,10.500372,-8.088593,-19.893180
1.722000,1.388222,0.064300,-0.289370,10.740303,-7.933227,-19.917784
1.724000,1.326346,0.184722,-0.288342,10.970802,-7.788575,-19.943525
1.728000,1.024793,0.988276,-0.213896,12.363227,-6.871371,-20.059561
1.730000,1.208719,0.426162,-0.286624,11.428423,-7.499050,-19.994310
1.730000,1.183669,0.401900,-0.285598,11.493684,-7.517452,-20.030664
1.732000,1.282980,-1.996326,-0.221252,9.293442,-10.203760,-20.212487
1.734000,1.264063,-1.975654,-0.218901,9.394644,-10.162022,-20.227730
1.738000,0.949408,-0.946600,-0.145351,11.035133,-8.993749,-20.329040
1.740000,1.190981,-1.591452,-0.222425,9.969604,-9.711160,-20.272806
1.742000,1.120277,-1.134659,-0.228610,10.536755,-9.189185,-20.278856
1.742000,1.100702,-0.869236,-0.245495,10.847949,-8.892786,-20.311787
1.744000,0.911311,-0.084437,-0.247255,11.823668,-8.007175,-20.292850
1.746000,0.952642,0.069191,-0.260403,12.001959,-7.825610,-20.331691
1.750000,0.545662,1.507853,-0.192164,14.089941,-6.199026,-20.394728
1.752000,0.469856,1.887909,-0.197417,14.579408,-5.769020,-20.411612
1.754000,0.476731,1.958867,-0.263320,14.393654,-5.686764,-20.296196
1.754000,0.483962,2.112455,-0.282342,14.560250,-5.522408,-20.344239
1.756000,0.281492,-8.073479,0.208739,6.186052,-16.913404,-21.204788
1.758000,0.392575,-7.479667,0.173137,6.665997,-16.229012,-21.197680
1.762000,0.210218,-4.607240,0.143412,9.791976,-13.004231,-21.165175
1.764000,0.732302,-3.116484,0.000607,10.658033,-11.312709,-21.118673
1.766000,0.919750,-0.319254,-0.222433,12.557581,-8.183501,-20.770130
1.766000,0.088220,4.536401,-0.340148,17.584199,-2.774345,-20.347920
1.768000,0.648708,5.801703,-0.497483,18.112183,-1.356633,-20.329199
1.770000,0.301465,7.673083,-0.542516,20.108390,0.723318,-20.205963
1.774000,-0.249996,8.487607,-0.454144,21.636458,1.613556,-20.295444
1.776000,-1.100831,9.460258,-0.386362,23.339652,2.666348,-20.210013
1.778000,-0.168759,7.678070,-0.477375,20.744694,0.709594,-20.385219
1.778000,-1.796657,-2.375141,-14.358353,-6.847818,-11.562101,3.638481
1.780000,-1.451033,-2.578917,-13.982256,-6.951025,-11.679604,3.700281
1.782000,0.090872,-4.592701,-11.074743,-5.426714,-13.433742,4.086712
1.786000,-2.376649,-2.178060,-12.546424,-4.500932,-10.254575,3.126206
1.788000,-4.030438,-0.492198,-13.874368,-4.184563,-8.252988,2.571930
1.790000,-3.711275,-0.802306,-13.591140,-4.234821,-8.608003,2.665618
1.790000,-5.208003,0.728419,-14.835186,-3.981471,-6.851079,2.210485
1.792000,-6.750518,2.274234,-16.123886,-3.697289,-5.133333,1.801113
1.794000,-8.308446,3.848947,-17.449093,-3.446801,-3.378404,1.371136
1.798000,-11.224116,6.753852,-19.943246,-3.000700,-0.175260,0.603271
1.800000,-12.296945,7.817594,-20.888005,-2.808823,0.997669,0.342217
1.802000,-12.167723,7.674505,-20.705204,-2.814571,0.803128,0.401784
1.802000,-12.941839,8.404649,-21.311189,-2.655790,1.574868,0.249403
1.804000,-13.590326,9.000966,-21.799925,-2.513095,2.194532,0.135323
1.808000,-15.003136,10.334790,-23.007226,-2.379007,3.583280,-0.147334
1.810000,-14.976106,10.290796,-22.912595,-2.368921,3.492587,-0.110374
1.812000,-15.495977,10.765919,-23.348491,-2.232960,4.006494,-0.197861
1.812000,-15.999838,11.198369,-23.708183,-2.089860,4.434835,-0.251426
1.814000,-16.426964,11.557736,-23.992665,-1.955545,4.798802,-0.302940
1.816000,-16.767695,11.831805,-24.197116,-1.834401,5.073430,-0.339712
1.820000,-17.234288,12.181449,-24.453702,-1.681976,5.424425,-0.400271
1.822000,-17.337693,12.264957,-24.465984,-1.626536,5.482018,-0.390637
1.824000,-17.410553,12.296702,-24.476722,-1.533446,5.536003,-0.398135
1.824000,-17.649987,12.485739,-24.617683,-1.445052,5.717454,-0.412174
1.826000,-17.781649,12.569590,-24.650622,-1.362060,5.800296,-0.419824
1.828000,-17.888207,12.631840,-24.662960,-1.286467,5.861050,-0.425697
1.832000,-17.816554,12.506006,-24.534113,-1.257467,5.738564,-0.421670
1.834000,-18.198681,12.882699,-24.878260,-1.253188,6.095752,-0.457192
1.834000,-18.262028,12.913964,-24.873301,-1.207894,6.126215,-0.463110
1.836000,-18.342985,12.967541,-24.891922,-1.167430,6.178472,-0.471401
1.838000,-18.349256,12.944981,-24.829247,-1.119780,6.159002,-0.473559
1.842000,-17.971589,12.539700,-24.409579,-1.164321,5.737923,-0.443030
1.844000,-18.271697,12.818503,-24.628412,-1.042112,6.040988,-0.474514
1.846000,-18.248496,12.774996,-24.553092,-1.012540,6.002293,-0.478694
1.846000,-18.341873,12.851279,-24.599874,-0.981342,6.084498,-0.494622
1.848000,-18.316378,12.810470,-24.532227,-0.961947,6.049278,-0.501227
1.850000,-18.286738,12.767607,-24.465067,-0.947426,6.012210,-0.508753
1.854000,-17.719229,12.206551,-23.932188,-1.079355,5.425026,-0.468308
1.856000,-18.128374,12.586993,-24.243457,-0.933659,5.843306,-0.518997
1.856000,-18.296291,12.748645,-24.382307,-0.913181,6.004138,-0.538586
1.858000,-18.377107,12.820459,-24.422673,-0.881995,6.087018,-0.557743
1.860000,-18.359762,12.798526,-24.388297,-0.886947,6.070863,-0.570378
1.862000,-18.300938,12.735141,-24.309461,-0.888940,6.015344,-0.580561
1.866000,-17.565970,12.031218,-23.679236,-1.105645,5.273387,-0.531465
1.868000,-18.077855,12.506582,-24.069893,-0.926035,5.799508,-0.597855
1.868000,-17.982684,12.411707,-23.973448,-0.953292,5.710995,-0.609563
1.870000,-18.030269,12.458857,-24.006640,-0.955944,5.770246,-0.633552
1.872000,-17.943071,12.373373,-23.923518,-0.988303,5.692146,-0.649798
1.876000,-17.150016,11.624792,-23.282466,-1.259685,4.895452,-0.601761
1.878000,-17.030818,11.509558,-23.173175,-1.298125,4.785135,-0.614357
1.880000,-17.608289,12.053375,-23.614518,-1.110744,5.385286,-0.696323
1.880000,-17.617645,12.054750,-23.626170,-1.119087,5.401564,-0.720941
1.882000,-18.032878,12.460398,-23.914805,-0.928086,5.823426,-0.744070
1.884000,-17.996629,12.429675,-23.885412,-0.953441,5.796235,-0.761241
1.888000,-17.118929,11.613462,-23.202835,-1.274168,4.913032,-0.698089
1.890000,-16.965596,11.473095,-23.086827,-1.347419,4.771935,-0.711103
1.892000,-17.625635,12.087247,-23.599998,-1.130576,5.454583,-0.805664
1.892000,-17.618985,12.089008,-23.595211,-1.149305,5.467665,-0.830603
1.894000,-16.925921,11.448727,-23.058455,-1.391694,4.765202,-0.756315
1.898000,-17.421419,11.917809,-23.442403,-1.245731,5.298649,-0.867783
1.898000,-17.286197,11.792327,-23.366631,-1.339969,5.173900,-0.885348
1.900000,-17.244392,11.762839,-23.337438,-1.372424,5.155534,-0.910138
1.902000,-17.096605,11.633114,-23.235914,-1.450868,5.023979,-0.923605
1.906000,-16.090730,10.711577,-22.477889,-1.829075,4.019991,-0.837922
1.908000,-16.576350,11.119076,-22.457751,-1.073403,4.472612,-0.778650
1.910000,-17.312747,11.802945,-23.013701,-0.806667,5.233746,-0.886620
1.910000,-17.372586,11.865961,-23.028529,-0.746243,5.310355,-0.903622
1.912000,-17.311792,11.821775,-23.022679,-0.832543,5.267411,-0.932435
1.914000,-17.125834,11.664309,-22.930322,-0.977049,5.100542,-0.951143
1.918000,-15.936520,10.593846,-22.153349,-1.590300,3.924067,-0.871409
1.920000,-15.743716,10.428785,-22.048545,-1.726560,3.754543,-0.884080
1.922000,-16.433909,11.081467,-22.588488,-1.504452,4.479520,-1.003436
1.922000,-16.354376,11.028460,-22.576910,-1.601662,4.425132,-1.028953
1.924000,-16.288705,10.985979,-22.560637,-1.670857,4.382857,-1.051283
1.926000,-16.104974,10.845179,-22.490367,-1.831637,4.228477,-1.067169
1.930000,-15.043318,9.908506,-21.780291,-2.330259,3.189106,-0.962857
1.932000,-14.888530,9.784266,-21.684821,-2.416263,3.061831,-0.966049
1.934000,-16.986990,11.387402,-21.901560,0.265623,4.891901,-0.870364
1.934000,-17.016939,11.415306,-21.905417,0.302988,4.924010,-0.883905
1.936000,-17.040372,11.439371,-21.913897,0.324875,4.950973,-0.898951
1.938000,-16.683788,11.164316,-21.847807,-0.094123,4.642158,-0.932729
1.942000,-15.203332,9.923516,-21.201584,-1.276581,3.251220,-0.874278
1.944000,-15.778780,10.458707,-21.632835,-1.059341,3.858096,-0.994409
1.944000,-15.330281,10.152243,-21.634009,-1.684117,3.504441,-1.042102
1.946000,-15.088609,9.965145,-21.540731,-1.886993,3.310793,-1.057489
1.948000,-14.696186,9.737832,-21.613094,-2.505346,3.032880,-1.105036
1.952000,-13.555234,8.775237,-20.964947,-3.163073,1.962304,-0.982085
1.954000,-13.942930,9.192674,-21.411147,-3.230242,2.430096,-1.124463
1.954000,-13.630357,8.990747,-21.346513,-3.549170,2.204091,-1.131610
1.956000,-19.345530,11.143282,-17.406706,9.266845,5.249494,0.066641
1.958000,-18.832869,10.939934,-17.828135,8.005122,4.949210,-0.057528
1.962000,-15.147250,8.843327,-18.655524,1.952862,2.373628,-0.414540
1.964000,-14.036034,8.620160,-19.792043,-0.973984,1.999655,-0.792080
1.964000,-11.855807,7.611488,-20.647220,-4.976833,0.702778,-1.106397
1.966000,-10.664367,7.200815,-21.342788,-7.405152,0.110463,-1.306140
1.968000,-9.917709,7.013042,-21.857588,-8.988271,-0.213629,-1.420085
1.970000,1.321570,18.407894,1.032872,34.742259,12.329534,-25.760759
1.974000,3.008126,20.013449,0.754578,34.202677,14.423462,-22.225996
1.976000,3.328378,20.376614,0.734922,34.389834,14.848892,-21.670016
1.978000,3.909160,18.740302,0.562174,31.551558,13.151451,-20.882041
1.978000,4.318600,16.614608,0.436841,28.525365,10.915915,-19.727419
1.980000,4.415145,14.126866,0.367643,25.534238,8.233301,-18.798841
1.984000,-0.540336,8.245810,1.042187,24.468151,1.712387,-17.271988
1.986000,-1.166299,6.119807,1.128362,22.840136,-0.636137,-16.793404
1.988000,-1.156262,6.323176,1.148241,23.123389,-0.407412,-16.838810
1.988000,-1.190225,4.932490,1.154779,21.638564,-1.943743,-16.504281
1.990000,-0.996613,3.881587,1.125685,20.221118,-3.089115,-16.208776
1.992000,-0.985583,2.680910,1.123002,18.881049,-4.436395,-16.034172
1.996000,-1.332117,0.523093,1.153836,16.813701,-6.912552,-15.880160
1.998000,-1.294141,0.619249,1.164749,16.937076,-6.803302,-15.913549
1.998000,-1.410101,-0.160030,1.175443,16.153114,-7.705058,-15.895617
2.000000,-1.257488,-0.515184,1.139477,15.469362,-8.112966,-15.866761
2.002000,-1.322651,-0.997256,1.135605,14.918019,-8.688236,-15.913268
2.006000,-1.633948,-1.779143,1.140832,14.178784,-9.658157,-16.093421
2.008000,-1.224003,-1.983941,1.056436,13.397202,-9.920785,-16.222250
2.010000,-1.132492,-2.023161,1.052338,13.298999,-9.963886,-16.244030
2.010000,-0.900669,-2.066546,0.993957,12.851876,-10.028720,-16.324273
2.012000,-0.859229,-2.171513,0.967274,12.582995,-10.178782,-16.449899
2.014000,-0.727974,-2.255879,0.952354,12.379421,-10.272988,-16.465759
2.018000,-0.886372,-2.423187,0.919667,12.104194,-10.539985,-16.750751
2.020000,-0.833600,-2.473429,0.883824,11.865774,-10.624987,-16.887519
2.022000,-0.798081,-2.500134,0.846148,11.655362,-10.682967,-17.023982
2.022000,-0.633661,-2.425615,0.790481,11.413280,-10.610157,-17.133345
2.024000,-0.535010,-2.408055,0.747226,11.211947,-10.610860,-17.269329
2.028000,-0.532468,-2.199390,0.699571,11.247902,-10.418340,-17.557689
2.030000,-0.356290,-2.405959,0.666598,10.835169,-10.652375,-17.558727
2.032000,-0.179306,-2.298944,0.610695,10.646550,-10.536173,-17.667354
2.032000,0.405636,-2.266200,0.491244,9.980776,-10.505461,-17.816220
2.034000,0.597150,-2.190168,0.433651,9.769599,-10.427469,-17.937508
2.036000,0.736844,-2.178569,0.385838,9.565765,-10.427398,-18.069031
2.040000,0.857003,-2.090955,0.340504,9.457557,-10.319578,-18.268963
2.042000,0.955673,-2.003399,0.298369,9.362772,-10.236010,-18.275079
2.044000,1.071686,-1.858711,0.253978,9.312635,-10.067647,-18.357921
2.044000,1.159463,-1.759437,0.215088,9.260099,-9.953802,-18.443050
2.046000,1.239191,-1.662707,0.178340,9.219766,-9.840518,-18.526960
2.048000,1.294500,-1.605786,0.146350,9.174659,-9.774369,-18.613111
2.052000,1.365927,-1.513342,0.113427,9.176423,-9.644444,-18.756139
2.054000,1.420431,-1.422678,0.082178,9.145161,-9.552126,-18.756163
2.054000,1.486481,-1.303610,0.050951,9.160929,-9.406102,-18.817457
2.056000,1.977950,-1.191795,-0.052728,8.720795,-9.266510,-18.902185
2.058000,2.057889,-1.099797,-0.085259,8.705632,-9.151127,-18.961609
2.060000,2.118963,-1.024151,-0.114358,8.697552,-9.054153,-19.017374
2.064000,2.120956,-0.937330,-0.135196,8.760771,-8.943478,-19.062153
2.064000,2.107806,-0.842058,-0.153002,8.851545,-8.822652,-19.102631
2.066000,2.090292,-0.749128,-0.168758,8.951388,-8.704702,-19.142486
2.068000,2.054778,-0.663029,-0.180800,9.066745,-8.593774,-19.177838
2.070000,2.000124,-0.580884,-0.188801,9.200847,-8.485653,-19.206540
2.074000,1.957409,-0.493603,-0.196060,9.388071,-8.353025,-19.278348
2.076000,1.898016,-0.415733,-0.202685,9.479304,-8.269641,-19.265251
2.076000,1.858941,-0.355889,-0.209829,9.593988,-8.189523,-19.299828
2.078000,1.797891,-0.283446,-0.213028,9.741326,-8.094020,-19.324477
2.080000,1.716494,-0.196987,-0.212443,9.924940,-7.978826,-19.340650
2.084000,2.352576,-0.220590,-0.328822,9.315149,-7.966092,-19.443661
2.086000,2.334516,-0.169309,-0.338828,9.346620,-7.910797,-19.434346
2.088000,2.347154,-0.154959,-0.351237,9.379146,-7.882980,-19.470677
2.088000,2.229602,-0.089022,-0.341933,9.593820,-7.795116,-19.487964
2.090000,2.099988,-0.026812,-0.330113,9.822632,-7.710835,-19.505159
2.094000,1.394494,0.691704,-0.190356,11.487511,-6.862881,-19.564549
2.096000,1.767525,0.157711,-0.291851,10.482187,-7.453798,-19.550137
2.096000,1.767525,0.157711,-0.291851,10.482187,-7.453798,-19.550137
2.098000,1.568696,0.138076,-0.281007,10.667719,-7.472038,-19.560963
2.100000,1.479443,0.108872,-0.279219,10.750947,-7.493514,-19.571131
2.102000,1.322847,0.161776,-0.262156,11.004035,-7.421758,-19.581478
2.104000,1.130355,0.277755,-0.237648,11.355688,-7.273043,-19.576166
2.108000,2.010554,-0.066511,-0.376893,10.247978,-7.625414,-19.697855
2.110000,1.933456,-0.032168,-0.370533,10.346120,-7.587385,-19.690963
2.110000,1.865401,-0.012313,-0.363433,10.492500,-7.552662,-19.713117
2.112000,1.699023,0.016191,-0.341049,10.755556,-7.515861,-19.743349
2.114000,1.463779,0.113648,-0.308284,11.151232,-7.395297,-19.753432
2.118000,0.568350,0.967732,-0.132993,13.182166,-6.403234,-19.796786
2.120000,0.328139,1.072167,-0.100769,13.588187,-6.275933,-19.805559
2.120000,0.624363,0.520419,-0.191430,12.576262,-6.900277,-19.754502
2.122000,0.462678,0.521975,-0.176083,12.775838,-6.891256,-19.762648
2.124000,0.388048,0.431070,-0.173491,12.807707,-6.993478,-19.797075
2.126000,0.184498,0.500800,-0.146760,13.141532,-6.907228,-19.809270
2.128000,-0.098626,0.666720,-0.108091,13.640773,-6.706056,-19.795258
2.132000,-0.725098,1.350145,0.023441,15.240498,-5.919921,-19.877091
2.132000,1.475894,-0.805065,-0.308886,10.899338,-8.326759,-20.058738
2.134000,1.720076,-1.181690,-0.335156,10.409599,-8.747099,-20.155273
2.136000,1.635817,-1.231566,-0.326210,10.497931,-8.797426,-20.178728
2.138000,1.169882,-0.900105,-0.262823,11.352862,-8.418516,-20.164464
2.142000,0.505979,-0.351759,-0.173439,12.668100,-7.780212,-20.128305
2.142000,-0.136938,0.149064,-0.092366,13.781363,-7.220270,-20.069595
2.144000,-0.779973,0.653435,-0.011808,14.964565,-6.649131,-20.034314
2.146000,-1.296151,1.018891,0.049807,15.891504,-6.243885,-20.035540
2.148000,-2.739512,2.273549,0.214905,18.495089,-4.843117,-19.883905
2.150000,-3.239325,2.636797,0.270095,19.380360,-4.435160,-19.862508
2.154000,-3.338978,2.446561,0.335464,19.670678,-4.643550,-20.049772
2.156000,-5.119061,3.732624,0.534053,22.596881,-3.222081,-19.856339
2.156000,0.579176,-5.661335,0.066291,9.100709,-13.708837,-21.044865
2.158000,-0.717587,-3.554211,0.158773,12.146045,-11.354233,-20.788016
2.160000,-1.276685,-2.167055,0.170679,13.827771,-9.803010,-20.635052
2.162000,-2.476912,0.363847,0.230647,17.170104,-6.961596,-20.333843
2.166000,-3.388278,3.362311,0.263203,20.826131,-3.588442,-20.130423
2.166000,-3.626874,3.672433,0.233520,21.115986,-3.242028,-19.991493
2.168000,-1.962324,-2.932380,-12.510476,-4.572757,-11.834400,3.798070
2.170000,-1.498526,-3.284874,-11.934901,-4.610787,-12.068435,3.874392
2.174000,-1.086006,-3.598024,-11.480958,-4.679126,-12.303278,3.951006
2.174000,-2.032888,-2.515034,-12.218073,-4.688433,-10.872401,3.503475
2.176000,-3.358493,-1.091275,-13.280522,-4.594837,-9.107036,2.993459
2.180000,-6.723208,2.391322,-16.013388,-4.216347,-4.922367,1.827459
2.182000,-6.550399,2.256816,-15.930272,-4.316424,-5.112910,1.892752
2.182000,-6.865256,2.050028,-14.987308,-2.921875,-4.958965,1.718998
2.184000,-7.906381,3.057502,-15.712279,-2.662257,-3.774867,1.418160
2.188000,-8.946488,4.072788,-16.467664,-2.446813,-2.578708,1.100414
2.188000,-10.114850,5.247161,-17.435090,-2.302564,-1.270141,0.798432
2.190000,-11.276801,6.389632,-18.384919,-2.126911,-0.018315,0.531140
2.192000,-12.247140,7.350862,-19.202524,-2.024501,1.023293,0.312235
2.196000,-13.903126,8.983275,-20.657055,-1.954285,2.772621,-0.053629
2.196000,-13.742955,8.803684,-20.456444,-1.892661,2.571488,0.001975
2.198000,-14.429033,9.434583,-20.992092,-1.774068,3.229535,-0.106617
2.200000,-14.842263,9.790570,-21.285716,-1.694544,3.588309,-0.156235
2.202000,-15.287446,10.179250,-21.614256,-1.617096,3.983240,-0.214853
2.206000,-15.998442,10.804164,-22.198412,-1.604879,4.609724,-0.322697
2.208000,-15.955193,10.744291,-22.111612,-1.622450,4.516603,-0.303642
2.208000,-16.181347,10.933240,-22.301299,-1.563825,4.722555,-0.329550
2.210000,-16.375254,11.068705,-22.402785,-1.504059,4.850917,-0.340327
2.212000,-16.622458,11.251980,-22.540744,-1.415863,5.034156,-0.356270
2.214000,-16.792776,11.364955,-22.618403,-1.354022,5.143384,-0.366205
2.216000,-16.905766,11.426156,-22.651494,-1.308764,5.199317,-0.372546
2.220000,-17.054152,11.510484,-22.670738,-1.254637,5.265853,-0.379169
2.222000,-17.124189,11.543012,-22.704428,-1.198301,5.313404,-0.383897
2.224000,-17.208575,11.581092,-22.711362,-1.146565,5.351830,-0.388450
2.224000,-17.302173,11.630016,-22.726577,-1.087737,5.405624,-0.394295
2.226000,-17.355323,11.642615,-22.711469,-1.044361,5.421534,-0.398239
2.228000,-17.395870,11.645740,-22.688332,-1.005326,5.428781,-0.402276
2.232000,-17.275370,11.498242,-22.582295,-1.110849,5.253371,-0.394491
2.234000,-17.331263,11.532772,-22.587264,-1.050393,5.316230,-0.416380
2.234000,-17.329668,11.504182,-22.544475,-1.037760,5.292586,-0.422407
2.236000,-17.357315,11.504032,-22.518839,-1.006052,5.304165,-0.432171
2.238000,-17.360137,11.482272,-22.477479,-0.984594,5.289765,-0.438698
2.242000,-17.135913,11.257277,-22.310173,-1.125559,5.029429,-0.421345
2.244000,-17.112063,11.216558,-22.256347,-1.118767,4.993855,-0.426528
2.246000,-17.341203,11.402482,-22.347541,-0.939918,5.230786,-0.460095
2.246000,-17.363778,11.405148,-22.322306,-0.909168,5.249118,-0.472978
2.248000,-17.385906,11.408611,-22.300280,-0.880793,5.266393,-0.485945
2.250000,-17.370092,11.380277,-22.260569,-0.880421,5.246401,-0.496164
2.254000,-17.022851,11.063150,-22.039004,-1.098380,4.877575,-0.469543
2.256000,-16.977871,11.012795,-21.988504,-1.119921,4.831242,-0.478288
2.258000,-17.061978,11.052683,-21.928091,-0.955724,4.930086,-0.516626
2.258000,-17.057130,11.031913,-21.913934,-0.953935,4.927471,-0.533229
2.260000,-17.039680,11.005150,-21.871740,-0.950656,4.917109,-0.549937
2.262000,-17.038580,10.999229,-21.858342,-0.959483,4.919752,-0.563156
2.264000,-17.030456,10.987908,-21.850740,-0.985049,4.913839,-0.579680
2.268000,-16.988042,10.954405,-21.812030,-1.029582,4.881347,-0.596533
2.268000,-16.972391,10.933124,-21.817975,-1.073650,4.870219,-0.615182
2.270000,-16.943831,10.906120,-21.787719,-1.098645,4.852447,-0.630825
2.272000,-16.900133,10.866548,-21.763705,-1.150675,4.817648,-0.648526
2.274000,-16.874367,10.843904,-21.749250,-1.191895,4.799905,-0.665786
2.278000,-16.870953,10.843482,-21.761028,-1.235155,4.801148,-0.684281
2.280000,-16.827061,10.805667,-21.728227,-1.277114,4.770047,-0.700638
2.280000,-16.835382,10.818090,-21.739066,-1.303214,4.787250,-0.717918
2.282000,-16.354306,10.333182,-21.271522,-1.339768,4.309986,-0.701551
2.284000,-16.293385,10.280336,-21.228558,-1.387007,4.260008,-0.716590
2.286000,-16.261803,10.258178,-21.224806,-1.445303,4.236943,-0.734770
2.290000,-16.254061,10.269460,-21.226313,-1.482083,4.246303,-0.751985
2.292000,-16.284732,10.303232,-21.281512,-1.532501,4.285798,-0.773186
2.292000,-16.315414,10.343568,-21.304553,-1.542165,4.332351,-0.789092
2.294000,-16.293587,10.336111,-21.311483,-1.600608,4.325337,-0.807308
2.296000,-16.366027,10.420254,-21.384506,-1.618557,4.411492,-0.826726
2.298000,-16.427134,10.497574,-21.474377,-1.673797,4.485279,-0.850066
2.300000,-16.396437,10.479901,-21.444414,-1.691984,4.472257,-0.861789
2.302000,-16.347573,10.452755,-21.440541,-1.770884,4.442606,-0.880025
2.304000,-16.339896,10.463816,-21.455952,-1.817816,4.453138,-0.896864
2.306000,-15.418851,9.452975,-20.263835,-1.419724,3.487998,-0.782133
2.308000,-15.370153,9.419947,-20.233553,-1.458239,3.455866,-0.793766
2.312000,-15.302231,9.363542,-20.168266,-1.472873,3.402487,-0.800372
2.312000,-15.461222,9.544599,-20.339177,-1.504736,3.583064,-0.824868
2.314000,-15.457251,9.570939,-20.403731,-1.613171,3.602760,-0.847168
2.316000,-15.575061,9.719762,-20.574217,-1.699424,3.744170,-0.875601
2.318000,-15.728611,9.911284,-20.804703,-1.817555,3.922349,-0.911081
2.320000,-15.822266,10.035797,-20.942980,-1.890071,4.039581,-0.935364
2.324000,-15.922154,10.172227,-21.099577,-1.979187,4.166695,-0.962241
2.324000,-15.970773,10.258164,-21.197316,-2.058700,4.246322,-0.983452
2.326000,-16.044679,10.371449,-21.326948,-2.144542,4.350317,-1.007469
2.328000,-16.107219,10.475016,-21.445280,-2.229439,4.444690,-1.030342
2.330000,-16.223249,10.640875,-21.639382,-2.342750,4.596295,-1.061643
2.334000,-12.386314,6.227349,-16.546915,-0.526795,0.412322,-0.490037
2.334000,-12.423373,6.309779,-16.678385,-0.668822,0.483553,-0.514686
2.336000,-12.396919,6.313988,-16.697813,-0.743877,0.485052,-0.524655
2.338000,-13.055416,7.080801,-17.583015,-1.077973,1.211632,-0.623842
2.340000,-13.785510,7.931025,-18.549952,-1.424472,2.015734,-0.731192
2.344000,-14.593689,8.869334,-19.606639,-1.782942,2.900579,-0.847300
2.344000,-15.452260,9.892640,-20.765948,-2.212163,3.861611,-0.978617
2.346000,-16.133524,10.712292,-21.673090,-2.534988,4.631059,-1.080647
2.348000,-16.812686,11.548461,-22.610847,-2.899405,5.409543,-1.188913
2.350000,-18.076286,13.096572,-24.349818,-3.563384,6.855068,-1.393562
2.354000,-18.707957,13.891267,-25.207821,-3.877569,7.594313,-1.494462
2.354000,-18.946244,14.277236,-25.650375,-4.152464,7.939142,-1.556261
2.356000,-7.896886,0.544925,-9.721168,2.590837,-4.876268,0.392523
2.358000,-0.842694,26.362055,0.898578,41.779989,20.315859,-25.375775
2.362000,0.435788,27.876012,0.665546,41.267772,22.178555,-22.278383
2.364000,0.583787,28.798683,0.639875,41.975183,23.193405,-21.815916
2.364000,1.496645,26.265738,0.476750,38.234088,20.560060,-21.096010
2.366000,2.258474,23.344785,0.359317,34.453273,17.510531,-20.191512
2.368000,2.872402,19.782417,0.294475,30.422562,13.731986,-19.552984
2.370000,3.174683,16.146283,0.295656,26.828664,9.829234,-19.144907
2.374000,3.483400,12.979761,0.275845,23.568599,6.429281,-18.610966
2.376000,3.660969,10.232274,0.259263,20.807151,3.485064,-18.321022
2.376000,3.695889,7.881165,0.297811,18.781438,0.969830,-18.278879
2.378000,3.744751,6.138559,0.321229,17.148738,-0.890390,-18.080303
2.380000,3.550949,4.555751,0.381462,15.954525,-2.616535,-17.988928
2.384000,-0.674744,-0.505381,1.186145,16.382950,-8.300146,-18.155610
2.386000,-1.353234,-1.866766,1.320273,15.940525,-9.801062,-18.148790
2.386000,-1.963853,-2.804677,1.427443,15.641076,-10.850069,-18.063532
2.388000,-2.213237,-3.192061,1.457899,15.383463,-11.307889,-17.990466
2.390000,-2.496692,-3.572001,1.494091,15.195065,-11.778351,-17.991311
2.394000,-2.669483,-3.886927,1.476833,14.657561,-12.196432,-17.939292
2.396000,-2.672529,-3.569028,1.474523,14.949529,-11.844074,-17.932344
2.398000,-2.692767,-3.474668,1.449444,14.836709,-11.771898,-17.930778
2.398000,-2.595125,-3.131765,1.399627,14.801216,-11.405235,-17.897851
2.400000,-2.557452,-3.030107,1.363843,14.652966,-11.320916,-17.936682
2.402000,-2.537593,-3.139077,1.337989,14.385263,-11.481361,-18.039445
2.406000,-2.337545,-3.250423,1.256858,13.751868,-11.649675,-18.199674
2.408000,-2.144267,-2.520106,1.197797,14.123366,-10.832476,-18.151139
2.410000,-1.969077,-2.207139,1.131813,14.017172,-10.489141,-18.181965
2.410000,-1.812034,-2.064391,1.077751,13.834002,-10.343520,-18.257746
2.412000,-1.654774,-2.023296,1.024481,13.565451,-10.309546,-18.346050
2.414000,-1.489424,-2.022482,0.971585,13.264948,-10.318484,-18.439431
2.418000,-1.171285,-2.361409,0.891509,12.476915,-10.718261,-18.683984
2.420000,-1.134029,-2.219599,0.868127,12.498488,-10.550722,-18.746500
2.422000,-0.954963,-2.220439,0.813440,12.203118,-10.563365,-18.735855
2.422000,-0.807432,-1.976039,0.759254,12.145432,-10.284353,-18.776321
2.424000,-0.635158,-1.917622,0.704967,11.915764,-10.218877,-18.843012
2.426000,-0.472025,-1.850423,0.652279,11.708798,-10.141489,-18.908885
2.430000,-0.166725,-1.956447,0.580680,11.229045,-10.255427,-19.099210
2.432000,-0.119450,-1.930520,0.548806,11.109125,-10.226746,-19.057651
2.432000,0.157634,-1.204245,0.458562,11.344200,-9.402952,-19.081724
2.434000,0.252368,-0.900168,0.413067,11.427967,-9.050833,-19.104641
2.436000,0.383323,-0.751577,0.365656,11.351901,-8.874901,-19.148035
2.438000,0.498500,-0.704711,0.324682,11.215228,-8.812015,-19.197208
2.442000,0.660484,-0.840217,0.281728,10.911229,-8.937598,-19.319043
2.444000,0.766416,-0.852959,0.243993,10.714138,-8.956455,-19.306538
2.444000,0.865630,-0.862526,0.208557,10.559113,-8.954113,-19.347354
2.446000,0.903728,-0.704957,0.180194,10.613425,-8.763826,-19.367778
2.448000,0.974112,-0.683782,0.149772,10.523063,-8.726289,-19.398628
2.452000,1.054552,-0.693334,0.140627,10.525106,-8.706315,-19.523343
2.454000,1.144062,-0.772191,0.089610,10.253862,-8.778432,-19.501893
2.456000,1.192390,-0.767909,0.063298,10.140291,-8.776147,-19.483730
2.456000,1.113038,0.295461,0.028497,11.085924,-7.567963,-19.441574
2.458000,1.121149,0.418100,0.005453,11.156249,-7.415695,-19.448848
2.460000,1.125699,0.533531,-0.016454,11.230042,-7.269173,-19.456342
2.464000,1.202437,0.379438,-0.040615,11.058805,-7.405691,-19.520607
2.466000,1.236857,0.304863,-0.060214,10.951690,-7.471830,-19.539744
2.466000,1.268178,0.199762,-0.079316,10.768121,-7.590183,-19.523217
2.468000,1.254557,0.225226,-0.091499,10.803925,-7.546819,-19.537344
2.470000,1.270726,0.150818,-0.105627,10.724083,-7.613803,-19.551831
2.474000,1.219604,0.081183,-0.068418,10.931042,-7.651828,-19.659789
2.476000,1.324151,-0.089435,-0.133062,10.476155,-7.846074,-19.580007
2.478000,1.329020,-0.160096,-0.143540,10.422857,-7.907855,-19.592610
2.478000,1.300089,-0.124815,-0.155629,10.478907,-7.855194,-19.595615
2.480000,1.290640,-0.172334,-0.163466,10.465392,-7.891578,-19.606076
2.484000,0.923495,1.475121,-0.113486,12.492855,-6.004569,-19.633108
2.486000,1.016556,1.302946,-0.179884,12.033145,-6.200963,-19.545380
2.486000,0.960665,1.371755,-0.182149,12.173439,-6.107070,-19.550295
2.488000,0.964862,1.225127,-0.193293,12.045155,-6.256499,-19.563506
2.490000,0.973747,1.027230,-0.197676,11.894091,-6.462411,-19.587927
2.492000,0.996536,0.750626,-0.201374,11.664361,-6.756897,-19.616217
2.496000,1.021499,0.451031,-0.200572,11.482890,-7.060284,-19.664655
2.496000,1.034676,0.285713,-0.206038,11.296738,-7.242873,-19.658368
2.498000,1.040561,0.153769,-0.209722,11.218101,-7.379274,-19.686533
2.500000,1.037745,-0.007275,-0.209808,11.121616,-7.545501,-19.705536
2.502000,1.033661,-0.163175,-0.209372,11.036121,-7.705442,-19.725782
2.506000,0.855871,-0.126174,-0.128865,11.578100,-7.627257,-19.844063
2.508000,-0.112210,2.070909,-0.107388,14.237503,-5.162478,-19.595197
2.510000,-0.231667,2.092685,-0.097409,14.353310,-5.136002,-19.577075
2.510000,-0.389735,2.439271,-0.037500,15.061339,-4.736264,-19.675997
2.514000,-0.207054,1.741093,-0.110315,14.086198,-5.508759,-19.630214
2.516000,-0.076094,1.234060,-0.117143,13.568752,-6.058557,-19.674063
2.516000,0.092489,0.652584,-0.135167,12.929346,-6.702131,-19.733876
2.518000,0.326660,0.202937,-0.157964,12.362174,-7.190677,-19.790449
2.520000,0.511443,-0.284753,-0.169604,11.822086,-7.723171,-19.846815
2.524000,0.592489,-0.540569,-0.107229,11.895709,-7.975152,-20.010273
2.526000,0.803591,-1.176771,-0.174674,10.918100,-8.689542,-19.945328
2.526000,0.961898,-1.527642,-0.183759,10.539156,-9.073587,-20.009205
2.528000,1.066412,-1.879244,-0.188424,10.189926,-9.455842,-20.049187
2.530000,1.162192,-2.192687,-0.185135,9.917682,-9.794228,-20.101613
2.534000,-3.597792,5.242583,0.211890,21.007444,-1.483201,-19.426429
2.534000,-3.507604,4.815093,0.211143,20.579478,-1.956856,-19.465267
2.536000,-3.250392,4.225178,0.193194,19.918096,-2.608035,-19.557953
2.538000,-2.059166,2.145718,0.105734,17.050724,-4.918248,-19.797221
2.540000,0.169176,-2.315720,-0.009547,11.235183,-9.889368,-20.250591
2.544000,2.339908,-5.776023,-0.083698,6.590861,-13.718827,-20.766502
2.546000,3.100725,-8.140182,-0.127905,3.720413,-16.364137,-20.865129
2.546000,4.195733,-8.883961,-0.232289,2.099954,-17.170576,-21.008774
2.548000,4.314006,-8.662206,-0.249043,2.261719,-16.911644,-21.036978
2.550000,4.066539,-7.693558,-0.243361,3.443767,-15.808412,-21.001562
2.554000,2.079141,-6.775644,-9.836097,-7.003453,-15.387516,3.791525
2.556000,2.693598,-7.268329,-9.069791,-7.054679,-15.772317,3.877974
2.556000,3.272425,-8.548816,-7.031271,-5.393849,-16.731757,4.211916
2.558000,1.773272,-7.045552,-8.003635,-4.806011,-14.942844,3.792396
2.560000,0.057790,-5.288580,-9.229594,-4.234206,-12.921755,3.318422
2.564000,-1.853884,-3.203630,-10.859879,-3.922486,-10.603739,2.756370
2.566000,-3.714788,-1.131203,-12.550399,-3.649052,-8.359900,2.214506
2.568000,-5.479348,0.831184,-14.178286,-3.451458,-6.255088,1.709301
2.568000,-7.098613,2.607546,-15.677416,-3.272171,-4.373272,1.262545
2.570000,-8.524689,4.178648,-17.010894,-3.147001,-2.720505,0.880891
2.572000,-9.776574,5.538470,-18.174520,-3.041440,-1.302406,0.563500
2.576000,-12.234631,8.108779,-20.386770,-2.765719,1.347753,0.032372
2.578000,-13.050035,8.938057,-21.097411,-2.684829,2.190468,-0.123046
2.578000,-12.627054,8.514421,-20.739705,-2.786793,1.752048,-0.059365
2.580000,-13.116425,8.967784,-21.144281,-2.740303,2.199808,-0.138662
2.582000,-13.435344,9.299679,-21.523824,-2.896363,2.509211,-0.213709
2.584000,-13.912786,9.730883,-21.907426,-2.848398,2.934874,-0.283208
2.588000,-15.152124,10.838544,-22.832029,-2.580561,4.043435,-0.423302
2.590000,-15.506942,11.117613,-23.059452,-2.492910,4.318912,-0.454615
2.590000,-15.168458,10.785228,-22.789552,-2.597777,3.981127,-0.423820
2.592000,-15.359014,10.899984,-22.888761,-2.556376,4.092298,-0.438379
2.594000,-15.542654,11.006300,-22.962526,-2.493320,4.198170,-0.447010
2.596000,-15.773696,11.157295,-23.067212,-2.406800,4.351839,-0.460545
2.600000,-16.486775,11.707604,-23.445179,-2.102175,4.910714,-0.487689
2.602000,-16.243622,11.465839,-23.249253,-2.178447,4.673902,-0.479426
2.602000,-16.348596,11.502273,-23.267802,-2.137879,4.717213,-0.488110
2.604000,-16.434335,11.522603,-23.256227,-2.079878,4.747017,-0.490289
2.606000,-16.153229,11.230949,-23.113035,-2.360315,4.448185,-0.509947
2.610000,-16.553711,11.507336,-23.251405,-2.131091,4.735343,-0.504477
2.612000,-16.639969,11.533784,-23.227953,-2.047325,4.775027,-0.503949
2.612000,-16.435111,11.331898,-23.087188,-2.152157,4.587892,-0.521910
2.614000,-16.419240,11.268024,-23.015107,-2.140840,4.539340,-0.528343
2.616000,-16.461304,11.260412,-22.969936,-2.082978,4.549573,-0.532975
2.620000,-16.824683,11.520619,-23.036700,-1.771092,4.826121,-0.503794
2.622000,-16.809942,11.466352,-22.958589,-1.742067,4.788440,-0.505880
2.624000,-16.702882,11.351622,-22.872513,-1.825809,4.692056,-0.541990
2.624000,-16.797970,11.407048,-22.879704,-1.719837,4.776776,-0.546369
2.626000,-16.752544,11.331029,-22.797664,-1.725137,4.721071,-0.557042
2.628000,-16.807471,11.349436,-22.765089,-1.652810,4.760868,-0.561106
2.632000,-17.045419,11.526624,-22.762630,-1.386892,4.945781,-0.514361
2.634000,-16.449357,10.952026,-22.411647,-1.804090,4.365897,-0.537611
2.634000,-16.373363,10.868251,-22.390881,-1.907894,4.317589,-0.594994
2.636000,-16.232294,10.713251,-22.272852,-1.994728,4.180960,-0.612976
2.638000,-16.273791,10.729316,-22.253338,-1.953877,4.220461,-0.626816
2.642000,-16.472672,10.887164,-22.227940,-1.689834,4.379389,-0.570410
2.644000,-16.555393,10.945981,-22.221925,-1.602446,4.458139,-0.573194
2.644000,-16.534589,10.911878,-22.251233,-1.704839,4.468645,-0.645789
2.646000,-16.642603,10.994655,-22.273005,-1.622369,4.578791,-0.661448
2.648000,-16.657679,10.992377,-22.250934,-1.612298,4.600547,-0.681166
2.652000,-16.830593,11.140266,-22.313864,-1.490164,4.771567,-0.689509
2.652000,-16.798995,11.095492,-22.249270,-1.485046,4.747385,-0.700448
2.654000,-16.871838,11.151103,-22.250501,-1.419257,4.823753,-0.708517
2.656000,-16.112291,10.425409,-21.787154,-1.900673,4.092263,-0.736716
2.660000,-15.985255,10.306668,-21.590372,-1.834968,3.946490,-0.667024
2.662000,-16.079887,10.377965,-21.711274,-1.911602,4.077143,-0.759938
2.662000,-16.297782,10.576296,-21.817988,-1.780507,4.296378,-0.768684
2.664000,-16.322906,10.589632,-21.802601,-1.759706,4.335812,-0.788870
2.666000,-16.466950,10.717961,-21.855929,-1.659965,4.485787,-0.797808
2.670000,-16.639783,10.889555,-21.835535,-1.396837,4.631353,-0.712679
2.672000,-16.745572,10.984613,-21.868200,-1.320789,4.744916,-0.719357
2.672000,-16.971219,11.177139,-22.078486,-1.342665,5.008545,-0.823796
2.674000,-16.952084,11.151828,-22.037782,-1.348279,5.008186,-0.843859
2.676000,-17.037718,11.227068,-22.075101,-1.312803,5.108222,-0.865092
2.678000,-17.113738,11.295710,-22.094348,-1.261144,5.194999,-0.874421
2.682000,-17.173155,11.369502,-22.007174,-1.056127,5.225996,-0.776212
2.684000,-15.383462,9.663179,-20.735899,-1.828011,3.506072,-0.770509
2.684000,-15.614276,9.859176,-20.956367,-1.862781,3.780361,-0.885983
2.686000,-15.550743,9.800317,-20.908319,-1.914829,3.739873,-0.907314
2.688000,-15.786398,10.022340,-21.055649,-1.816133,3.988005,-0.929897
2.690000,-16.032124,10.255836,-21.196078,-1.689056,4.240380,-0.939472
2.694000,-16.213920,10.452313,-21.198763,-1.426848,4.386982,-0.833055
2.696000,-16.564038,10.785041,-21.421118,-1.267734,4.734662,-0.842988
2.696000,-16.969272,11.143132,-21.750440,-1.212924,5.181179,-0.965736
2.698000,-17.066774,11.231805,-21.783616,-1.151137,5.293641,-0.982922
2.700000,-17.249601,11.402844,-21.891216,-1.074371,5.486995,-1.004072
2.704000,-17.163407,11.353927,-21.751155,-0.992523,5.368809,-0.896331
2.706000,-17.274820,11.462624,-21.801893,-0.929992,5.486647,-0.900669
2.706000,-14.122738,8.399467,-19.309932,-1.845910,2.501946,-0.909184
2.708000,-13.992814,8.283801,-19.197942,-1.891767,2.401518,-0.919771
2.710000,-13.527991,7.880869,-18.832267,-1.996627,1.919272,-0.806675
2.712000,-14.602434,8.876402,-19.633079,-1.694463,3.023895,-0.955451
2.716000,-15.262876,9.497026,-20.075116,-1.415042,3.662359,-0.970500
2.718000,-16.652812,10.796821,-21.059613,-0.896806,4.995633,-1.020101
2.718000,-16.788218,10.936323,-21.170864,-0.888192,5.139361,-1.031872
2.720000,-17.468804,11.576563,-21.647623,-0.639827,5.791233,-1.053406
2.722000,-17.977552,12.059311,-22.007898,-0.466596,6.279243,-1.070199
2.726000,-18.107206,12.230708,-22.119260,-0.445787,6.354479,-0.969566
2.728000,-19.102325,13.125541,-22.820160,-0.106056,7.352955,-1.110887
2.728000,-19.387868,13.394696,-22.995238,0.015045,7.624046,-1.116959
2.730000,-19.784951,13.768138,-23.272404,0.141570,8.008194,-1.142771
2.732000,-4.451585,-0.964819,-10.445665,-2.757563,-6.705517,-0.338037
2.736000,-8.873421,3.357533,-14.163113,-1.929846,-2.492717,-0.443148
2.738000,-13.638611,7.819483,-17.858658,-0.673255,2.076175,-0.765960
2.738000,-18.568385,12.435958,-21.698779,0.613136,6.721614,-0.986654
2.740000,-21.996582,15.645789,-24.395308,1.447794,9.953079,-1.165957
2.742000,-5.430955,30.504129,1.301463,49.325267,23.644573,-24.333967
2.746000,-3.983362,32.380021,1.042151,48.889555,25.848517,-20.324306
2.748000,-4.160170,33.605377,1.043611,50.115454,27.176359,-20.214214
2.748000,-2.854456,30.925600,0.840728,45.863191,24.435917,-19.070852
2.750000,-1.840948,27.335274,0.731545,41.389801,20.670344,-18.477007
2.752000,-0.772312,23.180719,0.647701,36.540646,16.292458,-18.149832
2.756000,0.856736,14.056686,0.565876,26.961630,6.571227,-18.136316
2.758000,-0.916400,10.289866,1.042426,26.305114,2.383063,-18.764171
2.758000,-0.475638,6.874135,1.022834,22.829515,-1.224641,-18.678937
2.760000,-0.514433,4.433396,1.109452,20.877821,-3.850167,-18.705104
2.762000,-0.384833,2.480184,1.141870,19.054322,-5.944029,-18.682136
2.766000,-0.231057,-0.666821,1.188287,16.031077,-9.352915,-18.672677
2.768000,-0.466571,-0.103334,1.216572,16.699149,-8.761259,-18.588771
2.768000,-0.631192,-1.212294,1.268530,15.948185,-9.987673,-18.698554
2.770000,-0.808606,-1.259177,1.276959,15.851647,-10.031521,-18.533860
2.772000,-0.997351,-1.713853,1.299685,15.486591,-10.546350,-18.523449
2.774000,-1.200615,-2.265521,1.327308,15.084987,-11.192808,-18.605468
2.778000,-1.363013,-2.547635,1.334344,14.751721,-11.530979,-18.685151
2.780000,-1.485283,-2.763527,1.335054,14.560429,-11.779941,-18.651818
2.780000,-1.595712,-2.633793,1.318014,14.532872,-11.636452,-18.596836
2.782000,-1.663310,-2.177405,1.280889,14.752732,-11.148317,-18.564957
2.784000,-1.705014,-2.211774,1.259967,14.571422,-11.201116,-18.614205
2.788000,-1.431318,-2.948117,1.187481,13.358221,-12.046555,-18.887295
2.790000,-1.630188,-2.495856,1.201106,13.889888,-11.549245,-18.927174
2.790000,-1.561336,-2.556207,1.164607,13.633776,-11.625979,-18.906514
2.792000,-1.559971,-2.248241,1.128651,13.707759,-11.277629,-18.899705
2.794000,-1.454916,-2.239711,1.083884,13.449117,-11.270595,-18.972413
2.798000,-0.949280,-2.758721,0.974351,12.256079,-11.849916,-19.249010
2.800000,-1.121939,-2.444126,0.981752,12.639842,-11.495414,-19.286305
2.800000,-0.965711,-2.445574,0.929210,12.352151,-11.502940,-19.267818
2.802000,-0.936342,-2.126819,0.889560,12.446937,-11.136664,-19.270036
2.804000,-0.780554,-2.065413,0.835739,12.210533,-11.061893,-19.331561
2.806000,-0.712774,-1.407675,0.776751,12.560013,-10.325171,-19.326119
2.810000,-0.139514,-1.672719,0.659731,11.613400,-10.600763,-19.554966
2.812000,-0.300521,-1.412770,0.657715,11.918174,-10.315597,-19.485433
2.812000,-0.218674,-1.203029,0.614787,11.907921,-10.064179,-19.508197
2.814000,-0.102203,-1.134612,0.570589,11.757602,-9.976351,-19.556978
2.816000,0.054108,-1.103050,0.521090,11.539319,-9.926595,-19.611672
2.820000,0.622321,-1.440381,0.420034,10.627589,-10.269414,-19.823778
2.822000,0.491936,-1.270493,0.408213,10.796049,-10.083045,-19.751198
2.824000,0.545218,-1.082970,0.373610,10.831511,-9.855782,-19.763045
2.824000,0.630791,-1.004750,0.335176,10.742345,-9.754511,-19.787495
2.826000,0.748525,-0.952829,0.293489,10.606425,-9.680181,-19.818137
2.828000,0.871722,-0.923713,0.251878,10.450050,-9.630709,-19.849482
2.832000,1.306746,-1.098758,0.181485,9.898175,-9.788004,-20.005115
2.834000,0.931102,-0.315057,0.186354,10.851608,-8.906382,-19.897959
2.836000,0.990990,-0.225362,0.153928,10.788473,-8.806598,-19.872005
2.836000,0.883024,0.058789,0.144853,11.102423,-8.476919,-19.854629
2.838000,0.960666,0.065825,0.114376,10.997279,-8.451834,-19.877548
2.840000,1.038984,0.054570,0.084821,10.881184,-8.446089,-19.901800
2.844000,1.429315,-0.231355,0.037269,10.353374,-8.721748,-20.053885
2.846000,1.391213,-0.241912,0.000557,10.263442,-8.717446,-20.008950
2.848000,1.483712,-0.312372,-0.032506,10.030792,-8.793047,-19.993019
2.848000,1.376264,-0.152502,-0.038704,10.251897,-8.603189,-19.980595
2.850000,1.420029,-0.172366,-0.062156,10.171830,-8.609018,-19.991151
2.854000,1.680331,-0.324554,-0.082102,9.941759,-8.738698,-20.115779
2.856000,1.649549,-0.392709,-0.123802,9.780115,-8.799749,-20.059093
2.858000,1.202999,0.348490,-0.085641,10.825380,-7.982856,-19.962412
2.858000,1.148076,0.405026,-0.095868,10.914564,-7.906061,-19.955717
2.860000,0.983615,0.602187,-0.087076,11.264513,-7.677171,-19.948728
2.862000,1.027365,0.522634,-0.104753,11.157360,-7.748997,-19.968491
2.866000,1.288652,0.295185,-0.108379,10.924821,-7.959361,-20.112292
2.868000,1.260900,0.181405,-0.154433,10.705944,-8.072816,-20.048208
2.870000,1.349038,0.027160,-0.176970,10.430629,-8.240339,-20.045620
2.870000,1.320931,-0.000597,-0.186964,10.437038,-8.262232,-20.057825
2.872000,1.382050,-0.118610,-0.203085,10.289208,-8.378554,-20.079040
2.874000,1.435670,-0.227765,-0.217678,10.162183,-8.484820,-20.100331
2.878000,1.556402,-0.432675,-0.238470,9.882281,-8.691059,-20.120615
2.878000,1.609826,-0.524571,-0.251674,9.777560,-8.777970,-20.142155
2.880000,1.605681,-0.564950,-0.257331,9.784762,-8.814749,-20.171463
2.882000,0.501953,0.518871,-0.119043,11.912240,-7.618878,-20.058792
2.886000,0.401780,0.740439,-0.061905,12.519124,-7.343471,-20.165316
2.888000,0.452768,0.428132,-0.119063,12.030632,-7.678987,-20.107392
2.890000,0.542018,0.277555,-0.137437,11.773020,-7.842011,-20.111535
2.890000,0.657916,0.087342,-0.163595,11.502702,-8.046130,-20.152728
2.892000,0.831943,-0.142628,-0.189266,11.160105,-8.286904,-20.194777
2.894000,1.013440,-0.375352,-0.214923,10.813494,-8.530327,-20.238892
2.898000,1.241518,-0.390515,-0.192146,10.903909,-8.512556,-20.389949
2.900000,1.385972,-0.846611,-0.260380,10.119663,-9.015948,-20.316026
2.900000,1.536751,-1.038244,-0.278043,9.854754,-9.214364,-20.359958
2.902000,1.631089,-1.196503,-0.296061,9.653600,-9.385723,-20.405571
2.904000,1.749758,-1.352874,-0.308315,9.459320,-9.546319,-20.448963
2.906000,-1.253431,0.025692,0.107079,13.860020,-8.071663,-20.239514
2.910000,-1.433882,0.452390,0.178671,14.796290,-7.571054,-20.357497
2.912000,-1.181280,-0.170317,0.104867,13.765226,-8.256860,-20.303646
2.912000,-0.583914,-0.541230,0.024598,12.892276,-8.653099,-20.409478
2.914000,0.107597,-1.020173,-0.068062,11.796939,-9.160446,-20.499148
2.916000,0.828176,-1.579833,-0.149026,10.638926,-9.748324,-20.591467
2.918000,1.604182,-1.894498,-0.252459,9.634633,-10.078542,-20.704930
2.920000,2.300204,-2.303467,-0.329687,8.646072,-10.498159,-20.789295
2.924000,2.921079,-2.823552,-0.387372,7.726894,-11.045182,-20.927386
2.924000,4.416622,-4.110385,-0.536881,5.126070,-12.441059,-21.125291
2.926000,5.304811,-4.971831,-0.613052,3.599666,-13.378574,-21.310807
2.928000,5.705544,-5.282413,-0.639984,3.044731,-13.703249,-21.411054
2.930000,5.543205,-5.014509,-0.610179,3.574123,-13.384190,-21.421162
2.934000,-6.942120,-4.294950,1.271642,17.982662,-12.857090,-21.103710
2.934000,-3.900092,-4.098206,0.758712,14.679923,-12.558361,-21.100229
2.936000,1.775848,-5.439587,-11.116177,-8.072730,-14.569665,3.665666
2.938000,2.307729,-5.849586,-10.702167,-8.205546,-14.801739,3.724332
2.940000,2.778371,-6.218427,-10.384776,-8.381157,-15.046512,3.783122
2.942000,1.289194,-4.711289,-11.497327,-7.977247,-13.232111,3.341313
2.946000,-0.509745,-2.913323,-12.901468,-7.522415,-11.161067,2.841271
2.948000,-2.552004,-0.880014,-14.533231,-7.030986,-8.870422,2.291469
2.948000,-4.619463,1.155076,-16.212299,-6.545638,-6.623791,1.760571
2.950000,-6.498556,3.007895,-17.738519,-6.122014,-4.588393,1.285101
2.952000,-8.207122,4.674185,-19.119058,-5.735908,-2.774504,0.871662
2.956000,-11.319792,7.562516,-21.354396,-4.705428,0.382253,0.217606
2.958000,-10.078410,5.803114,-18.892355,-3.285107,-1.234163,0.563606
2.958000,-11.078761,6.694428,-19.523595,-2.787246,-0.234190,0.370436
2.960000,-11.782844,7.266268,-19.889456,-2.401031,0.381805,0.268119
2.962000,-12.605331,8.035582,-20.532282,-2.205654,1.184095,0.119864
2.964000,-13.274596,8.662721,-21.048890,-2.059679,1.835058,0.006410
2.968000,-13.916823,9.265711,-21.585437,-1.963305,2.447997,-0.100023
2.968000,-14.475166,9.782397,-22.048573,-1.882422,2.968486,-0.185272
2.970000,-14.984483,10.246378,-22.490026,-1.830832,3.427777,-0.260415
2.972000,-15.401075,10.616204,-22.820971,-1.765722,3.795628,-0.313570
2.974000,-15.746314,10.911278,-23.057315,-1.676753,4.092852,-0.348085
2.978000,-16.099512,11.193798,-23.272636,-1.612091,4.354797,-0.378713
2.980000,-16.321808,11.382682,-23.453682,-1.538381,4.559687,-0.399242
2.980000,-16.554298,11.565459,-23.625634,-1.503704,4.737554,-0.421641
2.982000,-16.692611,11.701092,-23.860625,-1.701307,4.853350,-0.463538
2.984000,-16.838813,11.805388,-23.946212,-1.682022,4.955215,-0.476466
2.986000,-16.959185,11.885127,-24.004930,-1.661293,5.034067,-0.486354
2.990000,-17.105629,11.972668,-23.990873,-1.570457,5.113085,-0.485452
2.992000,-17.172187,12.005581,-24.011430,-1.502644,5.165595,-0.487232
2.992000,-17.242083,12.034614,-24.016872,-1.472711,5.199607,-0.494053
2.994000,-17.307088,12.059821,-23.994733,-1.407245,5.234891,-0.495614
2.996000,-17.359275,12.074793,-23.963400,-1.346932,5.260622,-0.497450
2.998000,-17.402668,12.083123,-23.923080,-1.284463,5.281167,-0.498877
3.002000,-17.473288,12.114036,-23.849363,-1.181836,5.317661,-0.495217
3.004000,-17.485577,12.101146,-23.820414,-1.126913,5.328481,-0.497829
3.006000,-17.480021,12.070788,-23.772173,-1.118861,5.311298,-0.506075
3.006000,-17.393859,11.985736,-23.786784,-1.320403,5.225821,-0.536947
3.008000,-17.384728,11.956222,-23.736912,-1.312502,5.210281,-0.545224
3.010000,-17.375443,11.927795,-23.686524,-1.302338,5.196351,-0.553553
3.014000,-17.401783,11.931384,-23.612194,-1.238215,5.210940,-0.556821
3.016000,-17.423299,11.930371,-23.576616,-1.163297,5.234987,-0.559159
3.018000,-17.394295,11.884737,-23.510545,-1.156579,5.206591,-0.568974
3.018000,-17.397880,11.870406,-23.453746,-1.109644,5.211159,-0.575047
3.020000,-17.394640,11.851364,-23.396690,-1.072917,5.210348,-0.582306
3.022000,-17.437135,11.875906,-23.358050,-0.990604,5.253883,-0.585724
3.026000,-17.436220,11.866485,-23.289181,-0.951785,5.255906,-0.592942
3.028000,-17.427429,11.841776,-23.261716,-0.938966,5.254677,-0.605043
3.028000,-17.415224,11.818446,-23.212728,-0.922954,5.249849,-0.617913
3.030000,-17.354203,11.750421,-23.144068,-0.951882,5.200084,-0.634637
3.032000,-17.186949,11.595988,-23.127350,-1.219681,5.046599,-0.676972
3.034000,-17.159522,11.562740,-23.089095,-1.239325,5.029654,-0.693479
3.038000,-17.187770,11.589177,-23.066525,-1.207276,5.067412,-0.705570
3.040000,-17.210572,11.597118,-23.059185,-1.177466,5.096364,-0.716226
3.042000,-17.170530,11.552913,-22.997329,-1.179733,5.070140,-0.729440
3.042000,-17.182247,11.557365,-22.966476,-1.145185,5.092479,-0.740388
3.044000,-17.189948,11.559145,-22.934286,-1.114615,5.111410,-0.751662
3.046000,-17.203435,11.567152,-22.907098,-1.081499,5.136130,-0.762836
3.050000,-16.895075,11.302127,-22.578365,-1.060364,4.815525,-0.680070
3.052000,-17.287580,11.639176,-22.899920,-0.993098,5.238876,-0.785136
3.054000,-17.296104,11.645081,-22.878223,-0.972882,5.259181,-0.797383
3.054000,-17.274147,11.620069,-22.848778,-0.993386,5.256959,-0.822541
3.056000,-17.026527,11.379410,-22.633511,-1.072835,5.028872,-0.833444
3.058000,-16.999209,11.353992,-22.594756,-1.078822,5.015211,-0.846470
3.062000,-16.590280,11.009644,-22.233305,-1.142107,4.592292,-0.753963
3.064000,-17.055328,11.410687,-22.601634,-1.041162,5.091086,-0.869886
3.066000,-17.071624,11.429454,-22.597367,-1.028558,5.119100,-0.881357
3.066000,-17.064871,11.422736,-22.579564,-1.037677,5.132671,-0.904661
3.068000,-17.073446,11.435424,-22.571900,-1.030498,5.153473,-0.916159
3.070000,-17.078200,11.445221,-22.562981,-1.026363,5.170847,-0.927775
3.074000,-16.610414,11.058180,-22.186771,-1.140615,4.687356,-0.825571
3.076000,-17.160446,11.536275,-22.609420,-0.997424,5.271861,-0.950575
3.078000,-17.160204,11.543598,-22.598620,-0.994059,5.284342,-0.960901
3.078000,-17.136236,11.523316,-22.564183,-0.998931,5.282134,-0.981751
3.080000,-17.119239,11.515962,-22.541943,-1.002630,5.279021,-0.991739
3.082000,-16.519698,10.915359,-21.893530,-0.954142,4.696679,-0.959057
3.086000,-16.455842,10.870930,-21.817539,-0.942983,4.650721,-0.962136
3.088000,-16.547505,10.956549,-21.867061,-0.891272,4.744128,-0.969279
3.088000,-16.371699,10.808702,-21.759619,-1.003326,4.594455,-0.979124
3.090000,-16.416982,10.867379,-21.815123,-1.023303,4.651224,-0.991418
3.092000,-16.449673,10.916659,-21.867432,-1.056132,4.697025,-1.004229
3.094000,-16.511039,10.992756,-21.938143,-1.072617,4.769814,-1.016676
3.098000,-16.024513,10.619611,-21.651423,-1.317502,4.274661,-0.908924
3.100000,-16.702134,11.213781,-22.149619,-1.102219,4.981381,-1.046439
3.102000,-16.747185,11.276926,-22.206518,-1.120457,5.040177,-1.057601
3.102000,-16.767478,11.305817,-22.213211,-1.110799,5.080142,-1.074464
3.104000,-17.091098,11.621769,-22.439696,-0.969489,5.393370,-1.083992
3.106000,-14.922350,9.155356,-19.201937,0.461600,3.034282,-0.738104
3.110000,-13.881103,8.272875,-18.573352,-0.096467,2.019064,-0.617737
3.112000,-14.715648,9.030266,-19.238318,0.108562,2.881500,-0.771560
3.114000,-15.000790,9.385454,-19.753111,-0.211372,3.203674,-0.827600
3.114000,-15.549867,9.992804,-20.500028,-0.480995,3.788101,-0.910299
3.116000,-16.037482,10.564406,-21.232846,-0.807503,4.319577,-0.983135
3.118000,-17.137772,11.736406,-22.502257,-1.009835,5.444199,-1.090728
3.122000,-17.769301,12.447718,-23.300267,-1.214631,6.112003,-1.160858
3.124000,-18.085976,12.838579,-23.774684,-1.415772,6.473306,-1.206935
3.124000,-18.042626,12.881114,-23.900315,-1.634955,6.489256,-1.227463
3.128000,-17.715735,12.609868,-23.652485,-1.738815,6.203877,-1.210130
3.128000,-2.927758,25.850006,1.255793,43.982623,19.025804,-21.396377
3.130000,-1.920242,27.276908,1.083186,44.027704,20.737952,-19.361704
3.132000,-2.341963,25.234969,1.303127,43.014820,18.522772,-18.144183
3.136000,-1.765637,22.152400,1.220239,39.250297,15.232844,-17.093484
3.138000,-1.257987,18.811962,1.157560,35.366088,11.666816,-16.901279
3.138000,-0.678534,15.695009,1.069494,31.546755,8.383871,-16.429329
3.140000,-0.545407,12.320945,1.075392,28.172678,4.706021,-16.337307
3.142000,-0.219794,9.729579,1.039856,25.235979,1.957745,-16.101053
3.146000,-0.186147,4.556475,1.076683,20.237928,-3.713177,-16.159513
3.148000,-0.341237,4.909132,1.110994,20.792542,-3.329252,-16.149008
3.150000,-0.449551,3.120671,1.145566,19.167687,-5.291860,-16.173145
3.150000,-0.493613,2.266869,1.150803,18.245334,-6.200332,-16.059450
3.152000,-0.665951,1.101303,1.182467,17.231413,-7.495445,-16.113001
3.154000,-0.847635,0.168485,1.209623,16.425525,-8.540550,-16.177790
3.158000,-0.928832,-0.560359,1.210600,15.639619,-9.394846,-16.409210
3.160000,-1.065646,-1.209425,1.224416,15.105440,-10.125718,-16.424116
3.162000,-1.182829,-1.729932,1.229690,14.586938,-10.723419,-16.531366
3.162000,-1.211215,-1.952348,1.211361,14.195315,-10.962367,-16.552761
3.164000,-1.293322,-2.282023,1.206036,13.811184,-11.348893,-16.673187
3.166000,-1.344111,-2.533903,1.193420,13.464621,-11.647775,-16.796538
3.170000,-1.417886,-2.956153,1.190139,12.993891,-12.157361,-17.141117
3.172000,-1.383586,-3.084287,1.164312,12.735948,-12.317295,-17.140943
3.172000,-1.316378,-2.994503,1.121312,12.542409,-12.208688,-17.196358
3.174000,-1.249514,-3.063178,1.084235,12.252795,-12.295778,-17.321076
3.176000,-1.165603,-3.076011,1.041964,11.994366,-12.317933,-17.445927
3.180000,-0.910481,-3.140211,0.950355,11.398536,-12.400125,-17.721927
3.182000,-0.950626,-3.074871,0.948799,11.473538,-12.327255,-17.701271
3.184000,-0.627420,-2.853401,0.859147,11.177158,-12.073583,-17.805721
3.184000,-0.479047,-2.773932,0.806870,10.972013,-11.983651,-17.918271
3.186000,-0.284596,-2.804766,0.747150,10.632908,-12.028284,-18.080974
3.188000,-0.169672,-2.613308,0.695898,10.548259,-11.796671,-18.141855
3.192000,0.095248,-2.417038,0.609967,10.295338,-11.565053,-18.371681
3.194000,0.109590,-2.426217,0.591051,10.207580,-11.573911,-18.345414
3.196000,0.249295,-2.329269,0.539468,10.051595,-11.456801,-18.441484
3.196000,0.377317,-2.236609,0.492046,9.917105,-11.343721,-18.529503
3.198000,0.511800,-2.129765,0.442522,9.789709,-11.213039,-18.614883
3.200000,0.689115,-2.103189,0.387781,9.560155,-11.178345,-18.726915
3.204000,0.830817,-1.996734,0.339306,9.455763,-11.027435,-18.887728
3.206000,0.944321,-1.877817,0.293975,9.359942,-10.899144,-18.870068
3.206000,1.185250,-1.539397,0.223551,9.338723,-10.493916,-18.897881
3.208000,1.310603,-1.411570,0.178491,9.269448,-10.336598,-18.954630
3.212000,1.410781,-1.015261,0.145002,9.556611,-9.865086,-19.095785
3.214000,1.494625,-1.160767,0.101788,9.216140,-10.025794,-19.063380
3.216000,1.548713,-1.044231,0.070955,9.230377,-9.879626,-19.112381
3.216000,1.616715,-0.997942,0.038853,9.166076,-9.812362,-19.161662
3.218000,1.650591,-0.895729,0.013253,9.198654,-9.682100,-19.203981
3.220000,1.689875,-0.813675,-0.012043,9.212389,-9.574198,-19.245945
3.224000,1.704515,-0.480369,-0.016676,9.613788,-9.169556,-19.361890
3.226000,1.815294,-0.709754,-0.070709,9.140809,-9.424318,-19.327354
3.228000,1.819689,-0.619396,-0.091074,9.203275,-9.306903,-19.353994
3.228000,1.773699,-0.532948,-0.104198,9.309619,-9.197068,-19.372873
3.230000,1.767402,-0.456115,-0.120827,9.380267,-9.095889,-19.397500
3.232000,2.101014,-0.326273,-0.196325,9.134963,-8.922910,-19.425843
3.236000,2.128431,-0.256965,-0.214507,9.229682,-8.812015,-19.491350
3.238000,2.133295,-0.184238,-0.231941,9.238408,-8.731956,-19.471859
3.240000,2.054937,-0.107091,-0.232559,9.406568,-8.636344,-19.497854
3.240000,2.003670,-0.052418,-0.236474,9.524232,-8.563253,-19.518009
3.242000,1.942060,-0.013630,-0.237696,9.644406,-8.507795,-19.540170
3.244000,1.921362,0.014816,-0.245027,9.708567,-8.457886,-19.552437
3.248000,1.874434,0.037673,-0.245383,9.868896,-8.405314,-19.608406
3.250000,1.807429,0.071385,-0.246319,9.930557,-8.370302,-19.592138
3.250000,1.716307,0.102914,-0.241158,10.089945,-8.330767,-19.623931
3.252000,1.655305,0.108635,-0.239826,10.187818,-8.314679,-19.644710
3.254000,1.581769,0.144282,-0.236894,10.329087,-8.264810,-19.661971
3.256000,2.100623,-0.174842,-0.322607,9.530867,-8.590718,-19.733556
3.260000,2.107151,-0.219392,-0.329752,9.521936,-8.628860,-19.762824
3.260000,2.095610,-0.270883,-0.333986,9.535417,-8.683815,-19.811171
3.262000,1.992664,-0.243255,-0.324081,9.710343,-8.644977,-19.827928
3.264000,1.871907,-0.205556,-0.311218,9.914944,-8.595590,-19.842999
3.266000,1.727920,-0.117110,-0.294662,10.181544,-8.480349,-19.828813
3.270000,1.591100,-0.059680,-0.276981,10.495696,-8.398532,-19.868774
3.272000,1.449005,-0.016390,-0.262120,10.660221,-8.354102,-19.853357
3.274000,1.271604,0.045337,-0.241178,10.959264,-8.290432,-19.887587
3.274000,1.211900,0.004441,-0.235032,11.036723,-8.329970,-19.917442
3.276000,1.099223,0.029704,-0.222144,11.230180,-8.296413,-19.937475
3.278000,1.001026,0.047841,-0.210998,11.403475,-8.270315,-19.958771
3.282000,0.862140,0.139741,-0.194027,11.674298,-8.151263,-19.941975
3.284000,2.534422,-2.143994,-0.388894,8.071637,-10.676562,-20.391091
3.284000,2.555751,-2.216863,-0.390216,8.053219,-10.749797,-20.435045
3.286000,2.571271,-2.284326,-0.390496,8.046626,-10.818081,-20.479853
3.288000,2.259119,-1.976161,-0.349921,8.716771,-10.471675,-20.456280
3.290000,1.865438,-1.611703,-0.297337,9.513511,-10.051586,-20.394367
3.294000,1.451251,-1.210345,-0.245303,10.373831,-9.603046,-20.357291
3.294000,1.010692,-0.723617,-0.193949,11.328434,-9.059615,-20.307713
3.296000,0.679939,-0.432989,-0.155717,12.012791,-8.748191,-20.324850
3.298000,0.314588,-0.079941,-0.114079,12.770393,-8.355028,-20.300505
3.300000,-0.088782,0.331011,-0.068327,13.599077,-7.884747,-20.232110
3.304000,-0.363233,0.490011,-0.032469,14.169460,-7.700420,-20.270902
3.304000,-0.698222,0.952991,-0.005699,14.893263,-7.191691,-20.192250
3.306000,7.098291,-12.200567,-0.606320,-3.668646,-21.742948,-22.715727
3.308000,6.532065,-10.974792,-0.561021,-1.991651,-20.376544,-22.557594
3.310000,4.237253,-7.565592,-0.360565,3.217125,-16.612890,-21.962221
3.312000,0.930970,-2.792222,-0.068888,10.666260,-11.320004,-21.061357
3.316000,-1.715615,0.802752,0.166390,16.565448,-7.335795,-20.456658
3.318000,-3.310114,3.412247,0.268504,20.296186,-4.456011,-19.969420
3.318000,-5.642403,6.016918,0.471943,24.886033,-1.613722,-19.517209
3.320000,-4.462828,5.731470,0.298631,23.452347,-1.894163,-19.661209
3.322000,-5.803715,7.049880,0.409319,25.890940,-0.460596,-19.409826
3.324000,-4.901446,6.254707,0.302464,24.310519,-1.330739,-19.614127
3.326000,-0.290059,-3.528466,-11.626381,-5.118568,-13.351521,4.249659
3.328000,-0.120083,-3.663490,-11.405501,-5.011471,-13.476403,4.342237
3.330000,0.148239,-3.862547,-11.223005,-5.059208,-13.711666,4.440057
3.332000,0.881948,-4.705404,-10.171473,-4.984622,-14.166584,4.150618
3.334000,-0.758728,-3.166884,-11.479821,-4.816075,-12.211813,3.584557
3.338000,-4.714533,0.642105,-14.842542,-4.592854,-7.463375,2.254364
3.340000,-4.337888,0.297890,-14.523186,-4.646381,-7.883496,2.356974
3.340000,-6.347881,2.193727,-16.169236,-4.385757,-5.605504,1.785967
3.342000,-7.760781,3.511713,-17.266680,-4.163012,-4.035575,1.412244
3.344000,-9.315127,4.956100,-18.485235,-3.916155,-2.319319,1.006496
3.346000,-10.545058,6.094212,-19.434839,-3.737900,-0.964905,0.685638
3.348000,-11.627204,7.040941,-20.166852,-3.432476,0.131307,0.470232
3.350000,-12.644708,7.936879,-20.869534,-3.181970,1.176932,0.255160
3.354000,-13.483875,8.649357,-21.352141,-2.975647,1.992650,0.091302
3.354000,-14.220825,9.283701,-21.871642,-2.731709,2.740522,-0.044680
3.356000,-15.055541,9.997974,-22.415720,-2.481809,3.541666,-0.163896
3.358000,-15.631274,10.464720,-22.726565,-2.256274,4.076186,-0.243247
3.362000,-16.568723,11.214958,-23.225366,-1.923979,4.939386,-0.373541
3.364000,-16.466271,11.113907,-23.100484,-1.882978,4.817635,-0.339442
3.364000,-16.858156,11.412283,-23.251565,-1.664871,5.157835,-0.368627
3.366000,-17.078697,11.562895,-23.284631,-1.505633,5.330623,-0.374912
3.370000,-17.293469,11.703284,-23.280928,-1.377731,5.479548,-0.385888
3.370000,-17.456327,11.816031,-23.324827,-1.232730,5.628902,-0.392447
3.372000,-17.658990,11.958293,-23.354199,-1.080198,5.798875,-0.399149
3.374000,-17.795654,12.045522,-23.347370,-0.959631,5.908447,-0.403115
3.376000,-17.905436,12.111803,-23.327218,-0.856120,5.994925,-0.406246
3.380000,-17.930865,12.092475,-23.230865,-0.823412,5.988282,-0.405762
3.382000,-18.019109,12.156684,-23.236906,-0.711869,6.072465,-0.410740
3.382000,-18.205044,12.302057,-23.283941,-0.580015,6.238973,-0.412988
3.384000,-18.283408,12.348919,-23.254169,-0.486697,6.308597,-0.415107
3.386000,-18.319964,12.361009,-23.210177,-0.430536,6.337348,-0.417979
3.388000,-18.320699,12.341095,-23.142249,-0.387961,6.332958,-0.420465
3.392000,-18.288224,12.293071,-23.065634,-0.375367,6.295134,-0.424557
3.392000,-18.281087,12.269831,-22.999682,-0.343011,6.289034,-0.428639
3.394000,-18.247677,12.223880,-22.926206,-0.332687,6.255495,-0.434039
3.396000,-18.212825,12.178238,-22.858277,-0.330130,6.221643,-0.440843
3.400000,-17.825519,11.825429,-22.575216,-0.535692,5.825223,-0.418614
3.402000,-18.125053,12.074128,-22.709455,-0.345385,6.125554,-0.457139
3.404000,-18.068700,12.008388,-22.647966,-0.350605,6.080442,-0.466112
3.404000,-18.069552,11.995686,-22.597717,-0.314823,6.087697,-0.477668
3.406000,-18.114434,12.019296,-22.520337,-0.163772,6.128491,-0.470689
3.408000,-18.072053,11.970588,-22.453836,-0.159845,6.088843,-0.479117
3.412000,-17.557585,11.519224,-22.131730,-0.461025,5.561889,-0.448346
3.414000,-17.962146,11.860207,-22.335863,-0.217706,5.978317,-0.502280
3.416000,-17.895104,11.788127,-22.289434,-0.261107,5.920462,-0.516102
3.416000,-17.886272,11.771407,-22.253071,-0.251288,5.921424,-0.532703
3.418000,-17.823220,11.708331,-22.205230,-0.299309,5.862655,-0.547249
3.420000,-17.758404,11.643678,-22.157967,-0.351132,5.802522,-0.564613
3.424000,-17.696779,11.589997,-22.126274,-0.425641,5.738510,-0.584662
3.426000,-17.626861,11.515770,-22.091718,-0.493215,5.676536,-0.604391
3.426000,-17.539513,11.432391,-22.019519,-0.539761,5.597133,-0.619358
3.428000,-17.468485,11.364794,-21.975701,-0.600351,5.530831,-0.637229
3.432000,-16.811392,10.804485,-21.613460,-1.017598,4.855268,-0.595846
3.434000,-17.435270,11.321909,-21.798122,-0.415109,5.489858,-0.635808
3.434000,-17.381858,11.262424,-21.754425,-0.442954,5.440897,-0.650122
3.436000,-17.387788,11.260015,-21.714202,-0.396380,5.455524,-0.666112
3.438000,-17.323349,11.202807,-21.688832,-0.469863,5.396126,-0.685573
3.440000,-17.256664,11.145393,-21.667297,-0.551454,5.334929,-0.705769
3.444000,-16.521839,10.534816,-21.321334,-1.088621,4.583787,-0.660812
3.446000,-17.131260,11.046073,-21.678831,-0.777824,5.218887,-0.752868
3.446000,-17.055704,10.985621,-21.665550,-0.880823,5.150445,-0.773712
3.448000,-17.042170,10.973232,-21.646550,-0.889583,5.149189,-0.795298
3.450000,-16.969992,10.916790,-21.628430,-0.978488,5.085112,-0.814173
3.452000,-16.899345,10.862654,-21.609915,-1.063330,5.023490,-0.832498
3.456000,-16.129053,10.234371,-21.224925,-1.574310,4.244852,-0.767720
3.458000,-16.626138,10.539613,-20.926246,-0.446814,4.714337,-0.749127
3.458000,-16.586351,10.508310,-20.889236,-0.456127,4.677443,-0.757363
3.460000,-16.528480,10.446277,-20.780697,-0.394085,4.627863,-0.765531
3.462000,-16.464965,10.407788,-20.813084,-0.542417,4.575855,-0.790886
3.466000,-16.424273,10.406673,-20.900834,-0.729731,4.548983,-0.822945
3.468000,-16.368959,10.377880,-20.982240,-0.941135,4.509924,-0.855553
3.468000,-16.259743,10.304184,-20.982316,-1.104728,4.419534,-0.876715
3.470000,-16.189067,10.272153,-21.039417,-1.292812,4.369185,-0.903799
3.472000,-16.160871,10.287220,-21.157197,-1.504157,4.364004,-0.937278
3.476000,-16.084801,10.250596,-21.188126,-1.657483,4.310702,-0.958711
3.476000,-16.083415,10.283968,-21.252651,-1.752352,4.332079,-0.976122
3.478000,-15.924721,10.169889,-21.203338,-1.904786,4.202001,-0.991056
3.480000,-15.965211,10.253579,-21.335848,-2.033869,4.272203,-1.017338
3.484000,-15.232910,9.211833,-19.311248,-0.141967,3.297829,-0.707759
3.484000,-15.073279,9.063324,-19.191594,-0.205171,3.147151,-0.709258
3.486000,-14.956579,8.958575,-19.073263,-0.204598,3.037159,-0.704633
3.488000,-14.960754,9.040182,-19.346939,-0.592669,3.092307,-0.759667
3.490000,-14.983702,9.154170,-19.670186,-1.020739,3.175986,-0.820245
3.494000,-15.017084,9.301191,-20.048971,-1.500212,3.282944,-0.887158
3.496000,-15.101233,9.503565,-20.500322,-2.019851,3.453622,-0.963789
3.498000,-15.133288,9.656223,-20.861407,-2.472977,3.572157,-1.025834
3.498000,-15.110785,9.745783,-21.114075,-2.847088,3.632124,-1.071593
3.500000,-15.125044,9.884457,-21.419484,-3.237819,3.740101,-1.123190
3.504000,-14.541481,9.568610,-21.380920,-3.907578,3.275806,-1.050279
3.506000,-15.191554,10.223505,-22.069970,-4.006973,4.020920,-1.229476
3.508000,-10.274632,2.171693,-8.791193,7.489743,-3.437173,0.768667
3.508000,-12.359398,5.227551,-13.447451,3.929257,-0.557328,0.090482
3.510000,-13.236854,6.875715,-16.300807,1.228260,0.948160,-0.352821
3.512000,-14.393040,9.125058,-20.314937,-2.658503,2.970635,-0.959600
3.516000,-14.782123,10.706201,-23.589652,-6.474664,4.204118,-1.367033
3.518000,-0.072964,23.809467,0.924253,38.831253,17.321385,-23.638303
3.520000,1.052339,25.264784,0.729405,38.704929,19.043287,-21.748603
3.520000,2.141057,26.676540,0.549041,38.625387,20.709344,-20.061580
3.522000,2.814343,24.542686,0.397874,35.504855,18.491896,-19.038721
3.524000,3.223792,21.930309,0.308237,32.339441,15.725213,-18.290402
3.528000,3.356627,18.849164,0.280089,29.156743,12.423009,-17.797294
3.528000,3.518633,15.529334,0.263806,25.811478,8.849386,-17.454927
3.530000,3.211386,12.533713,0.316151,23.352287,5.572045,-17.296816
3.534000,0.439485,3.180398,0.940718,18.354923,-4.771887,-17.610483
3.536000,0.526864,3.490982,0.941855,18.610689,-4.427550,-17.621526
3.536000,0.044136,1.302517,1.061958,17.203225,-6.849260,-17.642421
3.538000,0.081611,0.581219,1.063881,16.371500,-7.631405,-17.473102
3.540000,-0.099683,-0.392908,1.102517,15.591287,-8.726001,-17.438488
3.544000,-0.537787,-1.900328,1.157931,14.384415,-10.451275,-17.414569
3.546000,-0.834344,-2.530748,1.202881,14.035575,-11.204684,-17.513356
3.548000,-0.700468,-2.333010,1.190533,14.111122,-10.981910,-17.520673
3.548000,-0.625595,-2.409239,1.159752,13.760864,-11.075568,-17.491933
3.550000,-0.683279,-2.622161,1.154282,13.478222,-11.342258,-17.549039
3.552000,-0.745998,-2.835628,1.143793,13.182332,-11.610665,-17.623393
3.556000,-1.014135,-3.298418,1.136843,12.702373,-12.190800,-17.810886
3.558000,-0.555559,-2.873022,1.054985,12.574207,-11.703388,-17.784898
3.558000,-0.540665,-2.976590,1.025746,12.297918,-11.844721,-17.889470
3.560000,-0.449266,-3.007127,0.986511,12.027022,-11.899328,-17.994562
3.562000,-0.423658,-3.083934,0.954872,11.777300,-12.006618,-18.110052
3.566000,-0.605516,-3.340479,0.936002,11.493169,-12.348268,-18.386545
3.568000,-0.523212,-3.302972,0.893663,11.301456,-12.318547,-18.493111
3.570000,-0.315593,-3.317935,0.855311,11.046518,-12.330076,-18.494530
3.572000,-0.138166,-3.137278,0.795273,10.871723,-12.122302,-18.550834
3.572000,-0.002902,-3.084914,0.746306,10.659810,-12.068763,-18.649004
3.574000,0.107343,-3.015241,0.698020,10.482171,-11.994651,-18.742656
3.578000,0.066044,-2.803463,0.657014,10.541143,-11.765816,-18.928054
3.580000,0.153147,-2.712520,0.614163,10.432862,-11.679199,-18.919581
3.582000,0.400199,-2.801692,0.560328,10.032292,-11.756377,-19.005784
3.582000,0.889964,-2.434510,0.443807,9.730215,-11.328614,-19.066635
3.584000,1.051121,-2.338197,0.390415,9.562310,-11.211982,-19.143884
3.586000,1.183903,-2.210223,0.339925,9.451735,-11.059478,-19.210459
3.590000,1.007232,-1.863904,0.336953,9.890891,-10.658965,-19.345791
3.592000,1.299501,-2.008422,0.267446,9.364643,-10.814813,-19.333982
3.592000,1.333572,-1.906472,0.236352,9.356600,-10.689751,-19.388081
3.594000,1.404655,-1.835466,0.200950,9.288893,-10.597696,-19.439268
3.596000,1.429978,-1.731900,0.173100,9.303783,-10.468502,-19.483916
3.600000,1.162110,-1.324620,0.199147,9.948273,-10.009896,-19.524239
3.602000,1.465651,-1.530518,0.122298,9.362264,-10.211615,-19.561314
3.602000,1.473516,-1.428801,0.099714,9.410689,-10.080915,-19.594209
3.604000,1.522657,-1.373277,0.070771,9.375311,-10.000238,-19.628391
3.606000,1.978695,-0.949140,-0.034408,9.224430,-9.491864,-19.640442
3.608000,2.022826,-0.829878,-0.064249,9.254852,-9.338990,-19.660554
3.612000,1.663454,-0.374105,-0.012264,10.090220,-8.820509,-19.675643
3.614000,2.008530,-0.623828,-0.103311,9.410894,-9.072637,-19.694431
3.614000,1.946141,-0.549706,-0.111353,9.530167,-8.973306,-19.709813
3.616000,1.930457,-0.533424,-0.127496,9.544860,-8.937858,-19.727727
3.618000,1.851818,-0.474434,-0.130462,9.677214,-8.855806,-19.739925
3.622000,1.357786,-0.057765,-0.037700,10.736051,-8.361537,-19.788300
3.624000,1.265316,-0.000982,-0.036669,10.838062,-8.302288,-19.767269
3.624000,1.589710,-0.310096,-0.129505,10.115559,-8.624278,-19.770086
3.626000,1.560781,-0.308894,-0.140480,10.142315,-8.607271,-19.778985
3.628000,1.568613,-0.315636,-0.157139,10.127445,-8.597444,-19.789944
3.630000,1.457284,-0.278619,-0.150041,10.294529,-8.541395,-19.795321
3.634000,1.757157,0.387041,-0.184447,10.773496,-7.744942,-19.851410
3.636000,2.122836,0.039301,-0.289457,9.901140,-8.129342,-19.822884
3.636000,2.093902,0.092710,-0.294620,10.004389,-8.052818,-19.830311
3.638000,1.992831,0.064990,-0.290366,10.094722,-8.071520,-19.836245
3.640000,1.820695,0.081211,-0.269827,10.321543,-8.041619,-19.841167
3.642000,1.631474,0.089736,-0.246064,10.561427,-8.021120,-19.845739
3.646000,0.941280,0.500266,-0.099145,11.915694,-7.543805,-19.886203
3.648000,1.248900,0.106886,-0.196368,11.054366,-7.980718,-19.854583
3.648000,1.069537,0.110285,-0.173317,11.285483,-7.966455,-19.859570
3.650000,0.973553,0.059461,-0.168686,11.357153,-8.012669,-19.864622
3.652000,0.915185,0.022759,-0.164510,11.429484,-8.041090,-19.879964
3.654000,0.673558,0.048506,-0.131638,11.745823,-8.004330,-19.877671
3.658000,1.704545,0.430697,-0.264916,11.283401,-7.514698,-20.013216
3.660000,1.932146,0.032923,-0.347651,10.568095,-7.945433,-19.998581
3.660000,1.815409,0.060610,-0.335002,10.682445,-7.907882,-19.962467
3.662000,1.650102,-0.032647,-0.316578,10.810259,-8.013412,-19.993779
3.664000,1.340861,-0.032966,-0.269818,11.184816,-8.009820,-19.995976
3.666000,1.017781,-0.041255,-0.220823,11.571803,-8.015729,-20.000489
3.670000,0.177328,0.434884,-0.046492,13.180816,-7.477643,-20.036435
3.672000,0.367383,-0.038853,-0.121533,12.375580,-8.006034,-20.008282
3.672000,0.066344,-0.038867,-0.076188,12.752105,-8.002360,-20.013927
3.674000,-0.139829,-0.097217,-0.051226,12.950681,-8.063358,-20.020778
3.676000,-0.397982,-0.100639,-0.013122,13.279302,-8.063240,-20.028952
3.678000,-0.638791,-0.104269,0.022022,13.590190,-8.063259,-20.038756
3.682000,-1.109591,0.400611,0.131541,14.833997,-7.488544,-20.090992
3.684000,3.679669,-2.218022,-0.580818,7.579471,-10.303999,-20.643323
3.684000,3.579358,-2.247958,-0.561016,7.735846,-10.330482,-20.672583
3.686000,3.455696,-2.308873,-0.542818,7.861124,-10.393993,-20.694343
3.688000,2.424879,-1.958034,-0.390679,9.308475,-10.015042,-20.622847
3.690000,1.265849,-1.558571,-0.222924,10.928574,-9.584467,-20.538194
3.694000,-0.020838,-1.105624,-0.039645,12.726940,-9.096787,-20.440168
3.694000,-1.284360,-0.657374,0.136348,14.490350,-8.614342,-20.342219
3.696000,-0.960277,-0.923984,0.099203,14.052040,-8.893283,-20.446073
3.698000,-3.539551,-0.535750,0.472361,17.149122,-8.520708,-20.289612
3.700000,-6.844069,0.534998,0.915736,21.488951,-7.400119,-19.970741
3.704000,-7.448151,1.162324,1.011646,22.941263,-6.698461,-19.993559
3.704000,-7.843701,0.977902,1.026367,23.011955,-6.912022,-19.908324
3.706000,7.031594,-10.033480,-0.620999,-0.358238,-18.904123,-22.739416
3.708000,2.965374,-6.420790,-0.203895,6.515536,-14.941653,-21.890691
3.712000,1.860988,-4.588059,-0.133588,9.024426,-12.903422,-21.524490
3.712000,-0.646063,-3.861273,-10.408857,-3.284387,-13.948116,4.391548
3.714000,-0.368096,-4.158998,-9.929122,-2.924357,-14.102364,4.495334
3.716000,-0.227171,-4.359510,-9.670993,-2.640842,-14.226107,4.593785
3.720000,-1.579634,-2.961487,-10.823207,-2.783810,-12.409352,4.069265
3.720000,-3.193277,-1.300089,-12.222113,-2.913263,-10.299274,3.478815
3.722000,-4.995307,0.565353,-13.842002,-3.081428,-7.950279,2.822607
3.724000,-6.795236,2.400753,-15.420100,-3.169000,-5.655048,2.202634
3.726000,-6.633078,2.236275,-15.234157,-3.110911,-5.889393,2.293443
3.728000,-10.084613,5.664912,-18.164079,-3.130127,-1.600970,1.160174
3.730000,-11.533685,7.048805,-19.285422,-3.005456,0.108080,0.748080
3.732000,-10.557698,6.219615,-18.707260,-3.758832,-0.473792,0.450370
3.736000,-10.261686,5.934546,-18.430712,-3.755734,-0.816272,0.528568
3.736000,-12.232454,7.702640,-19.812312,-3.519082,1.424629,-0.035536
3.738000,-12.912472,8.278461,-20.212023,-3.366812,2.113041,-0.167507
3.740000,-13.707122,8.943878,-20.666077,-3.137012,2.909985,-0.312643
3.742000,-14.242253,9.354342,-20.882406,-2.896040,3.385705,-0.367365
3.746000,-14.703202,9.693758,-21.035079,-2.653847,3.776252,-0.401896
3.746000,-15.084451,9.958388,-21.118721,-2.409563,4.076063,-0.413199
3.748000,-15.407080,10.173493,-21.165443,-2.181538,4.319735,-0.416047
3.750000,-15.682923,10.350613,-21.185200,-1.968453,4.520995,-0.413311
3.752000,-15.920515,10.498538,-21.187630,-1.773249,4.690912,-0.408589
3.756000,-16.121268,10.618762,-21.175267,-1.598374,4.831576,-0.403223
3.758000,-16.311504,10.730315,-21.148014,-1.406983,4.964242,-0.394773
3.758000,-16.461744,10.815297,-21.118682,-1.259691,5.068477,-0.389681
3.760000,-16.589180,10.884194,-21.083196,-1.127901,5.155998,-0.385371
3.762000,-16.690185,10.934121,-21.041635,-1.017334,5.223600,-0.382431
3.766000,-16.775399,10.973535,-20.997968,-0.919690,5.280120,-0.380525
3.766000,-16.846900,11.004035,-20.953408,-0.834376,5.327122,-0.379729
3.768000,-16.900918,11.021601,-20.904349,-0.761893,5.360332,-0.379830
3.770000,-16.942006,11.030084,-20.853354,-0.700082,5.383723,-0.380871
3.774000,-16.968163,11.027206,-20.798139,-0.648807,5.394885,-0.382685
3.776000,-16.990934,11.023667,-20.747246,-0.604811,5.404924,-0.385671
3.776000,-17.003051,11.011599,-20.692351,-0.565549,5.406039,-0.389339
3.778000,-17.008495,10.995231,-20.638064,-0.533290,5.402236,-0.393896
3.780000,-17.004185,10.971316,-20.581128,-0.507858,5.390126,-0.399079
3.784000,-16.928477,10.872981,-20.434666,-0.446053,5.302302,-0.394246
3.786000,-16.915270,10.843466,-20.377801,-0.427672,5.283466,-0.400396
3.786000,-16.895674,10.809288,-20.320291,-0.415016,5.259218,-0.407164
3.788000,-16.881996,10.783519,-20.278244,-0.414771,5.242839,-0.416469
3.790000,-16.867140,10.757976,-20.240159,-0.420211,5.226032,-0.426680
3.794000,-16.852104,10.733527,-20.206599,-0.430914,5.209694,-0.437801
3.794000,-16.836362,10.709373,-20.175860,-0.445265,5.193036,-0.449515
3.796000,-16.820231,10.685721,-20.147768,-0.462689,5.176303,-0.461754
3.800000,-16.813141,10.675646,-20.124656,-0.483579,5.159439,-0.474260
3.800000,-16.835156,10.685661,-20.145539,-0.505578,5.188178,-0.491275
3.802000,-16.771566,10.619044,-20.077500,-0.528865,5.127303,-0.501018
3.804000,-16.802284,10.642434,-20.103125,-0.553231,5.156290,-0.518260
3.808000,-16.485149,10.324541,-19.783359,-0.553786,4.837951,-0.510526
3.808000,-16.454327,10.289545,-19.751805,-0.580814,4.809561,-0.526338
3.810000,-16.413559,10.245430,-19.711736,-0.608455,4.771404,-0.541530
3.812000,-16.406987,10.236213,-19.709162,-0.642560,4.768532,-0.559887
3.816000,-16.409494,10.236820,-19.717414,-0.679323,4.774922,-0.578843
3.816000,-16.422871,10.249443,-19.738468,-0.719758,4.792549,-0.598683
3.818000,-16.460394,10.284353,-19.770420,-0.740941,4.833230,-0.616961
3.820000,-16.473889,10.298197,-19.791005,-0.778986,4.850791,-0.635769
3.822000,-16.544582,10.367280,-19.865355,-0.814888,4.923913,-0.658234
3.826000,-16.038566,9.963005,-19.618175,-1.165009,4.402816,-0.608995
3.826000,-16.463394,10.296960,-19.825353,-0.921574,4.854965,-0.691384
3.828000,-16.457702,10.295442,-19.832512,-0.964702,4.854547,-0.708669
3.830000,-16.520042,10.349524,-19.871310,-0.961626,4.924874,-0.733577
3.832000,-15.839611,9.682593,-19.225520,-0.965612,4.241979,-0.701229
3.834000,-15.799820,9.647938,-19.194583,-0.996713,4.207814,-0.714225
3.838000,-15.752064,9.607737,-19.161150,-1.034468,4.166043,-0.726270
3.840000,-15.874317,9.735066,-19.295495,-1.083697,4.295701,-0.751438
3.842000,-15.852239,9.723673,-19.293711,-1.132425,4.282813,-0.765407
3.842000,-16.000173,9.878156,-19.454799,-1.185387,4.439445,-0.792406
3.844000,-15.976480,9.866582,-19.451438,-1.233216,4.425569,-0.805709
3.846000,-16.040904,9.941278,-19.531672,-1.282049,4.500008,-0.825704
3.850000,-15.603433,9.627355,-19.354805,-1.613891,4.052457,-0.753535
3.852000,-16.146086,10.069583,-19.666838,-1.374400,4.626937,-0.863124
3.852000,-16.196909,10.133163,-19.731998,-1.419092,4.689824,-0.881470
3.854000,-16.306243,10.241709,-19.820395,-1.420797,4.814349,-0.909507
3.856000,-14.854194,8.816438,-18.443948,-1.387896,3.356293,-0.811561
3.860000,-14.807314,8.782644,-18.406160,-1.411983,3.321168,-0.819245
3.860000,-14.930601,8.909395,-18.491000,-1.381227,3.451575,-0.830145
3.862000,-15.113677,9.106661,-18.685137,-1.431866,3.650874,-0.855289
3.866000,-15.293328,9.301198,-18.875856,-1.482027,3.846607,-0.879729
3.866000,-15.531157,9.557958,-19.135104,-1.554853,4.104146,-0.911334
3.868000,-15.730935,9.777951,-19.356128,-1.623021,4.323719,-0.939554
3.870000,-15.699210,9.790661,-19.433557,-1.798546,4.325704,-0.964747
3.874000,-15.346122,9.583131,-19.345512,-2.131096,3.983958,-0.878737
3.876000,-16.009934,10.153131,-19.794703,-1.935988,4.684163,-1.014767
3.878000,-16.175521,10.343228,-19.970845,-1.983288,4.873843,-1.037894
3.878000,-16.392222,10.570169,-20.162951,-1.988602,5.116941,-1.071883
3.880000,-16.540218,10.744597,-20.316893,-2.027234,5.291497,-1.093102
3.882000,-9.723209,4.029431,-14.100422,-2.127942,-1.560523,-0.566082
3.886000,-9.372700,3.805328,-13.931141,-2.324158,-1.902083,-0.447361
3.888000,-10.411407,4.757589,-14.742352,-2.155081,-0.819953,-0.619741
3.888000,-11.869866,6.214678,-16.095362,-2.177693,0.668966,-0.733666
3.890000,-13.521256,7.851970,-17.602133,-2.172728,2.352554,-0.875476
3.894000,-15.200753,9.532131,-19.150233,-2.187710,4.062977,-1.012851
3.894000,-18.005089,12.347278,-21.753183,-2.238260,6.921937,-1.253387
3.896000,-19.902604,14.263435,-23.511237,-2.274735,8.860868,-1.416827
3.900000,-20.992996,15.378309,-24.515641,-2.295033,9.983826,-1.511771
3.900000,-21.085164,15.511120,-24.598612,-2.308742,10.101414,-1.520781
3.902000,-3.368656,30.304877,0.943262,44.785056,23.716867,-22.103964
3.906000,-2.060233,32.237178,0.700766,44.602858,25.954957,-19.571946
3.906000,-1.000256,24.339930,0.838596,37.510816,17.496128,-19.371006
3.908000,0.175547,20.800009,0.720857,33.144762,13.809273,-18.560966
3.912000,0.914490,16.360331,0.704218,28.742695,9.093989,-18.259833
3.912000,1.611480,13.293572,0.646107,25.371432,5.915423,-17.792653
3.914000,1.918501,10.238804,0.646349,22.513040,2.690354,-17.561108
3.916000,2.022117,7.679209,0.662613,20.258906,-0.022490,-17.382836
3.918000,1.906498,5.461670,0.728734,18.599213,-2.395204,-17.316497
3.922000,1.657855,3.613781,0.807867,17.369723,-4.388745,-17.291198
3.924000,1.207828,1.780256,0.924172,16.429123,-6.416242,-17.418546
3.924000,0.949059,0.794840,0.978836,15.795535,-7.472976,-17.335289
3.926000,0.949059,0.794840,0.978836,15.795535,-7.472976,-17.335289
3.928000,0.235874,-1.017513,1.113627,14.916403,-9.497413,-17.426907
3.932000,-0.091678,-1.683990,1.166266,14.608213,-10.256178,-17.495470
3.934000,-0.435300,-1.576174,1.182218,14.832619,-10.165240,-17.454546
3.934000,-0.733355,-2.191331,1.227681,14.558366,-10.893308,-17.627564
3.936000,-0.861682,-2.196507,1.220692,14.467209,-10.905547,-17.610153
3.940000,-1.066867,-3.046436,1.227700,13.697065,-11.892813,-17.876040
3.942000,-1.064549,-2.660520,1.218977,13.997966,-11.466819,-17.825005
3.944000,-1.104044,-2.839642,1.205863,13.742992,-11.686561,-17.945587
3.944000,-1.079241,-2.885786,1.180982,13.535981,-11.755824,-18.051030
3.946000,-1.051000,-2.976732,1.152875,13.280916,-11.873255,-18.171889
3.948000,-0.995977,-3.029384,1.118687,13.029375,-11.945691,-18.289884
3.952000,-0.835353,-3.568675,1.061043,12.207493,-12.578324,-18.641805
3.954000,-0.809399,-3.277185,1.042043,12.358416,-12.246004,-18.711533
3.956000,-0.702339,-3.259077,0.995795,12.132849,-12.239078,-18.693805
3.956000,-0.703222,-2.362328,0.937283,12.644511,-11.238061,-18.615239
3.958000,-0.583831,-2.211569,0.885236,12.502749,-11.072326,-18.689570
3.960000,-0.468746,-2.046248,0.833686,12.382460,-10.888074,-18.764104
3.964000,-0.282967,-2.175576,0.782253,11.996653,-11.023254,-19.022890
3.966000,-0.151101,-2.122206,0.732521,11.791073,-10.971880,-19.005598
3.966000,-0.011734,-2.069870,0.682972,11.586707,-10.906329,-19.092815
3.968000,0.064622,-1.800736,0.637212,11.606170,-10.592896,-19.114372
3.970000,0.184232,-1.710718,0.590947,11.463514,-10.483309,-19.185141
3.974000,0.378527,-1.703359,0.536892,11.210505,-10.455625,-19.381660
3.976000,0.421604,-1.578358,0.502018,11.163069,-10.313685,-19.321422
3.978000,0.530986,-1.505281,0.459730,11.036586,-10.219815,-19.382288
3.978000,0.612580,-1.375765,0.420709,10.985397,-10.063181,-19.423855
3.980000,0.703800,-1.294186,0.382260,10.894650,-9.958340,-19.473499
3.982000,0.645408,-0.501493,0.347010,11.499124,-9.063044,-19.411116
3.986000,0.705658,-0.370374,0.313523,11.488545,-8.901941,-19.445443
3.988000,0.833136,-0.362407,0.272944,11.320400,-8.877424,-19.501323
3.988000,0.808882,-0.148016,0.252654,11.470634,-8.622434,-19.511807
3.990000,0.869737,-0.123247,0.224388,11.393956,-8.577997,-19.553814
3.992000,0.915257,-0.096223,0.199175,11.338644,-8.531111,-19.590619
3.996000,1.059644,-0.282002,0.188725,11.159902,-8.703275,-19.762689
3.998000,1.089373,-0.216705,0.141505,11.017628,-8.628600,-19.681623
4.000000,1.131679,-0.220857,0.119196,10.951024,-8.615595,-19.711717
4.000000,1.080452,-0.088803,0.105874,11.076202,-8.455143,-19.710264
4.002000,1.121022,-0.124517,0.082595,10.985309,-8.477692,-19.735765
4.004000,1.137509,-0.122388,0.062562,10.950658,-8.458690,-19.752836
4.008000,0.804444,0.751747,0.108274,12.127585,-7.459084,-19.737970
4.010000,0.808314,0.790782,0.058771,11.963545,-7.414697,-19.646100
4.010000,0.781532,0.841772,0.046243,12.020688,-7.342178,-19.651783
4.012000,0.802835,0.769819,0.026335,11.919422,-7.406270,-19.669908
4.014000,0.828768,0.678269,0.010802,11.819087,-7.491555,-19.697981
4.016000,0.860382,0.568430,-0.004382,11.701857,-7.597307,-19.727830
4.020000,0.892819,0.444238,-0.018135,11.577563,-7.719328,-19.759170
4.020000,0.918063,0.344237,-0.030819,11.481731,-7.814744,-19.785862
4.022000,0.941220,0.235365,-0.042359,11.383673,-7.920447,-19.812733
4.024000,0.960197,0.128125,-0.052919,11.293432,-8.023975,-19.838212
4.026000,0.973706,0.021264,-0.062176,11.210407,-8.127165,-19.863006
4.030000,0.963265,-0.019788,-0.021105,11.450147,-8.145250,-19.993331
4.032000,0.989883,-0.181154,-0.078136,11.069815,-8.324018,-19.910252
4.032000,0.364845,0.853138,-0.017781,12.526164,-7.170744,-19.753388
4.034000,0.305048,0.832529,-0.022681,12.566551,-7.182263,-19.752348
4.036000,0.249082,0.813126,-0.022363,12.630929,-7.191765,-19.762392
4.038000,0.297081,0.631357,-0.033442,12.463454,-7.379763,-19.802498
4.042000,0.441525,0.427459,-0.006747,12.386548,-7.588214,-19.949927
4.044000,0.443969,0.209570,-0.058554,12.042500,-7.820230,-19.895525
4.044000,0.525677,-0.007915,-0.071052,11.821973,-8.048104,-19.943404
4.046000,0.585517,-0.210414,-0.085921,11.613438,-8.260427,-19.977316
4.048000,0.656535,-0.410496,-0.095839,11.421830,-8.469860,-20.022508
4.052000,0.720349,-0.600436,-0.104303,11.247908,-8.668475,-20.066659
4.054000,0.780683,-0.782676,-0.111136,11.088888,-8.858828,-20.111817
4.054000,0.834504,-0.955961,-0.116650,10.946099,-9.039587,-20.156657
4.058000,-0.389092,0.490844,0.017967,13.353829,-7.444441,-19.918903
4.058000,-0.419690,0.389810,0.022080,13.356679,-7.547072,-19.951510
4.060000,-0.373029,0.315505,0.012938,13.300654,-7.617195,-19.985360
4.062000,-0.254328,-0.055304,0.005096,12.945335,-8.017878,-20.067726
4.064000,-0.028225,-0.418607,-0.018912,12.485381,-8.406963,-20.154612
4.068000,0.377010,-0.589956,-0.017882,12.285962,-8.569550,-20.367421
4.070000,0.613143,-1.175345,-0.090822,11.354839,-9.213823,-20.344194
4.070000,0.704151,-1.556274,-0.087786,11.036927,-9.628257,-20.430650
4.072000,0.896185,-1.919329,-0.106812,10.599877,-10.019733,-20.507936
4.074000,1.082179,-2.249583,-0.118077,10.229662,-10.374470,-20.594791
4.078000,1.236758,-2.016329,-0.087220,10.632161,-10.093529,-20.750035
4.080000,1.685183,-2.258236,-0.138416,10.059494,-10.330270,-20.819581
4.080000,1.513198,-3.107443,-0.127690,9.384468,-11.282961,-20.824611
4.082000,-4.627746,-0.906836,0.689224,17.509971,-9.010575,-20.268862
4.084000,-2.556876,-3.096951,0.485055,13.811058,-11.392229,-20.723186
4.088000,-0.959814,-4.610753,0.334200,11.207872,-13.011445,-21.072792
4.088000,1.190993,-5.393467,0.057065,8.396554,-13.819062,-21.306507
4.090000,2.799181,-5.734768,-0.156306,6.571006,-14.151157,-21.502668
4.094000,4.331872,-4.403316,-0.381763,6.359579,-12.581833,-21.551544
4.096000,4.036196,-4.769228,-0.370636,6.194175,-12.994159,-21.492075
4.096000,1.402354,-5.129011,-9.825041,-6.056712,-14.698664,3.970893
4.098000,1.924804,-5.588481,-9.239415,-6.050611,-14.985497,4.053642
4.102000,2.380473,-5.990742,-8.777510,-6.082819,-15.264567,4.133963
4.102000,0.836111,-4.475053,-9.906378,-5.789397,-13.342317,3.654015
4.106000,-0.943137,-2.717272,-11.276464,-5.494174,-11.191858,3.118198
4.108000,-1.411999,-2.310479,-11.419265,-5.313621,-10.376872,2.681446
4.110000,-3.218847,-0.531204,-12.848134,-5.028105,-8.251740,2.136088
4.110000,-4.959567,1.153174,-14.206624,-4.716068,-6.266794,1.635793
4.112000,-6.644295,2.804374,-15.569092,-4.465546,-4.368373,1.186544
4.116000,-8.152733,4.266382,-16.779449,-4.234034,-2.705638,0.805324
4.118000,-9.492193,5.545751,-17.838966,-4.015454,-1.267987,0.490801
4.118000,-10.651231,6.629301,-18.732147,-3.806890,-0.061941,0.239039
4.120000,-11.650261,7.538744,-19.473901,-3.601888,0.940449,0.042369
4.122000,-12.509913,8.296841,-20.083176,-3.398701,1.768913,-0.108019
4.126000,-14.212631,9.741078,-21.191404,-2.858322,3.335957,-0.342385
4.126000,-14.212631,9.741078,-21.191404,-2.858322,3.335957,-0.342385
4.128000,-14.425937,9.877872,-21.290974,-2.802530,3.468449,-0.361463
4.132000,-14.776839,10.128700,-21.455691,-2.648002,3.728940,-0.382264
4.132000,-15.147267,10.423287,-21.709118,-2.589476,4.028693,-0.419143
4.134000,-15.490500,10.667800,-21.867110,-2.431923,4.284834,-0.438698
4.136000,-15.808768,10.890093,-22.001145,-2.270428,4.519375,-0.453739
4.138000,-16.088054,11.075292,-22.095834,-2.103328,4.717303,-0.462561
4.142000,-16.332831,11.231603,-22.164683,-1.942045,4.886527,-0.467686
4.144000,-16.544211,11.360633,-22.209970,-1.788464,5.028751,-0.469855
4.144000,-16.724950,11.465819,-22.235978,-1.645637,5.147415,-0.470170
4.146000,-16.871243,11.544923,-22.245714,-1.523632,5.239869,-0.470144
4.148000,-16.998266,11.609744,-22.241932,-1.405407,5.318903,-0.468906
4.150000,-17.124222,11.676598,-22.222193,-1.263267,5.401146,-0.462977
4.154000,-17.212608,11.713910,-22.198622,-1.163869,5.453947,-0.461624
4.156000,-17.257941,11.716374,-22.169173,-1.113343,5.471424,-0.465369
4.156000,-17.134694,11.587698,-22.120298,-1.275377,5.346344,-0.486363
4.158000,-17.156499,11.575806,-22.078845,-1.237966,5.349747,-0.490299
4.160000,-17.180482,11.566799,-22.032653,-1.188250,5.357339,-0.492991
4.162000,-17.243510,11.592815,-21.985110,-1.078826,5.402918,-0.489800
4.166000,-17.257538,11.577670,-21.932010,-1.029635,5.405684,-0.493200
4.168000,-17.237197,11.532241,-21.870416,-1.015838,5.377648,-0.500647
4.168000,-17.243678,11.513261,-21.812968,-0.967917,5.377970,-0.504780
4.170000,-17.245956,11.492194,-21.754924,-0.923680,5.376502,-0.509557
4.172000,-17.248697,11.473078,-21.697558,-0.878323,5.377304,-0.514490
4.174000,-17.264269,11.466052,-21.641593,-0.814813,5.391525,-0.518005
4.178000,-17.312225,11.491031,-21.599222,-0.724229,5.439124,-0.519354
4.180000,-17.295980,11.460331,-21.547649,-0.713138,5.427337,-0.528725
4.180000,-17.232749,11.386473,-21.476582,-0.740835,5.370674,-0.541364
4.182000,-16.944117,11.123084,-21.384746,-1.069208,5.107521,-0.582327
4.184000,-16.903493,11.074094,-21.334029,-1.092870,5.075697,-0.595879
4.188000,-16.926560,11.083257,-21.306284,-1.057131,5.106866,-0.607427
4.190000,-16.868315,11.015512,-21.238141,-1.079899,5.058093,-0.623483
4.190000,-16.874699,11.007530,-21.192809,-1.040842,5.072461,-0.634705
4.192000,-16.878143,10.997617,-21.146195,-1.003344,5.084566,-0.645869
4.194000,-16.889827,10.996142,-21.103782,-0.959157,5.105093,-0.656396
4.196000,-16.975999,11.064796,-21.098848,-0.860862,5.199417,-0.663290
4.200000,-16.988403,11.066069,-21.060639,-0.820343,5.222492,-0.673801
4.202000,-17.007932,11.075673,-21.032942,-0.784781,5.253233,-0.685192
4.202000,-16.934745,11.000615,-20.960575,-0.817537,5.194489,-0.700378
4.204000,-16.935309,10.994604,-20.925792,-0.797708,5.207517,-0.712354
4.206000,-16.468902,10.577247,-20.764091,-1.273038,4.781006,-0.766306
4.208000,-16.520584,10.622321,-20.770301,-1.238533,4.845709,-0.779174
4.212000,-16.495551,10.597952,-20.740819,-1.262287,4.836705,-0.795343
4.214000,-16.541661,10.636675,-20.731725,-1.211532,4.895054,-0.805645
4.214000,-16.490415,10.585651,-20.665166,-1.215873,4.859237,-0.817462
4.216000,-16.532698,10.620504,-20.645691,-1.154046,4.913532,-0.825972
4.218000,-16.571838,10.652860,-20.624570,-1.094107,4.964811,-0.834508
4.220000,-16.707158,10.773011,-20.654497,-0.970806,5.108166,-0.840538
4.224000,-16.754531,10.813628,-20.640149,-0.908968,5.167150,-0.849313
4.224000,-16.710709,10.772197,-20.578821,-0.908667,5.139005,-0.860382
4.226000,-16.736991,10.795095,-20.556707,-0.865270,5.177825,-0.869927
4.228000,-16.856687,10.903773,-20.591069,-0.771662,5.305987,-0.878714
4.232000,-16.362709,10.500788,-20.173720,-0.834608,4.792736,-0.769957
4.234000,-15.674014,9.875540,-20.037862,-1.689856,4.241577,-0.958135
4.234000,-15.627551,9.830160,-20.003642,-1.733718,4.212276,-0.973522
4.236000,-15.528660,9.744669,-19.946318,-1.818770,4.145637,-1.001951
4.238000,-15.648924,9.856022,-19.971941,-1.706742,4.276238,-1.006680
4.242000,-15.415765,9.690314,-19.657636,-1.537202,4.007820,-0.874454
4.244000,-16.078200,10.235554,-20.067061,-1.279140,4.701943,-0.999626
4.244000,-16.247945,10.386495,-20.101461,-1.111274,4.872342,-0.999313
4.246000,-16.449566,10.561317,-20.173225,-0.962533,5.079464,-1.015663
4.250000,-16.556547,10.654750,-20.173752,-0.835407,5.187585,-1.016378
4.250000,-16.521058,10.640514,-20.172190,-0.907203,5.179072,-1.034919
4.252000,-16.603294,10.716978,-20.174982,-0.818212,5.265112,-1.037144
4.256000,-16.673956,10.782998,-20.171635,-0.735725,5.339447,-1.039384
4.258000,-13.385166,7.964868,-18.583175,-2.985288,2.402509,-1.126506
4.258000,-13.672456,8.214901,-18.639719,-2.679749,2.670424,-1.109794
4.260000,-13.732540,8.285344,-18.644126,-2.614008,2.747722,-1.110054
4.262000,-14.011681,8.558290,-18.817368,-2.493809,3.042984,-1.121564
4.266000,-14.565527,9.032464,-19.025027,-2.049620,3.550511,-1.108828
4.268000,-15.656957,9.932874,-19.419388,-1.148321,4.503919,-1.074193
4.270000,-16.312546,10.476752,-19.661390,-0.627873,5.082979,-1.061808
4.270000,-16.931168,10.983432,-19.881764,-0.132140,5.620397,-1.050174
4.272000,-17.420536,11.381392,-20.049499,0.259476,6.038242,-1.041187
4.276000,-16.497604,10.706180,-19.661449,-0.413035,5.198092,-0.950366
4.278000,-18.411669,12.170831,-20.373975,1.067312,6.852231,-1.015094
4.278000,-19.090822,12.646833,-20.448046,1.834841,7.335939,-0.959898
4.280000,-19.604316,12.991004,-20.495563,2.409615,7.699588,-0.933091
4.284000,-8.211813,3.832176,-15.360639,-5.364053,-1.802551,-1.089589
4.284000,-10.192513,5.579805,-16.528858,-4.406002,-0.016360,-1.106071
4.286000,-8.281042,30.993956,1.606445,50.372896,24.212475,-20.239149
4.290000,-7.662192,32.951745,1.440942,50.885514,26.422568,-17.759618
4.292000,-7.106838,34.884116,1.291775,51.499312,28.588232,-15.644200
4.292000,-5.320427,32.315198,1.031872,47.053362,25.967141,-14.599767
4.294000,-3.839003,29.069639,0.858772,42.581218,22.580504,-14.009672
4.296000,-2.628121,25.059748,0.753809,37.942643,18.341134,-13.831692
4.300000,-1.783561,21.081278,0.696552,33.792576,14.112739,-13.840242
4.302000,-1.240940,17.310051,0.672213,30.161664,10.086946,-13.961185
4.304000,-0.973570,13.871254,0.676990,27.095267,6.396403,-14.138203
4.304000,-1.018151,10.895725,0.807686,25.027167,3.161383,-14.469284
4.306000,0.926093,2.193034,0.975555,17.252121,-6.446300,-16.433539
4.310000,1.101188,-3.276852,1.208060,13.199792,-12.491425,-17.390538
4.310000,0.859034,-2.764837,1.240686,13.888808,-11.933773,-17.304286
4.312000,0.556452,-3.535195,1.317562,13.463611,-12.786228,-17.270764
4.314000,0.207064,-3.825497,1.369054,13.384279,-13.144602,-17.207352
4.318000,-0.142652,-4.195256,1.414884,13.135501,-13.599988,-17.247886
4.320000,-0.425814,-4.763888,1.459493,12.895171,-14.284023,-17.344764
4.322000,-0.662203,-4.995284,1.475306,12.704081,-14.572550,-17.379376
4.322000,-0.859217,-4.888959,1.467980,12.682734,-14.456567,-17.305475
4.324000,-0.988419,-4.982786,1.456839,12.479674,-14.583801,-17.358663
4.326000,-0.988419,-4.982786,1.456839,12.479674,-14.583801,-17.358663
4.330000,-1.101719,-5.084700,1.403213,11.951256,-14.722324,-17.636981
4.332000,-1.028507,-5.382945,1.366212,11.493075,-15.093876,-17.709200
4.332000,-1.420739,-4.587373,1.351130,12.188390,-14.200445,-17.562379
4.334000,-1.288425,-4.766817,1.299148,11.723704,-14.421761,-17.748794
4.336000,-1.323679,-4.377650,1.252023,11.807454,-13.967223,-17.718182
4.340000,-0.821117,-4.454103,1.111977,10.884885,-14.030351,-17.990492
4.342000,-1.035866,-4.286739,1.132193,11.201607,-13.849083,-17.932911
4.342000,-0.766698,-4.415752,1.058967,10.675043,-13.994952,-18.124313
4.344000,-0.752224,-4.087383,1.015009,10.744191,-13.601369,-18.127909
4.346000,-0.577485,-3.995634,0.950759,10.483424,-13.482120,-18.226274
4.350000,0.105215,-4.073766,0.795090,9.524213,-13.535269,-18.539985
4.350000,-0.082972,-4.001980,0.806222,9.706758,-13.460056,-18.486934
4.352000,0.069082,-3.832917,0.744392,9.553133,-13.248578,-18.556950
4.354000,0.021748,-3.471084,0.712321,9.759281,-12.815004,-18.543756
4.356000,-0.186009,-2.816045,0.694522,10.367764,-12.064101,-18.496380
4.358000,-0.098528,-2.601746,0.645064,10.345370,-11.800466,-18.544641
4.362000,0.160637,-2.600078,0.574162,9.998327,-11.779210,-18.662032
4.362000,0.314334,-2.468518,0.518684,9.862238,-11.603944,-18.724412
4.364000,0.315704,-2.191840,0.485906,9.998859,-11.262160,-18.730256
4.366000,0.405246,-2.023010,0.442285,9.975043,-11.046444,-18.775703
4.368000,0.557805,-1.940356,0.391864,9.826207,-10.925797,-18.836109
4.372000,0.687244,-1.847821,0.345792,9.715743,-10.794793,-18.890911
4.374000,0.809848,-1.744460,0.301306,9.626641,-10.651497,-18.939783
4.374000,0.920802,-1.647746,0.259730,9.549995,-10.516171,-18.985474
4.376000,1.021124,-1.549301,0.220584,9.490881,-10.380043,-19.026824
4.378000,1.110314,-1.452320,0.184020,9.447092,-10.246229,-19.064616
4.382000,1.192737,-1.368129,0.149626,9.404994,-10.127283,-19.101233
4.384000,0.653443,-0.614727,0.200308,10.537679,-9.270498,-18.987135
4.384000,0.651580,-0.476638,0.179698,10.634878,-9.092396,-19.004971
4.386000,0.645482,-0.343835,0.157641,10.728771,-8.920354,-19.017778
4.388000,0.725740,-0.306556,0.124806,10.661996,-8.853317,-19.051277
4.392000,0.818597,-0.296212,0.091367,10.564386,-8.816767,-19.087683
4.394000,0.909165,-0.275863,0.059048,10.481376,-8.769305,-19.120745
4.396000,0.999530,-0.270241,0.028172,10.391241,-8.739123,-19.154599
4.396000,1.082383,-0.264317,-0.000563,10.313097,-8.709417,-19.186517
4.398000,1.157380,-0.260066,-0.027142,10.245387,-8.682435,-19.217060
4.400000,1.224101,-0.256092,-0.051633,10.189303,-8.656596,-19.246104
4.404000,1.503743,-0.038314,-0.075886,10.308661,-8.364879,-19.368044
4.406000,1.335668,-0.251280,-0.095074,10.106009,-8.610771,-19.300937
4.408000,0.528627,0.360582,0.010890,11.449289,-7.928536,-19.182376
4.408000,0.447247,0.378459,0.007713,11.546572,-7.894826,-19.189661
4.410000,0.407033,0.418634,0.002328,11.643516,-7.834732,-19.202166
4.414000,0.511452,0.352483,-0.023578,11.506327,-7.890173,-19.240094
4.414000,0.622504,0.313680,-0.050328,11.387840,-7.914778,-19.274342
4.416000,0.762120,0.244146,-0.080288,11.217156,-7.973734,-19.314937
4.418000,0.909231,0.155326,-0.110256,11.025630,-8.054880,-19.358890
4.420000,1.029789,0.106145,-0.136644,10.894417,-8.092471,-19.394995
4.424000,1.375105,0.310256,-0.154913,11.001919,-7.825457,-19.529466
4.426000,1.260051,-0.024928,-0.185095,10.623066,-8.206716,-19.472321
4.426000,1.360766,-0.088589,-0.206313,10.506514,-8.262899,-19.510443
4.428000,1.405889,-0.179875,-0.223178,10.400190,-8.353083,-19.539808
4.432000,1.504869,-0.270512,-0.242113,10.267889,-8.440766,-19.582559
4.432000,-0.045431,0.600798,-0.025087,12.616749,-7.495876,-19.384654
4.434000,-0.075464,0.585826,-0.025460,12.685277,-7.502707,-19.411144
4.436000,-0.160659,0.589630,-0.017292,12.828483,-7.490429,-19.432694
4.440000,0.474892,0.719013,-0.072269,12.593730,-7.294993,-19.584624
4.442000,0.426212,0.282441,-0.110016,12.061211,-7.787151,-19.543504
4.442000,0.710981,0.102625,-0.154384,11.680994,-7.981598,-19.639189
4.444000,0.965095,-0.100091,-0.197206,11.278806,-8.193919,-19.703613
4.446000,1.272844,-0.269315,-0.242165,10.878439,-8.366903,-19.776967
4.448000,1.568572,-0.429707,-0.284198,10.500833,-8.530147,-19.848688
4.452000,1.987160,-0.127968,-0.299707,10.654898,-8.152202,-19.969013
4.454000,2.160091,-0.693853,-0.362039,9.866831,-8.776139,-19.989745
4.454000,2.406195,-0.826140,-0.395516,9.505084,-8.915548,-20.031708
4.456000,-1.008625,-1.576176,0.168691,12.603492,-9.885604,-20.045194
4.458000,-0.823785,-1.755020,0.148413,12.347676,-10.074523,-20.123691
4.462000,-0.129766,-1.165867,0.076253,12.447690,-9.362659,-20.211963
4.464000,0.363282,-1.819509,-0.025891,11.268275,-10.074063,-20.261700
4.464000,1.380204,-1.785411,-0.183383,10.230662,-10.000068,-20.322016
4.466000,2.385239,-1.855416,-0.338788,9.176339,-10.052131,-20.443705
4.468000,4.752379,-2.531399,-0.657917,6.254242,-10.734288,-20.721191
4.472000,6.186227,-2.026380,-0.823623,5.522162,-10.096629,-20.877591
4.472000,7.241707,-2.844743,-0.994489,3.573557,-10.981551,-20.970202
4.474000,7.361017,-2.639547,-1.011813,3.725367,-10.749870,-21.031699
4.476000,6.904935,-2.295537,-0.957253,4.548675,-10.365078,-21.000331
4.480000,6.166332,-1.928359,-0.851093,5.798765,-9.940673,-20.967018
4.482000,1.340267,-4.431608,-11.216500,-7.362355,-14.546696,4.015500
4.482000,1.778761,-4.742013,-10.753683,-7.420292,-14.726636,4.078737
4.484000,2.274858,-5.110065,-10.295403,-7.535458,-15.011448,4.157233
4.486000,0.658650,-3.611144,-11.357876,-7.073641,-13.029028,3.665747
4.488000,-1.204774,-1.875689,-12.658518,-6.592986,-10.817097,3.118601
4.492000,-3.237927,0.028989,-14.127575,-6.109658,-8.431505,2.526936
4.492000,-5.018575,1.677956,-15.414796,-5.675210,-6.411605,2.039487
4.494000,-7.017634,3.519754,-16.901076,-5.207817,-4.195874,1.512354
4.496000,-8.756620,5.113225,-18.179693,-4.799631,-2.287363,1.066511
4.498000,-10.333334,6.539864,-19.327722,-4.420421,-0.593410,0.681136
4.502000,-11.630278,7.691722,-20.231963,-4.081715,0.773292,0.379537
4.504000,-12.811148,8.715086,-21.040725,-3.752165,1.968052,0.130773
4.504000,-13.864114,9.607380,-21.754077,-3.448588,2.994973,-0.070456
4.506000,-12.628682,8.232215,-20.403663,-3.451358,1.706668,-0.057036
4.508000,-13.115702,8.571197,-20.609238,-3.207364,2.120548,-0.147925
4.512000,-13.524491,8.813137,-20.705209,-2.988649,2.399995,-0.208651
4.514000,-13.943745,9.139198,-20.931762,-2.759554,2.781735,-0.262278
4.514000,-14.441817,9.527114,-21.231857,-2.585344,3.201381,-0.322065
4.516000,-14.870509,9.854553,-21.464676,-2.404973,3.552693,-0.363398
4.518000,-15.254946,10.144580,-21.668446,-2.242014,3.860933,-0.396778
4.522000,-15.631894,10.412764,-21.827240,-2.089621,4.127100,-0.421966
4.522000,-15.864194,10.574286,-21.911809,-1.895277,4.317357,-0.428626
4.524000,-16.135657,10.771771,-22.059531,-1.792982,4.526940,-0.450703
4.528000,-16.135657,10.771771,-22.059531,-1.792982,4.526940,-0.450703
4.528000,-16.542367,11.039022,-22.188394,-1.534360,4.815734,-0.465953
4.532000,-16.762591,11.179326,-22.232050,-1.409873,4.953527,-0.474134
4.532000,-16.907619,11.290866,-22.331083,-1.351197,5.090454,-0.488308
4.534000,-17.028909,11.366081,-22.380868,-1.304600,5.177052,-0.500665
4.536000,-17.124676,11.416489,-22.382573,-1.221315,5.239446,-0.503715
4.540000,-17.201474,11.445542,-22.332628,-1.092120,5.280077,-0.496801
4.540000,-17.262638,11.466608,-22.301810,-1.009381,5.313410,-0.497038
4.542000,-17.297161,11.469577,-22.284975,-0.982462,5.329057,-0.505130
4.544000,-17.347407,11.479816,-22.212297,-0.851580,5.353748,-0.497205
4.548000,-17.350464,11.461631,-22.193174,-0.863225,5.349110,-0.509859
4.550000,-17.371278,11.452747,-22.133267,-0.789283,5.355548,-0.510195
4.552000,-17.371598,11.432679,-22.089281,-0.766371,5.350460,-0.517432
4.552000,-17.381553,11.417662,-22.026826,-0.701453,5.351791,-0.519248
4.554000,-17.377737,11.393972,-21.968798,-0.661529,5.344287,-0.524322
4.558000,-17.300745,11.324635,-21.968852,-0.811752,5.286816,-0.553870
4.558000,-17.289424,11.299516,-21.925471,-0.802321,5.278150,-0.563941
4.560000,-17.274107,11.271823,-21.881037,-0.796157,5.267040,-0.574559
4.562000,-17.265605,11.248394,-21.827288,-0.765772,5.260911,-0.582373
4.564000,-17.254136,11.222579,-21.769456,-0.732822,5.252564,-0.589929
4.568000,-17.244782,11.199654,-21.714045,-0.699584,5.247355,-0.597916
4.570000,-17.278427,11.213084,-21.663358,-0.610543,5.282577,-0.603081
4.570000,-17.223860,11.152654,-21.607129,-0.641949,5.239943,-0.621187
4.572000,-17.211650,11.128950,-21.555412,-0.617134,5.235941,-0.633603
4.574000,-17.196214,11.104410,-21.509003,-0.603870,5.231193,-0.647183
4.578000,-17.234957,11.126639,-21.471288,-0.523054,5.275248,-0.653895
4.580000,-17.176773,11.068151,-21.423582,-0.568895,5.233198,-0.673084
4.580000,-17.167987,11.052411,-21.384261,-0.553790,5.235641,-0.686111
4.582000,-16.943878,10.856170,-21.309857,-0.799349,5.047555,-0.724803
4.584000,-16.979732,10.882097,-21.293443,-0.751005,5.092725,-0.735748
4.588000,-16.953544,10.854564,-21.256486,-0.762240,5.080793,-0.751206
4.590000,-16.963422,10.859224,-21.233586,-0.741276,5.102336,-0.764321
4.590000,-16.960791,10.852182,-21.198911,-0.720432,5.111094,-0.776433
4.592000,-16.901102,10.798687,-21.152346,-0.762569,5.067821,-0.791985
4.596000,-16.888344,10.797354,-21.106445,-0.738291,5.071710,-0.802623
4.596000,-16.976211,10.858985,-21.124236,-0.662212,5.161095,-0.812930
4.598000,-16.914067,10.802869,-21.068083,-0.694028,5.115808,-0.828409
4.600000,-16.925753,10.811130,-21.045422,-0.667759,5.138713,-0.840660
4.604000,-16.996210,10.870811,-21.045507,-0.589522,5.214949,-0.849441
4.606000,-17.010379,10.884118,-21.030913,-0.570722,5.241265,-0.862778
4.606000,-16.468886,10.407099,-20.745911,-0.949861,4.753378,-0.897225
4.608000,-16.433864,10.379269,-20.707858,-0.964834,4.735015,-0.911429
4.612000,-16.006851,10.056633,-20.349887,-1.012174,4.275458,-0.801425
4.614000,-16.519733,10.461850,-20.711578,-0.886984,4.843066,-0.935142
4.616000,-16.479819,10.431359,-20.667718,-0.898782,4.819733,-0.947256
4.616000,-16.582819,10.520355,-20.712972,-0.843874,4.938134,-0.972652
4.618000,-16.624445,10.560840,-20.710168,-0.798487,4.989306,-0.982987
4.620000,-16.673693,10.608092,-20.711403,-0.747879,5.047249,-0.993087
4.624000,-16.792831,10.714893,-20.743169,-0.642138,5.166305,-0.999516
4.626000,-16.743181,10.679227,-20.695037,-0.657879,5.132485,-1.009290
4.626000,-16.863946,10.790404,-20.738517,-0.566770,5.254584,-1.017756
4.628000,-16.775847,10.720436,-20.662128,-0.594488,5.182445,-1.025250
4.630000,-16.788393,10.738327,-20.644489,-0.565939,5.203564,-1.033059
4.634000,-15.579506,9.682628,-19.927781,-1.224856,4.106942,-1.050474
4.634000,-15.460550,9.594076,-19.847329,-1.284354,4.014003,-1.058289
4.636000,-15.426917,9.577684,-19.809554,-1.286232,3.997539,-1.064849
4.638000,-15.578179,9.722349,-19.881405,-1.189704,4.151137,-1.071242
4.640000,-15.841329,9.958205,-20.006081,-1.016351,4.401587,-1.076724
4.642000,-16.520761,10.494400,-20.425903,-0.756270,5.118656,-1.221400
4.646000,-16.133377,10.249597,-20.151542,-0.833389,4.695709,-1.088565
4.646000,-16.413720,10.490430,-20.295717,-0.677102,4.958267,-1.098450
4.648000,-16.401274,10.495137,-20.251606,-0.635056,4.940154,-1.084052
4.652000,-16.605498,10.669443,-20.321504,-0.469730,5.120233,-1.084832
4.652000,-16.756290,10.818037,-20.410042,-0.401168,5.270406,-1.094639
4.654000,-16.757082,10.823034,-20.369473,-0.355038,5.267129,-1.092681
4.658000,-11.388437,6.070948,-16.745416,-2.477126,0.312665,-0.929993
4.658000,-12.320913,6.799088,-17.052040,-1.674714,1.043899,-0.882979
4.660000,-12.191161,6.844544,-17.295972,-2.171807,1.103413,-0.955816
4.664000,-14.754155,8.977425,-18.679498,-0.717725,3.312081,-0.967540
4.664000,-16.633470,10.605768,-19.859953,0.114742,4.997612,-1.015831
4.666000,-18.106045,11.855238,-20.735033,0.823224,6.290725,-1.049900
4.670000,-18.760734,12.413491,-21.122584,1.127941,6.854703,-1.065767
4.670000,-7.609868,28.231332,1.734888,48.063340,21.938255,-19.450377
4.672000,-6.597834,30.350641,1.513750,48.381772,24.358449,-16.587541
4.674000,-5.566459,31.960242,1.328081,48.428873,26.169978,-14.386084
4.678000,-4.009856,29.642274,1.078626,44.376680,23.702390,-13.359333
4.678000,-2.831971,26.876718,0.911483,40.467428,20.754258,-12.666256
4.680000,-2.011082,23.266213,0.844163,36.460305,16.809955,-12.505183
4.682000,1.023760,14.649874,0.742463,26.914576,7.244766,-13.988078
4.686000,1.512123,10.651249,0.740743,23.122820,2.823481,-14.295231
4.686000,1.803133,6.922174,0.759396,19.769518,-1.317577,-14.665826
4.688000,1.598206,4.365965,0.856053,17.925765,-4.182179,-14.882354
4.690000,1.185865,1.991546,0.986017,16.489762,-6.892982,-15.206994
4.694000,0.511373,-1.281261,1.160674,14.381070,-10.617866,-15.562882
4.696000,0.375439,-0.905921,1.182340,14.773379,-10.202102,-15.486493
4.696000,0.038555,-1.885387,1.254816,14.311747,-11.325118,-15.610094
4.698000,-0.137113,-2.139240,1.271952,14.071175,-11.602456,-15.539928
4.702000,-0.426982,-3.489880,1.302839,12.888509,-13.165158,-15.818776
4.704000,-0.554765,-3.244479,1.325677,13.254298,-12.890289,-15.773642
4.704000,-0.695337,-3.645464,1.331845,12.877006,-13.359954,-15.903756
4.706000,-0.938176,-3.421352,1.329510,13.075930,-13.115483,-15.894092
4.710000,-0.910897,-4.250966,1.283155,11.991311,-14.092512,-16.313828
4.712000,-1.026771,-4.002724,1.296751,12.316484,-13.811356,-16.255828
4.712000,-1.028481,-3.938183,1.260184,12.128249,-13.716821,-16.300328
4.714000,-0.974874,-3.974626,1.223184,11.861596,-13.754513,-16.425226
4.716000,-0.900131,-4.033696,1.178877,11.542668,-13.815097,-16.564337
4.720000,-0.539889,-4.468179,1.071632,10.509889,-14.308227,-16.993176
4.722000,-0.414263,-4.439486,1.017778,10.234765,-14.261137,-17.123984
4.722000,-0.512402,-4.307727,1.022623,10.412459,-14.111580,-17.077571
4.724000,-0.467591,-4.013364,0.975778,10.422996,-13.742650,-17.092947
4.726000,-0.360360,-3.899461,0.925085,10.259727,-13.594846,-17.193319
4.730000,-0.011651,-3.762561,0.812344,9.783711,-13.425536,-17.316145
4.730000,-0.078691,-3.727639,0.809259,9.817713,-13.355714,-17.411214
4.732000,-0.038235,-3.241291,0.753360,10.013424,-12.772672,-17.416235
4.734000,0.070898,-3.136857,0.704219,9.872070,-12.629016,-17.514615
4.736000,0.193069,-2.979366,0.649122,9.754421,-12.422607,-17.594302
4.738000,0.319949,-2.863153,0.596292,9.612421,-12.263621,-17.680482
4.740000,0.319949,-2.863153,0.596292,9.612421,-12.263621,-17.680482
4.742000,0.581181,-2.609710,0.487407,9.344632,-11.917566,-17.833108
4.746000,0.692074,-2.480545,0.439926,9.253870,-11.742081,-17.901358
4.746000,0.808892,-2.328810,0.387984,9.167608,-11.538427,-17.959747
4.748000,0.898493,-2.192762,0.346495,9.121768,-11.354924,-18.016857
4.750000,0.978950,-2.055685,0.307483,9.093350,-11.170211,-18.068585
4.752000,1.047638,-1.921223,0.271958,9.083783,-10.988792,-18.116387
4.756000,1.195051,-1.505092,0.232192,9.320234,-10.457104,-18.220945
4.758000,1.117253,-1.287017,0.203173,9.433211,-10.204382,-18.113394
4.758000,1.135363,-1.098645,0.176762,9.534667,-9.961962,-18.133389
4.760000,1.155853,-0.981168,0.150743,9.574029,-9.802140,-18.159593
4.762000,1.185567,-0.885923,0.126528,9.600519,-9.667052,-18.194016
4.766000,1.221682,-0.799091,0.104028,9.667470,-9.515883,-18.280058
4.768000,1.342478,-0.802923,0.064535,9.477104,-9.520910,-18.286179
4.768000,1.297944,-0.697407,0.052107,9.591829,-9.375103,-18.294387
4.770000,1.293141,-0.606838,0.033505,9.655825,-9.248842,-18.309046
4.772000,1.296552,-0.539194,0.014941,9.699376,-9.148074,-18.328157
4.776000,1.304998,-0.479557,-0.003505,9.735143,-9.056962,-18.347441
4.776000,1.339407,-0.450347,-0.024732,9.723803,-9.000744,-18.373226
4.778000,1.318432,-0.380356,-0.036965,9.805655,-8.899467,-18.385055
4.780000,1.319808,-0.337237,-0.051583,9.846351,-8.829152,-18.402628
4.782000,1.385945,0.082749,-0.087961,10.112606,-8.318342,-18.340934
4.786000,1.391253,0.148308,-0.102835,10.171804,-8.222758,-18.351366
4.786000,1.479538,0.172653,-0.129815,10.110761,-8.169293,-18.368082
4.788000,1.372305,0.213278,-0.124007,10.275210,-8.111008,-18.383441
4.790000,1.347204,0.206044,-0.130037,10.315525,-8.102627,-18.406302
4.792000,1.304433,0.192451,-0.132497,10.371541,-8.102917,-18.428728
4.796000,1.263114,0.452002,-0.095238,10.883576,-7.771526,-18.498276
4.796000,1.259213,0.137539,-0.142128,10.425030,-8.135487,-18.478325
4.798000,1.232820,0.114082,-0.145848,10.461484,-8.147965,-18.500739
4.800000,1.204481,0.057502,-0.153509,10.450430,-8.200029,-18.520740
4.802000,1.179357,0.033880,-0.156624,10.488625,-8.213653,-18.541677
4.806000,1.127318,0.363662,-0.112977,11.095985,-7.806463,-18.594836
4.808000,1.830440,0.345792,-0.235967,10.381011,-7.790083,-18.661444
4.808000,1.897000,-0.037082,-0.295008,9.784146,-8.230179,-18.655671
4.810000,1.929612,-0.096228,-0.310449,9.715453,-8.285247,-18.680024
4.814000,1.670840,0.227765,-0.233660,10.528121,-7.896134,-18.718016
4.816000,1.546543,0.209615,-0.218642,10.623032,-7.920097,-18.711339
4.816000,1.610814,-0.214986,-0.273951,10.063933,-8.397405,-18.737336
4.818000,1.564508,-0.305610,-0.272683,10.066191,-8.492846,-18.766867
4.820000,1.487789,-0.378487,-0.266797,10.117676,-8.568542,-18.791068
4.822000,1.316366,-0.365261,-0.241629,10.362862,-8.547847,-18.799648
4.824000,1.302581,-0.423687,-0.238660,10.392892,-8.605347,-18.835836
4.826000,1.097751,-0.379348,-0.207816,10.705577,-8.550105,-18.838820
4.830000,1.004605,0.050800,-0.149091,11.497091,-8.038185,-18.887026
4.832000,0.900119,-0.384463,-0.177163,11.040070,-8.542232,-18.881429
4.832000,3.695141,-1.619112,-0.573660,7.245290,-9.873578,-19.364868
4.834000,3.920197,-1.785507,-0.607347,6.920280,-10.050021,-19.435690
4.836000,3.670281,-1.671650,-0.569835,7.336306,-9.917014,-19.423205
4.840000,3.481763,-1.665902,-0.536221,7.621693,-9.906112,-19.444674
4.842000,2.533088,-1.310495,-0.398250,8.971697,-9.513798,-19.340466
4.844000,2.347471,-1.326883,-0.364526,9.246442,-9.528037,-19.370250
4.846000,1.699464,-1.122183,-0.269649,10.170830,-9.300554,-19.320072
4.846000,1.132547,-0.941183,-0.188190,10.988457,-9.098345,-19.279499
4.848000,0.531867,-0.740330,-0.103809,11.855907,-8.874159,-19.231951
4.850000,-0.026255,-0.547429,-0.027188,12.670012,-8.658231,-19.188088
4.854000,-0.844977,-0.141967,0.133318,14.218424,-8.203315,-19.204861
4.856000,-1.109869,-0.947512,0.158532,13.706640,-9.139018,-19.295790
4.858000,14.202928,-11.709003,-1.572905,-9.944327,-21.121386,-22.931122
4.858000,9.010911,-8.157904,-0.971020,-1.889975,-17.161718,-21.772118
4.860000,7.369522,-6.263935,-0.815027,1.268204,-15.010328,-21.241154
4.862000,2.607043,-2.754584,-0.282165,8.971116,-11.067563,-20.108369
4.866000,-2.188751,1.349621,0.254207,17.436168,-6.417726,-18.992550
4.868000,1.719584,-5.003965,-8.936902,-4.422807,-16.673539,5.051840
4.868000,2.301184,-5.491518,-8.155208,-4.345394,-17.099889,5.182355
4.870000,2.856778,-5.947863,-7.502591,-4.360281,-17.548125,5.315071
4.872000,1.186295,-4.386751,-8.699562,-4.140763,-15.322540,4.720604
4.874000,-0.806700,-2.510206,-10.227147,-3.918726,-12.733374,4.036923
4.878000,-3.156000,-0.335910,-12.020974,-3.655864,-9.771898,3.266288
4.880000,-5.343599,1.781822,-13.875817,-3.480148,-6.951054,2.535653
4.880000,-7.592022,3.844909,-15.624845,-3.146182,-4.235153,1.858644
4.882000,-7.713484,4.366217,-16.590503,-4.445453,-3.156126,1.210672
4.884000,-9.216079,5.744618,-17.822464,-4.349521,-1.321552,0.728530
4.888000,-10.436465,6.839161,-18.811863,-4.279283,0.132329,0.347179
4.890000,-11.610862,7.813891,-19.624665,-4.024398,1.369575,0.071300
4.890000,-12.584278,8.583312,-20.248724,-3.764167,2.329379,-0.128103
4.892000,-13.410438,9.196017,-20.715760,-3.472434,3.074739,-0.264021
4.894000,-14.091958,9.671831,-21.057846,-3.186735,3.641751,-0.354914
4.898000,-15.315008,10.495401,-21.625812,-2.619019,4.610577,-0.490627
4.900000,-15.092314,10.303413,-21.457070,-2.669148,4.368552,-0.444972
4.900000,-15.541827,10.565698,-21.596234,-2.375255,4.664912,-0.466214
4.902000,-15.805386,10.687784,-21.628147,-2.162241,4.791413,-0.461563
4.904000,-16.067183,10.813759,-21.662898,-1.955761,4.924583,-0.462264
4.908000,-16.711801,11.159390,-21.757945,-1.394280,5.304141,-0.457816
4.910000,-16.589758,11.043332,-21.644095,-1.396801,5.168362,-0.437040
4.910000,-16.818988,11.150568,-21.657904,-1.179334,5.289809,-0.433634
4.912000,-16.950598,11.197508,-21.643489,-1.041877,5.342525,-0.428690
4.914000,-17.096356,11.258329,-21.639933,-0.899851,5.413674,-0.427413
4.916000,-17.196309,11.290675,-21.618476,-0.789928,5.452132,-0.425225
4.920000,-17.299655,11.326779,-21.602490,-0.678580,5.498736,-0.424923
4.922000,-17.390378,11.359744,-21.596695,-0.590774,5.544236,-0.427172
4.922000,-17.460632,11.376924,-21.573778,-0.507289,5.572627,-0.428452
4.924000,-17.517114,11.385896,-21.547755,-0.435174,5.593289,-0.430411
4.926000,-17.559655,11.386171,-21.516652,-0.372485,5.605035,-0.432750
4.930000,-17.522419,11.323112,-21.432228,-0.355137,5.517786,-0.411859
4.932000,-17.615450,11.374308,-21.450186,-0.274062,5.614839,-0.439128
4.932000,-17.566529,11.267779,-21.251757,-0.092532,5.508434,-0.413291
4.934000,-17.575692,11.246596,-21.202574,-0.041778,5.501922,-0.418619
4.936000,-17.575620,11.224527,-21.155649,-0.004539,5.489795,-0.422089
4.938000,-17.574403,11.205793,-21.128408,0.005977,5.483634,-0.431013
4.940000,-17.566209,11.183638,-21.102188,0.006899,5.473225,-0.440672
4.944000,-17.554457,11.161881,-21.079430,-0.002663,5.462460,-0.452022
4.944000,-17.524098,11.122205,-21.042969,-0.017939,5.432563,-0.462954
4.946000,-17.501378,11.092679,-21.014446,-0.032061,5.412919,-0.474744
4.950000,-17.500048,11.086903,-21.008868,-0.048147,5.418268,-0.488792
4.950000,-17.485505,11.069037,-20.993611,-0.066529,5.408748,-0.500842
4.954000,-17.119228,10.788598,-20.801619,-0.295616,5.036439,-0.462420
4.954000,-17.413393,10.991223,-20.925607,-0.111614,5.346832,-0.525806
4.956000,-17.261720,10.816797,-20.672658,0.023686,5.162829,-0.501252
4.958000,-17.265755,10.806795,-20.646618,0.043279,5.171794,-0.518154
4.962000,-17.264472,10.800817,-20.629342,0.047169,5.177313,-0.532018
4.962000,-17.211714,10.751303,-20.598095,-0.001355,5.137219,-0.550740
4.964000,-17.192424,10.736350,-20.598100,-0.046496,5.132408,-0.570790
4.966000,-17.170718,10.720921,-20.601045,-0.098600,5.126155,-0.591431
4.968000,-17.138606,10.698510,-20.604973,-0.166093,5.111679,-0.613446
4.972000,-16.729516,10.425060,-20.467959,-0.507858,4.712142,-0.571241
4.974000,-17.168663,10.740139,-20.666497,-0.244077,5.171931,-0.655015
4.974000,-17.099189,10.682467,-20.631482,-0.306111,5.115890,-0.671677
4.976000,-17.184461,10.757675,-20.694319,-0.298351,5.216999,-0.700433
4.978000,-17.096068,10.685228,-20.650290,-0.371954,5.142878,-0.715813
4.982000,-17.130765,10.727150,-20.697071,-0.404780,5.193436,-0.737116
4.984000,-16.664405,10.242790,-20.097282,-0.196477,4.662801,-0.671362
4.984000,-16.603386,10.191212,-20.045524,-0.218893,4.608695,-0.680786
4.986000,-16.534298,10.132631,-19.987451,-0.243157,4.546544,-0.689683
4.988000,-16.535738,10.150760,-20.029612,-0.313170,4.568409,-0.712382
4.990000,-16.607896,10.237256,-20.135107,-0.375509,4.664085,-0.740337
4.994000,-16.592627,10.247317,-20.190421,-0.486865,4.677099,-0.768307
4.994000,-16.577417,10.250431,-20.209927,-0.544756,4.678197,-0.784735
4.996000,-16.541424,10.242582,-20.246772,-0.657092,4.670537,-0.810577
4.998000,-16.623296,10.342858,-20.364595,-0.721787,4.778843,-0.839234
5.002000,-16.622094,10.381748,-20.416498,-0.797918,4.807597,-0.861928
5.002000,-16.643747,10.409391,-20.474216,-0.867483,4.848830,-0.885404
5.004000,-16.561142,10.354579,-20.443305,-0.944889,4.787289,-0.899901
5.006000,-15.598315,9.353327,-19.282020,-0.611038,3.697532,-0.765092
5.008000,-15.606302,9.373814,-19.293907,-0.624309,3.718744,-0.777940
5.010000,-15.533965,9.317039,-19.231646,-0.641808,3.655888,-0.783250
5.014000,-15.628767,9.440349,-19.386212,-0.738380,3.787941,-0.815973
5.014000,-15.672846,9.520012,-19.507850,-0.855349,3.870400,-0.844783
5.016000,-15.797039,9.680461,-19.708303,-0.974759,4.040375,-0.882841
5.018000,-15.915352,9.836890,-19.902383,-1.092246,4.204967,-0.919749
5.020000,-16.014393,9.974030,-20.071325,-1.199556,4.348226,-0.953139
5.024000,-16.211458,10.208618,-20.330455,-1.300958,4.596925,-0.996052
5.024000,-16.396043,10.417396,-20.526349,-1.329647,4.812057,-1.023321
5.026000,-16.310340,10.397392,-20.577193,-1.517798,4.788477,-1.052848
5.028000,-16.367608,10.499234,-20.697558,-1.610561,4.892482,-1.080071
5.030000,-16.463721,10.639696,-20.850301,-1.695836,5.039861,-1.111516
5.034000,-13.305047,7.224117,-17.026630,-0.594681,1.367223,-0.614132
5.034000,-13.269716,7.212429,-17.011767,-0.625611,1.351137,-0.618155
5.036000,-13.633046,7.557917,-17.268523,-0.504325,1.714136,-0.638244
5.038000,-13.852705,7.916850,-17.822060,-0.977146,2.103663,-0.738376
5.042000,-14.552497,8.714746,-18.715170,-1.283179,2.953731,-0.860595
5.044000,-15.200601,9.493934,-19.623237,-1.671293,3.777702,-0.988414
5.044000,-15.898920,10.318774,-20.547958,-2.014058,4.648370,-1.116278
5.046000,-16.546941,11.099172,-21.417223,-2.344115,5.468484,-1.238012
5.048000,-17.709406,12.480109,-22.947205,-2.896053,6.926589,-1.454726
5.052000,-18.308712,13.254687,-23.798871,-3.253978,7.728396,-1.580809
5.054000,-18.860976,13.944649,-24.535797,-3.523839,8.459969,-1.691652
5.054000,-3.382512,28.059965,1.151359,43.650096,21.975402,-20.302082
5.056000,-0.462316,25.588954,0.928159,38.963878,19.298772,-19.030402
5.058000,0.903221,27.140653,0.698283,38.593028,21.114661,-16.918943
5.062000,2.332179,20.580222,0.490287,30.893433,13.982801,-15.785330
5.064000,2.400593,21.090465,0.491444,31.316123,14.555136,-15.736347
5.064000,2.634795,17.845365,0.468594,28.088751,11.048313,-15.409816
5.066000,2.442172,14.994158,0.530335,25.814079,7.916795,-15.282759
5.068000,2.158504,11.868272,0.617422,23.464390,4.466942,-15.327518
5.070000,1.770161,9.050189,0.723948,21.525516,1.339783,-15.438041
5.074000,1.369477,6.520601,0.831535,19.852635,-1.479065,-15.591505
5.076000,0.862068,4.103252,0.959539,18.434378,-4.215149,-15.858467
5.078000,0.613241,2.503893,1.023576,17.287745,-5.984869,-15.915066
5.078000,0.334122,1.039526,1.089914,16.304194,-7.637543,-16.052811
5.080000,0.112289,-0.132626,1.138748,15.470732,-8.965594,-16.172786
5.082000,-0.126897,-0.576407,1.157409,15.162042,-9.472102,-16.164612
5.086000,-0.495842,-2.184439,1.204924,13.900312,-11.319346,-16.413686
5.088000,-0.382667,-1.876853,1.187841,14.052254,-10.965551,-16.370887
5.088000,-0.447229,-2.371729,1.187594,13.550285,-11.537331,-16.487993
5.090000,-0.421827,-2.625817,1.168479,13.151552,-11.833127,-16.578690
5.092000,-0.423915,-2.928799,1.149984,12.729986,-12.185325,-16.697527
5.094000,-0.379777,-3.111450,1.118739,12.349994,-12.398102,-16.805171
5.098000,-0.341715,-3.285454,1.087285,11.987100,-12.600620,-16.922407
5.098000,-0.285674,-3.404021,1.050585,11.651764,-12.738131,-17.036666
5.100000,-0.218559,-3.482340,1.010551,11.341624,-12.827904,-17.148564
5.102000,-0.137942,-3.519279,0.966938,11.055670,-12.868614,-17.255593
5.104000,-0.048614,-3.522532,0.920938,10.793804,-12.868765,-17.358686
5.106000,0.139538,-3.069037,0.841112,10.766050,-12.336850,-17.364850
5.110000,0.247386,-3.009010,0.790812,10.549958,-12.259793,-17.457734
5.110000,0.369259,-2.861365,0.735428,10.391952,-12.079327,-17.531389
5.112000,0.460095,-2.794646,0.689220,10.219266,-11.991569,-17.623499
5.114000,0.546115,-2.717827,0.644204,10.067925,-11.890789,-17.710916
5.116000,0.640140,-2.810005,0.603991,9.804883,-11.995292,-17.862719
5.118000,0.696199,-2.567034,0.560519,9.812831,-11.688971,-17.877206
5.120000,0.761554,-2.507933,0.522128,9.695652,-11.605337,-17.957850
5.122000,0.826463,-2.388784,0.482579,9.630163,-11.450433,-18.019036
5.124000,0.887585,-2.294127,0.445216,9.558428,-11.323396,-18.083235
5.128000,0.803429,-2.115584,0.435924,9.739862,-11.113326,-18.152379
5.130000,0.981330,-2.075348,0.379910,9.499641,-11.033990,-18.190967
5.130000,1.024641,-1.963358,0.347250,9.479380,-10.884608,-18.237163
5.132000,1.271038,-1.390018,0.265011,9.591225,-10.191006,-18.188719
5.134000,1.329772,-1.234039,0.229402,9.597692,-9.988329,-18.217844
5.138000,1.192880,-0.993925,0.239946,9.972581,-9.674271,-18.320888
5.140000,1.173594,-0.916178,0.222389,9.988257,-9.589357,-18.293171
5.142000,1.182543,-0.909238,0.222272,10.020214,-9.555424,-18.355244
5.142000,1.375067,-0.876366,0.133783,9.668875,-9.489761,-18.346024
5.144000,1.379474,-0.822294,0.110073,9.663668,-9.405391,-18.371093
5.148000,1.173182,-0.666638,0.140669,10.046671,-9.213042,-18.403676
5.148000,1.351213,-0.726909,0.072875,9.703706,-9.252727,-18.414630
5.152000,1.313889,-0.683036,0.060657,9.758104,-9.181724,-18.433891
5.152000,1.323283,-0.692540,0.040547,9.721238,-9.171609,-18.465838
5.154000,1.259803,-0.593352,0.032735,9.851335,-9.034408,-18.461625
5.156000,1.565627,-0.020022,-0.052316,9.954573,-8.334106,-18.381470
5.158000,1.553512,0.064746,-0.066759,10.030756,-8.213731,-18.384977
5.162000,1.548709,0.143966,-0.079604,10.158234,-8.078652,-18.428144
5.162000,1.462750,0.082745,-0.077556,10.148352,-8.151922,-18.418453
5.164000,1.368896,0.094978,-0.074681,10.262579,-8.120450,-18.431155
5.166000,1.265347,0.053873,-0.067721,10.346887,-8.152105,-18.450708
5.170000,1.169009,-0.026601,-0.059788,10.398308,-8.226667,-18.474250
5.170000,1.089474,-0.023974,-0.056356,10.501450,-8.209167,-18.488111
5.172000,1.004442,-0.069668,-0.051264,10.571613,-8.245421,-18.505709
5.176000,0.916688,-0.138493,-0.043971,10.627425,-8.305855,-18.519715
5.176000,0.851335,-0.154027,-0.043452,10.704169,-8.310217,-18.536866
5.178000,0.780491,-0.197968,-0.040028,10.765571,-8.344901,-18.551960
5.182000,0.694236,-0.257811,-0.032381,10.830025,-8.394621,-18.558961
5.182000,1.678421,0.174018,-0.224706,10.143983,-7.842657,-18.547360
5.184000,1.709871,0.171527,-0.238961,10.133659,-7.826289,-18.558948
5.188000,1.710395,0.159946,-0.246434,10.146519,-7.816441,-18.557681
5.188000,1.596986,0.084654,-0.233872,10.241285,-7.896303,-18.592641
5.190000,1.425604,-0.013345,-0.209441,10.377593,-7.999320,-18.615443
5.194000,1.191014,-0.125124,-0.172636,10.566233,-8.114422,-18.621375
5.194000,0.945454,-0.239758,-0.135554,10.777346,-8.246864,-18.658420
5.196000,0.749451,-0.343087,-0.105837,10.941655,-8.357882,-18.679741
5.200000,0.526185,-0.439512,-0.070477,11.135256,-8.454580,-18.679207
5.202000,0.554976,-0.525385,-0.079342,11.088085,-8.545795,-18.730042
5.202000,0.431172,-0.607994,-0.061307,11.198953,-8.630999,-18.751680
5.204000,0.327491,-0.684015,-0.046637,11.295750,-8.708506,-18.774381
5.208000,2.904511,-0.262601,-0.495001,8.939456,-8.109791,-18.857149
5.208000,2.936418,-0.293282,-0.502926,8.927669,-8.129439,-18.878605
5.210000,2.700962,-0.301272,-0.467544,9.214242,-8.132269,-18.877973
5.212000,2.399288,-0.420596,-0.414405,9.486727,-8.256658,-18.881911
5.216000,1.930579,-0.636575,-0.330804,9.877640,-8.509822,-18.922028
5.218000,1.097821,-0.762557,-0.194029,10.725355,-8.681568,-18.942601
5.218000,0.531073,-0.934004,-0.097247,11.256225,-8.887386,-18.966775
5.220000,-0.013767,-1.085286,-0.005051,11.781974,-9.069163,-18.987153
5.224000,-0.385073,-1.318153,0.063697,12.072980,-9.340234,-19.038270
5.224000,-0.910518,-1.329592,0.145841,12.681839,-9.358194,-19.024652
5.226000,-0.545696,-1.578770,0.098996,12.194815,-9.622961,-19.129793
5.228000,-0.897041,-1.659195,0.157619,12.579881,-9.716172,-19.147283
5.232000,-2.262657,-1.527852,0.363854,14.177416,-9.598270,-19.046550
5.234000,14.476793,-6.152545,-1.991138,-6.462320,-14.401819,-21.350244
5.234000,12.920886,-5.749517,-1.755196,-4.468078,-13.974000,-21.176726
5.236000,8.141558,-5.420564,-1.018976,0.871840,-13.748708,-20.814865
5.238000,2.151797,-4.871817,-0.112724,7.694952,-13.290329,-20.341206
5.240000,-1.370024,-4.349608,0.404694,11.902056,-12.772247,-20.030534
5.242000,-5.675632,-3.003159,0.980539,17.468946,-11.317833,-19.440159
5.244000,-7.963532,-2.014858,1.260358,20.655114,-10.216052,-19.062864
5.246000,-10.882365,-0.617427,1.600448,24.754219,-8.661122,-18.527048
5.250000,-10.222179,-0.203418,1.459592,24.414808,-8.137333,-18.481010
5.250000,2.313373,-6.201938,-6.728445,-2.742708,-18.283980,5.406717
5.252000,2.920439,-6.790191,-5.931009,-2.658017,-18.823510,5.564054
5.254000,3.472544,-7.341722,-5.219077,-2.574024,-19.364286,5.723281
5.258000,3.070275,-6.066819,-7.028182,-4.570514,-17.352710,4.867400
5.260000,1.166870,-4.113416,-8.750223,-4.682411,-14.678944,4.134108
5.260000,-1.046747,-1.829421,-10.820114,-4.829400,-11.601599,3.295894
5.262000,-3.356254,0.417009,-12.758377,-4.684328,-8.626417,2.532767
5.266000,-5.459280,2.489525,-14.579415,-4.627508,-5.895687,1.835099
5.266000,-7.418357,4.324589,-16.137519,-4.406116,-3.503777,1.246442
5.268000,-9.173189,5.886760,-17.414154,-4.068095,-1.484923,0.769911
5.270000,-10.614705,7.154832,-18.457687,-3.808361,0.146302,0.392848
5.274000,-11.771083,8.157386,-19.292242,-3.624497,1.426089,0.102705
5.274000,-12.801231,8.965726,-19.898442,-3.292491,2.446251,-0.102742
5.276000,-13.610304,9.577841,-20.349602,-3.025257,3.210820,-0.247870
5.278000,-14.277455,10.048342,-20.671008,-2.756685,3.791426,-0.345748
5.282000,-14.819474,10.404814,-20.893644,-2.504740,4.226198,-0.409041
5.282000,-15.284480,10.664701,-20.992001,-2.176402,4.537443,-0.433253
5.284000,-15.658571,10.866976,-21.067135,-1.920503,4.778931,-0.450079
5.286000,-15.971949,11.022181,-21.103844,-1.680418,4.963399,-0.456073
5.288000,-16.236080,11.143110,-21.117599,-1.462308,5.109096,-0.456567
5.292000,-16.457413,11.235019,-21.110918,-1.262535,5.221886,-0.453098
5.292000,-16.647696,11.306939,-21.088999,-1.073723,5.312271,-0.446778
5.294000,-16.806462,11.359714,-21.055863,-0.902780,5.382011,-0.439518
5.296000,-16.939646,11.397754,-21.014513,-0.746853,5.436110,-0.431913
5.298000,-17.050172,11.423397,-20.967483,-0.606298,5.477319,-0.424637
5.302000,-17.147637,11.453650,-20.938315,-0.502502,5.522294,-0.422351
5.302000,-17.214713,11.445647,-20.863704,-0.368970,5.530014,-0.412524
5.304000,-17.272885,11.445601,-20.809512,-0.270191,5.545039,-0.408071
5.306000,-17.205589,11.280855,-20.509585,0.007763,5.375336,-0.358661
5.308000,-17.239692,11.272259,-20.450887,0.089525,5.380073,-0.355500
5.312000,-17.234250,11.219649,-20.348748,0.183965,5.339596,-0.346624
5.312000,-17.277452,11.236989,-20.336025,0.221580,5.374652,-0.353476
5.314000,-17.268929,11.199599,-20.274525,0.262017,5.352175,-0.354930
5.316000,-17.281978,11.193070,-20.251805,0.279980,5.362316,-0.362724
5.318000,-17.314151,11.211201,-20.256087,0.287725,5.398242,-0.374187
5.322000,-17.317213,11.200001,-20.235869,0.293886,5.402756,-0.383596
5.322000,-17.282735,11.152319,-20.183777,0.298354,5.365288,-0.388269
5.324000,-17.264295,11.124461,-20.153569,0.292508,5.350272,-0.397686
5.326000,-17.256320,11.108098,-20.134309,0.286650,5.346663,-0.407993
5.330000,-17.049856,10.979065,-20.103617,0.043056,5.159991,-0.395469
5.332000,-17.015001,10.944904,-20.077913,0.014101,5.131370,-0.404832
5.332000,-16.998325,10.818744,-19.804771,0.346377,5.069759,-0.405095
5.334000,-16.980218,10.786001,-19.758030,0.366957,5.053420,-0.416631
5.336000,-16.964091,10.755598,-19.713676,0.387229,5.039734,-0.428922
5.340000,-16.698954,10.595702,-19.708929,0.045398,4.808495,-0.416269
5.340000,-16.940464,10.742677,-19.724471,0.301988,5.044092,-0.462918
5.342000,-16.930689,10.742928,-19.743630,0.243990,5.050636,-0.481368
5.344000,-16.950648,10.759504,-19.759863,0.226749,5.083292,-0.503056
5.348000,-16.623037,10.555274,-19.734474,-0.166445,4.784585,-0.482980
5.350000,-16.928913,10.758278,-19.796484,0.111014,5.092405,-0.541598
5.350000,-16.911315,10.751944,-19.811109,0.049419,5.090089,-0.561739
5.352000,-16.913786,10.752179,-19.815528,0.025120,5.106690,-0.586140
5.354000,-16.918318,10.766349,-19.842740,-0.023578,5.125806,-0.605807
5.358000,-16.612958,10.454618,-19.490363,0.055008,4.792952,-0.577999
5.358000,-16.502621,10.357422,-19.415148,-0.001551,4.689240,-0.587520
5.360000,-16.448465,10.315668,-19.387340,-0.049255,4.645103,-0.600710
5.362000,-16.440981,10.324720,-19.420691,-0.120631,4.655479,-0.621881
5.364000,-16.489251,10.390754,-19.510182,-0.196829,4.727664,-0.649215
5.368000,-16.429671,10.351982,-19.508915,-0.288985,4.685078,-0.668815
5.368000,-16.485138,10.422481,-19.593029,-0.346116,4.759007,-0.692550
5.370000,-16.497150,10.452825,-19.646032,-0.418261,4.789604,-0.715023
5.372000,-16.517713,10.491568,-19.704731,-0.486697,4.828733,-0.737548
5.374000,-16.529936,10.522472,-19.755110,-0.554606,4.858975,-0.759190
5.378000,-16.532699,10.544633,-19.796805,-0.622907,4.879561,-0.780043
5.380000,-16.495236,10.530694,-19.812952,-0.709761,4.861799,-0.800597
5.380000,-16.493375,10.548883,-19.847685,-0.774151,4.877582,-0.820278
5.382000,-15.683387,9.760947,-19.101709,-0.811996,4.038405,-0.767604
5.384000,-15.562227,9.664217,-19.033596,-0.890127,3.933239,-0.779235
5.388000,-15.491131,9.612914,-18.994297,-0.940690,3.875903,-0.790351
5.388000,-15.565211,9.708141,-19.099130,-0.999726,3.974494,-0.814858
5.390000,-15.657242,9.822216,-19.221961,-1.059964,4.092539,-0.840813
5.392000,-15.853950,10.033326,-19.415797,-1.079056,4.311996,-0.868655
5.396000,-15.955598,10.159217,-19.549725,-1.141928,4.441163,-0.895407
5.396000,-16.068998,10.302679,-19.710544,-1.228665,4.590417,-0.927953
5.398000,-16.054576,10.318105,-19.745252,-1.305760,4.599942,-0.945574
5.400000,-16.121537,10.412276,-19.844454,-1.365691,4.693930,-0.968346
5.404000,-16.158306,10.477582,-19.915077,-1.425291,4.757186,-0.988249
5.406000,-16.233439,10.579449,-20.012731,-1.471510,4.859003,-1.009390
5.406000,-14.072137,8.509292,-18.194186,-1.786525,2.684869,-0.875022
5.408000,-14.041867,8.504214,-18.182301,-1.815476,2.676390,-0.882487
5.410000,-14.209823,8.675380,-18.288815,-1.746533,2.852177,-0.891954
5.414000,-14.525886,9.016257,-18.603399,-1.774099,3.208769,-0.929154
5.416000,-14.809692,9.347937,-18.950138,-1.892454,3.557143,-0.979231
5.416000,-15.370082,9.906158,-19.411397,-1.801315,4.135145,-1.018525
5.418000,-15.754722,10.320726,-19.793589,-1.834701,4.564186,-1.063271
5.420000,-16.076416,10.675709,-20.120476,-1.873637,4.929811,-1.103305
5.424000,-16.492525,11.122652,-20.521276,-1.893237,5.392461,-1.150991
5.426000,-16.723993,11.387810,-20.753861,-1.918801,5.659472,-1.180036
5.426000,-16.441598,11.222116,-20.714241,-2.238640,5.481049,-1.208266
5.428000,-17.274941,12.003569,-21.272445,-1.930166,6.286497,-1.244631
5.432000,-17.341384,12.129783,-21.396111,-2.019168,6.411514,-1.271072
5.434000,-7.780297,2.897396,-13.365146,-3.301047,-3.170048,-0.539051
5.436000,-10.674645,5.766516,-15.859769,-2.997929,-0.194762,-0.776437
5.436000,-12.723724,7.811987,-17.618832,-2.778740,1.923602,-0.948241
5.438000,-3.818806,30.172825,0.977661,44.915464,23.870721,-20.261581
5.442000,-3.242516,31.805817,0.836998,45.305687,25.693998,-18.278589
5.442000,-2.617673,33.874825,0.663784,45.943170,28.026534,-16.299320
5.444000,-1.743267,31.337275,0.531147,42.522591,25.355048,-15.462647
5.446000,-1.160455,28.088208,0.485360,39.020182,21.886318,-15.015977
5.450000,-0.950172,23.842280,0.553175,35.368757,17.268416,-15.065886
5.450000,-0.808161,20.068675,0.631889,32.217254,13.216205,-15.097044
5.452000,-0.857137,16.298860,0.738832,29.347053,9.123332,-15.310897
5.456000,-0.978656,12.925956,0.841561,26.858113,5.453987,-15.538392
5.458000,1.703678,4.709601,0.875622,18.549297,-3.576914,-17.251107
5.458000,1.721790,1.647757,1.001964,16.322015,-6.954753,-17.665813
5.460000,1.769023,-0.965317,1.110422,14.379408,-9.849781,-18.047760
5.464000,1.457895,-2.634412,1.212812,13.368843,-11.747735,-18.244808
5.464000,1.315420,-3.355603,1.241468,12.731853,-12.545968,-18.162021
5.466000,1.109365,-3.946114,1.268131,12.250155,-13.229117,-18.130673
5.470000,0.906653,-4.542263,1.291954,11.779105,-13.941298,-18.184765
5.472000,0.798016,-4.742392,1.279263,11.448605,-14.186718,-18.138905
5.472000,0.741769,-4.636086,1.242494,11.252400,-14.065810,-18.008998
5.476000,0.683278,-4.685104,1.212335,10.986857,-14.137517,-17.988261
5.478000,0.644614,-4.696876,1.176702,10.737821,-14.164845,-17.984709
5.478000,0.614831,-4.716569,1.139786,10.488844,-14.199727,-18.007428
5.480000,0.599884,-4.717705,1.099795,10.250717,-14.211033,-18.043699
5.484000,0.371154,-4.459466,1.080045,10.448548,-13.950861,-18.067616
5.486000,0.361702,-4.149367,1.026901,10.431945,-13.586633,-18.016625
5.486000,0.366845,-4.092620,0.983589,10.257948,-13.524396,-18.073862
5.490000,0.410741,-4.022766,0.935093,10.068898,-13.441957,-18.136080
5.492000,0.462995,-3.970437,0.887166,9.874134,-13.377531,-18.209859
5.492000,0.521177,-3.873028,0.837448,9.718298,-13.259260,-18.276485
5.496000,0.589861,-3.843077,0.790447,9.516505,-13.215792,-18.359462
5.498000,0.652399,-3.724982,0.741584,9.395390,-13.069919,-18.422852
5.498000,0.719957,-3.638327,0.694601,9.258300,-12.958029,-18.492532
5.500000,0.795316,-3.576084,0.648562,9.106171,-12.872128,-18.565859
5.504000,0.862317,-3.481654,0.603610,8.996111,-12.748136,-18.629927
5.506000,0.971579,-3.493065,0.556418,8.786109,-12.752433,-18.742137
5.506000,0.787726,-2.741738,0.528292,9.419349,-11.873261,-18.623216
5.508000,0.828056,-2.570884,0.488068,9.420483,-11.658430,-18.661558
5.510000,0.860119,-2.385711,0.449776,9.448560,-11.425881,-18.691811
5.514000,0.880815,-2.215399,0.421579,9.545797,-11.192969,-18.839674
5.516000,0.945641,-2.184302,0.380136,9.387083,-11.150980,-18.786911
5.516000,0.982742,-2.101712,0.348545,9.359657,-11.033433,-18.832711
5.518000,1.021590,-2.024142,0.317187,9.329004,-10.921686,-18.870421
5.522000,1.115273,-2.072047,0.282651,9.165517,-10.955947,-18.952262
5.524000,1.072432,-1.862392,0.262392,9.324838,-10.688968,-18.941243
5.524000,1.105951,-1.818605,0.236218,9.294979,-10.614302,-18.979481
5.526000,1.095348,-1.682594,0.214628,9.382791,-10.435109,-18.992193
5.528000,1.102529,-1.601264,0.192731,9.416565,-10.317962,-19.015046
5.530000,1.161551,-1.611320,0.166108,9.337303,-10.306136,-19.064073
5.534000,0.925304,-0.874667,0.161444,10.165062,-9.419080,-18.978648
5.536000,0.901630,-0.751355,0.139871,10.206003,-9.277804,-18.931597
5.536000,0.838819,-0.568121,0.125118,10.391251,-9.043122,-18.910395
5.538000,0.813362,-0.491472,0.109152,10.463761,-8.932423,-18.917076
5.542000,0.852821,-0.547437,0.088480,10.379970,-8.970545,-18.955620
5.542000,0.852821,-0.547437,0.088480,10.379970,-8.970545,-18.955620
5.546000,0.811711,-0.518689,0.064294,10.448450,-8.892905,-18.986211
5.548000,0.790746,-0.504991,0.053691,10.487788,-8.855540,-18.999745
5.548000,0.777193,-0.504922,0.040801,10.506769,-8.832602,-19.013366
5.550000,0.762271,-0.505722,0.031003,10.534969,-8.812418,-19.027889
5.552000,0.747508,-0.508502,0.021750,10.563955,-8.794884,-19.041858
5.556000,0.691305,-0.235328,0.056112,11.085451,-8.446556,-19.109776
5.558000,0.510680,0.081533,0.016911,11.279457,-8.085028,-18.936737
5.560000,0.479007,0.154096,0.008365,11.385413,-7.982650,-18.932570
5.560000,0.452550,0.135342,-0.002693,11.395475,-7.986051,-18.936942
5.562000,0.442857,0.116491,-0.010764,11.413576,-7.988801,-18.952862
5.564000,0.434550,0.052148,-0.016748,11.398924,-8.044342,-18.977835
5.568000,0.437953,-0.033685,-0.022686,11.361270,-8.124562,-19.008610
5.570000,0.422088,-0.100873,-0.024644,11.355266,-8.180051,-19.021467
5.570000,0.424954,-0.161387,-0.031541,11.344529,-8.238681,-19.059880
5.572000,0.424531,-0.227559,-0.036292,11.330957,-8.298794,-19.086193
5.574000,0.427419,-0.291137,-0.041504,11.317272,-8.356424,-19.112721
5.576000,0.395447,-0.373133,-0.039440,11.328713,-8.437007,-19.141029
5.580000,0.408143,-0.457813,-0.044486,11.293382,-8.518916,-19.172989
5.582000,0.386682,-0.487503,-0.045863,11.334718,-8.539421,-19.192251
5.582000,0.310638,0.072131,-0.065416,11.852727,-7.884016,-19.086000
5.584000,0.313632,0.062360,-0.071645,11.885197,-7.881045,-19.103418
5.586000,0.396550,0.056047,-0.091163,11.838111,-7.870627,-19.125607
5.590000,0.341777,0.300362,-0.040197,12.347389,-7.583033,-19.197859
5.592000,0.322553,-0.173191,-0.078601,11.842249,-8.111752,-19.207294
5.592000,0.430182,-0.309104,-0.094506,11.680880,-8.250559,-19.262066
5.594000,0.303140,-0.468032,-0.076683,11.722133,-8.426728,-19.297693
5.596000,0.305357,-0.591591,-0.074189,11.684931,-8.557030,-19.344462
5.598000,0.292820,-0.709443,-0.068891,11.670213,-8.681687,-19.390354
5.600000,0.302035,-0.815857,-0.066288,11.647017,-8.792579,-19.437278
5.602000,0.313111,-0.915751,-0.063732,11.629310,-8.896135,-19.484322
5.606000,0.375780,-0.459495,-0.036083,12.202026,-8.363912,-19.533581
5.606000,1.710894,-1.912880,-0.233669,9.612929,-9.958700,-19.836131
5.608000,1.721761,-1.982559,-0.229463,9.625332,-10.028256,-19.881820
5.610000,1.702099,-2.107070,-0.224350,9.601975,-10.161845,-19.928430
5.614000,1.472285,-2.055763,-0.187573,9.959952,-10.102207,-19.937122
5.614000,1.212580,-1.970180,-0.147716,10.375855,-10.004598,-19.938375
5.616000,0.921853,-1.880533,-0.103775,10.832436,-9.902889,-19.939999
5.620000,0.684678,-1.953254,-0.057100,11.115065,-9.973287,-19.953017
5.620000,0.353588,-2.326657,0.019794,11.320296,-10.418655,-20.093283
5.622000,0.188475,-2.640351,0.068841,11.382621,-10.775475,-20.200568
5.626000,1.022617,-2.939352,-0.035353,10.392000,-11.058086,-20.328703
5.628000,-0.223975,-2.413279,0.123814,12.167165,-10.509500,-20.214960
5.628000,-0.145657,-2.056158,0.091167,12.422906,-10.082858,-20.179782
5.630000,-0.190752,-1.557067,0.066998,12.904376,-9.497694,-20.106854
5.634000,5.294431,-7.199868,-0.361992,3.578268,-15.737922,-21.813092
5.634000,2.035002,-5.295985,-8.043247,-4.337560,-16.186777,4.629501
5.636000,2.563498,-5.802669,-7.370276,-4.291494,-16.581071,4.748586
5.640000,3.027450,-6.251535,-6.766570,-4.234409,-16.953436,4.864573
5.642000,1.366917,-4.679322,-7.991413,-4.004398,-14.841093,4.324414
5.642000,-0.580608,-2.815572,-9.496787,-3.751768,-12.417763,3.710916
5.644000,-2.801927,-0.671255,-11.281049,-3.491732,-9.686078,3.022973
5.646000,-4.966050,1.426331,-13.040233,-3.247214,-7.046999,2.366336
5.650000,-6.931409,3.351094,-14.676296,-3.073613,-4.639617,1.771536
5.652000,-8.826636,5.138062,-16.158313,-2.770677,-2.440514,1.252494
5.652000,-10.423026,6.641635,-17.412700,-2.536974,-0.598008,0.825829
5.654000,-11.788729,7.901132,-18.452987,-2.305070,0.932315,0.484579
5.656000,-11.399618,8.119624,-19.473591,-4.260802,1.343811,0.024451
5.658000,-12.503086,9.106033,-20.345284,-4.152521,2.540287,-0.251609
5.662000,-13.694379,10.065560,-21.158252,-3.962260,3.666910,-0.491547
5.664000,-13.411511,9.828204,-20.982228,-4.079594,3.381969,-0.445146
5.664000,-13.887506,10.136215,-21.170056,-3.842873,3.725167,-0.489440
5.666000,-14.217199,10.304357,-21.221570,-3.598131,3.900809,-0.493444
5.668000,-14.590900,10.507923,-21.291639,-3.320898,4.120576,-0.504792
5.670000,-14.917453,10.672693,-21.324168,-3.045811,4.297447,-0.507518
5.674000,-15.635884,11.074301,-21.421138,-2.434303,4.739844,-0.517091
5.676000,-15.462689,10.927544,-21.323381,-2.525748,4.575022,-0.503504
5.678000,-15.697366,11.033445,-21.310556,-2.285278,4.693596,-0.500246
5.678000,-15.868782,11.102987,-21.295221,-2.108975,4.773395,-0.497445
5.680000,-16.044118,11.174884,-21.266029,-1.910214,4.857331,-0.493708
5.682000,-16.174291,11.201936,-21.182583,-1.689536,4.895964,-0.481652
5.686000,-16.300685,11.241724,-21.117987,-1.496438,4.946882,-0.472952
5.686000,-16.417493,11.282036,-21.083522,-1.349595,5.001169,-0.472435
5.688000,-16.518770,11.314762,-21.035118,-1.201144,5.046930,-0.469233
5.690000,-16.603939,11.340478,-20.989597,-1.074336,5.085986,-0.468092
5.692000,-16.673725,11.358114,-20.942360,-0.962412,5.116717,-0.467679
5.694000,-16.730105,11.369253,-20.896066,-0.866853,5.140923,-0.468645
5.696000,-16.780800,11.377632,-20.845569,-0.769990,5.162481,-0.468789
5.700000,-16.829600,11.387117,-20.784133,-0.658517,5.185585,-0.466042
5.702000,-16.789223,11.340432,-20.701103,-0.613321,5.107788,-0.433646
5.702000,-16.868891,11.369970,-20.699100,-0.560087,5.193694,-0.476926
5.704000,-16.882203,11.359465,-20.652714,-0.511704,5.196052,-0.482006
5.708000,-16.824599,11.285391,-20.574476,-0.518123,5.138228,-0.494894
5.708000,-16.821589,11.264204,-20.524524,-0.484400,5.129420,-0.501234
5.710000,-16.814405,11.241183,-20.475301,-0.456192,5.118556,-0.508263
5.714000,-16.812793,11.225393,-20.432248,-0.427402,5.114189,-0.515227
5.714000,-16.809514,11.209754,-20.391058,-0.402521,5.109783,-0.522832
5.716000,-16.796812,11.189024,-20.355218,-0.397885,5.099809,-0.533161
5.718000,-16.798546,11.178970,-20.314250,-0.364149,5.100868,-0.540028
5.720000,-16.781102,11.156605,-20.280985,-0.368350,5.088857,-0.551824
5.724000,-16.507868,10.934150,-20.047821,-0.419488,4.791206,-0.495980
5.726000,-16.759761,11.123356,-20.210663,-0.349564,5.076188,-0.572531
5.726000,-16.756289,11.110401,-20.168426,-0.319512,5.075595,-0.582953
5.728000,-16.766246,11.111247,-20.161460,-0.326159,5.098765,-0.608004
5.730000,-16.754191,11.094912,-20.129098,-0.321964,5.094967,-0.622137
5.734000,-16.598752,10.967662,-20.094692,-0.520768,4.976790,-0.659043
5.734000,-16.524114,10.901523,-20.057050,-0.594441,4.917122,-0.679658
5.736000,-16.491888,10.871984,-20.024309,-0.614949,4.896425,-0.695046
5.738000,-16.477490,10.857218,-19.992359,-0.610302,4.890319,-0.707499
5.740000,-16.490090,10.863815,-19.958599,-0.563809,4.906031,-0.715123
5.742000,-16.470533,10.847956,-19.934112,-0.576932,4.897945,-0.730117
5.744000,-16.468948,10.845935,-19.906141,-0.562525,4.903594,-0.741659
5.746000,-16.465144,10.843106,-19.879930,-0.553686,4.907919,-0.753889
5.750000,-16.460121,10.839725,-19.853322,-0.545730,4.911218,-0.766120
5.750000,-16.484883,10.859242,-19.823965,-0.490690,4.937788,-0.772837
5.752000,-16.483665,10.859914,-19.798404,-0.478059,4.944349,-0.784510
5.754000,-16.453730,10.840212,-19.778140,-0.513817,4.929343,-0.801883
5.756000,-16.441496,10.833509,-19.753132,-0.516773,4.927190,-0.815073
5.758000,-16.152954,10.628932,-19.778423,-0.986513,4.720187,-0.883582
5.762000,-16.128652,10.617096,-19.760759,-1.015655,4.711887,-0.899801
5.764000,-16.109411,10.610220,-19.744571,-1.039180,4.708199,-0.915335
5.764000,-16.122587,10.626187,-19.718964,-1.002099,4.728628,-0.923722
5.766000,-16.139450,10.644735,-19.691455,-0.956882,4.751621,-0.931159
5.770000,-16.152969,10.659858,-19.659659,-0.909976,4.770967,-0.938143
5.770000,-16.177542,10.684144,-19.630610,-0.851636,4.799440,-0.944137
5.772000,-16.193434,10.701279,-19.598636,-0.801184,4.820081,-0.950647
5.774000,-16.207019,10.716708,-19.566194,-0.753233,4.838416,-0.957228
5.778000,-16.207907,10.721893,-19.529963,-0.717331,4.845523,-0.964505
5.778000,-16.222728,10.740211,-19.504041,-0.675555,4.864225,-0.970201
5.780000,-16.224334,10.746630,-19.468890,-0.639794,4.871023,-0.976908
5.782000,-15.254949,10.102822,-19.554563,-2.115471,4.215156,-1.150631
5.786000,-15.289721,10.152395,-19.559985,-2.088449,4.269550,-1.162070
5.788000,-15.178530,10.083205,-19.510401,-2.178989,4.194471,-1.176611
5.788000,-15.281350,10.168918,-19.473143,-1.993444,4.286015,-1.167423
5.790000,-15.388490,10.253235,-19.426252,-1.789618,4.376209,-1.156033
5.792000,-15.522344,10.354186,-19.379275,-1.551228,4.484561,-1.142222
5.794000,-15.650706,10.447549,-19.327356,-1.315596,4.584451,-1.128569
5.798000,-15.771597,10.532198,-19.271281,-1.086396,4.674328,-1.115211
5.798000,-15.879347,10.604028,-19.210075,-0.869689,4.749390,-1.102246
5.800000,-15.973126,10.662691,-19.143953,-0.666598,4.808967,-1.089491
5.802000,-16.052437,10.708060,-19.073057,-0.477705,4.852669,-1.076735
5.806000,-16.085676,10.716584,-18.988570,-0.332035,4.856351,-1.065551
5.806000,-13.078755,9.044040,-19.445249,-4.915808,3.199118,-1.557921
5.808000,-13.256484,9.178493,-19.385759,-4.595267,3.329416,-1.527440
5.812000,-13.466580,9.323771,-19.312907,-4.216550,3.466828,-1.488876
5.812000,-14.187324,9.756387,-19.184746,-3.097881,3.912315,-1.386934
5.814000,-14.956847,10.191702,-19.030180,-1.894181,4.360015,-1.278462
5.816000,-15.925971,10.737029,-18.893808,-0.475257,4.916624,-1.156293
5.818000,-17.019509,11.243334,-18.570331,1.333666,5.417028,-0.978195
5.822000,-17.670100,11.478754,-18.261348,2.541862,5.633552,-0.850636
5.822000,-18.332995,11.594727,-17.736349,4.037532,5.697071,-0.663379
5.824000,-8.614910,30.316771,1.566769,49.394416,24.350959,-18.632245
5.826000,-7.580055,32.575001,1.327453,49.721807,26.898818,-15.677913
5.828000,-6.736523,34.620868,1.130452,50.154574,29.194260,-13.267990
5.832000,-5.138819,32.257616,0.905376,46.146594,26.694151,-12.203080
5.834000,0.409950,24.297943,0.497275,34.715936,18.045479,-13.211059
5.834000,1.620956,19.756617,0.462269,29.874413,13.088431,-13.301321
5.836000,2.466890,15.132040,0.499146,25.488052,8.014776,-13.636181
5.838000,2.459495,11.315874,0.627154,22.582653,3.792014,-13.894298
5.840000,2.207250,7.960248,0.778739,20.292856,0.056035,-14.175846
5.844000,1.453097,2.308068,1.064095,16.734337,-6.279941,-14.870193
5.846000,1.283921,2.769232,1.085689,17.211678,-5.780699,-14.666874
5.846000,0.813561,0.860287,1.210680,16.139113,-7.946669,-14.865080
5.848000,0.473292,-0.210816,1.281872,15.501293,-9.173780,-14.921301
5.850000,0.108745,-1.401770,1.356125,14.790682,-10.539060,-15.067369
5.854000,-0.193829,-2.324925,1.407341,14.191969,-11.602929,-15.196020
5.856000,-0.453711,-3.104003,1.443964,13.646219,-12.503839,-15.334094
5.856000,-1.154705,-3.158758,1.506839,14.033474,-12.596420,-15.287741
5.858000,-1.352668,-3.573683,1.516137,13.680171,-13.081202,-15.400767
5.860000,-1.502746,-3.865138,1.512177,13.369187,-13.422644,-15.510485
5.862000,-1.550754,-4.140282,1.493389,12.981662,-13.739315,-15.648017
5.866000,-1.552124,-4.339752,1.464222,12.609045,-13.965988,-15.786799
5.868000,-1.511510,-4.478014,1.426196,12.247319,-14.119013,-15.927095
5.868000,-1.444610,-4.561466,1.381984,11.907744,-14.206381,-16.066016
5.870000,-1.355454,-4.596639,1.332539,11.590141,-14.235538,-16.202372
5.872000,-1.249640,-4.591010,1.279141,11.295196,-14.215230,-16.335473
5.874000,-1.132909,-4.556308,1.223383,11.020984,-14.159226,-16.466120
5.878000,-1.004936,-4.489442,1.165025,10.768935,-14.063827,-16.591774
5.878000,-0.879473,-4.395067,1.111507,10.571740,-13.936276,-16.711340
5.880000,-0.740725,-4.285334,1.051141,10.361452,-13.787668,-16.827640
5.882000,-1.167164,-3.770381,1.065743,11.030463,-13.194450,-16.807559
5.884000,-1.084720,-3.601691,1.013430,10.937596,-12.976849,-16.902180
5.888000,-1.006342,-3.430442,0.962809,10.861279,-12.755284,-16.993480
5.890000,-0.854810,-3.293331,0.903121,10.697448,-12.567980,-17.095959
5.890000,-0.697655,-3.161991,0.844112,10.534171,-12.387290,-17.196891
5.892000,-0.534942,-3.032826,0.785557,10.373443,-12.208170,-17.294882
5.894000,-0.377297,-2.901878,0.728907,10.228016,-12.026783,-17.387832
5.896000,-0.225885,-2.776770,0.674634,10.093113,-11.852151,-17.477304
5.900000,-0.083167,-2.643136,0.622349,9.980530,-11.667717,-17.559406
5.902000,0.049676,-2.500762,0.572178,9.891119,-11.473360,-17.633984
5.902000,0.174522,-2.365098,0.524473,9.811635,-11.287106,-17.704932
5.904000,0.290533,-2.230749,0.479060,9.746252,-11.102752,-17.770961
5.906000,-0.237389,-1.707297,0.528459,10.634252,-10.495967,-17.701044
5.908000,-0.196365,-1.547542,0.496555,10.676410,-10.285880,-17.746871
5.912000,-0.164136,-1.391327,0.466929,10.729970,-10.080453,-17.788724
5.914000,-0.052667,-1.291829,0.426961,10.665784,-9.937097,-17.845521
5.914000,0.062950,-1.203086,0.387387,10.593789,-9.806363,-17.901065
5.916000,0.183787,-1.125687,0.348020,10.512164,-9.688948,-17.955773
5.918000,0.298949,-1.053063,0.310354,10.436452,-9.577827,-18.007466
5.920000,0.407707,-0.989680,0.274480,10.364141,-9.477073,-18.056926
5.924000,0.893283,-0.690339,0.195468,10.251799,-9.067095,-18.198373
5.926000,0.607751,-0.873527,0.204618,10.231133,-9.290022,-18.144251
5.926000,0.699380,-0.819779,0.170405,10.170153,-9.202653,-18.182308
5.928000,0.723970,-0.800509,0.145765,10.138843,-9.159655,-18.213899
5.930000,0.797806,-0.753296,0.115993,10.097241,-9.082002,-18.247147
5.932000,-0.086543,-0.179294,0.231539,11.438141,-8.435962,-18.100995
5.936000,-0.098345,-0.097956,0.216954,11.519453,-8.323716,-18.119527
5.938000,-0.115374,-0.019892,0.203946,11.606925,-8.216089,-18.137480
5.938000,-0.002665,-0.014566,0.172254,11.508826,-8.187538,-18.179398
5.940000,0.123345,-0.020781,0.139388,11.390933,-8.172473,-18.223666
5.944000,0.822095,0.212152,0.047823,11.099678,-7.839386,-18.370935
5.946000,0.763821,0.241540,0.047134,11.211745,-7.797750,-18.403190
5.946000,0.464409,-0.063028,0.051648,11.071659,-8.160475,-18.353990
5.948000,0.500343,-0.121133,0.032457,10.991973,-8.212615,-18.391381
5.950000,0.554719,-0.185845,0.010745,10.888921,-8.271949,-18.429251
5.952000,0.669385,-0.215982,-0.016309,10.775961,-8.289046,-18.471854
5.956000,1.165191,0.113918,-0.066090,10.813657,-7.865585,-18.594650
5.958000,-0.280283,0.000724,0.122365,11.996955,-8.055297,-18.427232
5.958000,-0.241588,-0.013792,0.109500,11.985659,-8.058996,-18.463906
5.960000,-0.266893,-0.073407,0.102774,11.979767,-8.117907,-18.495942
5.962000,-0.055893,-0.115286,0.062286,11.768531,-8.146863,-18.547257
5.964000,0.173882,-0.159262,0.019146,11.537030,-8.177934,-18.600518
5.966000,0.519935,-0.198226,-0.041311,11.185505,-8.190599,-18.642394
5.968000,0.650034,-0.233517,-0.066380,11.077766,-8.225747,-18.708992
5.970000,0.894467,-0.273090,-0.109832,10.841194,-8.252686,-18.765132
5.974000,1.175179,-0.275503,-0.157207,10.659841,-8.218388,-18.828051
5.976000,1.388489,-0.317238,-0.196942,10.382928,-8.257701,-18.850643
5.976000,1.592667,-0.354822,-0.232535,10.192707,-8.284713,-18.904925
5.978000,1.726505,-0.440440,-0.255376,10.047850,-8.381435,-18.989421
5.982000,1.906656,-0.483034,-0.283659,9.954528,-8.409717,-19.080164
5.982000,-0.071612,-0.705643,0.048084,11.851094,-8.738058,-18.992706
5.984000,-0.026027,-0.827880,0.041859,11.783471,-8.880569,-19.085052
5.986000,0.067702,-0.892246,0.026695,11.696358,-8.943732,-19.141547
5.988000,0.586351,-0.896832,-0.058202,11.197907,-8.910501,-19.180901
5.990000,1.035040,-0.805700,-0.137177,10.851259,-8.780476,-19.221546
5.992000,1.556819,-0.834304,-0.221906,10.355533,-8.798579,-19.323303
5.994000,2.136505,-0.890198,-0.311521,9.772835,-8.834946,-19.410084
5.996000,2.580395,-0.769004,-0.388256,9.458263,-8.672066,-19.451155
5.998000,3.066024,-0.749343,-0.464480,9.031826,-8.624460,-19.518294
6.000000,3.490098,-0.453830,-0.545937,8.863320,-8.260384,-19.520275
6.002000,3.901141,-0.450333,-0.607533,8.508360,-8.234208,-19.589181
6.006000,4.117510,0.165982,-0.609699,9.106719,-7.510753,-19.662524
6.006000,1.261332,-8.325896,0.284465,6.083536,-17.411700,-21.354786
6.008000,3.180871,-6.957720,-0.085388,5.086761,-15.750790,-21.199828
6.010000,4.599279,-6.274914,-0.342257,4.113161,-14.900393,-21.159604
6.012000,5.903187,-3.825294,-0.681487,4.531642,-12.016498,-20.693948
6.016000,6.156262,-0.045993,-0.884478,7.298299,-7.619013,-19.985920
6.016000,1.015247,-3.672975,-10.929633,-6.490187,-14.768293,4.313515
6.018000,1.358378,-3.990829,-10.450161,-6.391433,-14.905985,4.385879
6.020000,1.771055,-4.351827,-10.003612,-6.419500,-15.174851,4.476558
6.022000,0.104581,-2.890437,-11.041773,-5.961946,-13.091613,3.949361
6.026000,-4.227578,0.975097,-14.001952,-4.896572,-7.870435,2.615883
6.026000,-3.935017,0.744465,-13.821653,-5.007101,-8.194429,2.709423
6.028000,-6.018456,2.636712,-15.312184,-4.543768,-5.721837,2.093039
6.030000,-7.577921,4.043191,-16.405768,-4.188033,-3.905252,1.653057
6.034000,-9.451980,6.065036,-18.500738,-4.843247,-1.060431,0.640585
6.034000,-9.140037,5.811845,-18.314720,-5.061264,-1.375380,0.700778
6.036000,-10.294671,6.836118,-19.164929,-4.881250,-0.060184,0.362380
6.038000,-11.156268,7.534649,-19.681772,-4.620248,0.799113,0.179211
6.040000,-12.104367,8.295341,-20.244211,-4.307391,1.729901,-0.016817
6.044000,-13.793621,9.535295,-21.026297,-3.483004,3.241441,-0.292113
6.044000,-13.560357,9.378533,-20.958856,-3.678603,3.037698,-0.263359
6.046000,-14.231269,9.872209,-21.295163,-3.387567,3.615006,-0.359462
6.048000,-14.628311,10.130055,-21.430390,-3.165233,3.909796,-0.398008
6.050000,-15.064866,10.412613,-21.571943,-2.901261,4.236612,-0.441094
6.054000,-15.878719,10.894507,-21.713911,-2.241190,4.799118,-0.489372
6.056000,-15.741466,10.811985,-21.710484,-2.409192,4.695335,-0.487816
6.058000,-16.036629,10.989822,-21.775019,-2.199185,4.896029,-0.505777
6.058000,-16.218045,11.079501,-21.775486,-2.036532,4.996013,-0.509581
6.060000,-16.414092,11.175139,-21.766289,-1.842013,5.106057,-0.513572
6.064000,-16.752702,11.305009,-21.633290,-1.346837,5.255293,-0.490383
6.066000,-16.717527,11.302511,-21.699154,-1.485978,5.257743,-0.513741
6.068000,-16.836655,11.345077,-21.652524,-1.325357,5.312047,-0.512416
6.068000,-16.921135,11.374142,-21.617714,-1.217565,5.351110,-0.514101
6.070000,-17.002586,11.395173,-21.562541,-1.085968,5.382731,-0.512714
6.074000,-17.041919,11.373051,-21.441660,-0.917790,5.368224,-0.499896
6.074000,-17.122475,11.412978,-21.442790,-0.856413,5.420983,-0.510923
6.076000,-17.164607,11.412053,-21.379633,-0.756339,5.430197,-0.510782
6.078000,-17.199779,11.410820,-21.325175,-0.674761,5.439650,-0.513321
6.080000,-17.224398,11.401794,-21.262819,-0.594080,5.440728,-0.514785
6.084000,-17.091608,11.248744,-21.030509,-0.500739,5.252385,-0.475416
6.086000,-17.243819,11.385791,-21.202682,-0.558205,5.446807,-0.536655
6.086000,-17.246811,11.367704,-21.148179,-0.512199,5.438878,-0.542269
6.088000,-17.269403,11.370532,-21.120849,-0.476281,5.457655,-0.554863
6.090000,-17.262970,11.345807,-21.059937,-0.431168,5.442622,-0.559992
6.092000,-17.252639,11.323053,-21.013229,-0.410376,5.430007,-0.569205
6.096000,-17.235408,11.287959,-20.935603,-0.353651,5.403048,-0.571286
6.098000,-17.215047,11.255226,-20.872179,-0.320411,5.378869,-0.577362
6.100000,-17.191991,11.221018,-20.807992,-0.288814,5.352987,-0.583671
6.100000,-17.166417,11.190790,-20.763658,-0.288264,5.331817,-0.595405
6.102000,-17.143093,11.155626,-20.692035,-0.244501,5.304292,-0.599950
6.104000,-17.117233,11.122080,-20.635916,-0.226839,5.281909,-0.611563
6.108000,-16.674346,10.753069,-20.349716,-0.429994,4.837596,-0.571046
6.110000,-17.026586,11.057962,-20.642875,-0.415666,5.245048,-0.671455
6.110000,-16.998800,11.029171,-20.605058,-0.424868,5.227245,-0.687770
6.112000,-17.029081,11.048736,-20.603652,-0.408828,5.269031,-0.711678
6.114000,-17.009188,11.023015,-20.556544,-0.389663,5.253808,-0.723460
6.118000,-16.541658,10.611383,-20.127316,-0.405712,4.733734,-0.632831
6.120000,-16.961333,10.965934,-20.454706,-0.348752,5.214032,-0.744575
6.122000,-16.932076,10.934006,-20.401370,-0.331062,5.188880,-0.754498
6.122000,-16.966727,10.958769,-20.405938,-0.312463,5.235360,-0.778326
6.124000,-16.938883,10.930253,-20.358063,-0.299842,5.212551,-0.789028
6.126000,-16.911118,10.902797,-20.312255,-0.289600,5.190301,-0.800122
6.130000,-16.338833,10.420045,-19.847158,-0.386224,4.563908,-0.696290
6.132000,-16.835902,10.833118,-20.208207,-0.276057,5.125224,-0.819541
6.132000,-16.641738,10.731614,-20.327575,-0.730993,5.036787,-0.898655
6.134000,-16.672083,10.763071,-20.356409,-0.750595,5.089780,-0.929444
6.136000,-16.629938,10.734508,-20.329317,-0.783715,5.063749,-0.945980
6.138000,-16.602130,10.709411,-20.274379,-0.756600,5.040101,-0.953561
6.140000,-16.574673,10.684244,-20.213661,-0.719895,5.014321,-0.958548
6.142000,-16.544772,10.655600,-20.146261,-0.677061,4.984626,-0.962465
6.146000,-15.912495,10.125233,-19.605581,-0.734424,4.280181,-0.830343
6.148000,-16.485596,10.598445,-20.010618,-0.588585,4.925228,-0.970842
6.148000,-16.456778,10.570963,-19.945134,-0.546503,4.896489,-0.975757
6.150000,-16.513043,10.615786,-19.949753,-0.494828,4.961322,-0.998070
6.152000,-16.488985,10.594172,-19.892885,-0.458696,4.937733,-1.004173
6.156000,-15.803293,10.051100,-19.365645,-0.589011,4.190199,-0.868640
6.158000,-15.973205,10.325856,-20.053465,-1.394525,4.692085,-1.155437
6.158000,-15.973205,10.325856,-20.053465,-1.394525,4.692085,-1.155437
6.160000,-15.942922,10.330520,-20.038473,-1.433399,4.713297,-1.197162
6.164000,-15.953458,10.334307,-19.965421,-1.322407,4.712953,-1.191974
6.166000,-15.983188,10.351014,-19.893396,-1.186340,4.723517,-1.182021
6.166000,-16.000060,10.351640,-19.801454,-1.041875,4.717693,-1.171007
6.168000,-16.015342,10.349259,-19.707842,-0.898674,4.708332,-1.160073
6.172000,-15.365325,9.803774,-19.116290,-0.895085,3.955866,-0.989417
6.174000,-16.032010,10.334388,-19.531551,-0.649241,4.676720,-1.141455
6.174000,-16.032823,10.318076,-19.436937,-0.527549,4.650272,-1.131903
6.176000,-16.117244,10.369582,-19.409105,-0.396143,4.713799,-1.140759
6.178000,-16.018927,10.332869,-19.415864,-0.538857,4.678016,-1.169915
6.182000,-15.405498,9.779386,-18.748093,-0.380591,3.875988,-0.959838
6.184000,-14.688049,9.756906,-19.805805,-2.755559,4.176744,-1.470201
6.186000,-14.771077,9.805902,-19.722314,-2.535472,4.212870,-1.447536
6.188000,-14.637145,9.809875,-19.843675,-2.863334,4.243488,-1.514790
6.188000,-15.045109,9.920761,-19.488107,-1.878762,4.304791,-1.383315
6.190000,-15.285244,10.001598,-19.295038,-1.323349,4.362519,-1.317927
6.194000,-15.517658,10.039084,-19.032838,-0.693915,4.370624,-1.238208
6.196000,-15.822687,10.136541,-18.833226,-0.064583,4.437161,-1.164639
6.198000,-15.719194,10.169845,-18.959575,-0.357363,4.494355,-1.225643
6.198000,-16.188627,10.095835,-18.289642,1.052375,4.303092,-1.003296
6.200000,-16.425860,9.972206,-17.797846,1.940410,4.085689,-0.852358
6.204000,-15.755232,9.266608,-17.036220,2.093896,3.091410,-0.602199
6.206000,-16.011825,9.087301,-16.496768,3.034944,2.785026,-0.422154
6.208000,-9.554979,28.315265,1.896290,49.258026,23.377893,-17.273487
6.210000,-8.748256,30.398969,1.703408,49.753675,25.724041,-14.456611
6.210000,-8.201112,32.542388,1.537835,50.575010,28.172100,-11.915965
6.212000,-6.495335,30.413517,1.279099,46.606485,25.814677,-10.862864
6.216000,-5.184868,27.239348,1.139516,42.439569,22.222609,-10.434122
6.218000,-4.200810,23.690889,1.072812,38.407590,18.254167,-10.253745
6.220000,-3.627461,19.758932,1.111536,34.717835,13.798348,-10.460043
6.220000,-3.398599,15.688607,1.213723,31.386936,9.139277,-10.917877
6.222000,-3.273656,12.437299,1.296291,28.720385,5.468982,-11.187911
6.224000,-3.360967,9.303409,1.440389,26.501852,1.879105,-11.627657
6.228000,-3.505414,6.662114,1.576865,24.696980,-1.154215,-12.024928
6.230000,-3.750928,4.133796,1.723606,22.981549,-4.104572,-12.460256
6.232000,-3.905940,2.298170,1.832508,21.855056,-6.220138,-12.842395
6.234000,1.502624,-3.493966,1.326555,12.210127,-12.850445,-14.794603
6.234000,1.993393,-4.740121,1.295190,10.616127,-14.272489,-15.052849
6.238000,2.487698,-6.265729,1.268508,8.833906,-16.066567,-15.510451
6.240000,2.342051,-6.647181,1.266338,8.382361,-16.536162,-15.552938
6.240000,2.129732,-6.570434,1.247661,8.282234,-16.453090,-15.449867
6.242000,1.863838,-6.508838,1.231230,8.230936,-16.406542,-15.409157
6.246000,1.573231,-6.451127,1.154226,7.844831,-16.374232,-15.438943
6.248000,1.434526,-6.524957,1.123044,7.635451,-16.490448,-15.566195
6.250000,1.271266,-6.341756,1.144111,7.950609,-16.277247,-15.507961
6.250000,1.155095,-6.225100,1.110815,7.890814,-16.145958,-15.563926
6.252000,1.000459,-5.811555,1.073623,8.087490,-15.641274,-15.505159
6.256000,1.010543,-5.533735,0.962887,7.788976,-15.297636,-15.672279
6.258000,0.632853,-5.050501,0.954770,8.336514,-14.754022,-15.484342
6.260000,0.480564,-4.948940,0.968744,8.516156,-14.602474,-15.592162
6.260000,0.438965,-4.787336,0.928613,8.496719,-14.397375,-15.679306
6.262000,0.443863,-4.677029,0.885737,8.409574,-14.248050,-15.793705
6.264000,0.489008,-4.551873,0.832397,8.286157,-14.078292,-15.900956
6.268000,0.768616,-4.270045,0.713433,7.965854,-13.690361,-16.137787
6.270000,0.632224,-4.288301,0.721047,8.033382,-13.715856,-16.109681
6.270000,0.719029,-4.142594,0.664948,7.921536,-13.516381,-16.207107
6.272000,0.782099,-4.009723,0.618493,7.851154,-13.333021,-16.300428
6.274000,0.873428,-3.852325,0.565012,7.769771,-13.117316,-16.387548
6.276000,0.963570,-3.691674,0.513360,7.703991,-12.896826,-16.469870
6.280000,1.055399,-3.525921,0.462415,7.649636,-12.669319,-16.546440
6.282000,1.143339,-3.359396,0.413613,7.610224,-12.440367,-16.618316
6.282000,0.828737,-2.842841,0.420510,8.259124,-11.800961,-16.560675
6.284000,0.870144,-2.646752,0.381534,8.309218,-11.536763,-16.612717
6.288000,1.111085,-2.136578,0.309556,8.486129,-10.860883,-16.733960
6.290000,1.173061,-1.996102,0.273115,8.462793,-10.696672,-16.705277
6.290000,1.056744,-2.177543,0.266768,8.355509,-10.884187,-16.781946
6.292000,1.100858,-2.101783,0.235797,8.337120,-10.764375,-16.844399
6.294000,1.137106,-2.037703,0.207220,8.323966,-10.657261,-16.907091
6.296000,1.198498,-1.929790,0.175073,8.329075,-10.497486,-16.957211
6.300000,1.417247,-1.439436,0.127043,8.568552,-9.876852,-16.976456
6.302000,1.315727,-1.698445,0.113847,8.372566,-10.160572,-17.041317
6.304000,1.371564,-1.581006,0.082712,8.399910,-9.990697,-17.075409
6.304000,1.393597,-1.522594,0.056238,8.406886,-9.892856,-17.114599
6.306000,1.013986,-1.004838,0.085738,9.192433,-9.254390,-17.003386
6.308000,0.959406,-0.842471,0.073207,9.377173,-9.035176,-17.007454
6.312000,1.167685,-0.331607,0.039864,9.760636,-8.365644,-17.060193
6.314000,1.040828,-0.645410,0.023168,9.466500,-8.746979,-17.059088
6.316000,1.085948,-0.581671,0.000003,9.485693,-8.645603,-17.091987
6.316000,1.095509,-0.580774,-0.018305,9.477484,-8.622344,-17.129438
6.318000,1.130326,-0.533363,-0.037633,9.500952,-8.542738,-17.159778
6.320000,1.159104,-0.489907,-0.055236,9.530183,-8.468657,-17.188879
6.324000,1.334092,-0.023254,-0.065979,9.975716,-7.862740,-17.236959
6.326000,1.211828,-0.396216,-0.087440,9.609565,-8.314283,-17.241319
6.328000,1.231238,-0.352477,-0.101661,9.656886,-8.241868,-17.265909
6.328000,1.218524,-0.366302,-0.113546,9.670341,-8.240726,-17.293563
6.330000,1.228034,-0.330827,-0.125137,9.724158,-8.179657,-17.316483
6.332000,0.920343,0.039050,-0.095121,10.358537,-7.726533,-17.228976
6.336000,0.969366,0.098124,-0.110914,10.470004,-7.620890,-17.281004
6.338000,0.973977,0.176610,-0.121043,10.564383,-7.504760,-17.280620
6.340000,0.991054,0.177713,-0.133676,10.513729,-7.502131,-17.277702
6.340000,1.005679,0.178638,-0.143180,10.539464,-7.485405,-17.306436
6.342000,0.968489,0.138831,-0.143389,10.594003,-7.526478,-17.356242
6.344000,0.989838,0.118348,-0.152730,10.601486,-7.536061,-17.392536
6.348000,1.152827,0.577644,-0.147098,11.107692,-6.955256,-17.439108
6.350000,1.135839,0.561023,-0.148778,11.163401,-6.962322,-17.470749
6.352000,1.108432,0.079756,-0.188451,10.592209,-7.537773,-17.497156
6.352000,1.074933,-0.013255,-0.190790,10.578638,-7.637100,-17.537222
6.354000,1.108176,-0.061852,-0.205839,10.527843,-7.682178,-17.569999
6.358000,1.358016,0.565981,-0.217038,11.081730,-6.903345,-17.578799
6.360000,1.380870,0.582830,-0.223573,11.132026,-6.871236,-17.606013
6.360000,1.352906,0.050282,-0.260238,10.524686,-7.506087,-17.644512
6.362000,1.333285,-0.027550,-0.262282,10.519335,-7.588267,-17.684359
6.364000,1.319709,-0.175871,-0.261712,10.457524,-7.754669,-17.742349
6.368000,1.301530,0.411833,-0.220884,11.273787,-7.023422,-17.720451
6.370000,1.310240,-0.160803,-0.257394,10.679004,-7.695343,-17.798677
6.372000,1.307214,-0.166440,-0.257734,10.678219,-7.699282,-17.806850
6.372000,1.323116,-0.313394,-0.261388,10.606551,-7.876158,-17.898397
6.374000,1.323116,-0.313394,-0.261388,10.606551,-7.876158,-17.898397
6.374000,1.351877,-0.401579,-0.260823,10.672616,-7.973554,-18.022105
6.378000,1.340062,-0.339355,-0.258935,10.798892,-7.877703,-18.013333
6.382000,1.440359,-0.342899,-0.267440,10.839080,-7.848515,-18.053357
6.382000,1.385250,0.310583,-0.230758,11.606123,-7.072845,-17.981079
6.384000,6.036645,-2.299478,-0.871649,4.751660,-10.074745,-19.002437
6.386000,5.593655,-1.999149,-0.809309,5.498963,-9.705034,-18.896148
6.390000,4.098871,-1.083280,-0.562611,8.101914,-8.629020,-18.703170
6.392000,3.525724,-1.583525,-0.505223,8.133295,-9.230893,-18.705628
6.394000,2.338358,-1.180457,-0.340652,9.770790,-8.761670,-18.553058
6.394000,1.499419,-0.940103,-0.232055,10.902960,-8.494736,-18.494722
6.396000,0.751943,-0.516401,-0.140781,12.084330,-7.993223,-18.366964
6.398000,0.233585,-0.116946,-0.085136,13.000224,-7.517109,-18.261314
6.402000,1.951882,-5.015758,-9.334742,-5.285163,-17.196462,5.112762
6.404000,2.480641,-5.474520,-8.524209,-5.148799,-17.664655,5.255921
6.404000,2.963506,-5.922340,-7.967206,-5.047704,-18.103666,5.391760
6.406000,2.149759,-4.484818,-9.657049,-6.340843,-15.865135,4.566566
6.408000,0.222700,-2.639317,-11.177016,-6.142161,-13.251813,3.856993
6.410000,-1.996074,-0.495354,-12.997909,-5.942341,-10.280910,3.056773
6.414000,-6.692659,3.806446,-16.528621,-5.084736,-4.445579,1.574122
6.416000,-6.298622,3.469911,-16.224244,-5.262559,-4.874460,1.669673
6.418000,-8.170693,5.189379,-17.675490,-4.890775,-2.603522,1.107718
6.418000,-9.500907,6.315362,-18.558458,-4.552345,-1.127631,0.762996
6.420000,-10.874007,7.477927,-19.482316,-4.213510,0.402330,0.403782
6.422000,-12.009128,8.398252,-20.194229,-3.897263,1.608051,0.131777
6.426000,-14.030150,9.925824,-21.311447,-3.183209,3.607805,-0.290487
6.428000,-13.797564,9.726983,-21.139678,-3.329610,3.335081,-0.239030
6.430000,-14.421647,10.176440,-21.469315,-3.042031,3.925558,-0.351765
6.430000,-14.885067,10.454047,-21.628105,-2.804132,4.275103,-0.402690
6.432000,-15.307890,10.666279,-21.694974,-2.502881,4.554863,-0.440585
6.436000,-16.179283,11.135622,-21.876662,-1.911550,5.158673,-0.513490
6.438000,-16.391319,11.196098,-21.824144,-1.694200,5.241631,-0.512539
6.440000,-16.227922,11.073883,-21.745578,-1.791087,5.090624,-0.494292
6.440000,-16.397527,11.119048,-21.704017,-1.620977,5.155035,-0.492503
6.442000,-16.575484,11.184051,-21.698987,-1.476064,5.245215,-0.497193
6.444000,-16.739256,11.227783,-21.655777,-1.301764,5.311947,-0.497203
6.448000,-17.045328,11.300005,-21.521077,-0.898163,5.416617,-0.479290
6.450000,-17.020741,11.273994,-21.501776,-0.958942,5.380180,-0.487422
6.450000,-17.091299,11.268130,-21.444222,-0.813599,5.407848,-0.485276
6.452000,-17.180346,11.289353,-21.424115,-0.732992,5.451276,-0.492474
6.454000,-17.252716,11.287719,-21.360955,-0.616600,5.467760,-0.491580
6.456000,-17.218854,11.157645,-21.131481,-0.416715,5.334693,-0.460565
6.460000,-17.227518,11.065164,-20.916256,-0.209589,5.226141,-0.420953
6.462000,-17.272452,11.092263,-20.952888,-0.215769,5.293133,-0.452475
6.462000,-17.301752,11.073632,-20.886341,-0.135938,5.288012,-0.452900
6.464000,-17.332588,11.070395,-20.854961,-0.096057,5.304130,-0.463058
6.466000,-17.352676,11.056664,-20.808149,-0.048091,5.304747,-0.468410
6.470000,-17.238934,10.930976,-20.632889,-0.009379,5.135094,-0.430550
6.472000,-17.377946,11.024150,-20.714982,0.035365,5.297862,-0.479232
6.472000,-17.381359,11.004964,-20.671766,0.063712,5.290497,-0.485987
6.474000,-17.401401,11.002253,-20.648811,0.087594,5.306990,-0.499606
6.476000,-17.397321,10.981660,-20.610110,0.103598,5.297393,-0.507929
6.480000,-17.388227,10.958767,-20.571878,0.113876,5.284825,-0.516898
6.480000,-17.376892,10.936114,-20.535232,0.120724,5.271211,-0.525803
6.482000,-17.163840,10.715739,-20.311465,0.115125,5.036685,-0.514837
6.484000,-17.124144,10.668985,-20.255199,0.113600,4.995134,-0.522512
6.486000,-17.080904,10.620483,-20.199018,0.108320,4.951285,-0.530721
6.490000,-17.069829,10.605688,-20.177572,0.099859,4.944736,-0.543379
6.490000,-17.072766,10.601910,-20.158753,0.107592,4.948712,-0.554442
6.492000,-17.060782,10.591068,-20.151670,0.080003,4.948999,-0.573267
6.496000,-17.055836,10.583883,-20.140284,0.068261,4.953304,-0.590588
6.498000,-17.063464,10.585800,-20.128577,0.074622,4.965878,-0.605706
6.500000,-17.059665,10.581704,-20.120592,0.061302,4.972127,-0.623227
6.500000,-17.042254,10.570829,-20.118502,0.022381,4.971469,-0.643999
6.502000,-17.030357,10.562587,-20.110170,0.000323,4.971331,-0.661628
6.506000,-17.061673,10.587596,-20.106170,0.029879,5.005784,-0.674159
6.508000,-16.682310,10.233571,-19.804945,-0.078259,4.619499,-0.667073
6.508000,-16.638264,10.196517,-19.768710,-0.102602,4.584055,-0.680704
6.510000,-16.587380,10.155216,-19.731910,-0.134620,4.543350,-0.694811
6.512000,-16.591741,10.167880,-19.744025,-0.159041,4.562080,-0.713306
6.516000,-16.606293,10.191529,-19.766712,-0.183797,4.592302,-0.732758
6.518000,-16.633146,10.228001,-19.801179,-0.207745,4.636062,-0.753206
6.518000,-16.681805,10.278432,-19.830887,-0.195524,4.692017,-0.768672
6.520000,-16.677552,10.294291,-19.862916,-0.256836,4.713921,-0.792817
6.522000,-16.693629,10.322768,-19.889074,-0.282512,4.746695,-0.811990
6.526000,-16.696802,10.340581,-19.907277,-0.314096,4.767288,-0.830787
6.528000,-16.708862,10.366757,-19.930431,-0.340293,4.796404,-0.849458
6.530000,-16.712297,10.385371,-19.946280,-0.367599,4.816665,-0.867327
6.530000,-16.713624,10.402596,-19.960161,-0.394661,4.834964,-0.884870
6.532000,-16.054463,9.792992,-19.430024,-0.551164,4.160345,-0.852261
6.536000,-15.990621,9.748000,-19.385562,-0.583475,4.108912,-0.862835
6.536000,-15.991631,9.751929,-19.357449,-0.552265,4.107328,-0.868054
6.538000,-15.991908,9.784696,-19.411167,-0.632197,4.146413,-0.894928
6.542000,-16.119804,9.909875,-19.489432,-0.577592,4.278442,-0.909506
6.544000,-16.131638,9.960326,-19.566383,-0.672789,4.337056,-0.940284
6.544000,-16.208349,10.055148,-19.647747,-0.688685,4.439048,-0.962725
6.546000,-16.269298,10.137885,-19.721321,-0.714402,4.527432,-0.985181
6.548000,-16.330770,10.219534,-19.788615,-0.730662,4.613704,-1.005866
6.550000,-16.382603,10.292701,-19.847250,-0.747578,4.690176,-1.025574
6.554000,-16.412634,10.345421,-19.886225,-0.766100,4.743718,-1.043010
6.556000,-16.462282,10.417963,-19.941794,-0.781219,4.818857,-1.062238
6.556000,-14.610660,8.748586,-18.590705,-1.364483,2.995598,-0.959156
6.558000,-14.693241,8.812920,-18.574469,-1.240133,3.052432,-0.952571
6.560000,-14.500186,8.695417,-18.518083,-1.413674,2.928065,-0.971562
6.564000,-14.947862,9.092535,-18.775259,-1.184500,3.350391,-0.988482
6.566000,-15.251612,9.405017,-19.033824,-1.140586,3.689919,-1.024867
6.566000,-15.617020,9.771770,-19.332147,-1.070856,4.087749,-1.064334
6.568000,-15.938673,10.104314,-19.608157,-1.027783,4.447134,-1.104054
6.570000,-16.235493,10.414445,-19.862957,-0.988527,4.780588,-1.141974
6.574000,-16.447311,10.646535,-20.050276,-0.968253,5.027539,-1.173169
6.574000,-16.725978,10.942288,-20.288215,-0.930039,5.342578,-1.210304
6.576000,-16.917369,11.158334,-20.457488,-0.911683,5.569925,-1.240492
6.578000,-17.087245,11.356608,-20.610601,-0.898829,5.777414,-1.269504
6.580000,-17.141714,11.447937,-20.670813,-0.908965,5.867862,-1.288063
6.584000,-8.780929,4.078719,-14.935376,-3.859704,-2.061106,-0.743111
6.586000,-11.316041,6.348007,-16.648474,-2.923475,0.367997,-0.905398
6.586000,-13.072000,7.934682,-17.840240,-2.283038,2.062701,-1.025040
6.588000,-6.300275,29.015290,1.435932,46.398304,24.222570,-17.630787
6.590000,-6.714079,30.202516,1.452883,47.377794,25.768906,-16.511775
6.592000,-6.025520,32.318639,1.269382,47.998368,28.124270,-13.898689
6.596000,-4.831337,29.997729,1.079532,44.377285,25.418844,-12.209619
6.598000,-3.567819,26.921863,0.932882,40.318183,22.010133,-12.228964
6.598000,-2.693761,23.229869,0.877039,36.312391,17.829096,-12.042606
6.600000,-2.099547,19.628351,0.883720,32.801114,13.774290,-12.045540
6.602000,-1.781068,15.969985,0.955290,29.683224,9.615173,-12.288288
6.606000,-1.271924,8.408210,1.136253,23.517495,0.948823,-13.313926
6.608000,2.691321,5.153654,0.772114,17.319314,-2.772000,-14.415762
6.610000,3.027721,2.178852,0.843102,14.890315,-6.159252,-15.058309
6.610000,3.390062,0.575607,0.848587,13.237319,-7.985787,-15.201852
6.612000,3.122897,-0.906792,0.924193,12.263667,-9.718291,-15.358327
6.616000,2.376483,-3.391026,1.054263,10.721389,-12.678152,-15.685613
6.618000,2.393464,-2.937516,1.046237,11.081306,-12.146661,-15.585303
6.618000,2.083798,-3.277749,1.064794,10.849242,-12.553493,-15.531173
6.620000,1.839961,-3.464619,1.071300,10.700528,-12.795697,-15.518564
6.622000,1.563679,-3.726765,1.078959,10.511329,-13.125016,-15.557555
6.624000,1.328238,-3.898960,1.076105,10.351967,-13.346341,-15.607497
6.628000,0.878841,-4.530659,1.077920,9.879646,-14.138624,-15.748703
6.630000,0.917948,-4.249930,1.063009,9.998798,-13.789328,-15.788252
6.632000,0.768566,-4.348511,1.045949,9.837886,-13.915067,-15.888779
6.632000,0.526693,-3.876992,1.024125,10.210558,-13.364161,-15.841099
6.634000,0.435251,-3.843645,0.995150,10.112215,-13.326173,-15.933087
6.638000,0.324079,-4.192834,0.952223,9.619720,-13.747183,-16.295649
6.640000,0.322625,-4.143597,0.914545,9.489149,-13.679592,-16.408948
6.640000,0.369212,-3.956718,0.891915,9.547895,-13.455191,-16.351559
6.642000,0.382538,-3.687492,0.848230,9.573673,-13.110724,-16.370339
6.644000,0.428528,-3.537566,0.804007,9.502252,-12.917223,-16.453132
6.646000,0.481057,-3.476177,0.759983,9.355522,-12.826494,-16.561804
6.650000,0.572941,-3.546245,0.699180,9.035392,-12.882113,-16.874491
6.652000,0.632429,-3.462396,0.669323,8.970769,-12.779646,-16.832792
6.652000,0.641181,-3.200330,0.627696,9.031900,-12.435028,-16.849967
6.654000,0.707193,-3.078938,0.585089,8.959798,-12.266457,-16.925148
6.656000,0.680543,-2.515536,0.538314,9.304359,-11.568857,-16.873511
6.660000,0.798469,-2.396865,0.487101,9.219988,-11.382155,-17.101121
6.662000,0.862358,-2.362983,0.449304,9.079927,-11.339431,-17.060401
6.664000,0.859101,-2.137901,0.417678,9.174931,-11.034914,-17.070738
6.664000,0.913029,-2.054378,0.382829,9.122381,-10.906917,-17.132557
6.666000,0.959021,-1.967262,0.350051,9.087837,-10.773241,-17.191802
6.668000,1.007381,-1.899670,0.318495,9.042918,-10.662911,-17.252297
6.672000,1.121408,-1.953811,0.280972,8.852708,-10.702617,-17.360358
6.674000,1.158774,-1.872924,0.252464,8.839668,-10.576188,-17.403864
6.674000,1.153758,-1.727783,0.229607,8.916455,-10.368603,-17.408636
6.676000,1.181215,-1.638760,0.203850,8.929066,-10.232700,-17.439419
6.678000,1.203299,-1.550409,0.179628,8.950915,-10.097726,-17.465695
6.682000,1.297239,-1.564241,0.149379,8.878459,-10.056056,-17.577920
6.684000,1.338487,-0.832225,0.096047,9.313748,-9.177989,-17.383612
6.684000,1.312793,-0.617842,0.073636,9.477092,-8.888771,-17.350664
6.686000,1.346985,-0.506947,0.045446,9.507769,-8.727006,-17.352864
6.688000,1.318894,-0.442093,0.030444,9.574605,-8.620961,-17.363914
6.692000,1.314294,-0.447822,0.014996,9.569130,-8.599729,-17.393175
6.694000,1.338118,-0.546207,-0.000394,9.473059,-8.690339,-17.449954
6.694000,1.254068,-0.475970,-0.003618,9.610019,-8.580057,-17.444559
6.696000,1.237920,-0.527894,-0.012640,9.592948,-8.616125,-17.477241
6.698000,1.198922,-0.533087,-0.018847,9.637007,-8.597059,-17.493085
6.702000,1.178531,-0.559558,-0.026812,9.649021,-8.603602,-17.514386
6.704000,1.128981,-0.555086,-0.030364,9.716860,-8.574188,-17.523402
6.706000,1.092402,-0.560824,-0.035297,9.766043,-8.557160,-17.534673
6.706000,1.470144,0.079087,-0.137483,9.856046,-7.752341,-17.410603
6.708000,1.472295,0.138020,-0.151029,9.915580,-7.657325,-17.406638
6.710000,1.487069,0.182296,-0.166248,9.951035,-7.579997,-17.406457
6.714000,1.414010,0.127759,-0.161693,10.008540,-7.624279,-17.427756
6.716000,1.309929,0.071792,-0.151360,10.098964,-7.671594,-17.445906
6.716000,1.207893,-0.013679,-0.140184,10.165574,-7.754781,-17.470853
6.720000,1.112549,-0.121552,-0.127586,10.209087,-7.860592,-17.491124
6.722000,1.011906,-0.180324,-0.118128,10.299361,-7.917200,-17.516673
6.722000,0.922702,-0.256062,-0.108234,10.365864,-7.989733,-17.537033
6.726000,0.866551,-0.340245,-0.103308,10.393778,-8.072206,-17.562048
6.726000,0.761268,-0.383996,-0.091116,10.504802,-8.107510,-17.572143
6.728000,0.687788,-0.441333,-0.083315,10.575066,-8.158687,-17.588498
6.732000,0.647219,-0.515213,-0.079871,10.601472,-8.229214,-17.612241
6.732000,2.012853,0.389178,-0.358325,9.855646,-7.085724,-17.486900
6.734000,2.044113,0.418477,-0.370937,9.882202,-7.030873,-17.488865
6.738000,2.043898,0.442383,-0.376003,9.934704,-6.975850,-17.472344
6.738000,1.844122,0.287152,-0.341504,10.077879,-7.157591,-17.530485
6.740000,1.600218,0.104839,-0.297358,10.244291,-7.364749,-17.573193
6.744000,1.381775,-0.137317,-0.254357,10.343629,-7.643917,-17.634684
6.744000,1.094522,-0.266185,-0.203981,10.599143,-7.789535,-17.657826
6.746000,0.942448,-0.423493,-0.173330,10.688134,-7.955821,-17.677252
6.748000,0.709053,-0.588150,-0.129848,10.868178,-8.142468,-17.713499
6.752000,0.558289,-0.791289,-0.097398,10.938173,-8.373627,-17.767455
6.752000,0.407640,-0.906543,-0.070335,11.080560,-8.510983,-17.822972
6.754000,0.208773,-1.044300,-0.032568,11.253979,-8.666105,-17.858773
6.758000,5.790679,0.281518,-0.943194,6.661281,-6.884970,-18.018874
6.760000,5.663799,-0.359658,-0.952246,6.099726,-7.656100,-18.092130
6.762000,5.382831,-0.417760,-0.900596,6.419875,-7.717751,-18.099748
6.762000,4.268318,-0.882627,-0.702091,7.318616,-8.298061,-18.189128
6.764000,2.900723,-1.257229,-0.459631,8.576061,-8.763830,-18.213337
6.768000,1.492566,-1.733976,-0.203796,9.802602,-9.341104,-18.233900
6.770000,-1.310309,-1.754686,0.238654,12.836021,-9.429494,-18.072379
6.770000,-2.042425,-3.243957,0.450269,12.713519,-11.221636,-18.471803
6.772000,-4.940667,-3.647423,0.930184,15.607640,-11.763845,-18.389362
6.774000,-4.940667,-3.647423,0.930184,15.607640,-11.763845,-18.389362
6.776000,-5.365741,-3.994063,1.022200,16.050164,-12.160050,-18.502138
6.778000,-5.162731,-3.269970,0.944132,16.423855,-11.269786,-18.321842
6.782000,-4.205792,-2.843587,0.771367,15.809942,-10.718061,-18.292909
6.784000,20.770415,-6.299902,-2.756916,-12.722471,-14.243497,-21.270350
6.784000,3.446849,-7.321440,-5.475543,-3.020493,-20.398925,5.953100
6.786000,4.052718,-7.987223,-4.659132,-2.843780,-21.047426,6.142788
6.790000,4.485075,-8.564193,-3.936431,-2.377381,-21.800624,6.371824
6.792000,2.591658,-6.774406,-5.460223,-2.181753,-19.307179,5.716726
6.792000,0.362440,-4.601205,-7.348060,-1.988246,-16.338196,4.941486
6.794000,-2.192316,-2.038079,-9.623423,-1.842968,-12.870033,4.040246
6.796000,-4.679262,0.488762,-11.873600,-1.719139,-9.465868,3.161685
6.800000,-9.469949,5.428045,-16.364756,-1.643336,-2.851152,1.476228
6.802000,-9.089357,4.957654,-15.838275,-1.460359,-3.477197,1.649491
6.802000,-10.862806,6.725846,-17.400307,-1.335354,-1.116062,1.070554
6.804000,-11.908464,7.703506,-18.225404,-1.199469,0.188233,0.770364
6.806000,-12.271122,9.367525,-20.862123,-3.960485,2.484426,-0.096407
6.810000,-13.114506,10.223464,-21.721392,-4.123306,3.627617,-0.385986
6.810000,-13.821187,10.926715,-22.446648,-4.291795,4.567721,-0.625193
6.812000,-14.395714,11.299426,-22.728492,-4.115212,5.054505,-0.715632
6.814000,-14.847193,11.522570,-22.849305,-3.890732,5.343563,-0.754957
6.818000,-15.189693,11.617485,-22.828286,-3.622299,5.467000,-0.752253
6.818000,-15.464398,11.646906,-22.734732,-3.338227,5.508893,-0.730857
6.820000,-15.683766,11.633888,-22.598870,-3.058666,5.501323,-0.701176
6.822000,-15.867177,11.600425,-22.443292,-2.787022,5.472404,-0.669804
6.826000,-16.022364,11.557006,-22.281853,-2.531063,5.435504,-0.640522
6.826000,-16.151466,11.521160,-22.141372,-2.312825,5.410057,-0.618173
6.828000,-16.271614,11.475680,-21.985467,-2.084783,5.376850,-0.595355
6.830000,-16.378817,11.432520,-21.837028,-1.872403,5.348322,-0.576196
6.832000,-16.301697,11.134089,-21.344353,-1.447503,5.027934,-0.491175
6.834000,-16.362040,11.064114,-21.167546,-1.237735,4.971369,-0.470068
6.836000,-16.410629,10.996001,-20.999567,-1.045718,4.917711,-0.451971
6.840000,-16.480431,10.974211,-20.897601,-0.901867,4.918286,-0.447920
6.840000,-16.548788,10.961599,-20.811117,-0.772749,4.928897,-0.446703
6.842000,-16.613924,10.957434,-20.742434,-0.664441,4.948694,-0.449132
6.844000,-16.689598,10.974543,-20.697861,-0.570099,4.990236,-0.455438
6.846000,-16.717712,10.953738,-20.634594,-0.499967,4.987488,-0.457249
6.848000,-16.759618,10.948746,-20.583106,-0.429041,5.002837,-0.462446
6.852000,-16.815252,10.963523,-20.550155,-0.362159,5.038198,-0.469938
6.852000,-16.807928,10.923829,-20.484440,-0.324257,5.011267,-0.472705
6.854000,-16.837050,10.920109,-20.445802,-0.276322,5.024491,-0.479757
6.858000,-16.617469,10.614502,-20.022292,-0.037364,4.693215,-0.420038
6.858000,-16.590872,10.562007,-19.938122,0.007631,4.647898,-0.419544
6.860000,-16.578898,10.523030,-19.864603,0.057367,4.618380,-0.421313
6.864000,-16.595103,10.524044,-19.847978,0.072077,4.634839,-0.434137
6.864000,-16.619035,10.535281,-19.843949,0.082149,4.661877,-0.448657
6.866000,-16.645387,10.552918,-19.851675,0.081614,4.695228,-0.465231
6.870000,-16.668732,10.570230,-19.862506,0.074566,4.727006,-0.482242
6.872000,-16.692038,10.588822,-19.875213,0.066455,4.758667,-0.498953
6.872000,-16.710391,10.604542,-19.887615,0.053468,4.785935,-0.515615
6.876000,-16.723741,10.617111,-19.899131,0.036159,4.808591,-0.532195
6.878000,-16.736938,10.630152,-19.910658,0.019684,4.830462,-0.548291
6.878000,-16.745742,10.640381,-19.921281,-0.000536,4.848322,-0.564415
6.880000,-16.752393,10.649515,-19.931595,-0.022410,4.864056,-0.580465
6.884000,-16.370988,10.243950,-19.493365,0.052005,4.421379,-0.539260
6.886000,-16.307094,10.182280,-19.436849,0.027907,4.360761,-0.550995
6.886000,-16.284527,10.158631,-19.407527,0.022668,4.340159,-0.563424
6.888000,-16.305121,10.185813,-19.441032,-0.009344,4.376065,-0.585480
6.892000,-16.041842,10.074501,-19.452886,-0.341485,4.144574,-0.557042
6.894000,-16.353798,10.255787,-19.534508,-0.096852,4.463084,-0.633123
6.896000,-16.396250,10.309767,-19.597713,-0.137765,4.525502,-0.657326
6.896000,-16.471998,10.379745,-19.660081,-0.138924,4.617753,-0.686788
6.898000,-16.514550,10.434456,-19.721968,-0.177223,4.678746,-0.709702
6.900000,-16.590751,10.519621,-19.803511,-0.197078,4.770980,-0.732249
6.904000,-16.229173,10.317207,-19.738612,-0.549798,4.428688,-0.677720
6.904000,-16.644429,10.604189,-19.902327,-0.277752,4.856133,-0.770260
6.906000,-16.009077,9.971644,-19.285702,-0.284869,4.161825,-0.714492
6.908000,-16.009720,9.968427,-19.272742,-0.280833,4.169917,-0.734422
6.912000,-15.608054,9.735473,-19.183407,-0.650354,3.788967,-0.673571
6.914000,-16.027933,10.020014,-19.338323,-0.361563,4.219652,-0.770302
6.914000,-16.101036,10.114867,-19.441976,-0.412135,4.317581,-0.795301
6.916000,-16.227480,10.243779,-19.560495,-0.418747,4.467781,-0.829440
6.920000,-16.314244,10.353428,-19.677304,-0.469025,4.580489,-0.855495
6.922000,-16.395139,10.457607,-19.787949,-0.518706,4.686623,-0.880743
6.922000,-16.463199,10.551940,-19.890614,-0.573747,4.779584,-0.904157
6.924000,-16.521464,10.636987,-19.983508,-0.628483,4.862013,-0.926459
6.928000,-16.561963,10.705943,-20.062478,-0.687794,4.926889,-0.947737
6.930000,-16.610374,10.780928,-20.141439,-0.736677,4.997844,-0.968108
6.930000,-16.643094,10.841759,-20.208149,-0.789673,5.053806,-0.987792
6.932000,-15.145879,9.350347,-18.791265,-0.831539,3.440034,-0.842112
6.934000,-15.072583,9.300677,-18.746360,-0.870971,3.378818,-0.847643
6.938000,-14.992915,9.246832,-18.699965,-0.916666,3.313809,-0.853675
6.940000,-15.204072,9.485884,-18.930544,-0.955063,3.565108,-0.888991
6.942000,-15.439426,9.752566,-19.190605,-1.001588,3.845305,-0.928273
6.942000,-15.712614,10.059001,-19.488139,-1.049023,4.167134,-0.971598
6.944000,-15.973901,10.355104,-19.775136,-1.097856,4.476404,-1.013839
6.948000,-15.731851,10.335831,-19.866989,-1.470831,4.289078,-0.941990
6.950000,-16.182509,10.681191,-20.141350,-1.312211,4.796293,-1.084453
6.950000,-16.742857,11.226285,-20.589843,-1.204028,5.379808,-1.133169
6.952000,-16.863760,11.372125,-20.730190,-1.244153,5.541324,-1.171039
6.954000,-17.050535,11.596395,-20.936231,-1.281912,5.770653,-1.204142
6.958000,-12.150347,6.849002,-16.780240,-2.025673,0.740594,-0.786487
6.958000,-12.338756,7.066144,-16.959843,-2.021343,0.962085,-0.807539
6.960000,-12.587303,7.347747,-17.199413,-2.019674,1.251737,-0.836469
6.962000,-13.780294,8.563313,-18.287181,-1.935574,2.536888,-0.956949
6.966000,-15.083850,9.892343,-19.476988,-1.847531,3.937851,-1.091789
6.968000,-17.563534,12.438815,-21.807092,-1.773357,6.621786,-1.369484
6.968000,-19.292650,14.231659,-23.440709,-1.733853,8.502609,-1.568413
6.970000,-20.356521,15.356145,-24.456657,-1.723911,9.672888,-1.696130
6.972000,-3.795276,29.805332,0.988565,44.702024,24.195592,-19.365208
6.976000,-1.802827,32.989488,0.576046,44.504415,27.982035,-15.791160
6.976000,-2.140133,34.062239,0.600648,45.779419,29.019448,-14.608268
6.978000,-1.427134,31.451561,0.495188,42.468252,26.171370,-13.868089
6.980000,-1.221973,27.835799,0.521015,39.093295,22.170333,-13.620562
6.982000,2.434151,19.330353,0.362112,29.081553,12.751360,-15.031752
6.986000,2.931139,9.738480,0.543115,21.043889,2.110024,-16.127587
6.986000,3.008414,10.332390,0.527435,21.417098,2.757277,-15.864371
6.988000,2.816188,7.085783,0.620782,18.961501,-0.864768,-16.093505
6.990000,2.515115,5.207930,0.716790,17.713142,-2.975106,-16.124034
6.994000,2.138432,3.129256,0.829281,16.396399,-5.320561,-16.277851
6.996000,1.770287,1.499325,0.926580,15.396404,-7.170814,-16.393535
6.996000,1.417118,0.113199,1.010785,14.548263,-8.752172,-16.509785
7.000000,1.106490,-0.978060,1.075356,13.857598,-10.003862,-16.604206
7.000000,0.765947,-2.103713,1.142388,13.159120,-11.299716,-16.743502
7.004000,0.396495,-3.260706,1.211525,12.452132,-12.636140,-16.919088
7.006000,0.219322,-3.770042,1.227779,12.023132,-13.231267,-16.980226
7.006000,-0.147299,-3.599983,1.237821,12.258798,-13.052781,-16.885889
7.008000,-0.224765,-3.687665,1.219417,12.033952,-13.161018,-16.899019
7.010000,-0.268469,-3.686382,1.191238,11.845267,-13.164367,-16.913486
7.012000,-0.263410,-3.705644,1.157115,11.607362,-13.187411,-16.958689
7.016000,-0.237410,-3.699932,1.118473,11.376226,-13.178927,-17.015057
7.016000,-0.194721,-3.680441,1.076733,11.148998,-13.151870,-17.082171
7.018000,-0.142743,-3.648971,1.033236,10.931482,-13.108686,-17.156570
7.020000,-0.082370,-3.605141,0.988250,10.724858,-13.048944,-17.235593
7.024000,-0.073645,-3.708251,0.934526,10.354721,-13.152381,-17.457222
7.026000,0.059787,-3.485552,0.895013,10.345641,-12.885973,-17.399920
7.026000,0.137673,-3.411208,0.847711,10.175001,-12.784668,-17.482133
7.028000,0.236027,-3.300489,0.799550,10.033721,-12.639126,-17.555178
7.030000,0.318282,-3.210539,0.752509,9.889853,-12.516234,-17.633607
7.032000,0.251080,-2.674541,0.710266,10.227089,-11.877340,-17.593413
7.036000,0.319693,-2.539472,0.665051,10.146999,-11.699043,-17.656540
7.038000,0.384645,-2.389206,0.620685,10.090271,-11.501835,-17.713076
7.038000,0.458860,-2.310777,0.579281,9.982823,-11.386775,-17.786701
7.040000,0.530627,-2.238517,0.539589,9.881604,-11.278100,-17.857994
7.042000,0.599357,-2.175464,0.501825,9.784644,-11.179522,-17.927501
7.046000,0.596942,-2.113235,0.482468,9.796457,-11.094018,-18.024099
7.048000,0.725380,-2.044923,0.430662,9.625874,-10.975792,-18.051286
7.050000,0.781885,-1.975460,0.397174,9.565317,-10.868528,-18.104964
7.050000,0.844353,-1.901626,0.362543,9.504338,-10.754865,-18.151229
7.052000,0.891062,-1.828528,0.331928,9.467130,-10.642991,-18.194642
7.054000,0.932167,-1.755132,0.302870,9.440742,-10.530715,-18.233526
7.058000,0.774471,-1.059594,0.301116,10.156439,-9.702774,-18.160161
7.060000,0.890529,-1.055444,0.244211,9.930559,-9.661865,-18.163290
7.062000,0.908210,-0.935284,0.218982,9.975587,-9.495045,-18.179055
7.062000,0.937980,-0.910488,0.193919,9.933302,-9.438976,-18.212579
7.064000,0.954416,-0.894887,0.174496,9.911252,-9.394920,-18.247914
7.066000,0.956014,-0.877480,0.157895,9.910156,-9.350770,-18.277060
7.070000,0.968688,-0.875786,0.138155,9.882032,-9.323433,-18.305996
7.070000,0.965100,-0.854905,0.120898,9.887537,-9.274540,-18.326321
7.072000,0.962796,-0.842596,0.104287,9.887326,-9.235879,-18.346118
7.074000,0.955863,-0.833971,0.089195,9.893066,-9.200875,-18.363969
7.078000,0.953194,-0.837810,0.074592,9.888787,-9.180649,-18.383303
7.078000,0.931405,-0.821838,0.063170,9.922211,-9.138314,-18.395331
7.080000,0.913826,-0.816704,0.052109,9.946589,-9.108914,-18.408908
7.084000,1.010875,-0.265318,-0.002454,10.248617,-8.431920,-18.302295
7.084000,0.994797,-0.196952,-0.015573,10.322482,-8.328737,-18.299238
7.086000,0.985206,-0.141478,-0.028822,10.382724,-8.240796,-18.298787
7.088000,0.946188,-0.177463,-0.032593,10.408960,-8.262134,-18.319184
7.090000,0.906994,-0.281245,-0.031853,10.388243,-8.360990,-18.348752
7.094000,0.865503,-0.310896,-0.035618,10.425797,-8.378595,-18.372190
7.094000,0.808859,-0.346361,-0.033440,10.480341,-8.402806,-18.390338
7.096000,0.758262,-0.402086,-0.033087,10.510389,-8.449789,-18.411447
7.098000,0.722632,-0.475316,-0.033929,10.514781,-8.517013,-18.437112
7.100000,0.660796,-0.516486,-0.031446,10.570982,-8.548067,-18.452973
7.104000,0.601472,-0.602600,-0.025512,10.592266,-8.627341,-18.467987
7.106000,0.571163,-0.619410,-0.029918,10.640352,-8.634144,-18.491698
7.106000,1.146888,-0.247334,-0.156661,10.329345,-8.150406,-18.451663
7.108000,1.158790,-0.248173,-0.167139,10.345478,-8.132467,-18.463409
7.110000,1.167578,-0.254470,-0.176167,10.363415,-8.121226,-18.476620
7.112000,1.047864,-0.358910,-0.156564,10.442675,-8.224690,-18.491346
7.114000,1.038634,-0.427356,-0.160254,10.442347,-8.294539,-18.536965
7.116000,0.930494,-0.537757,-0.142953,10.513723,-8.411887,-18.570432
7.118000,0.742336,-0.644154,-0.111895,10.674211,-8.528967,-18.598193
7.122000,0.651890,-0.777134,-0.095393,10.716706,-8.672831,-18.638834
7.124000,0.503150,-0.838397,-0.072334,10.873246,-8.735276,-18.658638
7.124000,0.403513,-0.921923,-0.055849,10.965808,-8.822098,-18.687663
7.126000,0.307529,-0.992730,-0.040134,11.066500,-8.894115,-18.714665
7.128000,0.395201,-1.083859,-0.053546,10.963041,-8.981971,-18.759694
7.132000,0.276887,-1.155106,-0.031177,11.085260,-9.046643,-18.764274
7.132000,2.461026,-0.876997,-0.415844,9.041141,-8.612656,-18.876732
7.134000,2.692610,-0.948650,-0.451009,8.806215,-8.671771,-18.929355
7.138000,2.666183,-0.974494,-0.445639,8.876335,-8.689676,-18.956027
7.140000,1.923627,-1.025806,-0.320952,9.684586,-8.768057,-18.947183
7.140000,1.833971,-1.261025,-0.292296,9.683996,-9.032589,-19.027037
7.142000,1.302526,-1.416386,-0.196366,10.205794,-9.223184,-19.059022
7.144000,0.919030,-1.663594,-0.118546,10.513983,-9.515946,-19.124090
7.146000,-0.369810,-1.488923,0.077731,12.063232,-9.353317,-19.023591
7.148000,-0.704960,-1.741782,0.147934,12.327013,-9.651110,-19.095078
7.152000,-1.186425,-1.810511,0.229550,12.872638,-9.739026,-19.110615
7.154000,-1.726774,-1.688734,0.307144,13.607295,-9.606977,-19.073415
7.154000,-2.170152,-2.583878,0.441283,13.584945,-10.669364,-19.316614
7.156000,10.358821,-7.857288,-1.148140,-2.999326,-16.296348,-21.536250
7.158000,6.993252,-6.715474,-0.686030,1.408204,-15.095278,-21.064203
7.162000,3.166581,-3.921122,-0.207952,7.698162,-11.957639,-20.248178
7.164000,1.043534,-3.800454,0.050975,9.857034,-11.890405,-19.997042
7.164000,-1.505622,-2.253500,0.333744,13.697019,-10.152556,-19.463614
7.168000,2.617781,-6.111963,-6.718434,-3.359416,-18.331029,5.267779
7.168000,3.219553,-6.744508,-5.853000,-3.161642,-18.843476,5.420208
7.170000,3.772628,-7.334285,-5.095942,-3.024598,-19.376981,5.576577
7.174000,2.051981,-5.690825,-6.373780,-2.809377,-17.084522,4.983909
7.176000,0.014330,-3.703749,-7.990476,-2.590659,-14.407234,4.297822
7.176000,-2.339587,-1.378017,-9.942187,-2.367473,-11.339826,3.517777
7.178000,-4.643998,0.914621,-11.879218,-2.153612,-8.351541,2.766696
7.182000,-6.734172,3.038508,-13.708673,-2.039746,-5.591800,2.075174
7.182000,-7.918108,5.306525,-16.676392,-4.367549,-2.666637,1.066342
7.184000,-9.512710,6.950820,-18.186647,-4.450982,-0.565462,0.531796
7.186000,-10.786652,8.276669,-19.447773,-4.612886,1.127129,0.097876
7.188000,-10.437079,7.971004,-19.192934,-4.706999,0.746409,0.177154
7.190000,-12.871567,10.004789,-20.826309,-4.113774,3.271208,-0.358465
7.192000,-13.598196,10.517541,-21.182304,-3.829889,3.895270,-0.469897
7.194000,-14.361628,11.067774,-21.576687,-3.552545,4.566346,-0.594642
7.196000,-14.835672,11.324537,-21.693404,-3.258992,4.869561,-0.626789
7.198000,-15.255488,11.526477,-21.755796,-2.947278,5.106483,-0.639862
7.200000,-15.646343,11.709056,-21.801706,-2.652561,5.320426,-0.651972
7.202000,-15.884944,11.768902,-21.747123,-2.398245,5.386382,-0.635204
7.204000,-16.073780,11.796500,-21.669294,-2.165784,5.416248,-0.614795
7.206000,-16.179547,11.711148,-21.430297,-1.817601,5.322611,-0.561423
7.210000,-16.290280,11.686917,-21.307527,-1.604416,5.297066,-0.535080
7.210000,-16.382100,11.654372,-21.178190,-1.397913,5.264251,-0.509355
7.212000,-16.466508,11.633871,-21.074570,-1.226091,5.247205,-0.491459
7.214000,-16.538465,11.613918,-20.978718,-1.074422,5.232425,-0.477458
7.216000,-16.598306,11.591816,-20.886416,-0.936826,5.217004,-0.466099
7.218000,-16.656818,11.576698,-20.804393,-0.808894,5.209891,-0.457334
7.222000,-16.696606,11.553339,-20.712824,-0.690542,5.194740,-0.448771
7.222000,-16.742989,11.540397,-20.653407,-0.595460,5.191783,-0.446396
7.224000,-16.775296,11.522254,-20.586833,-0.507744,5.183535,-0.444009
7.228000,-16.797030,11.499443,-20.521285,-0.431638,5.170809,-0.443077
7.228000,-16.822590,11.484008,-20.461926,-0.355457,5.165456,-0.442614
7.230000,-16.837722,11.464208,-20.405017,-0.293715,5.155639,-0.443897
7.232000,-16.733543,11.309718,-20.190876,-0.172653,5.003401,-0.422910
7.234000,-16.725452,11.273520,-20.122110,-0.120377,4.975993,-0.424002
7.238000,-16.713568,11.237154,-20.056360,-0.075229,4.948197,-0.426143
7.240000,-16.717964,11.222817,-20.018093,-0.043751,4.943563,-0.432635
7.240000,-16.714153,11.205536,-19.985638,-0.029916,4.935809,-0.441577
7.242000,-16.727447,11.205477,-19.965114,-0.007570,4.945320,-0.450626
7.244000,-16.730995,11.199459,-19.945178,0.001877,4.948285,-0.461047
7.246000,-16.733422,11.193905,-19.927386,0.008712,4.951610,-0.472314
7.250000,-16.734067,11.189468,-19.912154,0.012506,4.953732,-0.482386
7.250000,-16.732549,11.183905,-19.895847,0.015815,4.953980,-0.492265
7.252000,-16.726682,11.174682,-19.878215,0.014003,4.951667,-0.504206
7.254000,-16.705973,11.154049,-19.857450,-0.003522,4.937395,-0.517791
7.256000,-16.571323,11.014784,-19.718206,-0.009616,4.798581,-0.519237
7.258000,-16.544777,10.988813,-19.689952,-0.023294,4.777720,-0.531839
7.262000,-16.519193,10.964235,-19.661904,-0.035297,4.757658,-0.544212
7.264000,-16.509268,10.954963,-19.648645,-0.047071,4.755472,-0.560685
7.264000,-16.485057,10.935819,-19.636652,-0.080243,4.742821,-0.579650
7.266000,-16.499184,10.950707,-19.640520,-0.081711,4.765165,-0.596115
7.268000,-16.498312,10.954651,-19.642963,-0.101569,4.775386,-0.614084
7.270000,-16.499490,10.962111,-19.649718,-0.124162,4.788247,-0.632280
7.274000,-16.497983,10.967732,-19.654462,-0.147078,4.798118,-0.649883
7.276000,-16.497799,10.975243,-19.657880,-0.164201,4.807112,-0.664450
7.276000,-16.493060,10.979464,-19.661306,-0.188798,4.813598,-0.681401
7.278000,-16.486695,10.982910,-19.664041,-0.214303,4.818461,-0.698110
7.280000,-16.478139,10.984976,-19.665966,-0.241538,4.821425,-0.714932
7.284000,-16.218902,10.782674,-19.608748,-0.535265,4.615710,-0.756488
7.284000,-16.191477,10.769944,-19.602180,-0.574476,4.600864,-0.771734
7.286000,-16.158411,10.753340,-19.595431,-0.622244,4.582784,-0.789352
7.288000,-16.161038,10.767340,-19.599986,-0.635693,4.595697,-0.803945
7.290000,-16.165535,10.784188,-19.607942,-0.651397,4.611457,-0.819211
7.294000,-16.175688,10.805556,-19.615151,-0.657905,4.631441,-0.833294
7.296000,-16.186616,10.826992,-19.619011,-0.658377,4.651048,-0.846324
7.298000,-16.151045,10.811562,-19.612265,-0.708266,4.632814,-0.863729
7.298000,-16.198991,10.864154,-19.625936,-0.671038,4.683383,-0.873296
7.300000,-16.201513,10.880255,-19.627545,-0.679568,4.696415,-0.886649
7.302000,-16.205268,10.898927,-19.632751,-0.691309,4.711854,-0.900537
7.306000,-16.202391,10.911267,-19.631459,-0.702753,4.720254,-0.913602
7.308000,-15.712937,10.581682,-19.647157,-1.409751,4.384548,-1.002662
7.310000,-15.676349,10.571973,-19.641598,-1.459210,4.369952,-1.018417
7.310000,-15.638825,10.562146,-19.634888,-1.507706,4.354851,-1.033636
7.312000,-15.671474,10.603814,-19.630201,-1.461549,4.393095,-1.039118
7.314000,-15.712101,10.651061,-19.624800,-1.403678,4.437245,-1.043475
7.318000,-15.194956,10.257329,-19.253451,-1.531217,3.885935,-0.918108
7.318000,-15.807662,10.754172,-19.609827,-1.263633,4.534771,-1.049832
7.320000,-15.849753,10.800166,-19.598219,-1.196266,4.577666,-1.053017
7.322000,-15.956529,10.896328,-19.627362,-1.106281,4.689311,-1.070804
7.326000,-15.981903,10.931657,-19.618444,-1.066154,4.720787,-1.076919
7.326000,-16.016324,10.966681,-19.593081,-0.991130,4.751028,-1.077561
7.328000,-15.874149,10.875279,-19.539541,-1.111825,4.651218,-1.092648
7.332000,-15.865999,10.884765,-19.516034,-1.094857,4.652786,-1.096841
7.332000,-14.353976,9.930706,-19.502374,-3.078286,3.690926,-1.292986
7.334000,-14.371519,9.963865,-19.470623,-3.007079,3.716054,-1.288286
7.338000,-14.391235,10.003287,-19.450379,-2.948732,3.747430,-1.285752
7.338000,-14.694997,10.222246,-19.429193,-2.514503,3.965928,-1.250300
7.340000,-15.011469,10.450709,-19.421238,-2.086107,4.195370,-1.218644
7.342000,-15.328224,10.682670,-19.429874,-1.684093,4.429783,-1.193049
7.344000,-15.688897,10.910611,-19.383012,-1.156466,4.656625,-1.150669
7.346000,-15.988236,11.100677,-19.346367,-0.727105,4.843830,-1.118628
7.350000,-16.606711,11.545506,-19.460135,-0.095635,5.286073,-1.086298
7.350000,-17.008219,11.783433,-19.424118,0.451308,5.513317,-1.043302
7.352000,-17.115629,11.830911,-19.357296,0.661892,5.547180,-1.024598
7.356000,-15.991579,10.889549,-18.621263,0.228992,4.428775,-0.863687
7.358000,-6.769186,29.647949,1.309968,47.281386,23.777701,-18.829004
7.358000,-5.811261,31.872902,1.085764,47.734562,26.315406,-16.060293
7.360000,-5.113841,33.906950,0.908823,48.352381,28.610314,-13.810612
7.362000,-3.888259,31.528546,0.735479,44.711303,26.084835,-12.830690
7.366000,-2.000693,23.163882,0.663763,35.772179,17.007108,-12.892392
7.368000,-2.550007,24.165955,0.711325,37.058540,18.072235,-12.279173
7.368000,-2.351649,19.969772,0.823634,33.566046,13.457748,-12.467438
7.370000,-2.470733,16.740760,0.964663,31.214894,9.886985,-12.614503
7.372000,-2.628037,13.099894,1.136688,28.662737,5.847039,-12.998698
7.376000,-2.528751,6.172548,1.418188,23.511558,-1.858805,-14.100583
7.376000,-3.097225,7.093715,1.467484,24.696453,-0.857174,-13.781688
7.378000,-3.327441,4.738103,1.606320,23.160404,-3.502334,-14.136093
7.380000,-3.519679,3.437405,1.687847,22.280379,-4.972592,-14.279728
7.382000,1.274901,-2.538452,1.307398,13.189383,-11.550711,-15.973103
7.386000,2.145686,-5.943354,1.292319,9.558142,-15.386093,-16.695920
7.386000,2.141245,-5.936379,1.289528,9.463335,-15.383426,-16.741832
7.390000,1.725967,-6.367675,1.294227,9.044834,-15.943137,-16.706476
7.390000,1.637070,-6.050016,1.299634,9.316197,-15.586262,-16.713958
7.392000,1.394806,-6.004810,1.284052,9.258977,-15.570421,-16.696868
7.394000,1.215733,-5.883559,1.259095,9.226213,-15.460420,-16.698606
7.396000,1.048136,-5.792180,1.226533,9.145249,-15.380073,-16.721593
7.400000,0.869539,-5.785957,1.148532,8.796706,-15.418306,-16.729411
7.402000,0.819929,-5.595651,1.146483,8.938086,-15.186429,-16.823476
7.402000,0.753087,-5.493956,1.101080,8.817350,-15.077981,-16.896105
7.404000,0.718955,-5.378357,1.059082,8.723241,-14.948618,-16.986470
7.406000,0.221816,-4.973561,1.072674,9.305487,-14.504731,-16.978899
7.410000,0.232597,-4.766981,0.983395,9.104895,-14.282342,-17.046226
7.412000,0.162634,-4.675846,0.981165,9.190672,-14.153588,-17.151499
7.412000,0.219359,-4.558208,0.926109,9.048332,-14.005325,-17.253566
7.414000,0.284773,-4.452873,0.876989,8.922990,-13.868402,-17.364629
7.416000,0.378111,-4.333861,0.820021,8.775276,-13.712557,-17.467410
7.420000,0.472138,-4.223311,0.770004,8.653958,-13.565996,-17.570162
7.422000,0.567319,-4.106047,0.720905,8.547587,-13.411188,-17.667969
7.422000,0.673729,-3.968112,0.665383,8.436034,-13.229049,-17.756859
7.424000,0.779535,-3.824134,0.610443,8.337580,-13.038471,-17.839654
7.426000,0.883317,-3.675380,0.556316,8.252120,-12.841120,-17.916356
7.428000,1.093929,-3.674636,0.491880,7.967589,-12.818481,-18.051214
7.432000,1.043346,-3.350046,0.458793,8.179011,-12.413436,-18.048177
7.434000,0.575010,-2.870210,0.491754,8.959200,-11.856466,-18.004085
7.434000,0.584709,-2.672087,0.457145,9.043597,-11.602585,-18.046484
7.436000,0.602020,-2.500787,0.423695,9.108917,-11.379371,-18.092989
7.438000,0.681017,-2.376821,0.382728,9.081350,-11.207490,-18.150307
7.442000,0.927275,-1.960677,0.317903,9.181293,-10.694461,-18.209511
7.444000,0.848180,-2.161344,0.303984,9.012260,-10.900593,-18.260790
7.444000,0.927299,-2.066414,0.267260,8.981752,-10.761083,-18.312115
7.446000,0.971690,-2.019857,0.237445,8.947664,-10.679183,-18.364594
7.448000,0.971690,-2.019857,0.237445,8.947664,-10.679183,-18.364594
7.452000,1.223375,-1.475385,0.161460,9.183564,-9.988740,-18.442916
7.454000,1.146514,-1.746297,0.143094,8.947345,-10.278038,-18.479556
7.454000,1.208300,-1.640109,0.107365,8.950829,-10.125532,-18.505730
7.456000,0.509435,-1.204872,0.190323,9.986536,-9.628875,-18.408890
7.458000,0.481131,-1.085606,0.173908,10.108090,-9.467989,-18.423045
7.460000,0.448467,-0.983177,0.160173,10.227110,-9.327520,-18.439480
7.464000,0.503415,-0.917303,0.134004,10.232936,-9.225951,-18.468707
7.464000,0.557410,-0.848743,0.108670,10.245103,-9.121893,-18.495923
7.466000,0.625697,-0.798897,0.082405,10.231716,-9.039554,-18.526669
7.468000,0.689701,-0.752767,0.057630,10.222602,-8.962336,-18.556560
7.470000,0.749238,-0.711304,0.034351,10.216970,-8.891342,-18.585921
7.474000,0.980374,-0.248083,0.009296,10.529782,-8.327751,-18.625546
7.476000,0.855354,-0.631708,-0.008307,10.223662,-8.757088,-18.637024
7.476000,0.899414,-0.594823,-0.027379,10.236858,-8.694587,-18.661142
7.478000,0.908401,-0.618700,-0.043168,10.219810,-8.704144,-18.686670
7.480000,0.940203,-0.588435,-0.059089,10.243758,-8.650889,-18.709288
7.482000,-0.023670,-0.301570,0.087021,11.497885,-8.349277,-18.618263
7.486000,-0.056850,-0.275097,0.083514,11.592959,-8.304622,-18.638261
7.488000,-0.116695,-0.215737,0.083196,11.740907,-8.223414,-18.649565
7.488000,-0.022261,-0.199960,0.058428,11.695711,-8.186324,-18.678809
7.490000,0.087342,-0.185744,0.031484,11.634535,-8.150891,-18.709310
7.492000,0.163862,-0.183373,0.011285,11.600648,-8.131486,-18.740683
7.494000,0.291260,-0.182324,-0.017204,11.513745,-8.111574,-18.775647
7.498000,0.414988,-0.184248,-0.044443,11.429926,-8.095739,-18.811458
7.500000,0.540008,-0.186939,-0.071398,11.345556,-8.081165,-18.847868
7.500000,0.706244,-0.169299,-0.105996,11.233636,-8.041359,-18.882689
7.502000,0.816716,-0.168711,-0.129721,11.169567,-8.024428,-18.918467
7.504000,0.918392,-0.168671,-0.151448,11.114920,-8.008868,-18.954456
7.506000,-0.585381,-0.191106,0.101201,12.726211,-8.087347,-18.881883
7.510000,-0.428691,0.312968,0.107456,13.297996,-7.484836,-18.963625
7.512000,-0.546516,-0.190481,0.085232,12.797351,-8.063624,-18.946240
7.514000,-0.330516,-0.245489,0.047788,12.587886,-8.108748,-19.001111
7.514000,-0.061790,-0.278037,-0.008246,12.313165,-8.136026,-19.068254
7.516000,0.243642,-0.267304,-0.062377,12.058548,-8.102300,-19.115845
7.518000,0.550478,-0.248828,-0.116208,11.810045,-8.059866,-19.163301
7.522000,0.888958,-0.287224,-0.169803,11.495293,-8.081611,-19.227321
7.524000,1.130979,-0.207564,-0.213683,11.365296,-7.971449,-19.261217
7.526000,1.401623,-0.196338,-0.257501,11.159666,-7.939221,-19.313157
7.526000,1.652505,-0.181517,-0.297743,10.978667,-7.903766,-19.363983
7.528000,1.894844,-0.180019,-0.335319,10.798118,-7.884190,-19.418075
7.530000,2.125036,-0.182565,-0.370186,10.628552,-7.869851,-19.472871
7.534000,-1.415152,-4.852796,0.489164,11.294151,-13.415431,-20.387464
7.534000,-1.180655,-4.535312,0.434730,11.351092,-13.028750,-20.375730
7.536000,-0.745704,-4.275876,0.352594,11.156879,-12.700299,-20.387734
7.538000,1.736166,-2.900807,-0.119288,9.565535,-10.996015,-20.238992
7.540000,3.649870,-1.580417,-0.497467,8.530482,-9.381988,-20.076344
7.544000,5.210616,-0.539627,-0.800936,7.677841,-8.107483,-19.963214
7.544000,5.734138,0.710811,-0.958967,8.051974,-6.635954,-19.753689
7.546000,5.861090,1.401997,-1.019720,8.467831,-5.825112,-19.657631
7.548000,5.520031,1.863598,-0.995111,9.221824,-5.297480,-19.591829
7.550000,1.155687,-3.821388,-10.264989,-5.898593,-14.756439,4.290026
7.552000,1.641439,-4.272094,-9.636078,-5.847327,-15.041314,4.384118
7.556000,2.070583,-4.659536,-9.140377,-5.845397,-15.337322,4.480386
7.556000,1.619491,-3.774625,-10.289625,-7.036079,-13.863015,3.831346
7.558000,-0.118556,-2.152216,-11.559783,-6.785959,-11.643744,3.238198
7.560000,-2.108784,-0.282125,-13.074811,-6.514157,-9.164081,2.581089
7.562000,-4.168248,1.594581,-14.551072,-6.081903,-6.741500,1.976936
7.566000,-6.118431,3.357629,-15.940697,-5.652110,-4.502251,1.431536
7.568000,-7.887247,4.931279,-17.172049,-5.226965,-2.531114,0.966346
7.568000,-9.434847,6.283620,-18.223382,-4.831236,-0.856006,0.582061
7.570000,-10.751364,7.405532,-19.084064,-4.465727,0.520290,0.276261
7.572000,-11.864750,8.325630,-19.775227,-4.123363,1.636015,0.039794
7.574000,-12.789240,9.061884,-20.312286,-3.806862,2.518881,-0.137665
7.578000,-13.560631,9.649500,-20.720728,-3.504265,3.213946,-0.266601
7.580000,-14.202648,10.114244,-21.021834,-3.213555,3.755692,-0.357042
7.580000,-14.731891,10.476624,-21.236082,-2.940982,4.171971,-0.418537
7.582000,-15.224288,10.818874,-21.443450,-2.694383,4.552426,-0.465902
7.584000,-15.595891,11.045896,-21.543204,-2.451125,4.804532,-0.490719
7.588000,-16.228602,11.393465,-21.617301,-1.847639,5.222162,-0.510257
7.590000,-16.277396,11.422430,-21.616369,-1.852218,5.229558,-0.511289
7.590000,-16.370397,11.452494,-21.611163,-1.798624,5.245646,-0.508407
7.592000,-16.505229,11.503779,-21.583226,-1.655141,5.295247,-0.502954
7.594000,-16.634563,11.548638,-21.544063,-1.497829,5.340917,-0.496787
7.596000,-16.753734,11.586602,-21.495104,-1.335654,5.381620,-0.490471
7.600000,-16.856945,11.614739,-21.440997,-1.182669,5.414408,-0.484802
7.602000,-16.905239,11.584263,-21.299988,-0.981639,5.387487,-0.465060
7.602000,-17.020364,11.647910,-21.318750,-0.901091,5.458698,-0.474318
7.604000,-17.020364,11.647910,-21.318750,-0.901091,5.458698,-0.474318
7.606000,-17.079564,11.653367,-21.255654,-0.781817,5.470281,-0.470764
7.610000,-17.146953,11.635134,-21.115233,-0.589833,5.466977,-0.468106
7.610000,-17.208343,11.671718,-21.136134,-0.573763,5.511771,-0.483257
7.612000,-17.230686,11.654937,-21.058173,-0.475487,5.503953,-0.482132
7.614000,-17.246786,11.643598,-21.002312,-0.411392,5.500428,-0.484680
7.616000,-17.250271,11.621524,-20.934666,-0.346288,5.485803,-0.485904
7.620000,-17.047630,11.399213,-20.611923,-0.206888,5.219142,-0.428617
7.622000,-17.239873,11.571064,-20.804913,-0.242613,5.450184,-0.491485
7.622000,-17.227473,11.542769,-20.741395,-0.200681,5.429467,-0.495678
7.624000,-17.245043,11.546466,-20.718907,-0.175662,5.447582,-0.509415
7.626000,-17.227144,11.517188,-20.660011,-0.145831,5.426125,-0.515637
7.630000,-17.195814,11.464686,-20.536672,-0.043288,5.381873,-0.508458
7.630000,-17.178398,11.451284,-20.540665,-0.099339,5.374765,-0.529433
7.632000,-17.122882,11.440751,-20.649438,-0.363828,5.374151,-0.583015
7.634000,-17.093620,11.412702,-20.617123,-0.385540,5.353475,-0.597597
7.638000,-17.057585,11.365137,-20.515969,-0.318717,5.313727,-0.596730
7.638000,-17.024600,11.338692,-20.510286,-0.382256,5.295694,-0.621274
7.640000,-16.986931,11.295007,-20.439318,-0.359606,5.261230,-0.631118
7.642000,-16.948896,11.253147,-20.375420,-0.347348,5.228774,-0.643053
7.644000,-16.911203,11.210220,-20.303092,-0.321881,5.194631,-0.652686
7.646000,-16.872515,11.168264,-20.235042,-0.303545,5.161020,-0.663353
7.648000,-16.834556,11.127495,-20.166903,-0.287402,5.127968,-0.674029
7.650000,-16.798464,11.089331,-20.101119,-0.271566,5.096937,-0.684731
7.654000,-16.761266,11.052036,-20.039791,-0.263332,5.066171,-0.696464
7.654000,-16.727058,11.017755,-19.979394,-0.251602,5.037790,-0.707683
7.656000,-16.642931,11.023766,-20.209809,-0.734576,5.059122,-0.801245
7.660000,-16.608598,11.000358,-20.184084,-0.772086,5.041920,-0.820945
7.660000,-16.587673,10.981761,-20.136349,-0.757902,5.028163,-0.832568
7.662000,-16.540763,10.944255,-20.086338,-0.776153,4.995311,-0.848149
7.664000,-16.504004,10.907981,-20.011028,-0.742966,4.962703,-0.855722
7.668000,-16.466304,10.870243,-19.931801,-0.705224,4.928281,-0.862537
7.670000,-16.431541,10.833942,-19.848981,-0.657953,4.894923,-0.867995
7.670000,-16.414345,10.803902,-19.742506,-0.551758,4.866422,-0.864495
7.672000,-16.381676,10.769217,-19.660497,-0.501758,4.834174,-0.869976
7.674000,-16.347619,10.734766,-19.582746,-0.459688,4.801664,-0.876533
7.676000,-16.292743,10.696088,-19.541348,-0.498712,4.765744,-0.895328
7.680000,-16.258542,10.665442,-19.475585,-0.473514,4.735759,-0.904098
7.680000,-16.253128,10.645661,-19.377949,-0.362573,4.713910,-0.899649
7.682000,-16.021358,10.658826,-19.891023,-1.436706,4.758622,-1.087457
7.684000,-15.988485,10.649411,-19.873037,-1.474006,4.750922,-1.106672
7.686000,-15.951813,10.639522,-19.859483,-1.522141,4.741853,-1.126904
7.688000,-15.925293,10.610299,-19.756396,-1.426660,4.711234,-1.123892
7.692000,-15.902777,10.578934,-19.639379,-1.306530,4.678201,-1.117122
7.694000,-15.885955,10.545633,-19.506786,-1.157435,4.642846,-1.106090
7.694000,-15.865743,10.509351,-19.375820,-1.016453,4.604294,-1.096091
7.696000,-15.849074,10.474222,-19.249533,-0.876207,4.567476,-1.086320
7.698000,-15.825871,10.435766,-19.130206,-0.755528,4.526543,-1.078837
7.700000,-15.808360,10.400518,-19.013082,-0.631228,4.487423,-1.070457
7.704000,-15.789690,10.364687,-18.899961,-0.514989,4.446185,-1.062452
7.706000,-15.778546,10.332587,-18.787218,-0.390177,4.406714,-1.052571
7.708000,-15.090611,10.439035,-20.084448,-3.091485,4.624899,-1.499102
7.708000,-15.071381,10.448890,-20.050610,-3.074457,4.633356,-1.507550
7.710000,-15.050389,10.454269,-20.008016,-3.047388,4.634558,-1.512700
7.712000,-15.107503,10.424070,-19.748327,-2.617241,4.594490,-1.457930
7.716000,-15.158078,10.374018,-19.462849,-2.165162,4.535119,-1.399650
7.716000,-15.242567,10.332362,-19.169180,-1.664535,4.480427,-1.334057
7.718000,-15.313204,10.263194,-18.843326,-1.144458,4.397091,-1.265219
7.720000,-15.381442,10.184227,-18.518008,-0.635535,4.300365,-1.196188
7.724000,-15.482168,10.109033,-18.181104,-0.079243,4.205012,-1.120494
7.724000,-15.286829,10.003934,-18.144428,-0.292836,4.102266,-1.153709
7.726000,-15.340569,9.897436,-17.825647,0.172480,3.961669,-1.081029
7.728000,-15.342351,9.759195,-17.518909,0.551199,3.783413,-1.013475
7.732000,-15.741096,9.565180,-16.702553,2.075456,3.479395,-0.763777
7.732000,-12.180715,10.849519,-22.675607,-9.996637,5.526450,-2.757487
7.734000,-13.606137,10.291507,-20.095513,-4.925589,4.623438,-1.915527
7.736000,-14.177008,9.872378,-18.718440,-2.481914,3.997570,-1.480522
7.740000,-15.091932,9.417057,-16.940069,0.903072,3.363711,-0.955411
7.742000,-11.299419,30.442693,1.911771,52.027373,25.582162,-17.144802
7.742000,-10.380089,32.906845,1.677932,52.592851,28.329435,-13.933032
7.744000,-9.653515,35.152069,1.483625,53.246147,30.810148,-11.243017
7.748000,-7.670084,32.969320,1.199407,48.958151,28.398945,-10.072639
7.750000,-7.670084,32.969320,1.199407,48.958151,28.398945,-10.072639
7.750000,-5.063989,25.654368,1.013194,40.141961,20.212625,-9.455257
7.752000,-4.409029,20.979325,1.090752,35.956179,14.910065,-9.869447
7.756000,-3.857518,16.184950,1.182646,31.804505,9.511180,-10.391222
7.756000,2.070865,8.876308,0.714374,20.728645,1.363076,-12.244868
7.758000,2.567778,5.013715,0.824224,17.496272,-3.026755,-12.918777
7.760000,2.965637,1.751223,0.924768,14.781844,-6.747521,-13.529523
7.764000,2.523718,-0.797613,1.096357,13.339783,-9.727698,-13.990928
7.764000,2.068455,-2.157850,1.207327,12.614577,-11.295964,-14.073123
7.768000,1.525857,-3.321651,1.311079,12.087024,-12.672941,-14.194985
7.768000,1.028071,-4.166633,1.388653,11.705880,-13.682087,-14.276171
7.770000,0.594556,-4.743697,1.437849,11.425448,-14.377891,-14.332500
7.772000,0.227723,-5.172632,1.467964,11.177010,-14.898422,-14.392889
7.776000,-0.069089,-5.467133,1.479317,10.952375,-15.257575,-14.456104
7.778000,-0.304354,-5.699988,1.478381,10.718564,-15.540553,-14.539209
7.780000,-0.484234,-5.785052,1.460678,10.538459,-15.644486,-14.610228
7.780000,-0.611966,-5.843234,1.434698,10.340228,-15.712442,-14.701297
7.782000,-1.421184,-5.465628,1.495400,11.162694,-15.288788,-14.638933
7.784000,-1.459890,-5.668035,1.463955,10.827410,-15.536670,-14.855458
7.788000,-1.530990,-5.566087,1.425999,10.733826,-15.405636,-14.952345
7.790000,-1.551697,-5.205702,1.378337,10.800874,-14.946350,-14.948833
7.790000,-1.475220,-5.081132,1.320114,10.610396,-14.776444,-15.066845
7.792000,-1.255095,-5.176923,1.249206,10.150898,-14.876118,-15.301025
7.794000,-1.116799,-5.060940,1.183530,9.919575,-14.711053,-15.435032
7.798000,-0.968108,-4.943399,1.117689,9.693371,-14.542316,-15.570683
7.800000,-0.836313,-4.787361,1.059673,9.546659,-14.328292,-15.691054
7.802000,-0.828844,-4.413021,1.009728,9.659565,-13.842697,-15.706763
7.802000,-0.686477,-4.236219,0.946743,9.520826,-13.600261,-15.820181
7.804000,-0.390727,-4.246078,0.866137,9.112853,-13.585985,-16.023953
7.806000,-0.895449,-3.662258,0.894981,9.954399,-12.880046,-15.973097
7.810000,-0.796601,-3.468057,0.842366,9.904775,-12.616227,-16.069118
7.810000,-0.776668,-3.192944,0.806865,10.011892,-12.248991,-16.105075
7.812000,-0.614154,-3.038884,0.748786,9.889938,-12.030146,-16.208431
7.816000,-0.446389,-2.897039,0.691703,9.762858,-11.825768,-16.310816
7.818000,-0.289233,-2.777047,0.641244,9.649514,-11.650035,-16.412981
7.818000,-0.114218,-2.646745,0.584761,9.519388,-11.460110,-16.509083
7.820000,0.053859,-2.516795,0.530342,9.402468,-11.271291,-16.599634
7.822000,0.215861,-2.384576,0.477251,9.297688,-11.080384,-16.683595
7.826000,0.827748,-1.950819,0.353778,9.070278,-10.488637,-16.870135
7.828000,0.509038,-2.121417,0.378737,9.135595,-10.702913,-16.835182
7.828000,0.640003,-1.997627,0.333431,9.073048,-10.523727,-16.904625
7.830000,0.692725,-1.919152,0.301962,9.053144,-10.402941,-16.969317
7.834000,-0.087786,-1.305895,0.395664,10.303338,-9.673112,-16.836746
7.836000,-0.081899,-1.154386,0.375816,10.412951,-9.468589,-16.877254
7.836000,-0.061765,-0.999918,0.351354,10.506161,-9.259394,-16.914495
7.840000,0.077349,-0.924896,0.310433,10.421683,-9.141450,-16.978694
7.842000,0.217892,-0.842009,0.267880,10.339767,-9.014775,-17.035969
7.842000,0.376272,-0.780824,0.222166,10.222366,-8.914168,-17.095425
7.846000,0.534534,-0.732683,0.177537,10.098221,-8.830021,-17.155116
7.846000,0.669167,-0.669682,0.137049,10.012460,-8.729883,-17.206824
7.848000,0.799067,-0.619220,0.098736,9.926190,-8.645737,-17.259293
7.852000,0.925615,-0.581245,0.062294,9.837789,-8.577421,-17.312749
7.852000,1.024126,-0.526109,0.030679,9.794113,-8.490418,-17.358184
7.854000,1.121811,-0.484376,0.000374,9.744404,-8.420144,-17.405304
7.858000,0.077622,0.071664,0.147154,11.264020,-7.777057,-17.241338
7.858000,0.057908,0.151434,0.136228,11.369424,-7.666830,-17.268162
7.860000,0.043310,0.216620,0.125339,11.460944,-7.574383,-17.297724
7.864000,0.182730,0.213008,0.091299,11.342112,-7.559587,-17.354666
7.866000,0.340329,0.197970,0.055213,11.197697,-7.558520,-17.414552
7.866000,0.412366,0.179784,0.034647,11.142513,-7.564669,-17.468080
7.868000,0.581264,0.149579,-0.001553,10.978840,-7.582600,-17.530474
7.872000,0.884976,0.110627,-0.058891,10.665447,-7.601160,-17.591046
7.872000,0.918034,0.087651,-0.072122,10.656287,-7.622100,-17.652949
7.874000,1.084131,0.057950,-0.106345,10.500503,-7.641247,-17.712656
7.878000,1.353607,0.030449,-0.156780,10.234176,-7.648093,-17.763514
7.880000,1.485220,0.020723,-0.185090,10.131213,-7.645223,-17.814062
7.880000,1.518873,-0.026061,-0.196078,10.111491,-7.697464,-17.883979
7.884000,0.276384,0.794992,0.026163,12.276563,-6.758255,-17.743092
7.886000,0.094018,0.365506,0.012819,11.980151,-7.259245,-17.769254
7.886000,0.128438,0.352864,0.001135,11.983136,-7.264068,-17.814286
7.888000,0.358504,0.241482,-0.045070,11.680325,-7.380373,-17.886652
7.892000,0.683513,0.152972,-0.100123,11.323977,-7.467950,-17.969008
7.892000,0.969972,0.113620,-0.150202,11.044602,-7.499169,-18.037186
7.894000,1.291947,0.054645,-0.203404,10.719476,-7.552917,-18.114166
7.896000,1.641457,-0.032354,-0.258811,10.347618,-7.639141,-18.200451
7.898000,1.897462,-0.055027,-0.301241,10.121611,-7.652392,-18.265536
7.900000,2.181658,-0.111669,-0.345899,9.843394,-7.704971,-18.341250
7.904000,2.502069,-0.207230,-0.393697,9.501239,-7.802383,-18.429222
7.904000,2.518921,-0.327711,-0.390596,9.463116,-7.937262,-18.502619
7.906000,-0.345459,-0.222956,0.062024,12.625358,-7.884518,-18.321487
7.908000,-0.125740,-0.313843,0.029624,12.399507,-7.978900,-18.400827
7.912000,0.160142,-0.385467,-0.013596,12.119232,-8.048945,-18.479984
7.914000,0.951284,-0.427541,-0.137232,11.323475,-8.073747,-18.583598
7.914000,1.808894,-0.458579,-0.269990,10.466638,-8.084404,-18.690314
7.916000,2.724072,-0.482143,-0.409969,9.555151,-8.085323,-18.800649
7.920000,3.622524,-0.511323,-0.544822,8.659877,-8.093213,-18.913308
7.922000,4.510187,-0.467928,-0.677886,7.817671,-8.002826,-18.977266
7.922000,6.833374,-1.071567,-0.992606,5.024478,-8.648473,-19.328452
7.924000,8.425348,-1.022690,-1.231713,3.466388,-8.561010,-19.505853
7.928000,9.268287,-1.411815,-1.326032,2.393685,-8.990859,-19.708991
7.930000,8.739201,-1.692611,-1.218067,2.859457,-9.322981,-19.795830
7.930000,8.071343,-1.490861,-1.119641,3.804461,-9.090294,-19.755829
7.932000,3.977138,-5.983885,-0.217265,5.238714,-14.420461,-20.649602
7.936000,1.149725,-3.720485,-10.896713,-6.744592,-14.801265,4.357045
7.936000,1.597831,-4.093057,-10.445191,-6.720082,-15.129741,4.461800
7.938000,1.912168,-4.356976,-10.175601,-6.698339,-15.363579,4.550337
7.942000,0.260040,-2.921813,-11.259377,-6.256640,-13.358439,4.030357
7.942000,-1.553554,-1.306375,-12.506114,-5.809697,-11.145097,3.456282
7.944000,-3.819520,0.725759,-14.148519,-5.292925,-8.471839,2.779449
7.948000,-5.792861,2.511763,-15.571315,-4.846641,-6.098534,2.172618
7.948000,-7.875598,4.390780,-17.107439,-4.388654,-3.684998,1.581143
7.950000,-9.621103,5.952405,-18.364099,-3.988161,-1.669532,1.091475
7.952000,-11.154841,7.303977,-19.443144,-3.618068,0.061500,0.682960
7.956000,-12.353340,8.322694,-20.217573,-3.277600,1.379965,0.377812
7.958000,-12.075753,8.441749,-20.829365,-4.537398,1.729581,0.009437
7.958000,-12.798408,9.030135,-21.305697,-4.401660,2.499562,-0.184001
7.960000,-13.365226,9.467809,-21.653305,-4.290576,3.076025,-0.329358
7.962000,-13.945477,9.855489,-21.885437,-4.013345,3.560889,-0.417386
7.966000,-15.091642,10.540638,-22.172873,-3.237737,4.411469,-0.527791
7.968000,-14.870725,10.398171,-22.118866,-3.435006,4.230259,-0.509440
7.968000,-15.179748,10.515536,-22.064735,-3.112198,4.381346,-0.512780
7.970000,-15.465029,10.671408,-22.122821,-2.933114,4.565627,-0.528764
7.972000,-15.724445,10.776624,-22.090345,-2.677020,4.698283,-0.531492
7.974000,-15.952311,10.865823,-22.052118,-2.444407,4.812815,-0.533118
7.978000,-16.109910,10.877333,-21.908953,-2.162511,4.841070,-0.515538
7.978000,-16.323811,10.984629,-21.922645,-1.997253,4.977409,-0.528066
7.980000,-16.470608,11.022022,-21.845970,-1.797243,5.035752,-0.524311
7.982000,-16.571655,11.027718,-21.751987,-1.626771,5.060815,-0.520623
7.984000,-16.674434,11.041947,-21.666717,-1.459395,5.093981,-0.516849
7.986000,-16.760603,11.048806,-21.580930,-1.307173,5.119055,-0.513644
7.990000,-16.834063,11.051466,-21.497550,-1.169390,5.139355,-0.511365
7.992000,-16.877591,11.014892,-21.342629,-0.972676,5.115012,-0.494238
7.992000,-16.950520,11.047263,-21.337459,-0.928431,5.169086,-0.509198
7.994000,-16.993392,11.039572,-21.260748,-0.826374,5.177662,-0.509601
7.996000,-17.032032,11.035622,-21.197851,-0.744542,5.190572,-0.513307
7.998000,-17.057544,11.021491,-21.125989,-0.664962,5.191762,-0.515745
8.002000,-16.986145,10.892083,-20.849321,-0.455802,5.031434,-0.461826
8.004000,-17.093201,10.989886,-20.990626,-0.528751,5.189503,-0.523063
8.004000,-17.093201,10.989886,-20.990626,-0.528751,5.189503,-0.523063
8.006000,-17.033339,10.889688,-20.830477,-0.478474,5.118721,-0.539251
8.010000,-17.028620,10.881791,-20.833401,-0.527471,5.127242,-0.562212
8.010000,-17.033392,10.870365,-20.791153,-0.498359,5.126593,-0.569589
8.012000,-17.031963,10.852298,-20.742107,-0.469442,5.120541,-0.578236
8.014000,-17.028253,10.831259,-20.685961,-0.432390,5.110373,-0.585238
8.016000,-17.021870,10.808713,-20.629333,-0.397139,5.098557,-0.592706
8.020000,-17.013972,10.785972,-20.573566,-0.363836,5.086219,-0.600556
8.022000,-17.005130,10.763803,-20.520058,-0.333733,5.074239,-0.609064
8.024000,-16.991985,10.737246,-20.464311,-0.306435,5.059674,-0.620503
8.024000,-16.978477,10.711705,-20.411279,-0.282363,5.045922,-0.632598
8.026000,-16.987751,10.692262,-20.316881,-0.170315,5.037177,-0.630743
8.028000,-16.980322,10.675553,-20.275084,-0.151301,5.032490,-0.643913
8.032000,-16.947841,10.653845,-20.279398,-0.227821,5.023472,-0.671700
8.034000,-16.705140,10.468852,-20.229426,-0.515730,4.845814,-0.717953
8.036000,-16.674874,10.441259,-20.199143,-0.540551,4.827928,-0.735949
8.036000,-16.646727,10.414687,-20.164604,-0.555652,4.809875,-0.752140
8.038000,-16.650925,10.413086,-20.135023,-0.532754,4.816919,-0.764548
8.040000,-16.659503,10.415314,-20.106196,-0.504344,4.827357,-0.776341
8.042000,-16.704952,10.434408,-20.041825,-0.377680,4.853516,-0.773903
8.044000,-16.685340,10.428248,-20.052014,-0.439055,4.855593,-0.799169
8.046000,-16.697662,10.435190,-20.025862,-0.407870,4.869444,-0.810707
8.050000,-16.700829,10.436893,-20.002647,-0.392662,4.877378,-0.824057
8.052000,-16.688630,10.433477,-19.995425,-0.420185,4.881558,-0.844017
8.052000,-16.720080,10.450602,-19.955441,-0.342501,4.902092,-0.848239
8.054000,-16.726539,10.455102,-19.929647,-0.317907,4.911009,-0.860015
8.056000,-16.332601,10.167967,-19.854035,-0.761925,4.623872,-0.919849
8.060000,-16.274122,10.132971,-19.838627,-0.836762,4.594237,-0.943983
8.060000,-16.336335,10.165237,-19.772277,-0.680609,4.628222,-0.937094
8.062000,-16.315249,10.161741,-19.773682,-0.724858,4.628435,-0.958557
8.064000,-16.357535,10.195343,-19.753480,-0.656479,4.666283,-0.966088
8.066000,-16.388203,10.221536,-19.734799,-0.605766,4.696004,-0.975465
8.070000,-16.430014,10.255856,-19.717335,-0.542007,4.733801,-0.983610
8.072000,-16.475386,10.294085,-19.704135,-0.479531,4.775274,-0.992208
8.072000,-16.454593,10.293762,-19.704516,-0.523191,4.780059,-1.014011
8.074000,-16.543279,10.350970,-19.664531,-0.366956,4.834992,-1.008572
8.076000,-16.559781,10.364580,-19.634869,-0.320211,4.847642,-1.016156
8.078000,-16.516730,10.349279,-19.629318,-0.384065,4.835102,-1.038615
8.082000,-16.672244,10.441539,-19.570318,-0.118138,4.922344,-1.019208
8.084000,-15.383712,9.575789,-19.401500,-1.578241,4.054364,-1.170584
8.084000,-15.439050,9.605437,-19.334762,-1.425980,4.075075,-1.159641
8.086000,-15.286315,9.526899,-19.322149,-1.615735,3.997149,-1.191208
8.088000,-15.434829,9.643551,-19.326553,-1.437029,4.117457,-1.187559
8.090000,-15.652382,9.799611,-19.326664,-1.168297,4.279173,-1.175668
8.094000,-15.772603,9.900188,-19.342014,-1.041191,4.382358,-1.178929
8.096000,-16.095428,10.104663,-19.320947,-0.611463,4.579254,-1.145194
8.096000,-16.265994,10.224926,-19.319373,-0.404472,4.699531,-1.139306
8.098000,-16.428850,10.335174,-19.309035,-0.197659,4.807539,-1.132275
8.100000,-16.342918,10.318773,-19.339061,-0.358206,4.799791,-1.167730
8.102000,-16.523286,10.431028,-19.313372,-0.114016,4.906007,-1.154259
8.106000,-16.574383,10.452726,-19.256391,0.010262,4.913220,-1.145901
8.108000,-12.264261,7.723525,-18.519006,-4.387855,2.216539,-1.499175
8.108000,-12.831726,8.014232,-18.387234,-3.510854,2.462427,-1.398345
8.110000,-12.702065,8.019582,-18.455700,-3.752537,2.479587,-1.438169
8.112000,-14.247471,8.917202,-18.514213,-1.927512,3.352222,-1.282505
8.114000,-14.757923,9.399137,-18.862408,-1.748049,3.897510,-1.336782
8.118000,-16.874673,10.601123,-18.987127,0.664316,5.048494,-1.142047
8.120000,-18.278144,11.362714,-19.053361,2.242572,5.782408,-1.017807
8.122000,-19.697400,12.004850,-18.912045,4.097702,6.335036,-0.833168
8.122000,-19.294424,11.889564,-19.072678,3.383119,6.254262,-0.938101
8.124000,-9.259448,30.105996,1.755263,49.589750,25.571851,-16.193769
8.126000,-8.089820,32.188639,1.515129,49.703695,27.868711,-13.242566
8.130000,-7.284745,34.311694,1.321254,50.238485,30.231314,-10.656083
8.132000,-5.761512,32.261724,1.075214,46.501443,27.931862,-9.582999
8.132000,0.241624,24.684753,0.542509,34.777563,19.306777,-10.905427
8.134000,1.521581,20.140863,0.481962,29.871074,14.117548,-11.225405
8.136000,2.411925,15.189719,0.514179,25.260042,8.421501,-11.929451
8.140000,2.461742,11.296130,0.627311,22.271755,3.951825,-12.379981
8.140000,2.244241,7.831213,0.770721,19.901203,-0.039859,-12.833709
8.142000,1.943941,5.318430,0.888352,18.244541,-2.915018,-13.062163
8.144000,1.540142,3.018919,1.014417,16.861670,-5.581317,-13.361854
8.146000,1.127820,1.150538,1.123985,15.770279,-7.756173,-13.610554
8.150000,0.724018,-0.385200,1.217541,14.886619,-9.551692,-13.831433
8.152000,0.306583,-1.909466,1.311889,14.036783,-11.359765,-14.146251
8.152000,0.035022,-2.551556,1.344690,13.582499,-12.096612,-14.175279
8.154000,-0.235609,-3.277244,1.379927,13.089175,-12.952125,-14.312931
8.156000,-0.925640,-3.213254,1.438031,13.552885,-12.883929,-14.212664
8.158000,-1.158954,-3.845680,1.461957,13.107341,-13.644646,-14.433527
8.162000,-1.325602,-4.064946,1.457591,12.860990,-13.898613,-14.524103
8.162000,-1.402464,-4.045129,1.431383,12.686513,-13.849396,-14.540884
8.164000,-1.431336,-4.162879,1.403232,12.394690,-13.975046,-14.655663
8.166000,-1.423308,-4.236075,1.368013,12.107754,-14.045032,-14.776219
8.168000,-1.388972,-4.291112,1.328199,11.818685,-14.091533,-14.908396
8.172000,-1.296043,-4.566877,1.288453,11.343487,-14.412399,-15.155589
8.174000,-1.264446,-4.266992,1.235717,11.310666,-14.018201,-15.162787
8.176000,-1.174728,-4.227190,1.185232,11.065635,-13.945477,-15.292081
8.176000,-1.071789,-4.122235,1.130759,10.862659,-13.792619,-15.402867
8.178000,-0.957584,-4.040707,1.076381,10.644950,-13.666526,-15.526046
8.180000,-0.831366,-3.939581,1.020276,10.440291,-13.516303,-15.642191
8.184000,-0.855547,-3.600835,0.977455,10.579740,-13.095459,-15.704806
8.186000,-0.822829,-3.228132,0.928138,10.671294,-12.607574,-15.700742
8.186000,-0.687688,-3.093797,0.872199,10.511815,-12.414130,-15.802407
8.188000,-0.576628,-2.913189,0.819803,10.421431,-12.164171,-15.885517
8.190000,-0.437135,-2.801511,0.766707,10.263529,-11.996199,-15.989549
8.192000,-0.194992,-2.862286,0.703768,9.895646,-12.043359,-16.172278
8.196000,-0.053304,-2.748463,0.652277,9.753786,-11.872908,-16.265585
8.198000,-0.025163,-2.470216,0.614894,9.845475,-11.498814,-16.274475
8.200000,0.233895,-2.517331,0.551193,9.489979,-11.527354,-16.433703
8.200000,0.207493,-2.194267,0.522914,9.684673,-11.101396,-16.415660
8.202000,0.359606,-2.112070,0.474032,9.536728,-10.969439,-16.498805
8.204000,0.359606,-2.112070,0.474032,9.536728,-10.969439,-16.498805
8.208000,0.461891,-1.981450,0.432355,9.480506,-10.780448,-16.557563
8.208000,0.467821,-1.237974,0.365754,9.938619,-9.827826,-16.511268
8.212000,0.566564,-1.075051,0.322586,9.915874,-9.599855,-16.548599
8.212000,0.647759,-0.901550,0.282667,9.923995,-9.360051,-16.577648
8.214000,0.728621,-0.831545,0.250276,9.871977,-9.246595,-16.634204
8.218000,0.917204,-0.882460,0.204866,9.630774,-9.280370,-16.740107
8.218000,0.866531,-0.742324,0.194320,9.771519,-9.083461,-16.747775
8.220000,0.881444,-0.680957,0.175971,9.795556,-8.984118,-16.789300
8.222000,0.965210,-0.665698,0.147455,9.715516,-8.938998,-16.843484
8.224000,1.132532,-0.726195,0.105163,9.493148,-8.984287,-16.925426
8.226000,1.034333,-0.592782,0.101304,9.683700,-8.800081,-16.916541
8.228000,1.082305,-0.570892,0.076897,9.646202,-8.748827,-16.952934
8.230000,1.110176,-0.538191,0.056162,9.640517,-8.685703,-16.981700
8.234000,1.137380,0.384911,0.042240,10.441400,-7.550940,-16.831667
8.236000,1.036035,0.236247,0.014520,10.296461,-7.711866,-16.830146
8.236000,1.065125,0.309597,-0.006112,10.328584,-7.601898,-16.842917
8.238000,1.076875,0.246253,-0.023039,10.261835,-7.657227,-16.887116
8.240000,1.104554,0.195687,-0.037804,10.208711,-7.697552,-16.932502
8.242000,1.128524,0.128117,-0.050738,10.149146,-7.759070,-16.980681
8.246000,1.170362,0.051552,-0.065237,10.068873,-7.831636,-17.031402
8.248000,1.177970,-0.000553,-0.074275,10.044316,-7.876251,-17.071196
8.248000,1.201058,-0.060589,-0.085201,9.999726,-7.930616,-17.112950
8.250000,1.220601,-0.115886,-0.095342,9.963880,-7.979917,-17.151924
8.252000,1.240833,-0.169775,-0.105315,9.929824,-8.028022,-17.189669
8.254000,1.259394,-0.221362,-0.114765,9.900659,-8.073872,-17.225965
8.258000,1.530409,0.469980,-0.197071,10.145974,-7.220285,-17.079330
8.260000,1.548437,0.496897,-0.209177,10.175835,-7.172723,-17.093538
8.260000,1.587222,0.507062,-0.223845,10.173169,-7.145182,-17.113734
8.262000,1.570342,0.394260,-0.223935,10.139506,-7.266857,-17.166082
8.264000,1.547684,0.262504,-0.221819,10.099636,-7.411793,-17.222592
8.266000,1.516040,0.113264,-0.216993,10.058027,-7.578277,-17.282709
8.270000,1.510829,0.230185,-0.170389,10.400758,-7.423868,-17.357707
8.272000,1.458474,-0.175231,-0.206982,9.982453,-7.900191,-17.398227
8.274000,1.435146,-0.308037,-0.202481,9.950722,-8.047767,-17.452546
8.274000,1.410721,-0.458244,-0.203335,9.882637,-8.216608,-17.502919
8.276000,1.393794,-0.574751,-0.199309,9.860741,-8.345021,-17.552800
8.278000,1.433063,-0.715123,-0.202823,9.765312,-8.500976,-17.614078
8.280000,1.398182,-0.810904,-0.194781,9.785645,-8.605258,-17.659068
8.282000,3.807437,-0.182044,-0.621543,7.749446,-7.782844,-17.692470
8.286000,3.884860,-0.217677,-0.632710,7.697320,-7.812862,-17.730653
8.288000,3.946785,-0.256662,-0.640619,7.661491,-7.847850,-17.768190
8.288000,3.602126,-0.459561,-0.574656,7.937788,-8.086844,-17.825835
8.290000,3.201920,-0.685375,-0.498500,8.259176,-8.354268,-17.885335
8.292000,2.745738,-0.934102,-0.412202,8.626105,-8.650061,-17.946829
8.296000,2.434149,-1.249357,-0.345115,8.798353,-9.022426,-18.037193
8.296000,1.845141,-1.382990,-0.243548,9.393976,-9.183145,-18.054898
8.300000,1.772611,-1.754357,-0.210082,9.285009,-9.617608,-18.179133
8.302000,1.398805,-1.927527,-0.139484,9.636777,-9.820941,-18.225039
8.302000,0.556468,-1.838738,-0.010835,10.667405,-9.720671,-18.161861
8.306000,0.413771,-2.085447,0.030523,10.724476,-9.993811,-18.217237
8.308000,15.781085,-4.544326,-2.193025,-7.096777,-12.605487,-20.142512
8.308000,11.757422,-4.559402,-1.555175,-2.757714,-12.700676,-19.876411
8.310000,8.604675,-4.344231,-1.071235,0.821944,-12.500591,-19.613166
8.312000,3.720043,-3.848462,-0.342390,6.448086,-11.964651,-19.117811
8.316000,0.485738,-3.518965,0.132891,10.242492,-11.621293,-18.858371
8.318000,-2.682619,-2.532192,0.549679,14.390397,-10.475545,-18.372463
8.320000,3.074204,-6.357211,-7.045120,-4.349157,-19.229524,5.649745
8.320000,3.765577,-7.007888,-6.159379,-4.183669,-19.861352,5.826834
8.322000,4.382647,-7.597074,-5.416090,-4.074343,-20.469793,5.998034
8.326000,2.585785,-5.935848,-6.721487,-3.746601,-18.059656,5.360920
8.328000,0.425477,-3.896465,-8.400354,-3.404414,-15.198344,4.614035
8.328000,-2.074554,-1.491749,-10.450759,-3.075739,-11.888926,3.755024
8.330000,-4.433566,0.837911,-12.473856,-2.851036,-8.694761,2.928638
8.334000,-5.861252,3.267926,-15.426323,-4.758612,-5.287685,1.803163
8.334000,-7.514304,4.878149,-16.881024,-4.679788,-3.134604,1.247655
8.336000,-9.169187,6.521862,-18.410246,-4.685488,-0.927798,0.674560
8.340000,-10.506881,7.710632,-19.446415,-4.494373,0.659471,0.288302
8.342000,-11.802360,8.765121,-20.326486,-4.164989,2.028872,-0.019891
8.342000,-12.790965,9.512744,-20.929189,-3.866839,2.997621,-0.227199
8.344000,-13.606906,10.077100,-21.360139,-3.562352,3.719164,-0.369191
8.348000,-14.197259,10.438958,-21.611034,-3.305707,4.179604,-0.453024
8.350000,-14.787530,10.771493,-21.823152,-2.983541,4.589349,-0.510628
8.350000,-15.219812,10.975932,-21.923367,-2.709959,4.839258,-0.537652
8.352000,-15.584425,11.123002,-21.968931,-2.441135,5.016443,-0.548279
8.354000,-15.883561,11.223831,-21.977177,-2.196114,5.137045,-0.548935
8.356000,-16.042328,11.151985,-21.756613,-1.835305,5.051286,-0.501095
8.360000,-16.248080,11.183245,-21.694517,-1.597775,5.090341,-0.487162
8.362000,-16.453254,11.247785,-21.694063,-1.417126,5.171174,-0.485579
8.362000,-16.616562,11.275004,-21.648878,-1.235407,5.210494,-0.478031
8.364000,-16.762275,11.298893,-21.606656,-1.072161,5.247251,-0.472237
8.366000,-16.852187,11.283306,-21.519003,-0.921608,5.237615,-0.460511
8.370000,-16.976464,11.307338,-21.493243,-0.793799,5.277436,-0.460776
8.372000,-17.059179,11.302197,-21.432678,-0.672412,5.282924,-0.455879
8.372000,-17.127723,11.293294,-21.375320,-0.568170,5.285687,-0.453286
8.374000,-17.187896,11.283376,-21.318268,-0.470623,5.287065,-0.450885
8.376000,-17.234517,11.268313,-21.261285,-0.386532,5.283427,-0.449785
8.380000,-17.283257,11.252863,-21.190508,-0.303355,5.254349,-0.430893
8.380000,-17.301603,11.232410,-21.152636,-0.248323,5.270722,-0.450987
8.382000,-17.134723,10.983653,-20.810838,-0.056335,4.999722,-0.403908
8.384000,-17.135711,10.941750,-20.732080,0.011603,4.969346,-0.404101
8.386000,-17.118745,10.889962,-20.651215,0.062028,4.925568,-0.403617
8.390000,-17.138026,10.880501,-20.603862,0.116825,4.928783,-0.406726
8.390000,-17.165705,10.885310,-20.589317,0.143701,4.948515,-0.416415
8.392000,-17.172866,10.880914,-20.596470,0.118214,4.960408,-0.434404
8.394000,-17.189530,10.884502,-20.593167,0.118975,4.979009,-0.447890
8.396000,-17.213877,10.893318,-20.575536,0.149531,5.001735,-0.456567
8.400000,-17.229407,10.906512,-20.565162,0.148695,5.014402,-0.469260
8.400000,-17.233800,10.895107,-20.564550,0.147089,5.029516,-0.483092
8.402000,-17.218268,10.878978,-20.567840,0.103286,5.025242,-0.501893
8.406000,-17.229686,10.883818,-20.566456,0.101602,5.042188,-0.515295
8.406000,-16.991551,10.618087,-20.246598,0.200684,4.750697,-0.482075
8.408000,-16.961964,10.584732,-20.205142,0.200032,4.722689,-0.490761
8.412000,-16.927483,10.548330,-20.162317,0.195354,4.690793,-0.499713
8.412000,-16.934755,10.558605,-20.174385,0.173098,4.711553,-0.516787
8.414000,-16.945540,10.574339,-20.194459,0.145374,4.737946,-0.535216
8.416000,-16.958664,10.592384,-20.219134,0.113888,4.768954,-0.557246
8.420000,-16.664967,10.436755,-20.168160,-0.180432,4.500512,-0.524810
8.422000,-16.981105,10.627730,-20.269551,0.045674,4.827649,-0.601409
8.422000,-16.989423,10.644055,-20.293651,0.009944,4.853744,-0.622906
8.424000,-17.035326,10.682302,-20.324805,0.009506,4.915772,-0.650411
8.426000,-17.044881,10.701526,-20.350698,-0.025989,4.943512,-0.670987
8.428000,-17.052902,10.720179,-20.375816,-0.062062,4.969432,-0.691107
8.432000,-17.054649,10.735608,-20.399624,-0.103591,4.989164,-0.710094
8.434000,-16.158669,9.999180,-19.757614,-0.375795,4.042208,-0.588902
8.436000,-16.540842,10.235420,-19.884353,-0.105060,4.436305,-0.678735
8.436000,-16.492409,10.200854,-19.853904,-0.138035,4.398405,-0.690468
8.438000,-16.575114,10.280862,-19.926787,-0.143082,4.503693,-0.721938
8.440000,-16.616229,10.339521,-19.995252,-0.190331,4.569070,-0.745640
8.444000,-16.660742,10.420895,-20.075199,-0.239559,4.642689,-0.769718
8.446000,-16.771160,10.526402,-20.179947,-0.252414,4.771174,-0.792799
8.446000,-16.751444,10.537764,-20.228430,-0.350927,4.780870,-0.817350
8.448000,-16.785622,10.594188,-20.296835,-0.406159,4.839203,-0.839568
8.450000,-16.744629,10.585472,-20.319858,-0.499556,4.826923,-0.861193
8.452000,-16.822868,10.680241,-20.406262,-0.519763,4.923265,-0.881253
8.456000,-16.832280,10.714503,-20.450341,-0.574256,4.955163,-0.900791
8.456000,-15.858228,9.749184,-19.488115,-0.559285,3.894640,-0.805688
8.458000,-15.794351,9.706122,-19.447346,-0.594518,3.842202,-0.813861
8.460000,-15.732568,9.665570,-19.408557,-0.629570,3.792574,-0.822188
8.464000,-15.415664,9.567345,-19.450000,-1.038294,3.524856,-0.757152
8.466000,-15.963126,9.948778,-19.704570,-0.735432,4.093456,-0.881279
8.466000,-16.111804,10.126402,-19.889287,-0.793371,4.281981,-0.914809
8.468000,-16.180884,10.216169,-19.997862,-0.861415,4.396081,-0.955336
8.470000,-16.438446,10.488438,-20.240554,-0.854161,4.681603,-0.987995
8.472000,-16.417723,10.516554,-20.309946,-0.979197,4.708948,-1.015588
8.476000,-16.518125,10.651827,-20.449354,-1.038118,4.845745,-1.042022
8.476000,-16.781152,10.929678,-20.685386,-1.014278,5.130906,-1.070494
8.478000,-16.687148,10.895500,-20.699802,-1.159163,5.088142,-1.091846
8.480000,-16.973604,11.193043,-20.942226,-1.113383,5.392810,-1.119231
8.482000,-14.150076,8.351394,-18.173999,-1.073119,2.328544,-0.809132
8.486000,-14.137778,8.364507,-18.175517,-1.092926,2.334681,-0.814933
8.488000,-14.154533,8.410891,-18.212347,-1.122491,2.376541,-0.825814
8.488000,-14.659080,8.960820,-18.757217,-1.196044,2.964306,-0.896160
8.490000,-15.606389,9.910675,-19.609472,-1.107300,3.969259,-0.986330
8.492000,-15.781685,10.204234,-20.010805,-1.411683,4.288291,-1.062368
8.494000,-16.376143,10.861744,-20.662700,-1.509276,4.983016,-1.147773
8.498000,-16.399311,11.137616,-21.028438,-1.895958,5.111745,-1.099218
8.500000,-17.454659,12.088188,-21.858817,-1.697395,6.258346,-1.307474
8.500000,-18.534549,13.283971,-23.062305,-1.907339,7.530789,-1.471862
8.502000,-19.105140,13.954097,-23.742164,-2.074043,8.246270,-1.583863
8.504000,-19.320712,14.266288,-24.057456,-2.207472,8.564247,-1.638513
8.506000,-3.904538,29.055190,1.114345,44.533555,23.201499,-19.212825
8.510000,-2.834005,31.188892,0.887118,44.836507,25.662551,-16.612294
8.510000,-1.838136,33.058103,0.687089,45.076102,27.773936,-14.445244
8.512000,-0.939941,30.819706,0.523840,41.774723,25.392207,-13.505036
8.514000,-0.471054,27.563559,0.481901,38.315560,21.817617,-13.113930
8.518000,-0.350294,23.574774,0.531789,34.792599,17.403808,-13.116701
8.520000,-0.478939,19.517305,0.647786,31.641518,12.891270,-13.333424
8.522000,-0.696375,15.701582,0.774721,28.827823,8.638167,-13.635246
8.522000,-0.928484,12.294675,0.888022,26.346435,4.833775,-13.945887
8.524000,-1.254447,9.307026,1.037674,24.398176,1.481140,-14.295065
8.526000,-1.689651,6.528646,1.203758,22.766556,-1.677455,-14.724274
8.530000,-1.949476,4.488274,1.320257,21.456969,-3.980364,-14.996773
8.530000,-1.969755,3.506410,1.357866,20.597267,-5.061859,-15.014256
8.532000,1.382027,-2.627696,1.159980,12.716596,-11.965681,-16.651883
8.534000,1.601426,-4.057204,1.173726,11.280761,-13.591665,-16.933999
8.536000,1.808906,-5.436605,1.184548,9.881658,-15.168520,-17.241958
8.540000,1.661056,-5.858081,1.191042,9.441061,-15.672902,-17.275150
8.542000,1.505765,-6.056236,1.184534,9.153301,-15.923483,-17.276467
8.544000,1.339908,-6.029508,1.165466,9.026651,-15.916478,-17.239884
8.544000,1.210734,-5.892093,1.134111,8.949284,-15.778080,-17.202828
8.546000,1.100801,-5.742114,1.098841,8.874635,-15.621777,-17.186307
8.548000,1.018971,-5.584899,1.059090,8.792887,-15.452686,-17.189758
8.552000,0.960589,-5.431414,1.016512,8.702101,-15.283587,-17.212412
8.554000,0.923880,-5.280598,0.971625,8.604950,-15.113390,-17.250383
8.554000,0.904287,-5.173852,0.927402,8.476105,-14.990716,-17.310496
8.556000,0.877734,-4.666804,0.866322,8.662016,-14.398173,-17.279587
8.558000,0.895974,-4.498131,0.815998,8.574022,-14.195578,-17.339794
8.560000,0.924455,-4.525196,0.773259,8.363146,-14.232321,-17.485688
8.564000,0.832132,-4.166787,0.715482,8.451225,-13.783042,-17.592282
8.566000,1.007377,-4.094537,0.670479,8.272334,-13.689644,-17.566066
8.566000,1.068045,-4.133599,0.628197,8.060475,-13.730584,-17.713150
8.568000,1.135388,-3.845080,0.576964,8.083872,-13.362610,-17.719305
8.570000,1.189706,-3.730309,0.532787,8.004082,-13.208611,-17.795715
8.574000,1.248546,-3.594502,0.488438,7.945629,-13.027724,-17.862098
8.576000,1.296042,-3.470695,0.447199,7.899017,-12.860451,-17.928685
8.576000,1.365230,-3.495904,0.409076,7.738095,-12.875413,-18.051061
8.578000,1.386436,-3.229043,0.369378,7.834082,-12.529541,-18.050783
8.580000,1.425741,-3.107860,0.333212,7.821088,-12.362406,-18.105144
8.584000,1.356973,-2.388663,0.300445,8.456494,-11.481015,-18.145752
8.586000,1.567155,-2.482549,0.237093,8.047283,-11.579747,-18.132732
8.588000,1.601944,-2.309243,0.202919,8.100552,-11.348575,-18.161057
8.588000,1.636671,-2.218715,0.172430,8.093601,-11.214742,-18.200988
8.590000,1.614925,-2.002489,0.148582,8.244583,-10.928840,-18.194639
8.594000,1.621388,-1.908805,0.127253,8.332206,-10.760898,-18.290927
8.596000,1.624020,-1.903661,0.109242,8.326009,-10.731666,-18.350604
8.596000,1.596216,-1.837540,0.092586,8.343025,-10.657506,-18.322105
8.598000,1.573867,-1.701167,0.072140,8.448326,-10.468099,-18.318710
8.600000,1.554754,-1.618265,0.053670,8.517584,-10.344961,-18.332445
8.604000,1.302936,-1.204693,0.092876,9.257174,-9.817481,-18.357507
8.606000,1.508464,-1.460739,0.023013,8.735003,-10.079197,-18.402570
8.606000,1.723023,-1.038241,-0.048984,8.769583,-9.573989,-18.307182
8.608000,1.735958,-0.907941,-0.075427,8.839865,-9.393595,-18.296638
8.610000,1.721953,-0.802344,-0.091434,8.940070,-9.245011,-18.295206
8.612000,1.659564,-0.759456,-0.095887,9.049151,-9.172230,-18.306702
8.616000,1.293862,-0.422854,-0.016221,9.924391,-8.747164,-18.336848
8.618000,1.207980,-0.395694,-0.012743,10.060462,-8.695344,-18.348109
8.618000,1.406618,-0.720991,-0.089256,9.400639,-9.065479,-18.350678
8.620000,1.341251,-0.758403,-0.091524,9.441266,-9.087208,-18.360547
8.624000,1.307925,-0.781244,-0.098173,9.531375,-9.073565,-18.402529
8.624000,1.207494,-0.756720,-0.094019,9.611171,-9.046100,-18.374346
8.626000,1.122301,-0.730195,-0.089438,9.751625,-8.996537,-18.377597
8.628000,1.059916,-0.681439,-0.089960,9.888453,-8.925827,-18.387695
8.632000,0.957845,-0.674810,-0.077021,10.110052,-8.879585,-18.414593
8.632000,1.520828,-0.291187,-0.201165,9.767081,-8.400269,-18.347672
8.634000,1.509943,-0.231525,-0.210489,9.865943,-8.316043,-18.362076
8.636000,1.512697,-0.177318,-0.220873,9.940146,-8.233691,-18.364954
8.638000,1.331505,-0.187812,-0.195447,10.157552,-8.228099,-18.358068
8.642000,1.187833,-0.207029,-0.174620,10.411773,-8.222754,-18.400381
8.644000,1.015779,-0.248574,-0.152824,10.526329,-8.274958,-18.384638
8.644000,0.859410,-0.284192,-0.131499,10.706906,-8.305555,-18.399057
8.646000,0.776875,-0.336870,-0.123318,10.802320,-8.362604,-18.441171
8.648000,0.641286,-0.369566,-0.105254,10.966722,-8.390414,-18.456850
8.652000,0.229430,0.102721,-0.001251,12.084473,-7.819278,-18.432103
8.654000,0.302783,-0.382393,-0.055072,11.479438,-8.367253,-18.475133
8.654000,0.169568,-0.400835,-0.039435,11.579818,-8.390597,-18.460316
8.656000,2.571592,-0.997951,-0.429399,8.661953,-8.980498,-18.790715
8.658000,2.588622,-1.017273,-0.434625,8.679840,-8.988893,-18.813833
8.662000,2.119814,-0.443894,-0.321266,9.959113,-8.315201,-18.791547
8.662000,2.224892,-1.014463,-0.377283,9.184900,-8.972093,-18.831676
8.664000,1.727844,-0.979532,-0.295347,9.789825,-8.925297,-18.786240
8.668000,0.783848,-0.320481,-0.109504,11.644714,-8.169213,-18.715449
8.670000,0.720219,-0.860973,-0.137496,11.073496,-8.797285,-18.739427
8.670000,0.395631,-0.879997,-0.086694,11.484382,-8.831720,-18.779805
8.672000,0.034845,-0.894526,-0.036763,11.888447,-8.851938,-18.775192
8.674000,-0.355076,-0.844464,0.021521,12.403363,-8.797900,-18.763585
8.676000,-0.657679,-0.868340,0.069914,12.778038,-8.826820,-18.776687
8.680000,-1.653357,-0.480922,0.206691,14.166683,-8.405076,-18.641687
8.682000,-1.541036,-0.569757,0.194159,14.053646,-8.479106,-18.665337
8.682000,9.997977,-5.185725,-1.368953,-1.105730,-13.378014,-20.660351
8.684000,9.125381,-4.778946,-1.242189,0.175116,-12.931790,-20.535203
8.686000,7.972534,-4.284802,-1.078327,1.809846,-12.397106,-20.371403
8.688000,2.731837,-3.140852,-0.312052,8.236528,-11.263705,-19.792027
8.692000,-1.840715,-1.825067,0.327543,14.050764,-9.880968,-19.164338
8.692000,-5.401767,-0.625509,0.801254,18.741949,-8.619326,-18.703622
8.696000,-7.413746,0.216558,1.049987,21.527193,-7.700298,-18.387423
8.696000,-8.225098,0.889640,1.117965,22.909415,-6.935497,-18.185358
8.698000,-8.082182,1.400399,1.048457,23.158831,-6.326088,-18.080434
8.700000,-7.307301,1.780268,0.892550,22.644061,-5.847809,-18.048400
8.704000,-6.056190,1.852029,0.689632,21.425245,-5.713289,-18.133383
8.704000,2.536712,-5.884952,-6.665093,-2.986099,-18.073421,5.396962
8.706000,4.185718,-6.552399,-6.664008,-5.087758,-18.557124,5.246964
8.708000,4.829324,-7.104563,-6.031146,-5.211356,-19.091971,5.378231
8.710000,3.230117,-5.508793,-7.416563,-5.310638,-16.793716,4.737684
8.714000,1.195780,-3.596822,-9.014069,-5.125569,-14.145231,4.043818
8.714000,-1.178577,-1.368936,-10.910666,-4.882497,-11.124158,3.264271
8.716000,-3.508866,0.803611,-12.760210,-4.609204,-8.213438,2.523874
8.718000,-5.690207,2.824571,-14.484817,-4.341847,-5.529935,1.849019
8.720000,-7.641559,4.602689,-15.995449,-4.068202,-3.188141,1.271311
8.724000,-9.333347,6.110832,-17.269764,-3.798370,-1.217650,0.796089
8.726000,-10.678712,7.291108,-18.274217,-3.596718,0.323481,0.426180
8.726000,-11.954067,8.336954,-19.113074,-3.261950,1.650956,0.137954
8.728000,-12.927292,9.109243,-19.729419,-3.002212,2.628062,-0.069696
8.732000,-13.727484,9.709046,-20.188061,-2.743331,3.375123,-0.217000
8.734000,-14.397576,10.158645,-20.475858,-2.413622,3.921538,-0.303037
8.736000,-14.858812,10.450773,-20.661832,-2.204852,4.273938,-0.361014
8.736000,-15.352960,10.752929,-20.832837,-1.916842,4.626799,-0.399899
8.738000,-15.705267,10.945803,-20.920708,-1.691396,4.848192,-0.419665
8.740000,-16.004937,11.097574,-20.970504,-1.476209,5.019024,-0.428708
8.744000,-16.606258,11.450737,-21.153970,-1.133975,5.421732,-0.463412
8.746000,-16.452599,11.291189,-20.981101,-1.094945,5.231990,-0.426389
8.746000,-16.625305,11.355994,-20.963849,-0.927910,5.302597,-0.421219
8.748000,-16.727250,11.369263,-20.905025,-0.782689,5.313967,-0.407884
8.750000,-16.846239,11.402291,-20.865172,-0.639856,5.351206,-0.400742
8.754000,-16.910416,11.393302,-20.784389,-0.510702,5.342089,-0.389181
8.756000,-17.037508,11.445605,-20.772274,-0.380539,5.404601,-0.387509
8.756000,-17.098286,11.393935,-20.566134,-0.068241,5.346876,-0.344649
8.758000,-17.163683,11.399935,-20.506651,0.052487,5.360484,-0.338127
8.760000,-17.212435,11.396596,-20.442651,0.161274,5.364575,-0.332044
8.764000,-17.257515,11.403414,-20.407338,0.229619,5.382418,-0.333573
8.764000,-17.294981,11.408225,-20.374704,0.287430,5.398530,-0.336304
8.766000,-17.325159,11.412008,-20.348340,0.329610,5.414061,-0.341238
8.770000,-17.358979,11.426389,-20.317109,0.363205,5.425434,-0.346686
8.770000,-17.353357,11.399398,-20.277005,0.410023,5.422802,-0.349484
8.772000,-17.374403,11.404262,-20.273336,0.421928,5.439521,-0.360031
8.774000,-17.371060,11.387866,-20.229899,0.454923,5.433445,-0.364209
8.776000,-17.377728,11.385094,-20.227729,0.448163,5.441233,-0.376662
8.780000,-17.370734,11.371006,-20.204222,0.451785,5.435956,-0.385650
8.782000,-17.360793,11.355128,-20.168286,0.468959,5.428367,-0.392037
8.782000,-17.277105,11.248900,-20.016249,0.558907,5.319429,-0.378987
8.784000,-17.250422,11.219544,-19.979750,0.559087,5.295886,-0.387029
8.786000,-17.221044,11.189533,-19.946247,0.552167,5.271232,-0.396210
8.790000,-16.910582,10.991676,-19.885441,0.227633,4.987652,-0.380552
8.792000,-17.184321,11.162194,-19.932826,0.493994,5.256687,-0.424706
8.794000,-17.178119,11.161030,-19.925972,0.481108,5.262053,-0.437288
8.794000,-17.184586,11.164261,-19.940331,0.454647,5.280435,-0.460506
8.796000,-17.165370,11.154062,-19.943578,0.411688,5.274428,-0.477132
8.798000,-17.142731,11.141736,-19.947561,0.363259,5.265330,-0.494392
8.802000,-16.714333,10.859012,-19.841983,-0.045065,4.858940,-0.465857
8.804000,-17.085130,11.110060,-19.952752,0.255287,5.234240,-0.527634
8.804000,-17.053052,11.090544,-19.952878,0.199492,5.216562,-0.546821
8.806000,-16.970499,10.994863,-19.826770,0.252708,5.129578,-0.552603
8.808000,-16.910711,10.948481,-19.802096,0.194530,5.083145,-0.570340
8.812000,-16.865766,10.916675,-19.788248,0.141689,5.051006,-0.588119
8.814000,-16.833567,10.901284,-19.795940,0.076580,5.033990,-0.607662
8.814000,-16.804486,10.890316,-19.809713,0.007399,5.020657,-0.627815
8.816000,-16.777692,10.882663,-19.827550,-0.064099,5.009822,-0.648217
8.818000,-16.750877,10.875586,-19.845878,-0.136093,4.998791,-0.668522
8.820000,-16.723403,10.868335,-19.863630,-0.207962,4.986855,-0.688604
8.822000,-16.723403,10.868335,-19.863630,-0.207962,4.986855,-0.688604
8.822000,-16.107825,10.441996,-19.674690,-0.736595,4.391479,-0.643501
8.826000,-16.690405,10.896455,-19.954570,-0.410272,5.001325,-0.752574
8.830000,-16.624253,10.856290,-19.951261,-0.505956,4.953848,-0.774406
8.832000,-16.627857,10.865619,-19.966191,-0.537600,4.975166,-0.802528
8.832000,-16.379956,10.613612,-19.703658,-0.514296,4.723065,-0.802254
8.834000,-16.323848,10.578235,-19.683301,-0.569067,4.678950,-0.816155
8.836000,-16.260975,10.539714,-19.660386,-0.633715,4.628394,-0.829146
8.838000,-16.231092,10.539996,-19.684156,-0.718797,4.616280,-0.846201
8.842000,-16.262500,10.595237,-19.737093,-0.762309,4.662620,-0.861951
8.844000,-16.252338,10.615172,-19.774533,-0.838926,4.670640,-0.879068
8.844000,-16.182231,10.583503,-19.785507,-0.958275,4.623621,-0.897632
8.846000,-16.157787,10.591585,-19.813849,-1.040803,4.619741,-0.914865
8.848000,-16.129582,10.596316,-19.837746,-1.121736,4.612720,-0.931713
8.850000,-16.100155,10.600848,-19.861329,-1.203525,4.606105,-0.948775
8.854000,-15.415523,10.118867,-19.545998,-1.628832,3.936800,-0.850791
8.856000,-16.058161,10.619820,-19.894800,-1.321887,4.604536,-0.976647
8.858000,-15.142387,9.816422,-19.345643,-1.792841,3.764194,-0.980081
8.858000,-15.276177,9.953243,-19.435989,-1.751051,3.915847,-1.004070
8.860000,-15.220368,9.933210,-19.425077,-1.815596,3.886217,-1.015724
8.862000,-15.355997,10.089382,-19.540596,-1.799992,4.042659,-1.031527
8.866000,-15.268129,10.048996,-19.527766,-1.901893,3.991656,-1.043779
8.868000,-15.466492,10.263350,-19.681326,-1.850686,4.201072,-1.055799
8.868000,-15.533243,10.361644,-19.757883,-1.869816,4.292688,-1.068546
8.870000,-15.394054,10.279263,-19.715322,-1.996687,4.198671,-1.079623
8.872000,-15.426339,10.351236,-19.777280,-2.040814,4.263736,-1.093575
8.876000,-15.545337,10.493782,-19.871763,-2.016404,4.404327,-1.106225
8.876000,-15.641413,10.613495,-19.944701,-1.990368,4.519549,-1.115422
8.878000,-15.633671,10.649541,-19.973791,-2.038780,4.546205,-1.125440
8.880000,-15.684477,10.735776,-20.031200,-2.050407,4.626915,-1.136522
8.882000,-10.887976,6.577603,-17.209613,-4.438729,0.348959,-1.048639
8.886000,-11.271303,6.960589,-17.452650,-4.260387,0.736706,-1.057361
8.888000,-12.860113,8.447665,-18.533052,-3.664215,2.258791,-1.123262
8.890000,-14.537879,10.006311,-19.671678,-3.028257,3.857924,-1.188113
8.890000,-15.926644,11.275236,-20.562234,-2.437000,5.162071,-1.237189
8.892000,-4.096212,28.610689,1.082349,44.380033,22.161304,-20.896432
8.896000,-3.235693,30.300123,0.906170,44.561782,24.082255,-18.695123
8.896000,-2.349908,32.352724,0.704563,44.979402,26.431686,-16.509974
8.898000,-1.419650,29.946845,0.556233,41.563856,23.906304,-15.555828
8.900000,-0.834413,26.843684,0.498669,38.107254,20.595121,-14.984954
8.904000,-0.591103,23.000105,0.533619,34.580961,16.445456,-14.799171
8.906000,-0.786753,19.338992,0.661262,31.878238,12.427131,-14.888958
8.906000,2.137126,11.356277,0.624528,23.202423,3.745994,-16.163749
8.908000,2.150579,7.596692,0.742569,20.299447,-0.371438,-16.474227
8.910000,2.139532,4.210672,0.867899,17.756352,-4.092469,-16.825761
8.914000,1.763625,1.901078,0.988812,16.272981,-6.651528,-16.962989
8.916000,1.428935,0.622135,1.061756,15.453153,-8.080307,-16.939629
8.916000,1.040371,-0.700957,1.141778,14.645467,-9.566554,-16.981807
8.918000,0.699461,-1.705489,1.200606,14.006348,-10.703539,-17.008289
8.920000,0.385366,-2.570831,1.249488,13.439754,-11.689657,-17.055284
8.922000,0.060414,-3.463753,1.301711,12.901839,-12.733374,-17.204823
8.926000,0.008647,-3.571940,1.279557,12.588988,-12.843113,-17.123411
8.926000,-0.066333,-3.838612,1.269512,12.233874,-13.153924,-17.160164
8.928000,-0.138663,-4.044561,1.250608,11.903576,-13.395171,-17.205288
8.930000,-0.207365,-4.290019,1.233218,11.555232,-13.681773,-17.286025
8.932000,-0.618200,-4.207244,1.250631,11.820463,-13.628920,-17.341676
8.936000,-0.636431,-4.215380,1.219386,11.630594,-13.642346,-17.407450
8.936000,-0.567741,-4.034250,1.167780,11.476949,-13.416868,-17.403640
8.938000,-0.517974,-4.055763,1.124154,11.214814,-13.437953,-17.496559
8.940000,-0.448833,-4.288617,1.087558,10.817052,-13.712690,-17.684801
8.944000,-0.372236,-4.303786,1.039948,10.552392,-13.722151,-17.789938
8.946000,-0.289688,-4.064479,0.986030,10.475014,-13.425513,-17.804561
8.946000,-0.204215,-3.973444,0.934134,10.300304,-13.310356,-17.891254
8.948000,-0.095200,-3.919958,0.881543,10.087159,-13.235385,-17.988067
8.950000,-0.006753,-3.821171,0.830445,9.936917,-13.108684,-18.075883
8.952000,0.136290,-3.938180,0.780983,9.602732,-13.236434,-18.242238
8.954000,0.240873,-3.844475,0.729804,9.452649,-13.111537,-18.327549
8.958000,0.024623,-3.424382,0.718886,9.880827,-12.628444,-18.326427
8.960000,0.076251,-3.220772,0.674450,9.884317,-12.377543,-18.379493
8.960000,0.111336,-2.932270,0.630732,9.964205,-12.019937,-18.387726
8.962000,0.187457,-2.768356,0.586500,9.934334,-11.811542,-18.448069
8.964000,0.353832,-2.797999,0.536215,9.689482,-11.828305,-18.570544
8.966000,0.454672,-2.694812,0.492489,9.605919,-11.687468,-18.638293
8.970000,0.528304,-2.561020,0.453022,9.579727,-11.512414,-18.694740
8.970000,0.561548,-2.354319,0.421621,9.657632,-11.250291,-18.714038
8.972000,0.610918,-2.203492,0.387351,9.681883,-11.056848,-18.756149
8.974000,0.677973,-2.081829,0.352005,9.671985,-10.895530,-18.801427
8.976000,0.800612,-2.078485,0.312216,9.527802,-10.871081,-18.881466
8.978000,0.862412,-1.978533,0.279361,9.515384,-10.732790,-18.922400
8.982000,0.871608,-1.819447,0.256347,9.608557,-10.527211,-18.937363
8.982000,0.471749,-1.352387,0.292390,10.361054,-9.993608,-18.876628
8.984000,0.524629,-1.308319,0.265462,10.333595,-9.921904,-18.924761
8.986000,0.552768,-1.188446,0.238882,10.381161,-9.761684,-18.941170
8.990000,0.617512,-1.134516,0.207069,10.342531,-9.676111,-18.974040
8.990000,0.658234,-1.072623,0.181698,10.342539,-9.584049,-19.002644
8.992000,0.674987,-0.995023,0.158180,10.375729,-9.474305,-19.023189
8.994000,0.762836,-1.000372,0.127057,10.279618,-9.455627,-19.061399
8.998000,0.783413,-0.912922,0.103692,10.322953,-9.335739,-19.078028
8.998000,0.795272,-0.848600,0.086449,10.369579,-9.243776,-19.098521
9.000000,0.815312,-0.791735,0.066506,10.399682,-9.159137,-19.118087
9.002000,0.831040,-0.741792,0.048418,10.432956,-9.083022,-19.138238
9.004000,0.885436,-0.739796,0.026558,10.391498,-9.057142,-19.162001
9.008000,0.325798,-0.238257,0.090423,11.358109,-8.497716,-19.069190
9.010000,0.274662,-0.158313,0.085861,11.494096,-8.393063,-19.079267
9.010000,0.231561,-0.088154,0.078853,11.612795,-8.298556,-19.089750
9.012000,0.267469,-0.081099,0.061301,11.605027,-8.272797,-19.117200
9.014000,0.336599,-0.094599,0.040001,11.545153,-8.264280,-19.137698
9.016000,0.376893,-0.111730,0.022837,11.522857,-8.271957,-19.181001
9.018000,0.443779,-0.111416,0.003142,11.486232,-8.254890,-19.211216
9.022000,0.503147,-0.142281,-0.014976,11.434174,-8.273436,-19.245916
9.024000,0.544978,-0.139041,-0.030877,11.427060,-8.254113,-19.272528
9.024000,0.588777,-0.154895,-0.046018,11.405475,-8.256834,-19.302777
9.026000,0.627782,-0.168844,-0.059949,11.392164,-8.257998,-19.332459
9.030000,0.751520,0.229641,-0.050654,11.806766,-7.791471,-19.392689
9.032000,0.693580,-0.202301,-0.084149,11.377768,-8.268408,-19.393301
9.032000,-0.058831,-0.309334,0.041580,12.130539,-8.416422,-19.402854
9.036000,-0.058831,-0.309334,0.041580,12.130539,-8.416422,-19.402854
9.036000,-0.097356,-0.414802,0.039366,12.111122,-8.526310,-19.437509
9.038000,-0.020205,-0.460633,0.016645,12.090381,-8.553405,-19.502958
9.042000,0.084905,-0.386719,-0.009617,12.071341,-8.444408,-19.497170
9.042000,0.206201,-0.377964,-0.034438,12.014131,-8.428995,-19.554197
9.046000,0.323651,-0.383696,-0.056039,11.933833,-8.411221,-19.567517
9.048000,0.465677,-0.355424,-0.085336,11.871992,-8.373739,-19.626503
9.050000,0.613217,-0.446449,-0.107901,11.713244,-8.461857,-19.685864
9.050000,0.735311,-0.455424,-0.130110,11.639274,-8.458515,-19.728977
9.052000,0.846749,-0.471083,-0.149626,11.573128,-8.462998,-19.773042
9.056000,0.966080,-0.526291,-0.167877,11.473378,-8.512216,-19.826301
9.058000,-0.238837,-2.114222,0.110738,11.718553,-10.368557,-20.137561
9.060000,-0.220538,-2.137257,0.108298,11.754426,-10.385645,-20.182884
9.060000,-0.193384,-2.136017,0.103441,11.799472,-10.374777,-20.224300
9.062000,0.085672,-1.867378,0.044812,11.770960,-10.048876,-20.218005
9.064000,0.385540,-1.590779,-0.016124,11.714128,-9.701340,-20.182527
9.068000,1.001673,-1.684376,-0.108123,11.101482,-9.783671,-20.304777
9.070000,1.016499,-0.783950,-0.161096,11.774514,-8.753750,-20.157376
9.072000,1.344462,-0.474441,-0.229767,11.719523,-8.380928,-20.153917
9.072000,1.613823,-0.132504,-0.290765,11.748686,-7.973109,-20.140487
9.074000,2.426019,-0.208992,-0.410684,10.922236,-8.015674,-20.244338
9.076000,3.046192,-0.432306,-0.490246,10.201497,-8.233885,-20.372317
9.080000,3.732156,-0.934302,-0.559172,9.215412,-8.751827,-20.530900
9.082000,3.109455,0.154353,-0.531012,10.679710,-7.552569,-20.345415
9.082000,1.674058,-9.595018,0.316412,5.969258,-18.656194,-22.531102
9.084000,0.951034,-6.053605,0.204428,9.139882,-14.664978,-21.760861
9.086000,1.057368,-4.330376,0.081017,10.236961,-12.698541,-21.430268
9.090000,0.416205,-3.532386,-10.256963,-5.195354,-13.818498,4.174687
9.092000,0.804199,-3.884353,-9.730470,-5.198419,-14.009801,4.256666
9.092000,1.173207,-4.215386,-9.279967,-5.234300,-14.239128,4.342867
9.094000,-0.328091,-2.844997,-10.254354,-4.947102,-12.342408,3.848768
9.096000,-2.076462,-1.233352,-11.466554,-4.632522,-10.194349,3.292991
9.100000,-4.079392,0.619354,-12.907584,-4.276964,-7.787871,2.677579
9.102000,-5.957589,2.363809,-14.279065,-3.953411,-5.539773,2.105206
9.102000,-7.930023,4.169805,-15.700291,-3.559726,-3.286248,1.565889
9.104000,-9.614557,5.706302,-16.911563,-3.225816,-1.373016,1.111104
9.106000,-9.084857,5.552856,-17.333253,-4.663952,-1.271808,0.671607
9.108000,-10.127144,6.488754,-18.117316,-4.554849,-0.098905,0.362797
9.112000,-10.962860,7.218723,-18.731831,-4.469924,0.811871,0.121183
9.114000,-11.841639,7.931885,-19.256304,-4.193308,1.658008,-0.051947
9.114000,-12.595389,8.518536,-19.664272,-3.907659,2.340521,-0.177628
9.116000,-13.246869,9.003049,-19.975252,-3.610726,2.892262,-0.265586
9.120000,-13.733206,9.328567,-20.136112,-3.315166,3.259503,-0.315223
9.120000,-14.270913,9.718413,-20.376638,-3.045606,3.685736,-0.366510
9.122000,-14.676614,9.985221,-20.500495,-2.781488,3.973831,-0.392627
9.124000,-15.035784,10.217439,-20.598979,-2.534159,4.221038,-0.410534
9.128000,-15.336356,10.402434,-20.659812,-2.304069,4.415426,-0.420003
9.130000,-15.601337,10.561099,-20.698607,-2.082829,4.580665,-0.424157
9.130000,-15.828021,10.692541,-20.719165,-1.880351,4.716584,-0.425260
9.132000,-16.112158,10.900936,-20.838287,-1.734075,4.929968,-0.437991
9.134000,-16.292460,11.003412,-20.845211,-1.561792,5.036744,-0.436943
9.136000,-16.448966,11.091929,-20.848023,-1.410964,5.129302,-0.436429
9.140000,-16.573624,11.153695,-20.826229,-1.264079,5.195060,-0.433279
9.142000,-16.679439,11.203164,-20.796594,-1.127676,5.248813,-0.429980
9.142000,-16.764752,11.238898,-20.759865,-1.005692,5.289045,-0.427159
9.144000,-16.832380,11.263811,-20.716872,-0.901529,5.318259,-0.425511
9.148000,-16.903736,11.297249,-20.660892,-0.811311,5.339777,-0.424730
9.150000,-16.906861,11.261897,-20.567070,-0.678045,5.326292,-0.414898
9.150000,-16.961062,11.294382,-20.575289,-0.658479,5.364183,-0.426795
9.152000,-16.985528,11.293680,-20.525974,-0.593493,5.370518,-0.429079
9.154000,-17.005554,11.293304,-20.484250,-0.545881,5.376727,-0.433981
9.158000,-17.047561,11.338998,-20.556326,-0.637337,5.426561,-0.461683
9.158000,-17.057698,11.334494,-20.519666,-0.608860,5.428789,-0.469161
9.160000,-17.056473,11.323338,-20.487961,-0.602849,5.423995,-0.479501
9.162000,-17.041921,11.286766,-20.376420,-0.495989,5.396354,-0.473346
9.166000,-17.030456,11.272490,-20.369486,-0.538051,5.387236,-0.491367
9.166000,-17.012658,11.234213,-20.252726,-0.425341,5.358828,-0.484884
9.168000,-16.991454,11.214194,-20.248406,-0.483593,5.343982,-0.505342
9.170000,-16.966202,11.181195,-20.185610,-0.459799,5.318578,-0.512854
9.174000,-16.941829,11.151630,-20.133076,-0.449406,5.296611,-0.522797
9.176000,-16.925567,11.119745,-20.026361,-0.345376,5.275446,-0.518991
9.176000,-16.888496,11.088112,-20.014745,-0.412675,5.248321,-0.540394
9.178000,-16.859865,11.055807,-19.956973,-0.398293,5.223600,-0.550159
9.180000,-16.831744,11.025321,-19.908913,-0.398356,5.203100,-0.564636
9.184000,-16.737841,10.978646,-20.035821,-0.765265,5.157094,-0.631216
9.186000,-16.728565,10.960972,-19.965038,-0.704160,5.152294,-0.637993
9.186000,-16.699536,10.935331,-19.936409,-0.733989,5.135198,-0.657002
9.188000,-16.663660,10.903760,-19.907013,-0.769512,5.109741,-0.676044
9.190000,-16.631777,10.871089,-19.848000,-0.755056,5.085261,-0.687718
9.194000,-16.601379,10.839443,-19.785112,-0.731853,5.061586,-0.698015
9.194000,-16.573930,10.809477,-19.716763,-0.694673,5.039968,-0.706711
9.196000,-16.524670,10.764189,-19.656482,-0.701345,5.001247,-0.720567
9.198000,-16.494697,10.733977,-19.592360,-0.673484,4.978370,-0.730290
9.200000,-16.463052,10.703606,-19.531921,-0.653343,4.954631,-0.740877
9.204000,-16.474127,10.702230,-19.444559,-0.531452,4.964121,-0.739049
9.204000,-16.413762,10.656449,-19.417100,-0.600808,4.919704,-0.760465
9.206000,-16.168548,10.513580,-19.599810,-1.265241,4.765412,-0.861753
9.208000,-16.130176,10.490327,-19.581333,-1.317135,4.745359,-0.881972
9.210000,-16.091858,10.467205,-19.559384,-1.362929,4.725142,-0.901045
9.214000,-16.113119,10.491410,-19.465303,-1.205356,4.748029,-0.893794
9.216000,-16.115938,10.475234,-19.397896,-1.128251,4.749595,-0.897220
9.216000,-16.058213,10.430608,-19.339544,-1.141977,4.706109,-0.909558
9.218000,-16.091091,10.449588,-19.259556,-0.995893,4.733343,-0.904350
9.220000,-16.079889,10.436945,-19.186633,-0.923707,4.725604,-0.907204
9.224000,-15.535617,9.976148,-18.639265,-0.837341,4.123159,-0.771614
9.226000,-16.119757,10.454430,-19.028686,-0.676027,4.757056,-0.901958
9.226000,-15.990015,10.360253,-18.985574,-0.815529,4.657979,-0.927018
9.228000,-16.047052,10.409640,-18.990324,-0.772929,4.726936,-0.949233
9.230000,-16.024519,10.392814,-18.936517,-0.746356,4.710368,-0.956348
9.232000,-15.445693,10.088257,-19.281567,-2.100855,4.380967,-1.136232
9.234000,-15.445693,10.088257,-19.281567,-2.100855,4.380967,-1.136232
9.234000,-15.396400,10.083021,-19.222781,-2.114134,4.370488,-1.155908
9.238000,-15.223976,9.971973,-19.182790,-2.312268,4.255699,-1.185470
9.240000,-15.235747,9.971172,-19.063163,-2.129199,4.259295,-1.170264
9.242000,-15.349440,10.033722,-18.927358,-1.784972,4.333255,-1.138838
9.244000,-15.328390,10.002507,-18.795624,-1.628388,4.303295,-1.123605
9.246000,-15.555447,10.133292,-18.648171,-1.115009,4.446546,-1.074550
9.248000,-15.615181,10.149418,-18.513860,-0.853535,4.467548,-1.050400
9.250000,-15.500495,10.051984,-18.397471,-0.857066,4.368514,-1.052421
9.252000,-15.515722,10.038356,-18.278472,-0.683471,4.354770,-1.036444
9.256000,-15.767475,10.171795,-18.146719,-0.176775,4.492659,-0.987645
9.258000,-12.832649,8.674387,-19.108007,-5.498905,2.923863,-1.578838
9.258000,-12.956139,8.784575,-19.063448,-5.269202,3.037403,-1.559421
9.260000,-13.069986,8.878855,-19.002923,-5.032154,3.130566,-1.535993
9.262000,-13.616446,9.161577,-18.723629,-3.900640,3.441875,-1.420486
9.264000,-14.153904,9.408291,-18.406797,-2.741650,3.718261,-1.302895
9.268000,-14.795633,9.685022,-18.049384,-1.404234,4.027177,-1.169810
9.268000,-15.414841,9.937642,-17.726878,-0.168510,4.297107,-1.044343
9.270000,-16.462181,10.261336,-17.050208,2.098150,4.632022,-0.792591
9.272000,-16.487457,10.079722,-16.632263,2.669347,4.437363,-0.709218
9.274000,-17.591499,10.468704,-16.144819,4.698900,4.815204,-0.490053
9.276000,-17.459078,10.272744,-15.953512,4.728401,4.580683,-0.462147
9.280000,-9.271267,31.179758,1.582294,50.139948,25.123656,-18.736741
9.282000,-8.284744,33.248650,1.363026,50.349469,27.458527,-16.014727
9.282000,-3.550252,30.260899,0.963742,43.758918,24.232455,-15.269068
9.284000,-1.328073,27.316931,0.684814,38.773220,21.110903,-14.390555
9.288000,0.471191,23.194017,0.535330,33.599134,16.634645,-14.182081
9.288000,1.320532,19.568115,0.483106,29.703144,12.761021,-13.885243
9.290000,1.675878,15.660985,0.536188,26.301708,8.509932,-13.951491
9.292000,1.638056,12.062855,0.645482,23.601545,4.575207,-14.110369
9.294000,1.351180,8.818891,0.787448,21.463147,1.006049,-14.333407
9.296000,0.914826,5.939842,0.945020,19.763140,-2.181180,-14.586930
9.298000,0.427859,3.523445,1.094333,18.435783,-4.869737,-14.823692
9.302000,-0.063411,1.510798,1.229543,17.384372,-7.121079,-15.041525
9.302000,-0.519845,-0.129025,1.344260,16.539078,-8.964875,-15.234709
9.304000,-0.922437,-1.443311,1.436522,15.846999,-10.450013,-15.405100
9.306000,-1.822276,-1.796286,1.549291,16.270438,-10.873193,-15.343825
9.308000,-2.149820,-2.542637,1.603619,15.867701,-11.725979,-15.462782
9.310000,-2.418912,-3.394986,1.653912,15.368986,-12.721496,-15.703265
9.314000,-2.539756,-3.857667,1.663711,14.950356,-13.248531,-15.831357
9.314000,-2.594315,-4.239971,1.659604,14.523203,-13.682876,-15.969081
9.316000,-2.611425,-4.210413,1.629870,14.303913,-13.627440,-15.971322
9.318000,-2.571972,-4.385321,1.600793,13.930364,-13.821462,-16.099070
9.320000,-2.455984,-4.756829,1.568585,13.382714,-14.253934,-16.342624
9.322000,-2.402792,-4.582893,1.520027,13.217247,-14.030513,-16.364479
9.324000,-2.287866,-4.632478,1.471895,12.874964,-14.076288,-16.502418
9.328000,-2.088789,-4.855632,1.418333,12.360652,-14.331423,-16.734151
9.328000,-1.991778,-4.623755,1.360479,12.221105,-14.037516,-16.768793
9.330000,-1.830557,-4.574236,1.300900,11.926701,-13.964230,-16.897927
9.332000,-2.315499,-3.990321,1.320945,12.669938,-13.305019,-16.859389
9.334000,-2.111817,-4.072920,1.261920,12.282938,-13.392434,-17.061459
9.336000,-2.103941,-3.688384,1.214851,12.387064,-12.925253,-17.065910
9.338000,-1.902130,-3.581962,1.150091,12.135574,-12.780369,-17.186323
9.342000,-1.582357,-3.643204,1.073969,11.671655,-12.833067,-17.379284
9.342000,-1.476820,-3.326264,1.017966,11.667944,-12.437302,-17.408109
9.344000,-1.256689,-3.204704,0.952262,11.436369,-12.271849,-17.517108
9.348000,-0.923980,-3.236810,0.874847,11.001576,-12.286708,-17.687821
9.348000,-0.852671,-2.919995,0.827213,11.061540,-11.892931,-17.708856
9.350000,-0.705296,-2.745504,0.773476,10.964367,-11.668556,-17.788678
9.352000,-0.543350,-2.581345,0.718395,10.850559,-11.454830,-17.865351
9.354000,-0.226167,-2.600776,0.645160,10.464045,-11.452374,-18.008813
9.356000,-0.900356,-1.799665,0.706478,11.667529,-10.535769,-17.868877
9.358000,-0.867877,-1.587347,0.673701,11.742005,-10.272043,-17.916860
9.362000,-0.659639,-1.532684,0.617853,11.534363,-10.186691,-18.018176
9.362000,-0.650284,-1.284453,0.589464,11.664063,-9.877294,-18.036346
9.364000,-0.471655,-1.194483,0.539275,11.518514,-9.747681,-18.109255
9.366000,-0.239314,-1.136147,0.481791,11.298826,-9.652220,-18.186959
9.368000,-0.045889,-1.071795,0.431371,11.128821,-9.552887,-18.255697
9.370000,0.136492,-0.994597,0.382733,10.982628,-9.439681,-18.316914
9.372000,0.226695,-0.890036,0.349190,10.954365,-9.299437,-18.364500
9.374000,0.528436,-0.927313,0.285183,10.609465,-9.314663,-18.454894
9.376000,0.575946,-0.795619,0.258230,10.648336,-9.143548,-18.483171
9.378000,0.715313,-0.753965,0.219281,10.531693,-9.073410,-18.536875
9.382000,0.820502,-0.693979,0.185598,10.465448,-8.983982,-18.581406
9.382000,-0.183116,0.089017,0.311663,12.065670,-8.110348,-18.408011
9.384000,-0.183237,0.187140,0.292183,12.133945,-7.982061,-18.431663
9.386000,-0.188510,0.281001,0.273948,12.206587,-7.859288,-18.453931
9.390000,-0.027214,0.262469,0.232685,12.029680,-7.859037,-18.509700
9.392000,0.143309,0.250443,0.190555,11.851403,-7.851536,-18.563372
9.392000,0.337491,0.212680,0.146342,11.633546,-7.873224,-18.622514
9.394000,0.526630,0.173523,0.103829,11.422814,-7.897347,-18.680182
9.396000,0.708635,0.131477,0.063307,11.219877,-7.925660,-18.736724
9.398000,0.879513,0.089522,0.025214,11.030615,-7.954863,-18.791323
9.402000,1.039311,0.047521,-0.010548,10.854571,-7.985064,-18.844138
9.404000,1.188454,0.005608,-0.044125,10.691180,-8.016045,-18.895288
9.404000,1.327980,-0.036434,-0.075730,10.539065,-8.047967,-18.945016
9.406000,-0.555907,0.861049,0.197685,13.181329,-7.081927,-18.697555
9.408000,-0.470931,0.845399,0.173819,13.108613,-7.086167,-18.738659
9.412000,-0.503770,0.853218,0.168993,13.177358,-7.068288,-18.768179
9.414000,-0.221323,0.738248,0.116984,12.828821,-7.179610,-18.840544
9.416000,0.081956,0.612298,0.062832,12.452296,-7.303260,-18.915789
9.416000,0.425653,0.472213,0.003506,12.024975,-7.442175,-18.995741
9.418000,0.614083,0.348894,-0.029815,11.774051,-7.568136,-19.063446
9.420000,1.083978,0.194878,-0.107807,11.207273,-7.719412,-19.152187
9.424000,1.388969,0.062112,-0.158573,10.829846,-7.852844,-19.227426
9.424000,1.698164,-0.067450,-0.209456,10.451383,-7.982895,-19.301975
9.426000,1.965094,-0.191092,-0.253046,10.122559,-8.107959,-19.373042
9.428000,2.214255,-0.310339,-0.293335,9.816646,-8.228860,-19.442278
9.430000,2.443554,-0.425395,-0.330013,9.535781,-8.345819,-19.509733
9.434000,-0.984989,0.282341,0.189626,13.694418,-7.649916,-19.225473
9.436000,-1.030068,0.234946,0.193041,13.755206,-7.698613,-19.266288
9.436000,-1.000594,0.137873,0.186128,13.703381,-7.801020,-19.321451
9.438000,-0.357350,-0.049193,0.086105,12.940644,-7.986811,-19.426039
9.442000,0.402659,-0.295998,-0.027910,12.013654,-8.237487,-19.548733
9.442000,1.087407,-0.427520,-0.132556,11.251327,-8.360087,-19.646438
9.444000,1.887499,-0.631186,-0.250917,10.317387,-8.561431,-19.765055
9.448000,2.744154,-0.848207,-0.373952,9.306585,-8.765649,-19.863123
9.448000,3.386467,-1.015114,-0.467005,8.580198,-8.941441,-19.995754
9.450000,4.118975,-1.295397,-0.565144,7.670186,-9.232529,-20.128231
9.452000,4.284094,-1.497173,-0.578002,7.418508,-9.452269,-20.218603
9.456000,4.959006,-1.802161,-0.662648,6.558038,-9.772461,-20.354707
9.456000,-5.570244,-2.394008,0.982271,17.356026,-10.760054,-19.971139
9.458000,-4.290020,-2.565227,0.792674,15.963679,-10.905259,-20.117331
9.460000,0.479774,-3.467427,0.119358,10.364022,-11.776600,-20.576359
9.462000,5.171747,-3.937402,-0.554456,5.134307,-12.155975,-20.906272
9.464000,9.320512,-3.986749,-1.162756,0.786211,-12.088589,-21.163443
9.468000,10.801604,-2.433347,-1.390665,0.726648,-10.277610,-21.151624
9.468000,11.976032,-2.628782,-1.607805,-0.882056,-10.458412,-21.144632
9.470000,0.990085,-3.647073,-12.016387,-8.280565,-13.817620,3.807170
9.472000,1.487465,-4.054017,-11.471976,-8.354566,-14.058255,3.878761
9.476000,2.041201,-4.514339,-10.918063,-8.440052,-14.411494,3.970566
9.476000,0.362251,-3.032423,-11.909477,-7.844127,-12.390122,3.485589
9.478000,-1.474449,-1.401438,-13.038905,-7.204737,-10.231014,2.964298
9.480000,-3.555743,0.461172,-14.391995,-6.531166,-7.842611,2.388728
9.482000,-3.909431,0.678343,-14.403200,-6.329373,-7.181489,1.970706
9.484000,-5.616483,2.197821,-15.532946,-5.806823,-5.263232,1.491318
9.486000,-7.114276,3.516697,-16.517402,-5.348069,-3.613271,1.081352
9.488000,-8.598036,4.832402,-17.527940,-4.919355,-2.028256,0.721750
9.490000,-9.897603,5.968740,-18.402249,-4.536421,-0.678526,0.427682
9.492000,-11.041775,6.953940,-19.160980,-4.190577,0.472283,0.190909
9.494000,-12.017535,7.773225,-19.785068,-3.875869,1.417219,0.007192
9.498000,-12.846029,8.448705,-20.290766,-3.587018,2.186103,-0.132290
9.498000,-13.555313,9.007928,-20.697405,-3.313571,2.813622,-0.235621
9.500000,-14.155696,9.464018,-21.016762,-3.058144,3.318583,-0.310331
9.502000,-14.667653,9.838236,-21.265892,-2.817002,3.727252,-0.363023
9.506000,-15.102147,10.143195,-21.456439,-2.591799,4.056082,-0.399166
9.506000,-15.494225,10.445953,-21.705411,-2.495590,4.372723,-0.442471
9.508000,-15.819161,10.660699,-21.826632,-2.309071,4.598760,-0.459896
9.512000,-16.097996,10.837582,-21.917657,-2.137002,4.784352,-0.471197
9.512000,-16.339441,10.979431,-21.969550,-1.956428,4.933433,-0.474900
9.514000,-16.544442,11.093129,-21.998134,-1.787794,5.053266,-0.475412
9.518000,-16.693870,11.143837,-21.921839,-1.546819,5.109513,-0.456596
9.518000,-16.869032,11.257890,-22.004966,-1.481062,5.229864,-0.471146
9.520000,-16.995700,11.316051,-21.991290,-1.345688,5.294455,-0.468310
9.524000,-17.104851,11.366583,-21.981744,-1.236211,5.352347,-0.468485
9.526000,-17.195611,11.402228,-21.954561,-1.124317,5.395722,-0.466467
9.526000,-17.268916,11.426536,-21.921005,-1.024709,5.428382,-0.465200
9.528000,-17.318938,11.418458,-21.804788,-0.839011,5.430050,-0.447313
9.532000,-17.367763,11.428163,-21.762434,-0.755612,5.449597,-0.447336
9.532000,-17.330852,11.420925,-21.906205,-1.054752,5.443691,-0.500229
9.534000,-17.354213,11.419165,-21.882883,-1.031758,5.452530,-0.508641
9.538000,-17.369990,11.399657,-21.788731,-0.917097,5.445437,-0.501233
9.540000,-17.387103,11.388247,-21.732652,-0.853041,5.446252,-0.503790
9.540000,-17.388773,11.376439,-21.733469,-0.890963,5.445707,-0.522807
9.542000,-17.391561,11.355737,-21.673131,-0.838874,5.438540,-0.527321
9.546000,-17.387711,11.330882,-21.611005,-0.792448,5.427642,-0.532630
9.546000,-17.383822,11.306002,-21.542256,-0.735395,5.417183,-0.536508
9.548000,-17.375204,11.278401,-21.472353,-0.682391,5.404282,-0.541011
9.550000,-17.362383,11.248381,-21.401386,-0.632877,5.389162,-0.546059
9.552000,-17.354550,11.227376,-21.345265,-0.594575,5.381511,-0.551802
9.554000,-17.338463,11.197673,-21.279020,-0.554910,5.366933,-0.558631
9.556000,-17.144220,11.047888,-21.311797,-0.920438,5.221335,-0.615782
9.558000,-17.113539,11.009661,-21.262394,-0.928674,5.199998,-0.632378
9.560000,-17.079619,10.969481,-21.213091,-0.941114,5.176630,-0.649580
9.562000,-17.074755,10.952175,-21.154813,-0.894846,5.175367,-0.658151
9.564000,-17.065117,10.929326,-21.088456,-0.845379,5.171350,-0.667758
9.566000,-17.097924,10.934761,-20.982464,-0.676389,5.198503,-0.661081
9.568000,-17.062415,10.902947,-20.970951,-0.740629,5.180224,-0.684953
9.570000,-17.059015,10.888306,-20.910572,-0.689192,5.183800,-0.694454
9.574000,-17.048242,10.869719,-20.857727,-0.659005,5.182466,-0.706509
9.574000,-17.091750,10.889196,-20.770959,-0.501133,5.222523,-0.702110
9.576000,-17.014883,10.826106,-20.757779,-0.622985,5.171622,-0.733491
9.578000,-17.053810,10.843094,-20.673670,-0.474679,5.207655,-0.729899
9.582000,-17.070668,10.848825,-20.624500,-0.408224,5.229503,-0.737489
9.582000,-16.597241,10.474970,-20.608766,-1.093974,4.847812,-0.828581
9.584000,-16.560181,10.443284,-20.574076,-1.124827,4.828782,-0.847177
9.588000,-16.571780,10.445516,-20.513769,-1.048805,4.846069,-0.852097
9.588000,-16.596131,10.462088,-20.473362,-0.981565,4.877623,-0.859904
9.590000,-16.561806,10.436012,-20.446949,-1.016966,4.862647,-0.879631
9.592000,-16.587290,10.453118,-20.402119,-0.941208,4.894136,-0.886222
9.596000,-16.670242,10.510009,-20.336223,-0.754344,4.968300,-0.879546
9.596000,-16.656560,10.498466,-20.298147,-0.744612,4.968855,-0.893723
9.598000,-16.614692,10.467306,-20.266835,-0.782621,4.946616,-0.912770
9.600000,-16.689086,10.522233,-20.224106,-0.640995,5.014957,-0.911772
9.604000,-16.775004,10.581484,-20.165495,-0.461912,5.088473,-0.905883
9.604000,-16.735413,10.553326,-20.136062,-0.499026,5.066521,-0.922500
9.606000,-15.760164,9.784240,-19.930856,-1.587971,4.268563,-1.035330
9.608000,-15.717726,9.757269,-19.895432,-1.617922,4.248233,-1.050815
9.610000,-15.671927,9.725775,-19.849034,-1.635718,4.222481,-1.063811
9.614000,-15.851697,9.864779,-19.821139,-1.367375,4.379606,-1.050877
9.614000,-15.900994,9.912432,-19.808008,-1.298601,4.437989,-1.058593
9.616000,-16.036328,10.018305,-19.784399,-1.098542,4.558815,-1.053173
9.618000,-16.157120,10.112335,-19.761078,-0.920636,4.665871,-1.049768
9.620000,-16.279678,10.205211,-19.733824,-0.736034,4.770842,-1.045354
9.622000,-16.391231,10.288361,-19.704692,-0.565266,4.864046,-1.041692
9.624000,-16.562780,10.407732,-19.664463,-0.300438,4.994707,-1.028038
9.626000,-16.582363,10.425676,-19.637312,-0.256946,5.015150,-1.035274
9.628000,-16.659722,10.478306,-19.598349,-0.120992,5.071112,-1.032259
9.630000,-16.693471,10.494097,-19.540660,-0.017850,5.085585,-1.029198
9.634000,-14.028783,8.504524,-18.872506,-2.661038,3.032511,-1.235677
9.634000,-14.097153,8.578487,-18.878383,-2.590355,3.109260,-1.237819
9.636000,-14.155674,8.639087,-18.865360,-2.506084,3.169208,-1.235414
9.638000,-14.693550,9.033702,-18.921014,-1.884015,3.586728,-1.194215
9.642000,-14.762928,9.111729,-18.942230,-1.831934,3.678092,-1.203584
9.642000,-15.780455,9.831448,-19.086492,-0.713790,4.423608,-1.126340
9.644000,-16.300967,10.191843,-19.134818,-0.121684,4.797779,-1.089849
9.646000,-16.785637,10.501076,-19.127819,0.493099,5.113797,-1.045473
9.648000,-16.785637,10.501076,-19.127819,0.493099,5.113797,-1.045473
9.650000,-17.528787,10.964160,-19.121598,1.401990,5.558667,-0.974134
9.652000,-18.423420,11.476256,-19.076087,2.575525,6.038862,-0.860658
9.656000,-18.780331,11.591262,-18.871599,3.268173,6.109151,-0.773518
9.656000,-7.802127,3.861278,-15.702574,-6.389665,-1.756147,-1.308453
9.658000,-10.670195,5.925427,-16.551238,-3.909525,0.308254,-1.157107
9.660000,-9.150717,30.792885,1.744949,50.362313,24.737149,-18.072790
9.664000,-8.420174,32.980122,1.554007,50.921228,27.167919,-15.339573
9.664000,-6.449850,30.658976,1.253606,46.461647,24.698842,-14.028423
9.666000,-4.578153,27.923461,1.001311,41.952182,21.769380,-13.106738
9.670000,-3.068704,24.404797,0.831773,37.364788,17.955839,-12.686680
9.670000,-2.039002,20.815888,0.734856,33.328063,14.046096,-12.519325
9.672000,-1.430447,17.288550,0.696879,29.844036,10.184060,-12.534114
9.674000,-1.169676,14.024250,0.701824,26.954463,6.593241,-12.643747
9.678000,-1.267675,11.119822,0.834491,25.006983,3.361115,-12.919234
9.678000,-1.581615,9.105119,0.985837,23.966444,1.101028,-13.105444
9.680000,-1.959646,6.986108,1.152389,22.934613,-1.283032,-13.409951
9.682000,1.251914,-0.473641,1.071746,14.657371,-9.659848,-15.446397
9.686000,1.239268,-2.565126,1.173644,13.193298,-12.028958,-15.891240
9.688000,1.278523,-4.413742,1.251345,11.799245,-14.128013,-16.316880
9.688000,0.873615,-5.188514,1.328663,11.463628,-15.034963,-16.413984
9.690000,0.464785,-5.663811,1.386688,11.298362,-15.604471,-16.459970
9.692000,0.049940,-5.825568,1.425135,11.323142,-15.817895,-16.447193
9.694000,-0.311087,-6.201050,1.461964,11.170895,-16.294460,-16.577275
9.698000,-0.588952,-6.239132,1.468940,11.135123,-16.358515,-16.596865
9.698000,-0.727658,-5.861632,1.439623,11.248921,-15.915639,-16.490283
9.700000,-0.870478,-5.758467,1.417682,11.191541,-15.805746,-16.525142
9.702000,-0.926491,-5.906698,1.392558,10.906202,-15.997651,-16.694308
9.704000,-1.003367,-5.546382,1.348976,10.964446,-15.564344,-16.653924
9.708000,-1.283612,-5.234295,1.339042,11.266874,-15.226169,-16.719250
9.708000,-1.318866,-4.832412,1.289407,11.344916,-14.737289,-16.689972
9.710000,-1.305027,-4.638201,1.241107,11.264263,-14.501859,-16.770104
9.712000,-1.190837,-4.543308,1.182696,11.023966,-14.374307,-16.883436
9.714000,-1.065371,-4.448550,1.123574,10.787917,-14.245064,-17.002268
9.716000,-0.833035,-4.574680,1.056489,10.310351,-14.380635,-17.218242
9.718000,-0.751348,-4.238391,0.998005,10.304617,-13.955314,-17.236802
9.720000,-0.582474,-4.119572,0.934422,10.078148,-13.792123,-17.347679
9.724000,-0.325295,-4.167004,0.862971,9.660026,-13.829625,-17.528958
9.724000,-0.250767,-3.819581,0.808904,9.707656,-13.389843,-17.540517
9.726000,-0.082509,-3.671294,0.747287,9.534371,-13.190448,-17.632758
9.728000,0.177662,-3.681890,0.676448,9.166070,-13.181657,-17.787667
9.732000,0.227831,-3.338333,0.629894,9.269091,-12.747685,-17.791730
9.732000,0.085686,-2.633104,0.602862,9.865674,-11.909516,-17.724337
9.734000,0.187642,-2.403411,0.553550,9.858542,-11.614777,-17.774712
9.736000,0.414080,-2.363390,0.490117,9.594567,-11.543910,-17.893267
9.740000,0.553550,-2.228153,0.439937,9.494270,-11.356314,-17.961244
9.742000,0.568599,-1.953501,0.407650,9.630827,-11.004397,-17.968927
9.742000,0.805026,-1.964991,0.347366,9.337201,-10.990048,-18.081622
9.744000,0.790372,-1.701356,0.322319,9.510276,-10.653047,-18.082339
9.746000,0.907364,-1.607912,0.280747,9.427208,-10.515580,-18.140701
9.750000,1.063639,-1.574377,0.234636,9.265219,-10.450417,-18.219512
9.752000,1.207511,-1.502192,0.190344,9.145946,-10.336586,-18.273667
9.752000,1.176575,-1.292797,0.172458,9.317198,-10.066829,-18.275491
9.754000,1.249733,-1.198306,0.140531,9.298320,-9.929432,-18.312992
9.758000,1.121708,-0.580359,0.126343,9.897430,-9.192010,-18.228228
9.760000,1.039056,-0.342376,0.117875,10.159123,-8.892383,-18.215290
9.760000,1.075846,-0.220851,0.089998,10.202864,-8.726047,-18.233513
9.762000,1.068267,-0.142698,0.071834,10.263563,-8.611993,-18.257711
9.766000,1.140802,-0.133984,0.042700,10.189479,-8.576518,-18.299195
9.768000,1.370410,-0.228326,-0.009214,9.873066,-8.654943,-18.367858
9.768000,1.276294,-0.128407,-0.010746,10.053957,-8.521587,-18.377548
9.770000,1.408812,-0.165083,-0.046038,9.892894,-8.538786,-18.425653
9.774000,1.553377,-0.231369,-0.081619,9.696375,-8.588089,-18.472855
9.774000,1.438681,-0.136520,-0.077446,9.906397,-8.465055,-18.479498
9.776000,1.544682,-0.167372,-0.106402,9.786433,-8.478601,-18.518557
9.780000,1.662251,-0.222952,-0.135770,9.633190,-8.517219,-18.553165
9.780000,1.687693,-0.214883,-0.151137,9.632172,-8.488914,-18.576207
9.782000,1.220864,0.576972,-0.108180,10.762102,-7.572263,-18.419883
9.784000,1.210474,0.613103,-0.118001,10.824865,-7.514230,-18.435328
9.788000,1.262970,0.630416,-0.137567,10.808632,-7.476444,-18.458225
9.788000,1.296813,0.578785,-0.151311,10.759192,-7.519521,-18.495863
9.790000,1.350161,0.498352,-0.166845,10.668746,-7.595840,-18.539801
9.792000,1.398794,0.406025,-0.180633,10.575724,-7.686566,-18.585254
9.794000,1.463702,0.293094,-0.195866,10.451539,-7.801139,-18.635096
9.798000,1.560633,0.518362,-0.169075,10.719588,-7.537147,-18.683482
9.798000,1.542100,0.454281,-0.171383,10.733631,-7.605867,-18.737243
9.800000,1.562872,0.041348,-0.225180,10.258036,-8.049635,-18.758323
9.802000,1.578995,-0.081873,-0.237078,10.158389,-8.178478,-18.796995
9.806000,1.659243,0.096964,-0.212458,10.509629,-7.946632,-18.899840
9.806000,1.541605,0.264432,-0.262247,10.517283,-7.753385,-18.758094
9.808000,1.565170,0.218314,-0.268526,10.504045,-7.794730,-18.792299
9.810000,1.568720,0.144656,-0.275935,10.465912,-7.869183,-18.822322
9.812000,1.596977,0.026428,-0.278558,10.398146,-7.994481,-18.875416
9.816000,1.656966,-0.134019,-0.284122,10.265761,-8.167865,-18.939745
9.816000,1.649139,-0.227987,-0.280147,10.260108,-8.266607,-18.988013
9.818000,1.675682,-0.356287,-0.279922,10.193974,-8.404215,-19.045790
9.820000,1.695678,-0.476188,-0.278492,10.143330,-8.532445,-19.101949
9.824000,1.769339,-0.646460,-0.283063,9.999877,-8.717458,-19.172399
9.826000,1.736875,-0.705776,-0.275011,10.054094,-8.777443,-19.214359
9.826000,1.757236,-0.816159,-0.272711,10.016373,-8.894971,-19.270950
9.828000,1.767909,-0.915142,-0.268841,10.000213,-8.999607,-19.325599
9.830000,1.864241,-1.099085,-0.273956,9.832646,-9.199935,-19.404419
9.834000,3.053998,-0.873692,-0.469197,8.811284,-8.895111,-19.463797
9.834000,2.958987,-0.868251,-0.451589,8.991124,-8.882407,-19.493679
9.836000,2.934836,-0.966386,-0.439455,9.023017,-8.987127,-19.550874
9.838000,2.827943,-1.274435,-0.403420,8.991240,-9.335802,-19.651322
9.842000,2.556391,-1.441156,-0.348711,9.241251,-9.525807,-19.713264
9.844000,2.393977,-2.222451,-0.277789,8.933728,-10.421745,-19.914927
9.844000,2.318626,-2.803809,-0.229014,8.687327,-11.083855,-20.080584
9.846000,2.166680,-3.049893,-0.185680,8.770609,-11.360992,-20.171013
9.848000,2.141323,-3.139753,-0.168915,8.841252,-11.453624,-20.235498
9.852000,1.771833,-2.662025,-0.130365,9.677308,-10.886210,-20.120632
9.852000,1.771833,-2.662025,-0.130365,9.677308,-10.886210,-20.120632
9.854000,1.231362,-1.544545,-0.102411,11.296520,-9.601500,-19.978903
9.856000,1.992093,-4.933515,-9.776756,-6.268707,-15.616999,4.452230
9.858000,2.536207,-5.396229,-9.170697,-6.255656,-16.008488,4.563971
9.860000,3.040078,-5.824248,-8.650473,-6.281955,-16.406644,4.675175
9.864000,1.370026,-4.325833,-9.793657,-5.905639,-14.346722,4.149561
9.866000,-0.505550,-2.536851,-11.251157,-5.543756,-12.013010,3.549771
9.866000,-2.718185,-0.474380,-12.967468,-5.128905,-9.358635,2.881402
9.868000,-4.976031,1.615559,-14.727124,-4.691209,-6.726647,2.233949
9.870000,-6.916069,3.426129,-16.249565,-4.338914,-4.434671,1.669413
9.874000,-8.791685,5.113436,-17.649840,-3.983634,-2.345945,1.171310
9.874000,-10.034713,6.237579,-18.594396,-3.671216,-0.958271,0.857462
9.876000,-11.472031,7.496818,-19.649665,-3.331720,0.567150,0.520979
9.878000,-12.613915,8.471497,-20.446942,-3.028857,1.746842,0.270827
9.880000,-13.551564,9.248171,-21.061173,-2.753412,2.686917,0.078460
9.882000,-12.592309,8.368348,-20.514902,-3.430899,1.889407,-0.037124
9.884000,-13.100135,8.737388,-20.808729,-3.281801,2.346910,-0.146322
9.888000,-13.438310,8.944586,-20.943959,-3.143531,2.612657,-0.213637
9.888000,-13.926098,9.292762,-21.202193,-2.939824,2.997085,-0.266659
9.890000,-14.371979,9.595645,-21.398867,-2.715239,3.333373,-0.309033
9.892000,-14.748309,9.833209,-21.514371,-2.471013,3.591788,-0.330093
9.896000,-15.121407,10.077043,-21.654494,-2.253574,3.856812,-0.354299
9.896000,-15.415093,10.263657,-21.755827,-2.077115,4.056390,-0.368654
9.898000,-15.739163,10.481975,-21.902865,-1.918178,4.294351,-0.393447
9.902000,-15.969895,10.608150,-21.924507,-1.717626,4.430536,-0.393787
9.902000,-16.223377,10.773805,-22.033931,-1.593558,4.613952,-0.413198
9.904000,-16.417099,10.882560,-22.066693,-1.445549,4.734455,-0.418127
9.908000,-16.583184,10.950686,-22.006507,-1.263867,4.796405,-0.409490
9.910000,-16.697596,11.007666,-22.021473,-1.133189,4.877935,-0.411032
9.910000,-16.830436,11.082282,-22.056833,-1.056920,4.966379,-0.422067
9.912000,-16.929500,11.120225,-22.011339,-0.913679,5.013824,-0.415509
9.914000,-17.017924,11.160747,-22.004270,-0.835354,5.066123,-0.420289
9.916000,-17.085101,11.195848,-22.031245,-0.824207,5.113897,-0.434357
9.920000,-17.147650,11.213328,-21.978176,-0.712561,5.141092,-0.429744
9.920000,-17.192845,11.231241,-21.985674,-0.701093,5.171092,-0.441702
9.922000,-17.226483,11.233864,-21.953662,-0.653292,5.185088,-0.446746
9.924000,-17.266818,11.239351,-21.894395,-0.556727,5.201114,-0.443536
9.928000,-17.284778,11.236418,-21.885521,-0.558558,5.211784,-0.457333
9.928000,-17.294107,11.227699,-21.858160,-0.543212,5.213681,-0.465337
9.930000,-17.313494,11.225687,-21.825922,-0.507814,5.224275,-0.472482
9.934000,-17.221783,11.113162,-21.667681,-0.449388,5.117581,-0.466001
9.934000,-17.195303,11.079552,-21.646296,-0.488313,5.094550,-0.481565
9.936000,-17.174865,11.046763,-21.598252,-0.482849,5.072638,-0.491006
9.940000,-17.201701,11.054492,-21.554554,-0.415351,5.092238,-0.493723
9.940000,-17.180998,11.031123,-21.547733,-0.463886,5.079517,-0.511913
9.942000,-17.199006,11.036120,-21.524454,-0.434620,5.097203,-0.521738
9.944000,-17.202077,11.030466,-21.503454,-0.428980,5.103661,-0.534420
9.948000,-17.204669,11.024207,-21.477697,-0.416361,5.109110,-0.546061
9.948000,-17.209233,11.021666,-21.458979,-0.410217,5.118005,-0.558861
9.950000,-17.209352,11.014472,-21.436799,-0.405732,5.123672,-0.574200
9.952000,-17.190179,10.991780,-21.410896,-0.422815,5.112638,-0.591527
9.956000,-17.184601,10.981314,-21.388740,-0.424933,5.113862,-0.607391
9.956000,-16.931018,10.730397,-21.142346,-0.455227,4.862446,-0.609055
9.958000,-16.908216,10.705193,-21.106581,-0.460097,4.846411,-0.623342
9.960000,-16.913310,10.706042,-21.085556,-0.445179,4.857507,-0.635952
9.964000,-16.928754,10.720226,-21.088218,-0.448799,4.881936,-0.652053
9.966000,-16.927733,10.722378,-21.093896,-0.479807,4.892913,-0.670986
9.966000,-16.980499,10.773016,-21.124513,-0.468909,4.953690,-0.686816
9.968000,-17.006187,10.800667,-21.145339,-0.482146,4.989513,-0.704218
9.970000,-17.029826,10.826512,-21.162150,-0.491834,5.022591,-0.720638
9.974000,-17.015989,10.820264,-21.164829,-0.534379,5.021279,-0.739291
9.976000,-17.075193,10.880126,-21.204829,-0.525859,5.088264,-0.754911
9.976000,-17.051524,10.866187,-21.202007,-0.573469,5.077411,-0.773192
9.978000,-17.113709,10.929470,-21.241886,-0.559574,5.146568,-0.787809
9.982000,-17.122535,10.944818,-21.250785,-0.576639,5.164956,-0.803247
9.984000,-16.583784,10.424449,-20.741007,-0.617605,4.623523,-0.781948
9.984000,-16.555359,10.404264,-20.713937,-0.634034,4.603821,-0.794074
9.988000,-16.520522,10.378193,-20.680182,-0.649347,4.577457,-0.805340
9.990000,-16.576486,10.442827,-20.741348,-0.672515,4.645920,-0.824321
9.992000,-16.635448,10.510871,-20.805349,-0.694921,4.717255,-0.843156
9.992000,-16.704518,10.589749,-20.881057,-0.719475,4.799219,-0.862791
9.994000,-16.762367,10.657833,-20.944072,-0.741104,4.869116,-0.880843
9.998000,-16.739090,10.654493,-20.963164,-0.813711,4.863980,-0.900459
10.000000,-16.888921,10.808625,-21.088804,-0.795291,5.021908,-0.918662
10.002000,-16.939386,10.872588,-21.148988,-0.822358,5.085393,-0.936202
10.002000,-16.995269,10.941698,-21.210456,-0.843214,5.153829,-0.952974
10.004000,-17.031821,10.993782,-21.258157,-0.871183,5.203840,-0.969119
10.006000,-15.725619,9.705112,-19.939282,-0.811435,3.860636,-0.866636
10.010000,-15.558385,9.565002,-19.822065,-0.886187,3.711041,-0.872852
10.012000,-15.537001,9.559828,-19.807822,-0.904337,3.701124,-0.881288
10.014000,-15.874331,9.896947,-20.104216,-0.866389,4.047454,-0.908257
10.014000,-16.090865,10.128471,-20.333429,-0.899729,4.283672,-0.936413
10.016000,-16.328666,10.382757,-20.586847,-0.937541,4.542474,-0.966540
10.018000,-16.512297,10.585692,-20.790492,-0.979231,4.746326,-0.992588
10.020000,-16.793585,10.878561,-21.063362,-0.985621,5.043302,-1.022011
10.022000,-16.607429,10.757772,-21.036166,-1.206523,4.909178,-1.043494
10.026000,-16.823418,10.988467,-21.241857,-1.206829,5.139955,-1.066059
10.026000,-16.875666,11.086924,-21.373509,-1.323375,5.229983,-1.090218
10.028000,-17.028486,11.268168,-21.545919,-1.360542,5.407508,-1.111786
10.032000,-17.217889,11.474945,-21.717909,-1.348563,5.612101,-1.129908
10.034000,-10.587421,4.662438,-14.631863,-0.445619,-1.419897,-0.422206
10.034000,-11.161837,5.242518,-15.174024,-0.430698,-0.828700,-0.467033
10.036000,-11.830338,5.932274,-15.845312,-0.467847,-0.125887,-0.528393
10.038000,-15.000704,9.185482,-19.165774,-0.809577,3.221591,-0.849944
10.042000,-17.358450,11.641679,-21.708953,-1.161048,5.741421,-1.105415
10.044000,-19.261286,13.664304,-23.841161,-1.550287,7.808730,-1.327648
10.044000,-3.428353,27.897412,1.182505,44.417576,20.864455,-21.731120
10.046000,-2.522174,29.573990,1.005316,44.600965,22.789479,-19.512360
10.048000,-1.458521,31.331318,0.805065,44.710538,24.800843,-17.430180
10.050000,-0.555638,28.920535,0.637823,41.189921,22.268046,-16.523070
10.054000,0.049015,25.912431,0.546910,37.635866,19.062568,-15.973041
10.056000,0.358756,22.328478,0.528729,34.055239,15.205348,-15.764542
10.056000,1.461667,13.693079,0.674478,26.246324,5.719368,-16.902820
10.058000,1.517116,9.860856,0.710672,22.890196,1.551841,-17.046453
10.060000,1.475215,6.329261,0.754287,19.897542,-2.301940,-17.234537
10.062000,1.475215,6.329261,0.754287,19.897542,-2.301940,-17.234537
10.066000,0.936479,2.082174,0.919035,16.810903,-6.965812,-17.357191
10.068000,0.622256,0.655890,0.998239,15.873052,-8.546165,-17.386829
10.070000,0.252923,-0.851312,1.087230,14.925302,-10.224999,-17.484407
10.070000,-0.033892,-1.749576,1.146096,14.350585,-11.233721,-17.511790
10.072000,-0.291827,-2.465991,1.193033,13.877025,-12.043369,-17.545729
10.074000,-0.582532,-3.172919,1.244711,13.478062,-12.870232,-17.670675
10.078000,-0.738078,-3.559304,1.260879,13.136329,-13.312555,-17.705554
10.080000,-0.783764,-3.741918,1.252975,12.843134,-13.522295,-17.727685
10.080000,-0.760167,-3.704811,1.220890,12.597944,-13.461284,-17.675862
10.082000,-0.852265,-3.535835,1.199192,12.638667,-13.295181,-17.719421
10.086000,-0.848140,-3.577170,1.171070,12.398870,-13.341845,-17.774127
10.088000,-0.831021,-3.607686,1.139619,12.162584,-13.375610,-17.844173
10.088000,-0.735171,-3.453550,1.088592,11.966492,-13.177108,-17.843262
10.092000,-0.721854,-3.668367,1.064643,11.604723,-13.416320,-18.127184
10.094000,-0.642377,-3.679450,1.022842,11.378907,-13.437919,-18.108567
10.094000,-0.525594,-3.508689,0.968277,11.206917,-13.218068,-18.131355
10.096000,-0.416816,-3.473277,0.920388,10.972603,-13.167153,-18.218165
10.098000,-0.309245,-3.421678,0.872432,10.758854,-13.095854,-18.307042
10.100000,-0.200885,-3.375485,0.824919,10.550026,-13.029953,-18.399222
10.104000,-0.104412,-3.478578,0.784798,10.263290,-13.146049,-18.552686
10.106000,0.011902,-3.396737,0.735672,10.088832,-13.036188,-18.633231
10.106000,0.276337,-2.896066,0.648006,10.076576,-12.430858,-18.607819
10.108000,0.411636,-2.752237,0.595055,9.947629,-12.247309,-18.672075
10.110000,0.544406,-2.599037,0.542873,9.836609,-12.052135,-18.731555
10.114000,0.648533,-2.632230,0.501918,9.629998,-12.079559,-18.849927
10.116000,0.742782,-2.517136,0.458815,9.544923,-11.927352,-18.909917
10.116000,0.819322,-2.292887,0.416384,9.562230,-11.642420,-18.924204
10.118000,0.895578,-2.171461,0.377758,9.515411,-11.482528,-18.974703
10.122000,0.878856,-1.900268,0.358164,9.728380,-11.165095,-19.028589
10.124000,1.029493,-1.940756,0.306133,9.450754,-11.176074,-19.066960
10.124000,1.087579,-1.833747,0.273103,9.430006,-11.032235,-19.109232
10.126000,1.153295,-1.747876,0.239272,9.386128,-10.912194,-19.150128
10.128000,1.200231,-1.643140,0.209590,9.385734,-10.771813,-19.184896
10.132000,1.134970,-1.391716,0.214456,9.745116,-10.456519,-19.298855
10.134000,1.469159,-1.107842,0.111836,9.475996,-10.115468,-19.203209
10.134000,1.528146,-0.920001,0.079833,9.539964,-9.875863,-19.206085
10.136000,1.589973,-0.810592,0.047602,9.534883,-9.728191,-19.221576
10.138000,1.575652,-0.712499,0.031217,9.614649,-9.596075,-19.239956
10.140000,1.579806,-0.723520,0.012755,9.585608,-9.588651,-19.276154
10.144000,1.559602,-0.672006,-0.002374,9.635103,-9.509467,-19.293948
10.146000,1.533087,-0.618949,-0.015874,9.695680,-9.429080,-19.308756
10.146000,1.505533,-0.524484,-0.029508,9.795632,-9.302282,-19.315415
10.148000,1.477749,-0.480402,-0.040844,9.859111,-9.233361,-19.329308
10.150000,1.448568,-0.439496,-0.051078,9.925248,-9.168512,-19.342404
10.152000,1.414409,-0.448057,-0.058151,9.958019,-9.158651,-19.357806
10.156000,1.384453,-0.410686,-0.064702,10.090123,-9.079975,-19.402465
10.158000,1.782082,-0.255837,-0.151866,9.742461,-8.885563,-19.378210
10.158000,1.790125,-0.188720,-0.167079,9.804596,-8.793811,-19.392364
10.160000,1.803000,-0.159450,-0.181311,9.827619,-8.743355,-19.404053
10.162000,1.731119,-0.146342,-0.180128,9.931727,-8.714472,-19.416066
10.166000,1.630198,-0.162525,-0.172178,10.040231,-8.715746,-19.419259
10.166000,1.547924,-0.145064,-0.169029,10.167875,-8.687596,-19.440610
10.168000,1.448727,-0.149970,-0.161476,10.292601,-8.681372,-19.452721
10.172000,1.329740,-0.163541,-0.149404,10.427114,-8.680604,-19.450414
10.174000,1.261148,-0.162634,-0.147184,10.534304,-8.673212,-19.477381
10.174000,1.172126,-0.171854,-0.140217,10.650711,-8.672758,-19.490150
10.176000,1.090927,-0.181063,-0.134342,10.760812,-8.672684,-19.503903
10.180000,1.023444,-0.214829,-0.129523,10.839168,-8.700084,-19.522598
10.182000,0.877145,-0.174664,-0.112724,11.052003,-8.639511,-19.504716
10.182000,1.951767,-0.496728,-0.290510,9.714007,-8.952279,-19.651597
10.184000,1.968270,-0.529298,-0.298138,9.710961,-8.975750,-19.675723
10.188000,2.005913,-0.593950,-0.307859,9.662510,-9.035620,-19.708304
10.188000,1.774329,-0.518570,-0.276799,10.009556,-8.947768,-19.702656
10.190000,1.568164,-0.505678,-0.247607,10.283616,-8.930072,-19.710596
10.194000,1.019889,-0.062752,-0.121783,11.472863,-8.445030,-19.724672
10.196000,1.103742,-0.467514,-0.180743,10.902130,-8.883756,-19.724182
10.196000,0.886414,-0.453924,-0.149560,11.193809,-8.866799,-19.733916
10.200000,0.462202,-0.013674,-0.047963,12.291522,-8.361835,-19.747180
10.200000,0.572627,-0.522410,-0.108497,11.541558,-8.925981,-19.740200
10.202000,0.355640,-0.456706,-0.080769,11.886089,-8.862566,-19.769938
10.206000,0.005190,0.048178,0.002676,12.898178,-8.304352,-19.780468
10.206000,3.708156,-3.756548,-0.491642,5.968691,-12.440068,-20.618919
10.208000,3.676316,-3.790687,-0.481515,6.049052,-12.471387,-20.656969
10.210000,3.637130,-3.856354,-0.474614,6.088400,-12.538910,-20.692436
10.212000,2.928702,-3.379025,-0.374551,7.296065,-12.017381,-20.599599
10.216000,2.077655,-2.866162,-0.254111,8.669084,-11.448565,-20.463338
10.216000,1.660985,-2.584231,-0.195289,9.446622,-11.147469,-20.464380
10.218000,0.270346,-1.546705,-0.021091,11.787026,-10.021062,-20.234564
10.222000,-0.445022,-1.143684,0.073643,12.943647,-9.585319,-20.167494
10.222000,-1.451161,-0.289718,0.188202,14.727750,-8.651282,-19.991231
10.224000,-2.157928,0.241060,0.268422,15.948010,-8.072609,-19.894458
10.228000,-3.284476,0.374160,0.431827,17.322378,-7.966195,-19.863361
10.228000,-3.162814,0.156313,0.419748,17.116430,-8.201926,-19.961554
10.232000,-3.315700,1.169573,0.433382,18.359999,-7.067081,-19.921455
10.234000,7.852568,-11.800247,-0.589723,-2.783120,-21.240202,-23.171332
10.234000,4.938640,-7.934276,-0.350911,3.099521,-16.973955,-22.207045
10.236000,3.141762,-5.220676,-0.232926,6.973516,-13.996094,-21.606640
10.238000,-0.084035,-1.297799,0.039080,13.325243,-9.678307,-20.638292
10.242000,0.929426,-4.285843,-9.986889,-4.323541,-14.945356,4.609202
10.244000,1.323866,-4.585798,-9.260386,-4.143513,-15.231880,4.724681
10.244000,1.655485,-4.912038,-8.795606,-4.025872,-15.486753,4.832236
10.246000,-0.038172,-3.341417,-10.010716,-3.837465,-13.370926,4.279644
10.248000,-1.774771,-1.664077,-11.419344,-3.807847,-11.115022,3.664936
10.252000,-6.206337,2.532357,-15.078295,-3.592301,-5.627536,2.205742
10.254000,-6.011115,2.331217,-14.830382,-3.489417,-5.920380,2.319408
10.254000,-8.004379,4.183237,-16.406329,-3.275712,-3.548237,1.726141
10.256000,-7.333930,3.714485,-16.313599,-4.258541,-3.701597,1.345371
10.258000,-8.653809,4.904965,-17.333940,-4.136450,-2.154794,0.933033
10.260000,-9.633311,5.770583,-18.081511,-4.073020,-1.011699,0.613116
10.262000,-9.327896,5.490917,-17.813538,-4.091663,-1.357433,0.692521
10.264000,-11.763060,7.549972,-19.463930,-3.514283,1.173839,0.144453
10.268000,-12.636681,8.245592,-19.963647,-3.202448,2.003980,-0.007993
10.268000,-13.601825,9.018946,-20.529558,-2.860315,2.925919,-0.175271
10.270000,-14.307068,9.559020,-20.890450,-2.551721,3.547689,-0.263115
10.272000,-14.792705,9.902132,-21.080367,-2.292144,3.938667,-0.312496
10.274000,-15.225292,10.203727,-21.237582,-2.042686,4.272517,-0.342694
10.278000,-15.630300,10.468329,-21.335883,-1.817198,4.539609,-0.359570
10.278000,-15.893632,10.647992,-21.423228,-1.597513,4.750976,-0.366348
10.280000,-16.205410,10.863336,-21.524359,-1.400721,4.981662,-0.375358
10.282000,-16.525184,11.085481,-21.596607,-1.142529,5.209492,-0.367874
10.284000,-16.733813,11.218960,-21.630460,-0.978114,5.348710,-0.366510
10.288000,-16.941590,11.347407,-21.640583,-0.836404,5.463478,-0.364306
10.288000,-17.047477,11.409897,-21.654304,-0.711882,5.547845,-0.362158
10.290000,-17.196305,11.509106,-21.691647,-0.617345,5.655101,-0.366586
10.292000,-17.256011,11.527072,-21.643404,-0.517400,5.673456,-0.360348
10.296000,-17.354299,11.582888,-21.620972,-0.445607,5.716045,-0.360805
10.298000,-17.386010,11.588724,-21.603866,-0.376507,5.741444,-0.360806
10.300000,-17.431230,11.606475,-21.580336,-0.323422,5.762443,-0.362735
10.300000,-17.486329,11.637698,-21.584222,-0.289814,5.801109,-0.370503
10.302000,-17.507219,11.637665,-21.552117,-0.252298,5.804363,-0.374106
10.304000,-17.518801,11.631138,-21.517771,-0.222324,5.801017,-0.378580
10.308000,-17.624231,11.707332,-21.489316,-0.094359,5.868566,-0.372442
10.308000,-17.618026,11.685688,-21.461005,-0.063108,5.865114,-0.377282
10.310000,-17.628124,11.683883,-21.449388,-0.062389,5.868967,-0.387619
10.312000,-17.612064,11.658069,-21.412621,-0.059063,5.847438,-0.395550
10.316000,-17.587935,11.626495,-21.374549,-0.065416,5.818845,-0.404533
10.316000,-17.556676,11.587372,-21.316002,-0.049179,5.781048,-0.409174
10.318000,-17.528847,11.556264,-21.297330,-0.085832,5.753183,-0.423626
10.320000,-17.492254,11.516252,-21.258923,-0.104334,5.714713,-0.434359
10.322000,-17.455898,11.477691,-21.225417,-0.128726,5.677479,-0.446346
10.324000,-17.415652,11.436013,-21.188719,-0.152903,5.636520,-0.458167
10.328000,-17.385747,11.403089,-21.144281,-0.149048,5.603715,-0.466190
10.328000,-17.341323,11.361024,-21.126175,-0.205776,5.561916,-0.483416
10.330000,-17.301521,11.322254,-21.096403,-0.237053,5.522620,-0.496845
10.332000,-17.310921,11.327186,-21.075619,-0.207857,5.529540,-0.504675
10.334000,-17.277179,11.295445,-21.051409,-0.236829,5.497595,-0.518271
10.338000,-17.240673,11.260856,-21.026010,-0.268152,5.463754,-0.534064
10.340000,-17.202872,11.226107,-21.007047,-0.311051,5.429655,-0.552388
10.340000,-17.161745,11.188829,-20.987307,-0.357038,5.392509,-0.571074
10.342000,-17.119931,11.151774,-20.969312,-0.405938,5.354851,-0.589973
10.344000,-17.077500,11.114959,-20.952091,-0.456101,5.316628,-0.608712
10.348000,-17.031855,11.075809,-20.932809,-0.506999,5.275254,-0.627046
10.348000,-16.992087,11.043284,-20.920262,-0.558746,5.239845,-0.645513
10.350000,-16.949440,11.008709,-20.905638,-0.610766,5.201698,-0.663564
10.352000,-16.922243,10.987767,-20.891515,-0.640192,5.177186,-0.678976
10.356000,-16.297354,10.485142,-20.574850,-1.034038,4.535446,-0.623772
10.356000,-16.792634,10.867360,-20.743839,-0.623028,5.051243,-0.694364
10.360000,-16.690148,10.779862,-20.694077,-0.706414,4.956827,-0.712505
10.360000,-16.717256,10.803966,-20.708390,-0.702397,4.992196,-0.736350
10.362000,-16.677868,10.776938,-20.706933,-0.765623,4.958755,-0.754983
10.366000,-16.642456,10.754227,-20.707509,-0.825356,4.929396,-0.773004
10.366000,-16.641166,10.766093,-20.734910,-0.873407,4.932483,-0.788299
10.368000,-16.603971,10.745093,-20.740664,-0.941514,4.901964,-0.805550
10.372000,-16.559895,10.718264,-20.740376,-1.009728,4.865197,-0.822110
10.372000,-16.521832,10.698420,-20.747708,-1.080290,4.835415,-0.839464
10.374000,-16.476509,10.672212,-20.747782,-1.149742,4.799221,-0.856102
10.378000,-15.742060,10.088778,-20.360259,-1.570539,4.057630,-0.773751
10.380000,-16.383093,10.619523,-20.744116,-1.284782,4.726768,-0.888256
10.380000,-16.334833,10.592906,-20.739984,-1.349963,4.690407,-0.903632
10.384000,-16.082477,10.325164,-20.380479,-1.180249,4.437528,-0.885667
10.384000,-16.076946,10.334211,-20.384719,-1.196160,4.439897,-0.896954
10.386000,-15.964843,10.247313,-20.323357,-1.265314,4.342838,-0.907572
10.390000,-15.936638,10.245685,-20.351027,-1.346174,4.329507,-0.923389
10.390000,-15.961205,10.294455,-20.418521,-1.410577,4.367604,-0.940496
10.392000,-15.882318,10.251161,-20.423169,-1.526722,4.309809,-0.956226
10.394000,-15.858695,10.259426,-20.463150,-1.616131,4.305435,-0.972207
10.398000,-15.869912,10.299494,-20.521502,-1.683064,4.334529,-0.987846
10.398000,-15.857174,10.322002,-20.569374,-1.768391,4.344030,-1.003592
10.400000,-15.762966,10.269305,-20.553877,-1.873754,4.276668,-1.015459
10.404000,-15.699915,10.244752,-20.553245,-1.956824,4.239322,-1.026724
10.404000,-15.675279,10.259278,-20.586392,-2.034244,4.241655,-1.039786
10.406000,-14.100209,8.617669,-18.771556,-1.594667,2.610712,-0.867916
10.410000,-13.335697,7.994356,-18.275965,-1.886017,1.853401,-0.736697
10.410000,-14.064435,8.643503,-18.805101,-1.684276,2.618576,-0.881767
10.412000,-14.283583,8.911044,-19.118163,-1.826005,2.873111,-0.915726
10.416000,-14.619063,9.285559,-19.525630,-1.946088,3.248803,-0.967771
10.416000,-14.887829,9.613775,-19.906196,-2.111619,3.560424,-1.008176
10.418000,-15.143616,9.933189,-20.274720,-2.275526,3.862487,-1.047718
10.422000,-14.763498,9.744596,-20.242101,-2.678946,3.528839,-0.951169
10.422000,-15.731287,10.721422,-21.242294,-2.814229,4.600575,-1.160416
10.424000,-15.921041,11.016366,-21.616517,-3.065769,4.871131,-1.207039
10.426000,-16.040996,11.202618,-21.823653,-3.182086,5.054181,-1.243030
10.428000,-15.881574,11.097387,-21.712460,-3.223698,4.937544,-1.234649
10.430000,-2.170096,25.442947,1.094722,41.377383,18.564838,-22.862118
10.432000,-0.753659,27.206432,0.843992,41.104707,20.670285,-20.426540
10.434000,0.426095,28.759210,0.637265,40.955309,22.493877,-18.433002
10.436000,1.415043,26.579786,0.452111,37.534011,20.274538,-17.267219
10.440000,1.971204,23.826874,0.356956,34.209650,17.396915,-16.466571
10.440000,2.187620,20.516812,0.337205,30.895105,13.883634,-15.994905
10.442000,2.134555,17.245658,0.376377,28.027098,10.384274,-15.731652
10.444000,1.909495,14.150427,0.434005,25.515148,7.055013,-15.586492
10.446000,1.569711,11.366019,0.499411,23.389419,4.044467,-15.511877
10.448000,1.165227,8.906287,0.609390,21.743764,1.363698,-15.557358
10.450000,0.721298,6.806660,0.724146,20.453354,-0.939504,-15.641517
10.452000,0.286598,5.030465,0.837021,19.430858,-2.901956,-15.756809
10.454000,-0.119073,3.543748,0.939256,18.601396,-4.556404,-15.886166
10.458000,-0.972173,-4.023640,1.381700,13.718555,-12.996889,-17.021515
10.458000,-0.958897,-3.746570,1.382568,13.898976,-12.710319,-17.053177
10.460000,-1.268261,-5.007793,1.466681,13.113883,-14.144776,-17.263485
10.462000,-1.459190,-5.409230,1.479360,12.735106,-14.627948,-17.285353
10.464000,-1.628218,-5.402195,1.492641,12.736569,-14.658805,-17.321238
10.466000,-1.750792,-5.432455,1.484704,12.602069,-14.728136,-17.357409
10.468000,-1.840583,-5.398370,1.468959,12.494049,-14.723203,-17.409738
10.470000,-1.877867,-5.354689,1.441727,12.340716,-14.702863,-17.479824
10.472000,-1.876952,-5.297384,1.407125,12.168994,-14.663125,-17.564924
10.474000,-1.841875,-5.235032,1.366294,11.975651,-14.613531,-17.662525
10.476000,-1.764657,-5.158625,1.317970,11.759988,-14.543573,-17.768460
10.478000,-1.663191,-5.076581,1.265614,11.534622,-14.463394,-17.880673
10.482000,-1.541999,-4.989577,1.210159,11.303753,-14.373961,-17.996752
10.482000,-1.485746,-4.611655,1.153274,11.373261,-13.957420,-18.066458
10.484000,-1.339183,-4.476905,1.092842,11.174906,-13.807570,-18.178772
10.488000,-1.186395,-4.337587,1.031843,10.984255,-13.649674,-18.289740
10.488000,-1.006614,-4.218872,0.968096,10.761263,-13.511133,-18.404863
10.490000,-0.825551,-4.101684,0.904970,10.545854,-13.371890,-18.517422
10.494000,-0.645277,-3.987386,0.842897,10.338725,-13.233737,-18.626877
10.494000,-0.461721,-3.855523,0.780344,10.150650,-13.073635,-18.729602
10.496000,-0.286137,-3.722592,0.719879,9.980419,-12.910774,-18.827281
10.500000,-0.119690,-3.589213,0.661717,9.828340,-12.746041,-18.919700
10.500000,0.043723,-3.436867,0.604132,9.702039,-12.559448,-19.004495
10.502000,0.195550,-3.286427,0.549369,9.594006,-12.373997,-19.084241
10.506000,0.338042,-3.132072,0.496821,9.506023,-12.183164,-19.158196
10.508000,0.333111,-2.689297,0.459858,9.805853,-11.671996,-19.180459
10.508000,0.439035,-2.506354,0.414260,9.792508,-11.447987,-19.239898
10.510000,0.535496,-2.328269,0.371062,9.791841,-11.227662,-19.294871
10.514000,0.677086,-1.803299,0.323595,10.125245,-10.598584,-19.430336
10.516000,0.736480,-2.059874,0.288019,9.727237,-10.882906,-19.406624
10.516000,0.827204,-1.935535,0.249675,9.705487,-10.721112,-19.457304
10.518000,0.903327,-1.860803,0.214647,9.656153,-10.616038,-19.504476
10.520000,0.976458,-1.750674,0.181359,9.651407,-10.470200,-19.547817
10.524000,1.040879,-1.633841,0.150022,9.665462,-10.316927,-19.586441
10.524000,1.131127,-1.547471,0.113631,9.625672,-10.195999,-19.622572
10.526000,1.149734,-1.388319,0.087425,9.723808,-9.996948,-19.645815
10.528000,1.192640,-1.282694,0.059292,9.756363,-9.856642,-19.672950
10.532000,1.250996,-1.193686,0.029935,9.761148,-9.732422,-19.695578
10.532000,1.044200,-0.739437,0.035614,10.343605,-9.212461,-19.666320
10.534000,1.045414,-0.616905,0.016806,10.446550,-9.055742,-19.683182
10.538000,1.035490,-0.484981,0.000356,10.572512,-8.889203,-19.697253
10.538000,1.057031,-0.394118,-0.019513,10.635770,-8.767929,-19.717958
10.540000,1.079949,-0.323237,-0.038324,10.684862,-8.669374,-19.740077
10.542000,1.106081,-0.275944,-0.056349,10.714646,-8.597559,-19.764299
10.546000,1.144574,-0.221053,-0.075771,10.734417,-8.512018,-19.774243
10.546000,1.141063,-0.161889,-0.088437,10.814965,-8.433744,-19.805978
10.548000,1.151591,-0.114316,-0.102282,10.868297,-8.363269,-19.826209
10.550000,1.154154,-0.069759,-0.114334,10.929623,-8.297103,-19.846189
10.554000,1.157619,-0.044021,-0.125473,10.977059,-8.252178,-19.867621
10.554000,1.152823,0.007792,-0.135670,11.055311,-8.178675,-19.884766
10.556000,0.768339,0.113274,-0.082567,11.576688,-8.060229,-19.878453
10.558000,0.724385,0.154266,-0.085235,11.690899,-8.001167,-19.894781
10.562000,0.682115,0.173069,-0.087187,11.787546,-7.967330,-19.914094
10.564000,0.697188,0.212245,-0.099269,11.840625,-7.909021,-19.932871
10.564000,0.722990,0.229915,-0.112100,11.867093,-7.874893,-19.955112
10.566000,0.757048,0.246201,-0.125898,11.885264,-7.842460,-19.978070
10.570000,0.792396,0.237114,-0.138654,11.883948,-7.838849,-20.004959
10.570000,0.812748,0.270063,-0.148792,11.933540,-7.789782,-20.026666
10.572000,0.838802,0.279761,-0.159903,11.959352,-7.766291,-20.051455
10.576000,0.862126,0.266259,-0.169316,11.971999,-7.769229,-20.079895
10.576000,0.870837,0.302350,-0.176809,12.038772,-7.718136,-20.101937
10.578000,0.884896,0.310777,-0.184890,12.079402,-7.697600,-20.128107
10.582000,0.897593,0.290694,-0.191279,12.101508,-7.709337,-20.158926
10.582000,-0.023030,-0.243181,-0.023850,12.721109,-8.332087,-20.226717
10.584000,-0.070348,-0.251422,-0.020528,12.819556,-8.333283,-20.255671
10.586000,-0.110982,-0.293074,-0.016609,12.887790,-8.371864,-20.290579
10.588000,0.006244,-0.178182,-0.044134,12.910518,-8.230113,-20.307840
10.590000,0.147098,-0.096006,-0.073772,12.885002,-8.124596,-20.332302
10.592000,0.264171,0.088007,-0.102053,12.951386,-7.895826,-20.314775
10.596000,0.468257,0.031830,-0.136365,12.769350,-7.954303,-20.393087
10.596000,0.624105,0.187449,-0.170133,12.785704,-7.767600,-20.412274
10.598000,0.774544,0.260720,-0.199291,12.746831,-7.674030,-20.445892
10.600000,0.906822,0.350531,-0.225494,12.741269,-7.562396,-20.476350
10.604000,1.021474,0.332491,-0.243575,12.675829,-7.572077,-20.523701
10.606000,1.142592,0.519632,-0.271636,12.754214,-7.353024,-20.540522
10.606000,-2.714714,-5.579395,0.617609,12.496552,-14.285067,-21.396450
10.608000,-2.452100,-5.081984,0.555456,12.670066,-13.713262,-21.380009
10.612000,-2.121800,-4.671244,0.487112,12.706908,-13.236314,-21.379054
10.614000,-0.236304,-2.244309,0.083233,12.575062,-10.457254,-21.097917
10.614000,1.283833,-0.389111,-0.238076,12.405260,-8.330661,-20.897455
10.616000,2.492875,0.960970,-0.487023,12.196036,-6.779251,-20.770218
10.620000,3.203845,2.084036,-0.650879,12.330629,-5.500127,-20.668233
10.622000,3.533131,3.022771,-0.749045,12.722490,-4.440923,-20.584728
10.622000,3.497512,3.349289,-0.760740,13.060062,-4.075952,-20.589798
10.624000,3.234979,3.425293,-0.725618,13.455710,-3.997896,-20.626975
10.626000,-0.387041,-3.316964,-12.037149,-6.145311,-12.793027,3.864316
10.630000,0.008579,-3.641805,-11.566270,-6.124355,-12.976667,3.940733
10.630000,-1.386508,-2.313560,-12.416024,-5.826253,-11.158622,3.467033
10.632000,-0.761156,-3.014325,-11.422528,-5.682309,-11.369889,3.145805
10.636000,-2.463437,-1.407042,-12.573038,-5.346066,-9.290931,2.586825
10.638000,-3.928727,-0.017054,-13.561553,-5.057297,-7.482675,2.087066
10.638000,-5.751839,1.709069,-14.883464,-4.715623,-5.395529,1.588957
10.640000,-7.328682,3.194877,-16.017503,-4.410325,-3.609789,1.168932
10.642000,-8.763276,4.531732,-17.041623,-4.118332,-2.029032,0.812736
10.644000,-10.009439,5.673029,-17.909035,-3.841305,-0.695396,0.524540
10.648000,-11.095520,6.646834,-18.639637,-3.571628,0.427269,0.295771
10.650000,-12.033773,7.467787,-19.243738,-3.309031,1.360724,0.118853
10.650000,-12.768556,8.082260,-19.661859,-3.048539,2.056386,-0.004427
10.652000,-13.525863,8.725620,-20.139638,-2.824585,2.760868,-0.115754
10.654000,-14.110223,9.198216,-20.461870,-2.606428,3.274681,-0.189148
10.658000,-14.726734,9.732316,-20.903673,-2.504033,3.830285,-0.264719
10.660000,-15.172521,10.078307,-21.131222,-2.320993,4.193329,-0.303991
10.662000,-15.562629,10.375449,-21.321532,-2.152444,4.500184,-0.332180
10.662000,-15.562629,10.375449,-21.321532,-2.152444,4.500184,-0.332180
10.664000,-16.169347,10.808295,-21.554112,-1.820931,4.940060,-0.358261
10.668000,-16.379631,10.934648,-21.566820,-1.625838,5.066043,-0.353216
10.668000,-16.664212,11.148424,-21.707807,-1.509563,5.281396,-0.369269
10.670000,-16.846293,11.266889,-21.748774,-1.382121,5.398234,-0.370334
10.674000,-17.139395,11.442977,-21.744487,-1.084157,5.570863,-0.355711
10.676000,-17.114284,11.421583,-21.741689,-1.117602,5.550333,-0.361330
10.678000,-17.239290,11.507538,-21.795690,-1.075890,5.634354,-0.370264
10.678000,-17.316145,11.548774,-21.797074,-1.018899,5.675078,-0.372222
10.680000,-17.391299,11.588017,-21.791162,-0.953559,5.715200,-0.373857
10.682000,-17.467160,11.657295,-21.925240,-1.097805,5.772773,-0.402484
10.686000,-17.459469,11.601581,-21.769807,-0.952401,5.699840,-0.371897
10.688000,-17.564434,11.693117,-21.843971,-0.966429,5.800000,-0.402020
10.690000,-17.576834,11.680138,-21.813752,-0.905627,5.805341,-0.403551
10.690000,-17.605425,11.692029,-21.831840,-0.932811,5.822060,-0.420842
10.692000,-17.613390,11.679623,-21.790699,-0.897335,5.815850,-0.425898
10.694000,-17.611778,11.659131,-21.732111,-0.858065,5.801245,-0.430161
10.698000,-17.394616,11.433830,-21.407352,-0.745425,5.546696,-0.380179
10.700000,-17.344049,11.379277,-21.363807,-0.796530,5.492238,-0.392862
10.702000,-17.562467,11.565115,-21.531392,-0.760589,5.726340,-0.444854
10.702000,-17.568088,11.557807,-21.500358,-0.748418,5.730735,-0.459251
10.704000,-17.576937,11.553556,-21.467419,-0.727336,5.739555,-0.473312
10.708000,-17.509508,11.508688,-21.526911,-0.994151,5.675027,-0.515961
10.710000,-17.491915,11.474494,-21.473175,-0.949644,5.658722,-0.520791
10.710000,-17.431164,11.415194,-21.441138,-1.030528,5.601844,-0.540480
10.712000,-17.384392,11.363284,-21.369241,-1.025446,5.557442,-0.549449
10.714000,-17.343155,11.317202,-21.295890,-1.009940,5.520397,-0.557629
10.716000,-17.304783,11.273626,-21.217227,-0.980738,5.487049,-0.564562
10.720000,-16.870228,10.871996,-20.791411,-0.971654,5.040528,-0.502019
10.722000,-17.241471,11.197901,-21.059233,-0.900422,5.438033,-0.582931
10.722000,-17.204732,11.157048,-20.985608,-0.875133,5.410027,-0.594348
10.724000,-17.221528,11.164914,-20.962225,-0.850731,5.438466,-0.615993
10.726000,-17.185411,11.126435,-20.896051,-0.833328,5.412188,-0.628659
10.728000,-17.177378,11.111678,-20.825463,-0.765671,5.411829,-0.635815
10.732000,-16.597714,10.607368,-20.366630,-0.915034,4.826942,-0.571575
10.734000,-16.799863,10.782487,-20.736176,-1.253155,5.069231,-0.710759
10.736000,-16.726733,10.717144,-20.681655,-1.305198,5.008804,-0.728658
10.736000,-16.725931,10.715496,-20.681439,-1.338038,5.023228,-0.756303
10.738000,-16.696346,10.688020,-20.620780,-1.312594,5.005284,-0.766106
10.740000,-16.702705,10.690497,-20.558837,-1.230950,5.020461,-0.770554
10.744000,-16.073475,10.150750,-20.037177,-1.334036,4.385458,-0.681821
10.746000,-16.619117,10.617707,-20.425919,-1.194099,4.962943,-0.788225
10.746000,-16.588909,10.591554,-20.362380,-1.162417,4.944768,-0.795910
10.748000,-16.638532,10.634909,-20.362158,-1.116796,5.008933,-0.816028
10.750000,-16.614921,10.615545,-20.306603,-1.087133,4.997177,-0.824430
10.752000,-16.591362,10.596757,-20.253720,-1.061322,4.985545,-0.833254
10.756000,-15.960229,10.049786,-19.738132,-1.166360,4.335346,-0.731532
10.758000,-15.774077,9.893356,-19.941461,-1.818626,4.239106,-0.909711
10.760000,-15.684301,9.822965,-19.880808,-1.874070,4.168434,-0.923291
10.760000,-15.674159,9.822299,-19.882432,-1.914781,4.181161,-0.950022
10.762000,-15.698085,9.849851,-19.844908,-1.836825,4.217827,-0.952342
10.764000,-15.737838,9.890469,-19.810172,-1.740266,4.268871,-0.953172
10.768000,-15.320339,9.540650,-19.322432,-1.560012,3.819907,-0.814550
10.770000,-15.824376,9.973628,-19.727862,-1.517382,4.372097,-0.949951
10.770000,-15.861323,10.010356,-19.688838,-1.419162,4.417527,-0.949429
10.772000,-15.967781,10.108844,-19.717947,-1.332304,4.537043,-0.965238
10.776000,-15.986559,10.128088,-19.671147,-1.249464,4.563061,-0.965472
10.776000,-16.034791,10.175882,-19.652543,-1.168287,4.617619,-0.967790
10.778000,-16.051045,10.194000,-19.611024,-1.097537,4.639660,-0.968055
10.782000,-16.132972,10.263140,-19.584761,-0.957841,4.717224,-0.964396
10.782000,-14.320108,8.746867,-18.882513,-2.472852,3.099529,-1.042975
10.784000,-14.267194,8.719059,-18.840185,-2.493105,3.069291,-1.047638
10.786000,-14.184406,8.663804,-18.776447,-2.522703,3.009958,-1.050690
10.790000,-14.406907,8.858778,-18.811607,-2.269959,3.222395,-1.037939
10.792000,-14.711976,9.121541,-18.888227,-1.965830,3.506351,-1.024646
10.792000,-15.011248,9.370616,-18.939933,-1.636151,3.777608,-1.008519
10.794000,-15.303136,9.609916,-18.988890,-1.316535,4.037633,-0.993792
10.796000,-15.572532,9.827081,-19.028620,-1.018112,4.273005,-0.980624
10.798000,-15.816697,10.021053,-19.061327,-0.747550,4.482069,-0.969299
10.802000,-15.968495,10.129126,-19.035798,-0.520907,4.600025,-0.956047
10.802000,-15.673172,9.891311,-18.884913,-0.719690,4.345244,-0.961780
10.804000,-16.529070,10.577266,-19.179448,-0.010863,5.069887,-0.942479
10.806000,-5.422987,1.264764,-13.626390,-6.925431,-4.729189,-0.905818
10.808000,-8.911020,4.148895,-15.173495,-4.476637,-1.687721,-0.873740
10.812000,-10.511796,5.509073,-15.958509,-3.469159,-0.269274,-0.870924
10.814000,-15.076564,9.213732,-17.992869,-0.319750,3.656845,-0.848882
10.814000,-17.433527,11.110591,-19.043223,1.280756,5.664698,-0.846593
10.816000,-6.454393,29.053701,1.450294,47.234713,22.522490,-21.941727
10.820000,-5.624067,30.501681,1.294981,47.235187,24.167689,-19.747738
10.820000,-4.894500,32.405259,1.128991,47.674417,26.330495,-17.620797
10.822000,-3.368422,29.833077,0.898410,43.478974,23.662013,-16.573661
10.826000,-2.133902,26.386794,0.757734,39.132849,19.992160,-16.051107
10.826000,-1.060074,22.826956,0.649250,34.912473,16.258966,-15.662179
10.828000,-0.335772,19.087153,0.601621,31.064982,12.278598,-15.570763
10.832000,0.119618,15.577030,0.581870,27.712277,8.532495,-15.575483
10.834000,0.928962,7.169297,0.785609,20.856917,-0.651572,-16.732944
10.834000,1.022542,3.905393,0.882478,18.343709,-4.193065,-17.018619
10.836000,0.969835,1.062883,0.995575,16.315751,-7.294702,-17.312194
10.840000,0.530038,-2.211766,1.147846,14.054035,-10.905823,-17.472989
10.842000,0.297960,-1.777811,1.183052,14.684812,-10.435026,-17.422610
10.842000,-0.138414,-2.574224,1.263063,14.369814,-11.336255,-17.417284
10.844000,-0.553929,-2.904668,1.322070,14.357444,-11.729558,-17.367597
10.846000,-0.961204,-3.304854,1.376805,14.268573,-12.201205,-17.367209
10.850000,-1.364923,-3.841304,1.435918,14.115958,-12.847401,-17.484559
10.850000,-1.617149,-3.847171,1.446139,14.104635,-12.857490,-17.419343
10.852000,-1.850322,-4.039989,1.461233,13.984034,-13.095745,-17.472852
10.854000,-2.019272,-4.113141,1.460645,13.884244,-13.197076,-17.522335
10.858000,-2.384535,-3.895483,1.476976,14.236804,-12.997435,-17.582275
10.860000,-2.448900,-3.938482,1.458986,14.068474,-13.059323,-17.661786
10.860000,-2.480444,-3.709599,1.424433,14.044344,-12.797768,-17.658605
10.862000,-2.429533,-3.721166,1.387550,13.799677,-12.816484,-17.757665
10.866000,-2.318553,-3.920991,1.348970,13.388036,-13.057472,-17.938509
10.868000,-2.208948,-3.721593,1.294790,13.233188,-12.819846,-17.973479
10.868000,-2.054622,-3.712462,1.241452,12.925364,-12.807369,-18.086274
10.870000,-1.886577,-3.656117,1.184342,12.644372,-12.739341,-18.188569
10.872000,-1.654889,-3.797779,1.124593,12.177275,-12.902536,-18.360991
10.876000,-1.456794,-3.727813,1.062536,11.890794,-12.814979,-18.459661
10.876000,-1.312317,-3.467197,1.002806,11.796662,-12.502895,-18.494556
10.878000,-1.122236,-3.348043,0.941102,11.571328,-12.357683,-18.579614
10.880000,-0.937640,-3.222692,0.880460,11.364021,-12.204335,-18.660438
10.884000,-0.937640,-3.222692,0.880460,11.364021,-12.204335,-18.660438
10.884000,-1.089216,-2.541958,0.855747,11.936655,-11.437613,-18.638123
10.886000,-1.160944,-2.289150,0.812123,12.023990,-11.146942,-18.642698
10.888000,-0.627673,-1.924247,0.676415,11.626484,-10.698582,-18.812959
10.890000,-0.326404,-1.948823,0.601257,11.216473,-10.709806,-18.924485
10.890000,-0.500294,-1.959684,0.603246,11.282342,-10.726966,-18.868830
10.892000,-0.077713,-1.595608,0.513645,11.126391,-10.268592,-19.011594
10.898000,0.242912,-1.677323,0.443968,10.690209,-10.341426,-19.120526
10.898000,0.430772,-1.535365,0.391127,10.569685,-10.160684,-19.179307
10.900000,0.611369,-1.469773,0.340735,10.395870,-10.066669,-19.240090
10.904000,0.754623,-1.386033,0.296219,10.278089,-9.952982,-19.290867
10.906000,0.987470,-1.399994,0.239117,9.992859,-9.947841,-19.359176
10.906000,0.407031,-0.433811,0.290729,11.327872,-8.863256,-19.246152
10.908000,0.440899,-0.281778,0.263543,11.388836,-8.676411,-19.272637
10.912000,0.607340,-0.243260,0.217202,11.223314,-8.613199,-19.317235
10.912000,0.629243,-0.124826,0.197098,11.289037,-8.464153,-19.347053
10.914000,0.762759,-0.116823,0.159096,11.145259,-8.435296,-19.392114
10.916000,0.984583,-0.182449,0.108487,10.850850,-8.485571,-19.444909
10.918000,1.012145,-0.099020,0.084294,10.877838,-8.375691,-19.468366
10.922000,1.131153,-0.114975,0.047528,10.730132,-8.373230,-19.502964
10.922000,1.223446,-0.101737,0.014807,10.635736,-8.339024,-19.530109
10.924000,1.320535,-0.108746,-0.017349,10.523838,-8.327602,-19.558777
10.926000,1.407042,-0.123072,-0.046722,10.420844,-8.325013,-19.586671
10.930000,1.508034,-0.146027,-0.077613,10.293854,-8.328753,-19.606923
10.930000,1.550922,-0.125977,-0.099070,10.275992,-8.292554,-19.635826
10.932000,0.661644,0.739157,0.012013,11.904331,-7.331797,-19.511122
10.934000,0.616510,0.797464,0.004968,12.010427,-7.252675,-19.522951
10.936000,0.570030,0.860193,-0.001559,12.123812,-7.168668,-19.533776
10.938000,0.692112,0.780282,-0.029613,11.953479,-7.240794,-19.573724
10.940000,0.828167,0.687241,-0.060745,11.756207,-7.326789,-19.613509
10.942000,0.981129,0.584247,-0.093361,11.528599,-7.418472,-19.641029
10.944000,1.134743,0.475822,-0.126135,11.310677,-7.527254,-19.695496
10.946000,1.278405,0.353060,-0.155837,11.087032,-7.647481,-19.736687
10.950000,1.479109,0.229157,-0.193934,10.796952,-7.761885,-19.764966
10.950000,1.524472,0.162206,-0.208400,10.731868,-7.829076,-19.810143
10.952000,1.626923,0.070400,-0.230509,10.581564,-7.916748,-19.845065
10.954000,1.768577,-0.038406,-0.257383,10.370889,-8.016192,-19.867184
10.958000,0.206604,1.042224,-0.044207,12.905188,-6.835445,-19.693005
10.958000,0.057562,1.082542,-0.029166,13.139147,-6.790395,-19.721851
10.960000,-0.010904,1.085600,-0.026236,13.251577,-6.778007,-19.739276
10.962000,0.208057,0.881419,-0.062766,12.896424,-6.990554,-19.796519
10.966000,0.480315,0.668968,-0.106624,12.479996,-7.210867,-19.856543
10.966000,0.757932,0.488915,-0.150204,12.087029,-7.395541,-19.913445
10.968000,1.067513,0.260193,-0.197210,11.622638,-7.633747,-19.977217
10.972000,1.399950,0.029733,-0.245267,11.127939,-7.865361,-20.021902
10.974000,1.639106,-0.172022,-0.280911,10.771534,-8.083949,-20.100714
10.974000,1.891238,-0.373016,-0.316253,10.397309,-8.293313,-20.160128
10.976000,2.112447,-0.559456,-0.346336,10.069907,-8.487710,-20.218132
10.978000,2.314946,-0.777344,-0.370892,9.741134,-8.717466,-20.279447
10.982000,2.361231,-0.890935,-0.372598,9.654675,-8.825570,-20.301258
10.982000,-2.363996,0.493122,0.305644,15.804329,-7.397751,-19.991455
10.984000,-2.317468,0.396403,0.298246,15.744349,-7.494966,-20.036902
10.986000,-2.188860,0.205964,0.282629,15.527938,-7.695247,-20.099237
10.990000,-1.175143,-0.192441,0.139959,14.206653,-8.107116,-20.223114
10.990000,-0.008152,-0.540904,-0.025534,12.763691,-8.459868,-20.348676
10.992000,1.271304,-1.010301,-0.199138,11.111834,-8.945751,-20.494182
10.994000,2.524085,-1.470188,-0.365110,9.501081,-9.421930,-20.639186
10.996000,3.673051,-2.013621,-0.505339,7.935790,-9.984360,-20.768079
11.000000,5.850886,-3.422837,-0.756382,4.640213,-11.508368,-21.092226
11.002000,7.181859,-4.032210,-0.913274,2.853619,-12.148834,-21.264693
11.002000,7.931435,-4.427721,-0.990806,1.857361,-12.563392,-21.392625
11.004000,7.895908,-4.405296,-0.968926,2.021072,-12.516770,-21.415520
11.008000,-5.867297,-2.709578,0.969922,18.095860,-10.940796,-20.745241
11.010000,0.954832,-4.530167,-12.218931,-8.330686,-13.952151,3.642052
11.010000,1.442418,-4.906830,-11.781711,-8.337386,-14.197337,3.718101
11.012000,1.876321,-5.236723,-11.499899,-8.550525,-14.409099,3.771457
11.014000,0.425173,-3.833318,-12.407899,-8.051797,-12.621292,3.341210
11.018000,-1.406146,-2.064078,-13.697355,-7.542010,-10.493057,2.834815
11.018000,-3.396295,-0.140873,-15.112780,-6.983823,-8.210947,2.292195
11.020000,-5.332994,1.729172,-16.513957,-6.464071,-6.024002,1.777335
11.022000,-7.086699,3.411081,-17.754696,-5.968189,-4.061599,1.322078
11.026000,-8.788392,5.029520,-19.007457,-5.542251,-2.219800,0.905832
11.026000,-10.246267,6.392803,-20.033771,-5.137666,-0.666967,0.566147
11.028000,-11.526730,7.569104,-20.916399,-4.772364,0.663131,0.286672
11.030000,-12.589827,8.509801,-21.577252,-4.402090,1.733045,0.076218
11.034000,-11.790384,7.181762,-19.601057,-3.034206,0.621382,0.212075
11.034000,-12.439193,7.684897,-19.871787,-2.666760,1.209522,0.101052
11.036000,-12.935039,8.029471,-19.981714,-2.285223,1.626819,0.032503
11.038000,-13.520060,8.533957,-20.336475,-2.085984,2.177053,-0.054989
11.042000,-14.027991,8.959346,-20.604775,-1.868597,2.640757,-0.115861
11.042000,-14.505784,9.390886,-20.967670,-1.803306,3.093335,-0.187844
11.044000,-14.915113,9.744465,-21.234061,-1.698851,3.465729,-0.236941
11.046000,-15.269937,10.047971,-21.465577,-1.616218,3.783330,-0.277467
11.048000,-15.588791,10.300289,-21.609404,-1.461231,4.050671,-0.297275
11.052000,-15.860210,10.519923,-21.763139,-1.377188,4.279754,-0.320417
11.052000,-16.081102,10.703963,-21.925263,-1.369105,4.468565,-0.348316
11.054000,-16.274582,10.853001,-22.026995,-1.314647,4.624292,-0.364169
11.056000,-16.371130,10.947876,-22.181537,-1.471264,4.711145,-0.398049
11.060000,-16.481021,11.032233,-22.277917,-1.520565,4.797047,-0.420642
11.060000,-16.596840,11.108448,-22.318140,-1.481940,4.879357,-0.429701
11.062000,-16.694337,11.165498,-22.335415,-1.434849,4.943561,-0.436361
11.064000,-16.783069,11.210977,-22.327266,-1.361692,4.998253,-0.438775
11.068000,-16.900078,11.271582,-22.278032,-1.187410,5.073471,-0.428360
11.068000,-16.933276,11.278384,-22.277036,-1.197756,5.087740,-0.440312
11.070000,-16.987628,11.296347,-22.241212,-1.126211,5.117454,-0.441705
11.072000,-17.023450,11.301069,-22.202982,-1.075157,5.133849,-0.445241
11.074000,-17.047938,11.297722,-22.161992,-1.034440,5.141975,-0.449739
11.078000,-17.083250,11.303403,-22.115607,-0.967759,5.161377,-0.451893
11.078000,-17.102992,11.297716,-22.067625,-0.919304,5.168843,-0.455921
11.080000,-17.106972,11.280647,-22.020154,-0.892733,5.164065,-0.462346
11.084000,-16.871241,11.073423,-21.993335,-1.247423,4.946271,-0.505855
11.084000,-16.904366,11.080676,-21.939679,-1.166073,4.968210,-0.506549
11.086000,-16.827511,11.001694,-21.905854,-1.274307,4.895933,-0.528663
11.088000,-16.838412,10.992496,-21.855911,-1.228403,4.901150,-0.534833
11.092000,-16.843169,10.979111,-21.805414,-1.189247,4.902239,-0.541984
11.092000,-16.863543,10.980131,-21.758410,-1.130971,4.918891,-0.547776
11.094000,-16.879797,10.978087,-21.707908,-1.072131,4.932711,-0.553469
11.096000,-16.963137,11.033630,-21.662083,-0.919163,5.008424,-0.549739
11.098000,-16.915599,10.981131,-21.621451,-0.968343,4.968331,-0.569655
11.100000,-16.995165,11.035056,-21.580218,-0.826197,5.043681,-0.570132
11.102000,-16.931176,10.970482,-21.542711,-0.902633,4.990273,-0.593479
11.106000,-17.010705,11.027129,-21.509690,-0.770448,5.067409,-0.595220
11.106000,-16.611710,10.668154,-21.382795,-1.207469,4.695239,-0.646684
11.108000,-16.513984,10.576713,-21.340828,-1.323867,4.611738,-0.672429
11.110000,-16.555575,10.605757,-21.321216,-1.264925,4.656414,-0.681043
11.114000,-16.580254,10.621164,-21.299210,-1.226794,4.687102,-0.692137
11.114000,-16.545295,10.588136,-21.275351,-1.271799,4.663389,-0.709652
11.116000,-16.588718,10.621757,-21.260987,-1.215760,4.712654,-0.719208
11.118000,-16.712484,10.724961,-21.262033,-1.062674,4.835954,-0.719818
11.122000,-16.808917,10.806192,-21.263431,-0.950783,4.935728,-0.724975
11.122000,-16.724746,10.732479,-21.228407,-1.049490,4.866761,-0.746453
11.124000,-16.762398,10.763942,-21.219333,-1.007807,4.911631,-0.757294
11.126000,-16.873430,10.858981,-21.228638,-0.884522,5.023559,-0.760993
11.130000,-16.916902,10.896412,-21.223072,-0.838685,5.073916,-0.771557
11.132000,-16.948048,10.925429,-21.223135,-0.817278,5.112378,-0.782842
11.132000,-16.100572,10.172065,-20.876494,-1.567262,4.323483,-0.846982
11.134000,-16.157356,10.224175,-20.882881,-1.516063,4.387046,-0.856996
11.136000,-16.094689,10.174340,-20.852258,-1.584329,4.342330,-0.875835
11.138000,-16.194846,10.266302,-20.872722,-1.489785,4.448988,-0.882551
11.142000,-16.288459,10.351338,-20.883930,-1.390877,4.548523,-0.888197
11.144000,-16.332330,10.394660,-20.886679,-1.352021,4.602772,-0.898910
11.146000,-16.441280,10.494169,-20.908908,-1.247114,4.716637,-0.904822
11.146000,-16.545137,10.589132,-20.929830,-1.147320,4.825270,-0.911249
11.148000,-16.650763,10.685413,-20.950998,-1.045471,4.934827,-0.917410
11.150000,-16.747442,10.773946,-20.969822,-0.953336,5.035400,-0.924094
11.154000,-16.928613,10.933406,-21.017026,-0.781995,5.210609,-0.925696
11.154000,-16.912082,10.926445,-20.999664,-0.799457,5.207928,-0.938741
11.156000,-15.011513,9.184836,-19.749883,-1.687802,3.411005,-0.939554
11.158000,-14.968459,9.156519,-19.714791,-1.712740,3.384822,-0.949410
11.162000,-14.926613,9.126831,-19.667084,-1.716373,3.357639,-0.955881
11.164000,-15.217273,9.398525,-19.830980,-1.557373,3.645018,-0.963530
11.164000,-15.530003,9.685355,-19.993602,-1.366024,3.948584,-0.968606
11.166000,-15.879636,10.003253,-20.176049,-1.152926,4.284063,-0.973644
11.168000,-16.214634,10.306674,-20.349231,-0.948742,4.603253,-0.978991
11.170000,-16.528604,10.590692,-20.511939,-0.760644,4.900713,-0.984923
11.174000,-16.897150,10.914773,-20.683950,-0.511995,5.240102,-0.987135
11.176000,-17.069219,11.081386,-20.796415,-0.451893,5.409678,-0.998487
11.176000,-17.292245,11.284971,-20.914384,-0.330082,5.618061,-1.005337
11.178000,-17.473029,11.453211,-21.014976,-0.242704,5.787322,-1.012750
11.180000,-17.639987,11.608276,-21.104286,-0.158630,5.941882,-1.019022
11.182000,-10.229954,4.915053,-16.090213,-3.169667,-0.948763,-0.841318
11.186000,-10.684552,5.353760,-16.408466,-3.004623,-0.504433,-0.851430
11.186000,-11.241311,5.913103,-16.879340,-2.917555,0.056705,-0.879263
11.188000,-13.148647,7.613629,-18.089354,-2.044765,1.817520,-0.913176
11.190000,-16.755300,10.757595,-20.238502,-0.211213,5.067865,-0.963579
11.194000,-19.523060,13.129895,-21.811901,1.284671,7.523066,-0.997315
11.196000,-22.294932,15.522732,-23.460992,2.665276,9.984531,-1.048037
11.196000,-22.804590,15.965043,-23.785675,2.860192,10.421701,-1.065433
11.198000,-6.215425,29.184555,1.487005,48.178186,22.330961,-22.044687
11.200000,-5.155639,30.980199,1.285866,48.260692,24.406721,-19.433019
11.204000,-4.236993,32.422759,1.123318,48.295050,26.017953,-16.807404
11.206000,-2.759189,29.854340,0.888359,44.047310,23.372598,-16.329290
11.206000,-1.612252,21.799163,0.998422,36.479234,14.655255,-16.635109
11.208000,-0.742761,17.141833,0.957211,31.623274,9.629381,-16.672310
11.210000,-0.051984,12.871121,0.918125,27.256501,5.050153,-16.709342
11.214000,0.323678,9.523852,0.905201,23.981411,1.460769,-16.711653
11.214000,0.443423,7.697230,0.892889,22.128310,-0.456476,-16.483287
11.216000,0.420630,5.513583,0.935267,20.285658,-2.815285,-16.520655
11.218000,0.247844,3.690414,0.995742,18.898493,-4.798606,-16.577376
11.220000,0.005644,2.115183,1.062946,17.789480,-6.524444,-16.668349
11.224000,-0.377765,-0.686137,1.162266,15.736971,-9.604248,-16.910645
11.226000,-0.608152,-0.234927,1.193643,16.306481,-9.126501,-16.862639
11.226000,-0.925053,-1.080964,1.249402,15.815669,-10.074685,-16.960333
11.228000,-1.221981,-1.521352,1.291362,15.613793,-10.580079,-17.016670
11.232000,-1.491639,-2.039430,1.327496,15.313086,-11.170969,-17.116776
11.232000,-1.796986,-1.766059,1.334832,15.631858,-10.883168,-17.091928
11.234000,-1.993235,-2.036575,1.349491,15.441689,-11.198615,-17.192678
11.236000,-2.176888,-2.463352,1.368942,15.157931,-11.707777,-17.391251
11.238000,-2.251005,-2.646628,1.361794,14.916047,-11.920969,-17.510587
11.242000,-2.253076,-2.643398,1.336240,14.715938,-11.905337,-17.559123
11.242000,-2.233880,-2.753972,1.311854,14.440370,-12.032760,-17.682887
11.244000,-2.181235,-2.829776,1.280918,14.161827,-12.119212,-17.805922
11.246000,-2.098293,-2.894044,1.244683,13.867874,-12.191361,-17.933482
11.248000,-1.988810,-2.928614,1.203113,13.574687,-12.228176,-18.057751
11.250000,-1.856900,-2.937343,1.157017,13.283848,-12.234016,-18.178080
11.252000,-1.710682,-2.925593,1.107921,12.999854,-12.215098,-18.293898
11.254000,-1.542860,-2.882796,1.054287,12.723237,-12.159265,-18.403093
11.256000,-1.472670,-2.378451,1.000326,12.915837,-11.587378,-18.431900
11.258000,-1.305125,-2.260652,0.944709,12.712264,-11.444510,-18.523743
11.260000,-1.133133,-2.130047,0.888159,12.520680,-11.285801,-18.610291
11.262000,-0.939013,-2.061700,0.830693,12.266047,-11.194641,-18.706659
11.264000,-0.734743,-1.982495,0.771547,12.015827,-11.089763,-18.797606
11.266000,-0.530836,-1.911727,0.713130,11.765796,-10.993327,-18.885518
11.268000,-0.332625,-1.841380,0.655994,11.527146,-10.896679,-18.968266
11.270000,-0.135884,-1.754396,0.598897,11.308773,-10.780572,-19.043622
11.272000,0.053154,-1.667026,0.543456,11.104452,-10.664161,-19.111789
11.276000,0.231588,-1.582305,0.490178,10.914307,-10.550480,-19.175287
11.276000,0.403473,-1.482640,0.437870,10.748081,-10.419629,-19.232045
11.278000,0.563197,-1.389053,0.388119,10.594661,-10.295478,-19.285059
11.280000,0.712513,-1.295399,0.340462,10.456988,-10.171106,-19.333707
11.284000,0.672243,-0.602483,0.307667,11.011969,-9.377936,-19.289334
11.286000,0.776680,-0.449047,0.266822,10.980772,-9.186817,-19.321852
11.286000,0.870662,-0.306206,0.228459,10.956497,-9.007623,-19.352242
11.288000,0.992294,-0.257498,0.188814,10.832081,-8.932862,-19.396606
11.290000,1.111381,-0.226465,0.150614,10.700085,-8.877835,-19.440027
11.294000,1.228966,-0.220110,0.113874,10.553260,-8.851510,-19.483589
11.294000,1.273624,-0.161770,0.090790,10.537340,-8.769889,-19.514937
11.296000,1.195635,-0.162824,0.061388,10.453560,-8.772360,-19.438196
11.300000,1.586662,-0.272329,0.009010,10.070708,-8.852989,-19.601192
11.300000,1.586371,-0.185733,-0.011050,10.122155,-8.740655,-19.615982
11.302000,1.698325,-0.207232,-0.043943,9.979059,-8.745273,-19.651996
11.304000,1.741217,-0.183695,-0.069284,9.934179,-8.702274,-19.669526
11.308000,1.614045,0.381090,-0.080365,10.516888,-8.052792,-19.606129
11.308000,1.477082,0.552005,-0.078039,10.796730,-7.851890,-19.602689
11.310000,1.470376,0.605384,-0.094045,10.839489,-7.777137,-19.611968
11.312000,1.569049,0.507710,-0.122928,10.643136,-7.865869,-19.636798
11.316000,1.619655,0.439824,-0.143517,10.531616,-7.925579,-19.663970
11.316000,1.668491,0.369513,-0.163004,10.429449,-7.992426,-19.701824
11.318000,1.718642,0.282950,-0.181569,10.309410,-8.074012,-19.730377
11.322000,1.767226,0.178716,-0.198813,10.179317,-8.174861,-19.759774
11.322000,1.801566,0.101846,-0.213798,10.089433,-8.245411,-19.784261
11.324000,1.831216,0.014810,-0.227092,9.998533,-8.327810,-19.809237
11.328000,1.856754,-0.082043,-0.238794,9.906309,-8.421681,-19.834892
11.328000,1.866265,-0.146157,-0.248237,9.860729,-8.479455,-19.856131
11.330000,1.878969,-0.239549,-0.256750,9.789891,-8.570352,-19.881135
11.334000,1.391391,0.322813,-0.202341,10.796899,-7.937924,-19.808356
11.334000,1.336930,0.317549,-0.201964,10.875075,-7.932014,-19.821267
11.336000,1.285027,0.297016,-0.201104,10.940324,-7.943403,-19.836702
11.338000,1.327508,0.153618,-0.211501,10.804580,-8.090476,-19.873147
11.342000,1.376575,0.016484,-0.222493,10.669404,-8.230513,-19.909675
11.344000,1.431135,-0.108535,-0.234104,10.540661,-8.357003,-19.945564
11.344000,1.488326,-0.250961,-0.244734,10.397549,-8.503249,-19.983847
11.346000,1.540032,-0.387481,-0.253865,10.267996,-8.643239,-20.021744
11.348000,1.585036,-0.519360,-0.261266,10.152329,-8.778401,-20.059611
11.352000,1.648408,-0.659984,-0.269127,10.005298,-8.914357,-20.078586
11.354000,1.651556,-0.758828,-0.270776,9.975262,-9.022546,-20.134514
11.354000,1.676030,-0.866633,-0.273346,9.910985,-9.132189,-20.170242
11.356000,0.819918,-0.498965,-0.153456,11.173943,-8.732255,-20.112555
11.358000,0.722296,-0.558951,-0.137982,11.284419,-8.791663,-20.140118
11.362000,0.709897,-0.684784,-0.132794,11.254100,-8.922711,-20.181070
11.364000,0.907854,-0.791616,-0.161381,11.016313,-9.026809,-20.231130
11.364000,1.071177,-0.954203,-0.181073,10.773350,-9.194653,-20.287819
11.366000,1.193032,-1.130347,-0.192472,10.566449,-9.378952,-20.345966
11.368000,1.411866,-1.232637,-0.219155,10.312102,-9.467203,-20.375975
11.372000,1.379230,-0.905762,-0.166783,11.003351,-9.095487,-20.539918
11.374000,1.737215,-1.574568,-0.251185,9.847997,-9.832062,-20.529098
11.376000,1.815266,-1.745967,-0.249291,9.701234,-10.001542,-20.567138
11.376000,1.991696,-2.006695,-0.268502,9.364112,-10.289997,-20.661677
11.378000,2.109833,-2.013846,-0.280494,9.321753,-10.283791,-20.709356
11.380000,2.603253,-3.054567,-0.295214,8.070279,-11.427933,-20.909360
11.384000,-0.824576,-7.473039,0.465227,8.366488,-16.457109,-21.362582
11.386000,0.218115,-6.455052,0.263484,8.179149,-15.284475,-21.357495
11.386000,0.928320,-5.641415,0.125864,8.185939,-14.338028,-21.336915
11.388000,1.584193,-3.712805,-0.064118,9.140853,-12.141197,-21.156399
11.390000,2.200258,-2.406116,-0.216571,9.644263,-10.643014,-21.063766
11.394000,2.369963,-1.171705,-0.301798,10.559828,-9.237970,-20.967161
11.396000,1.342841,-4.783126,-11.066992,-7.165152,-14.093884,3.826827
11.396000,1.722936,-5.102081,-10.772436,-7.200597,-14.339632,3.907007
11.398000,2.063855,-5.385921,-10.583425,-7.322102,-14.609532,3.985015
11.400000,0.575202,-3.932707,-11.766730,-7.068738,-12.839063,3.528667
11.402000,-1.352355,-2.082584,-13.328497,-6.709813,-10.678775,2.996075
11.406000,-3.398659,-0.097829,-15.001594,-6.343720,-8.369078,2.422496
11.406000,-3.732634,-0.222861,-14.183346,-5.064911,-8.137330,2.223744
11.410000,-5.434111,1.370582,-15.441557,-4.601600,-6.276842,1.763745
11.410000,-6.970891,2.786172,-16.532180,-4.132599,-4.632854,1.370754
11.412000,-8.506058,4.253497,-17.751642,-3.809716,-2.979216,0.996171
11.414000,-9.864401,5.543602,-18.823605,-3.523314,-1.537347,0.681512
11.416000,-11.080675,6.689912,-19.775186,-3.263154,-0.269522,0.419815
11.420000,-12.117618,7.652832,-20.566646,-3.030478,0.789011,0.210887
11.420000,-13.013411,8.468711,-21.224303,-2.808535,1.679405,0.047253
11.424000,-13.771091,9.144270,-21.756896,-2.604928,2.412295,-0.078300
11.424000,-14.426510,9.715418,-22.193115,-2.408449,3.027533,-0.173243
11.426000,-14.975518,10.181151,-22.534258,-2.226349,3.527385,-0.243276
11.430000,-15.441458,10.566549,-22.804080,-2.058065,3.939357,-0.294650
11.430000,-15.841578,10.889106,-23.016998,-1.899038,4.283220,-0.331668
11.432000,-16.203076,11.210859,-23.319969,-1.911840,4.612778,-0.380922
11.434000,-16.491315,11.431802,-23.456274,-1.795033,4.848627,-0.401761
11.436000,-16.733144,11.610950,-23.557704,-1.689788,5.041134,-0.416803
11.438000,-16.938935,11.753201,-23.615108,-1.570874,5.196826,-0.424402
11.440000,-17.108805,11.863911,-23.644698,-1.459616,5.320609,-0.428682
11.442000,-17.249132,11.949275,-23.651985,-1.354770,5.419004,-0.430658
11.446000,-17.361802,12.011644,-23.640718,-1.258899,5.494493,-0.431398
11.446000,-17.454569,12.058791,-23.619255,-1.172823,5.554774,-0.431938
11.450000,-17.525148,12.087829,-23.583754,-1.094633,5.597212,-0.432141
11.450000,-17.581319,12.106657,-23.543382,-1.026329,5.629421,-0.432982
11.452000,-17.621639,12.113092,-23.494488,-0.965065,5.649412,-0.434097
11.454000,-17.648659,12.109325,-23.438777,-0.909772,5.659350,-0.435596
11.456000,-17.617428,12.072022,-23.450383,-1.035015,5.624948,-0.457820
11.458000,-17.620198,12.051549,-23.398471,-1.014956,5.616622,-0.463473
11.462000,-17.613769,12.023815,-23.341243,-0.997753,5.601116,-0.469428
11.462000,-17.611518,11.999297,-23.277354,-0.962272,5.589774,-0.473678
11.464000,-17.599088,11.967158,-23.211700,-0.936699,5.570357,-0.479115
11.466000,-17.594468,11.942016,-23.141606,-0.890273,5.559211,-0.482711
11.470000,-17.580629,11.910248,-23.071572,-0.855162,5.540838,-0.487690
11.472000,-17.566763,11.880400,-23.007616,-0.826675,5.523865,-0.493939
11.472000,-17.548926,11.848154,-22.943856,-0.802111,5.504203,-0.500826
11.474000,-17.529387,11.815735,-22.883012,-0.782250,5.483915,-0.508550
11.478000,-17.507279,11.781867,-22.821875,-0.763756,5.461909,-0.516577
11.480000,-17.486206,11.750780,-22.769271,-0.754518,5.441763,-0.526128
11.480000,-17.463652,11.719044,-22.716643,-0.745457,5.420720,-0.535918
11.482000,-17.322558,11.581733,-22.640363,-0.878668,5.286208,-0.558608
11.484000,-17.287566,11.540526,-22.590685,-0.889050,5.254018,-0.570978
11.488000,-17.249974,11.496974,-22.539606,-0.900251,5.220023,-0.584890
11.490000,-17.217198,11.458819,-22.497371,-0.916543,5.191343,-0.601083
11.490000,-17.216771,11.450566,-22.463496,-0.894713,5.195134,-0.613910
11.494000,-17.255796,11.477811,-22.441503,-0.827903,5.234179,-0.622120
11.496000,-17.199531,11.422276,-22.400424,-0.878908,5.187562,-0.641789
11.496000,-17.190892,11.409631,-22.372821,-0.874949,5.183936,-0.655773
11.498000,-17.174736,11.391306,-22.346732,-0.883556,5.173286,-0.670747
11.502000,-17.219011,11.427533,-22.340856,-0.827914,5.217746,-0.679645
11.502000,-17.131025,11.346393,-22.293050,-0.912077,5.140821,-0.700664
11.504000,-17.116795,11.331744,-22.267868,-0.915528,5.132036,-0.714241
11.508000,-16.987598,11.202650,-22.134520,-0.927832,5.007765,-0.722196
11.508000,-16.906110,11.129416,-22.086850,-0.998804,4.937630,-0.740997
11.510000,-16.906110,11.129416,-22.086850,-0.998804,4.937630,-0.740997
11.514000,-16.903199,11.128762,-22.067141,-1.004595,4.942858,-0.767735
11.514000,-16.840460,11.075406,-22.031923,-1.062534,4.891572,-0.785077
11.516000,-16.939653,11.170087,-22.083885,-1.004665,4.990725,-0.797085
11.518000,-16.943720,11.179079,-22.088107,-1.018080,5.001094,-0.811702
11.520000,-16.891532,11.138604,-22.065881,-1.076907,4.960938,-0.829064
11.522000,-16.883825,11.137311,-22.058584,-1.089009,4.960113,-0.842236
11.526000,-16.946302,11.201607,-22.100787,-1.067919,5.024023,-0.854821
11.526000,-16.879185,11.149666,-22.070437,-1.134268,4.970492,-0.871390
11.528000,-16.877147,11.155806,-22.073971,-1.153192,4.975310,-0.885156
11.530000,-16.858927,11.146474,-22.060652,-1.170548,4.964643,-0.897575
11.534000,-16.267726,10.540773,-21.337021,-0.983598,4.379216,-0.848949
11.534000,-16.152687,10.441803,-21.254278,-1.041702,4.278478,-0.860064
11.536000,-16.184373,10.478617,-21.264989,-1.018530,4.314713,-0.869140
11.538000,-16.221940,10.526134,-21.314823,-1.043513,4.358109,-0.883792
11.540000,-16.271693,10.586292,-21.387457,-1.082085,4.411420,-0.900704
11.542000,-16.327149,10.655696,-21.470482,-1.127608,4.473734,-0.918250
11.544000,-16.305318,10.656476,-21.503522,-1.212666,4.466209,-0.934488
11.546000,-16.346138,10.712018,-21.564694,-1.245861,4.514503,-0.948726
11.548000,-16.465084,10.843288,-21.696196,-1.265988,4.636625,-0.966355
11.552000,-16.433160,10.835336,-21.709107,-1.334077,4.620657,-0.979656
11.552000,-16.635246,11.053419,-21.921217,-1.349514,4.828445,-1.001712
11.554000,-16.495495,10.943244,-21.847650,-1.446156,4.709056,-1.011027
11.556000,-14.934220,9.239818,-19.686016,-0.592266,3.082348,-0.800009
11.558000,-14.912797,9.228584,-19.665135,-0.596592,3.065007,-0.803563
11.562000,-15.164970,9.487037,-19.895072,-0.567017,3.313988,-0.821553
11.562000,-15.440602,9.804405,-20.307450,-0.763223,3.606972,-0.866457
11.564000,-15.722217,10.127447,-20.716255,-0.943332,3.904900,-0.909101
11.566000,-15.960948,10.407575,-21.073245,-1.108891,4.159971,-0.946240
11.570000,-16.283954,10.782858,-21.539133,-1.305412,4.504896,-0.994103
11.570000,-16.456766,11.033587,-21.916904,-1.587554,4.723340,-1.040857
11.572000,-16.651828,11.295321,-22.267261,-1.797101,4.955584,-1.080620
11.574000,-16.765827,11.460824,-22.475734,-1.920735,5.098152,-1.103599
11.578000,-17.335228,12.105142,-23.180207,-2.094386,5.705501,-1.169444
11.580000,-17.600615,12.462731,-23.622435,-2.324503,6.030128,-1.219264
11.580000,-16.902338,11.822805,-23.032095,-2.465543,5.387243,-1.180535
11.582000,-10.716737,3.983049,-12.504442,3.355989,-1.950778,0.054792
11.584000,-2.224435,25.044888,1.189303,42.610123,18.025782,-23.959933
11.588000,-1.061388,26.415475,0.994930,42.391662,19.694991,-21.647509
11.590000,-0.460208,27.513616,0.877698,42.572822,20.967673,-20.230847
11.590000,0.687012,25.447801,0.655215,38.905888,18.912720,-18.903758
11.592000,1.423881,22.662082,0.526395,35.184726,16.008336,-18.013204
11.594000,1.860005,19.247134,0.469944,31.380153,12.355723,-17.506145
11.598000,2.230821,16.103891,0.431164,27.950944,9.011127,-17.104065
11.598000,2.450328,13.863634,0.393711,25.456274,6.661407,-16.683640
11.600000,2.502664,11.333323,0.383091,22.933736,3.943765,-16.470529
11.602000,2.241100,8.860303,0.459975,20.993930,1.226915,-16.488842
11.604000,2.205519,7.055677,0.491225,19.315708,-0.705022,-16.376145
11.608000,-0.281053,1.133625,1.095367,17.191945,-7.349563,-17.023432
11.608000,-0.600313,-0.464296,1.180494,16.021997,-9.097532,-17.018862
11.610000,-1.130431,-2.032081,1.298427,15.143258,-10.857790,-17.129492
11.612000,-1.535100,-2.926253,1.369479,14.670373,-11.898805,-17.216376
11.614000,-1.798366,-3.407649,1.403419,14.338747,-12.461225,-17.224532
11.618000,-1.892089,-3.486315,1.394861,14.113090,-12.553596,-17.152360
11.618000,-2.053924,-3.610413,1.399204,13.966849,-12.721089,-17.175539
11.620000,-2.178964,-3.661934,1.394790,13.848105,-12.807077,-17.217637
11.622000,-2.267578,-3.668827,1.382413,13.737431,-12.842576,-17.282062
11.624000,-2.408814,-3.843741,1.385073,13.585962,-13.084616,-17.437491
11.628000,-2.344271,-3.684055,1.341484,13.436520,-12.908121,-17.466976
11.628000,-2.324261,-3.704951,1.312214,13.227159,-12.951164,-17.581313
11.630000,-2.249673,-3.633124,1.270507,13.043503,-12.885735,-17.689700
11.632000,-2.033753,-3.535091,1.204250,12.762867,-12.800276,-17.850193
11.634000,-1.850333,-3.330666,1.140186,12.569335,-12.563575,-17.914698
11.638000,-1.691494,-3.262157,1.085178,12.321110,-12.492909,-18.038557
11.638000,-1.537811,-3.185709,1.034407,12.109533,-12.410807,-18.160531
11.640000,-1.375442,-3.127651,0.979714,11.865122,-12.347275,-18.283977
11.642000,-1.220850,-3.212044,0.931259,11.531777,-12.453090,-18.450669
11.646000,-1.043187,-3.145063,0.873902,11.289584,-12.374029,-18.563756
11.648000,-0.846484,-2.950625,0.809948,11.129934,-12.139377,-18.633304
11.648000,-0.673472,-2.816145,0.751985,10.964015,-11.981052,-18.729601
11.650000,-0.496004,-2.700087,0.694410,10.784647,-11.841551,-18.823526
11.652000,-0.313024,-2.716503,0.639657,10.499969,-11.857258,-18.947869
11.656000,-0.143249,-2.616016,0.584388,10.326078,-11.732065,-19.033027
11.656000,0.194011,-2.228728,0.492495,10.218439,-11.271311,-19.074443
11.658000,0.364520,-2.090321,0.437187,10.089909,-11.101066,-19.146971
11.660000,0.542344,-2.024978,0.382832,9.900626,-11.016585,-19.234507
11.664000,0.676707,-1.920730,0.335923,9.792957,-10.884351,-19.300880
11.666000,0.767193,-1.747618,0.298763,9.805554,-10.671885,-19.345863
11.666000,0.874478,-1.640816,0.257767,9.740808,-10.536179,-19.402719
11.668000,0.989881,-1.557828,0.216740,9.652165,-10.426231,-19.458171
11.672000,1.110788,-1.520705,0.176877,9.554549,-10.349879,-19.575982
11.674000,1.184391,-1.431716,0.144919,9.497781,-10.252800,-19.563315
11.674000,1.222343,-1.275347,0.116686,9.567933,-10.058271,-19.593546
11.676000,1.284675,-1.177692,0.086131,9.563871,-9.930961,-19.627244
11.680000,1.359366,-1.129394,0.054689,9.505984,-9.857341,-19.663933
11.682000,1.406924,-1.050367,0.027624,9.509192,-9.750133,-19.692439
11.682000,1.666994,-0.729446,-0.044513,9.495045,-9.364081,-19.706461
11.684000,1.700999,-0.616636,-0.071320,9.542925,-9.218551,-19.726140
11.688000,1.762758,-0.549515,-0.101112,9.521687,-9.121563,-19.743942
11.688000,1.756304,-0.478035,-0.115408,9.596258,-9.026762,-19.772569
11.690000,1.778695,-0.442205,-0.135422,9.602834,-8.968238,-19.796386
11.692000,1.751671,-0.386127,-0.146593,9.683772,-8.888626,-19.815211
11.696000,1.749043,-0.358567,-0.160580,9.711602,-8.836651,-19.826224
11.696000,1.736636,-0.314925,-0.172726,9.777669,-8.774432,-19.854042
11.698000,1.698217,-0.272109,-0.179638,9.868688,-8.710429,-19.870045
11.700000,1.670946,-0.236151,-0.187644,9.945316,-8.654209,-19.886937
11.702000,1.639137,-0.188727,-0.194229,10.033289,-8.580127,-19.888324
11.706000,1.605528,-0.166141,-0.199517,10.110471,-8.539127,-19.904226
11.708000,1.875164,-0.314239,-0.251461,9.728572,-8.686998,-19.964962
11.708000,1.866245,-0.306622,-0.259539,9.772084,-8.663208,-19.984386
11.710000,1.852759,-0.298604,-0.266309,9.822374,-8.639418,-20.003689
11.712000,1.786307,-0.261514,-0.264370,9.956559,-8.584452,-20.017117
11.714000,1.786307,-0.261514,-0.264370,9.956559,-8.584452,-20.017117
11.714000,1.649657,-0.217226,-0.259130,10.218960,-8.515371,-20.065150
11.718000,1.553360,-0.156915,-0.250604,10.406063,-8.429009,-20.058728
11.720000,1.435097,-0.043644,-0.240812,10.661288,-8.282485,-20.043704
11.724000,1.344875,0.005694,-0.232996,10.843164,-8.215439,-20.056147
11.726000,1.298421,0.003627,-0.231346,10.942654,-8.215142,-20.098938
11.726000,1.218440,0.032393,-0.224818,11.097040,-8.172642,-20.116698
11.728000,1.141748,0.057106,-0.218506,11.245820,-8.134990,-20.135579
11.730000,1.023076,0.152348,-0.205939,11.492176,-8.010723,-20.120690
11.732000,1.668328,-0.597456,-0.290578,10.231251,-8.820238,-20.250789
11.736000,1.689732,-0.686079,-0.295858,10.196197,-8.917085,-20.308994
11.738000,1.666631,-0.677392,-0.295734,10.282579,-8.897588,-20.333434
11.738000,1.523401,-0.573629,-0.278128,10.584108,-8.774855,-20.342939
11.740000,1.354182,-0.442346,-0.256993,10.938579,-8.621823,-20.348975
11.742000,1.107106,-0.213535,-0.225330,11.449588,-8.351700,-20.316900
11.744000,0.925857,-0.119983,-0.200980,11.788287,-8.241720,-20.329104
11.748000,0.808967,-0.071435,-0.187218,12.030292,-8.191410,-20.376632
11.750000,0.637566,0.109320,-0.169167,12.427095,-7.985131,-20.382314
11.750000,0.647547,0.006058,-0.168349,12.400659,-8.091675,-20.429353
11.752000,0.509368,0.116390,-0.152502,12.705997,-7.963629,-20.445116
11.754000,0.153760,0.511049,-0.114988,13.470602,-7.524864,-20.418305
11.756000,2.253653,-5.220592,-0.188137,6.731885,-13.862914,-21.245498
11.760000,2.055185,-4.985119,-0.160026,7.212375,-13.584824,-21.224746
11.762000,1.667077,-4.203398,-0.132445,8.342733,-12.726713,-21.185620
11.762000,1.047907,-2.921150,-0.086891,10.152202,-11.299021,-21.040596
11.764000,0.370229,-1.521247,-0.042250,12.110576,-9.742837,-20.882880
11.766000,-0.741810,0.402346,0.038784,14.930566,-7.615887,-20.640767
11.768000,-1.527007,1.667460,0.095860,16.864349,-6.216669,-20.496890
11.772000,-1.886022,2.529850,0.101975,17.984499,-5.259918,-20.417971
11.774000,-1.927934,3.221802,0.066669,18.616114,-4.486281,-20.368121
11.774000,-1.866160,3.477646,0.037980,18.801710,-4.196664,-20.379155
11.776000,-1.812269,3.451065,0.028589,18.765740,-4.210814,-20.395187
11.778000,-0.808028,2.520653,-0.073193,17.034450,-5.217451,-20.604876
11.780000,-0.798107,1.629605,-0.305553,15.426771,-6.149789,-20.291721
11.784000,-0.312711,-3.551369,-12.064719,-5.763508,-12.849644,3.908677
11.786000,-0.157283,-3.667069,-11.888018,-5.686113,-12.952561,3.989411
11.788000,0.111983,-3.870619,-11.704280,-5.739451,-13.172824,4.075210
11.788000,-1.305366,-2.478926,-12.878623,-5.625796,-11.467658,3.605934
11.790000,-2.933132,-0.876497,-14.250039,-5.488859,-9.537728,3.080821
11.794000,-4.660333,0.822104,-15.640321,-5.374140,-7.479696,2.510314
11.796000,-6.524704,2.650566,-17.272476,-5.129492,-5.342378,1.962192
11.798000,-8.396959,4.436937,-18.782235,-4.824232,-3.272538,1.455920
11.800000,-10.036102,5.988111,-20.066242,-4.521069,-1.474591,1.026451
11.800000,-11.506491,7.355427,-21.171021,-4.205302,0.100398,0.667958
11.802000,-12.775290,8.513443,-22.083615,-3.898355,1.428836,0.378995
11.806000,-14.718610,10.199121,-23.300155,-3.273187,3.406742,-0.052917
11.808000,-12.488592,7.778792,-20.631411,-2.736685,1.032392,0.245950
11.810000,-13.023795,8.187304,-20.814274,-2.419367,1.536280,0.136694
11.812000,-13.364505,8.416791,-20.851261,-2.142321,1.822121,0.088252
11.812000,-13.914317,8.888990,-21.157281,-1.932596,2.349229,0.004704
11.814000,-14.414811,9.321218,-21.438847,-1.745796,2.825086,-0.062829
11.818000,-15.370547,10.164706,-22.039384,-1.470988,3.749148,-0.199314
11.820000,-15.258950,10.050449,-21.904229,-1.433285,3.621796,-0.167045
11.822000,-15.664503,10.407432,-22.154461,-1.310147,4.004907,-0.213159
11.822000,-15.901281,10.602965,-22.256870,-1.209240,4.215292,-0.232688
11.824000,-16.169639,10.830139,-22.390679,-1.108287,4.460209,-0.258393
11.826000,-16.377496,11.000388,-22.476527,-1.021081,4.645462,-0.277271
11.830000,-16.586120,11.164576,-22.526756,-0.944757,4.811221,-0.294417
11.832000,-16.700392,11.253012,-22.568367,-0.852440,4.923489,-0.302816
11.834000,-16.979187,11.520717,-22.825889,-0.891541,5.195644,-0.339341
11.834000,-17.105150,11.620870,-22.870167,-0.841073,5.306072,-0.351273
11.836000,-17.206269,11.699195,-22.899123,-0.803914,5.393058,-0.362493
11.838000,-17.254150,11.719638,-22.854779,-0.736090,5.421268,-0.364073
11.842000,-17.241970,11.696482,-22.810324,-0.801313,5.386101,-0.366354
11.844000,-17.340303,11.768729,-22.821498,-0.684960,5.487217,-0.380395
11.844000,-17.360130,11.770965,-22.782378,-0.655105,5.497237,-0.386635
11.846000,-17.381792,11.774177,-22.740095,-0.613117,5.510687,-0.393585
11.848000,-17.386697,11.764884,-22.696273,-0.592336,5.508355,-0.400520
11.852000,-17.381306,11.745171,-22.643477,-0.570825,5.496644,-0.407026
11.854000,-17.370074,11.721833,-22.593315,-0.559141,5.480253,-0.414473
11.854000,-17.349573,11.689951,-22.534689,-0.546203,5.455322,-0.421483
11.856000,-17.448143,11.786578,-22.650590,-0.612071,5.550911,-0.446188
11.858000,-17.437266,11.768220,-22.620493,-0.622647,5.536998,-0.457396
11.862000,-17.113151,11.474742,-22.389682,-0.808937,5.192963,-0.432723
11.864000,-17.387618,11.704505,-22.529602,-0.634161,5.482237,-0.477685
11.864000,-17.353290,11.664645,-22.480523,-0.646260,5.446007,-0.488496
11.866000,-17.358256,11.658550,-22.447667,-0.622872,5.450985,-0.502719
11.868000,-17.320786,11.616644,-22.396846,-0.633553,5.412419,-0.513749
11.870000,-17.282949,11.575166,-22.348163,-0.646344,5.373804,-0.525276
11.874000,-16.827339,11.165765,-22.047600,-0.883803,4.902512,-0.487408
11.876000,-17.198144,11.487273,-22.256694,-0.689070,5.288884,-0.549060
11.876000,-17.154612,11.442799,-22.215389,-0.717442,5.246991,-0.564688
11.878000,-17.169553,11.450868,-22.212058,-0.716455,5.265823,-0.587114
11.880000,-17.130370,11.411862,-22.178671,-0.747567,5.228699,-0.603831
11.884000,-16.701069,11.044231,-21.920316,-1.004694,4.777872,-0.564003
11.886000,-17.141642,11.424241,-22.190168,-0.787583,5.241976,-0.637871
11.886000,-17.105655,11.391456,-22.166119,-0.823415,5.207759,-0.653841
11.888000,-17.125123,11.407328,-22.175500,-0.827960,5.231887,-0.676740
11.890000,-17.080264,11.366548,-22.147693,-0.870812,5.188335,-0.692844
11.892000,-17.034775,11.325955,-22.120967,-0.915146,5.144438,-0.709011
11.896000,-16.417467,10.789148,-21.733880,-1.244483,4.504591,-0.651960
11.898000,-16.927223,11.232712,-22.062555,-1.017095,5.040555,-0.739910
11.898000,-16.874080,11.188022,-22.035815,-1.069047,4.989926,-0.755388
11.900000,-16.901282,11.214961,-22.059497,-1.078704,5.022934,-0.779366
11.902000,-16.855277,11.178493,-22.039326,-1.127664,4.980326,-0.794946
11.906000,-16.199838,10.614454,-21.624907,-1.458375,4.305708,-0.725985
11.908000,-16.786524,11.107894,-21.870785,-0.995257,4.913216,-0.796101
11.908000,-16.738425,11.070216,-21.840615,-1.029212,4.868857,-0.808359
11.910000,-16.773970,11.106719,-21.864019,-1.021589,4.911385,-0.830262
11.912000,-16.719763,11.066767,-21.847551,-1.083280,4.862412,-0.845710
11.916000,-16.666901,11.030861,-21.840591,-1.154733,4.814680,-0.859825
11.918000,-16.618213,11.001268,-21.844758,-1.235363,4.772263,-0.875244
11.918000,-16.554637,10.958384,-21.837979,-1.321476,4.716721,-0.891620
11.920000,-16.490451,10.915976,-21.831180,-1.407400,4.661800,-0.907998
11.922000,-16.424986,10.873266,-21.822701,-1.491672,4.606884,-0.924133
11.926000,-16.355754,10.826109,-21.801666,-1.561925,4.548805,-0.938056
11.926000,-16.310848,10.805016,-21.807782,-1.634523,4.515864,-0.952474
11.928000,-16.243848,10.761367,-21.784440,-1.695865,4.462054,-0.964926
11.930000,-16.199666,10.743251,-21.791663,-1.766884,4.432364,-0.978859
11.932000,-16.044139,10.492465,-21.158026,-1.073312,4.234874,-0.888261
11.934000,-15.988759,10.449775,-21.114186,-1.086443,4.184547,-0.893648
11.938000,-15.904979,10.400215,-21.125677,-1.222722,4.120211,-0.911667
11.938000,-15.938325,10.474785,-21.277583,-1.388165,4.172390,-0.941041
11.940000,-15.931430,10.510006,-21.394635,-1.558686,4.184196,-0.968581
11.942000,-15.874952,10.495136,-21.447023,-1.707437,4.150091,-0.989119
11.946000,-15.814653,10.482707,-21.508898,-1.873033,4.116901,-1.011065
11.946000,-15.726773,10.445590,-21.538123,-2.030734,4.061794,-1.028627
11.948000,-15.656998,10.427365,-21.584217,-2.183414,4.024006,-1.046973
11.950000,-15.630163,10.454211,-21.674056,-2.333460,4.029182,-1.067798
11.954000,-15.543864,10.413986,-21.669796,-2.435362,3.974353,-1.077371
11.956000,-15.457148,10.386193,-21.694014,-2.576664,3.930276,-1.090869
11.956000,-14.197735,8.181619,-17.565777,1.349388,2.089384,-0.500478
11.958000,-14.008420,8.031735,-17.513255,1.154315,1.923239,-0.510477
11.960000,-14.353319,8.492141,-18.159647,0.747988,2.330827,-0.591087
11.962000,-14.545749,8.908767,-19.039915,-0.189853,2.649857,-0.717077
11.966000,-14.480506,9.260971,-20.167475,-1.800351,2.856452,-0.902958
11.966000,-15.107551,10.339411,-21.944997,-3.316986,3.767570,-1.138236
11.968000,-15.170626,10.711646,-22.783014,-4.330121,4.033210,-1.259684
11.970000,-15.206532,10.954375,-23.275417,-4.907623,4.207357,-1.325119
11.972000,-0.679767,22.268783,1.091172,39.144702,15.490045,-25.350953
11.974000,0.348323,23.494070,0.925353,38.989857,16.998151,-23.281375
11.978000,1.371625,24.719522,0.760168,38.872367,18.480782,-21.510642
11.980000,2.061063,22.604674,0.598488,35.628056,16.341380,-20.221665
11.980000,2.591392,20.113679,0.481746,32.320324,13.746923,-19.204780
11.982000,0.212166,14.448318,0.947920,29.715808,7.558466,-18.670302
11.984000,0.095832,11.305822,0.975186,26.724621,4.190753,-18.129187
11.988000,-0.134464,5.737545,1.027665,21.507651,-1.801335,-17.566115
11.990000,-0.198962,6.051385,1.050144,21.885340,-1.471993,-17.414654
11.990000,-0.279401,4.135330,1.070905,20.054522,-3.547014,-17.167792
11.992000,-0.411282,2.999086,1.092358,18.996786,-4.786440,-16.959827
11.994000,-0.566689,1.760389,1.116893,17.868858,-6.146949,-16.830970
11.996000,-0.753165,0.768945,1.142442,16.998272,-7.247026,-16.748345
12.000000,-1.123122,-0.972502,1.177819,15.491122,-9.186301,-16.656514
12.002000,-1.149494,-0.778422,1.189683,15.680579,-8.990370,-16.709826
12.002000,-1.336637,-1.340724,1.207658,15.202826,-9.636670,-16.737104
12.004000,-1.480497,-1.654315,1.217898,14.919115,-10.011012,-16.784491
12.006000,-1.391899,-1.766686,1.177727,14.534564,-10.156671,-16.840185
12.008000,-1.477707,-2.010861,1.172120,14.242690,-10.454775,-16.926581
12.012000,-1.537863,-2.210194,1.160770,13.966779,-10.702681,-17.027137
12.014000,-1.581075,-2.388390,1.146689,13.700029,-10.926512,-17.142013
12.016000,-1.599654,-2.527791,1.127757,13.447374,-11.105841,-17.264523
12.016000,-1.589182,-2.632111,1.103418,13.201138,-11.244267,-17.392356
12.018000,-1.550410,-2.702589,1.073729,12.960684,-11.342845,-17.522926
12.020000,-1.483744,-2.743990,1.038796,12.723045,-11.406617,-17.654498
12.024000,-1.340442,-2.741244,0.974391,12.385567,-11.436463,-17.797536
12.026000,-1.279216,-2.745953,0.958799,12.276231,-11.435828,-17.912988
12.026000,-1.153613,-2.719584,0.912702,12.053546,-11.416740,-18.039957
12.028000,-1.017272,-2.681395,0.866845,11.844740,-11.381211,-18.166129
12.030000,-0.871068,-2.625946,0.816466,11.635857,-11.324978,-18.285678
12.032000,-0.613444,-2.402484,0.741955,11.455470,-11.075721,-18.392382
12.036000,-0.451400,-2.314428,0.688234,11.268822,-10.978643,-18.502148
12.038000,-0.278443,-2.209635,0.632553,11.090949,-10.860682,-18.606853
12.038000,-0.121373,-2.124988,0.580699,10.919504,-10.763935,-18.709152
12.040000,0.033634,-2.037424,0.529628,10.758864,-10.662292,-18.806550
12.042000,0.179115,-1.948752,0.480234,10.613082,-10.558048,-18.898456
12.044000,0.316744,-1.860460,0.432745,10.481033,-10.453966,-18.985329
12.048000,0.451999,-1.764713,0.385968,10.363295,-10.340220,-19.066784
12.050000,0.574574,-1.671339,0.344999,10.273396,-10.228421,-19.143548
12.050000,0.697116,-1.571678,0.301432,10.183285,-10.108095,-19.214801
12.052000,0.799048,-1.454292,0.261428,10.135263,-9.967283,-19.279701
12.054000,0.904759,-1.353526,0.221469,10.072345,-9.843966,-19.341410
12.058000,1.101600,-1.136175,0.162324,10.016271,-9.586800,-19.396736
12.060000,1.200055,-1.010697,0.124516,9.993010,-9.431760,-19.447065
12.060000,1.276825,-0.894927,0.090700,9.987699,-9.288702,-19.495669
12.062000,1.347697,-0.813036,0.059578,9.964189,-9.183143,-19.543926
12.064000,1.409088,-0.739143,0.030836,9.947674,-9.086323,-19.589365
12.066000,1.462629,-0.672878,0.002959,9.933380,-8.997777,-19.630535
12.070000,1.526755,-0.624198,-0.027600,9.888266,-8.926827,-19.663516
12.072000,1.562873,-0.558044,-0.052619,9.898964,-8.839620,-19.701494
12.072000,1.574606,-0.490369,-0.073114,9.936825,-8.749629,-19.731266
12.074000,1.593697,-0.430720,-0.093726,9.964644,-8.668353,-19.760569
12.076000,1.606071,-0.373930,-0.112278,10.001126,-8.590251,-19.788268
12.078000,1.612892,-0.328317,-0.128762,10.037894,-8.524729,-19.815354
12.082000,1.653988,-0.269651,-0.150476,10.048848,-8.440053,-19.832185
12.084000,1.651972,-0.169745,-0.165032,10.150500,-8.313589,-19.853224
12.084000,1.615808,-0.138822,-0.171473,10.237876,-8.269540,-19.887857
12.086000,1.601440,-0.094582,-0.181393,10.310974,-8.206302,-19.911553
12.088000,1.582844,-0.061228,-0.189859,10.381520,-8.155466,-19.935316
12.090000,1.569021,-0.006974,-0.198851,10.461053,-8.075908,-19.943459
12.094000,1.543889,0.024737,-0.205236,10.541226,-8.026828,-19.964798
12.096000,1.517679,0.064479,-0.211283,10.631422,-7.968927,-19.985142
12.096000,1.482757,0.048676,-0.214624,10.691630,-7.979673,-20.024010
12.098000,1.448524,0.068547,-0.218193,10.777290,-7.945058,-20.045974
12.100000,1.411308,0.084813,-0.220820,10.864823,-7.914760,-20.068030
12.102000,1.363090,0.144738,-0.221589,10.996653,-7.829270,-20.069587
12.106000,1.318532,0.167321,-0.222318,11.100976,-7.791980,-20.089897
12.108000,1.015279,-0.085245,-0.171100,11.249411,-8.068871,-20.118601
12.108000,0.971759,-0.110240,-0.171073,11.322734,-8.092601,-20.161489
12.110000,0.906384,-0.154346,-0.165514,11.398591,-8.131497,-20.187906
12.112000,0.874925,-0.119781,-0.167987,11.504616,-8.081781,-20.209500
12.114000,0.818589,-0.024346,-0.166644,11.683324,-7.956955,-20.206958
12.118000,0.788610,0.032159,-0.169293,11.809843,-7.882678,-20.227555
12.118000,0.790733,0.033308,-0.176411,11.864452,-7.877646,-20.274269
12.120000,0.768862,0.079040,-0.179696,11.976234,-7.816312,-20.299253
12.122000,0.748000,0.121306,-0.182740,12.085495,-7.759129,-20.325568
12.124000,0.670772,0.352274,-0.181194,12.405616,-7.484353,-20.314809
12.126000,0.627166,0.379508,-0.179254,12.529736,-7.444540,-20.342042
12.130000,0.605428,0.400589,-0.179881,12.625054,-7.412456,-20.372324
12.132000,0.601447,0.456705,-0.184400,12.731245,-7.341194,-20.400812
12.132000,-0.050771,-1.224315,-0.020995,12.123166,-9.229689,-20.569420
12.134000,-0.058332,-1.250340,-0.021056,12.174910,-9.249595,-20.608475
12.136000,-0.135491,-1.058647,-0.018295,12.477986,-9.029283,-20.627577
12.138000,-0.151558,-0.737450,-0.027502,12.825315,-8.652715,-20.611293
12.142000,-0.000350,-0.699264,-0.053401,12.775421,-8.596334,-20.650492
12.144000,-0.004101,-0.018174,-0.081739,13.404639,-7.829545,-20.630362
12.144000,0.292593,-0.205924,-0.122845,13.024788,-8.032171,-20.722751
12.146000,0.292593,-0.205924,-0.122845,13.024788,-8.032171,-20.722751
12.148000,0.158688,0.879321,-0.149283,14.175787,-6.805435,-20.684568
12.152000,0.215878,1.177195,-0.172021,14.427179,-6.465919,-20.703315
12.152000,0.463564,1.355956,-0.221149,14.376668,-6.266281,-20.764062
12.154000,0.572016,1.374893,-0.239057,14.346875,-6.237505,-20.811613
12.156000,-4.423289,-7.264079,0.932450,13.065673,-15.940907,-21.560285
12.158000,-2.935272,-5.027930,0.603553,13.303303,-13.415916,-21.442300
12.160000,-1.883640,-3.154666,0.359586,13.708031,-11.295829,-21.313753
12.164000,-0.585718,-0.645237,0.045820,14.389087,-8.471174,-21.131242
12.164000,0.501304,1.599270,-0.226588,15.065068,-5.948975,-20.976136
12.166000,1.714678,2.148194,-0.432941,14.302802,-5.314846,-21.035110
12.168000,-1.104227,-3.143469,-13.065563,-6.496316,-12.041203,3.614643
12.170000,-0.615152,-3.517798,-12.605257,-6.556937,-12.289046,3.693002
12.174000,-1.851323,-2.249490,-13.383757,-6.235932,-10.559908,3.236424
12.176000,-1.618358,-2.416724,-13.319562,-6.440798,-10.794819,3.307989
12.176000,-3.310709,-0.735945,-14.613690,-6.146995,-8.794808,2.793634
12.178000,-4.858333,0.814091,-15.817768,-5.903047,-6.969702,2.320142
12.180000,-6.592163,2.539010,-17.179300,-5.615160,-4.965924,1.806716
12.182000,-6.424536,1.871658,-15.663550,-4.070379,-5.212932,1.669985
12.186000,-7.818952,3.164375,-16.532084,-3.645594,-3.702180,1.288923
12.188000,-8.988058,4.258732,-17.331311,-3.219429,-2.422060,0.975824
12.188000,-10.321409,5.547242,-18.361979,-2.946309,-1.005800,0.670379
12.190000,-11.425413,6.610238,-19.204705,-2.716655,0.157939,0.427358
12.192000,-12.403030,7.547094,-19.955200,-2.527215,1.168092,0.228617
12.194000,-13.234010,8.331285,-20.578813,-2.358309,2.004873,0.073821
12.198000,-13.937729,8.983941,-21.093245,-2.208397,2.693722,-0.045444
12.198000,-14.543809,9.534300,-21.519261,-2.065784,3.268000,-0.135779
12.200000,-15.052938,9.986156,-21.861716,-1.936539,3.734496,-0.203070
12.204000,-15.921977,10.753234,-22.481309,-1.698843,4.545738,-0.313830
12.206000,-15.848278,10.666757,-22.355030,-1.706678,4.426462,-0.288642
12.206000,-16.205852,11.011413,-22.715990,-1.801148,4.752669,-0.342581
12.208000,-16.407391,11.166572,-22.817462,-1.746505,4.899321,-0.354567
12.210000,-16.626117,11.338009,-22.932495,-1.683287,5.066074,-0.370556
12.214000,-16.775365,11.430552,-22.942640,-1.569499,5.157756,-0.371214
12.214000,-16.961637,11.573984,-23.039942,-1.518370,5.297702,-0.385448
12.216000,-17.096938,11.663815,-23.069310,-1.441883,5.386417,-0.390697
12.218000,-17.204262,11.728503,-23.075167,-1.367607,5.451494,-0.394496
12.220000,-17.275360,11.753725,-23.022349,-1.258574,5.479675,-0.389797
12.224000,-17.347669,11.789785,-23.004305,-1.193035,5.517489,-0.392319
12.224000,-17.400962,11.813999,-22.985260,-1.146064,5.543001,-0.395463
12.226000,-17.452256,11.842723,-22.993384,-1.142304,5.572474,-0.406617
12.228000,-17.484740,11.848183,-22.958655,-1.099571,5.582079,-0.410869
12.230000,-17.507876,11.846119,-22.918692,-1.060302,5.585301,-0.415571
12.234000,-17.314725,11.660979,-22.860779,-1.303790,5.372886,-0.422328
12.236000,-17.485941,11.813720,-22.965674,-1.264225,5.541385,-0.457352
12.236000,-17.478107,11.788710,-22.922070,-1.258971,5.520889,-0.465735
12.238000,-17.496583,11.786431,-22.880789,-1.217619,5.528144,-0.474465
12.240000,-17.488657,11.759819,-22.817120,-1.179260,5.509811,-0.479618
12.242000,-17.477939,11.731718,-22.751195,-1.139737,5.490607,-0.484927
12.246000,-17.175967,11.425699,-22.436503,-1.145220,5.168409,-0.444249
12.248000,-17.438862,11.663650,-22.614547,-1.073679,5.440190,-0.496643
12.248000,-17.414222,11.627170,-22.547877,-1.047966,5.412474,-0.503695
12.250000,-17.426135,11.626809,-22.517179,-1.021593,5.424384,-0.517848
12.252000,-17.398930,11.590711,-22.456290,-1.005121,5.396787,-0.526631
12.254000,-17.370539,11.554424,-22.396492,-0.989690,5.369189,-0.536156
12.258000,-16.918019,11.147474,-22.128897,-1.292316,4.902064,-0.512781
12.260000,-17.250460,11.447773,-22.401410,-1.236707,5.255154,-0.585731
12.260000,-17.175241,11.376892,-22.359599,-1.317251,5.189579,-0.608070
12.262000,-17.187652,11.381136,-22.342826,-1.302943,5.209656,-0.629336
12.264000,-17.151262,11.340983,-22.285210,-1.297527,5.179624,-0.642896
12.266000,-17.121668,11.307313,-22.227300,-1.280168,5.156597,-0.655130
12.270000,-16.668420,10.884912,-21.782542,-1.295001,4.688249,-0.587073
12.272000,-17.086502,11.261601,-22.109991,-1.200935,5.130912,-0.672488
12.272000,-17.014046,11.194840,-22.048268,-1.240260,5.071141,-0.688721
12.274000,-17.034404,11.211312,-22.045111,-1.228554,5.102180,-0.710479
12.276000,-17.010641,11.187474,-21.995910,-1.209726,5.086786,-0.721310
12.278000,-17.003997,11.178761,-21.959657,-1.181893,5.084473,-0.731414
12.282000,-16.960211,11.138282,-21.904328,-1.181451,5.049667,-0.742347
12.284000,-16.613117,10.826360,-21.743421,-1.474959,4.724653,-0.771722
12.284000,-16.537706,10.760095,-21.684231,-1.513805,4.660713,-0.785524
12.286000,-16.486734,10.716472,-21.633757,-1.528299,4.620815,-0.797594
12.288000,-16.487226,10.719034,-21.610628,-1.504314,4.627561,-0.807571
12.290000,-16.466677,10.703806,-21.572334,-1.489894,4.617879,-0.817752
12.294000,-16.454590,10.697861,-21.544460,-1.477856,4.616919,-0.828704
12.294000,-16.391625,10.649499,-21.500379,-1.518168,4.571686,-0.843372
12.296000,-16.374746,10.640738,-21.473322,-1.513157,4.566935,-0.854684
12.298000,-16.410675,10.678874,-21.474442,-1.469924,4.609303,-0.864162
12.300000,-16.398540,10.675468,-21.451733,-1.463068,4.609394,-0.875294
12.304000,-16.378612,10.664024,-21.418771,-1.451806,4.601670,-0.885160
12.306000,-16.303540,10.607753,-21.370704,-1.500133,4.546457,-0.898979
12.306000,-15.625622,9.956216,-20.811803,-1.672296,3.895470,-0.887323
12.308000,-15.604074,9.941831,-20.775281,-1.654508,3.882968,-0.894883
12.310000,-15.425796,9.792273,-20.667966,-1.762812,3.730421,-0.907622
12.312000,-15.514425,9.883287,-20.713690,-1.703945,3.824301,-0.915987
12.316000,-15.557393,9.937297,-20.743885,-1.689680,3.879269,-0.926534
12.318000,-15.630637,10.021663,-20.802660,-1.672290,3.963234,-0.937343
12.318000,-15.631429,10.039010,-20.804731,-1.678154,3.981043,-0.946584
12.320000,-15.692186,10.110344,-20.845698,-1.652627,4.052546,-0.956052
12.322000,-15.809516,10.232816,-20.925016,-1.600217,4.174837,-0.966520
12.324000,-15.847477,10.279509,-20.936889,-1.564980,4.222307,-0.972982
12.328000,-15.891755,10.336101,-20.966317,-1.545758,4.277894,-0.981875
12.328000,-15.863422,10.331538,-20.962434,-1.582794,4.269402,-0.991129
12.330000,-15.881892,10.365357,-20.977564,-1.580348,4.300590,-0.999571
12.332000,-13.662672,8.105862,-18.800424,-1.616327,2.078799,-0.828582
12.334000,-13.717559,8.173111,-18.850709,-1.611404,2.141757,-0.836578
12.338000,-13.692632,8.164625,-18.824555,-1.604518,2.128583,-0.837095
12.340000,-14.099315,8.582313,-19.213239,-1.592484,2.539237,-0.868351
12.342000,-14.443755,8.940070,-19.534659,-1.566849,2.889312,-0.892405
12.342000,-15.263827,9.748414,-20.215641,-1.384105,3.690884,-0.938437
12.344000,-15.272950,9.791822,-20.297483,-1.485625,3.720105,-0.950423
12.346000,-15.701915,10.219473,-20.654790,-1.390759,4.138904,-0.975887
12.350000,-16.028822,10.573018,-20.983086,-1.395707,4.477311,-1.006462
12.352000,-16.755109,11.312118,-21.622472,-1.282711,5.201887,-1.060925
12.352000,-17.082558,11.648711,-21.890419,-1.205424,5.529401,-1.083206
12.354000,-17.245414,11.832075,-22.040816,-1.189208,5.701328,-1.098812
12.356000,-9.449642,3.236299,-13.170452,0.279334,-2.614630,-0.147289
12.360000,-11.191448,5.239276,-15.325242,-0.286417,-0.703082,-0.385706
12.360000,-1.755774,25.125785,1.088563,41.638500,18.984519,-22.763753
12.362000,-1.261148,26.303677,0.987716,41.946275,20.356611,-21.395987
12.364000,-0.845714,27.307974,0.910654,42.273551,21.502731,-20.285421
12.368000,-0.219146,24.652383,0.790652,38.791838,18.709729,-19.136431
12.368000,0.356891,21.527697,0.702933,35.092308,15.381741,-18.810124
12.370000,1.036425,18.306120,0.611164,31.224387,11.974034,-18.276434
12.372000,1.328507,14.858630,0.603856,27.775651,8.243587,-18.061957
12.376000,1.622890,11.890218,0.596573,24.763243,5.051035,-17.857102
12.376000,1.808252,10.009647,0.586304,22.773128,3.055021,-17.595305
12.378000,1.715225,7.652570,0.637600,20.796524,0.471587,-17.577833
12.382000,1.644706,5.856309,0.673784,19.228142,-1.484655,-17.510101
12.382000,-1.108917,1.561226,1.245411,18.662715,-6.273190,-17.653604
12.384000,-1.568726,-0.029340,1.344479,17.688009,-8.040407,-17.659223
12.386000,-2.061399,-1.357287,1.441110,16.953773,-9.527908,-17.674241
12.388000,-2.348981,-2.224999,1.487952,16.369480,-10.526438,-17.708485
12.392000,-2.509172,-2.682283,1.501028,15.940190,-11.053983,-17.678926
12.394000,-2.533480,-2.775622,1.479354,15.625012,-11.161179,-17.593378
12.394000,-2.608312,-2.904762,1.467955,15.374272,-11.327270,-17.584139
12.396000,-2.650488,-2.964241,1.449093,15.154138,-11.415823,-17.592217
12.398000,-2.670731,-3.009524,1.426403,14.933998,-11.488739,-17.623488
12.400000,-2.706643,-3.194547,1.411814,14.654047,-11.731738,-17.726439
12.404000,-2.658226,-3.203620,1.377076,14.407926,-11.760541,-17.785062
12.404000,-2.531778,-3.019010,1.326365,14.239340,-11.554773,-17.799743
12.406000,-2.384041,-2.560534,1.257716,14.279352,-11.054439,-17.834694
12.408000,-2.261646,-2.467349,1.208099,14.066555,-10.961723,-17.910111
12.410000,-2.129745,-2.395176,1.157435,13.835096,-10.891057,-17.993839
12.414000,-1.975240,-2.382714,1.105871,13.542569,-10.884695,-18.089154
12.414000,-1.805655,-2.371337,1.051777,13.239234,-10.877363,-18.185268
12.416000,-1.628594,-2.363630,0.997009,12.933019,-10.872190,-18.281208
12.418000,-1.444385,-2.346583,0.941083,12.633957,-10.854696,-18.374400
12.420000,-1.256082,-2.319362,0.884517,12.345913,-10.824067,-18.464154
12.424000,-0.804311,-2.257996,0.776170,11.782045,-10.759603,-18.573626
12.424000,-0.876665,-2.232205,0.770886,11.813556,-10.721368,-18.631242
12.426000,-0.689212,-2.174260,0.714490,11.571111,-10.651718,-18.708292
12.428000,-0.539618,-2.110493,0.665401,11.383311,-10.574491,-18.780279
12.430000,-0.362273,-2.038936,0.610944,11.174850,-10.487029,-18.848599
12.434000,-0.230975,-1.498900,0.549672,11.410279,-9.871769,-18.876199
12.434000,-0.029706,-1.479927,0.495747,11.158246,-9.845230,-18.954499
12.436000,0.068304,-1.242134,0.451768,11.188373,-9.564076,-18.987018
12.438000,0.226688,-1.182177,0.402860,11.014907,-9.485193,-19.045245
12.440000,0.371144,-1.113504,0.356249,10.867218,-9.395660,-19.097576
12.444000,0.699854,-0.937436,0.289488,10.705176,-9.168776,-19.252649
12.444000,0.657930,-1.030869,0.266388,10.542980,-9.276215,-19.198205
12.446000,0.788732,-0.990846,0.224365,10.399887,-9.217226,-19.243113
12.448000,0.854457,-0.928692,0.191590,10.340633,-9.134732,-19.274811
12.450000,0.989889,-0.914972,0.150513,10.178752,-9.104197,-19.315326
12.452000,1.153605,-0.944682,0.105495,9.951164,-9.122279,-19.357548
12.456000,1.248409,-0.905421,0.071752,9.862205,-9.062551,-19.389338
12.456000,1.055090,-0.238544,0.070570,10.618552,-8.299761,-19.368055
12.458000,1.058839,-0.095950,0.047751,10.715799,-8.123908,-19.383059
12.460000,1.116226,-0.013718,0.017613,10.707674,-8.014761,-19.402652
12.462000,1.185534,-0.004523,-0.011973,10.628227,-7.987468,-19.428678
12.466000,1.321419,-0.078038,-0.050155,10.408156,-8.050601,-19.457484
12.466000,1.334909,-0.041784,-0.068740,10.423479,-7.995087,-19.482031
12.468000,1.402349,-0.067725,-0.094375,10.328654,-8.007248,-19.507168
12.470000,1.415120,-0.050127,-0.111100,10.332826,-7.972117,-19.526163
12.472000,1.500011,-0.096626,-0.137647,10.209182,-8.008175,-19.551496
12.474000,1.594071,-0.156662,-0.164805,10.062868,-8.056667,-19.569702
12.478000,1.632809,-0.172402,-0.183044,10.020358,-8.058805,-19.589349
12.478000,1.595974,-0.130117,-0.187848,10.119320,-8.001026,-19.611855
12.480000,1.607774,-0.131982,-0.201017,10.122905,-7.988424,-19.629459
12.482000,1.129987,0.725728,-0.155673,11.379345,-7.017189,-19.576685
12.484000,1.133179,0.773241,-0.168181,11.433169,-6.945305,-19.581273
12.488000,1.085316,0.834000,-0.172331,11.559184,-6.863091,-19.592221
12.488000,1.086695,0.784360,-0.181741,11.543894,-6.908730,-19.625171
12.490000,1.133397,0.688493,-0.196456,11.439060,-7.001855,-19.652674
12.492000,1.192269,0.572338,-0.211996,11.306029,-7.117760,-19.681638
12.494000,1.254752,0.453356,-0.227305,11.169093,-7.236717,-19.710009
12.496000,1.308555,0.328685,-0.240308,11.038983,-7.362351,-19.737827
12.500000,1.377640,0.241336,-0.254163,10.924850,-7.441342,-19.752327
12.500000,1.385254,0.181878,-0.260023,10.909879,-7.500359,-19.787076
12.502000,1.420606,0.098976,-0.269504,10.842079,-7.579626,-19.812062
12.504000,1.446009,0.022283,-0.277259,10.791926,-7.652386,-19.837151
12.506000,0.231777,1.099158,-0.121009,13.025171,-6.450631,-19.738330
12.510000,0.184803,1.123319,-0.119458,13.135696,-6.405552,-19.741690
12.512000,0.113169,1.139781,-0.115964,13.275034,-6.381228,-19.772319
12.512000,0.263670,0.950126,-0.139949,13.000235,-6.580062,-19.813482
12.514000,0.400963,0.749027,-0.160623,12.731670,-6.792493,-19.855449
12.516000,0.652876,0.488389,-0.196327,12.294469,-7.069734,-19.906418
12.518000,0.848050,0.254178,-0.220794,11.940313,-7.311934,-19.938905
12.522000,1.001154,0.014650,-0.240521,11.635736,-7.573661,-19.999394
12.522000,1.213667,-0.175498,-0.268573,11.310489,-7.772469,-20.046164
12.524000,1.384996,-0.367847,-0.288977,11.030795,-7.974713,-20.092742
12.526000,1.547731,-0.542135,-0.307322,10.779808,-8.156404,-20.138936
12.528000,1.686775,-0.669974,-0.320716,10.593992,-8.279459,-20.167843
12.530000,1.776355,-0.853661,-0.324933,10.421586,-8.472486,-20.215044
12.534000,-4.101578,1.643386,0.476468,18.771754,-5.761254,-19.816111
12.534000,-3.810296,1.565083,0.428310,18.473250,-5.839871,-19.884434
12.536000,-3.520228,1.370358,0.389285,18.084643,-6.041752,-19.947543
12.538000,-2.152607,0.672388,0.207524,16.126399,-6.793141,-20.093036
12.540000,-0.783226,-0.130816,0.038011,14.086898,-7.654947,-20.231152
12.544000,2.017663,-1.993305,-0.292726,9.683378,-9.686337,-20.523244
12.544000,4.218788,-3.153430,-0.561109,6.495055,-10.947901,-20.758534
12.546000,5.610363,-4.055629,-0.711962,4.385846,-11.926163,-20.926885
12.548000,6.156996,-4.182120,-0.771277,3.812949,-12.047823,-21.006018
12.550000,5.929635,-3.891327,-0.733133,4.409466,-11.705140,-21.009333
12.552000,5.413407,-3.199365,-0.676624,5.643959,-10.923444,-20.991892
12.556000,4.563287,-2.253250,-0.590345,7.437625,-9.868747,-20.961215
12.556000,1.281150,-5.446600,-11.195473,-7.683727,-14.072555,3.595784
12.558000,1.880750,-5.921325,-10.688954,-7.867889,-14.443261,3.672212
12.560000,2.454627,-6.370420,-10.270590,-8.118312,-14.829485,3.745183
12.562000,1.103315,-4.943848,-11.286600,-7.782923,-13.139463,3.320401
12.566000,-2.953224,-0.861767,-14.343133,-6.597408,-8.534903,2.233428
12.568000,-2.508570,-1.205808,-14.172787,-6.954067,-8.937669,2.297271
12.568000,-4.471571,0.800493,-15.788498,-6.532654,-6.748461,1.776922
12.570000,-5.931791,2.295961,-16.989087,-6.242928,-5.130495,1.399173
12.572000,-7.561393,3.940043,-18.316842,-5.894650,-3.359897,0.992998
12.576000,-10.693644,6.926905,-20.611270,-4.916842,-0.139634,0.320117
12.578000,-10.343867,6.679644,-20.537574,-5.277138,-0.439371,0.352734
12.578000,-11.512462,7.792657,-21.440126,-5.000113,0.736586,0.109838
12.580000,-12.293387,8.506940,-22.021188,-4.821196,1.478675,-0.032407
12.582000,-12.620927,7.921073,-20.212605,-2.199827,1.183581,0.194279
12.584000,-13.306140,8.441051,-20.446021,-1.697846,1.760045,0.122245
12.586000,-13.918375,8.888025,-20.635394,-1.224996,2.254223,0.066076
12.588000,-14.477886,9.397860,-21.036574,-1.073030,2.777825,-0.016487
12.590000,-14.872465,9.783498,-21.411738,-1.091908,3.155025,-0.085551
12.592000,-15.278466,10.168578,-21.757208,-1.063326,3.539285,-0.148599
12.596000,-15.635416,10.494366,-22.023580,-0.999418,3.867316,-0.193028
12.596000,-15.931143,10.770169,-22.301081,-1.024417,4.136398,-0.241017
12.598000,-16.192876,11.000508,-22.506521,-1.003881,4.365120,-0.273934
12.600000,-16.438221,11.202952,-22.654164,-0.930524,4.570928,-0.293851
12.602000,-16.627611,11.356717,-22.784145,-0.905962,4.724354,-0.313807
12.604000,-16.758710,11.462794,-22.903301,-0.943836,4.826609,-0.336750
12.606000,-16.697089,11.427045,-23.003561,-1.233297,4.771569,-0.374854
12.608000,-16.773317,11.474826,-23.055142,-1.257912,4.819309,-0.389197
12.610000,-16.816845,11.492626,-23.088983,-1.298877,4.836771,-0.403339
12.612000,-16.932422,11.560082,-23.094836,-1.203617,4.913806,-0.403694
12.614000,-17.000292,11.590220,-23.095687,-1.165300,4.951555,-0.409531
12.616000,-17.008593,11.575644,-23.092734,-1.200736,4.941255,-0.421612
12.618000,-17.099861,11.622235,-23.069515,-1.093136,5.001447,-0.419614
12.622000,-17.128276,11.621202,-23.046760,-1.073223,5.010200,-0.426449
12.622000,-17.104329,11.580422,-23.020418,-1.118599,4.976319,-0.439031
12.624000,-17.124261,11.572901,-22.985636,-1.091053,4.980982,-0.445290
12.626000,-17.206716,11.617252,-22.952993,-0.974132,5.042309,-0.443162
12.628000,-17.216502,11.603704,-22.914592,-0.952821,5.041521,-0.450434
12.632000,-17.233896,11.596830,-22.873017,-0.914267,5.049070,-0.456287
12.632000,-16.863054,11.264519,-22.760499,-1.338669,4.703260,-0.498561
12.634000,-16.810643,11.200299,-22.706041,-1.381586,4.649136,-0.511704
12.636000,-16.830663,11.198769,-22.667327,-1.338649,4.661309,-0.517398
12.638000,-16.803545,11.158537,-22.621038,-1.354513,4.634810,-0.530600
12.640000,-16.879662,11.208370,-22.602892,-1.256108,4.701559,-0.533544
12.644000,-16.906147,11.216448,-22.571235,-1.210768,4.725615,-0.541678
12.644000,-16.872300,11.174683,-22.529087,-1.239153,4.697104,-0.556836
12.646000,-16.894709,11.182348,-22.501946,-1.203919,4.720058,-0.566292
12.648000,-16.938704,11.210399,-22.483330,-1.147812,4.764528,-0.574361
12.650000,-16.964654,11.222779,-22.460294,-1.111623,4.793388,-0.586589
12.652000,-16.989057,11.234965,-22.438980,-1.079099,4.821660,-0.599262
12.656000,-16.805096,11.057935,-22.235350,-1.071843,4.618126,-0.548267
12.656000,-16.480669,10.747276,-22.124335,-1.439094,4.343213,-0.646452
12.658000,-16.439257,10.702332,-22.078549,-1.464042,4.310080,-0.662459
12.660000,-16.423538,10.681975,-22.060137,-1.492141,4.307228,-0.686943
12.662000,-16.474061,10.724531,-22.066442,-1.453977,4.364663,-0.699783
12.664000,-16.537530,10.780136,-22.081487,-1.408405,4.434975,-0.712174
12.668000,-16.421747,10.679462,-21.915487,-1.340428,4.293995,-0.640881
12.668000,-16.683599,10.912037,-22.123668,-1.303336,4.593899,-0.733904
12.670000,-16.751911,10.975003,-22.145106,-1.257262,4.669177,-0.744990
12.672000,-16.830854,11.047192,-22.185599,-1.226176,4.759693,-0.767131
12.674000,-16.887395,11.100921,-22.205089,-1.193570,4.824156,-0.779101
12.678000,-16.629918,10.885669,-21.962333,-1.218803,4.547158,-0.700584
12.680000,-16.656963,10.905965,-21.971293,-1.208808,4.578549,-0.710756
12.680000,-17.017445,11.230505,-22.248891,-1.128510,4.979698,-0.814339
12.682000,-16.250666,10.507419,-21.760778,-1.570093,4.253338,-0.842803
12.684000,-16.244441,10.505260,-21.761466,-1.602290,4.264397,-0.867249
12.686000,-16.202877,10.473377,-21.733171,-1.639664,4.236688,-0.880375
12.690000,-16.013125,10.331799,-21.533064,-1.610941,4.023305,-0.785478
12.692000,-16.398450,10.672237,-21.842477,-1.541216,4.448882,-0.899099
12.692000,-16.520578,10.794800,-21.910991,-1.475631,4.577928,-0.907459
12.694000,-16.662841,10.933377,-22.002879,-1.418950,4.731811,-0.928999
12.696000,-16.773892,11.046112,-22.066422,-1.362381,4.850103,-0.938250
12.698000,-16.865466,11.138457,-22.107577,-1.301841,4.948504,-0.945815
12.702000,-16.933935,11.212343,-22.145022,-1.268063,5.024612,-0.953309
12.702000,-16.998294,11.287266,-22.195269,-1.259334,5.099095,-0.963973
12.704000,-17.056801,11.354615,-22.230188,-1.237576,5.167559,-0.973512
12.706000,-15.216937,9.546000,-20.606646,-1.573909,3.372205,-0.890143
12.708000,-15.153222,9.494733,-20.538115,-1.577835,3.322679,-0.893008
12.712000,-15.115180,9.477196,-20.522412,-1.619764,3.303301,-0.902664
12.714000,-15.383910,9.749755,-20.737403,-1.549377,3.577513,-0.919568
12.714000,-15.693859,10.061638,-20.985774,-1.467650,3.890360,-0.938173
12.716000,-16.042358,10.409207,-21.261038,-1.369348,4.238734,-0.957676
12.720000,-16.358945,10.719978,-21.489944,-1.251516,4.551480,-0.972455
12.720000,-16.692837,11.061095,-21.782021,-1.200321,4.888237,-0.997473
12.722000,-16.974160,11.346049,-22.011305,-1.135508,5.170026,-1.016804
12.724000,-17.225189,11.604464,-22.223473,-1.089730,5.423592,-1.036301
12.728000,-17.414081,11.792943,-22.350287,-1.012011,5.610149,-1.046829
12.728000,-17.632012,12.036273,-22.582482,-1.040299,5.842328,-1.073501
12.730000,-17.790830,12.211660,-22.727916,-1.029957,6.010155,-1.090460
12.732000,-9.352542,3.298856,-13.513090,-0.004693,-2.640422,-0.248907
12.736000,-9.961947,3.967146,-14.228768,-0.159779,-2.001564,-0.317136
12.738000,-12.152052,6.251872,-16.579403,-0.382873,0.218881,-0.521098
12.738000,-16.328871,10.509440,-20.693286,-0.289025,4.383655,-0.862940
12.740000,-19.615269,13.869679,-23.950276,-0.242677,7.662703,-1.139038
12.742000,-21.820831,16.126575,-26.126678,-0.201719,9.856311,-1.324911
12.746000,-21.287100,15.843370,-26.191451,-0.997388,9.405255,-1.271827
12.748000,-3.381479,26.388498,1.261158,44.862895,19.766187,-24.922668
12.748000,-2.510457,27.944961,1.102224,45.074122,21.601877,-22.752016
12.750000,-1.644105,29.494102,0.944529,45.317826,23.415526,-20.862399
12.752000,-0.664083,26.955951,0.770243,41.476782,20.769324,-19.768730
12.754000,0.057436,23.621584,0.672014,37.390441,17.207841,-19.074367
12.756000,-1.627549,16.663592,1.103919,33.178577,9.638821,-18.869202
12.758000,-1.334962,12.711509,1.121172,29.248181,5.394618,-18.598845
12.760000,-1.183692,9.078114,1.164427,25.821156,1.482662,-18.440091
12.762000,-0.918333,6.369737,1.164718,23.040984,-1.427425,-18.270026
12.766000,-0.842117,4.775650,1.167593,21.403862,-3.140879,-18.071378
12.768000,-0.854400,3.557628,1.175668,20.182014,-4.456556,-17.907938
12.768000,-0.891005,2.290109,1.188269,18.945005,-5.835037,-17.809342
12.770000,-0.975336,1.232126,1.203319,17.938247,-6.994340,-17.746370
12.772000,-1.085280,0.332756,1.218726,17.095627,-7.987641,-17.716277
12.774000,-1.221789,-0.392026,1.233994,16.429620,-8.795595,-17.710010
12.776000,-1.356660,-0.966288,1.245201,15.890709,-9.442646,-17.722315
12.778000,-1.459780,-1.297889,1.247681,15.538232,-9.825000,-17.741507
12.780000,-1.571482,-1.631627,1.248661,15.184480,-10.212182,-17.783632
12.784000,-1.524857,-1.428748,1.203821,15.098469,-10.001178,-17.793423
12.784000,-1.577482,-1.575144,1.189544,14.848394,-10.181071,-17.855885
12.786000,-1.606034,-1.669122,1.170095,14.623207,-10.302261,-17.927232
12.788000,-1.615942,-1.793452,1.149702,14.364643,-10.456070,-18.016587
12.792000,-1.598128,-1.891580,1.124425,14.105833,-10.579300,-18.111994
12.794000,-1.553712,-1.970360,1.094650,13.842306,-10.679286,-18.211900
12.794000,-1.489320,-2.022556,1.060614,13.584128,-10.747949,-18.312382
12.796000,-1.403479,-2.051689,1.022561,13.328726,-10.789012,-18.412690
12.798000,-1.299251,-2.059656,0.980993,13.077581,-10.804554,-18.511613
12.800000,-1.177466,-2.048833,0.936201,12.829947,-10.797533,-18.607259
12.804000,-1.042394,-2.023195,0.888949,12.586845,-10.772092,-18.700427
12.806000,-0.896631,-1.985516,0.839754,12.348642,-10.731360,-18.790653
12.808000,-0.672934,-1.547697,0.764407,12.369318,-10.239707,-18.847206
12.808000,-0.511958,-1.451071,0.711349,12.177649,-10.129373,-18.927980
12.810000,-0.347392,-1.348185,0.657763,11.993449,-10.010417,-19.005121
12.812000,-0.184275,-1.303218,0.606772,11.769319,-9.954632,-19.086042
12.816000,0.180571,-1.356402,0.525118,11.252371,-10.012507,-19.206645
12.816000,0.142897,-1.228684,0.506089,11.324211,-9.856537,-19.234760
12.818000,0.303030,-1.191481,0.456787,11.113121,-9.806029,-19.301082
12.820000,0.428662,-1.134014,0.412872,10.960304,-9.732230,-19.358194
12.822000,0.575004,-1.089723,0.366280,10.779153,-9.672044,-19.414491
12.824000,0.713325,-1.042674,0.321287,10.613358,-9.608023,-19.466161
12.828000,0.970436,-0.977544,0.267017,10.386443,-9.526353,-19.558420
12.828000,0.972893,-0.950462,0.235347,10.311518,-9.479982,-19.557983
12.830000,1.089634,-0.904274,0.195133,10.180826,-9.415050,-19.598208
12.832000,1.129661,-0.355712,0.152500,10.566192,-8.787251,-19.596171
12.834000,1.215532,-0.258557,0.116974,10.521327,-8.664457,-19.626270
12.836000,1.292276,-0.162767,0.083446,10.488924,-8.542838,-19.653530
12.840000,1.428819,-0.136661,0.064580,10.426319,-8.499939,-19.742405
12.840000,1.460133,-0.154733,0.021136,10.263633,-8.503472,-19.719035
12.842000,1.536522,-0.172455,-0.007420,10.145237,-8.507775,-19.749143
12.844000,1.591946,-0.187958,-0.034863,10.042845,-8.509686,-19.769992
12.846000,1.615191,-0.168130,-0.057395,10.012318,-8.472500,-19.786663
12.850000,1.734997,-0.191389,-0.065880,10.000479,-8.464831,-19.898117
12.852000,1.729767,-0.153347,-0.080860,10.031327,-8.407101,-19.909662
12.852000,1.795284,-0.273380,-0.136005,9.675133,-8.541466,-19.836484
12.854000,1.743310,-0.212221,-0.147113,9.764382,-8.461323,-19.839965
12.856000,1.689227,0.333821,-0.171402,10.280193,-7.835237,-19.811242
12.858000,1.682078,0.376868,-0.185410,10.325022,-7.770986,-19.819153
12.862000,1.613637,0.487818,-0.149543,10.708967,-7.614402,-19.927830
12.864000,1.619456,0.419487,-0.161000,10.595837,-7.690447,-19.916454
12.864000,1.714762,0.258401,-0.224018,10.210738,-7.855754,-19.866983
12.866000,1.727669,0.167454,-0.239211,10.109759,-7.943428,-19.876743
12.868000,1.739448,0.075799,-0.253795,10.013528,-8.031269,-19.886118
12.870000,1.742450,-0.021005,-0.261285,9.943431,-8.125035,-19.902979
12.874000,1.645412,0.065408,-0.206397,10.387409,-7.995325,-20.009742
12.876000,1.732963,-0.155943,-0.271792,9.880364,-8.243052,-19.924413
12.876000,1.715035,-0.217854,-0.274205,9.874689,-8.298093,-19.939848
12.878000,1.659666,-0.262300,-0.277130,9.904787,-8.340059,-19.954298
12.880000,1.635161,-0.320268,-0.278044,9.913131,-8.391390,-19.970355
12.882000,1.077388,0.331063,-0.213077,11.107311,-7.657216,-19.923910
12.886000,0.841471,0.638252,-0.134294,11.934616,-7.282650,-20.024491
12.888000,0.962069,0.326643,-0.204714,11.301252,-7.630558,-19.938992
12.888000,0.962782,0.212505,-0.207927,11.245387,-7.749968,-19.977718
12.890000,1.007134,0.048296,-0.221661,11.068483,-7.920738,-19.997834
12.892000,1.051428,-0.102282,-0.228825,10.933610,-8.075419,-20.028149
12.896000,0.979908,0.053880,-0.166603,11.478056,-7.869407,-20.151520
12.896000,1.148418,-0.373151,-0.240814,10.689527,-8.345182,-20.071775
12.898000,1.176616,-0.503677,-0.244534,10.604240,-8.484360,-20.115832
12.900000,1.206561,-0.638745,-0.253189,10.481881,-8.623634,-20.135317
12.902000,1.227186,-0.740745,-0.254043,10.430969,-8.725130,-20.165134
12.904000,1.240819,-0.832158,-0.253310,10.399194,-8.814574,-20.195289
12.908000,-0.339213,0.419832,0.011946,13.517050,-7.410537,-20.198620
12.910000,-0.157010,-0.110746,-0.057615,12.628696,-8.000972,-20.125971
12.910000,-0.177529,-0.181064,-0.053721,12.663839,-8.074362,-20.175023
12.912000,0.030447,-0.422732,-0.084357,12.272306,-8.330313,-20.219452
12.914000,0.261577,-0.634087,-0.111592,11.917221,-8.550954,-20.275799
12.916000,0.495245,-0.847029,-0.137772,11.561402,-8.773083,-20.333268
12.920000,0.642133,-0.488342,-0.108268,12.103569,-8.338420,-20.483256
12.922000,0.985689,-1.237454,-0.186701,10.875027,-9.168907,-20.437683
12.922000,1.208609,-1.423231,-0.207172,10.571744,-9.360186,-20.499594
12.924000,1.445559,-1.706004,-0.234160,10.142980,-9.668805,-20.575498
12.926000,1.635262,-1.873999,-0.247974,9.898229,-9.840763,-20.638732
12.928000,2.054649,-2.829680,-0.253937,8.768936,-10.889433,-20.772839
12.932000,1.856298,-2.421045,-0.164338,9.768267,-10.402612,-20.924091
12.934000,-5.369862,-4.474864,0.974136,15.568558,-12.844110,-20.664481
12.934000,-3.422093,-3.938123,0.658272,14.064592,-12.196370,-20.782522
12.936000,-2.041501,-3.271972,0.416417,13.229941,-11.408413,-20.835088
12.938000,-0.047347,-2.263833,0.071416,12.048574,-10.226674,-20.886618
12.940000,1.261454,-5.214673,-11.537401,-7.805246,-14.247249,3.634710
12.944000,1.858893,-5.700711,-10.967114,-7.907929,-14.542711,3.708470
12.946000,2.370188,-6.114181,-10.533555,-8.056863,-14.829977,3.776314
12.946000,0.813501,-4.533963,-11.691016,-7.596586,-12.955542,3.327008
12.948000,-0.904529,-2.772821,-13.034028,-7.150159,-10.920070,2.833138
12.950000,-2.861350,-0.773402,-14.614045,-6.676733,-8.666231,2.288943
12.952000,-4.767432,1.171008,-16.180163,-6.243645,-6.508966,1.773805
12.956000,-8.505294,4.861926,-19.078210,-5.181360,-2.443721,0.854873
12.956000,-7.678016,3.375589,-16.786730,-3.405482,-3.744911,1.222169
12.958000,-9.158085,4.769964,-17.837833,-2.859576,-2.230464,0.901406
12.960000,-10.114474,5.633849,-18.425660,-2.424132,-1.289949,0.721751
12.962000,-11.207415,6.722111,-19.345293,-2.212615,-0.147387,0.485088
12.964000,-12.143244,7.651989,-20.148658,-2.058907,0.816541,0.293251
12.968000,-13.958407,9.440976,-21.720419,-1.785107,2.660634,-0.049382
12.970000,-13.678144,9.168266,-21.482762,-1.854029,2.371255,-0.001591
12.970000,-14.304583,9.768168,-22.025636,-1.776653,2.973364,-0.107639
12.972000,-14.734371,10.160108,-22.404426,-1.743563,3.348960,-0.168368
12.974000,-15.184167,10.569139,-22.776196,-1.682558,3.750713,-0.230930
12.978000,-16.091957,11.381701,-23.508167,-1.531683,4.549792,-0.340811
12.980000,-15.900564,11.191821,-23.335515,-1.566948,4.354911,-0.315817
12.980000,-16.186871,11.428088,-23.542477,-1.510417,4.582062,-0.344523
12.982000,-16.314790,11.556747,-23.773880,-1.707168,4.680788,-0.383774
12.984000,-16.509471,11.704777,-23.909548,-1.681302,4.819043,-0.402650
12.986000,-16.668498,11.814629,-23.981981,-1.623288,4.924787,-0.411126
12.990000,-16.822222,11.916130,-24.053208,-1.564561,5.021607,-0.420435
12.992000,-16.937588,11.984022,-24.093223,-1.512221,5.086191,-0.426095
12.992000,-17.036349,12.040123,-24.143460,-1.503615,5.135661,-0.438960
12.994000,-17.119000,12.078945,-24.149368,-1.459499,5.173444,-0.444559
12.996000,-17.188482,12.106005,-24.143593,-1.416289,5.202060,-0.449776
12.998000,-17.260126,12.132561,-24.105094,-1.324603,5.235184,-0.447378
13.002000,-17.310176,12.143904,-24.077433,-1.273763,5.251290,-0.450719
13.002000,-17.344538,12.146364,-24.049340,-1.238799,5.258138,-0.454692
13.004000,-17.353493,12.127543,-24.025779,-1.247457,5.243000,-0.465639
13.006000,-17.232632,12.011221,-24.028012,-1.486171,5.114725,-0.497327
13.008000,-17.234271,11.986419,-23.981811,-1.472221,5.097018,-0.504712
13.012000,-17.160459,11.877959,-23.818196,-1.433191,4.974084,-0.475767
13.014000,-17.245281,11.946516,-23.883193,-1.416836,5.074769,-0.517526
13.014000,-17.260688,11.936558,-23.831736,-1.367705,5.075951,-0.522483
13.016000,-17.286948,11.939203,-23.795007,-1.320409,5.093056,-0.532608
13.018000,-17.300311,11.930816,-23.744861,-1.272116,5.096815,-0.538328
13.020000,-17.310499,11.921313,-23.695621,-1.227992,5.099540,-0.544715
13.024000,-17.132347,11.735381,-23.455561,-1.203368,4.891698,-0.499494
13.024000,-17.318006,11.895528,-23.597012,-1.153350,5.097308,-0.558228
13.028000,-17.317069,11.880718,-23.549825,-1.123597,5.093970,-0.566016
13.028000,-17.338190,11.887923,-23.528945,-1.097576,5.116641,-0.581531
13.030000,-17.333999,11.872984,-23.486963,-1.077204,5.112666,-0.590844
13.032000,-17.213563,11.754985,-23.425995,-1.203276,4.994793,-0.611896
13.036000,-17.181903,11.716168,-23.377195,-1.211685,4.966306,-0.626135
13.036000,-17.126655,11.659124,-23.327696,-1.253146,4.918398,-0.642950
13.038000,-17.114509,11.640374,-23.289456,-1.244815,4.911579,-0.656425
13.040000,-17.106515,11.626660,-23.255468,-1.235044,4.909422,-0.669778
13.044000,-17.149718,11.666203,-23.227991,-1.168041,4.956181,-0.677672
13.046000,-17.135404,11.642882,-23.215075,-1.181896,4.946602,-0.693572
13.046000,-17.085054,11.593934,-23.166797,-1.213990,4.908111,-0.710143
13.048000,-17.076214,11.583295,-23.141836,-1.213242,4.906952,-0.724013
13.050000,-17.067712,11.574205,-23.117634,-1.212681,4.906524,-0.737675
13.052000,-17.118961,11.619977,-23.123433,-1.161725,4.960238,-0.747451
13.056000,-17.117676,11.619416,-23.107030,-1.159327,4.967135,-0.760947
13.056000,-16.862318,11.370711,-22.881183,-1.236439,4.729860,-0.768419
13.058000,-16.831992,11.343959,-22.847351,-1.250654,4.709411,-0.781969
13.060000,-16.833084,11.347596,-22.831538,-1.242522,4.719636,-0.794296
13.062000,-16.842198,11.360981,-22.832272,-1.245114,4.737985,-0.808488
13.066000,-16.912345,11.431617,-22.876520,-1.215525,4.811230,-0.821662
13.066000,-16.867660,11.397401,-22.845440,-1.253561,4.782287,-0.837204
13.068000,-16.835091,11.373116,-22.827275,-1.290325,4.760189,-0.852679
13.070000,-16.874086,11.417508,-22.852895,-1.282111,4.807417,-0.866491
13.072000,-16.876735,11.428132,-22.857433,-1.297020,4.819764,-0.880861
13.074000,-16.940769,11.495585,-22.899330,-1.271402,4.886912,-0.893481
13.078000,-16.936814,11.502225,-22.900560,-1.290486,4.893770,-0.907675
13.078000,-16.861514,11.445028,-22.856782,-1.351862,4.836893,-0.921279
13.080000,-16.839494,11.436605,-22.847678,-1.381185,4.827700,-0.935099
13.082000,-16.317366,10.888691,-22.187253,-1.220687,4.317088,-0.891241
13.084000,-16.342905,10.923165,-22.197713,-1.205924,4.352097,-0.901832
13.088000,-15.778785,10.434204,-21.768965,-1.397855,3.778557,-0.803296
13.090000,-16.339555,10.948386,-22.219930,-1.255813,4.372505,-0.928116
13.090000,-16.342974,10.969602,-22.265202,-1.317744,4.384868,-0.945391
13.092000,-16.380400,11.021944,-22.322473,-1.354646,4.443523,-0.972003
13.094000,-16.414398,11.076510,-22.387698,-1.400059,4.490128,-0.988297
13.096000,-16.568996,11.250109,-22.551845,-1.407562,4.653397,-1.007911
13.100000,-16.006877,10.782437,-22.178401,-1.661281,4.087805,-0.904284
13.100000,-16.490745,11.221618,-22.556252,-1.528233,4.608002,-1.029601
13.102000,-16.645144,11.401316,-22.729388,-1.545013,4.773757,-1.048764
13.104000,-16.534835,11.311072,-22.655998,-1.605122,4.688935,-1.064816
13.106000,-15.659898,10.050090,-20.429251,0.202297,3.620513,-0.774603
13.108000,-15.433048,9.841431,-20.255931,0.111292,3.408301,-0.773134
13.112000,-15.510840,9.931116,-20.347591,0.095009,3.484196,-0.784017
13.112000,-15.970602,10.485381,-21.087500,-0.265089,3.976464,-0.863481
13.114000,-16.100052,10.705315,-21.486614,-0.627706,4.149544,-0.916406
13.116000,-15.921344,10.620490,-21.611472,-1.047556,4.024055,-0.950573
13.118000,-16.065264,10.876069,-22.060902,-1.446486,4.224501,-1.008610
13.122000,-15.616810,10.654717,-22.203138,-2.213332,3.847512,-0.957146
13.124000,-16.832937,11.913841,-23.476492,-2.247713,5.125458,-1.166473
13.124000,-17.597246,12.829159,-24.526483,-2.569875,5.961918,-1.269296
13.126000,-17.666856,12.971925,-24.720799,-2.718735,6.085635,-1.303531
13.128000,-16.959207,12.288313,-24.046536,-2.788472,5.418631,-1.249715
13.130000,-1.698712,22.972687,1.228501,41.523430,16.164005,-25.771453
13.132000,-0.550675,24.215645,1.045065,41.357270,17.677350,-22.675104
13.134000,0.510746,25.505972,0.867197,41.205199,19.287822,-21.851201
13.136000,1.518386,23.520262,0.659412,37.655565,17.308872,-20.400464
13.138000,2.122359,20.870067,0.539798,34.038924,14.541606,-19.367543
13.140000,2.542413,17.748613,0.466185,30.260750,11.229119,-18.558827
13.144000,2.625704,14.520058,0.463328,26.898047,7.733324,-18.045277
13.144000,2.814330,12.312230,0.441378,24.375865,5.403172,-17.513045
13.146000,2.807890,9.792185,0.459491,21.847586,2.678353,-17.183426
13.148000,2.747382,7.668471,0.483197,19.767407,0.372434,-16.933960
13.150000,2.436242,5.599084,0.548621,18.073265,-1.925943,-16.847575
13.154000,2.216420,4.018621,0.589847,16.619752,-3.682883,-16.706731
13.156000,1.997205,3.040448,0.625175,15.856217,-4.751578,-16.631610
13.156000,-1.765362,-0.280917,1.311950,16.853628,-8.514912,-16.616375
13.158000,-2.506039,-1.477723,1.438698,16.433323,-9.900052,-16.683744
13.160000,-2.535054,-1.746849,1.427619,15.987146,-10.195550,-16.590242
13.162000,-2.685649,-2.151162,1.437240,15.584863,-10.671775,-16.606038
13.164000,-2.849451,-2.522258,1.449209,15.268424,-11.133856,-16.704577
13.168000,-2.779295,-2.886615,1.396938,14.499072,-11.586024,-16.829875
13.170000,-2.821564,-2.719398,1.404627,14.717438,-11.400395,-16.828236
13.170000,-2.708223,-2.642924,1.357245,14.454101,-11.316820,-16.853195
13.172000,-2.644028,-2.625931,1.323099,14.249145,-11.318596,-16.950956
13.174000,-2.583977,-2.674741,1.288331,13.981638,-11.393905,-17.064577
13.176000,-2.544156,-2.809097,1.259224,13.694276,-11.581162,-17.239630
13.180000,-2.270383,-2.869022,1.170550,13.095711,-11.676197,-17.500567
13.182000,-2.297839,-2.822699,1.169340,13.149858,-11.624642,-17.488792
13.182000,-1.836103,-2.567312,1.058251,12.729908,-11.326627,-17.571590
13.184000,-1.661606,-2.518953,1.004444,12.476605,-11.280294,-17.695027
13.186000,-1.469202,-2.490633,0.945983,12.181575,-11.254726,-17.821999
13.188000,-1.317325,-2.570093,0.897154,11.855904,-11.361649,-17.985724
13.192000,-1.147079,-2.535672,0.842524,11.597580,-11.315205,-18.217039
13.194000,-0.986547,-2.459476,0.791457,11.413434,-11.240811,-18.215672
13.194000,-0.822659,-2.297909,0.735072,11.279630,-11.048576,-18.292781
13.196000,-0.657090,-2.219315,0.680797,11.088210,-10.958526,-18.391921
13.198000,-0.491415,-2.164893,0.627461,10.879898,-10.893555,-18.492830
13.202000,-0.329040,-2.101300,0.575415,10.701584,-10.802940,-18.686996
13.204000,-0.162364,-2.090629,0.522449,10.457689,-10.805362,-18.701332
13.204000,-0.026832,-1.944834,0.473986,10.376506,-10.627779,-18.767529
13.206000,0.327225,-1.772639,0.386611,10.095757,-10.421115,-18.848911
13.208000,0.494371,-1.694538,0.335262,9.937113,-10.323832,-18.926816
13.210000,0.649568,-1.606902,0.286074,9.804777,-10.215271,-19.000202
13.214000,0.767910,-1.537879,0.244391,9.700261,-10.127605,-19.069894
13.216000,0.906024,-1.505658,0.199967,9.546125,-10.082821,-19.144310
13.216000,0.973474,-1.379322,0.167388,9.556734,-9.927095,-19.194708
13.218000,1.061593,-1.307754,0.132346,9.500879,-9.833510,-19.251015
13.220000,1.136516,-1.228946,0.100046,9.470149,-9.731214,-19.302538
13.222000,1.236241,-1.200372,0.064620,9.369467,-9.685191,-19.355779
13.226000,1.299145,-1.126390,0.035606,9.354646,-9.587104,-19.400098
13.228000,1.315825,-1.021022,0.014431,9.424015,-9.455089,-19.437096
13.228000,1.342802,-0.932719,-0.010548,9.461027,-9.341185,-19.471088
13.230000,1.394331,-0.864649,-0.038643,9.457986,-9.249577,-19.502765
13.232000,1.694718,-0.719329,-0.112121,9.258925,-9.063430,-19.535557
13.234000,1.744969,-0.650908,-0.138475,9.265058,-8.970658,-19.563260
13.238000,1.650985,-0.130439,-0.117165,10.026039,-8.356675,-19.670079
13.240000,1.788412,-0.503255,-0.178945,9.360827,-8.773940,-19.613552
13.242000,1.759135,-0.444128,-0.188582,9.460617,-8.696375,-19.644699
13.242000,1.742904,-0.451111,-0.202161,9.466564,-8.691073,-19.664235
13.244000,1.736552,-0.398660,-0.214197,9.533155,-8.613973,-19.677337
13.246000,1.710193,-0.363737,-0.221843,9.617945,-8.564588,-19.709186
13.250000,1.699788,-0.304388,-0.229563,9.768677,-8.464373,-19.755275
13.252000,1.660614,-0.248556,-0.235916,9.822604,-8.402606,-19.739384
13.252000,1.617285,-0.220630,-0.238685,9.929618,-8.362638,-19.772493
13.254000,1.574036,-0.171624,-0.241461,10.049421,-8.295268,-19.791498
13.256000,1.753697,-0.367785,-0.274080,9.719597,-8.498577,-19.837339
13.258000,1.728611,-0.327609,-0.277993,9.813214,-8.434224,-19.844356
13.262000,1.710892,-0.325480,-0.283050,9.877680,-8.424411,-19.882444
13.262000,1.644802,-0.239889,-0.279469,10.060800,-8.310555,-19.884454
13.264000,1.586229,-0.222695,-0.277641,10.186656,-8.285671,-19.921217
13.266000,1.508054,-0.122494,-0.273941,10.403207,-8.161368,-19.936615
13.268000,1.432342,-0.058048,-0.269529,10.586629,-8.077778,-19.955311
13.272000,1.355743,-0.009794,-0.263988,10.758749,-8.012334,-19.974958
13.274000,1.281166,0.070877,-0.259705,10.958287,-7.910716,-19.993284
13.274000,1.208865,0.127691,-0.254704,11.136056,-7.836168,-20.013810
13.276000,1.138863,0.183700,-0.249805,11.312116,-7.762792,-20.035001
13.278000,1.071726,0.233524,-0.244914,11.481016,-7.696658,-20.057343
13.280000,1.007108,0.280909,-0.240094,11.646452,-7.633557,-20.080490
13.284000,1.221018,-1.164224,-0.223671,10.233945,-9.240010,-20.222439
13.284000,1.204182,-1.179543,-0.221788,10.300467,-9.247051,-20.254888
13.286000,1.175674,-1.210627,-0.217704,10.368229,-9.271782,-20.288662
13.288000,1.081360,-0.981992,-0.211957,10.738786,-9.005642,-20.298709
13.290000,0.974070,-0.722074,-0.205592,11.151202,-8.704980,-20.307962
13.292000,0.851099,-0.477482,-0.196161,11.569186,-8.422097,-20.319679
13.296000,0.749120,-0.231838,-0.190382,11.960687,-8.138932,-20.333876
13.296000,0.665144,0.064584,-0.190096,12.373916,-7.799107,-20.345647
13.298000,0.738789,0.054508,-0.201823,12.365363,-7.798709,-20.390308
13.300000,0.449212,0.607635,-0.181336,13.213069,-7.176706,-20.373977
13.302000,0.340485,0.750442,-0.171584,13.523874,-7.010641,-20.399597
13.306000,0.229989,1.011473,-0.166933,13.935370,-6.712672,-20.415061
13.306000,0.403864,-7.009189,0.186823,7.228910,-15.672300,-21.176209
13.308000,0.054802,-5.859639,0.191836,8.645484,-14.385431,-21.114772
13.310000,0.124841,-5.190178,0.154064,9.215058,-13.626765,-21.110755
13.312000,-0.088205,-1.893328,0.032788,12.280676,-9.931090,-20.839776
13.316000,-0.281162,0.633317,-0.060062,14.674920,-7.098669,-20.643351
13.318000,-0.352863,2.617119,-0.150980,16.448311,-4.876619,-20.503581
13.318000,-0.459574,4.059242,-0.211056,17.817996,-3.261178,-20.412350
13.320000,-0.495424,4.863969,-0.251844,18.571006,-2.359946,-20.385230
13.322000,-0.480978,5.156892,-0.274141,18.842519,-2.031818,-20.408496
13.324000,-0.522505,4.911644,-0.258956,18.735478,-2.307501,-20.481736
13.326000,-0.807778,-3.390238,-12.903712,-6.383743,-12.421440,3.689393
13.328000,-0.344292,-3.736527,-12.455398,-6.504393,-12.685273,3.769149
13.330000,0.094171,-4.060006,-12.088949,-6.663972,-12.964041,3.847404
13.332000,-0.097668,-4.403461,-10.743574,-4.967024,-12.820258,3.693607
13.334000,-1.474511,-3.043363,-11.704483,-4.571785,-11.145110,3.224590
13.338000,-3.061063,-1.413410,-13.026512,-4.321477,-9.256162,2.728356
13.340000,-4.623232,0.190760,-14.349541,-4.084996,-7.434671,2.267897
13.340000,-6.319058,1.927845,-15.808057,-3.839540,-5.483810,1.780473
13.342000,-7.913314,3.548939,-17.174682,-3.600716,-3.683839,1.344716
13.344000,-9.385672,5.031747,-18.427018,-3.369157,-2.052868,0.962176
13.346000,-10.691937,6.330149,-19.522175,-3.151730,-0.637845,0.642552
13.350000,-11.841441,7.453334,-20.464184,-2.942300,0.574631,0.382107
13.350000,-12.838271,8.408198,-21.257939,-2.742209,1.595367,0.175652
13.352000,-13.696331,9.212525,-21.919101,-2.553090,2.446400,0.015276
13.354000,-14.409809,9.865132,-22.448000,-2.383344,3.130802,-0.106093
13.356000,-15.121926,10.547683,-23.084639,-2.354417,3.817520,-0.221668
13.360000,-15.645856,11.004739,-23.447809,-2.217545,4.284996,-0.290237
13.360000,-16.091686,11.383066,-23.740914,-2.090514,4.667802,-0.340264
13.362000,-16.451615,11.671265,-23.944220,-1.959159,4.958317,-0.372532
13.364000,-16.750013,11.899891,-24.093287,-1.835863,5.187118,-0.393979
13.366000,-16.994975,12.077896,-24.196179,-1.720241,5.364327,-0.407427
13.368000,-17.194341,12.214198,-24.261876,-1.613346,5.499583,-0.415447
13.372000,-17.358312,12.319452,-24.300664,-1.514952,5.603908,-0.420039
13.374000,-17.492279,12.399307,-24.318339,-1.425575,5.683220,-0.422587
13.374000,-17.556515,12.425974,-24.325269,-1.416641,5.702683,-0.426999
13.378000,-17.680361,12.491744,-24.296135,-1.268299,5.777097,-0.423981
13.378000,-17.745057,12.515066,-24.268026,-1.202121,5.802143,-0.424521
13.380000,-17.797806,12.528042,-24.225846,-1.129975,5.818869,-0.424392
13.382000,-17.879793,12.598707,-24.333351,-1.224230,5.877203,-0.447172
13.384000,-18.020283,12.721720,-24.408977,-1.133148,6.019646,-0.463981
13.386000,-17.919105,12.581672,-24.245601,-1.152567,5.865981,-0.452747
13.390000,-17.919138,12.554625,-24.178509,-1.110014,5.844403,-0.454772
13.390000,-17.909389,12.521846,-24.109077,-1.072592,5.817066,-0.456619
13.392000,-17.894269,12.484594,-24.036433,-1.039160,5.786313,-0.460300
13.394000,-17.874208,12.444341,-23.962267,-1.007436,5.753248,-0.464927
13.396000,-17.853151,12.405976,-23.896062,-0.986459,5.721677,-0.471588
13.398000,-17.811950,12.345611,-23.793336,-0.939086,5.669531,-0.472967
13.402000,-17.779115,12.297899,-23.716445,-0.915311,5.629935,-0.479575
13.402000,-17.756890,12.266484,-23.675179,-0.926990,5.605393,-0.492878
13.404000,-17.722601,12.221853,-23.611644,-0.920918,5.567798,-0.502467
13.406000,-17.758851,12.262719,-23.705118,-1.036150,5.601466,-0.531959
13.408000,-17.727059,12.224131,-23.658054,-1.045599,5.568184,-0.544074
13.410000,-17.689632,12.177851,-23.593191,-1.033712,5.526867,-0.552278
13.414000,-17.654977,12.135754,-23.532161,-1.021746,5.491741,-0.560149
13.414000,-17.627270,12.106998,-23.507425,-1.053475,5.469025,-0.575158
13.416000,-17.584539,12.059648,-23.450910,-1.059762,5.429320,-0.586935
13.418000,-17.538743,12.009697,-23.390203,-1.063268,5.387455,-0.598583
13.420000,-17.486367,11.951047,-23.319841,-1.059811,5.336602,-0.611103
13.422000,-17.432000,11.893926,-23.257708,-1.072572,5.288251,-0.626690
13.426000,-17.387456,11.849842,-23.217743,-1.100052,5.249440,-0.642714
13.426000,-17.339299,11.805979,-23.183283,-1.142309,5.211604,-0.660876
13.428000,-17.283259,11.751531,-23.133256,-1.171559,5.163105,-0.677983
13.430000,-17.225805,11.696574,-23.083364,-1.202017,5.113658,-0.695084
13.432000,-17.297016,11.758043,-23.082576,-1.106736,5.184275,-0.702446
13.436000,-17.255848,11.718159,-23.037177,-1.118153,5.150055,-0.717602
13.436000,-17.193008,11.664489,-23.001755,-1.177394,5.099151,-0.736026
13.438000,-17.127851,11.605242,-22.954047,-1.219616,5.042573,-0.753242
13.440000,-17.064581,11.548432,-22.906489,-1.257923,4.988187,-0.769756
13.442000,-16.991126,11.483634,-22.859346,-1.311030,4.924402,-0.787516
13.446000,-16.928355,11.434841,-22.812637,-1.348966,4.869665,-0.803106
13.448000,-16.866784,11.375484,-22.778790,-1.396727,4.815318,-0.820328
13.448000,-16.788490,11.310484,-22.724612,-1.445815,4.753136,-0.836844
13.450000,-16.723006,11.256447,-22.683119,-1.490122,4.699246,-0.852752
13.452000,-16.657199,11.203460,-22.641782,-1.534187,4.645744,-0.868246
13.454000,-16.608019,11.164427,-22.612122,-1.566273,4.603638,-0.882457
13.458000,-16.736248,11.265207,-22.525858,-1.252852,4.728622,-0.863063
13.458000,-16.689317,11.233182,-22.486748,-1.272831,4.698271,-0.876224
13.460000,-16.627832,11.184966,-22.437021,-1.295774,4.649317,-0.888093
13.462000,-16.544585,11.121595,-22.400149,-1.368914,4.580726,-0.904792
13.464000,-16.455262,11.053923,-22.362799,-1.448986,4.506899,-0.921556
13.466000,-16.379962,10.998978,-22.341992,-1.528035,4.442495,-0.938357
13.470000,-16.287958,10.931840,-22.307885,-1.613991,4.368021,-0.954720
13.470000,-16.195250,10.866339,-22.265389,-1.689878,4.297766,-0.967913
13.472000,-16.104424,10.802504,-22.230669,-1.770584,4.226501,-0.982517
13.474000,-16.044417,10.772369,-22.230005,-1.852790,4.187183,-0.998969
13.476000,-15.945789,10.700729,-22.192357,-1.935473,4.105656,-1.012076
13.480000,-15.859631,10.640259,-22.143903,-1.986189,4.039814,-1.021570
13.480000,-15.769749,10.581333,-22.097685,-2.046649,3.976608,-1.030459
13.482000,-16.126264,10.581192,-21.057686,-0.091995,4.140227,-0.812118
13.484000,-16.084016,10.544550,-21.005707,-0.080471,4.101593,-0.815742
13.486000,-16.054189,10.518800,-20.971755,-0.073074,4.070547,-0.820251
13.490000,-15.891700,10.416315,-21.012936,-0.365103,3.942390,-0.851556
13.490000,-15.736814,10.344183,-21.138930,-0.755941,3.831345,-0.893680
13.492000,-15.553604,10.248726,-21.242393,-1.152514,3.696868,-0.933813
13.494000,-15.373724,10.162336,-21.350606,-1.545870,3.570923,-0.972361
13.496000,-15.199263,10.070643,-21.413636,-1.866427,3.446106,-1.000732
13.500000,-15.048312,10.024644,-21.555584,-2.252700,3.357434,-1.038236
13.502000,-15.002594,10.137983,-21.915458,-2.778090,3.411246,-1.102205
13.502000,-14.830090,10.063198,-21.963607,-3.064544,3.308271,-1.122876
13.504000,-14.520902,9.796622,-21.737820,-3.175198,3.036425,-1.106977
13.506000,-15.919799,8.724032,-16.378421,5.729623,2.752553,-0.086715
13.508000,-15.357213,8.910745,-17.886923,2.988597,2.692991,-0.387498
13.512000,-15.125392,9.396199,-19.515766,0.568898,2.944765,-0.676221
13.514000,-14.528570,9.532444,-20.859681,-1.974457,2.849208,-0.936776
13.514000,-14.002155,9.613162,-21.897513,-4.006103,2.738441,-1.134719
13.516000,0.053227,20.432972,1.094230,37.626607,13.920223,-26.241253
13.518000,1.095246,21.524881,0.929716,37.390330,15.302783,-24.379163
13.522000,1.928142,22.534720,0.801286,37.364350,16.540568,-22.824896
13.524000,2.599982,20.658477,0.633713,34.300162,14.626227,-21.427198
13.524000,3.227561,18.455803,0.486575,31.002940,12.355421,-20.215410
13.526000,3.507240,15.732267,0.409337,27.677038,9.459191,-19.291518
13.528000,3.643564,13.049353,0.370856,24.641230,6.584251,-18.563437
13.530000,3.618517,10.493910,0.369393,21.979269,3.825189,-17.998445
13.534000,-0.306777,6.726523,1.022278,22.592958,-0.372810,-17.524240
13.536000,-0.850381,5.016658,1.112544,21.392308,-2.249363,-17.189218
13.536000,-1.469868,3.220183,1.217501,20.198337,-4.234883,-16.929868
13.538000,-1.660911,1.906742,1.249497,18.988873,-5.688756,-16.729328
13.540000,-1.769132,0.842259,1.264998,17.926359,-6.874936,-16.588323
13.544000,-2.009182,-0.106641,1.300864,17.159182,-7.965524,-16.557162
13.544000,-1.915074,-0.657211,1.275341,16.325545,-8.571081,-16.445543
13.546000,-1.979550,-1.172014,1.274455,15.740170,-9.166458,-16.431477
13.548000,-2.016414,-1.552292,1.266135,15.252029,-9.614160,-16.444771
13.550000,-2.061227,-1.856284,1.256927,14.849546,-9.980534,-16.487231
13.554000,-2.208379,-2.191512,1.265360,14.567579,-10.402851,-16.603214
13.554000,-2.085035,-2.216175,1.224131,14.233408,-10.437353,-16.631942
13.556000,-1.811710,-2.264117,1.155874,13.738974,-10.513506,-16.734432
13.558000,-1.752296,-2.347417,1.123739,13.451260,-10.631573,-16.839762
13.560000,-1.756381,-2.502405,1.103305,13.197588,-10.845537,-16.998873
13.564000,-1.660828,-2.511836,1.065289,12.962691,-10.876725,-17.116170
13.564000,-1.553888,-2.505899,1.025363,12.736152,-10.888047,-17.234821
13.566000,-1.381464,-2.401717,0.968877,12.500615,-10.774438,-17.320671
13.568000,-1.271840,-2.396121,0.925368,12.270411,-10.783981,-17.445924
13.570000,-1.134635,-2.344130,0.875405,12.055950,-10.738844,-17.568923
13.574000,-1.044464,-2.395491,0.836068,11.820741,-10.819752,-17.722466
13.574000,-0.862055,-2.276591,0.777803,11.619616,-10.684799,-17.814689
13.576000,-0.715209,-2.234028,0.727602,11.408455,-10.644699,-17.933229
13.578000,-0.558928,-2.170755,0.675816,11.211819,-10.578620,-18.045946
13.580000,-0.406947,-2.129632,0.625879,11.007061,-10.536194,-18.157061
13.582000,0.019398,-2.005570,0.526203,10.594582,-10.400274,-18.289975
13.586000,0.194932,-1.926357,0.471490,10.407190,-10.310262,-18.389550
13.586000,0.373141,-1.831318,0.416329,10.236659,-10.201712,-18.484023
13.588000,0.510762,-1.706118,0.368850,10.139012,-10.053019,-18.559078
13.590000,0.633783,-1.619175,0.324536,10.032256,-9.951904,-18.643923
13.592000,0.746554,-1.581321,0.283022,9.899620,-9.908905,-18.734716
13.594000,0.846468,-1.458260,0.243598,9.858499,-9.761028,-18.800118
13.596000,0.952185,-1.415460,0.204179,9.746283,-9.709231,-18.879487
13.598000,1.025529,-1.301015,0.173296,9.746441,-9.569280,-18.938481
13.600000,1.118021,-1.260931,0.137279,9.654574,-9.516466,-19.006188
13.602000,1.190838,-1.190974,0.107562,9.622290,-9.427308,-19.063706
13.604000,1.266668,-1.122523,0.075313,9.581293,-9.338571,-19.117057
13.608000,1.540310,-0.972268,0.007391,9.407563,-9.153210,-19.174051
13.610000,1.593219,-0.871589,-0.017756,9.436842,-9.027384,-19.220302
13.610000,1.646792,-0.779172,-0.048284,9.444889,-8.910373,-19.259745
13.612000,1.675176,-0.704458,-0.072958,9.469714,-8.813387,-19.297268
13.614000,1.706950,-0.639693,-0.098158,9.481148,-8.726193,-19.329319
13.618000,1.714915,-0.578002,-0.117628,9.522993,-8.643149,-19.361531
13.618000,1.709119,-0.511384,-0.133650,9.591784,-8.556191,-19.396504
13.620000,1.705266,-0.453163,-0.149143,9.652496,-8.477140,-19.426756
13.622000,1.696010,-0.396951,-0.162809,9.721245,-8.400272,-19.455763
13.624000,1.687624,-0.337245,-0.176021,9.791893,-8.316577,-19.476410
13.628000,1.667815,-0.283294,-0.186305,9.876658,-8.241833,-19.502236
13.628000,1.648181,-0.243393,-0.193845,9.960219,-8.186962,-19.537706
13.630000,1.616172,-0.206430,-0.200503,10.048968,-8.131933,-19.562824
13.632000,1.768268,-0.225004,-0.236577,9.896088,-8.136355,-19.599007
13.634000,1.742472,-0.166239,-0.243693,9.997478,-8.052447,-19.611857
13.638000,1.712089,-0.141354,-0.248870,10.079680,-8.010665,-19.634917
13.640000,1.660429,-0.097102,-0.251057,10.208087,-7.951946,-19.666741
13.640000,1.596766,-0.049162,-0.250500,10.350625,-7.885322,-19.687658
13.642000,1.516106,0.031812,-0.246938,10.538281,-7.776938,-19.694330
13.644000,1.447439,0.053147,-0.243884,10.666934,-7.740236,-19.715239
13.648000,1.367194,0.131644,-0.240234,10.859685,-7.639544,-19.733104
13.650000,1.312234,0.135736,-0.239405,10.966061,-7.628267,-19.769258
13.650000,1.255757,0.133092,-0.236906,11.066093,-7.619390,-19.793084
13.652000,1.172196,0.211939,-0.232094,11.267028,-7.519583,-19.812103
13.654000,1.074207,0.296568,-0.223464,11.486202,-7.407311,-19.815539
13.658000,1.155817,-0.102282,-0.230211,11.103203,-7.841664,-19.865570
13.660000,1.130916,-0.145516,-0.231297,11.146154,-7.884754,-19.908857
13.660000,1.080687,-0.148174,-0.228083,11.248173,-7.876935,-19.935267
13.662000,1.002423,-0.076483,-0.222192,11.447619,-7.785930,-19.956162
13.664000,0.874153,0.065548,-0.208538,11.758722,-7.609720,-19.955429
13.666000,0.780091,0.167000,-0.200486,12.004102,-7.485569,-19.974967
13.670000,0.686309,0.267972,-0.192387,12.249701,-7.362290,-19.995545
13.670000,0.736982,0.156027,-0.201405,12.163917,-7.484165,-20.053119
13.672000,0.668356,0.226087,-0.196336,12.357186,-7.396429,-20.079040
13.674000,0.558194,0.376600,-0.185569,12.659333,-7.211939,-20.081628
13.676000,0.452389,0.445640,-0.173916,12.894261,-7.126099,-20.106264
13.680000,0.366932,0.542397,-0.166481,13.131546,-7.009174,-20.130824
13.682000,0.382019,0.557549,-0.173592,13.195036,-6.991337,-20.183811
13.682000,-0.387515,-1.637302,0.035441,12.271315,-9.455355,-20.334646
13.684000,-0.241708,-1.890674,0.021934,11.981329,-9.726988,-20.399285
13.686000,-0.559872,-1.363298,0.051716,12.824623,-9.125115,-20.371102
13.688000,-0.587625,-0.928474,0.037936,13.299719,-8.628025,-20.376251
13.692000,-0.602024,-0.330345,0.014628,13.895564,-7.948095,-20.372534
13.692000,-0.069067,-0.389634,-0.067515,13.367117,-8.003752,-20.462078
13.694000,-0.021802,0.184762,-0.100931,13.867384,-7.351942,-20.466556
13.696000,-0.509140,1.528071,-0.089613,15.545158,-5.853182,-20.388744
13.698000,-0.068142,1.448644,-0.153684,15.095046,-5.925388,-20.460999
13.702000,-0.454067,2.162018,-0.127624,16.150952,-5.120664,-20.416008
13.702000,-0.311870,2.545916,-0.172296,16.371931,-4.694130,-20.457191
13.704000,-0.413323,2.808986,-0.171314,16.756280,-4.398443,-20.477379
13.706000,-4.590873,-3.988772,0.794551,15.982837,-12.054756,-20.970050
13.708000,-3.575577,-2.246923,0.559051,16.336655,-10.079871,-20.887801
13.712000,-2.572617,-0.962053,0.346030,16.337882,-8.625985,-20.858922
13.712000,-1.158837,-3.300911,-13.004433,-6.312251,-12.144945,3.609999
13.714000,-0.783610,-3.574033,-12.557618,-6.329410,-12.253664,3.668207
13.716000,-0.408144,-3.850087,-12.195878,-6.420669,-12.416852,3.729269
13.718000,-1.594397,-2.590006,-13.051607,-6.190081,-10.834761,3.289614
13.722000,-3.014899,-1.096980,-14.147278,-5.943209,-9.040814,2.799797
13.724000,-4.671341,0.624744,-15.471208,-5.666090,-7.030384,2.260876
13.724000,-6.328249,2.332947,-16.812698,-5.392528,-5.073928,1.750672
13.726000,-7.929921,3.965351,-18.110709,-5.120450,-3.232682,1.285959
13.728000,-9.304130,5.360404,-19.217011,-4.896805,-1.663773,0.891424
13.732000,-10.661426,6.694474,-20.286041,-4.632857,-0.196081,0.551320
13.732000,-10.539914,5.856705,-18.490900,-2.616475,-0.749748,0.675968
13.734000,-11.441326,6.649677,-19.005726,-2.214007,0.138727,0.489073
13.736000,-12.174894,7.263499,-19.368630,-1.829025,0.827468,0.352387
13.738000,-12.962703,8.015811,-19.977843,-1.667797,1.617961,0.199773
13.740000,-13.574076,8.599233,-20.449802,-1.560000,2.227491,0.082238
13.742000,-14.189500,9.187824,-20.955975,-1.477663,2.825550,-0.022790
13.744000,-14.783036,9.749719,-21.456049,-1.407063,3.385399,-0.112790
13.746000,-15.243210,10.176566,-21.829129,-1.349963,3.807620,-0.178576
13.748000,-15.628659,10.524897,-22.132446,-1.298640,4.147645,-0.228561
13.750000,-15.958910,10.816115,-22.384832,-1.252273,4.427852,-0.266541
13.754000,-16.184011,10.998212,-22.523437,-1.198716,4.600390,-0.287694
13.754000,-16.457940,11.233030,-22.736696,-1.168354,4.820402,-0.315195
13.756000,-16.661579,11.443593,-23.025559,-1.342208,4.999720,-0.359758
13.758000,-16.820350,11.565042,-23.131087,-1.325433,5.108405,-0.374451
13.760000,-16.923376,11.629488,-23.170219,-1.296329,5.162464,-0.380581
13.764000,-17.031621,11.696052,-23.208538,-1.254919,5.220650,-0.386516
13.766000,-17.147967,11.776622,-23.274817,-1.237007,5.292608,-0.397656
13.766000,-17.221069,11.811763,-23.280933,-1.196803,5.322874,-0.401807
13.768000,-17.279388,11.834547,-23.274936,-1.158592,5.342339,-0.405703
13.770000,-17.303634,11.820636,-23.215276,-1.092846,5.328239,-0.402509
13.774000,-17.335518,11.820822,-23.184580,-1.053527,5.328202,-0.405457
13.776000,-17.371107,11.831249,-23.179414,-1.042652,5.338560,-0.414469
13.776000,-17.387742,11.823427,-23.149122,-1.022192,5.331878,-0.420470
13.778000,-17.396264,11.808716,-23.109771,-0.998761,5.319821,-0.426176
13.780000,-17.398979,11.787382,-23.059147,-0.965975,5.303872,-0.430670
13.782000,-17.322205,11.717076,-23.068899,-1.133148,5.222418,-0.456113
13.786000,-17.315203,11.694697,-23.015543,-1.142565,5.195974,-0.466512
13.788000,-17.292283,11.657259,-22.995961,-1.148956,5.170932,-0.477299
13.788000,-17.285204,11.636653,-22.965681,-1.152788,5.157592,-0.489912
13.790000,-17.274754,11.611714,-22.924300,-1.141469,5.140202,-0.499552
13.792000,-17.266464,11.587405,-22.870553,-1.109563,5.125135,-0.506798
13.794000,-17.258772,11.561047,-22.801634,-1.051928,5.108177,-0.509663
13.796000,-17.245387,11.535776,-22.753317,-1.032685,5.091419,-0.518661
13.798000,-17.216291,11.503662,-22.726589,-1.068492,5.065803,-0.535297
13.800000,-17.194423,11.474243,-22.682804,-1.066056,5.044143,-0.546539
13.802000,-17.174027,11.447887,-22.643976,-1.067374,5.026065,-0.558400
13.804000,-17.160948,11.427648,-22.601635,-1.051557,5.015269,-0.568461
13.808000,-17.037647,11.318138,-22.577287,-1.223257,4.900611,-0.598613
13.808000,-16.976231,11.262494,-22.549005,-1.300467,4.851261,-0.621988
13.810000,-16.933080,11.219529,-22.511360,-1.333858,4.815552,-0.639873
13.812000,-16.906453,11.191568,-22.476112,-1.345317,4.796125,-0.655709
13.814000,-16.897157,11.178858,-22.441493,-1.330794,4.793262,-0.668815
13.818000,-16.902536,11.177808,-22.409680,-1.295235,4.800719,-0.679024
13.818000,-16.846663,11.129167,-22.374106,-1.350434,4.760142,-0.700751
13.820000,-16.827823,11.111861,-22.345220,-1.355304,4.750049,-0.715095
13.822000,-16.804285,11.091706,-22.317774,-1.368349,4.736241,-0.730087
13.824000,-16.785814,11.076899,-22.292659,-1.375985,4.727390,-0.744159
13.828000,-16.784724,11.084183,-22.263160,-1.353885,4.735604,-0.754773
13.828000,-16.776138,11.073172,-22.261235,-1.373011,4.732938,-0.770590
13.830000,-16.724218,11.032536,-22.223535,-1.411336,4.697718,-0.786616
13.832000,-16.422133,10.733023,-21.936962,-1.453637,4.407901,-0.785225
13.834000,-16.367951,10.688153,-21.892535,-1.481351,4.366570,-0.798704
13.838000,-15.856059,10.236402,-21.504969,-1.651380,3.841897,-0.723384
13.840000,-16.344969,10.681394,-21.872968,-1.505767,4.363860,-0.826137
13.840000,-16.308555,10.660330,-21.853689,-1.542902,4.346135,-0.841614
13.842000,-16.373478,10.730950,-21.909100,-1.539819,4.427300,-0.867183
13.844000,-16.374759,10.745348,-21.918955,-1.559924,4.442477,-0.882170
13.848000,-16.413487,10.791519,-21.950045,-1.554056,4.488094,-0.895745
13.850000,-16.410912,10.805432,-21.966398,-1.588363,4.499787,-0.910876
13.850000,-16.399885,10.810197,-21.969287,-1.614877,4.502929,-0.924136
13.852000,-16.337564,10.768572,-21.932003,-1.660027,4.461326,-0.936144
13.854000,-16.311127,10.760373,-21.923814,-1.691439,4.451061,-0.948602
13.856000,-15.735503,10.137970,-21.202646,-1.501611,3.860730,-0.888459
13.860000,-15.662132,10.085517,-21.133672,-1.512517,3.805197,-0.893962
13.862000,-15.616444,10.051647,-21.113098,-1.553346,3.772802,-0.905010
13.862000,-15.603040,10.063376,-21.133805,-1.606359,3.781544,-0.919288
13.864000,-15.646338,10.131017,-21.211004,-1.654508,3.842609,-0.936736
13.866000,-15.795298,10.302810,-21.370994,-1.667064,4.006889,-0.957635
13.868000,-15.846893,10.376161,-21.440524,-1.690765,4.074199,-0.971860
13.872000,-15.947661,10.505375,-21.577362,-1.736132,4.191144,-0.992893
13.872000,-15.946328,10.543137,-21.635397,-1.819491,4.219563,-1.010648
13.874000,-15.966966,10.598051,-21.701884,-1.880522,4.264343,-1.026987
13.876000,-16.016370,10.684001,-21.803311,-1.946127,4.336971,-1.046304
13.878000,-15.997286,10.692088,-21.804710,-1.971480,4.339135,-1.054234
13.882000,-15.738143,10.471189,-21.618515,-2.075895,4.114789,-1.050795
13.882000,-13.250424,7.314994,-17.534976,0.007172,1.226505,-0.552977
13.884000,-13.225017,7.328724,-17.590353,-0.109624,1.228995,-0.568455
13.886000,-13.627992,7.785970,-18.062614,-0.194482,1.661345,-0.619071
13.888000,-13.783920,8.069062,-18.562716,-0.657237,1.892756,-0.688048
13.892000,-14.566786,9.141708,-19.996138,-1.473293,2.771809,-0.762155
13.894000,-15.388798,10.018690,-20.872051,-1.544647,3.685554,-0.945296
13.894000,-16.310634,11.211234,-22.324500,-2.210579,4.773349,-1.117122
13.896000,-16.405368,11.478402,-22.793906,-2.693586,4.989380,-1.196372
13.898000,-17.341226,12.618042,-24.033748,-3.047560,6.046469,-1.334677
13.900000,-16.815611,12.165429,-23.673362,-3.265868,5.580422,-1.309164
13.904000,-16.804322,12.206891,-23.699822,-3.296210,5.605295,-1.311730
13.904000,-0.696332,23.545658,1.030435,40.006012,17.518968,-23.805904
13.906000,-2.732438,22.871290,1.401753,41.692728,16.845968,-22.146100
13.908000,-2.148832,23.885886,1.310428,41.891269,18.072458,-20.698243
13.910000,-2.022216,21.157050,1.267206,38.861893,15.152210,-19.789642
13.914000,-1.557481,18.386632,1.174264,35.422942,12.204822,-19.006081
13.916000,-1.190634,15.176769,1.114765,31.767117,8.759283,-18.428129
13.916000,-0.706095,12.316435,1.045570,28.339834,5.716551,-17.913556
13.918000,-0.486627,9.530128,1.030102,25.381617,2.706523,-17.592161
13.920000,-0.358582,7.104554,1.030719,22.889201,0.077740,-17.355117
13.924000,-0.397064,2.794068,1.066383,18.745497,-4.660376,-17.116239
13.924000,-0.533431,3.152189,1.095726,19.277370,-4.265644,-17.130206
13.926000,-0.490396,1.932183,1.092686,17.935869,-5.583258,-16.968710
13.928000,-0.641995,1.201205,1.112808,17.279975,-6.397344,-16.884903
13.930000,-0.787087,0.390333,1.130416,16.536297,-7.304936,-16.844813
13.934000,-0.726343,0.014110,1.100709,15.932554,-7.733198,-16.819069
13.934000,-0.964536,-0.655070,1.130103,15.453922,-8.515405,-16.892406
13.936000,-0.978406,-0.893811,1.110263,15.033461,-8.781928,-16.861869
13.938000,-1.098027,-1.237481,1.111976,14.682397,-9.187521,-16.913549
13.940000,-1.181131,-1.479503,1.105332,14.382656,-9.479820,-16.974099
13.944000,-1.317644,-1.831399,1.110502,14.034812,-9.920029,-17.211398
13.944000,-1.342459,-1.984657,1.093881,13.812059,-10.105589,-17.185357
13.946000,-1.293174,-1.949587,1.058404,13.603362,-10.072736,-17.227505
13.948000,-1.257567,-1.999232,1.028427,13.371158,-10.147276,-17.315459
13.950000,-1.203840,-2.020018,0.994702,13.149414,-10.188463,-17.411612
13.954000,-1.160366,-2.177368,0.966987,12.849403,-10.393847,-17.554543
13.954000,-1.060991,-2.177056,0.925325,12.609690,-10.407737,-17.656266
13.956000,-0.788847,-1.718004,0.840275,12.562041,-9.891758,-17.708470
13.958000,-0.658770,-1.639000,0.791459,12.369983,-9.813390,-17.806862
13.960000,-0.515414,-1.673679,0.743640,12.084849,-9.869924,-17.935564
13.962000,-0.378500,-1.644088,0.695957,11.858309,-9.843270,-18.036222
13.964000,-0.243913,-1.493640,0.646213,11.736180,-9.671199,-18.107072
13.966000,-0.102828,-1.450905,0.598459,11.530676,-9.626590,-18.201912
13.968000,0.039958,-1.401863,0.550615,11.334767,-9.573315,-18.292670
13.970000,0.212491,-1.475771,0.500772,11.012421,-9.662964,-18.403729
13.974000,0.361503,-1.431866,0.453222,10.827461,-9.601297,-18.574481
13.976000,0.504712,-1.388293,0.405836,10.630914,-9.560781,-18.565148
13.976000,0.601463,-1.220409,0.364793,10.605678,-9.363880,-18.619767
13.978000,0.730164,-1.146811,0.320555,10.472615,-9.277524,-18.683552
13.980000,0.891670,-1.167414,0.272769,10.228979,-9.298720,-18.761004
13.984000,1.018641,-0.670690,0.217367,10.472237,-8.732341,-18.800745
13.984000,1.128388,-0.563305,0.176615,10.403315,-8.604019,-18.855362
13.986000,1.173429,-0.361540,0.145798,10.491226,-8.366876,-18.894704
13.988000,1.261694,-0.319377,0.111719,10.399437,-8.310790,-18.948112
13.990000,1.342174,-0.288382,0.079763,10.310444,-8.266628,-18.998456
13.992000,1.474588,-0.360101,0.041246,10.078041,-8.338021,-19.054319
13.996000,1.546742,-0.360190,0.012424,9.977774,-8.327470,-19.098676
13.998000,1.563763,-0.285927,-0.007748,10.007488,-8.232975,-19.134786
13.998000,1.612393,-0.271546,-0.032038,9.952135,-8.205729,-19.171839
14.000000,1.651195,-0.252508,-0.056418,9.909162,-8.173006,-19.203126
14.002000,1.689345,-0.248043,-0.080891,9.855264,-8.155265,-19.231655
14.004000,1.766917,-0.303766,-0.110597,9.705972,-8.203587,-19.258828
14.006000,1.739048,0.232385,-0.136485,10.193185,-7.586080,-19.259802
14.008000,1.867271,0.077073,-0.197964,9.803359,-7.748423,-19.235824
14.010000,1.734172,0.370109,-0.169907,10.310823,-7.406053,-19.298237
14.012000,1.685185,0.392470,-0.176005,10.388557,-7.371050,-19.324477
14.014000,1.709690,0.324578,-0.189681,10.314166,-7.435426,-19.353443
14.016000,1.715969,0.275974,-0.200238,10.278363,-7.478072,-19.379104
14.018000,1.715415,0.217127,-0.210750,10.238738,-7.531706,-19.402290
14.020000,1.745626,0.133257,-0.225185,10.143291,-7.610030,-19.418701
14.024000,1.729320,0.080522,-0.232080,10.131444,-7.656585,-19.438192
14.026000,1.705113,0.060693,-0.236380,10.163139,-7.666814,-19.456785
14.026000,1.640599,0.053775,-0.235808,10.251677,-7.666001,-19.480706
14.028000,1.605072,0.025286,-0.238807,10.289093,-7.685691,-19.498181
14.030000,1.592933,-0.021508,-0.244451,10.283666,-7.721695,-19.507769
14.032000,1.122028,0.692174,-0.195065,11.429706,-6.910717,-19.474576
14.034000,1.016153,0.745561,-0.187893,11.617965,-6.838804,-19.485213
14.036000,1.006918,0.668432,-0.192765,11.594514,-6.918197,-19.519788
14.038000,0.992713,0.578602,-0.195712,11.558064,-7.002516,-19.532138
14.040000,0.995288,0.459299,-0.201820,11.486963,-7.129190,-19.568605
14.042000,1.009713,0.343759,-0.207435,11.402237,-7.241651,-19.582383
14.046000,1.001321,0.225157,-0.209602,11.344937,-7.362955,-19.606868
14.048000,0.992150,0.132691,-0.212896,11.316929,-7.459861,-19.642292
14.048000,0.975887,0.049001,-0.212363,11.300757,-7.536767,-19.653884
14.050000,0.971173,-0.044393,-0.215393,11.272617,-7.635185,-19.691756
14.052000,0.947528,-0.124209,-0.213713,11.276450,-7.712957,-19.716547
14.054000,0.934670,-0.187697,-0.212409,11.282882,-7.766704,-19.729881
14.058000,-0.139776,0.975810,-0.084081,13.458189,-6.460714,-19.648058
14.060000,-0.203964,1.003605,-0.079573,13.601018,-6.418096,-19.668699
14.060000,-0.272227,1.004696,-0.075177,13.729160,-6.411949,-19.705121
14.062000,-0.159593,0.772181,-0.089747,13.463117,-6.661010,-19.751383
14.064000,-0.035137,0.548702,-0.105629,13.194255,-6.899879,-19.798220
14.066000,0.083642,0.280890,-0.115447,12.895364,-7.182069,-19.833498
14.070000,0.235141,0.021792,-0.131443,12.574951,-7.460185,-19.883936
14.072000,0.433054,-0.232250,-0.155750,12.215244,-7.738397,-19.951344
14.072000,0.577476,-0.463647,-0.169284,11.934435,-7.985577,-20.002444
14.074000,0.710575,-0.676198,-0.180533,11.686300,-8.211548,-20.053547
14.076000,0.754365,-0.873141,-0.174646,11.551246,-8.413899,-20.086787
14.080000,0.856397,-1.049540,-0.179930,11.376996,-8.598777,-20.138109
14.080000,1.119964,-1.284826,-0.208777,10.985918,-8.854675,-20.216156
14.082000,-6.564588,2.123827,0.806069,22.004474,-5.131180,-19.688576
14.086000,-6.041900,1.785011,0.740631,21.258347,-5.485347,-19.761102
14.086000,-2.477418,-0.581796,0.308729,15.613981,-8.088433,-20.126484
14.088000,0.289864,-2.280665,-0.023889,11.366999,-9.946331,-20.401748
14.090000,2.597798,-3.524266,-0.302366,7.982194,-11.300586,-20.628640
14.092000,3.816489,-4.027531,-0.444747,6.375621,-11.830559,-20.745218
14.094000,4.421715,-3.712821,-0.538585,6.102683,-11.463587,-20.814816
14.096000,4.296175,-2.954639,-0.545544,6.967593,-10.602094,-20.812919
14.100000,3.903955,-2.293049,-0.506545,8.048771,-9.843946,-20.796490
14.100000,0.995852,-5.389500,-11.229513,-7.329282,-13.958219,3.615345
14.102000,1.516454,-5.809208,-10.773747,-7.468645,-14.275418,3.686767
14.104000,2.076104,-6.258883,-10.345318,-7.685442,-14.654414,3.761878
14.106000,0.855145,-5.849019,-9.460449,-5.226101,-13.756794,3.643074
14.110000,-0.763963,-4.220835,-10.593882,-4.655285,-11.881173,3.187498
14.110000,-2.699555,-2.284874,-12.022491,-4.020818,-9.718956,2.672876
14.112000,-4.536760,-0.312030,-13.621753,-3.702095,-7.573375,2.149815
14.114000,-6.282235,1.573372,-15.181146,-3.442748,-5.549873,1.664106
14.116000,-7.818564,3.255619,-16.581137,-3.258823,-3.754987,1.239561
14.120000,-9.239396,4.784433,-17.881696,-3.096252,-2.148804,0.870987
14.120000,-10.532450,6.149168,-19.068414,-2.954841,-0.736623,0.558821
14.122000,-11.617732,7.282256,-20.043183,-2.831052,0.433754,0.309969
14.124000,-12.528491,8.213163,-20.825222,-2.705774,1.394361,0.117702
14.126000,-13.327796,9.004969,-21.505231,-2.595740,2.198703,-0.035045
14.128000,-14.005464,9.655786,-22.062452,-2.493742,2.854406,-0.151519
14.130000,-14.594175,10.206869,-22.555185,-2.422271,3.399592,-0.244970
14.132000,-14.993480,10.621610,-23.019205,-2.578141,3.790457,-0.334476
14.134000,-15.392167,10.965852,-23.317930,-2.521135,4.127634,-0.384585
14.138000,-15.729865,11.235768,-23.523115,-2.430301,4.395512,-0.415219
14.138000,-16.021204,11.459385,-23.718928,-2.378188,4.611125,-0.443038
14.140000,-16.271483,11.633364,-23.841460,-2.289725,4.783041,-0.457697
14.142000,-16.482782,11.768982,-23.927839,-2.203899,4.918123,-0.467283
14.144000,-16.661011,11.872271,-23.980521,-2.116201,5.022892,-0.472342
14.146000,-16.829667,11.960623,-23.990885,-1.985157,5.118107,-0.469309
14.150000,-16.954465,12.015887,-23.995899,-1.900250,5.178462,-0.469728
14.150000,-17.033912,12.038597,-24.000556,-1.872254,5.204172,-0.475468
14.152000,-17.113297,12.057615,-23.976465,-1.804018,5.231125,-0.475604
14.154000,-17.176703,12.064567,-23.941893,-1.739919,5.247383,-0.475743
14.156000,-16.993029,11.876366,-23.865520,-1.971288,5.049554,-0.495180
14.160000,-17.003728,11.840879,-23.807272,-1.944142,5.023533,-0.497799
14.162000,-16.971001,11.774394,-23.753269,-1.981219,4.964022,-0.507673
14.162000,-17.000349,11.757700,-23.695436,-1.922693,4.960783,-0.509649
14.164000,-17.028898,11.742694,-23.637066,-1.861643,4.960267,-0.511990
14.166000,-17.063778,11.734993,-23.578913,-1.789081,4.968428,-0.513827
14.168000,-17.095014,11.726673,-23.520450,-1.718552,4.976520,-0.516192
14.172000,-17.165543,11.752407,-23.463002,-1.589167,5.021681,-0.512785
14.172000,-17.145125,11.706686,-23.403823,-1.587928,4.990311,-0.522704
14.174000,-17.163134,11.694164,-23.346407,-1.530424,4.994788,-0.527038
14.176000,-17.169783,11.674276,-23.289110,-1.487374,4.991413,-0.532921
14.178000,-17.179692,11.659055,-23.234218,-1.440834,4.992949,-0.538732
14.180000,-17.236910,11.685756,-23.190054,-1.336653,5.038315,-0.539212
14.184000,-16.826719,11.300011,-22.994515,-1.706637,4.647191,-0.573772
14.184000,-16.788843,11.247502,-22.932210,-1.714672,4.608214,-0.584537
14.186000,-16.740419,11.186872,-22.867253,-1.732838,4.560717,-0.596240
14.188000,-16.758100,11.187248,-22.831099,-1.692962,4.577094,-0.604994
14.190000,-16.840777,11.245969,-22.817849,-1.586442,4.653608,-0.608333
14.194000,-16.818723,11.214619,-22.773088,-1.591925,4.637551,-0.621826
14.194000,-16.875744,11.254500,-22.760527,-1.524227,4.696060,-0.632494
14.196000,-16.898465,11.264356,-22.735454,-1.488255,4.722857,-0.645252
14.198000,-16.898030,11.254402,-22.703814,-1.475921,4.728160,-0.659610
14.200000,-16.978880,11.317830,-22.704851,-1.386608,4.808574,-0.667795
14.204000,-17.031757,11.358883,-22.698883,-1.329462,4.867258,-0.678809
14.206000,-16.994876,11.321053,-22.658770,-1.357364,4.844030,-0.695796
14.206000,-16.460203,10.807332,-22.305808,-1.668026,4.332935,-0.716929
14.208000,-16.374709,10.724083,-22.238788,-1.724476,4.260108,-0.733174
14.210000,-16.439087,10.778712,-22.246289,-1.662694,4.328248,-0.742470
14.214000,-16.486858,10.821002,-22.250371,-1.621492,4.384698,-0.754110
14.216000,-16.485405,10.822504,-22.237026,-1.630436,4.398758,-0.769744
14.216000,-16.547820,10.882123,-22.256694,-1.589527,4.470858,-0.782175
14.218000,-16.557724,10.894013,-22.251630,-1.589913,4.492731,-0.796474
14.220000,-16.671196,11.002097,-22.298414,-1.511150,4.614202,-0.806912
14.222000,-16.728783,11.057482,-22.310123,-1.463653,4.681547,-0.817669
14.224000,-16.869468,11.191406,-22.382069,-1.377638,4.825689,-0.828382
14.226000,-16.845708,11.175855,-22.356851,-1.398048,4.819964,-0.842915
14.228000,-16.963803,11.288562,-22.412571,-1.320843,4.942097,-0.853177
14.230000,-16.921992,11.255361,-22.379133,-1.350704,4.914309,-0.865548
14.234000,-15.967147,10.330392,-21.622638,-1.680521,3.999784,-0.855854
14.234000,-15.913754,10.288001,-21.580595,-1.711639,3.962671,-0.867210
14.236000,-15.857801,10.241872,-21.527822,-1.731379,3.923710,-0.878054
14.238000,-16.046697,10.428738,-21.655704,-1.648983,4.117276,-0.892025
14.240000,-16.175038,10.559397,-21.737640,-1.591119,4.255976,-0.905174
14.244000,-16.318818,10.701788,-21.818172,-1.508429,4.407656,-0.915948
14.246000,-16.372924,10.766371,-21.854783,-1.495499,4.479392,-0.929384
14.246000,-16.366088,10.770930,-21.849447,-1.508387,4.488287,-0.941285
14.248000,-16.547593,10.953468,-21.979941,-1.439926,4.674176,-0.956132
14.250000,-16.793262,11.195956,-22.141026,-1.324437,4.923360,-0.969760
14.254000,-16.900388,11.303326,-22.191785,-1.251856,5.037517,-0.978535
14.254000,-16.917662,11.334847,-22.204507,-1.257876,5.072889,-0.990523
14.256000,-14.413191,8.750125,-19.628745,-1.217022,2.570660,-0.799422
14.258000,-14.350764,8.698938,-19.569718,-1.232410,2.521998,-0.803515
14.260000,-14.627376,8.970957,-19.768603,-1.124869,2.794900,-0.818242
14.262000,-14.933166,9.279588,-20.028441,-1.065463,3.102794,-0.838613
14.266000,-15.392655,9.746123,-20.451342,-1.014094,3.560472,-0.872255
14.266000,-15.819117,10.194974,-20.890860,-1.031674,3.993698,-0.911998
14.268000,-15.906140,10.313738,-21.051405,-1.139071,4.098952,-0.935392
14.270000,-16.800827,11.205806,-21.832719,-0.971579,4.973281,-0.991617
14.272000,-17.144605,11.554593,-22.129569,-0.907963,5.312855,-1.015621
14.276000,-17.534013,11.967914,-22.505783,-0.888759,5.707433,-1.049617
14.276000,-17.842227,12.321250,-22.888200,-0.991738,6.040858,-1.093022
14.278000,-17.983222,12.496944,-23.061176,-1.040276,6.202978,-1.115062
14.280000,-18.161350,12.714707,-23.280526,-1.097787,6.403776,-1.142110
14.284000,-8.702388,2.163384,-11.795046,1.452611,-3.643731,0.034839
14.284000,-11.651579,5.437275,-15.300451,0.744466,-0.526723,-0.319482
14.286000,-12.888392,6.938612,-17.076950,0.036391,0.870960,-0.521321
14.288000,-16.876937,11.168763,-21.361789,-0.301089,4.941397,-0.918110
14.292000,-18.726354,13.208267,-23.537732,-0.709688,6.876322,-1.132358
14.292000,-2.298619,26.053340,1.108951,43.436886,19.805758,-23.548573
14.294000,-1.566139,27.461616,0.974724,43.736006,21.448913,-21.946842
14.296000,-0.898842,28.634727,0.864887,43.983125,22.807480,-20.579270
14.298000,-0.142314,26.010124,0.730079,40.345850,20.039709,-19.720606
14.302000,0.501437,22.855752,0.638158,36.467155,16.680273,-19.108414
14.302000,1.170009,19.437721,0.557052,32.379818,13.051316,-18.636783
14.304000,1.605837,15.972923,0.531860,28.654223,9.328599,-18.379075
14.306000,-1.068631,9.703338,1.114473,26.227440,2.423989,-18.467506
14.308000,-1.301708,6.363924,1.216585,23.517904,-1.232823,-18.468018
14.312000,-1.530498,3.656781,1.306482,21.323503,-4.185605,-18.423340
14.312000,-1.406363,2.028492,1.308121,19.579065,-5.934449,-18.257499
14.314000,-1.413161,0.717479,1.321177,18.266339,-7.369199,-18.160465
14.316000,-1.436279,-0.189376,1.324334,17.299528,-8.368527,-18.066375
14.318000,-1.587573,-1.049738,1.347789,16.547554,-9.347006,-18.062715
14.322000,-1.671630,-1.520906,1.347222,16.011281,-9.880929,-18.007835
14.322000,-1.682978,-1.667646,1.323551,15.637902,-10.040968,-17.909526
14.324000,-1.760055,-1.875123,1.313671,15.323981,-10.289366,-17.892532
14.326000,-1.819755,-2.011194,1.299033,15.059172,-10.459752,-17.894314
14.328000,-1.907908,-2.314276,1.295979,14.725775,-10.833547,-17.979566
14.332000,-1.887108,-2.214004,1.260398,14.564824,-10.725363,-17.960911
14.332000,-1.742655,-2.050129,1.202396,14.379030,-10.571978,-18.040095
14.334000,-1.667397,-1.833549,1.154896,14.277912,-10.331370,-18.040420
14.336000,-1.596279,-1.811819,1.115671,14.054145,-10.321693,-18.109687
14.338000,-1.517304,-1.809997,1.076523,13.814881,-10.331912,-18.186990
14.342000,-1.423182,-1.840356,1.036459,13.542960,-10.376793,-18.274640
14.342000,-1.306996,-1.863813,0.992911,13.261043,-10.411901,-18.364522
14.344000,-1.183619,-1.881875,0.947864,12.981073,-10.439235,-18.454146
14.346000,-1.048768,-1.887144,0.900752,12.706207,-10.450407,-18.542044
14.348000,-0.883838,-2.042044,0.853204,12.289129,-10.636469,-18.664728
14.352000,-0.729671,-2.019818,0.802333,12.027862,-10.612766,-18.744808
14.352000,-0.603396,-1.831182,0.751767,11.936425,-10.393174,-18.788261
14.354000,-0.452837,-1.765531,0.700801,11.728972,-10.317905,-18.859254
14.356000,-0.174321,-1.255317,0.614210,11.769927,-9.739165,-18.902362
14.358000,0.046443,-1.332405,0.555719,11.383712,-9.826615,-18.998325
14.362000,0.160555,-1.095935,0.507496,11.376703,-9.549440,-19.033748
14.362000,0.313730,-1.065126,0.458813,11.163735,-9.507663,-19.100173
14.364000,0.432307,-0.982347,0.414776,11.037256,-9.406750,-19.156408
14.366000,0.566157,-0.961328,0.370494,10.847108,-9.374083,-19.215118
14.368000,0.692400,-0.937601,0.327812,10.672133,-9.337549,-19.269161
14.370000,0.813230,-0.924455,0.286798,10.498534,-9.312108,-19.319992
14.374000,0.990668,-1.021967,0.238781,10.172432,-9.413015,-19.381218
14.374000,1.060986,-0.908966,0.205379,10.148859,-9.271880,-19.408800
14.376000,1.142084,-0.848770,0.170958,10.071284,-9.192487,-19.443097
14.378000,1.223041,-0.798053,0.137341,9.989792,-9.123017,-19.474338
14.380000,1.363327,-0.865568,0.096274,9.743335,-9.186767,-19.515393
14.382000,1.412485,-0.281963,0.053634,10.169274,-8.516066,-19.512146
14.384000,1.407082,-0.087558,0.032821,10.319917,-8.283322,-19.524430
14.386000,1.445272,0.015510,0.006731,10.345709,-8.153451,-19.543046
14.388000,1.546438,-0.071019,-0.024977,10.139360,-8.235835,-19.574947
14.390000,1.591980,-0.086990,-0.049869,10.055082,-8.238795,-19.596608
14.392000,1.577657,-0.029296,-0.066284,10.103669,-8.159911,-19.611122
14.394000,1.606899,-0.052576,-0.088035,10.034661,-8.171288,-19.627971
14.396000,1.684559,-0.153399,-0.115653,9.845988,-8.268121,-19.646042
14.398000,1.706244,-0.190728,-0.134143,9.779969,-8.294917,-19.660316
14.402000,1.725143,-0.227362,-0.151509,9.721845,-8.319751,-19.673395
14.402000,1.708609,-0.209370,-0.163298,9.757448,-8.285397,-19.686846
14.404000,1.684268,-0.200109,-0.173184,9.793281,-8.259452,-19.695296
14.406000,1.543940,0.454291,-0.181195,10.523713,-7.508157,-19.668378
14.408000,1.543613,0.460488,-0.194001,10.537621,-7.485159,-19.678296
14.412000,1.558860,0.428166,-0.207664,10.500284,-7.502565,-19.683764
14.414000,1.557807,0.359159,-0.216964,10.453739,-7.564227,-19.699614
14.414000,1.519414,0.319456,-0.220524,10.478689,-7.596844,-19.719907
14.416000,1.513643,0.226900,-0.227272,10.421495,-7.686723,-19.736563
14.418000,1.504163,0.136931,-0.232903,10.372995,-7.773884,-19.752428
14.422000,1.523745,-0.005284,-0.240628,10.246800,-7.915545,-19.762358
14.422000,1.485929,-0.057184,-0.243592,10.266963,-7.963525,-19.782909
14.424000,1.492523,-0.181851,-0.248272,10.175346,-8.085366,-19.790690
14.426000,1.466071,-0.244159,-0.249607,10.179345,-8.141813,-19.804260
14.428000,1.424613,-0.265869,-0.249961,10.240858,-8.157283,-19.826654
14.432000,1.393878,-0.330788,-0.249446,10.252730,-8.217063,-19.842212
14.432000,0.977605,0.554954,-0.215901,11.503081,-7.212513,-19.793816
14.434000,0.911503,0.574737,-0.212264,11.629457,-7.177352,-19.804878
14.436000,0.845306,0.594948,-0.208231,11.757913,-7.141710,-19.817109
14.438000,0.848866,0.433995,-0.209435,11.653744,-7.309419,-19.845023
14.442000,0.865812,0.271011,-0.212106,11.535576,-7.479306,-19.874097
14.442000,0.899293,0.107915,-0.216817,11.401800,-7.649178,-19.904453
14.444000,0.929379,-0.066504,-0.219658,11.265189,-7.831916,-19.935351
14.446000,0.957456,-0.230976,-0.221652,11.142769,-8.003524,-19.966169
14.448000,0.980808,-0.384712,-0.222391,11.038268,-8.163140,-19.997078
14.450000,0.999217,-0.525080,-0.221976,10.954271,-8.307782,-20.028175
14.454000,1.004049,-0.684530,-0.217710,10.872378,-8.474117,-20.061094
14.454000,1.022573,-0.767084,-0.218047,10.845110,-8.553588,-20.092093
14.456000,-1.098896,0.238883,0.074203,14.008190,-7.444935,-19.953195
14.458000,-1.134265,0.189877,0.079817,14.071367,-7.487643,-19.982264
14.460000,-1.178065,0.144774,0.089611,14.150218,-7.519140,-19.998624
14.462000,-0.866710,-0.182450,0.053533,13.610450,-7.869895,-20.065069
14.466000,-0.455530,-0.501728,0.000428,12.974407,-8.217237,-20.151979
14.466000,0.019787,-0.760588,-0.061544,12.323103,-8.489007,-20.225641
14.468000,0.608696,-1.120540,-0.133733,11.473709,-8.872324,-20.313108
14.470000,1.032119,-1.425601,-0.180301,10.853156,-9.196151,-20.390910
14.472000,1.300569,-1.790863,-0.194897,10.355671,-9.582429,-20.452908
14.476000,1.760379,-2.787839,-0.205699,9.146531,-10.682042,-20.586310
14.476000,2.280713,-3.250418,-0.253760,8.317301,-11.187471,-20.704151
14.478000,2.772867,-3.617866,-0.297327,7.606627,-11.577843,-20.804086
14.480000,2.699715,-3.401923,-0.286337,7.982431,-11.321194,-20.837418
14.482000,-3.994773,-0.943742,0.576882,17.213922,-8.659356,-20.391993
14.484000,-2.770636,-0.796378,0.393689,16.164613,-8.455154,-20.497792
14.486000,-1.905118,-0.314141,0.245098,15.764280,-7.881013,-20.563272
14.488000,1.562113,-5.703660,-10.722056,-7.336619,-14.389074,3.663183
14.492000,2.098840,-6.144026,-10.277589,-7.500231,-14.720147,3.734128
14.492000,2.749800,-6.671036,-9.794359,-7.764730,-15.160855,3.816378
14.494000,1.228000,-5.104350,-11.008819,-7.400261,-13.357845,3.370695
14.496000,-0.453695,-3.351367,-12.401417,-7.044200,-11.380271,2.879535
14.500000,-2.402520,-1.334740,-14.040042,-6.634915,-9.151596,2.335011
14.500000,-4.308660,0.635861,-15.665329,-6.256522,-7.003605,1.817267
14.502000,-6.121279,2.496808,-17.214867,-5.902362,-4.996993,1.342878
14.506000,-9.594336,5.920129,-19.962623,-4.968997,-1.314265,0.537985
14.506000,-9.009091,4.620796,-17.820748,-3.079359,-2.432685,0.904780
14.508000,-10.350093,5.865195,-18.762224,-2.568893,-1.108420,0.641416
14.510000,-11.206843,6.617771,-19.268779,-2.157601,-0.306954,0.503436
14.514000,-13.289607,8.678298,-21.047919,-1.779810,1.816779,0.099713
14.516000,-12.970026,8.363403,-20.772968,-1.854867,1.484225,0.155165
14.516000,-13.692000,9.079594,-21.417089,-1.775687,2.208121,0.019112
14.518000,-14.157432,9.525203,-21.822236,-1.734741,2.647931,-0.056083
14.520000,-14.682707,10.026733,-22.278994,-1.680237,3.146595,-0.141338
14.524000,-15.761406,11.036402,-23.193057,-1.534103,4.152263,-0.293465
14.526000,-16.081987,11.314611,-23.420356,-1.464798,4.427202,-0.326459
14.526000,-15.863059,11.095313,-23.221776,-1.505016,4.203429,-0.299009
14.528000,-16.078361,11.266165,-23.388730,-1.487072,4.363161,-0.322399
14.530000,-16.238706,11.383953,-23.485502,-1.465143,4.473611,-0.337090
14.532000,-16.313286,11.464929,-23.653994,-1.666939,4.535397,-0.377160
14.536000,-16.759515,11.823537,-23.949226,-1.576229,4.883379,-0.411402
14.538000,-16.618034,11.679156,-23.819370,-1.604036,4.745175,-0.406313
14.538000,-16.736731,11.754679,-23.889222,-1.598712,4.818793,-0.423149
14.540000,-16.819921,11.792589,-23.895802,-1.557276,4.860488,-0.429649
14.542000,-16.920105,11.847387,-23.913450,-1.507117,4.920432,-0.437577
14.546000,-17.038110,11.915206,-23.909101,-1.401246,4.997966,-0.437954
14.548000,-17.077563,11.921149,-23.905779,-1.398949,5.008116,-0.447582
14.548000,-17.142800,11.946917,-23.889223,-1.344859,5.043075,-0.452507
14.550000,-17.221666,11.985014,-23.863474,-1.255887,5.093064,-0.453063
14.554000,-17.290204,12.005223,-23.817960,-1.188492,5.106932,-0.435372
14.554000,-17.299265,11.999007,-23.803838,-1.168435,5.128424,-0.462656
14.556000,-17.099128,11.805216,-23.734475,-1.419153,4.930916,-0.492738
14.558000,-17.091028,11.773238,-23.687582,-1.416295,4.912242,-0.504275
14.560000,-17.079598,11.739611,-23.638062,-1.414098,4.890099,-0.513350
14.562000,-17.100703,11.734640,-23.593411,-1.369112,4.899162,-0.519263
14.564000,-17.129642,11.741213,-23.561026,-1.324779,4.918015,-0.524395
14.566000,-17.155370,11.744160,-23.522242,-1.277304,4.935224,-0.530517
14.570000,-17.178269,11.745717,-23.481520,-1.229392,4.951398,-0.536618
14.570000,-17.196169,11.746978,-23.450002,-1.197589,4.965013,-0.543537
14.572000,-17.210816,11.744590,-23.412669,-1.163488,4.976768,-0.551571
14.574000,-17.221873,11.740458,-23.376609,-1.134962,4.986482,-0.560332
14.576000,-17.229685,11.733911,-23.337560,-1.105649,4.994152,-0.569122
14.580000,-17.236309,11.729478,-23.306734,-1.085683,5.001670,-0.577794
14.582000,-17.241435,11.725335,-23.280734,-1.072802,5.008849,-0.587717
14.582000,-16.951534,11.451802,-23.147395,-1.351065,4.734359,-0.622735
14.584000,-16.890374,11.385972,-23.091344,-1.395533,4.680011,-0.640873
14.586000,-16.630026,11.152323,-22.874205,-1.471980,4.399575,-0.582278
14.590000,-16.883938,11.363871,-23.033405,-1.384795,4.684948,-0.671241
14.590000,-16.880855,11.354635,-23.007601,-1.381758,4.689141,-0.686226
14.592000,-16.993725,11.451842,-23.055577,-1.311456,4.806859,-0.707300
14.596000,-16.964887,11.420312,-23.009528,-1.317744,4.790189,-0.721752
14.596000,-17.017488,11.468220,-23.021800,-1.280082,4.848434,-0.731514
14.598000,-17.038648,11.486227,-23.014439,-1.262219,4.877238,-0.743564
14.600000,-17.065297,11.510470,-23.012802,-1.243150,4.911525,-0.755524
14.604000,-17.083402,11.526387,-23.001915,-1.222747,4.937715,-0.766912
14.604000,-17.098037,11.542411,-23.003577,-1.223214,4.960574,-0.779281
14.606000,-16.720050,11.172337,-22.685407,-1.351284,4.600959,-0.785604
14.608000,-16.690073,11.145447,-22.645983,-1.359543,4.581888,-0.797576
14.612000,-16.658368,11.118772,-22.612720,-1.378554,4.561907,-0.810956
14.612000,-16.696258,11.162120,-22.642047,-1.380859,4.609486,-0.824919
14.614000,-16.733473,11.204188,-22.665573,-1.376384,4.657109,-0.839288
14.616000,-16.846419,11.317026,-22.742397,-1.332229,4.773601,-0.852980
14.618000,-16.757471,11.240681,-22.675165,-1.386391,4.703732,-0.866967
14.620000,-16.843059,11.331468,-22.739839,-1.367353,4.797349,-0.880715
14.622000,-16.863995,11.358004,-22.745591,-1.360184,4.828672,-0.893101
14.624000,-16.885375,11.389894,-22.773610,-1.384837,4.863133,-0.910927
14.626000,-16.979242,11.486759,-22.842190,-1.355438,4.961221,-0.925089
14.630000,-16.913222,11.433755,-22.797209,-1.400522,4.909532,-0.936721
14.630000,-16.840099,11.377387,-22.744519,-1.446802,4.856219,-0.947590
14.632000,-16.065498,10.524731,-21.641071,-1.021868,4.070215,-0.849933
14.636000,-15.949640,10.415787,-21.506059,-1.013713,3.970859,-0.851100
14.638000,-15.994233,10.468214,-21.548000,-1.015637,4.021925,-0.864757
14.638000,-16.015392,10.508233,-21.599992,-1.070137,4.060078,-0.881908
14.640000,-16.274289,10.780565,-21.859991,-1.068198,4.323472,-0.908124
14.642000,-16.476650,10.996391,-22.078549,-1.087004,4.527861,-0.932790
14.646000,-16.451695,10.998282,-22.126121,-1.196409,4.520276,-0.952191
14.648000,-16.625565,11.198145,-22.331640,-1.240622,4.708993,-0.976438
14.648000,-16.701111,11.301139,-22.459132,-1.314725,4.800095,-0.998014
14.650000,-16.785510,11.413527,-22.590916,-1.380874,4.900513,-1.018919
14.652000,-16.917189,11.575391,-22.779011,-1.453931,5.045896,-1.044632
14.654000,-16.886592,11.566101,-22.758471,-1.473707,5.033856,-1.050379
14.658000,-14.582655,8.840672,-19.152015,0.211291,2.538549,-0.661566
14.658000,-14.629413,8.930862,-19.317352,0.043622,2.609037,-0.689675
14.660000,-14.310499,8.654203,-19.134267,-0.162422,2.324145,-0.693393
14.662000,-14.826827,9.246255,-19.876220,-0.452119,2.863995,-0.769103
14.666000,-15.327136,9.849077,-20.662172,-0.821950,3.408054,-0.852999
14.666000,-15.881618,10.536612,-21.566447,-1.272817,4.027718,-0.950309
14.668000,-16.468065,11.241864,-22.440167,-1.631624,4.667659,-1.039688
14.670000,-17.694621,12.625187,-23.983544,-1.996424,5.955674,-1.185183
14.674000,-18.582335,13.620851,-25.052801,-2.187973,6.878051,-1.283332
14.676000,-18.957888,13.985112,-25.400531,-2.162785,7.307289,-1.411222
14.678000,-19.046941,14.314600,-25.942003,-2.711379,7.483094,-1.388153
14.678000,-2.029388,24.408919,1.195059,42.758970,17.715597,-25.476564
14.680000,-0.956148,25.840728,1.010881,42.718750,19.471166,-23.269450
14.682000,-2.771874,24.735548,1.377083,43.833801,18.326306,-21.533509
14.686000,-1.717593,18.336544,1.185253,35.824949,11.558113,-19.380380
14.688000,-1.889785,18.836997,1.222344,36.559878,12.103276,-19.398094
14.688000,-1.183320,15.756555,1.109734,32.519265,8.875355,-18.571162
14.690000,-0.869416,13.218730,1.070053,29.569594,6.175753,-18.021488
14.692000,-0.538300,10.436380,1.037327,26.413276,3.196488,-17.607849
14.694000,-0.353801,7.982836,1.029271,23.767767,0.554138,-17.307834
14.698000,-0.122885,3.593344,1.022429,19.103292,-4.213657,-16.941810
14.700000,-0.262119,3.979345,1.050995,19.669762,-3.791191,-16.947409
14.700000,-0.479850,2.283514,1.101289,18.245379,-5.681468,-16.934016
14.702000,-0.521109,1.580979,1.101690,17.434217,-6.431013,-16.766842
14.704000,-0.665332,0.653087,1.120999,16.568025,-7.464815,-16.735996
14.706000,-0.512782,0.195127,1.078457,15.781899,-7.977057,-16.712421
14.710000,-0.757146,-0.579713,1.111285,15.206734,-8.879694,-16.813996
14.712000,-0.867684,-1.042565,1.113393,14.722463,-9.413788,-16.858009
14.712000,-0.910726,-1.269609,1.097493,14.342836,-9.666472,-16.854137
14.714000,-1.019076,-1.555392,1.095247,14.025036,-10.008457,-16.932238
14.716000,-1.103544,-1.770485,1.087588,13.750435,-10.272168,-17.022245
14.718000,-1.178634,-1.979388,1.079031,13.481606,-10.530020,-17.129480
14.722000,-1.271268,-2.277063,1.076695,13.188686,-10.904414,-17.302257
14.722000,-1.208326,-2.185304,1.036396,13.018573,-10.805141,-17.358923
14.724000,-1.183459,-2.242706,1.007810,12.795161,-10.889333,-17.480287
14.726000,-1.131861,-2.273644,0.974530,12.572128,-10.941109,-17.600713
14.728000,-1.054773,-2.284864,0.936518,12.348072,-10.969278,-17.725161
14.732000,-0.977754,-2.422200,0.902426,12.038305,-11.150131,-17.895022
14.732000,-0.641359,-2.152857,0.811818,11.788091,-10.853825,-18.003864
14.734000,-0.490278,-1.953986,0.755717,11.671193,-10.626915,-18.079155
14.736000,-0.337218,-1.857724,0.702380,11.483645,-10.524826,-18.190437
14.738000,-0.203066,-1.789001,0.653564,11.300016,-10.452155,-18.301807
14.742000,0.016352,-1.739374,0.584690,10.995249,-10.413333,-18.440655
14.742000,0.079687,-1.717351,0.556902,10.881050,-10.376731,-18.520715
14.744000,0.222615,-1.669798,0.508582,10.689285,-10.323319,-18.622655
14.746000,0.356069,-1.618295,0.463084,10.520151,-10.263387,-18.718900
14.748000,0.494849,-1.557088,0.415916,10.355930,-10.191630,-18.809461
14.752000,0.627302,-1.496668,0.370302,10.203128,-10.119467,-18.894837
14.754000,0.782353,-1.494052,0.321741,9.981918,-10.115867,-18.992314
14.754000,0.883267,-1.346383,0.280827,9.947475,-9.938359,-19.048597
14.756000,1.185259,-1.033987,0.200068,9.852099,-9.575801,-19.108692
14.758000,1.307803,-0.922170,0.156491,9.775871,-9.441241,-19.168803
14.762000,1.385088,-0.666863,0.131491,9.970607,-9.137217,-19.327683
14.764000,1.514431,-0.760552,0.079008,9.623300,-9.240219,-19.282500
14.764000,1.591523,-0.707501,0.046364,9.557016,-9.170187,-19.335082
14.766000,1.662590,-0.680425,0.014385,9.469926,-9.129136,-19.379303
14.768000,1.719039,-0.636528,-0.013344,9.425459,-9.069387,-19.423954
14.772000,1.643447,-0.398261,-0.000233,9.794089,-8.797308,-19.505255
14.774000,1.804156,-0.551266,-0.062228,9.375757,-8.951575,-19.502791
14.774000,1.834239,-0.513059,-0.086576,9.359026,-8.895945,-19.534110
14.776000,1.873402,-0.504101,-0.113810,9.299117,-8.872380,-19.560227
14.778000,1.892590,-0.471418,-0.134675,9.297358,-8.822408,-19.586661
14.780000,1.905123,-0.449809,-0.153213,9.297137,-8.784774,-19.612089
14.784000,2.064839,-0.252328,-0.200643,9.303367,-8.546037,-19.634137
14.784000,2.070856,-0.198171,-0.217001,9.348714,-8.471509,-19.655924
14.786000,2.070214,-0.153049,-0.231255,9.396689,-8.407135,-19.677050
14.788000,2.043206,-0.135723,-0.239611,9.450920,-8.374497,-19.698587
14.790000,2.008138,-0.125570,-0.245815,9.510202,-8.350008,-19.719302
14.794000,1.728880,0.158556,-0.175781,10.289588,-8.003757,-19.814307
14.796000,1.935995,-0.137109,-0.255237,9.605886,-8.333091,-19.750683
14.796000,1.865312,-0.119607,-0.254252,9.721834,-8.304634,-19.776384
14.798000,1.826752,-0.147439,-0.261815,9.738486,-8.323895,-19.787297
14.800000,1.766868,-0.147416,-0.261031,9.826614,-8.311479,-19.804066
14.802000,1.716005,-0.153914,-0.260600,9.896851,-8.301307,-19.809465
14.806000,1.650636,-0.151422,-0.257420,9.999893,-8.285868,-19.825796
14.806000,1.794542,-0.124400,-0.289953,9.904485,-8.238721,-19.851054
14.808000,1.737429,-0.126353,-0.288181,10.003595,-8.234105,-19.882141
14.810000,1.681778,-0.124864,-0.285774,10.101351,-8.220413,-19.900578
14.812000,1.594840,-0.126058,-0.277734,10.231814,-8.210516,-19.918386
14.814000,1.497378,-0.128669,-0.266392,10.369693,-8.195997,-19.920927
14.816000,1.420592,-0.166090,-0.259269,10.465815,-8.232886,-19.956549
14.818000,1.327385,-0.130141,-0.249635,10.641510,-8.182436,-19.973171
14.820000,1.255481,-0.159936,-0.242075,10.738107,-8.204979,-19.995220
14.824000,0.825190,0.316322,-0.133876,11.941574,-7.646848,-20.083271
14.826000,1.027431,-0.094472,-0.214690,11.131653,-8.103710,-20.011191
14.826000,0.995487,-0.169871,-0.212599,11.156331,-8.184140,-20.056598
14.828000,0.949903,-0.229185,-0.213941,11.175534,-8.240915,-20.072862
14.830000,0.878656,-0.244501,-0.205448,11.292611,-8.248166,-20.097015
14.834000,1.044036,-0.924763,-0.207311,10.586724,-8.988763,-20.161792
14.834000,0.989042,-0.923142,-0.199505,10.711716,-8.976205,-20.188908
14.836000,0.964529,-0.994948,-0.195312,10.747815,-9.054082,-20.243226
14.838000,0.625147,-0.331803,-0.105013,11.989296,-8.307207,-20.322199
14.840000,0.726609,-0.829796,-0.163819,11.290367,-8.850963,-20.286708
14.844000,0.546804,-0.636585,-0.140508,11.720002,-8.617428,-20.279260
14.844000,0.332189,-0.346185,-0.120625,12.272041,-8.294517,-20.302708
14.846000,0.384858,-0.396508,-0.126385,12.253612,-8.338582,-20.347549
14.848000,0.274172,-0.280345,-0.114035,12.547928,-8.200356,-20.373508
14.850000,0.126987,-0.130711,-0.094998,12.905217,-8.015975,-20.374302
14.854000,0.016091,-0.028342,-0.081925,13.189070,-7.893416,-20.401983
14.856000,-0.468385,0.453362,-0.029297,14.183584,-7.354699,-20.380611
14.856000,-0.160156,-7.021815,0.288888,7.810415,-15.712578,-21.111451
14.858000,-0.073410,-6.558728,0.257206,8.205568,-15.191416,-21.151684
14.860000,-0.190540,-5.148849,0.210068,9.576596,-13.606122,-21.070561
14.862000,-0.516397,-2.648643,0.143517,12.100726,-10.788168,-20.843922
14.866000,-0.809694,-0.663454,0.091153,14.165860,-8.556610,-20.693722
14.868000,-1.620764,2.005269,0.074382,17.310883,-5.574500,-20.456071
14.868000,-1.488532,3.033223,-0.004955,18.100417,-4.421387,-20.442004
14.870000,-1.370577,3.735079,-0.064171,18.619187,-3.626213,-20.436394
14.872000,-0.312752,-3.870471,-12.539542,-6.516015,-13.085674,3.739236
14.876000,0.254873,-4.314378,-11.959545,-6.633666,-13.396904,3.819924
14.878000,-1.041234,-2.971434,-12.842807,-6.294370,-11.675216,3.367292
14.878000,-2.649926,-1.337779,-14.026284,-5.899938,-9.691355,2.865055
14.880000,-4.385002,0.441566,-15.384116,-5.551253,-7.573258,2.319577
14.884000,-5.119609,0.629992,-14.503827,-3.700389,-6.917922,2.099671
14.884000,-6.390118,1.864416,-15.361337,-3.274326,-5.461172,1.744444
14.886000,-7.756839,3.187664,-16.318766,-2.843550,-3.923638,1.372625
14.890000,-9.077916,4.531857,-17.423227,-2.631685,-2.425899,1.023725
14.890000,-10.301642,5.771320,-18.462352,-2.453909,-1.065194,0.718369
14.892000,-11.384143,6.864301,-19.399693,-2.323572,0.116598,0.462523
14.894000,-12.324763,7.801123,-20.210493,-2.213745,1.117096,0.254757
14.896000,-13.138990,8.597661,-20.902454,-2.113672,1.956538,0.090198
14.898000,-13.716477,9.139274,-21.364126,-2.025833,2.514089,-0.005072
14.902000,-14.242021,9.632314,-21.783044,-1.957870,3.023558,-0.096461
14.902000,-14.740711,10.083971,-22.172519,-1.876561,3.479426,-0.169182
14.904000,-15.240457,10.527674,-22.563203,-1.785247,3.920503,-0.233197
14.908000,-15.616167,10.887935,-22.942623,-1.860040,4.264627,-0.295134
14.908000,-16.006943,11.221533,-23.242692,-1.792242,4.587693,-0.336794
14.910000,-16.292068,11.453717,-23.442918,-1.740051,4.809367,-0.364084
14.912000,-16.490213,11.596166,-23.541127,-1.673380,4.943611,-0.377265
14.916000,-16.686122,11.734959,-23.642025,-1.605648,5.072835,-0.388848
14.916000,-16.893723,11.886181,-23.762781,-1.541661,5.213774,-0.401747
14.918000,-17.067431,12.016452,-23.881074,-1.523641,5.331570,-0.416238
14.920000,-17.121343,12.012113,-23.808768,-1.411945,5.326411,-0.407196
14.922000,-17.216067,12.059746,-23.820527,-1.352591,5.368820,-0.409708
14.924000,-17.318429,12.117588,-23.851465,-1.304445,5.422056,-0.415830
14.926000,-17.382517,12.141484,-23.843078,-1.255600,5.443363,-0.418614
14.930000,-17.433337,12.154830,-23.824097,-1.208414,5.455605,-0.421304
14.930000,-17.470532,12.157429,-23.794881,-1.164248,5.458268,-0.423869
14.932000,-17.492951,12.166319,-23.845796,-1.254492,5.457051,-0.443517
14.936000,-17.509958,12.155228,-23.812509,-1.230024,5.447040,-0.448598
14.936000,-17.524315,12.144747,-23.778807,-1.204201,5.438070,-0.452864
14.938000,-17.534088,12.127162,-23.730527,-1.165082,5.425825,-0.456797
14.942000,-17.538336,12.106266,-23.680321,-1.129461,5.411017,-0.461432
14.942000,-17.539833,12.087946,-23.642258,-1.110963,5.397398,-0.467607
14.944000,-17.535550,12.062666,-23.591377,-1.082655,5.379528,-0.474263
14.948000,-17.526989,12.033213,-23.525959,-1.036800,5.357837,-0.477654
14.948000,-17.519293,12.009245,-23.487087,-1.028812,5.342684,-0.489017
14.950000,-17.505518,11.979867,-23.436596,-1.010462,5.321688,-0.497784
14.954000,-17.489575,11.950254,-23.389815,-0.998585,5.300452,-0.507733
14.954000,-17.467010,11.916221,-23.344637,-0.996782,5.274148,-0.518691
14.956000,-17.452765,11.899260,-23.358297,-1.067653,5.258243,-0.539859
14.960000,-17.435667,11.871632,-23.315151,-1.055995,5.236972,-0.549183
14.960000,-17.407004,11.837450,-23.283362,-1.081067,5.210594,-0.564769
14.962000,-17.382641,11.805847,-23.241475,-1.081909,5.186573,-0.576548
14.966000,-17.359814,11.776613,-23.200701,-1.080919,5.166004,-0.588275
14.968000,-17.341503,11.752245,-23.166007,-1.081732,5.151337,-0.603194
14.968000,-17.315092,11.721191,-23.128590,-1.089794,5.129576,-0.618712
14.970000,-17.286644,11.688638,-23.088182,-1.095489,5.106472,-0.633908
14.972000,-17.271607,11.668752,-23.064113,-1.102928,5.092707,-0.649063
14.974000,-17.216689,11.614746,-23.020324,-1.145630,5.047232,-0.667754
14.978000,-17.213235,11.608030,-23.008294,-1.150873,5.045414,-0.682785
14.980000,-17.164091,11.560808,-22.963812,-1.181691,5.006724,-0.699665
14.980000,-17.120202,11.518874,-22.929119,-1.215187,4.969962,-0.716206
14.982000,-17.097016,11.481678,-22.801432,-1.078692,4.952046,-0.711384
14.986000,-17.084263,11.469173,-22.781470,-1.082730,4.942475,-0.724941
14.986000,-17.034059,11.424637,-22.733685,-1.106931,4.904683,-0.739849
14.988000,-16.979632,11.377674,-22.702029,-1.157466,4.859407,-0.757182
14.992000,-16.961462,11.365347,-22.701593,-1.195334,4.845897,-0.774377
14.994000,-16.921459,11.335955,-22.680529,-1.240108,4.819575,-0.791801
14.994000,-16.886970,11.311464,-22.669077,-1.286826,4.795030,-0.809128
14.996000,-16.849757,11.285386,-22.656412,-1.334959,4.768564,-0.826277
14.998000,-16.812156,11.259802,-22.644226,-1.383147,4.742118,-0.843165
15.002000,-16.772452,11.231592,-22.622355,-1.419295,4.713843,-0.858120
15.004000,-16.734338,11.208881,-22.618879,-1.478815,4.688596,-0.876014
15.004000,-16.694083,11.183547,-22.605687,-1.526300,4.661571,-0.891961
15.006000,-16.635942,11.072454,-22.219650,-1.059170,4.594862,-0.839151
15.008000,-16.599069,11.045624,-22.185030,-1.069864,4.568885,-0.850069
15.012000,-16.560766,11.018179,-22.150271,-1.081679,4.541983,-0.860794
15.014000,-16.516414,10.994758,-22.163244,-1.170423,4.511696,-0.880516
15.014000,-16.469218,10.971071,-22.181463,-1.269623,4.479702,-0.900911
15.016000,-16.419047,10.947224,-22.205027,-1.379465,4.446121,-0.921947
15.018000,-16.367768,10.923889,-22.228199,-1.488867,4.412658,-0.942343
15.022000,-16.313853,10.895562,-22.232143,-1.573328,4.376127,-0.958823
15.022000,-16.263652,10.879910,-22.270658,-1.699870,4.348086,-0.980549
15.024000,-16.210797,10.858898,-22.288102,-1.798928,4.316988,-0.998060
15.026000,-16.157325,10.838940,-22.305294,-1.897073,4.286842,-1.014937
15.030000,-16.102989,10.818819,-22.317509,-1.988009,4.257091,-1.030395
15.032000,-16.047529,10.798774,-22.327003,-2.075345,4.227695,-1.044871
15.032000,-15.753320,10.031972,-20.281674,0.344562,3.684435,-0.718047
15.034000,-15.721923,10.009470,-20.258926,0.328129,3.658022,-0.724562
15.036000,-15.687801,9.988699,-20.247369,0.292939,3.631761,-0.732879
15.038000,-15.022864,9.440129,-19.992293,-0.277863,2.970440,-0.651675
15.040000,-15.608493,10.084340,-20.774611,-0.549967,3.639802,-0.838842
15.042000,-15.590403,10.191798,-21.167725,-1.108087,3.685883,-0.908889
15.044000,-15.308685,10.006517,-21.182930,-1.522239,3.467630,-0.937523
15.046000,-15.263760,10.092208,-21.508863,-2.017383,3.499443,-0.995199
15.048000,-15.214743,10.153404,-21.744649,-2.391710,3.517636,-1.036487
15.052000,-15.552244,10.684137,-22.546633,-2.979438,3.967611,-1.137650
15.052000,-15.142818,10.369787,-22.372949,-3.297758,3.633645,-1.139340
15.054000,-15.234923,10.683514,-22.979532,-3.952297,3.872056,-1.226883
15.058000,-14.422903,7.104425,-14.800496,5.687289,1.220328,0.062259
15.060000,-15.169053,8.777022,-17.934398,2.589473,2.563635,-0.396278
15.060000,-15.240707,9.455848,-19.539124,0.595872,3.047578,-0.653279
15.064000,-0.080388,21.993031,1.036193,38.895179,15.408954,-25.872337
15.066000,0.899397,23.034708,0.876964,38.668071,16.703282,-24.111726
15.066000,1.862022,24.093503,0.723492,38.517215,17.989987,-22.618708
15.070000,2.572318,22.054301,0.561394,35.291027,15.906432,-21.294094
15.072000,3.082594,19.583208,0.447367,31.948917,13.320178,-20.228149
15.072000,3.377894,16.672409,0.382574,28.498274,10.226894,-19.392050
15.074000,3.547681,13.842523,0.352084,25.356144,7.198676,-18.744470
15.078000,3.594503,11.194380,0.350354,22.591690,4.347799,-18.248830
15.078000,3.542859,8.838660,0.368307,20.257455,1.797672,-17.870579
15.080000,3.407593,6.799537,0.399674,18.337644,-0.422952,-17.583846
15.084000,-0.543396,2.837815,1.103768,18.995006,-4.872436,-17.428951
15.084000,-1.135639,1.214073,1.210044,17.981999,-6.676600,-17.273382
15.086000,-1.800493,-0.162867,1.324515,17.274328,-8.221830,-17.163383
15.090000,-2.159897,-1.120617,1.380826,16.631306,-9.324538,-17.131609
15.090000,-2.153815,-1.580296,1.367044,15.968270,-9.831476,-17.006516
15.092000,-2.232010,-1.981122,1.365615,15.490880,-10.300724,-16.976137
15.096000,-2.399573,-2.379345,1.379542,15.153648,-10.790563,-17.032514
15.096000,-2.300274,-2.445040,1.339817,14.762539,-10.869770,-17.000532
15.098000,-2.312680,-2.587635,1.320604,14.466933,-11.057004,-17.051972
15.102000,-2.288265,-2.833032,1.267345,13.859516,-11.385201,-17.199280
15.102000,-2.258883,-2.740167,1.265109,13.931061,-11.280826,-17.204778
15.104000,-2.206392,-2.786411,1.232091,13.674946,-11.357853,-17.303432
15.108000,-1.792721,-2.671205,1.138804,13.198678,-11.243829,-17.416031
15.108000,-1.667978,-2.672020,1.092277,12.921052,-11.265313,-17.531789
15.110000,-1.523920,-2.657954,1.042156,12.643403,-11.267689,-17.651738
15.114000,-1.409898,-2.649119,0.996577,12.398199,-11.274722,-17.773551
15.114000,-1.287478,-2.629973,0.949452,12.160021,-11.267901,-17.895496
15.116000,-1.159619,-2.601756,0.901365,11.930834,-11.248632,-18.016226
15.120000,-1.030358,-2.583796,0.853853,11.698566,-11.238693,-18.135783
15.120000,-0.876204,-2.515405,0.800746,11.490600,-11.169615,-18.247727
15.122000,-0.723699,-2.457242,0.748767,11.282571,-11.109955,-18.356975
15.124000,-0.587837,-2.479275,0.701688,11.036940,-11.147303,-18.487903
15.128000,-0.424860,-2.403765,0.648185,10.845423,-11.063211,-18.586545
15.128000,-0.250385,-2.239249,0.591379,10.720005,-10.869587,-18.658514
15.130000,-0.093500,-2.143880,0.539422,10.565797,-10.759756,-18.747813
15.132000,0.338430,-1.924591,0.437406,10.233546,-10.502857,-18.838644
15.134000,0.499208,-1.833825,0.388866,10.094643,-10.395239,-18.921588
15.136000,0.663225,-1.731960,0.336853,9.956074,-10.274452,-18.999179
15.140000,0.781595,-1.716086,0.294756,9.797501,-10.254485,-19.085971
15.140000,0.891742,-1.621537,0.252822,9.717975,-10.139947,-19.151890
15.142000,0.982025,-1.475523,0.214296,9.709501,-9.963427,-19.203042
15.146000,1.066078,-1.381426,0.178115,9.668101,-9.847589,-19.260262
15.148000,1.142441,-1.292973,0.143950,9.635034,-9.736428,-19.313599
15.148000,1.212041,-1.214598,0.111760,9.604622,-9.636007,-19.364128
15.150000,1.274052,-1.138831,0.081579,9.584384,-9.537862,-19.411132
15.152000,1.327307,-1.071088,0.053762,9.570597,-9.448260,-19.455075
15.154000,1.370630,-1.002904,0.030741,9.579282,-9.358379,-19.496854
15.156000,1.743828,-0.850513,-0.056744,9.299137,-9.165480,-19.541981
15.158000,1.799748,-0.771694,-0.086274,9.295584,-9.061288,-19.572916
15.160000,1.844787,-0.656632,-0.114258,9.340657,-8.916936,-19.601475
15.162000,1.841481,-0.585564,-0.132157,9.400721,-8.822461,-19.627709
15.166000,1.828336,-0.540987,-0.146988,9.449213,-8.756198,-19.649131
15.166000,1.803998,-0.470552,-0.156807,9.549182,-8.664814,-19.678262
15.168000,1.773013,-0.416740,-0.166843,9.636125,-8.589764,-19.700350
15.172000,1.734922,-0.376161,-0.174533,9.719456,-8.527106,-19.715265
15.172000,1.697884,-0.314025,-0.182571,9.829787,-8.445244,-19.740869
15.174000,1.655338,-0.266730,-0.188661,9.932536,-8.377579,-19.759511
15.178000,1.602009,-0.223205,-0.192037,10.042668,-8.310973,-19.768677
15.178000,1.562673,-0.177511,-0.197719,10.150016,-8.248724,-19.795010
15.180000,1.512746,-0.136749,-0.200735,10.263113,-8.188787,-19.811990
15.182000,1.815100,-0.176457,-0.260653,9.930834,-8.208024,-19.840504
15.184000,1.775633,-0.130106,-0.264504,10.042472,-8.141565,-19.856571
15.186000,1.736597,-0.120385,-0.266078,10.130966,-8.122329,-19.887882
15.188000,1.633331,-0.054425,-0.258946,10.332239,-8.035865,-19.900595
15.190000,1.517953,0.002967,-0.248410,10.536883,-7.954095,-19.900818
15.192000,1.456688,0.024063,-0.245996,10.663570,-7.923539,-19.931148
15.194000,1.392880,0.026742,-0.242808,10.773075,-7.907836,-19.949220
15.198000,1.272602,0.081486,-0.230499,10.985003,-7.829191,-19.948057
15.198000,1.224497,0.088847,-0.229450,11.090154,-7.815140,-19.981497
15.200000,1.084659,0.177985,-0.215490,11.359336,-7.704602,-19.991007
15.202000,1.004278,0.205474,-0.208206,11.509727,-7.655992,-19.992982
15.204000,0.949169,0.173803,-0.205338,11.592425,-7.686716,-20.030622
15.206000,1.307546,-0.463098,-0.248496,10.718792,-8.383049,-20.115616
15.208000,1.258331,-0.483542,-0.244662,10.805083,-8.395134,-20.140005
15.212000,1.150350,-0.456053,-0.230672,10.992762,-8.347111,-20.141581
15.212000,1.166120,-0.483849,-0.237387,11.016670,-8.372950,-20.186909
15.214000,1.031456,-0.367990,-0.222660,11.319696,-8.233518,-20.199460
15.216000,0.769674,-0.113083,-0.192472,11.875227,-7.941562,-20.197501
15.220000,0.595585,0.007790,-0.171596,12.227112,-7.797993,-20.210398
15.220000,0.629145,-0.003041,-0.178966,12.246161,-7.798797,-20.243977
15.222000,0.319875,0.292728,-0.143319,12.885881,-7.463254,-20.238607
15.226000,0.110458,0.444616,-0.116652,13.295918,-7.278733,-20.230312
15.226000,0.316793,0.271066,-0.146928,13.001447,-7.468020,-20.306298
15.228000,0.214780,0.357830,-0.136672,13.247440,-7.363750,-20.328385
15.232000,0.029284,0.464721,-0.112202,13.593954,-7.230796,-20.325521
15.232000,1.383725,-2.575478,-0.199280,9.763136,-10.604771,-20.712473
15.234000,1.274372,-2.442739,-0.185685,10.067986,-10.449374,-20.736851
15.238000,1.146033,-2.260675,-0.171904,10.430374,-10.240214,-20.756388
15.238000,0.714130,-1.505915,-0.133959,11.603803,-9.393394,-20.708535
15.240000,0.234134,-0.676812,-0.094086,12.885405,-8.464959,-20.653691
15.244000,-0.404898,0.144253,-0.029353,14.323271,-7.540013,-20.572620
15.244000,-1.277571,1.432661,0.040588,16.373518,-6.119385,-20.477424
15.246000,-1.090286,1.450371,0.010029,16.277566,-6.086625,-20.531913
15.250000,-1.821528,2.350255,0.075384,17.834691,-5.081770,-20.432993
15.250000,-1.821528,2.350255,0.075384,17.834691,-5.081770,-20.432993
15.252000,-2.990404,3.517602,0.178094,20.113628,-3.808447,-20.368688
15.254000,-2.864904,3.599916,0.151995,20.090269,-3.702532,-20.379806
15.256000,-0.222038,-7.901207,0.370471,8.555898,-16.483984,-21.871579
15.258000,-1.128021,-3.314131,-12.501756,-5.571476,-12.376904,3.771057
15.260000,-0.535979,-3.761102,-11.890528,-5.676794,-12.696110,3.856593
15.262000,-0.389898,-3.858474,-11.616869,-5.519020,-12.676002,3.913801
15.266000,-1.478926,-2.681301,-12.460398,-5.433172,-11.156646,3.465741
15.266000,-3.102822,-1.040359,-13.734154,-5.171444,-9.188967,2.938002
15.268000,-4.791466,0.697069,-15.129918,-4.978807,-7.128509,2.376364
15.270000,-6.384725,2.346248,-16.473528,-4.830638,-5.192488,1.850886
15.272000,-8.019438,3.991302,-17.822578,-4.612076,-3.303534,1.368769
15.276000,-9.643805,5.579614,-19.123524,-4.324650,-1.514956,0.945130
15.278000,-11.031616,6.926689,-20.222136,-4.082265,-0.004393,0.595105
15.278000,-12.254370,8.088936,-21.165414,-3.846704,1.286377,0.310360
15.280000,-13.220411,8.993316,-21.891590,-3.666663,2.289940,0.090807
15.282000,-12.470827,7.708039,-19.907902,-2.204352,1.220519,0.232213
15.284000,-12.952930,8.082490,-20.095927,-1.936975,1.661327,0.135246
15.288000,-13.405788,8.411918,-20.238247,-1.632510,2.042343,0.066737
15.290000,-13.963664,8.914544,-20.643356,-1.496497,2.558253,-0.007447
15.290000,-14.461004,9.362044,-21.003472,-1.386842,3.019035,-0.077889
15.292000,-14.860856,9.725476,-21.302872,-1.324322,3.387202,-0.133977
15.294000,-15.258475,10.082022,-21.602173,-1.256341,3.744618,-0.183989
15.296000,-15.599760,10.383033,-21.854543,-1.198114,4.043126,-0.223823
15.300000,-15.895196,10.638056,-22.066099,-1.144050,4.293830,-0.255660
15.300000,-16.157731,10.860241,-22.251528,-1.090708,4.509432,-0.278637
15.302000,-16.370745,11.034964,-22.390504,-1.046076,4.678095,-0.298066
15.304000,-16.515938,11.144714,-22.466655,-1.009228,4.781020,-0.309870
15.306000,-16.705004,11.326136,-22.688924,-1.110275,4.945287,-0.343832
15.308000,-16.831575,11.420282,-22.761335,-1.088554,5.033324,-0.355837
15.312000,-16.942507,11.500606,-22.821582,-1.069768,5.108421,-0.366992
15.314000,-17.056695,11.581570,-22.876342,-1.036641,5.187277,-0.377322
15.314000,-17.126380,11.620080,-22.886156,-1.002949,5.224080,-0.383305
15.316000,-17.180947,11.645047,-22.881962,-0.969270,5.248560,-0.388489
15.318000,-17.219026,11.655607,-22.864108,-0.938099,5.259569,-0.393075
15.320000,-17.246082,11.657257,-22.838309,-0.909637,5.262636,-0.397771
15.324000,-17.263443,11.649907,-22.804333,-0.881652,5.258803,-0.402428
15.326000,-17.277560,11.643039,-22.773836,-0.857883,5.255603,-0.407380
15.326000,-17.283517,11.628107,-22.734734,-0.834660,5.245907,-0.413434
15.328000,-17.284192,11.609826,-22.693941,-0.815051,5.233353,-0.420179
15.330000,-17.279980,11.588317,-22.651780,-0.798622,5.218123,-0.427653
15.332000,-17.259820,11.567819,-22.677263,-0.902114,5.195260,-0.450721
15.336000,-17.244152,11.539094,-22.637452,-0.902353,5.172588,-0.460543
15.338000,-17.229289,11.513463,-22.605454,-0.911445,5.152572,-0.471939
15.338000,-17.213712,11.486033,-22.562988,-0.905334,5.132112,-0.481479
15.340000,-17.196974,11.458687,-22.521347,-0.900917,5.111808,-0.491450
15.342000,-17.179033,11.431193,-22.479817,-0.897291,5.091451,-0.501695
15.344000,-17.159752,11.403684,-22.439944,-0.896917,5.070947,-0.512524
15.346000,-17.137151,11.373704,-22.397509,-0.896550,5.048086,-0.523347
15.350000,-17.117639,11.348912,-22.365846,-0.906388,5.029542,-0.535930
15.350000,-17.098603,11.325393,-22.334949,-0.915465,5.013116,-0.548442
15.352000,-17.075375,11.298304,-22.304372,-0.931107,4.994232,-0.564415
15.354000,-17.051420,11.271496,-22.275542,-0.949447,4.975339,-0.580822
15.356000,-16.974033,11.198777,-22.238324,-1.034200,4.906050,-0.602981
15.360000,-16.943135,11.167805,-22.211950,-1.064525,4.881546,-0.620439
15.362000,-16.917478,11.142373,-22.197624,-1.101300,4.859231,-0.638366
15.362000,-16.875787,11.103820,-22.162086,-1.134521,4.828336,-0.655390
15.364000,-16.853219,11.083239,-22.142825,-1.159776,4.812968,-0.671809
15.366000,-16.853361,11.084239,-22.144145,-1.178211,4.816732,-0.688151
15.368000,-16.830248,11.065274,-22.117968,-1.194662,4.805008,-0.703235
15.372000,-16.810386,11.049065,-22.098830,-1.213157,4.793197,-0.718234
15.374000,-16.794457,11.038510,-22.093377,-1.246799,4.785443,-0.735309
15.374000,-16.774429,11.024201,-22.082699,-1.277757,4.773756,-0.751574
15.376000,-16.753348,11.009985,-22.073546,-1.311629,4.761572,-0.767998
15.378000,-16.730780,10.995251,-22.064136,-1.346365,4.748468,-0.784283
15.380000,-16.708954,10.982375,-22.069269,-1.397803,4.733429,-0.802512
15.384000,-16.440259,10.696540,-21.698085,-1.262449,4.468043,-0.779384
15.384000,-16.363591,10.629930,-21.629384,-1.290015,4.406012,-0.790714
15.386000,-16.317264,10.592982,-21.592510,-1.316077,4.370856,-0.803454
15.388000,-16.304838,10.593920,-21.606016,-1.364613,4.370594,-0.821016
15.390000,-16.300871,10.604516,-21.630403,-1.415422,4.379041,-0.839114
15.392000,-16.331741,10.649114,-21.690956,-1.464249,4.418437,-0.858922
15.396000,-16.296101,10.631214,-21.681951,-1.513313,4.400199,-0.874034
15.396000,-16.299629,10.654678,-21.725600,-1.578119,4.418765,-0.893584
15.398000,-16.290536,10.665248,-21.750886,-1.633862,4.425170,-0.910778
15.400000,-16.282874,10.678369,-21.778434,-1.689649,4.433718,-0.927817
15.402000,-16.271154,10.688390,-21.801424,-1.743768,4.439123,-0.944097
15.404000,-16.296836,10.737578,-21.871403,-1.807858,4.480020,-0.964219
15.408000,-15.680968,10.017279,-20.840943,-1.222652,3.824174,-0.851246
15.408000,-15.695112,10.047551,-20.854564,-1.227755,3.854597,-0.861918
15.410000,-15.556024,9.927077,-20.746233,-1.276002,3.732945,-0.866436
15.412000,-15.589894,9.994396,-20.859198,-1.390334,3.788270,-0.891031
15.414000,-15.621835,10.063884,-20.981315,-1.518960,3.843636,-0.916769
15.416000,-15.676249,10.159249,-21.131264,-1.653197,3.923051,-0.944155
15.420000,-15.727843,10.254073,-21.278886,-1.786481,4.001388,-0.970757
15.420000,-15.935539,10.507583,-21.566711,-1.893944,4.235559,-1.006256
15.422000,-15.805058,10.423066,-21.544087,-2.042613,4.137575,-1.019443
15.424000,-15.838053,10.505055,-21.669096,-2.165533,4.203301,-1.042290
15.426000,-15.837407,10.556251,-21.763332,-2.291284,4.238758,-1.062750
15.430000,-15.215803,10.068017,-21.408153,-2.620119,3.649655,-0.959180
15.432000,-15.214524,10.119429,-21.483266,-2.717194,3.688881,-0.974997
15.432000,-12.680591,6.308178,-15.603384,1.775328,0.430739,-0.279021
15.434000,-12.986928,6.694998,-16.128608,1.468579,0.787819,-0.356265
15.436000,-13.261495,7.058052,-16.620246,1.162546,1.124308,-0.430655
15.438000,-14.021557,8.111773,-18.172608,0.090916,2.051256,-0.625710
15.442000,-15.323329,9.960499,-20.824346,-1.699985,3.685685,-0.960823
15.442000,-16.289647,11.387590,-22.874877,-3.135469,4.937072,-1.219379
15.444000,-16.923927,12.380878,-24.313671,-4.182529,5.794993,-1.398930
15.446000,-17.145327,12.829597,-24.989685,-4.763696,6.163554,-1.483065
15.448000,-0.909543,23.472064,1.057208,40.271954,16.998925,-25.662800
15.452000,0.840807,25.243738,0.767147,39.602015,19.217935,-21.976448
15.454000,0.964608,25.987084,0.753048,40.229384,20.036467,-21.506053
15.454000,1.744944,23.793319,0.588706,36.840404,17.774745,-20.760522
15.456000,-0.869702,18.300790,1.075900,34.642988,11.787556,-20.051087
15.458000,-0.625499,15.016534,1.041828,31.050415,8.316240,-19.303899
15.460000,-0.858664,11.498731,1.105362,27.953264,4.506321,-18.864600
15.462000,-0.636087,8.756345,1.088926,25.037116,1.569507,-18.438844
15.464000,-0.343164,7.086848,1.049499,22.992623,-0.185863,-18.017869
15.466000,-0.394648,4.996491,1.075980,21.053882,-2.472444,-17.836270
15.468000,-0.369298,3.421170,1.081861,19.452675,-4.181603,-17.639315
15.472000,-0.499514,1.236338,1.092072,17.250947,-6.581369,-17.370524
15.474000,-0.555378,1.528318,1.109299,17.629608,-6.260586,-17.384278
15.474000,-0.682477,0.658820,1.124921,16.818527,-7.227704,-17.326576
15.476000,-0.695788,0.261893,1.113606,16.272383,-7.658014,-17.230036
15.478000,-0.838419,-0.360122,1.125426,15.699479,-8.364706,-17.237886
15.480000,-1.072493,-1.026190,1.154450,15.227792,-9.145113,-17.330554
15.484000,-0.974247,-1.142236,1.108926,14.763050,-9.304355,-17.450561
15.484000,-1.046465,-1.477305,1.103306,14.429021,-9.688852,-17.424883
15.486000,-1.014125,-1.554603,1.071526,14.118873,-9.780536,-17.438164
15.488000,-1.053684,-1.771785,1.057201,13.812194,-10.045618,-17.520763
15.490000,-1.077482,-1.936293,1.039027,13.537019,-10.252237,-17.613762
15.492000,-1.134961,-2.233776,1.031130,13.218499,-10.621695,-17.766089
15.496000,-1.088885,-2.523535,0.982354,12.644723,-10.984798,-17.985854
15.498000,-1.068509,-2.421207,0.973554,12.700222,-10.870191,-17.975614
15.498000,-0.997977,-2.445647,0.936908,12.468115,-10.913523,-18.077132
15.500000,-0.881450,-2.281553,0.890293,12.351232,-10.731641,-18.134714
15.502000,-0.783014,-2.259372,0.848048,12.144474,-10.719304,-18.236207
15.504000,-0.671988,-2.221806,0.803488,11.943922,-10.687564,-18.335988
15.508000,-0.312814,-1.989620,0.698548,11.605521,-10.449075,-18.573377
15.510000,-0.246101,-1.955542,0.673732,11.509560,-10.401113,-18.651440
15.510000,-0.100076,-1.885015,0.622582,11.319957,-10.334406,-18.642175
15.512000,0.016643,-1.712521,0.576581,11.252481,-10.135788,-18.701915
15.514000,0.147552,-1.650003,0.529744,11.084668,-10.066841,-18.784266
15.516000,0.271492,-1.588508,0.484618,10.929402,-9.997073,-18.866941
15.520000,0.426637,-1.643994,0.437723,10.666080,-10.049718,-19.046209
15.520000,0.551626,-1.589099,0.392499,10.499238,-9.997138,-19.037184
15.522000,0.645154,-1.432632,0.351748,10.470633,-9.812989,-19.086992
15.524000,0.757297,-1.353196,0.309856,10.364202,-9.718810,-19.145470
15.526000,0.860411,-1.273736,0.270022,10.273208,-9.622906,-19.203302
15.528000,0.997191,-1.295041,0.226904,10.065519,-9.641285,-19.272101
15.532000,1.058388,-1.013045,0.203417,10.292024,-9.307392,-19.415402
15.534000,1.230479,-0.782420,0.135312,10.180208,-9.046284,-19.351789
15.534000,1.302535,-0.663380,0.101876,10.174817,-8.902170,-19.392587
15.536000,1.332164,-0.497798,0.074119,10.252289,-8.705238,-19.418899
15.538000,1.385723,-0.440571,0.046720,10.222861,-8.630544,-19.459617
15.540000,1.434186,-0.399904,0.021028,10.188848,-8.572989,-19.498156
15.544000,1.419605,-0.230171,0.025410,10.474238,-8.357401,-19.626527
15.546000,1.567913,-0.417169,-0.033930,10.050869,-8.549383,-19.616717
15.546000,1.595690,-0.403837,-0.058164,9.966149,-8.537658,-19.598109
15.548000,1.588446,-0.346439,-0.077589,10.002057,-8.462256,-19.616215
15.550000,1.598257,-0.316357,-0.096191,10.008338,-8.416239,-19.636854
15.552000,1.603277,-0.289105,-0.113074,10.023727,-8.372419,-19.658151
15.556000,1.475192,-0.030174,-0.078353,10.571367,-8.053145,-19.762091
15.558000,1.568842,0.160770,-0.146872,10.451748,-7.839180,-19.671418
15.558000,1.548092,0.222433,-0.157791,10.536114,-7.756414,-19.687922
15.560000,1.506467,0.287974,-0.168784,10.633530,-7.673495,-19.701791
15.562000,1.490884,0.276865,-0.177599,10.655146,-7.672613,-19.723177
15.564000,1.499028,0.227789,-0.188744,10.617631,-7.710519,-19.738732
15.568000,1.299269,0.457279,-0.127869,11.276665,-7.427028,-19.853283
15.568000,1.464328,0.159927,-0.200949,10.641002,-7.759267,-19.780896
15.570000,1.437542,0.130204,-0.204946,10.669825,-7.779341,-19.800699
15.572000,1.407994,0.087575,-0.213430,10.672402,-7.819305,-19.820813
15.574000,1.376345,0.058497,-0.215977,10.710456,-7.839183,-19.839527
15.576000,1.339983,0.031539,-0.217404,10.756518,-7.856856,-19.858111
15.580000,1.306131,0.012159,-0.216453,10.879262,-7.853204,-19.906451
15.580000,1.268748,-0.018586,-0.217518,10.857524,-7.882625,-19.885544
15.582000,0.964184,0.466376,-0.188567,11.632925,-7.337435,-19.876848
15.584000,0.889526,0.488460,-0.183647,11.767081,-7.301776,-19.891684
15.586000,0.817095,0.514262,-0.178188,11.902668,-7.256116,-19.895425
15.590000,0.611805,0.769628,-0.105455,12.649887,-6.947662,-20.024302
15.592000,0.777646,0.382079,-0.178285,11.985650,-7.369034,-19.977281
15.592000,0.760083,0.290935,-0.180933,11.898157,-7.469930,-19.972856
15.594000,0.771780,0.155501,-0.191962,11.789688,-7.616621,-20.006677
15.596000,0.757092,0.073739,-0.192354,11.778345,-7.697391,-20.032747
15.598000,0.730722,0.018521,-0.189770,11.803800,-7.741794,-20.043829
15.602000,0.513288,0.371731,-0.112711,12.675535,-7.327001,-20.175131
15.602000,0.692035,-0.105004,-0.185672,11.851804,-7.857089,-20.101308
15.604000,0.671556,-0.161454,-0.183087,11.885134,-7.909285,-20.132088
15.606000,-0.641313,-0.058540,0.012884,13.393558,-7.819164,-20.100939
15.608000,-0.709026,-0.089126,0.021827,13.501734,-7.843969,-20.129925
15.610000,-0.767067,-0.119528,0.029501,13.602166,-7.868439,-20.160816
15.612000,-0.636893,-0.230054,0.011293,13.440778,-7.978507,-20.205989
15.614000,-0.548989,-0.123588,-0.008477,13.501963,-7.847272,-20.235276
15.616000,-0.345801,-0.195196,-0.038655,13.298288,-7.912770,-20.283688
15.618000,0.030257,-0.449519,-0.087234,12.766983,-8.178706,-20.354720
15.620000,0.052077,-0.320126,-0.096136,12.921393,-8.024029,-20.383953
15.624000,0.169657,-0.434967,-0.106532,12.778904,-8.132186,-20.420233
15.624000,0.391783,-0.387615,-0.141517,12.660999,-8.064753,-20.466633
15.626000,0.618130,-0.526377,-0.170212,12.394241,-8.213203,-20.547303
15.628000,0.800721,-0.604293,-0.192068,12.222863,-8.287070,-20.605800
15.630000,1.082303,-1.266167,-0.199759,11.490697,-9.009980,-20.719549
15.632000,-3.388385,-4.085600,0.617853,14.143232,-12.237502,-20.836415
15.636000,-2.147136,-3.699348,0.416465,13.228435,-11.769906,-20.906823
15.636000,-1.585612,-2.390207,0.271111,13.756547,-10.288153,-20.867437
15.638000,-0.215516,-1.476570,0.024768,13.122082,-9.229583,-20.881837
15.640000,0.748379,-0.572985,-0.160656,12.908353,-8.191359,-20.886767
15.642000,-0.378348,-4.036100,-12.487963,-6.675302,-13.009091,3.635185
15.644000,0.219052,-4.505556,-11.938546,-6.771293,-13.328776,3.716217
15.648000,0.662774,-4.852045,-11.570376,-6.891571,-13.584992,3.786259
15.648000,-0.768536,-3.386843,-12.617758,-6.579100,-11.804780,3.331834
15.650000,-2.335161,-1.765772,-13.828394,-6.293091,-9.882047,2.834082
15.652000,-4.134294,0.085375,-15.257912,-5.974661,-7.738790,2.286514
15.654000,-5.810468,1.823883,-16.608881,-5.708973,-5.743894,1.777404
15.656000,-6.382635,1.791023,-15.565736,-3.839250,-5.368157,1.626126
15.660000,-7.863920,3.215277,-16.594129,-3.373232,-3.750793,1.243411
15.660000,-9.120891,4.405640,-17.419750,-2.939063,-2.396762,0.931587
15.662000,-10.327410,5.618561,-18.385493,-2.726329,-1.072358,0.638197
15.666000,-11.695219,6.974610,-19.489052,-2.479189,0.396230,0.334810
15.666000,-12.296056,7.585298,-19.983597,-2.433391,1.038084,0.199346
15.668000,-13.084389,8.357722,-20.616460,-2.322800,1.853398,0.043325
15.670000,-13.713974,8.960395,-21.106131,-2.232702,2.481721,-0.068157
15.672000,-14.288111,9.497048,-21.537971,-2.137536,3.038140,-0.160500
15.676000,-14.665093,9.826746,-21.775953,-2.047804,3.377339,-0.207679
15.676000,-15.042005,10.154429,-22.035009,-1.972998,3.707808,-0.250483
15.678000,-15.397346,10.455700,-22.259505,-1.886657,4.015077,-0.289110
15.680000,-15.714783,10.718157,-22.450811,-1.803557,4.282439,-0.320703
15.682000,-15.929736,10.927692,-22.708789,-1.951967,4.478146,-0.370421
15.686000,-16.148044,11.090998,-22.810030,-1.880372,4.644804,-0.387949
15.686000,-16.335972,11.228053,-22.904724,-1.829267,4.783719,-0.402540
15.688000,-16.511795,11.347802,-22.966106,-1.751770,4.908154,-0.412776
15.690000,-16.663547,11.445365,-23.007253,-1.675720,5.011083,-0.420425
15.692000,-16.793648,11.523134,-23.028804,-1.599624,5.095230,-0.426027
15.694000,-16.900386,11.580270,-23.031619,-1.526745,5.159575,-0.430030
15.696000,-16.990355,11.623822,-23.023168,-1.458366,5.210969,-0.433359
15.698000,-17.055311,11.649105,-23.003988,-1.402961,5.243484,-0.435633
15.700000,-17.113775,11.667584,-22.975601,-1.344595,5.271031,-0.438379
15.702000,-17.159686,11.676432,-22.939946,-1.290893,5.289486,-0.441216
15.704000,-17.193653,11.675600,-22.895644,-1.239362,5.299138,-0.444093
15.708000,-17.086644,11.572019,-22.888865,-1.445254,5.185822,-0.470643
15.710000,-17.071150,11.535821,-22.854139,-1.475682,5.157184,-0.482795
15.710000,-17.064684,11.505597,-22.806599,-1.471545,5.135941,-0.490723
15.712000,-17.075803,11.489594,-22.754720,-1.433603,5.131863,-0.496057
15.714000,-17.088924,11.476120,-22.700563,-1.387222,5.131276,-0.500789
15.716000,-17.102350,11.464162,-22.645927,-1.337567,5.132898,-0.505552
15.720000,-16.975330,11.313314,-22.422737,-1.269190,4.969880,-0.464807
15.722000,-17.120787,11.437554,-22.537709,-1.245923,5.134047,-0.516590
15.724000,-17.125104,11.422316,-22.485074,-1.206553,5.132660,-0.523096
15.724000,-17.145152,11.423998,-22.455325,-1.175604,5.151431,-0.536620
15.726000,-17.144717,11.407561,-22.406795,-1.145807,5.148516,-0.544560
15.728000,-17.142062,11.390526,-22.360158,-1.120480,5.144720,-0.553168
15.732000,-16.877108,11.129675,-22.086991,-1.132663,4.861605,-0.502318
15.734000,-16.851798,11.106466,-22.192150,-1.379022,4.865682,-0.592995
15.734000,-16.808057,11.055288,-22.138225,-1.400629,4.825544,-0.607899
15.736000,-16.796179,11.034544,-22.116094,-1.423156,4.820547,-0.631431
15.738000,-16.800511,11.028557,-22.083246,-1.402058,4.829197,-0.644062
15.740000,-16.812259,11.030378,-22.055061,-1.375558,4.845719,-0.656294
15.744000,-16.533231,10.770851,-21.751287,-1.361609,4.549023,-0.592495
15.744000,-16.843130,11.043743,-22.001793,-1.311926,4.886878,-0.677591
15.746000,-16.857256,11.050807,-21.977341,-1.283633,4.907025,-0.688318
15.748000,-16.906059,11.090102,-21.989108,-1.259186,4.965272,-0.709166
15.752000,-16.559801,10.778141,-21.660988,-1.296187,4.603677,-0.639498
15.752000,-16.925997,11.101423,-21.948312,-1.222356,5.000027,-0.732439
15.754000,-16.928045,11.100924,-21.923290,-1.206215,5.010049,-0.743243
15.758000,-16.096591,10.336881,-21.372288,-1.619382,4.180530,-0.695001
15.760000,-16.456713,10.662165,-21.663000,-1.567123,4.575826,-0.795647
15.760000,-16.410790,10.620960,-21.622663,-1.596353,4.541533,-0.809230
15.762000,-16.485088,10.689776,-21.656524,-1.560079,4.627935,-0.829631
15.766000,-16.514908,10.718190,-21.645353,-1.518199,4.666630,-0.837539
15.766000,-16.558397,10.762823,-21.654860,-1.484484,4.718292,-0.844956
15.768000,-16.596264,10.801253,-21.654283,-1.444899,4.765298,-0.852717
15.772000,-16.263831,10.518000,-21.333112,-1.440792,4.411706,-0.757186
15.774000,-16.728851,10.932823,-21.700347,-1.349078,4.912838,-0.870351
15.774000,-16.683369,10.895741,-21.647164,-1.355099,4.883273,-0.879350
15.776000,-16.742967,10.954291,-21.679890,-1.336186,4.958091,-0.902100
15.778000,-16.664074,10.888969,-21.625376,-1.386314,4.895741,-0.914737
15.782000,-16.210680,10.500630,-21.245206,-1.464554,4.426334,-0.815429
15.784000,-14.995060,9.319134,-20.201241,-1.707805,3.249238,-0.772018
15.784000,-15.458809,9.731521,-20.563971,-1.614559,3.752877,-0.892696
15.786000,-15.339679,9.627853,-20.489459,-1.693363,3.659100,-0.913979
15.788000,-15.520041,9.805406,-20.624080,-1.644085,3.852256,-0.938598
15.790000,-15.795473,10.072400,-20.800265,-1.513809,4.128476,-0.948771
15.794000,-15.592961,9.917137,-20.603936,-1.494153,3.892154,-0.838498
15.796000,-16.160455,10.438923,-21.051538,-1.372262,4.502550,-0.968053
15.796000,-16.132018,10.430987,-21.054588,-1.425488,4.490712,-0.977950
15.798000,-16.285576,10.586867,-21.174235,-1.392175,4.657049,-1.001384
15.800000,-16.590117,10.882162,-21.370645,-1.250610,4.957656,-1.011453
15.804000,-16.762968,11.061553,-21.485410,-1.173182,5.133930,-1.020727
15.806000,-16.641979,10.970919,-21.449513,-1.303756,5.038563,-1.032849
15.806000,-13.069653,7.365923,-17.972680,-1.369456,1.476861,-0.764233
15.808000,-13.063543,7.382823,-17.994052,-1.414385,1.488041,-0.770309
15.810000,-13.475482,7.780726,-18.277248,-1.246013,1.889847,-0.782611
15.812000,-14.094829,8.390514,-18.807983,-1.141220,2.497382,-0.815899
15.814000,-14.410979,8.758252,-19.249513,-1.331745,2.844693,-0.862622
15.816000,-15.150769,9.501577,-19.927579,-1.267860,3.578310,-0.912461
15.818000,-16.485647,10.788428,-20.994060,-0.929043,4.864906,-0.979451
15.820000,-16.463746,10.837563,-21.156175,-1.191696,4.889971,-1.009347
15.824000,-17.069572,11.432072,-21.647193,-1.052127,5.478645,-1.042793
15.824000,-18.534221,12.885698,-22.920008,-0.825304,6.917647,-1.142855
15.826000,-19.278295,13.607047,-23.489284,-0.609740,7.634567,-1.182615
15.828000,-19.659048,13.994766,-23.805023,-0.536576,8.012278,-1.209913
15.830000,-19.461590,13.812432,-23.601414,-0.531847,7.822686,-1.195364
15.832000,-8.266015,2.034517,-11.902343,0.385671,-3.727350,-0.048145
15.836000,-2.680329,27.505933,1.094023,44.197641,21.262338,-22.110685
15.838000,-1.745297,28.854270,0.938657,44.208147,22.857096,-20.220245
15.838000,-1.472776,30.256006,0.851981,44.892909,24.449318,-19.068485
15.840000,-0.563762,27.585801,0.701762,41.134357,21.661921,-18.196558
15.842000,0.134662,24.370301,0.610018,37.254166,18.255955,-17.624382
15.846000,0.636729,20.387650,0.582632,33.050188,13.959610,-17.219120
15.846000,1.122082,16.783573,0.562990,29.368499,10.103596,-17.233238
15.848000,1.573484,13.711939,0.525598,26.078816,6.843245,-17.037588
15.850000,1.743853,10.829888,0.523846,23.298735,3.738320,-16.976250
15.854000,1.667690,8.139972,0.595620,21.122263,0.792290,-17.087911
15.854000,1.715426,6.320215,0.629051,19.455375,-1.156853,-17.041804
15.856000,-0.657369,0.542403,1.215692,17.493785,-7.593262,-17.585672
15.858000,-1.072143,-1.186855,1.327452,16.431315,-9.513064,-17.674893
15.862000,-1.553833,-2.673884,1.440682,15.617811,-11.179170,-17.768880
15.862000,-1.871720,-3.518828,1.499641,15.104580,-12.160009,-17.831970
15.864000,-1.871720,-3.518828,1.499641,15.104580,-12.160009,-17.831970
15.866000,-2.203501,-3.803764,1.511828,14.715648,-12.511366,-17.696952
15.870000,-2.346498,-3.808765,1.507569,14.620300,-12.545480,-17.675529
15.872000,-2.486193,-3.800959,1.498682,14.521532,-12.566155,-17.673953
15.874000,-2.551532,-3.758538,1.479019,14.399340,-12.545202,-17.698120
15.874000,-2.576508,-3.746709,1.453749,14.220925,-12.556091,-17.745022
15.876000,-2.547171,-3.664852,1.417095,14.051344,-12.485606,-17.799943
15.880000,-2.267177,-3.793200,1.319660,13.275811,-12.660011,-17.979494
15.882000,-2.384951,-3.593996,1.330817,13.559568,-12.440194,-17.952330
15.882000,-2.217684,-3.039158,1.253696,13.648965,-11.830706,-17.981805
15.884000,-2.089516,-2.901989,1.202978,13.476431,-11.686871,-18.060643
15.886000,-1.923021,-2.817108,1.144704,13.213539,-11.598941,-18.149235
15.888000,-1.754167,-2.734060,1.086284,12.956394,-11.510357,-18.241764
15.892000,-1.275095,-2.780883,0.965592,12.186324,-11.562573,-18.471435
15.892000,-1.376445,-2.648371,0.966164,12.356703,-11.416215,-18.432919
15.894000,-1.168000,-2.639536,0.904742,12.020474,-11.404046,-18.529199
15.896000,-1.000057,-2.570550,0.850293,11.792482,-11.323743,-18.611171
15.898000,-0.801325,-2.511677,0.789638,11.522250,-11.252318,-18.694724
15.902000,-0.608207,-2.438752,0.729896,11.276412,-11.163726,-18.772673
15.904000,-0.172423,-2.260020,0.624018,10.863744,-10.944024,-18.955461
15.906000,-0.232594,-2.274472,0.612570,10.829858,-10.961753,-18.915048
15.906000,-0.121186,-1.705698,0.551902,11.099768,-10.313110,-18.931783
15.908000,-0.015065,-1.537423,0.506143,11.053369,-10.114254,-18.979580
15.910000,0.127726,-1.391401,0.455185,10.954785,-9.938034,-19.031033
15.914000,0.582514,-1.377226,0.364736,10.485740,-9.893872,-19.223963
15.916000,0.514028,-1.391947,0.346688,10.429246,-9.912433,-19.168972
15.916000,0.579762,-1.212415,0.311058,10.459925,-9.693799,-19.199611
15.918000,0.672835,-1.147242,0.272779,10.366008,-9.606578,-19.239780
15.920000,0.785742,-1.078012,0.232644,10.264645,-9.513046,-19.282092
15.922000,0.900736,-1.027147,0.193116,10.150087,-9.439706,-19.323780
15.926000,1.010779,-0.984326,0.155289,10.038915,-9.375042,-19.363408
15.926000,1.114246,-0.932120,0.118791,9.946751,-9.299554,-19.399424
15.928000,1.206945,-0.885734,0.084764,9.865079,-9.230530,-19.433017
15.930000,1.289229,-0.838676,0.052937,9.798770,-9.160693,-19.463850
15.932000,1.212453,-0.108029,0.027781,10.478853,-8.322865,-19.428953
15.936000,1.250130,-0.008825,0.000106,10.504607,-8.193660,-19.446712
15.938000,1.279733,0.102903,-0.026072,10.552958,-8.050368,-19.461679
15.938000,1.334597,0.099123,-0.052383,10.481239,-8.036446,-19.488953
15.940000,1.388795,0.080266,-0.077205,10.401770,-8.039553,-19.516243
15.940000,1.376252,-0.093679,-0.118509,10.081119,-8.237183,-19.444250
15.942000,1.491409,0.020532,-0.124545,10.240470,-8.074533,-19.573799
15.948000,1.687011,-0.178112,-0.166207,9.860975,-8.272812,-19.603970
15.950000,1.671181,-0.125347,-0.173847,9.949443,-8.196993,-19.625659
15.950000,1.630386,-0.087448,-0.179937,10.042491,-8.143173,-19.648186
15.952000,1.625129,-0.086743,-0.190560,10.064915,-8.127441,-19.666176
15.954000,1.653988,-0.124215,-0.205854,10.019417,-8.154103,-19.687814
15.956000,1.232343,0.652295,-0.168161,11.142924,-7.273906,-19.627168
15.960000,1.241816,0.636951,-0.179917,11.135643,-7.271374,-19.634284
15.960000,1.131306,0.748842,-0.175483,11.375769,-7.137800,-19.649143
15.962000,1.153898,0.668069,-0.187031,11.307320,-7.213680,-19.675657
15.964000,1.177226,0.580152,-0.197969,11.234272,-7.298024,-19.702650
15.966000,1.221891,0.463385,-0.210951,11.115979,-7.414361,-19.732361
15.970000,1.266370,0.333126,-0.222838,10.988876,-7.546101,-19.762541
15.970000,1.306916,0.236007,-0.234462,10.896274,-7.640823,-19.789836
15.972000,1.342437,0.131832,-0.244414,10.805555,-7.743794,-19.817367
15.974000,1.371360,0.038057,-0.253006,10.733143,-7.835385,-19.844011
15.978000,1.313211,0.230049,-0.203390,11.202275,-7.604107,-19.945209
15.980000,1.411974,-0.130760,-0.266255,10.629873,-7.998348,-19.896943
15.980000,1.424444,-0.205694,-0.271082,10.598320,-8.069544,-19.923620
15.982000,0.299241,0.747057,-0.132338,12.605627,-7.009433,-19.807346
15.984000,0.224036,0.749091,-0.125817,12.733963,-6.996246,-19.825166
15.986000,0.152977,0.748526,-0.119560,12.857750,-6.985982,-19.844707
15.990000,0.284293,0.539111,-0.137803,12.594188,-7.206819,-19.893537
15.990000,0.446516,0.368398,-0.161545,12.331141,-7.383773,-19.941528
15.992000,0.638720,0.143884,-0.187116,11.993889,-7.620838,-19.995861
15.994000,0.828269,-0.069037,-0.211563,11.672475,-7.845076,-20.049649
15.996000,1.003669,-0.315502,-0.231258,11.342143,-8.107405,-20.106485
16.000000,1.172073,-0.506725,-0.250903,11.068601,-8.307881,-20.159653
16.000000,1.335431,-0.631421,-0.271388,10.858916,-8.434323,-20.207389
16.002000,1.475135,-0.784057,-0.285932,10.655805,-8.592574,-20.257820
16.004000,1.601004,-0.923198,-0.297899,10.482520,-8.735868,-20.308336
16.006000,-1.917186,0.605274,0.180551,15.532521,-7.080726,-20.048770
16.010000,-2.037070,0.996553,0.237368,16.367217,-6.624399,-20.191082
16.012000,-1.566742,0.340545,0.136507,15.105181,-7.349501,-20.161745
16.012000,-0.552604,-0.280049,0.009114,13.597771,-8.016483,-20.299777
16.014000,0.451802,-0.881059,-0.120945,12.087713,-8.662773,-20.424451
16.016000,2.176366,-2.262423,-0.310314,9.229584,-10.169037,-20.667162
16.020000,3.506594,-3.426830,-0.444438,6.977969,-11.439088,-20.876713
16.020000,4.460423,-3.816321,-0.555943,5.755510,-11.847286,-21.002358
16.022000,5.007878,-4.069252,-0.609962,5.091639,-12.108717,-21.101512
16.024000,4.807616,-3.628883,-0.588239,5.783748,-11.606091,-21.105691
16.026000,4.258064,-3.105425,-0.520488,6.920931,-11.015559,-21.091539
16.030000,3.511441,-2.216205,-0.446259,8.556815,-10.017904,-21.036012
16.032000,1.112241,-5.139213,-11.164764,-7.193956,-14.027547,3.699500
16.032000,1.646979,-5.533853,-10.793920,-7.393976,-14.346272,3.769762
16.034000,2.052744,-5.847693,-10.539874,-7.569177,-14.630622,3.835783
16.038000,0.666395,-4.417300,-11.640072,-7.327358,-12.926662,3.394104
16.040000,-1.141660,-2.607534,-13.099805,-6.967057,-10.860639,2.882554
16.040000,-3.015027,-0.699212,-14.632768,-6.630524,-8.687560,2.338274
16.042000,-5.005706,1.282729,-16.266269,-6.239688,-6.481025,1.804844
16.044000,-6.806434,3.078767,-17.737029,-5.895412,-4.486850,1.327831
16.048000,-8.410382,4.665160,-19.016405,-5.570406,-2.729364,0.919093
16.050000,-9.637726,5.833772,-19.947270,-5.281064,-1.453822,0.643456
16.050000,-10.924828,7.051646,-20.927531,-4.980241,-0.126392,0.358837
16.052000,-12.082054,8.119522,-21.796695,-4.699470,1.025388,0.123823
16.054000,-13.080032,9.021779,-22.507835,-4.432025,2.002710,-0.066744
16.056000,-12.773518,8.006121,-20.528521,-2.432888,1.230081,0.134296
16.060000,-13.390695,8.471443,-20.743969,-2.012790,1.762033,0.053916
16.062000,-13.897691,8.825115,-20.854993,-1.597295,2.174013,0.003091
16.062000,-14.419923,9.289215,-21.200557,-1.444123,2.667394,-0.074329
16.064000,-14.873009,9.696540,-21.515909,-1.337501,3.096206,-0.139516
16.066000,-15.270270,10.061046,-21.815639,-1.279271,3.475357,-0.197200
16.068000,-15.270270,10.061046,-21.815639,-1.279271,3.475357,-0.197200
16.070000,-15.900781,10.627981,-22.280997,-1.198275,4.063027,-0.281089
16.072000,-16.147493,10.843275,-22.456376,-1.171029,4.286142,-0.311288
16.074000,-16.406106,11.065377,-22.630150,-1.125531,4.518717,-0.340810
16.078000,-16.588877,11.213111,-22.737387,-1.089183,4.674702,-0.358683
16.078000,-16.706653,11.298948,-22.791215,-1.064719,4.767244,-0.368675
16.080000,-16.835344,11.391578,-22.840427,-1.019562,4.869263,-0.377685
16.082000,-16.785474,11.357288,-22.914575,-1.261474,4.827194,-0.411536
16.084000,-16.853098,11.396383,-22.934009,-1.258632,4.874721,-0.421495
16.088000,-16.902241,11.418137,-22.937360,-1.257619,4.905709,-0.430489
16.088000,-16.960853,11.444607,-22.925404,-1.216790,4.943468,-0.434406
16.090000,-17.004678,11.457842,-22.905180,-1.186868,4.969086,-0.440060
16.092000,-17.062072,11.481304,-22.878314,-1.125842,5.007533,-0.442966
16.096000,-17.100241,11.488897,-22.842214,-1.077458,5.030267,-0.446808
16.096000,-17.135422,11.495823,-22.807649,-1.033427,5.052605,-0.451522
16.098000,-17.160350,11.494510,-22.766734,-0.993052,5.067100,-0.456439
16.102000,-17.219429,11.522611,-22.728457,-0.903458,5.112449,-0.456622
16.102000,-17.177443,11.467397,-22.676854,-0.942469,5.071010,-0.469345
16.104000,-17.184027,11.453673,-22.631157,-0.916047,5.073275,-0.476054
16.108000,-16.969489,11.256474,-22.566041,-1.185795,4.874492,-0.509166
16.108000,-16.948490,11.221214,-22.519895,-1.196410,4.853162,-0.519935
16.110000,-16.907329,11.169598,-22.471132,-1.231448,4.814049,-0.533047
16.112000,-16.935862,11.178225,-22.435608,-1.181538,4.840125,-0.539540
16.114000,-16.949595,11.174377,-22.394346,-1.143662,4.853105,-0.547009
16.116000,-16.950665,11.163222,-22.361946,-1.133408,4.855431,-0.556298
16.118000,-16.991248,11.185880,-22.335317,-1.074239,4.896018,-0.562991
16.122000,-17.008571,11.188590,-22.301105,-1.037124,4.915304,-0.571369
16.122000,-17.002775,11.172079,-22.268843,-1.037233,4.914753,-0.586376
16.124000,-17.012102,11.169324,-22.239301,-1.017599,4.929046,-0.599697
16.126000,-17.019800,11.166201,-22.212107,-1.002694,4.942492,-0.613640
16.128000,-17.092626,11.222559,-22.216691,-0.934204,5.015956,-0.623697
16.132000,-17.104323,11.225217,-22.195982,-0.920402,5.034018,-0.637460
16.132000,-16.723725,10.864781,-21.964883,-1.176171,4.672889,-0.661339
16.134000,-16.623548,10.767573,-21.890626,-1.249536,4.587723,-0.679479
16.136000,-16.591208,10.733076,-21.855400,-1.275321,4.565607,-0.695184
16.138000,-16.618768,10.754545,-21.852327,-1.258339,4.601641,-0.709033
16.140000,-16.662549,10.790674,-21.853080,-1.221735,4.653006,-0.721107
16.144000,-16.763170,10.880036,-21.884442,-1.145088,4.759335,-0.731122
16.144000,-16.824916,10.936820,-21.909497,-1.114437,4.828149,-0.743084
16.146000,-16.885079,10.991325,-21.929164,-1.079339,4.896094,-0.755834
16.148000,-16.933907,11.036393,-21.945806,-1.056017,4.953328,-0.769231
16.150000,-16.976768,11.076567,-21.960262,-1.037862,5.005040,-0.782948
16.154000,-16.632066,10.782025,-21.674912,-1.118536,4.639449,-0.701080
16.156000,-17.040873,11.139665,-21.981419,-1.018524,5.087252,-0.809144
16.156000,-16.249521,10.376649,-21.343184,-1.264180,4.323241,-0.804277
16.158000,-16.257210,10.383352,-21.346966,-1.283225,4.347454,-0.829898
16.160000,-16.220763,10.353358,-21.316429,-1.311660,4.324267,-0.843646
16.162000,-16.225023,10.365867,-21.335590,-1.351911,4.342609,-0.861485
16.166000,-16.308030,10.449626,-21.386461,-1.321792,4.434327,-0.873461
16.166000,-16.419617,10.564207,-21.475079,-1.305003,4.555345,-0.888962
16.168000,-16.534093,10.679688,-21.554152,-1.269508,4.677902,-0.901960
16.170000,-16.644904,10.792344,-21.632058,-1.237534,4.796997,-0.915154
16.172000,-16.747238,10.897270,-21.703074,-1.207707,4.907869,-0.928046
16.174000,-16.829522,10.981329,-21.748630,-1.169578,4.998086,-0.938408
16.176000,-16.910266,11.067044,-21.805302,-1.149861,5.088450,-0.951083
16.180000,-16.991431,11.157158,-21.877526,-1.152045,5.181516,-0.966646
16.180000,-17.146737,11.316027,-22.004613,-1.124951,5.343576,-0.983848
16.182000,-15.392276,9.581066,-20.320712,-1.218326,3.617324,-0.879712
16.184000,-15.372912,9.575016,-20.305780,-1.236157,3.612812,-0.888458
16.186000,-15.324775,9.537954,-20.249675,-1.235087,3.578123,-0.892205
16.190000,-15.666205,9.882088,-20.561761,-1.206217,3.923928,-0.919985
16.192000,-15.614228,9.868496,-20.612349,-1.363945,3.903968,-0.942061
16.194000,-15.914451,10.175763,-20.890291,-1.345312,4.211390,-0.966958
16.194000,-16.190721,10.461248,-21.148123,-1.331948,4.495741,-0.990705
16.196000,-16.503171,10.778169,-21.421280,-1.289137,4.812634,-1.013517
16.198000,-16.764662,11.037333,-21.618413,-1.210173,5.073202,-1.027790
16.202000,-17.477027,11.714697,-22.137199,-0.956486,5.757582,-1.054671
16.202000,-17.722161,11.984734,-22.403951,-0.999653,6.020480,-1.084063
16.204000,-17.928455,12.207754,-22.597911,-0.995196,6.238400,-1.104451
16.206000,-10.608417,4.573824,-14.586860,0.091100,-1.291430,-0.371312
16.208000,-11.233364,5.272472,-15.378312,-0.163675,-0.615550,-0.453042
16.210000,-11.886342,5.988227,-16.148705,-0.348470,0.080559,-0.528706
16.212000,-12.121581,6.335782,-16.678261,-0.733686,0.306307,-0.476559
16.214000,-17.889086,12.108878,-22.248867,-0.615349,6.130980,-1.048827
16.218000,-19.755077,14.123024,-24.382311,-1.009683,8.007259,-1.151382
16.218000,-21.275576,15.617863,-25.798435,-0.922330,9.583412,-1.377472
16.220000,-4.235769,27.256303,1.333488,45.861167,20.532866,-23.599217
16.222000,-3.320528,28.848131,1.163671,46.014539,22.401184,-21.317284
16.224000,-2.363938,30.455425,0.990920,46.179875,24.274233,-19.303274
16.228000,-0.140672,23.802974,0.662675,37.101400,17.273868,-18.006485
16.228000,-0.238586,24.803979,0.661867,38.078576,18.354012,-17.567567
16.230000,0.536952,21.150161,0.581528,33.819204,14.462124,-17.186067
16.232000,-0.658354,13.886274,0.996428,29.228933,6.495885,-17.565960
16.234000,-0.416927,10.204621,1.006406,25.671562,2.526426,-17.505800
16.236000,-0.346372,6.915666,1.027289,22.628672,-1.034034,-17.490353
16.238000,-0.220241,4.538883,1.050863,20.370357,-3.608923,-17.471061
16.240000,-0.202167,2.643408,1.082812,18.635238,-5.672556,-17.461235
16.242000,-0.262094,1.194831,1.118843,17.356271,-7.260473,-17.454960
16.244000,-0.382078,0.070621,1.154474,16.398591,-8.503406,-17.456427
16.246000,-0.553349,-0.794306,1.189198,15.698179,-9.470259,-17.466548
16.248000,-0.828052,-1.690834,1.241523,15.118280,-10.503916,-17.579116
16.250000,-1.020918,-2.199264,1.265426,14.714718,-11.087663,-17.609797
16.252000,-1.140138,-2.359895,1.263435,14.471664,-11.266042,-17.564280
16.254000,-1.302123,-2.621534,1.271901,14.229914,-11.579591,-17.611049
16.258000,-1.340376,-2.556137,1.247197,14.143471,-11.544752,-17.687804
16.260000,-1.380858,-2.412507,1.220078,14.074091,-11.385934,-17.670935
16.260000,-1.439902,-2.515290,1.205496,13.867205,-11.520359,-17.755081
16.262000,-1.462103,-2.552829,1.182753,13.680306,-11.578834,-17.842097
16.264000,-1.464096,-2.843282,1.166041,13.303579,-11.934698,-18.020112
16.268000,-1.423036,-2.905346,1.134121,13.045249,-12.016005,-18.126836
16.270000,-1.350490,-2.946021,1.096507,12.777792,-12.070835,-18.235048
16.270000,-1.273373,-2.742983,1.050035,12.689072,-11.836480,-18.271685
16.272000,-1.168797,-2.713485,1.005184,12.457967,-11.808295,-18.371987
16.274000,-1.049492,-2.663632,0.957387,12.234532,-11.755045,-18.469141
16.276000,-0.917791,-2.629452,0.907901,11.991671,-11.717670,-18.569638
16.280000,-0.773400,-2.584189,0.856471,11.741081,-11.651980,-18.771020
16.282000,-0.583028,-2.702841,0.801935,11.344969,-11.804994,-18.809804
16.282000,-0.583028,-2.702841,0.801935,11.344969,-11.804994,-18.809804
16.284000,-0.223910,-1.969327,0.668642,11.342135,-10.959148,-18.880667
16.286000,-0.071065,-1.818807,0.613974,11.206936,-10.781662,-18.949629
16.288000,0.089001,-1.659188,0.554868,11.063907,-10.592012,-19.013705
16.290000,0.236528,-1.587281,0.504764,10.884935,-10.500276,-19.089437
16.292000,0.395790,-1.557514,0.454564,10.664821,-10.454353,-19.166477
16.296000,0.659703,-1.485016,0.395299,10.430275,-10.347527,-19.351635
16.298000,0.658578,-1.452383,0.367838,10.355260,-10.310253,-19.301787
16.298000,0.782813,-1.390624,0.324656,10.218068,-10.226372,-19.360437
16.300000,0.880195,-1.321196,0.285176,10.115604,-10.134263,-19.406769
16.302000,0.986260,-1.251322,0.245325,10.012316,-10.040138,-19.454236
16.306000,1.134573,-1.074445,0.212677,10.030266,-9.830243,-19.539818
16.308000,1.196003,-0.650317,0.157596,10.221379,-9.331654,-19.490734
16.308000,1.274143,-0.535860,0.122917,10.199992,-9.186237,-19.522437
16.310000,1.333962,-0.435386,0.090131,10.181970,-9.056215,-19.547937
16.312000,1.397392,-0.391817,0.060759,10.123965,-8.989980,-19.582677
16.316000,1.452884,-0.268561,0.054628,10.242157,-8.837455,-19.663257
16.318000,1.505844,-0.338205,0.007994,10.011531,-8.894957,-19.647182
16.318000,1.549945,-0.320123,-0.018238,9.957451,-8.857226,-19.672861
16.320000,1.582840,-0.312174,-0.044745,9.897990,-8.831891,-19.691257
16.322000,1.612148,-0.294679,-0.067427,9.865322,-8.796122,-19.711388
16.324000,1.635928,-0.283251,-0.088311,9.837986,-8.766210,-19.730219
16.328000,1.586352,-0.104553,-0.063536,10.178406,-8.552565,-19.798712
16.330000,1.667308,-0.261470,-0.119379,9.828551,-8.710819,-19.766416
16.330000,1.675047,-0.252924,-0.134737,9.829409,-8.685209,-19.781167
16.332000,1.740251,0.284261,-0.177751,10.205029,-8.062705,-19.738210
16.334000,1.713670,0.359203,-0.188478,10.302855,-7.963334,-19.742711
16.338000,1.721054,0.384269,-0.203097,10.324925,-7.919349,-19.753500
16.338000,1.703501,0.350527,-0.210812,10.327771,-7.942379,-19.771867
16.340000,1.686455,0.300024,-0.217555,10.318356,-7.984446,-19.791530
16.342000,1.663740,0.239798,-0.222483,10.309228,-8.037805,-19.811494
16.344000,1.638036,0.178009,-0.226359,10.304223,-8.093209,-19.830781
16.348000,1.612914,0.101167,-0.229359,10.287322,-8.165763,-19.851217
16.350000,1.573763,0.058969,-0.230546,10.316867,-8.199896,-19.867207
16.350000,1.528224,0.018333,-0.230295,10.356647,-8.232655,-19.882634
16.352000,1.496393,-0.046915,-0.231203,10.363243,-8.292984,-19.901244
16.354000,1.478614,-0.137184,-0.232525,10.330334,-8.375012,-19.908376
16.358000,1.502125,0.317123,-0.258510,10.725982,-7.855743,-19.892831
16.358000,1.458942,0.331541,-0.257970,10.819300,-7.828311,-19.905069
16.360000,1.407664,0.314291,-0.255952,10.894923,-7.836268,-19.920296
16.362000,1.366231,0.197227,-0.250852,10.871323,-7.948986,-19.930999
16.364000,1.324838,0.102773,-0.247123,10.873897,-8.043501,-19.956380
16.366000,1.259464,0.043264,-0.240486,10.940219,-8.108280,-19.996511
16.368000,1.237023,-0.064944,-0.238588,10.915781,-8.218812,-20.026326
16.372000,1.185244,-0.187094,-0.229401,10.907983,-8.337760,-20.037769
16.372000,1.108207,-0.228655,-0.220241,11.008788,-8.383486,-20.078128
16.374000,1.055845,-0.317987,-0.212364,11.040053,-8.473705,-20.106541
16.376000,1.068514,-0.430547,-0.213664,10.986000,-8.588918,-20.142324
16.378000,1.038363,-0.564153,-0.206532,10.962959,-8.728670,-20.179189
16.382000,0.919033,-0.607902,-0.188030,11.111563,-8.769810,-20.203342
16.382000,1.240436,-1.357738,-0.210005,10.218094,-9.594365,-20.329140
16.384000,1.212923,-1.438145,-0.202735,10.247415,-9.674505,-20.365657
16.386000,1.037046,-1.424331,-0.175468,10.514022,-9.652672,-20.386174
16.388000,1.119441,-1.479733,-0.185096,10.457150,-9.701641,-20.427732
16.390000,0.975309,-1.383213,-0.163295,10.761974,-9.575455,-20.420211
16.394000,0.899656,-1.420889,-0.148165,10.893921,-9.608446,-20.456948
16.396000,0.823311,-1.263080,-0.143716,11.191569,-9.432189,-20.496365
16.396000,0.721918,-1.194828,-0.129521,11.439555,-9.347529,-20.524418
16.398000,0.620302,-1.116569,-0.115676,11.698016,-9.251685,-20.552831
16.400000,0.481867,-1.205232,-0.085409,11.860187,-9.332982,-20.576666
16.402000,0.431173,-1.728910,-0.048770,11.595011,-9.911708,-20.686950
16.404000,0.428180,-1.842928,-0.041275,11.610180,-10.040336,-20.774894
16.406000,0.874543,-7.753592,0.202162,6.632777,-16.656858,-21.626751
16.408000,0.714346,-6.178979,0.156069,8.143863,-14.869597,-21.442894
16.412000,0.901098,-3.312608,0.046136,10.665038,-11.634578,-21.299069
16.414000,0.064891,-2.004281,0.044267,12.349047,-10.182441,-20.984800
16.414000,0.327799,-4.252074,-11.586743,-6.255880,-13.832720,3.935928
16.416000,0.729126,-4.574449,-11.188856,-6.160277,-14.026938,4.017351
16.418000,1.041295,-4.829064,-10.955830,-6.151260,-14.222214,4.095569
16.422000,-2.481971,-1.398838,-13.692092,-5.524268,-10.010252,2.994161
16.424000,-2.175295,-1.638578,-13.542942,-5.715150,-10.320002,3.073781
16.424000,-4.108072,0.282403,-15.155491,-5.482674,-8.036758,2.481069
16.426000,-5.700561,1.856027,-16.460734,-5.272852,-6.189639,2.017048
16.428000,-7.471910,3.590073,-17.912108,-5.017430,-4.167691,1.515348
16.430000,-9.084539,5.146280,-19.201600,-4.752371,-2.365911,1.083173
16.434000,-8.860079,4.514824,-17.966346,-3.675826,-2.703301,0.982989
16.434000,-9.984249,5.527214,-18.705702,-3.322718,-1.508280,0.700791
16.436000,-10.926316,6.347051,-19.269359,-2.974063,-0.537803,0.479925
16.438000,-11.896993,7.244707,-19.979453,-2.752423,0.472854,0.273046
16.440000,-12.745258,8.022189,-20.592622,-2.557449,1.339086,0.106893
16.444000,-13.529015,8.718309,-21.105042,-2.397080,2.092461,-0.028396
16.446000,-14.099109,9.246979,-21.548934,-2.250418,2.685575,-0.127544
16.446000,-14.686298,9.759965,-21.944476,-2.091915,3.242099,-0.210495
16.448000,-15.160298,10.165055,-22.240872,-1.949170,3.681427,-0.269660
16.450000,-15.566586,10.503480,-22.477785,-1.817652,4.046846,-0.314072
16.452000,-15.908202,10.779856,-22.659952,-1.695958,4.344922,-0.346006
16.456000,-16.198180,11.007259,-22.799803,-1.581714,4.590596,-0.368956
16.458000,-16.444070,11.215560,-22.981615,-1.582233,4.808684,-0.399833
16.458000,-16.638572,11.356348,-23.048335,-1.493058,4.961051,-0.410295
16.460000,-16.820021,11.486800,-23.118408,-1.418904,5.105838,-0.422307
16.462000,-16.961522,11.577589,-23.140422,-1.332150,5.209170,-0.426994
16.464000,-17.081075,11.649793,-23.147557,-1.251338,5.293862,-0.430429
16.466000,-17.178927,11.703557,-23.139260,-1.175791,5.359865,-0.432524
16.468000,-17.256135,11.739969,-23.117026,-1.106097,5.408622,-0.433988
16.470000,-17.316413,11.762744,-23.084954,-1.042967,5.443807,-0.435348
16.472000,-17.360565,11.772257,-23.042538,-0.984724,5.465932,-0.436603
16.476000,-17.393634,11.773824,-22.996641,-0.934122,5.480089,-0.438567
16.478000,-17.429706,11.779724,-22.952150,-0.876959,5.496782,-0.439587
16.478000,-17.431178,11.756558,-22.896459,-0.852950,5.487919,-0.444721
16.480000,-17.431178,11.756558,-22.896459,-0.852950,5.487919,-0.444721
16.482000,-17.436030,11.737110,-22.838978,-0.817589,5.481146,-0.448308
16.484000,-17.409809,11.682034,-22.781618,-0.876874,5.444546,-0.472432
16.486000,-17.419288,11.670139,-22.738012,-0.849333,5.443824,-0.479215
16.488000,-17.381595,11.617306,-22.673933,-0.862789,5.404962,-0.490171
16.490000,-17.377757,11.595511,-22.619784,-0.833840,5.395644,-0.496147
16.492000,-17.362067,11.564531,-22.564354,-0.818492,5.376369,-0.503493
16.494000,-17.348772,11.536748,-22.511320,-0.800906,5.359994,-0.510816
16.496000,-17.331002,11.505631,-22.456261,-0.785105,5.340084,-0.518390
16.498000,-17.307560,11.473126,-22.413698,-0.792027,5.315939,-0.527675
16.500000,-17.289028,11.443913,-22.367428,-0.786693,5.297036,-0.537329
16.502000,-17.268716,11.413458,-22.319553,-0.779593,5.276932,-0.547106
16.504000,-17.272372,11.407717,-22.292476,-0.763927,5.280470,-0.556057
16.508000,-17.127297,11.257478,-22.145031,-0.790819,5.139176,-0.564820
16.510000,-17.097983,11.220480,-22.100406,-0.799029,5.112755,-0.579503
16.510000,-17.068439,11.184275,-22.059290,-0.811760,5.087571,-0.594907
16.512000,-17.053921,11.163103,-22.029898,-0.818087,5.077297,-0.610243
16.514000,-17.026411,11.132320,-22.006945,-0.852477,5.055127,-0.628332
16.516000,-17.015652,11.116810,-21.985614,-0.862725,5.048845,-0.643723
16.518000,-17.032280,11.128182,-21.984010,-0.860240,5.069334,-0.658609
16.522000,-17.034445,11.127863,-21.977306,-0.868782,5.075236,-0.672021
16.522000,-17.037114,11.129659,-21.978216,-0.887102,5.082062,-0.686563
16.524000,-17.033335,11.125043,-21.972931,-0.906661,5.083345,-0.702416
16.526000,-17.027906,11.119693,-21.968521,-0.929276,5.083390,-0.718604
16.528000,-17.023485,11.116351,-21.964246,-0.948175,5.084022,-0.732737
16.532000,-17.067768,11.159168,-22.004140,-0.958924,5.130427,-0.750226
16.532000,-16.701351,10.786349,-21.555157,-0.851364,4.771298,-0.725129
16.534000,-16.669851,10.757049,-21.523084,-0.868157,4.746313,-0.738580
16.536000,-16.690798,10.779040,-21.544271,-0.883625,4.770687,-0.754936
16.538000,-16.638053,10.734221,-21.510916,-0.930426,4.729109,-0.770618
16.542000,-16.707544,10.806158,-21.593127,-0.964283,4.801203,-0.791899
16.542000,-16.661014,10.769932,-21.576422,-1.026457,4.765968,-0.809167
16.544000,-16.619301,10.739696,-21.578434,-1.106245,4.733850,-0.828950
16.548000,-16.688548,10.816545,-21.674710,-1.159166,4.808233,-0.851930
16.548000,-16.631983,10.772138,-21.642135,-1.209423,4.763877,-0.865874
16.550000,-16.647768,10.798373,-21.678711,-1.252609,4.788805,-0.883414
16.552000,-16.733624,10.891024,-21.759923,-1.258009,4.881613,-0.900144
16.554000,-16.752977,10.922184,-21.796834,-1.294879,4.911236,-0.916712
16.558000,-16.077188,10.197704,-20.833479,-0.870092,4.213170,-0.825363
16.558000,-15.884918,10.023009,-20.677351,-0.933608,4.036832,-0.830371
16.560000,-15.952682,10.094887,-20.721607,-0.909271,4.109552,-0.840922
16.562000,-15.890232,10.058203,-20.746250,-1.045052,4.064706,-0.862769
16.566000,-15.960426,10.146070,-20.861900,-1.119726,4.146318,-0.884710
16.566000,-16.049264,10.262095,-21.032825,-1.247038,4.252189,-0.914417
16.568000,-16.142081,10.379650,-21.189076,-1.345751,4.360646,-0.940144
16.572000,-16.214173,10.475725,-21.310438,-1.423460,4.447866,-0.961335
16.572000,-16.497467,10.782158,-21.627746,-1.480483,4.744827,-0.994829
16.574000,-16.575722,10.890579,-21.763298,-1.567918,4.843230,-1.017627
16.576000,-16.645452,10.992822,-21.891616,-1.656009,4.935371,-1.039775
16.580000,-16.649802,11.026555,-21.935126,-1.714579,4.960884,-1.053274
16.582000,-16.692382,11.115663,-22.069858,-1.847973,5.037690,-1.079467
16.582000,-13.053440,6.977821,-16.748745,0.576174,1.053014,-0.485924
16.584000,-13.498974,7.428160,-17.178027,0.583942,1.496110,-0.521439
16.586000,-13.175480,7.152950,-17.004252,0.366631,1.208808,-0.526561
16.590000,-13.775385,7.844017,-17.916875,-0.090031,1.863806,-0.626843
16.590000,-15.024553,9.220326,-19.538514,-0.631701,3.189379,-0.790849
16.592000,-15.083090,9.449700,-20.129712,-1.377321,3.367134,-0.884235
16.594000,-15.825387,10.352192,-21.301979,-1.979671,4.216135,-1.015341
16.598000,-17.038111,11.791390,-23.067694,-2.749789,5.584305,-1.209071
16.598000,-18.018558,12.999144,-24.570356,-3.467556,6.725412,-1.378092
16.600000,-18.501151,13.631850,-25.345010,-3.859717,7.314214,-1.464837
16.602000,-18.577598,13.812783,-25.574211,-4.054115,7.468084,-1.494165
16.604000,-2.197977,25.973442,1.128113,42.902848,19.227172,-23.588493
16.608000,-2.635439,23.547276,1.363583,41.603491,16.637968,-21.823022
16.608000,-1.537426,24.879883,1.181877,41.413135,18.256291,-19.781105
16.610000,-0.720949,22.081178,1.046959,37.610063,15.342172,-18.723793
16.612000,0.058709,19.348948,0.909269,33.909658,12.484006,-17.884564
16.614000,0.556349,16.124985,0.834505,30.179438,9.061365,-17.346390
16.618000,0.897090,9.597090,0.812003,23.614950,2.017062,-16.870300
16.620000,0.834496,10.013330,0.832830,24.124815,2.471246,-16.865042
16.620000,1.008767,7.744701,0.823109,21.754325,0.062650,-16.630237
16.622000,0.870235,6.116464,0.860111,20.360045,-1.705494,-16.509991
16.624000,0.683756,4.324705,0.907691,18.884011,-3.663280,-16.484698
16.626000,0.467060,2.864204,0.953315,17.724368,-5.272027,-16.492324
16.630000,0.207393,1.566121,1.003106,16.752254,-6.713171,-16.539308
16.632000,-0.060106,0.494288,1.049042,15.976351,-7.913706,-16.605165
16.632000,-0.097323,-0.001088,1.038904,15.407769,-8.475356,-16.636441
16.634000,-0.317319,-0.679277,1.067214,14.905083,-9.250705,-16.725708
16.638000,-0.508411,-1.213542,1.087028,14.490246,-9.869385,-16.824258
16.638000,-0.695392,-1.681670,1.104992,14.131446,-10.416989,-16.940482
16.640000,-0.850097,-2.056273,1.115081,13.817022,-10.861252,-17.062492
16.642000,-0.979800,-2.383138,1.120021,13.519227,-11.252351,-17.193627
16.644000,-1.057221,-2.611493,1.113291,13.248528,-11.532123,-17.323737
16.648000,-1.100702,-2.783369,1.099278,12.991930,-11.747263,-17.455435
16.650000,-1.099489,-2.894361,1.076019,12.741585,-11.892038,-17.585903
16.652000,-1.070028,-2.965147,1.046844,12.499212,-11.989583,-17.715718
16.652000,-1.011927,-2.999234,1.011809,12.261868,-12.043520,-17.843684
16.654000,-0.930553,-3.003733,0.972046,12.029921,-12.061744,-17.969270
16.656000,-0.596127,-2.666110,0.879784,11.810768,-11.687606,-18.059058
16.660000,-0.458774,-2.600556,0.828845,11.589954,-11.621410,-18.176105
16.662000,-0.337064,-2.549679,0.784803,11.397908,-11.569483,-18.293176
16.662000,-0.209926,-2.489988,0.736314,11.198320,-11.505899,-18.406943
16.664000,-0.080695,-2.422100,0.687606,11.010081,-11.431007,-18.516052
16.668000,0.050747,-2.344058,0.638152,10.832556,-11.342707,-18.619080
16.668000,0.184859,-2.257469,0.588401,10.666457,-11.242852,-18.716368
16.670000,0.318578,-2.162996,0.538968,10.513729,-11.132382,-18.807838
16.674000,0.448960,-2.068944,0.490694,10.370825,-11.020801,-18.894431
16.674000,0.578296,-1.957058,0.442682,10.250245,-10.887625,-18.974041
16.676000,0.701091,-1.848059,0.396491,10.140576,-10.756400,-19.049027
16.680000,0.817012,-1.743454,0.352215,10.040662,-10.628940,-19.119573
16.680000,0.916988,-1.635317,0.314300,9.978282,-10.497076,-19.185127
16.682000,1.271250,-1.179233,0.221681,9.929213,-9.965040,-19.215597
16.686000,1.387413,-1.046216,0.178563,9.870181,-9.802021,-19.269669
16.688000,1.495423,-0.898639,0.136636,9.835533,-9.621843,-19.317115
16.688000,1.558075,-0.807295,0.104587,9.807657,-9.505411,-19.367361
16.690000,1.607051,-0.723628,0.075698,9.792455,-9.397283,-19.413803
16.692000,1.642395,-0.650868,0.050104,9.787226,-9.301188,-19.457210
16.696000,1.670805,-0.591649,0.026701,9.782252,-9.219994,-19.497945
16.698000,1.688926,-0.518924,0.005321,9.803566,-9.123405,-19.533018
16.698000,1.701754,-0.461456,-0.014228,9.821160,-9.043635,-19.566081
16.700000,1.701754,-0.461456,-0.014228,9.821160,-9.043635,-19.566081
16.702000,1.685635,-0.304826,-0.051001,9.933481,-8.837775,-19.611217
16.704000,1.707385,-0.326569,-0.071550,9.875473,-8.845729,-19.640006
16.706000,2.035740,0.004812,-0.149164,9.801621,-8.448548,-19.644901
16.710000,2.054808,0.055745,-0.169039,9.817919,-8.374978,-19.663620
16.712000,2.064026,0.112664,-0.186540,9.853887,-8.294949,-19.679753
16.712000,2.016303,0.127656,-0.192880,9.917647,-8.263803,-19.698146
16.714000,1.956239,0.135462,-0.196235,9.991776,-8.241171,-19.715433
16.718000,1.889196,0.121518,-0.197208,10.058117,-8.243345,-19.733735
16.718000,1.820327,0.128999,-0.195912,10.151913,-8.222305,-19.749504
16.720000,1.743799,0.119868,-0.194248,10.237990,-8.219550,-19.764421
16.724000,1.665975,0.109784,-0.191822,10.327258,-8.218056,-19.778472
16.726000,1.586857,0.095480,-0.188841,10.415941,-8.221494,-19.791996
16.726000,1.523433,0.082826,-0.188099,10.491630,-8.222825,-19.805564
16.728000,1.420612,0.050426,-0.179233,10.589224,-8.241932,-19.805175
16.732000,1.356687,0.022123,-0.177705,10.662569,-8.267128,-19.834187
16.732000,1.049250,0.306995,-0.086847,11.468971,-7.941241,-19.897658
16.734000,1.889987,0.279006,-0.290850,10.355691,-7.928221,-19.842669
16.736000,1.913712,0.254854,-0.308617,10.319823,-7.948509,-19.867309
16.738000,1.922060,0.186455,-0.322597,10.257108,-8.012029,-19.879433
16.742000,1.786766,0.136355,-0.305781,10.391761,-8.059635,-19.896329
16.742000,1.619534,0.117356,-0.281442,10.595979,-8.073591,-19.910821
16.744000,1.441680,0.068107,-0.255321,10.787112,-8.121525,-19.928279
16.746000,1.225724,0.041247,-0.222210,11.032302,-8.137253,-19.921631
16.748000,1.089275,-0.030796,-0.201219,11.163869,-8.210477,-19.943350
16.750000,0.993559,-0.076061,-0.189185,11.281837,-8.261706,-19.985355
16.752000,0.849843,-0.132120,-0.168402,11.436314,-8.317670,-20.006787
16.756000,0.668304,-0.185010,-0.140113,11.627858,-8.362186,-20.004590
16.756000,1.926649,-0.692731,-0.332024,9.942071,-8.895364,-20.173338
16.758000,1.870384,-0.772412,-0.322820,9.991225,-8.975488,-20.203996
16.762000,1.830108,-0.893472,-0.314457,9.992382,-9.102480,-20.242716
16.762000,1.521421,-0.831879,-0.268435,10.431079,-9.030874,-20.246528
16.764000,1.197144,-0.806079,-0.218626,10.860454,-9.000166,-20.255787
16.768000,0.861331,-0.824664,-0.165231,11.270204,-9.019852,-20.272082
16.770000,0.490405,-0.713956,-0.111743,11.820122,-8.895118,-20.269839
16.770000,0.157079,-0.675868,-0.061743,12.273991,-8.851360,-20.280331
16.774000,-0.129823,-0.725476,-0.015700,12.611539,-8.905298,-20.306377
16.774000,-0.451034,-0.592344,0.027618,13.128017,-8.754774,-20.305343
16.776000,-0.719036,-0.567900,0.066925,13.504326,-8.725510,-20.323255
16.778000,-1.066358,-0.462379,0.116789,14.020961,-8.595902,-20.298352
16.782000,-1.263267,-0.602917,0.152257,14.197331,-8.751032,-20.345826
16.784000,5.502326,-6.321429,-0.621017,2.736695,-14.988298,-21.593617
16.784000,4.952694,-5.932441,-0.546127,3.709388,-14.558630,-21.556548
16.786000,2.795653,-5.057546,-0.251645,6.759124,-13.631759,-21.371431
16.788000,0.068283,-3.596944,0.102019,10.914333,-12.055534,-21.075491
16.792000,-2.225315,-1.962454,0.373453,14.733083,-10.269213,-20.772532
16.792000,-3.948149,-0.247459,0.546352,17.986598,-8.375512,-20.477042
16.794000,-4.804976,0.840807,0.614201,19.823562,-7.163392,-20.314988
16.796000,-4.967870,1.347495,0.604261,20.462907,-6.587767,-20.273469
16.800000,-4.873525,2.001174,0.547798,20.900910,-5.828794,-20.179822
16.800000,-0.208563,-3.938561,-11.039768,-4.570864,-13.659094,4.168414
16.802000,0.111583,-4.222791,-10.717859,-4.492413,-13.886039,4.265086
16.804000,0.395248,-4.473545,-10.502137,-4.502619,-14.137726,4.358734
16.806000,0.751969,-4.921073,-9.875527,-4.463577,-14.219998,4.050080
16.810000,-0.704014,-3.459552,-11.131773,-4.473795,-12.379589,3.506520
16.810000,-2.418857,-1.743282,-12.616977,-4.416567,-10.302755,2.953758
16.812000,-4.282370,0.121743,-14.245163,-4.347989,-8.057995,2.361653
16.814000,-5.992037,1.844293,-15.749490,-4.307514,-5.993462,1.824265
16.818000,-7.665787,3.480482,-17.146467,-4.155403,-4.050172,1.342158
16.818000,-9.008254,4.725429,-18.132271,-3.870519,-2.590893,1.018785
16.820000,-10.335242,5.968241,-19.138127,-3.640252,-1.128963,0.688140
16.824000,-11.473432,7.011142,-19.958671,-3.406354,0.093079,0.424915
16.826000,-12.293842,7.735632,-20.491954,-3.193589,0.936206,0.260512
16.826000,-13.152000,8.488207,-21.045948,-2.960655,1.811635,0.092815
16.828000,-13.878391,9.110253,-21.485569,-2.742228,2.533557,-0.036304
16.832000,-14.520519,9.648391,-21.850236,-2.528385,3.157921,-0.140916
16.832000,-15.104416,10.149272,-22.222748,-2.395322,3.727607,-0.232944
16.834000,-15.581426,10.530193,-22.452657,-2.205227,4.168395,-0.293431
16.836000,-15.987800,10.845784,-22.626232,-2.025686,4.534345,-0.337600
16.838000,-16.329667,11.099734,-22.741367,-1.846278,4.831471,-0.367158
16.842000,-16.933664,11.569621,-23.018163,-1.563903,5.388112,-0.421352
16.844000,-16.857481,11.471482,-22.858158,-1.519187,5.273831,-0.399539
16.844000,-17.057088,11.603454,-22.874413,-1.373533,5.435650,-0.407165
16.846000,-17.178738,11.668808,-22.840068,-1.255586,5.523104,-0.406035
16.848000,-17.310568,11.745978,-22.818323,-1.136784,5.625356,-0.408161
16.850000,-17.413374,11.799858,-22.781609,-1.031185,5.702663,-0.408906
16.854000,-17.498759,11.842003,-22.745128,-0.944068,5.763681,-0.410325
16.854000,-17.570955,11.873603,-22.695327,-0.852519,5.820758,-0.411294
16.856000,-17.641717,11.909385,-22.663437,-0.782994,5.877024,-0.414396
16.858000,-17.680839,11.916586,-22.607062,-0.718416,5.903998,-0.416071
16.860000,-17.705886,11.913274,-22.547076,-0.664207,5.919218,-0.418246
16.864000,-17.714895,11.896759,-22.479117,-0.617306,5.920287,-0.420495
16.864000,-17.718114,11.877278,-22.414307,-0.579502,5.917411,-0.423829
16.866000,-17.710621,11.849416,-22.345967,-0.548389,5.905273,-0.427660
16.868000,-17.696458,11.817029,-22.277987,-0.524111,5.887742,-0.432309
16.870000,-17.677012,11.780707,-22.209039,-0.502137,5.865853,-0.437666
16.872000,-17.650470,11.738881,-22.138058,-0.484507,5.837717,-0.443506
16.876000,-17.617270,11.692666,-22.070451,-0.478997,5.804030,-0.450917
16.876000,-17.597752,11.661589,-22.017260,-0.469215,5.783791,-0.457598
16.878000,-17.564871,11.617839,-21.956525,-0.468466,5.751144,-0.466129
16.880000,-17.530976,11.574151,-21.898721,-0.471433,5.717752,-0.475322
16.882000,-17.412711,11.446524,-21.750912,-0.460775,5.600266,-0.478110
16.886000,-17.365646,11.392784,-21.687648,-0.472484,5.554652,-0.488312
16.886000,-17.320767,11.342301,-21.631319,-0.489749,5.511437,-0.499578
16.888000,-17.283357,11.300209,-21.586474,-0.511472,5.475867,-0.512073
16.890000,-17.247848,11.260731,-21.546418,-0.536027,5.442210,-0.525165
16.892000,-17.214199,11.223763,-21.510641,-0.562798,5.410401,-0.538748
16.894000,-17.179141,11.184969,-21.474018,-0.589853,5.378863,-0.554924
16.898000,-17.148251,11.151050,-21.444685,-0.620563,5.351561,-0.571892
16.900000,-17.148251,11.151050,-21.444685,-0.620563,5.351561,-0.571892
16.900000,-17.089246,11.087920,-21.393916,-0.686104,5.299784,-0.606359
16.902000,-17.085399,11.082571,-21.405305,-0.732790,5.296670,-0.626554
16.904000,-17.070835,11.066256,-21.393364,-0.762844,5.286006,-0.645394
16.908000,-16.810089,10.803892,-21.092314,-0.714298,5.031641,-0.637383
16.910000,-16.796559,10.790062,-21.070966,-0.721724,5.020255,-0.648772
16.910000,-16.752480,10.747637,-21.031615,-0.748012,4.979902,-0.662526
16.912000,-16.710686,10.710667,-21.015821,-0.805584,4.942758,-0.680426
16.916000,-16.723208,10.725416,-21.036227,-0.836808,4.958684,-0.697874
16.918000,-16.687774,10.696568,-21.028737,-0.894251,4.927719,-0.714333
16.918000,-16.677400,10.691892,-21.040461,-0.944447,4.922067,-0.732632
16.920000,-16.700682,10.719554,-21.074035,-0.977213,4.949396,-0.750346
16.922000,-16.692472,10.718476,-21.088431,-1.026798,4.946711,-0.768505
16.926000,-16.113458,10.236285,-20.769800,-1.373635,4.350496,-0.702153
16.926000,-16.668903,10.710464,-21.112176,-1.129284,4.934273,-0.804220
16.928000,-16.652116,10.703018,-21.120798,-1.181964,4.924096,-0.821706
16.930000,-16.709216,10.758225,-21.169736,-1.191182,4.991207,-0.848590
16.932000,-16.064325,10.102582,-20.395970,-0.974884,4.345030,-0.791367
16.936000,-15.376576,9.519891,-19.959366,-1.292376,3.642125,-0.703185
16.936000,-15.945647,10.003567,-20.304335,-1.034337,4.240499,-0.811869
16.938000,-15.964784,10.037679,-20.367081,-1.111399,4.268308,-0.831588
16.940000,-16.076000,10.152395,-20.492305,-1.152511,4.391284,-0.863489
16.942000,-16.173995,10.266371,-20.640236,-1.240027,4.497125,-0.889296
16.946000,-16.121488,10.238978,-20.665842,-1.362838,4.459501,-0.909456
16.946000,-16.189021,10.324368,-20.759766,-1.413501,4.537479,-0.925945
16.948000,-16.089798,10.255883,-20.745552,-1.541726,4.456445,-0.941901
16.950000,-16.104375,10.295075,-20.809733,-1.621461,4.486119,-0.958789
16.952000,-16.092038,10.307609,-20.841995,-1.691582,4.489820,-0.972727
16.956000,-16.256238,10.488937,-21.011093,-1.710712,4.665760,-0.992123
16.956000,-14.287498,8.425971,-18.615017,-0.980747,2.636451,-0.764403
16.958000,-14.449002,8.591469,-18.742607,-0.944057,2.800614,-0.775197
16.960000,-14.420026,8.580659,-18.735366,-0.979844,2.784464,-0.782118
16.962000,-14.641803,8.833654,-19.047719,-1.128506,3.025580,-0.818303
16.966000,-14.968334,9.205523,-19.510506,-1.347416,3.380026,-0.871515
16.968000,-15.205293,9.493543,-19.887472,-1.566311,3.649572,-0.916444
16.968000,-15.151529,9.511836,-20.045966,-1.872733,3.643948,-0.951144
16.970000,-15.759325,10.157126,-20.707630,-1.980495,4.274740,-1.010726
16.974000,-15.932007,10.382693,-20.988269,-2.143357,4.483149,-1.044698
16.976000,-16.248899,10.767066,-21.440386,-2.350503,4.847943,-1.095726
16.976000,-16.427714,11.012430,-21.739897,-2.528482,5.075321,-1.133088
16.978000,-16.591135,11.247179,-22.024992,-2.705150,5.292674,-1.169537
16.980000,-16.715920,11.447279,-22.268815,-2.874067,5.476544,-1.202772
16.984000,-7.545692,1.228159,-10.510992,1.237783,-4.570195,0.187739
16.984000,-10.855702,4.842574,-14.512931,0.074248,-0.942880,-0.344157
16.986000,-12.685277,6.965141,-16.976450,-0.901824,1.114611,-0.620300
16.988000,-15.189684,9.837921,-20.369825,-2.271562,3.904411,-0.998636
16.990000,-2.012709,26.688842,1.017456,42.465284,20.012144,-23.258353
16.994000,-1.187320,28.117926,0.859674,42.558926,21.666604,-21.361873
16.994000,-0.273262,29.613347,0.693623,42.655627,23.390437,-19.653737
16.996000,0.669009,27.223286,0.526001,39.101983,20.926893,-18.630805
17.000000,1.804576,19.942295,0.395674,31.043622,13.208173,-17.591779
17.002000,1.889273,20.901022,0.369944,31.778596,14.259710,-17.507508
17.002000,2.188051,17.577438,0.347110,28.436163,10.720923,-17.240211
17.004000,2.221426,15.128007,0.345204,26.140179,8.105768,-17.010886
17.006000,0.911404,7.657523,0.775352,21.674436,-0.087735,-17.642936
17.010000,0.647352,4.808907,0.888352,19.608637,-3.187056,-17.740024
17.010000,0.318716,2.214590,1.013055,17.846992,-6.026164,-17.887244
17.012000,0.108858,0.637051,1.083541,16.695037,-7.761828,-17.910741
17.014000,-0.092297,-0.537525,1.139353,15.833108,-9.065468,-17.923836
17.016000,-0.321878,-1.419513,1.188123,15.210469,-10.057695,-17.931755
17.020000,-0.539047,-2.065220,1.224892,14.746557,-10.795546,-17.943994
17.020000,-0.734731,-2.555610,1.251081,14.372995,-11.365895,-17.968038
17.022000,-0.911012,-2.927419,1.268314,14.067023,-11.807431,-18.003764
17.024000,-1.057519,-3.211542,1.276293,13.796716,-12.152516,-18.052618
17.026000,-1.170887,-3.426797,1.275355,13.546132,-12.420726,-18.113281
17.030000,-1.313857,-3.790978,1.284405,13.244357,-12.871568,-18.258287
17.030000,-1.300491,-3.839241,1.258695,13.011563,-12.947616,-18.327940
17.032000,-1.179214,-3.300057,1.188426,13.079422,-12.350311,-18.285190
17.034000,-1.130448,-3.239385,1.148842,12.890110,-12.300806,-18.358595
17.036000,-1.073525,-3.193017,1.107927,12.687431,-12.264790,-18.440420
17.038000,-1.006822,-3.206811,1.067974,12.440249,-12.293663,-18.541183
17.040000,-0.921449,-3.212164,1.024816,12.188005,-12.310301,-18.643838
17.042000,-0.822365,-3.213408,0.979620,11.932979,-12.319669,-18.747219
17.046000,-0.711657,-3.372825,0.938188,11.564778,-12.514558,-18.901071
17.046000,-0.582046,-3.198981,0.882780,11.416819,-12.312097,-18.947257
17.048000,-0.446619,-3.118504,0.829901,11.211936,-12.222957,-19.033784
17.050000,-0.306936,-3.061838,0.777657,10.990361,-12.157746,-19.118118
17.052000,-0.165631,-2.980922,0.724740,10.794736,-12.063751,-19.198189
17.056000,0.000572,-3.042733,0.673133,10.479321,-12.117714,-19.401842
17.056000,0.229687,-2.510447,0.591072,10.559762,-11.527892,-19.332623
17.058000,0.338534,-2.190033,0.537997,10.604388,-11.153393,-19.352006
17.060000,0.471036,-2.012325,0.485875,10.524408,-10.944238,-19.400036
17.062000,0.586309,-1.924437,0.440392,10.399356,-10.833812,-19.461206
17.064000,0.686345,-1.803825,0.397129,10.323748,-10.686081,-19.515489
17.066000,0.692804,-1.798574,0.396900,10.341519,-10.659555,-19.585233
