time,solve_ok,fail_count,Fc_x,Fc_y,Fc_z,swing_err
0.008000,1,0,10.271913,-17.357946,-17.456020,0.031524
0.010000,1,0,10.233373,-17.446418,-17.655430,0.031390
0.012000,1,0,13.730907,-21.278518,-27.462865,0.038808
0.014000,1,0,18.802126,-26.694868,-41.616419,0.050268
0.016000,1,0,-72.095942,55.833650,195.162284,0.134897
0.018000,1,0,-70.407857,53.146963,189.372747,0.130672
0.020000,1,0,-69.297540,51.456344,185.446823,0.127852
0.022000,1,0,-68.851452,50.834562,183.628197,0.126627
0.024000,1,0,-70.129266,51.892910,187.665510,0.129791
0.026000,1,0,-67.596796,48.415057,178.413888,0.123032
0.028000,1,0,-66.581057,46.343084,174.379068,0.120181
0.030000,1,0,-66.152613,45.323975,172.328811,0.118817
0.032000,1,0,-65.787660,44.323643,170.416291,0.117569
0.034000,1,0,-66.055607,44.526996,170.751252,0.117989
0.036000,1,0,-65.683691,43.637037,169.021018,0.116862
0.038000,1,0,-64.605671,41.442803,164.872486,0.113946
0.040000,1,0,-64.299728,40.503614,163.053062,0.112772
0.042000,1,0,-48.002379,33.152985,141.864684,0.094836
0.044000,1,0,-32.187792,26.603236,122.853856,0.078748
0.046000,1,0,-20.282305,21.487308,107.945325,0.066180
0.048000,1,0,-9.266154,17.462509,95.470005,0.055606
0.050000,1,0,-4.034313,16.485866,90.188107,0.050976
0.052000,1,0,-3.233689,17.756714,90.078710,0.050571
0.054000,1,0,-8.263818,21.183140,95.345597,0.054714
0.056000,1,0,-13.275669,23.683531,99.062969,0.057821
0.058000,1,0,-18.293095,26.011038,102.264824,0.060585
0.060000,1,0,-18.707453,24.552606,98.713624,0.058095
0.062000,1,0,-16.695417,21.264826,92.035374,0.053154
0.064000,1,0,-14.154119,17.818125,85.387311,0.048203
0.066000,1,0,-12.491406,15.301731,80.484677,0.044582
0.068000,1,0,-10.220201,12.856351,79.405819,0.043283
0.070000,1,0,-10.511917,12.084371,75.019485,0.040609
0.070000,1,0,-10.511917,12.084371,75.019485,0.040609
0.074000,1,0,-9.077338,9.605472,71.055544,0.037758
0.076000,1,0,-7.925244,8.422184,69.392798,0.036513
0.078000,1,0,-7.473020,7.043111,66.682318,0.034581
0.080000,1,0,-7.021497,6.102365,64.980019,0.033360
0.082000,1,0,-6.200473,4.930811,62.909835,0.031842
0.084000,1,0,-5.219511,3.661895,60.643636,0.030171
0.086000,1,0,-3.769156,2.291171,59.607625,0.028765
0.088000,1,0,-3.663941,1.566527,56.704172,0.027272
0.090000,1,0,-3.272507,1.136412,55.032565,0.025990
0.092000,1,0,-2.518733,0.189154,53.029020,0.024501
0.094000,1,0,-1.366009,-0.909054,51.745210,0.022989
0.096000,1,0,-1.100086,-1.665222,49.093668,0.021593
0.098000,1,0,0.098585,-3.054943,46.734651,0.019874
0.100000,1,0,0.228635,-3.324262,45.256915,0.018748
0.102000,1,0,1.467510,-4.707823,42.581778,0.016792
0.104000,1,0,1.449636,-4.798349,41.372913,0.015859
0.106000,1,0,2.307370,-5.688593,39.492297,0.014484
0.108000,1,0,2.095950,-5.580421,38.595401,0.013775
0.110000,1,0,2.921443,-6.432812,36.498819,0.012241
0.112000,1,0,2.737515,-6.305454,35.672206,0.011342
0.114000,1,0,3.068904,-5.949194,33.914486,0.009916
0.116000,1,0,4.012640,-6.848072,31.147406,0.008124
0.118000,1,0,3.808800,-6.793678,30.255086,0.007318
0.120000,1,0,3.796793,-7.001683,28.777761,0.006383
0.122000,1,0,4.554586,-7.727481,26.486186,0.004899
0.124000,1,0,4.036422,-7.409533,25.913546,0.004432
0.126000,1,0,4.127131,-7.578711,24.401095,0.003504
0.128000,1,0,4.172561,-7.643736,23.136629,0.002903
0.130000,1,0,4.237372,-7.680784,21.971116,0.002572
0.132000,1,0,4.083074,-7.563647,20.963487,0.002480
0.134000,1,0,4.594011,-7.859463,19.029167,0.003181
0.136000,1,0,3.816077,-7.305969,18.997782,0.003034
0.138000,1,0,3.647336,-7.154833,17.920886,0.003616
0.140000,1,0,4.711136,-6.058675,17.110185,0.004617
0.142000,1,0,4.661398,-5.795951,16.063667,0.005382
0.144000,1,0,7.427850,-8.113112,10.496483,0.009624
0.146000,1,0,3.179571,-5.244917,15.216044,0.005786
0.148000,1,0,2.984178,-5.390236,13.349282,0.007139
0.150000,1,0,2.831989,-5.429798,12.225541,0.007992
0.152000,1,0,2.509215,-5.282549,11.492959,0.008565
0.154000,1,0,2.103858,-5.038669,10.968933,0.009000
0.156000,1,0,2.166590,-5.195094,9.456941,0.010237
0.158000,1,0,1.106754,-4.422413,10.155367,0.009715
0.160000,1,0,0.505501,-4.022288,10.054628,0.009846
0.162000,1,0,0.257329,-3.863965,9.529183,0.010329
0.164000,1,0,0.093464,-3.802592,8.150452,0.011533
0.166000,1,0,6.486110,-3.914457,6.088001,0.014137
0.168000,1,0,7.193326,-4.417924,4.366632,0.015566
0.170000,1,0,4.869420,-3.714898,5.116750,0.014774
0.172000,1,0,2.342517,-2.878894,6.167431,0.013671
0.174000,1,0,0.260447,-2.313644,6.788387,0.012991
0.176000,1,0,-1.176057,-2.123617,6.761966,0.012867
0.178000,1,0,-2.122487,-2.188695,6.312752,0.013117
0.180000,1,0,-4.213253,-1.359033,6.608146,0.012802
0.182000,1,0,-4.631732,-1.514143,6.062110,0.013205
0.184000,1,0,-3.274864,-3.121183,4.245638,0.014585
0.186000,1,0,-3.159443,-3.902110,-0.362833,0.018140
0.188000,1,0,-1.304701,-5.844169,-2.347796,0.019684
0.190000,1,0,31.144007,-4.183254,-8.070758,0.030614
0.192000,1,0,29.569840,-4.001956,-6.295396,0.029007
0.194000,1,0,26.114487,-3.435464,-4.842362,0.027352
0.196000,1,0,7.487430,1.441663,4.665453,0.017339
0.198000,1,0,-7.365428,0.746777,10.000292,0.010536
0.200000,1,0,-13.172709,-0.817638,7.462735,0.011615
0.202000,1,0,-25.145560,-0.232280,13.343300,0.007290
0.204000,1,0,-27.035841,-1.320390,12.690183,0.007739
0.206000,1,0,-27.565292,-2.466539,11.563170,0.008353
0.208000,1,0,-29.428263,-23.649151,203.439699,0.144853
0.210000,1,0,-29.796848,-24.080629,207.314248,0.147887
0.212000,1,0,-28.322042,-23.198938,201.173991,0.137785
0.214000,1,0,-27.207690,-22.961564,191.528199,0.129014
0.216000,1,0,-27.300842,-23.809246,182.459626,0.121739
0.218000,1,0,-27.715452,-24.174951,185.786713,0.124342
0.220000,1,0,-26.002264,-22.759167,163.146053,0.106349
0.222000,1,0,-24.688433,-22.263047,152.930542,0.098279
0.224000,1,0,-25.370311,-20.283403,136.311528,0.086850
0.226000,1,0,-26.038953,-18.117910,121.783171,0.076986
0.228000,1,0,-26.262885,-16.093457,110.530604,0.069215
0.230000,1,0,-26.034186,-14.338308,101.226357,0.062570
0.232000,1,0,-25.844255,-14.422942,103.793261,0.064236
0.234000,1,0,-24.044505,-11.397640,86.590763,0.051217
0.236000,1,0,-23.783431,-10.135870,79.786819,0.046269
0.238000,1,0,-22.867977,-8.745377,72.444905,0.040594
0.240000,1,0,-21.628976,-7.252608,66.689867,0.035788
0.242000,1,0,-20.398931,-6.225332,62.826537,0.032312
0.244000,1,0,-19.142745,-5.233834,59.384142,0.029104
0.246000,1,0,-17.777189,-4.221869,56.376156,0.026066
0.248000,1,0,-16.585463,-3.149742,52.677866,0.022750
0.250000,1,0,-15.300357,-2.046317,49.364172,0.019583
0.252000,1,0,-14.010133,-0.911768,46.253664,0.016522
0.254000,1,0,-12.870901,0.209919,43.483842,0.013827
0.256000,1,0,-11.738678,1.346024,40.867216,0.011254
0.258000,1,0,-10.585343,2.479625,38.373505,0.008793
0.260000,1,0,-9.394251,3.660779,35.735551,0.006309
0.262000,1,0,-8.172558,4.826934,33.243528,0.004200
0.264000,1,0,-6.942978,5.977502,30.877564,0.003123
0.266000,1,0,-5.239439,7.757270,28.323621,0.004378
0.268000,1,0,-4.007546,8.855611,26.450121,0.006231
0.270000,1,0,-2.762836,10.038058,24.179855,0.008354
0.274000,1,0,-2.762836,10.038058,24.179855,0.008354
0.274000,1,0,-1.611475,11.106902,22.109866,0.010514
0.276000,1,0,0.794768,13.106661,18.475914,0.014713
0.278000,1,0,2.022444,14.097769,16.686227,0.016829
0.280000,1,0,3.137457,14.960065,15.291470,0.018614
0.282000,1,0,3.668559,14.385390,18.015918,0.022642
0.284000,1,0,5.216112,16.551354,12.730469,0.021906
0.286000,1,0,6.290675,17.318439,11.515987,0.023529
0.288000,1,0,7.194018,17.981868,10.507726,0.024886
0.290000,1,0,8.404810,19.499260,8.841822,0.027009
0.292000,1,0,9.394072,20.149241,7.828552,0.028426
0.294000,1,0,8.653735,17.349270,15.343166,0.035680
0.296000,1,0,11.238490,21.355556,5.726633,0.031184
0.298000,1,0,11.647704,21.774861,5.066906,0.031936
0.300000,1,0,12.118407,22.060461,4.453553,0.032678
0.302000,1,0,13.032666,22.287219,3.646890,0.033828
0.304000,1,0,13.899439,22.580990,2.857332,0.034941
0.306000,1,0,14.651975,22.890996,2.076600,0.035984
0.308000,1,0,15.383784,23.205211,1.247279,0.037041
0.310000,1,0,15.974029,23.507237,0.420942,0.038000
0.312000,1,0,17.080931,24.114238,-3.269704,0.041147
0.314000,1,0,16.921144,24.098724,-1.373230,0.039858
0.316000,1,0,17.273226,25.540152,-3.071754,0.041421
0.318000,1,0,18.404108,26.240379,-7.025543,0.044777
0.320000,1,0,18.193832,25.749735,-4.725597,0.043147
0.322000,1,0,18.308296,26.357947,-5.991683,0.044124
0.324000,1,0,18.670670,26.274288,-6.526383,0.044725
0.326000,1,0,19.800588,26.983475,-10.726778,0.048263
0.328000,1,0,18.747148,27.110559,-8.604661,0.046267
0.330000,1,0,18.873220,27.071647,-9.101794,0.046712
0.332000,1,0,18.935545,27.263982,-9.982883,0.047383
0.334000,1,0,18.749939,27.778279,-11.067713,0.048079
0.336000,1,0,18.635001,28.050405,-12.089026,0.048744
0.338000,1,0,15.427759,23.205337,-2.730052,0.058194
0.340000,1,0,18.981858,30.286080,-15.030919,0.051327
0.342000,1,0,20.104138,31.100035,-19.659057,0.055214
0.344000,1,0,18.770037,30.651911,-16.742796,0.052429
0.346000,1,0,18.660111,30.687523,-17.641296,0.053002
0.348000,1,0,15.605560,25.844856,-9.137909,0.061954
0.350000,1,0,18.159961,30.842059,-19.265559,0.053875
0.352000,1,0,17.817645,31.141392,-20.288992,0.054426
0.354000,1,0,16.943856,31.030006,-20.825547,0.054260
0.356000,1,0,16.486377,31.095023,-21.689538,0.054601
0.358000,1,0,15.867941,30.829987,-22.456602,0.054759
0.360000,1,0,16.866710,31.741585,-27.380789,0.058852
0.362000,1,0,15.013639,30.906568,-23.502873,0.055021
0.364000,1,0,14.794386,31.170754,-24.031561,0.055294
0.366000,1,0,15.146822,28.976004,-16.539892,0.067856
0.368000,1,0,17.563415,33.994747,-26.163061,0.058977
0.370000,1,0,16.518019,33.912321,-26.816679,0.058787
0.372000,1,0,17.806924,34.531676,-31.576101,0.062946
0.374000,1,0,14.365898,33.683848,-28.435289,0.058533
0.376000,1,0,13.131661,33.379667,-29.363407,0.058392
0.378000,1,0,12.704513,33.056143,-29.679202,0.058324
0.380000,1,0,11.627423,32.630065,-30.114872,0.057919
0.382000,1,0,9.438453,32.427270,-30.386803,0.056706
0.384000,1,0,11.181823,32.253916,-34.541545,0.060733
0.386000,1,0,6.646433,30.707740,-29.018503,0.056416
0.388000,1,0,5.831642,30.164575,-28.400119,0.054985
0.390000,1,0,24.129216,37.009175,-32.989025,0.068677
0.392000,1,0,18.685757,33.123634,-30.233548,0.062789
0.394000,1,0,11.156773,30.893517,-30.792802,0.058094
0.396000,1,0,11.230029,28.647243,-33.305111,0.059769
0.398000,1,0,1.783217,28.430467,-30.376520,0.052243
0.400000,1,0,0.821861,27.532635,-30.054733,0.051175
0.402000,1,0,-2.081071,27.813219,-32.515002,0.053801
0.404000,1,0,-3.049863,28.326113,-27.936767,0.046789
0.406000,1,0,-2.875670,28.526260,-26.631805,0.045939
0.408000,1,0,-72.258609,68.725626,226.858243,0.167038
0.410000,1,0,-76.729556,67.732728,235.679479,0.172778
0.412000,1,0,-62.584481,50.775308,192.590475,0.138205
0.414000,1,0,-42.393516,31.741267,144.496628,0.099090
0.416000,1,0,-21.399774,12.726244,93.688306,0.058162
0.418000,1,0,-5.921096,1.924626,58.926961,0.029653
0.420000,1,0,3.565931,-2.640009,42.163248,0.015422
0.422000,1,0,-0.048002,4.631928,56.789831,0.025805
0.424000,1,0,-6.560537,15.166822,72.614147,0.037242
0.426000,1,0,-14.808082,26.095426,92.162191,0.051988
0.428000,1,0,-17.728392,29.725493,98.133774,0.056414
0.430000,1,0,-16.592510,29.378637,99.144209,0.057146
0.432000,1,0,-19.444622,32.077833,94.447723,0.053214
0.434000,1,0,-17.328475,30.086355,88.912810,0.048743
0.436000,1,0,-15.130092,28.138833,82.807304,0.043871
0.438000,1,0,-15.526643,29.190786,84.688611,0.045267
0.440000,1,0,-11.816875,26.223083,74.957226,0.037520
0.442000,1,0,-9.844139,24.470788,71.030173,0.034398
0.444000,1,0,-9.732756,24.261981,69.577504,0.033286
0.446000,1,0,-9.326985,23.739579,68.992424,0.032853
0.448000,1,0,-8.409180,22.831317,69.646148,0.033007
0.450000,1,0,-8.952394,22.707293,66.878862,0.031298
0.452000,1,0,-8.339036,21.869725,65.728671,0.030447
0.454000,1,0,-7.677512,20.741981,64.081832,0.029224
0.456000,1,0,-6.761631,19.347464,62.168712,0.027793
0.458000,1,0,-5.812323,17.865735,60.100727,0.026249
0.460000,1,0,-4.822355,16.345955,58.063121,0.024729
0.462000,1,0,-3.902220,14.778073,56.153826,0.023326
0.464000,1,0,-2.893629,14.752433,55.252153,0.022501
0.466000,1,0,-1.475006,12.894913,55.012428,0.021948
0.468000,1,0,-0.797894,11.713932,53.690661,0.020989
0.470000,1,0,-0.505039,10.367503,51.178593,0.019638
0.472000,1,0,0.728416,8.116537,49.829011,0.018258
0.474000,1,0,0.403396,7.858835,48.586139,0.017846
0.476000,1,0,0.969716,6.299429,46.953718,0.016721
0.478000,1,0,1.862454,4.268372,44.927210,0.015322
0.480000,1,0,2.454614,2.822533,43.265710,0.014175
0.482000,1,0,4.128126,2.446586,40.941909,0.012267
0.484000,1,0,2.784974,1.807510,42.103150,0.013413
0.486000,1,0,3.200733,0.813289,40.905651,0.012597
0.488000,1,0,5.170011,0.027446,37.977892,0.010285
0.490000,1,0,5.146866,0.276220,38.773772,0.010528
0.492000,1,0,7.213985,-0.496530,35.169356,0.008197
0.494000,1,0,8.745205,-3.051581,31.952174,0.006286
0.496000,1,0,6.649001,-4.594996,31.982185,0.006476
0.498000,1,0,5.985108,-5.162080,31.241834,0.005872
0.500000,1,0,6.022932,-5.866088,30.047660,0.005318
0.502000,1,0,6.437467,-6.631402,28.779591,0.004623
0.504000,1,0,6.850299,-7.380317,27.458070,0.003993
0.506000,1,0,7.706251,-8.994784,25.264932,0.003402
0.508000,1,0,7.285838,-8.590263,25.065858,0.003248
0.510000,1,0,7.927662,-10.119962,22.758168,0.003434
0.512000,1,0,7.227687,-9.374858,22.978774,0.003188
0.514000,1,0,7.457648,-10.390651,21.377685,0.003676
0.516000,1,0,8.880890,-7.976120,21.022942,0.004400
0.518000,1,0,8.462606,-7.068133,21.150849,0.004331
0.520000,1,0,8.151153,-7.687950,19.749487,0.004961
0.522000,1,0,7.868399,-8.594909,17.882981,0.005968
0.524000,1,0,7.594896,-9.379411,16.201757,0.006974
0.526000,1,0,10.368022,-10.578985,11.081344,0.011280
0.528000,1,0,7.141632,-10.975427,13.014349,0.009023
0.530000,1,0,6.584197,-10.694642,12.747986,0.009176
0.532000,1,0,5.336103,-10.349471,13.028537,0.008781
0.534000,1,0,7.952331,-12.276322,7.363777,0.013462
0.536000,1,0,4.772714,-11.392314,10.735286,0.010379
0.538000,1,0,4.603348,-11.052808,10.501068,0.010621
0.540000,1,0,9.428294,-6.085467,10.705228,0.012435
0.542000,1,0,9.411213,-6.003584,9.976003,0.013058
0.544000,1,0,12.490353,-7.727399,3.914527,0.018212
0.546000,1,0,6.323047,-7.211839,7.871985,0.013957
0.548000,1,0,4.650846,-8.391718,6.040095,0.014921
0.550000,1,0,3.789287,-8.385184,6.118467,0.014929
0.552000,1,0,3.160895,-8.642293,5.767368,0.015176
0.554000,1,0,5.871632,-10.614019,-0.487509,0.020500
0.556000,1,0,1.893947,-9.031105,5.253877,0.015622
0.558000,1,0,1.213056,-9.504916,4.231700,0.015835
0.560000,1,0,-0.392435,-9.227735,5.428593,0.014694
0.562000,1,0,-1.134452,-9.393032,5.199208,0.014771
0.564000,1,0,-1.793136,-9.538564,4.905329,0.014969
0.566000,1,0,17.240267,-1.662083,-1.885672,0.025926
0.568000,1,0,17.726490,-2.451472,-3.746718,0.027462
0.570000,1,0,12.422531,-3.134542,-1.983168,0.024876
0.572000,1,0,15.075596,-5.939121,-8.853184,0.030485
0.574000,1,0,1.543448,-5.409823,0.694519,0.020209
0.576000,1,0,-3.746574,-7.180153,1.226734,0.018575
0.578000,1,0,-2.567202,-8.841582,2.005890,0.020024
0.580000,1,0,-7.491319,-10.773320,0.691355,0.017960
0.582000,1,0,-5.893197,-12.964997,-0.690098,0.018964
0.584000,1,0,-7.988032,-14.627841,-0.583176,0.018441
0.586000,1,0,-9.487709,-16.047164,0.113587,0.017536
0.588000,1,0,-10.398050,-19.896877,-5.008195,0.021149
0.590000,1,0,67.548018,11.366838,-39.194893,0.071553
0.592000,1,0,50.511960,-1.334904,-32.425917,0.059379
0.594000,1,0,22.340039,-9.763737,-20.620675,0.041595
0.596000,1,0,-28.149592,-14.706313,11.450807,0.009390
0.598000,1,0,-56.265726,-17.729185,27.910118,0.020682
0.600000,1,0,-35.118510,-34.344690,206.364544,0.157850
0.602000,1,0,-34.656288,-33.383953,218.949038,0.157710
0.604000,1,0,-33.586674,-32.734801,227.611146,0.157842
0.606000,1,0,-33.596986,-32.911218,231.929959,0.160860
0.608000,1,0,-31.793434,-30.709225,224.563719,0.151728
0.610000,1,0,-27.661416,-26.039689,199.107635,0.128128
0.612000,1,0,-25.328698,-23.555959,186.390945,0.117004
0.614000,1,0,-22.501662,-20.968778,175.482120,0.107341
0.616000,1,0,-23.614951,-22.220679,162.047967,0.098498
0.618000,1,0,-24.454248,-18.484062,139.614344,0.083593
0.620000,1,0,-25.676499,-14.984012,119.769144,0.070655
0.622000,1,0,-24.180322,-11.524723,106.185388,0.061280
0.624000,1,0,-23.924291,-9.266979,90.669284,0.049958
0.626000,1,0,-22.993879,-6.985673,77.664805,0.040604
0.628000,1,0,-21.542143,-5.651233,69.647202,0.034282
0.630000,1,0,-21.449900,-5.510358,71.154770,0.035261
0.632000,1,0,-18.628345,-4.248279,59.182191,0.025510
0.634000,1,0,-17.124275,-3.633960,54.490773,0.021486
0.636000,1,0,-15.815453,-3.165555,51.184319,0.018515
0.638000,1,0,-14.622334,-2.728872,48.428366,0.016006
0.640000,1,0,-13.763110,-1.478507,48.523021,0.015493
0.642000,1,0,-12.081813,-0.972443,43.413472,0.011198
0.644000,1,0,-11.003493,-0.462691,40.825044,0.008932
0.646000,1,0,-10.052698,0.114348,38.882077,0.007207
0.648000,1,0,-9.930694,0.076912,38.391817,0.006922
0.650000,1,0,-8.330727,1.456791,35.520673,0.004564
0.652000,1,0,-7.449938,2.206270,33.976049,0.003788
0.654000,1,0,-7.227542,2.429701,33.771001,0.003786
0.656000,1,0,-5.755557,3.760258,31.577515,0.004177
0.658000,1,0,-4.999593,4.674159,29.771881,0.005151
0.660000,1,0,-4.718880,5.031705,29.694628,0.005451
0.662000,1,0,-3.735151,5.957562,28.050763,0.006925
0.664000,1,0,-1.682135,8.843734,25.078705,0.010404
0.666000,1,0,-0.735571,10.017003,23.566339,0.012122
0.668000,1,0,0.118831,10.989775,22.219639,0.013680
0.670000,1,0,0.516163,11.271404,22.202831,0.014063
0.672000,1,0,1.398972,12.225503,20.930322,0.015611
0.674000,1,0,2.730560,13.501786,18.318666,0.018283
0.676000,1,0,3.174920,14.192175,18.293468,0.018797
0.678000,1,0,4.349813,15.737557,15.718813,0.021421
0.680000,1,0,4.879015,16.120804,15.646378,0.021939
0.682000,1,0,5.946923,17.545839,13.383995,0.024301
0.684000,1,0,6.483991,17.883760,13.365718,0.024780
0.686000,1,0,7.917469,19.251577,10.040081,0.027997
0.688000,1,0,8.728656,19.945891,8.977633,0.029346
0.690000,1,0,8.728656,19.945891,8.977633,0.029346
0.692000,1,0,10.195408,23.308883,7.165114,0.032193
0.694000,1,0,10.667573,23.692820,7.118192,0.032649
0.696000,1,0,11.483697,25.043256,4.810028,0.034849
0.698000,1,0,12.115869,24.971948,4.757515,0.035303
0.700000,1,0,12.933312,26.045031,2.632369,0.037334
0.702000,1,0,13.511441,26.626231,1.448557,0.038553
0.704000,1,0,13.987313,26.608764,1.383765,0.038924
0.706000,1,0,14.474773,27.127492,0.169128,0.040090
0.708000,1,0,14.840316,27.679407,-1.169103,0.041259
0.710000,1,0,15.068303,28.429232,-2.633330,0.042463
0.712000,1,0,15.427403,28.711935,-3.782660,0.043464
0.714000,1,0,15.711826,29.121650,-4.996984,0.044488
0.716000,1,0,17.003569,32.259272,-7.770275,0.047783
0.718000,1,0,17.393980,32.575685,-8.885850,0.048808
0.720000,1,0,17.641599,32.878358,-10.224628,0.049876
0.722000,1,0,19.235954,34.648739,-15.184856,0.054381
0.724000,1,0,17.866616,33.459916,-12.932677,0.051871
0.726000,1,0,17.736206,34.426846,-15.003550,0.053282
0.728000,1,0,17.656567,34.180184,-15.458155,0.053533
0.730000,1,0,17.778794,33.953950,-16.354281,0.054166
0.732000,1,0,17.679208,34.843868,-18.448736,0.055618
0.734000,1,0,19.273691,35.876268,-23.278871,0.059942
0.736000,1,0,17.275491,34.259532,-19.677094,0.056155
0.738000,1,0,16.926060,34.694759,-21.101664,0.056944
0.740000,1,0,19.027999,38.694082,-24.594954,0.061482
0.742000,1,0,18.887860,38.870857,-25.652016,0.062171
0.744000,1,0,18.383454,38.349766,-26.353743,0.062303
0.746000,1,0,19.805003,40.166613,-31.949281,0.067229
0.748000,1,0,17.348503,38.403899,-29.603191,0.063857
0.750000,1,0,16.429436,37.736193,-30.032106,0.063540
0.752000,1,0,15.834874,37.957049,-31.384165,0.064173
0.754000,1,0,15.136025,37.651733,-32.271269,0.064336
0.756000,1,0,14.237187,36.679138,-32.612503,0.063883
0.758000,1,0,15.383792,38.258055,-38.229594,0.068685
0.760000,1,0,12.774485,36.360983,-34.152848,0.064086
0.762000,1,0,10.503524,33.102343,-30.565683,0.069076
0.764000,1,0,10.615903,34.652162,-34.232015,0.062556
0.766000,1,0,16.666137,44.200388,-42.561879,0.074055
0.768000,1,0,16.491103,44.304249,-43.362584,0.074594
0.770000,1,0,16.155827,43.586769,-47.125742,0.076803
0.772000,1,0,12.996166,41.129800,-44.720288,0.072852
0.774000,1,0,10.852610,39.195408,-44.582403,0.071123
0.776000,1,0,9.117593,37.252195,-44.319634,0.069538
0.778000,1,0,4.954850,33.272671,-41.159634,0.064119
0.780000,1,0,4.585618,31.635443,-40.235267,0.065444
0.782000,1,0,-0.647598,25.002414,-37.530531,0.057559
0.784000,1,0,-4.538331,20.056260,-27.786966,0.046856
0.786000,1,0,-5.641027,17.708830,-23.344058,0.042713
0.788000,1,0,-6.234439,16.859061,-20.421640,0.040148
0.790000,1,0,18.220515,50.047790,-56.044168,0.086464
0.792000,1,0,12.230934,41.982926,-45.794440,0.073989
0.794000,1,0,-80.575251,59.564288,217.112196,0.161793
0.796000,1,0,-92.710559,51.395502,232.732654,0.171850
0.798000,1,0,-76.320649,36.070896,192.306416,0.139235
0.800000,1,0,-49.239830,20.775440,151.062403,0.105650
0.802000,1,0,-33.578743,13.654552,113.115034,0.073324
0.804000,1,0,-22.573782,10.997886,97.111383,0.058980
0.806000,1,0,-18.489637,12.272477,93.329370,0.054417
0.808000,1,0,-14.168652,13.807997,89.090846,0.049669
0.810000,1,0,-13.141219,16.513513,89.519260,0.048942
0.812000,1,0,-14.015951,18.287601,95.366523,0.053831
0.814000,1,0,-18.762066,22.525473,95.601985,0.052704
0.816000,1,0,-19.812331,22.067586,94.318840,0.051764
0.818000,1,0,-19.847793,22.408390,91.579387,0.049460
0.820000,1,0,-19.288197,22.686757,88.540786,0.046846
0.822000,1,0,-16.905164,21.654511,87.655370,0.046027
0.824000,1,0,-17.463815,22.582013,82.251452,0.041620
0.826000,1,0,-16.599678,22.272285,79.456346,0.039367
0.828000,1,0,-16.510177,23.277619,80.826581,0.040247
0.830000,1,0,-14.967397,21.238645,74.168135,0.035223
0.832000,1,0,-14.053348,20.553392,71.395885,0.033085
0.834000,1,0,-13.008214,19.505349,67.976353,0.030491
0.836000,1,0,-11.649472,18.204038,67.415084,0.029700
0.838000,1,0,-11.784518,17.830658,64.348517,0.027846
0.840000,1,0,-10.004748,17.646451,62.765880,0.026463
0.842000,1,0,-9.226437,16.569905,60.951998,0.025169
0.844000,1,0,-8.276637,15.420878,58.991352,0.023752
0.846000,1,0,-7.683948,14.127892,57.189383,0.022513
0.848000,1,0,-7.162931,12.820211,55.463548,0.021349
0.850000,1,0,-6.537746,11.460197,53.731169,0.020178
0.852000,1,0,-5.807944,10.073604,51.992030,0.018997
0.854000,1,0,-4.992365,8.657596,50.257643,0.017819
0.856000,1,0,-4.151007,7.151472,48.339043,0.016515
0.858000,1,0,-3.350875,5.798430,46.754075,0.015450
0.860000,1,0,-2.576368,4.495553,45.285071,0.014478
0.862000,1,0,-1.841639,3.239904,43.871068,0.013550
0.864000,1,0,-0.973211,1.978605,42.821356,0.012622
0.866000,1,0,0.428337,2.037811,41.267297,0.011591
0.868000,1,0,1.265324,0.921536,39.821661,0.010631
0.870000,1,0,1.852524,-0.392560,38.234719,0.009620
0.872000,1,0,2.375698,-1.688830,36.675927,0.008651
0.874000,1,0,2.901423,-2.912133,35.197698,0.007750
0.876000,1,0,3.441414,-4.056532,33.798225,0.006916
0.878000,1,0,4.001359,-5.099606,32.601269,0.006135
0.880000,1,0,4.527699,-6.105345,31.245868,0.005395
0.882000,1,0,5.016854,-7.089742,29.709755,0.004639
0.884000,1,0,5.491705,-7.963201,28.395650,0.003976
0.886000,1,0,8.473257,-8.263905,24.503316,0.003340
0.890000,1,0,5.906181,-8.773049,27.101380,0.003478
0.890000,1,0,6.249742,-9.494005,25.893382,0.003149
0.894000,1,0,7.440496,-7.807599,25.021610,0.003047
0.896000,1,0,6.875425,-8.197303,24.584014,0.002897
0.898000,1,0,7.196983,-8.726136,23.064976,0.003166
0.900000,1,0,7.476668,-9.186133,21.610133,0.003723
0.900000,1,0,7.479107,-10.068649,19.858424,0.004514
0.902000,1,0,7.431532,-10.987725,17.958138,0.005531
0.904000,1,0,7.963948,-12.970208,13.873259,0.008120
0.906000,1,0,8.349757,-13.613098,12.628933,0.008965
0.908000,1,0,11.745420,-14.234750,7.410249,0.013436
0.910000,1,0,8.563500,-13.746039,12.354159,0.009147
0.912000,1,0,7.553961,-13.507334,13.617927,0.008059
0.914000,1,0,7.351490,-13.422143,13.470245,0.008125
0.916000,1,0,10.104455,-10.039298,12.392414,0.010206
0.918000,1,0,10.490094,-9.576459,11.541736,0.011049
0.920000,1,0,14.009311,-10.528026,5.693252,0.016054
0.922000,1,0,8.673242,-10.566126,9.977978,0.011673
0.924000,1,0,6.549283,-10.640840,10.815475,0.010634
0.926000,1,0,6.016767,-10.919705,10.164896,0.011006
0.928000,1,0,5.918533,-11.237842,9.022294,0.011773
0.930000,1,0,5.842462,-11.378323,8.238054,0.012486
0.930000,1,0,5.842462,-11.378323,8.238054,0.012486
0.934000,1,0,4.865606,-11.264358,7.377261,0.012983
0.936000,1,0,4.447460,-11.256744,6.968332,0.013282
0.938000,1,0,3.867849,-10.956781,7.239004,0.013385
0.940000,1,0,13.237804,-5.330084,2.179106,0.020393
0.942000,1,0,13.255043,-4.974575,1.660062,0.020969
0.944000,1,0,16.810981,-6.224472,-5.020463,0.026680
0.946000,1,0,6.374800,-5.820643,4.057984,0.017792
0.948000,1,0,1.795527,-6.006233,7.181176,0.014721
0.950000,1,0,0.134328,-7.054866,6.429115,0.014460
0.952000,1,0,-0.143259,-7.968172,6.102253,0.015354
0.954000,1,0,-0.743513,-9.210773,4.050374,0.015834
0.956000,1,0,-1.324814,-9.884394,3.620838,0.015965
0.958000,1,0,-2.522405,-10.354930,4.065134,0.015429
0.960000,1,0,-2.902389,-10.853715,4.064891,0.015325
0.962000,1,0,-3.367391,-10.531712,6.986601,0.014940
0.964000,1,0,36.277380,0.081136,-23.605974,0.048284
0.966000,1,0,35.807174,-0.939250,-23.082582,0.047325
0.968000,1,0,36.460924,-4.417252,-28.379683,0.050817
0.970000,1,0,8.437312,-5.444745,-4.562153,0.026220
0.972000,1,0,-6.498272,-6.253831,9.787173,0.014009
0.974000,1,0,-13.798951,-11.397660,9.596651,0.010096
0.976000,1,0,-22.442033,-19.134929,13.753886,0.007363
0.978000,1,0,-31.388793,-23.618772,19.859633,0.010789
0.980000,1,0,-45.284161,-25.746263,27.348887,0.018933
0.982000,1,0,-39.859055,-22.688648,29.579969,0.017777
0.984000,1,0,-26.050614,-45.134667,206.286566,0.145356
0.986000,1,0,-27.311670,-44.045720,212.857346,0.145164
0.988000,1,0,-25.920910,-41.081451,206.258728,0.136611
0.990000,1,0,-28.961877,-45.865354,211.342532,0.142611
0.992000,1,0,-27.513139,-39.889032,187.134340,0.121146
0.994000,1,0,-26.393018,-36.660324,174.650368,0.110778
0.996000,1,0,-25.335512,-33.401787,163.332216,0.101618
0.998000,1,0,-25.580310,-33.869914,166.466481,0.103944
1.000000,1,0,-25.282364,-25.975866,133.886463,0.080775
1.002000,1,0,-25.857249,-21.678213,114.796171,0.067986
1.004000,1,0,-25.812558,-21.836540,117.271082,0.069633
1.006000,1,0,-25.530296,-16.396288,88.567899,0.049886
1.008000,1,0,-24.587296,-13.863953,76.702201,0.041299
1.010000,1,0,-24.366170,-13.750995,78.446165,0.042276
1.012000,1,0,-21.604786,-11.127041,64.052072,0.031024
1.014000,1,0,-19.108583,-8.960788,57.552544,0.025025
1.016000,1,0,-17.559134,-7.704716,53.444160,0.021299
1.018000,1,0,-16.338690,-6.882277,50.119051,0.018396
1.020000,1,0,-15.817738,-6.907281,47.914062,0.016824
1.022000,1,0,-14.770026,-6.180185,45.391095,0.014565
1.024000,1,0,-14.225539,-5.584165,45.541350,0.014211
1.026000,1,0,-12.041784,-3.813588,39.849589,0.009208
1.028000,1,0,-11.108791,-3.015604,37.528639,0.007231
1.030000,1,0,-11.019424,-3.103626,37.334831,0.007181
1.032000,1,0,-10.267361,-2.277644,36.741666,0.006321
1.034000,1,0,-8.761049,-0.630543,33.211835,0.003911
1.036000,1,0,-7.957525,0.281481,31.610655,0.003612
1.038000,1,0,-7.264368,1.160582,30.447955,0.003960
1.040000,1,0,-5.808567,3.382703,28.306859,0.005872
1.042000,1,0,-5.284038,4.355718,27.372735,0.006871
1.044000,1,0,-4.505360,5.476216,26.095391,0.008287
1.046000,1,0,-3.818074,6.569868,24.616540,0.009770
1.048000,1,0,-3.065249,7.666356,23.314301,0.011283
1.050000,1,0,-2.318991,8.728729,22.273726,0.012707
1.052000,1,0,-1.109550,10.070159,19.994369,0.015143
1.054000,1,0,-0.956118,10.888501,20.092550,0.015520
1.056000,1,0,-0.295359,12.001630,18.815531,0.017020
1.058000,1,0,0.403485,13.075889,17.815308,0.018412
1.060000,1,0,1.109783,14.139630,16.876979,0.019776
1.062000,1,0,1.797577,15.193837,15.925518,0.021129
1.062000,1,0,3.218300,16.821308,12.831555,0.024298
1.066000,1,0,3.742224,18.702422,12.962347,0.025296
1.068000,1,0,4.011509,19.169803,13.320139,0.025474
1.070000,1,0,5.579232,20.847775,9.923451,0.028912
1.072000,1,0,5.512828,21.865743,9.478466,0.029465
1.074000,1,0,6.092488,22.880143,8.091316,0.030945
1.076000,1,0,6.645227,23.800739,6.960861,0.032240
1.078000,1,0,7.169260,24.687564,5.881018,0.033478
1.080000,1,0,8.814016,26.435593,2.008978,0.037276
1.082000,1,0,9.076423,26.862888,2.000102,0.037610
1.084000,1,0,8.164789,26.748645,3.998784,0.035889
1.086000,1,0,8.526782,28.090436,1.885142,0.037748
1.088000,1,0,8.857172,28.827773,0.654580,0.038890
1.090000,1,0,9.780778,30.477290,-0.393425,0.040689
1.092000,1,0,10.185421,31.247948,-1.696137,0.041933
1.094000,1,0,11.924263,33.157369,-6.172425,0.046201
1.096000,1,0,10.607196,32.586501,-4.713281,0.044345
1.098000,1,0,10.824502,33.739705,-7.411394,0.046390
1.100000,1,0,10.930318,34.302746,-8.793333,0.047440
1.102000,1,0,10.970282,34.293917,-8.929197,0.047566
1.104000,1,0,11.167093,35.245994,-11.084332,0.049237
1.106000,1,0,11.050247,35.888867,-12.464076,0.050205
1.108000,1,0,9.024245,26.868383,2.984202,0.063553
1.110000,1,0,10.998204,36.556107,-14.612485,0.051679
1.112000,1,0,10.245060,36.358219,-15.239905,0.051546
1.114000,1,0,11.916109,37.955009,-20.094035,0.055955
1.116000,1,0,10.543973,39.016986,-18.750870,0.054814
1.118000,1,0,8.466561,30.368816,-4.517681,0.067376
1.120000,1,0,10.091491,39.438598,-20.662295,0.055885
1.122000,1,0,9.410075,38.753612,-21.199640,0.055589
1.124000,1,0,9.178642,38.733779,-22.300490,0.056132
1.126000,1,0,10.545359,40.533176,-27.572552,0.060741
1.128000,1,0,8.636057,38.665845,-24.178131,0.056994
1.130000,1,0,8.036987,38.888410,-25.039230,0.057293
1.132000,1,0,7.596944,38.412980,-25.619279,0.057261
1.134000,1,0,7.128377,38.197934,-26.405921,0.057437
1.136000,1,0,8.209450,39.769452,-31.677700,0.061854
1.138000,1,0,5.935971,37.752467,-27.834894,0.057560
1.140000,1,0,8.114091,41.220445,-31.513494,0.062373
1.142000,1,0,7.600011,40.946833,-32.146064,0.062420
1.144000,1,0,6.605733,40.451687,-33.000504,0.062259
1.146000,1,0,6.612258,37.274319,-32.647661,0.072800
1.148000,1,0,6.291854,41.050210,-38.831105,0.065997
1.150000,1,0,2.843894,38.283995,-34.300825,0.060329
1.152000,1,0,1.440695,36.922265,-33.473689,0.058642
1.154000,1,0,0.519009,35.895800,-33.217753,0.057651
1.156000,1,0,1.630817,37.527872,-38.672672,0.062329
1.158000,1,0,-0.247073,34.909172,-33.516224,0.057105
1.160000,1,0,-1.230002,33.290429,-32.475243,0.055377
1.162000,1,0,-2.640018,31.430413,-30.897973,0.053023
1.164000,1,0,-2.714791,30.942201,-34.378995,0.055929
1.166000,1,0,7.058950,40.226871,-44.130160,0.070149
1.168000,1,0,1.327442,32.407187,-32.464801,0.056721
1.170000,1,0,-4.222634,27.147983,-27.702496,0.048755
1.172000,1,0,-10.676987,21.853593,-22.319765,0.039919
1.174000,1,0,-96.663014,21.473627,198.587930,0.146920
1.176000,1,0,-98.840549,22.399848,203.058738,0.150373
1.178000,1,0,-73.636160,9.797203,177.752049,0.130280
1.180000,1,0,-54.510231,3.963054,133.208899,0.091081
1.182000,1,0,-37.776965,1.951126,107.227498,0.068912
1.184000,1,0,-28.445489,2.440920,94.807689,0.057483
1.186000,1,0,-28.280694,2.885322,100.737517,0.061935
1.188000,1,0,-24.254995,6.543569,92.355930,0.053183
1.190000,1,0,-23.356422,8.924566,91.740945,0.051766
1.192000,1,0,-25.157002,11.011986,92.665800,0.051969
1.194000,1,0,-28.350035,12.897632,93.188297,0.052152
1.196000,1,0,-27.331937,13.098470,94.001432,0.052760
1.198000,1,0,-29.980158,14.505699,93.732641,0.052279
1.200000,1,0,-27.364813,14.175000,84.709438,0.045028
1.202000,1,0,-25.199045,14.176997,80.734118,0.041721
1.204000,1,0,-24.067350,13.993551,75.752446,0.037813
1.206000,1,0,-22.700352,13.737794,72.244871,0.035043
1.208000,1,0,-22.801295,14.328107,73.231848,0.035682
1.210000,1,0,-21.367967,13.132058,68.946207,0.032556
1.212000,1,0,-20.950908,12.646216,67.231069,0.031332
1.214000,1,0,-20.515854,11.603572,64.728864,0.029598
1.216000,1,0,-19.293156,11.372755,62.989989,0.028231
1.218000,1,0,-18.276316,10.562675,61.062407,0.026845
1.220000,1,0,-17.087970,10.948115,61.896535,0.026911
1.222000,1,0,-15.836206,8.494423,57.979350,0.024378
1.224000,1,0,-14.734033,7.421357,55.787957,0.022858
1.226000,1,0,-13.745974,6.049608,52.599836,0.020925
1.228000,1,0,-12.334283,4.920657,51.179028,0.019711
1.230000,1,0,-10.930474,3.348597,48.801496,0.018324
1.232000,1,0,-9.446191,3.880157,48.004285,0.017224
1.234000,1,0,-9.507436,2.211303,47.163693,0.017226
1.236000,1,0,-8.482397,1.370177,46.340520,0.016514
1.238000,1,0,-8.152458,0.479030,45.129811,0.015953
1.240000,1,0,-6.839772,-0.108137,43.555821,0.014762
1.242000,1,0,-4.321490,-1.818463,41.133573,0.012958
1.244000,1,0,-2.328715,-1.455109,38.870710,0.010975
1.246000,1,0,-1.554932,-3.886674,37.803147,0.010745
1.248000,1,0,-1.471656,-4.100842,36.918666,0.010213
1.250000,1,0,0.032957,-5.252064,35.572447,0.009333
1.252000,1,0,1.111484,-6.032254,34.274911,0.008513
1.254000,1,0,1.954787,-6.671324,33.209665,0.007862
1.256000,1,0,2.067067,-6.887861,32.476974,0.007374
1.258000,1,0,2.865396,-7.476437,31.394860,0.006722
1.260000,1,0,3.684002,-7.974811,29.963504,0.005829
1.262000,1,0,5.727818,-9.150474,27.800801,0.004692
1.264000,1,0,8.555838,-8.966710,24.086074,0.003162
1.266000,1,0,4.598594,-8.392615,27.140197,0.004018
1.268000,1,0,5.136791,-8.789538,26.111182,0.003520
1.270000,1,0,6.316826,-9.338055,24.446426,0.002949
1.272000,1,0,7.141804,-9.639436,23.012237,0.002774
1.274000,1,0,7.946764,-9.969622,21.798189,0.002980
1.276000,1,0,8.547149,-10.208891,20.847458,0.003306
1.278000,1,0,9.211624,-10.484567,19.964461,0.003725
1.280000,1,0,9.332278,-10.510271,19.464078,0.003945
1.282000,1,0,9.245082,-10.486042,19.093386,0.004082
1.284000,1,0,9.276108,-10.432024,18.644460,0.004301
1.286000,1,0,9.266171,-10.322395,18.152490,0.004561
1.288000,1,0,9.697375,-10.387229,17.202203,0.005174
1.290000,1,0,8.783131,-8.591778,17.240807,0.005321
1.292000,1,0,7.902262,-8.027648,17.450881,0.005139
1.294000,1,0,11.230985,-7.946888,12.247791,0.009400
1.296000,1,0,8.230956,-8.244242,15.324481,0.006600
1.298000,1,0,6.972423,-8.201639,16.051549,0.005879
1.300000,1,0,6.892328,-8.188692,15.216930,0.006478
1.302000,1,0,3.428617,-8.003800,20.222942,0.002494
1.304000,1,0,6.509358,-7.848667,13.930711,0.007492
1.306000,1,0,9.764215,-7.876790,8.403764,0.012135
1.308000,1,0,6.941766,-7.408983,11.705699,0.009418
1.310000,1,0,5.677104,-7.150147,12.771530,0.008538
1.312000,1,0,4.128380,-6.748061,13.513069,0.007933
1.314000,1,0,7.363348,-6.927045,7.809172,0.012741
1.316000,1,0,3.785665,-3.983538,12.784173,0.009357
1.318000,1,0,2.038247,-3.519100,14.230358,0.008257
1.320000,1,0,0.854155,-3.083022,15.597972,0.007233
1.322000,1,0,0.197215,-3.469185,14.503070,0.007982
1.324000,1,0,-0.086749,-3.906492,13.312315,0.008843
1.326000,1,0,-0.366222,-4.330322,12.160614,0.009530
1.328000,1,0,4.574009,-4.911053,5.134728,0.015391
1.330000,1,0,0.679457,-4.941349,10.410621,0.011133
1.332000,1,0,0.950168,-5.204623,9.710996,0.011448
1.334000,1,0,-3.261136,-5.295541,11.765870,0.009522
1.336000,1,0,-4.590359,-5.256669,12.570499,0.008859
1.338000,1,0,-1.712573,-5.517297,10.374779,0.010785
1.340000,1,0,11.209853,2.873832,1.568828,0.021705
1.342000,1,0,6.880931,2.490737,4.515968,0.018857
1.344000,1,0,6.030498,1.966943,4.721525,0.018479
1.346000,1,0,2.214113,-0.180259,6.873281,0.015853
1.348000,1,0,-1.872161,-2.212079,9.330763,0.013146
1.350000,1,0,-4.517164,-4.691911,10.479282,0.011681
1.352000,1,0,4.451898,-5.777926,0.000935,0.020249
1.354000,1,0,-7.803483,-8.680693,12.866589,0.009453
1.356000,1,0,-6.448207,-11.623460,10.305700,0.009284
1.358000,1,0,-8.615575,-13.516826,14.722258,0.007952
1.360000,1,0,-11.498293,-15.170924,13.088625,0.006514
1.362000,1,0,-9.283096,-15.442765,13.003600,0.010085
1.364000,1,0,-22.783156,-44.111441,190.574984,0.134765
1.366000,1,0,-24.243024,-43.863024,195.721399,0.135568
1.368000,1,0,-25.550120,-43.868700,199.613690,0.136531
1.370000,1,0,-25.611477,-40.765501,186.081279,0.125215
1.372000,1,0,-25.278637,-37.248202,169.758876,0.112143
1.374000,1,0,-25.303290,-37.497283,172.710249,0.114174
1.376000,1,0,-23.402347,-29.502259,138.712584,0.087271
1.378000,1,0,-22.344906,-25.599867,122.617821,0.074674
1.380000,1,0,-21.520132,-22.827415,105.184939,0.061796
1.382000,1,0,-20.410306,-20.071298,91.837836,0.051593
1.384000,1,0,-20.256053,-19.852708,93.572613,0.052557
1.384000,1,0,-19.267617,-17.473436,84.499869,0.045381
1.388000,1,0,-16.881806,-12.696354,67.898883,0.031724
1.390000,1,0,-18.778353,-16.319326,63.110952,0.031248
1.392000,1,0,-17.919487,-14.453155,57.858550,0.026869
1.394000,1,0,-17.592439,-14.171275,55.565240,0.025180
1.396000,1,0,-16.865997,-13.212036,52.998706,0.022877
1.398000,1,0,-16.807037,-12.994483,53.649316,0.023180
1.400000,1,0,-15.354335,-11.376419,48.465296,0.018642
1.402000,1,0,-14.233654,-9.518705,45.075154,0.015270
1.404000,1,0,-13.576275,-8.640681,43.042894,0.013363
1.406000,1,0,-13.010013,-7.810755,41.150083,0.011615
1.408000,1,0,-12.790781,-7.858213,40.578327,0.011201
1.410000,1,0,-11.876771,-6.113732,37.709718,0.008365
1.412000,1,0,-11.281956,-5.100932,36.114261,0.006797
1.414000,1,0,-10.918919,-3.606764,34.083634,0.005014
1.416000,1,0,-10.633385,-3.426090,33.928485,0.004825
1.418000,1,0,-9.759740,-1.549162,31.349810,0.003361
1.420000,1,0,-9.406634,-0.810036,30.184417,0.003338
1.422000,1,0,-8.484800,0.405417,29.051998,0.004276
1.424000,1,0,-8.038686,0.882241,29.041245,0.004789
1.426000,1,0,-7.564305,2.047315,27.503604,0.005963
1.426000,1,0,-6.960762,2.936683,26.347331,0.007548
1.430000,1,0,-6.458170,4.428871,25.039209,0.008795
1.432000,1,0,-5.973179,5.633567,23.813459,0.010260
1.434000,1,0,-5.440964,6.744335,21.602645,0.012210
1.436000,1,0,-4.885110,8.508015,20.432930,0.014031
1.438000,1,0,-4.383570,9.754670,19.192537,0.015599
1.440000,1,0,-4.473784,11.629452,17.542456,0.017421
1.442000,1,0,-4.108739,12.855194,16.496852,0.018823
1.444000,1,0,-3.573471,14.239817,13.601679,0.021384
1.446000,1,0,-3.134480,15.160510,14.488716,0.021623
1.448000,1,0,-2.708731,15.855059,14.603926,0.022164
1.450000,1,0,-2.389543,17.010735,13.518488,0.023512
1.452000,1,0,-1.998347,18.059000,12.394906,0.024854
1.454000,1,0,-1.789103,19.162158,11.181805,0.026182
1.456000,1,0,-1.090507,20.631001,7.754285,0.029164
1.458000,1,0,-1.267282,21.448514,8.099738,0.029264
1.460000,1,0,-0.980297,22.127983,7.776785,0.029937
1.462000,1,0,-0.857693,23.063447,6.765833,0.031022
1.464000,1,0,-0.712955,23.933824,5.706154,0.032106
1.466000,1,0,-0.637989,25.986347,1.386835,0.035608
1.468000,1,0,-0.565014,26.867681,0.213324,0.036731
1.470000,1,0,-1.186844,26.805683,2.194464,0.035261
1.472000,1,0,-1.144206,27.492250,1.327265,0.036095
1.474000,1,0,-1.194103,28.446013,-0.554579,0.037560
1.476000,1,0,-0.225077,22.601409,8.157527,0.046290
1.478000,1,0,-0.690537,29.607414,-2.538844,0.039443
1.480000,1,0,-0.867639,29.724579,-3.146807,0.039725
1.482000,1,0,-0.760398,29.954045,-3.440625,0.040057
1.484000,1,0,-0.761588,30.661420,-5.043655,0.041270
1.486000,1,0,-0.738914,30.871448,-5.449554,0.041617
1.488000,1,0,-0.930608,31.317118,-6.473515,0.042315
1.490000,1,0,-1.757351,33.070726,-11.449943,0.045671
1.492000,1,0,-2.810718,32.254371,-9.454345,0.043564
1.494000,1,0,-2.773859,32.227015,-9.408418,0.043551
1.496000,1,0,-2.629867,32.667436,-10.680781,0.044513
1.498000,1,0,-1.280933,29.421257,-9.601640,0.054395
1.500000,1,0,-2.494639,33.033057,-12.400122,0.045702
1.502000,1,0,-2.797366,32.571787,-12.061009,0.045148
1.504000,1,0,-3.310981,32.608814,-12.924220,0.045388
1.506000,1,0,-4.120237,30.996607,-8.834857,0.041841
1.508000,1,0,-2.545815,28.060862,-8.751180,0.051208
1.510000,1,0,-2.651923,34.054061,-18.839368,0.049857
1.512000,1,0,-3.684978,32.187901,-15.632580,0.046555
1.514000,1,0,-4.133494,32.272347,-16.168590,0.046707
1.516000,1,0,-7.444059,31.587900,-17.311397,0.045528
1.518000,1,0,-7.653031,31.271975,-17.752145,0.045528
1.520000,1,0,-7.391212,31.162148,-17.699500,0.045579
1.522000,1,0,-6.730869,32.433551,-22.446832,0.049321
1.524000,1,0,-6.528785,30.894497,-18.278433,0.046102
1.526000,1,0,-6.186531,30.639620,-18.439539,0.046207
1.528000,1,0,-6.180376,30.827665,-18.989869,0.046623
1.530000,1,0,-6.271999,30.643626,-19.307130,0.046671
1.532000,1,0,-6.444837,29.920946,-19.270718,0.046205
1.534000,1,0,-6.583391,29.652570,-19.536443,0.046164
1.536000,1,0,-6.693251,29.509747,-19.833393,0.046214
1.538000,1,0,-6.788993,29.211296,-20.014469,0.046127
1.540000,1,0,-15.643032,26.326593,-20.049551,0.040883
1.542000,1,0,-15.115917,27.275153,-20.920645,0.042089
1.544000,1,0,-12.382915,26.593623,-19.356538,0.042612
1.546000,1,0,-9.307430,26.342412,-22.114000,0.044882
1.548000,1,0,-5.090462,25.086267,-16.298729,0.042532
1.550000,1,0,-3.360251,24.791530,-15.152984,0.042466
1.552000,1,0,-108.269350,-7.056351,203.212438,0.150871
1.554000,1,0,-113.464399,-10.608100,211.547747,0.157157
1.556000,1,0,-91.624864,-11.309972,175.977533,0.127738
1.558000,1,0,-66.745991,-10.351864,135.721841,0.094405
1.560000,1,0,-46.680268,-8.516426,106.318801,0.069559
1.562000,1,0,-38.285566,-5.857626,92.886652,0.057771
1.564000,1,0,-35.964534,-3.279536,89.801270,0.054390
1.566000,1,0,-33.340880,-0.704258,90.053982,0.053821
1.568000,1,0,-31.486866,3.937785,88.504435,0.051161
1.570000,1,0,-34.413150,5.472451,90.567888,0.052511
1.572000,1,0,-36.278507,5.496817,93.396810,0.054794
1.574000,1,0,-38.500352,5.950765,94.074811,0.055307
1.576000,1,0,-37.051457,6.189819,87.474265,0.050083
1.578000,1,0,-37.007359,6.295671,84.833199,0.048040
1.580000,1,0,-38.578680,6.356389,86.922822,0.049723
1.582000,1,0,-33.346037,5.200254,77.015100,0.042068
1.584000,1,0,-30.364257,4.526649,73.727487,0.039163
1.586000,1,0,-28.436773,3.922888,70.612401,0.036812
1.588000,1,0,-29.454140,4.009412,71.886213,0.037828
1.590000,1,0,-26.583587,2.455917,66.227514,0.033969
1.592000,1,0,-25.505861,2.012235,64.547451,0.032745
1.594000,1,0,-26.296032,2.101735,65.256368,0.033317
1.596000,1,0,-21.864040,0.904948,60.677977,0.029782
1.598000,1,0,-19.760748,0.337457,58.511198,0.028113
1.600000,1,0,-17.216847,-0.248691,55.869584,0.026060
1.602000,1,0,-15.450076,-0.786149,54.369796,0.024918
1.604000,1,0,-13.218783,-1.401421,53.329857,0.023934
1.606000,1,0,-11.069857,-1.894757,51.209611,0.022480
1.608000,1,0,-11.330637,-1.725676,50.779508,0.022119
1.610000,1,0,-9.854879,-2.711168,50.453938,0.021841
1.612000,1,0,-8.771461,-3.194037,49.509205,0.021177
1.614000,1,0,-7.012933,-3.670088,47.581645,0.019900
1.616000,1,0,-8.898219,-3.827251,47.565174,0.019985
1.618000,1,0,-4.199968,-4.616154,44.805133,0.017885
1.620000,1,0,-3.115480,-5.020513,43.227145,0.016731
1.622000,1,0,-0.094786,-4.962881,41.432736,0.015166
1.624000,1,0,-0.118534,-5.219849,40.998162,0.014901
1.626000,1,0,2.574284,-5.139708,38.914533,0.013407
1.628000,1,0,4.118990,-5.047909,37.882163,0.012494
1.630000,1,0,4.911306,-4.846656,35.524010,0.010776
1.632000,1,0,4.418328,-5.337893,37.094869,0.012114
1.634000,1,0,4.805970,-5.436612,36.814474,0.011951
1.636000,1,0,6.395232,-5.131748,35.636009,0.010926
1.638000,1,0,7.716285,-4.882961,34.281167,0.009924
1.640000,1,0,5.073561,-5.078136,35.000176,0.010446
1.642000,1,0,6.337057,-4.663891,33.156236,0.009114
1.644000,1,0,6.979393,-4.548657,31.879241,0.008182
1.646000,1,0,8.070680,-4.241577,28.913684,0.005977
1.648000,1,0,8.809095,-3.911415,29.357888,0.006381
1.650000,1,0,9.592322,-3.581993,28.092849,0.005504
1.652000,1,0,10.928643,-3.268979,24.590098,0.003798
1.654000,1,0,8.840734,-3.093339,28.105170,0.005360
1.656000,1,0,9.445220,-2.228061,27.143167,0.004721
1.658000,1,0,9.273800,-1.892206,26.740009,0.004432
1.660000,1,0,10.984350,-1.381098,22.794063,0.003535
1.662000,1,0,8.265430,-0.996474,26.374314,0.004025
1.664000,1,0,7.676460,-0.665701,26.063762,0.003773
1.666000,1,0,2.829782,-0.716020,28.380128,0.004671
1.668000,1,0,1.893677,-0.495782,28.143668,0.004419
1.670000,1,0,2.491587,-0.171878,26.430280,0.003364
1.672000,1,0,3.178714,0.077912,24.700740,0.002676
1.674000,1,0,3.587502,0.204813,23.252759,0.002608
1.676000,1,0,4.137959,0.335416,21.645721,0.003136
1.678000,1,0,3.525949,0.588445,21.558838,0.003252
1.680000,1,0,2.212369,0.707881,22.146406,0.003002
1.682000,1,0,1.063274,0.874065,22.579920,0.002889
1.684000,1,0,0.018792,0.913274,22.734825,0.002856
1.686000,1,0,-0.880310,0.866510,21.920975,0.003227
1.688000,1,0,-1.681156,0.623730,21.604558,0.003349
1.690000,1,0,-6.130095,1.693400,23.210144,0.003412
1.692000,1,0,-6.854026,1.598666,22.816080,0.003625
1.694000,1,0,-6.257824,1.203334,21.229392,0.004240
1.696000,1,0,-5.531926,0.744347,19.583977,0.005095
1.698000,1,0,-2.880492,1.144474,14.320427,0.008982
1.700000,1,0,-5.094684,0.285349,18.404852,0.005782
1.702000,1,0,-5.069930,0.085974,18.478640,0.005705
1.704000,1,0,-4.818767,-0.389386,17.608492,0.006218
1.706000,1,0,-4.904632,-1.974924,16.392502,0.006757
1.708000,1,0,-4.723965,-2.676592,15.376042,0.007263
1.710000,1,0,-5.866478,-4.122359,16.002653,0.006655
1.712000,1,0,-5.416509,-3.124096,15.729143,0.006957
1.714000,1,0,-5.369770,-4.845198,15.683868,0.006775
1.716000,1,0,-11.808272,0.667287,17.044894,0.007845
1.718000,1,0,-11.429447,2.669452,16.814054,0.008770
1.720000,1,0,-7.782666,0.291712,12.068671,0.011185
1.722000,1,0,-4.719485,-2.181634,8.275701,0.013218
1.724000,1,0,-2.074143,-6.623898,6.524229,0.013225
1.726000,1,0,-0.494341,-8.262797,5.282029,0.013733
1.728000,1,0,1.732454,-9.184308,4.168751,0.014342
1.730000,1,0,4.100827,-9.970185,3.123224,0.014953
1.732000,1,0,7.649551,-11.179928,0.941331,0.016366
1.734000,1,0,16.804073,-11.474107,-8.099420,0.023476
1.736000,1,0,13.416673,-12.501797,-0.382872,0.017902
1.738000,1,0,11.553063,-12.734342,2.361458,0.014956
1.740000,1,0,-25.887197,12.133003,21.304453,0.010598
1.742000,1,0,-17.828064,4.576417,16.420913,0.010045
1.744000,1,0,-22.071348,-39.524287,171.395078,0.133567
1.746000,1,0,-23.095357,-44.197509,183.164046,0.133230
1.748000,1,0,-17.611151,-43.177834,173.310976,0.122253
1.750000,1,0,-12.702254,-41.621651,162.352159,0.111048
1.752000,1,0,-13.155580,-42.042671,165.359090,0.113467
1.754000,1,0,-7.485264,-37.387968,141.365103,0.091707
1.756000,1,0,-5.410899,-34.917780,129.872298,0.081706
1.758000,1,0,-5.405678,-32.269997,119.887056,0.073592
1.760000,1,0,-5.849829,-32.394640,121.985895,0.075266
1.762000,1,0,-6.966097,-27.788981,102.361284,0.060148
1.764000,1,0,-7.730114,-25.433214,93.171512,0.053114
1.766000,1,0,-6.503720,-26.514896,90.133840,0.051099
1.768000,1,0,-6.997598,-27.091124,90.833741,0.052130
1.770000,1,0,-7.664173,-23.423386,77.991175,0.041978
1.772000,1,0,-8.188326,-21.737266,72.246974,0.037531
1.774000,1,0,-8.729038,-19.599762,67.233126,0.033361
1.776000,1,0,-8.877919,-18.750361,63.762069,0.030646
1.778000,1,0,-9.225238,-16.764924,59.401697,0.026900
1.780000,1,0,-9.137713,-16.039155,56.643373,0.024632
1.782000,1,0,-9.161748,-14.667267,53.425836,0.021802
1.784000,1,0,-9.068383,-13.431826,50.564079,0.019238
1.786000,1,0,-9.007776,-12.057240,47.772943,0.016665
1.788000,1,0,-8.820118,-10.821661,45.301376,0.014343
1.790000,1,0,-9.403702,-9.152503,42.405854,0.011778
1.792000,1,0,-9.764107,-8.721526,41.859099,0.011318
1.794000,1,0,-9.001714,-6.413289,38.032469,0.007557
1.796000,1,0,-8.699492,-4.948162,35.821245,0.005589
1.798000,1,0,-8.414663,-3.551690,33.835000,0.004298
1.800000,1,0,-8.744789,-2.937432,32.675707,0.003830
1.802000,1,0,-7.854295,-0.669834,30.314781,0.004588
1.804000,1,0,-7.594909,0.838541,28.480938,0.006008
1.806000,1,0,-7.670816,2.564560,26.211626,0.007966
1.808000,1,0,-7.170707,3.770232,25.346893,0.009373
1.810000,1,0,-6.918200,5.233439,23.940738,0.011119
1.812000,1,0,-7.181909,6.090476,21.970487,0.012585
1.814000,1,0,-6.087334,7.183232,24.189197,0.016541
1.816000,1,0,-7.688035,9.704973,19.277896,0.016280
1.818000,1,0,-8.066642,10.680628,16.864581,0.018114
1.820000,1,0,-8.162187,12.009084,15.509269,0.019703
1.822000,1,0,-7.480509,13.885851,15.392217,0.021221
1.824000,1,0,-6.891983,15.236132,14.878529,0.022588
1.826000,1,0,-6.851533,16.508306,13.746653,0.024052
1.828000,1,0,-6.868497,17.749474,12.532707,0.025520
1.830000,1,0,-7.156385,18.958019,10.877465,0.027115
1.832000,1,0,-6.814556,20.164334,10.150162,0.028408
1.834000,1,0,-7.196424,21.332510,6.897132,0.030866
1.836000,1,0,-6.932507,22.278675,7.980898,0.030924
1.838000,1,0,-7.242300,23.186658,6.777415,0.032067
1.840000,1,0,-8.924076,23.923755,5.410007,0.032835
1.842000,1,0,-9.442180,25.164864,1.732896,0.035552
1.844000,1,0,-9.340456,25.510047,3.250614,0.034921
1.846000,1,0,-9.249276,26.277502,2.470882,0.035861
1.848000,1,0,-9.090243,27.065970,1.384445,0.037001
1.850000,1,0,-9.553712,28.398664,-2.617043,0.039992
1.852000,1,0,-9.443132,28.238176,-1.000087,0.038962
1.854000,1,0,-9.715768,28.721903,-2.140204,0.039810
1.856000,1,0,-9.723561,29.265612,-3.233747,0.040759
1.858000,1,0,-9.961232,30.740337,-7.470344,0.044057
1.860000,1,0,-10.003201,30.043545,-5.160357,0.042268
1.862000,1,0,-10.347525,30.340266,-6.192944,0.042927
1.864000,1,0,-10.239765,30.645742,-6.968909,0.043605
1.866000,1,0,-12.766649,30.173833,-8.816112,0.043717
1.868000,1,0,-13.167024,30.323436,-10.047067,0.044420
1.870000,1,0,-13.079287,30.547263,-10.954046,0.045107
1.872000,1,0,-12.927250,30.750520,-11.794439,0.045759
1.874000,1,0,-12.856337,30.920497,-12.652626,0.046384
1.876000,1,0,-12.774677,31.050654,-13.558569,0.047018
1.878000,1,0,-12.805912,31.098147,-14.404173,0.047540
1.880000,1,0,-13.031829,31.192645,-15.514813,0.048176
1.882000,1,0,-12.965252,31.152326,-16.239083,0.048604
1.884000,1,0,-12.955584,31.010945,-16.737399,0.048851
1.886000,1,0,-13.235653,31.027213,-17.763247,0.049383
1.888000,1,0,-13.562583,30.885916,-18.405893,0.049638
1.890000,1,0,-17.066168,29.223213,-20.270096,0.048834
1.892000,1,0,-17.371994,28.989924,-20.988045,0.049062
1.894000,1,0,-17.531889,30.489135,-25.935536,0.052941
1.896000,1,0,-16.437518,29.168184,-21.383089,0.049655
1.898000,1,0,-15.754349,29.158362,-20.980626,0.049580
1.900000,1,0,-15.009333,28.793392,-20.655684,0.049384
1.902000,1,0,-14.934757,30.310079,-25.533264,0.053301
1.904000,1,0,-14.725379,28.530719,-21.295819,0.049703
1.906000,1,0,-14.638476,28.254022,-21.159845,0.049484
1.908000,1,0,-14.631268,28.183451,-21.712247,0.049762
1.910000,1,0,-14.527419,27.803913,-21.722802,0.049607
1.912000,1,0,-14.536396,29.757485,-26.830992,0.053921
1.914000,1,0,-22.324435,22.377855,-24.130451,0.047290
1.916000,1,0,-22.056964,22.381165,-24.616367,0.046221
1.918000,1,0,-22.056964,22.381165,-24.616367,0.046221
1.920000,1,0,-20.699108,23.898699,-28.658300,0.049995
1.922000,1,0,-16.177134,22.794127,-21.002122,0.047264
1.924000,1,0,-13.792768,24.265623,-19.801378,0.046463
1.926000,1,0,-9.681244,25.179563,-17.650582,0.046820
1.928000,1,0,-7.390407,25.625802,-16.419819,0.046994
1.930000,1,0,-7.105053,25.563877,-16.198079,0.046927
1.932000,1,0,-3.627912,22.030667,-11.971486,0.059672
1.934000,1,0,-112.300730,-30.607892,220.635287,0.164738
1.936000,1,0,-116.683608,-36.715377,230.882362,0.172240
1.938000,1,0,-92.036573,-34.820030,187.770591,0.137391
1.940000,1,0,-56.576087,-24.082598,131.556709,0.090992
1.942000,1,0,-59.431249,-24.843507,136.335319,0.094821
1.944000,1,0,-24.533999,-13.733299,80.253409,0.047930
1.946000,1,0,-13.837708,-9.049146,63.260226,0.033580
1.948000,1,0,-16.098840,-7.128618,68.415638,0.036825
1.950000,1,0,-22.538257,-6.300626,79.665770,0.045051
1.952000,1,0,-27.628215,-5.670393,88.006476,0.051134
1.954000,1,0,-29.902160,-6.322942,91.357866,0.053838
1.956000,1,0,-30.993365,-4.253639,91.037433,0.052850
1.958000,1,0,-30.771906,-3.193078,89.134390,0.051046
1.960000,1,0,-28.820813,-1.951067,87.895476,0.049329
1.962000,1,0,-28.723999,-2.130655,82.820005,0.045803
1.964000,1,0,-30.546324,-2.652517,85.097546,0.047639
1.966000,1,0,-27.414899,-2.250096,78.076091,0.042072
1.968000,1,0,-25.630392,-1.902039,74.383493,0.039128
1.970000,1,0,-24.500829,-1.751566,72.148922,0.037355
1.972000,1,0,-23.654587,-1.729686,70.566092,0.036114
1.974000,1,0,-22.812295,-1.755932,69.122103,0.034992
1.976000,1,0,-24.129753,-2.160658,70.212693,0.035880
1.978000,1,0,-20.790640,-1.958620,65.927750,0.032552
1.980000,1,0,-18.833704,-1.914961,63.186292,0.030439
1.982000,1,0,-17.233673,-1.759182,62.181670,0.029319
1.984000,1,0,-16.456029,-2.190004,60.064292,0.028089
1.986000,1,0,-15.328445,-2.369663,58.726008,0.027097
1.988000,1,0,-14.061276,-2.521647,57.243832,0.025994
1.990000,1,0,-13.887204,-3.055263,57.027440,0.025659
1.992000,1,0,-12.581843,-3.227795,55.379703,0.024455
1.994000,1,0,-10.887298,-3.346798,52.805294,0.022751
1.996000,1,0,-8.957789,-3.247153,50.684992,0.021141
1.998000,1,0,-7.069613,-3.026103,49.140920,0.019778
2.000000,1,0,-5.527955,-3.060921,47.207697,0.018525
2.002000,1,0,-5.757545,-3.109446,46.033676,0.017588
2.004000,1,0,-2.594899,-2.882081,44.483439,0.016512
2.006000,1,0,-0.562865,-2.594534,42.943036,0.015232
2.008000,1,0,0.765644,-2.529014,41.454837,0.014304
2.010000,1,0,1.912410,-2.304313,40.700389,0.013620
2.012000,1,0,2.950119,-2.209032,39.537630,0.012931
2.014000,1,0,3.281660,-2.044629,37.411521,0.011245
2.016000,1,0,2.929328,-2.659733,38.707367,0.012260
2.018000,1,0,3.735199,-2.614396,37.783309,0.011723
2.020000,1,0,5.404798,-2.036443,36.122859,0.010404
2.022000,1,0,7.085941,-1.485332,34.108306,0.009057
2.024000,1,0,7.855309,-0.961882,31.333527,0.006876
2.026000,1,0,9.495061,-0.410555,31.403803,0.007210
2.028000,1,0,10.532768,0.125606,30.601551,0.006652
2.030000,1,0,11.104737,0.528096,29.771171,0.006222
2.032000,1,0,11.425356,0.942760,29.237722,0.005889
2.034000,1,0,11.790017,1.637498,28.641052,0.005522
2.036000,1,0,12.672876,1.798459,25.251410,0.003933
2.038000,1,0,11.828999,2.113241,27.798005,0.005010
2.040000,1,0,8.472057,1.280206,29.766830,0.005670
2.042000,1,0,8.213080,1.572538,29.286947,0.005353
2.044000,1,0,8.954481,2.229641,27.766691,0.004465
2.046000,1,0,9.679581,2.891581,26.268106,0.003829
2.048000,1,0,10.649190,3.573895,22.349015,0.003747
2.050000,1,0,9.722426,3.845558,25.027678,0.003544
2.052000,1,0,9.091512,4.080246,25.524887,0.003611
2.054000,1,0,8.527103,4.398459,25.636817,0.003589
2.056000,1,0,7.826863,4.596840,25.617681,0.003545
2.058000,1,0,6.511079,4.726539,25.805680,0.003511
2.060000,1,0,8.692469,5.347378,20.923643,0.004957
2.062000,1,0,4.640076,4.565104,25.878016,0.003360
2.064000,1,0,4.840441,4.577549,25.769696,0.003356
2.066000,1,0,1.172936,5.279197,26.345868,0.003692
2.068000,1,0,-0.104937,5.210375,26.407753,0.003782
2.070000,1,0,0.358395,5.209424,25.330702,0.003938
2.072000,1,0,0.134606,4.839450,24.503986,0.004140
2.074000,1,0,-0.582854,4.218127,24.198255,0.004184
2.076000,1,0,-1.049881,3.758506,23.637979,0.004415
2.078000,1,0,-1.859966,3.175526,23.562654,0.004450
2.080000,1,0,-3.841511,1.698516,24.246218,0.003984
2.082000,1,0,-3.512873,1.908138,23.484260,0.004499
2.084000,1,0,-1.782910,1.809471,18.427229,0.007682
2.086000,1,0,-5.150484,-0.648136,23.032285,0.004372
2.088000,1,0,-6.292881,-1.474939,23.760779,0.003980
2.090000,1,0,-6.491187,6.285547,22.050622,0.008006
2.092000,1,0,-6.364440,5.993064,20.740836,0.008822
2.094000,1,0,-6.683437,1.781548,19.866994,0.008051
2.096000,1,0,-6.128270,1.477832,18.097825,0.009195
2.098000,1,0,-5.356617,-0.359451,16.576356,0.009726
2.100000,1,0,-4.744665,-1.998005,15.086593,0.010451
2.102000,1,0,-3.945335,-3.905487,13.250411,0.010995
2.104000,1,0,-0.754336,-8.407187,11.057065,0.011076
2.106000,1,0,-2.071022,-6.591161,10.304708,0.012331
2.108000,1,0,2.479759,-5.381965,3.422066,0.017572
2.110000,1,0,0.532335,-8.008660,9.498159,0.013747
2.112000,1,0,0.340043,-10.475405,7.837861,0.012940
2.114000,1,0,1.863348,-11.754899,6.135091,0.013780
2.116000,1,0,9.339599,29.410065,-11.383308,0.038532
2.118000,1,0,5.522779,15.112181,-4.639807,0.029125
2.120000,1,0,9.382751,7.578077,-8.842703,0.029830
2.122000,1,0,12.205518,0.060629,-10.844452,0.028891
2.124000,1,0,7.807141,-18.884402,-3.200296,0.018946
2.126000,1,0,-10.904319,-39.817526,169.864550,0.135675
2.128000,1,0,-14.150135,-43.667336,177.364198,0.135615
2.130000,1,0,-8.816832,-41.987600,166.841129,0.122910
2.132000,1,0,-1.008389,-39.341329,155.776792,0.109167
2.134000,1,0,4.283903,-36.452242,145.197964,0.097380
2.136000,1,0,7.109578,-33.690626,135.353112,0.087384
2.138000,1,0,10.859278,-30.509150,125.605675,0.077365
2.140000,1,0,15.141716,-30.310859,118.964964,0.071454
2.142000,1,0,14.492622,-28.164071,111.800911,0.065268
2.144000,1,0,11.965746,-24.074391,107.625442,0.063190
2.146000,1,0,12.588009,-26.465603,107.583879,0.061712
2.148000,1,0,8.116965,-20.577712,95.822448,0.052561
2.150000,1,0,6.457462,-20.382673,87.323138,0.045310
2.152000,1,0,4.759354,-18.648480,81.890057,0.040869
2.154000,1,0,2.931289,-16.811285,76.546366,0.036471
2.156000,1,0,1.756749,-15.505526,71.913514,0.032718
2.158000,1,0,0.227819,-13.778616,67.016289,0.028647
2.160000,1,0,-0.456637,-12.810602,63.334581,0.025651
2.162000,1,0,-1.358206,-11.570810,59.424293,0.022413
2.164000,1,0,-2.204886,-10.373585,55.727553,0.019348
2.166000,1,0,-3.594749,-9.047547,51.779375,0.016150
2.168000,1,0,-4.340360,-7.910667,48.489422,0.013435
2.170000,1,0,-4.884456,-6.783745,45.469665,0.010941
2.172000,1,0,-5.252485,-5.707896,42.731290,0.008744
2.174000,1,0,-5.640768,-4.598264,40.112831,0.006825
2.176000,1,0,-6.097240,-3.453137,37.583048,0.005388
2.178000,1,0,-6.436040,-2.336926,35.280684,0.004818
2.180000,1,0,-6.724871,-1.216798,33.134768,0.005223
2.182000,1,0,-6.986583,-0.078363,31.120236,0.006339
2.184000,1,0,-7.229388,1.077610,29.226844,0.007814
2.186000,1,0,-7.462519,2.257602,27.439238,0.009447
2.188000,1,0,-7.682015,3.447067,25.758609,0.011130
2.190000,1,0,-8.876498,4.934386,23.055965,0.013489
2.192000,1,0,-9.436102,5.703183,21.128172,0.015050
2.194000,1,0,-8.884511,7.369765,20.766637,0.016568
2.196000,1,0,-9.087605,8.661128,19.397973,0.018254
2.198000,1,0,-9.635004,9.934359,17.493918,0.020182
2.200000,1,0,-10.121428,10.883113,15.111448,0.022199
2.202000,1,0,-9.948796,12.498692,15.168849,0.023320
2.204000,1,0,-9.894398,13.827409,14.648893,0.024573
2.206000,1,0,-10.576722,14.779534,11.831562,0.026834
2.208000,1,0,-10.814513,16.130282,11.968620,0.027634
2.210000,1,0,-11.024081,17.415843,11.171613,0.028974
2.212000,1,0,-11.700178,18.439376,8.046872,0.031475
2.214000,1,0,-12.190073,19.546256,6.571419,0.033047
2.216000,1,0,-13.321258,20.381936,7.360179,0.033014
2.218000,1,0,-13.321258,20.381936,7.360179,0.033014
2.220000,1,0,-14.603817,22.461374,2.902478,0.036969
2.222000,1,0,-14.634817,23.130168,4.565680,0.036388
2.224000,1,0,-8.676904,17.779971,21.816180,0.049860
2.226000,1,0,-15.470883,24.931514,2.493810,0.038735
2.228000,1,0,-15.787196,24.953052,2.227579,0.038857
2.230000,1,0,-16.310772,25.484871,1.135561,0.039809
2.232000,1,0,-16.893686,25.895423,-0.255667,0.040843
2.234000,1,0,-17.422775,26.444610,-1.268916,0.041781
2.236000,1,0,-17.964758,26.831358,-2.505181,0.042732
2.238000,1,0,-18.527447,27.157714,-3.718645,0.043633
2.240000,1,0,-19.474688,27.262076,-5.157393,0.044504
2.242000,1,0,-20.076929,27.371914,-6.411559,0.045294
2.244000,1,0,-20.613559,27.456669,-7.803398,0.046139
2.246000,1,0,-21.167138,27.464965,-8.977769,0.046851
2.248000,1,0,-21.657127,27.481627,-10.433162,0.047704
2.250000,1,0,-22.140834,27.331177,-11.531863,0.048284
2.252000,1,0,-22.612774,27.173881,-12.742048,0.048911
2.254000,1,0,-23.296491,28.616137,-17.478863,0.052764
2.256000,1,0,-23.553082,26.697141,-15.192228,0.050097
2.258000,1,0,-24.047027,26.507645,-16.652767,0.050849
2.260000,1,0,-24.397688,26.057036,-17.644930,0.051210
2.262000,1,0,-24.852818,25.820390,-19.056391,0.051915
2.264000,1,0,-25.220837,25.249760,-20.101906,0.052244
2.266000,1,0,-24.839392,24.658545,-20.758014,0.052329
2.268000,1,0,-25.201949,24.357577,-22.007873,0.052912
2.270000,1,0,-23.154580,21.774705,-18.288795,0.057526
2.272000,1,0,-25.707485,23.160527,-23.697990,0.053291
2.274000,1,0,-26.093542,22.820366,-24.763270,0.053736
2.276000,1,0,-26.280149,21.834460,-25.163490,0.053417
2.278000,1,0,-25.447173,21.953921,-27.686018,0.060149
2.280000,1,0,-26.595543,20.893283,-26.093318,0.053451
2.282000,1,0,-26.663771,20.408975,-26.488300,0.053418
2.284000,1,0,-25.664082,19.116875,-24.888870,0.055243
2.286000,1,0,-26.705068,19.578294,-26.912607,0.053196
2.288000,1,0,-26.774380,19.310242,-27.277922,0.053236
2.290000,1,0,-21.164197,19.431185,-23.422382,0.051284
2.292000,1,0,-21.431431,19.574907,-23.740346,0.051571
2.294000,1,0,-22.378810,18.728755,-24.193133,0.051259
2.296000,1,0,-23.485500,17.866310,-24.761015,0.050999
2.298000,1,0,-23.882197,16.521188,-24.661163,0.050046
2.300000,1,0,-25.227310,16.583286,-25.543850,0.050556
2.302000,1,0,-25.460351,15.877669,-25.010274,0.051924
2.304000,1,0,-25.850952,15.294203,-24.794539,0.051206
2.306000,1,0,-26.768813,15.265649,-25.712330,0.049656
2.308000,1,0,-26.577885,14.433309,-25.315028,0.048811
2.310000,1,0,-26.661575,13.732007,-24.677718,0.047948
2.312000,1,0,-26.809635,13.476014,-24.292537,0.047485
2.314000,1,0,-26.703776,13.433389,-23.613146,0.048478
2.316000,1,0,-11.033319,16.745369,-12.413212,0.043278
2.318000,1,0,-14.843801,15.813840,-14.407612,0.043518
2.320000,1,0,-77.481920,-58.975136,217.153925,0.159875
2.322000,1,0,-77.894238,-64.147722,225.897453,0.166030
2.324000,1,0,-56.003205,-53.324653,181.047114,0.130288
2.326000,1,0,-31.528861,-39.042679,129.983481,0.089512
2.328000,1,0,-6.334685,-23.084462,77.065281,0.047234
2.330000,1,0,2.069070,-14.393081,60.047242,0.032545
2.332000,1,0,0.712025,-10.710685,62.881520,0.033436
2.332000,1,0,0.712025,-10.710685,62.881520,0.033436
2.336000,1,0,-3.434908,-9.242557,75.954847,0.041937
2.338000,1,0,-13.748697,-6.345655,91.493102,0.051895
2.340000,1,0,-17.715343,-0.416838,93.921275,0.052154
2.342000,1,0,-22.250774,1.275543,98.408804,0.054558
2.344000,1,0,-23.604335,2.982448,97.416019,0.053124
2.346000,1,0,-25.647616,1.648665,94.828433,0.050947
2.348000,1,0,-25.257242,1.238479,90.945120,0.047914
2.350000,1,0,-22.987815,1.997528,86.303994,0.044323
2.352000,1,0,-23.812929,0.787878,83.004787,0.041783
2.354000,1,0,-23.184721,0.892058,81.051892,0.040242
2.356000,1,0,-23.681682,0.289382,80.000326,0.039418
2.358000,1,0,-25.636087,-1.443563,79.921071,0.039385
2.360000,1,0,-25.988434,-2.060122,79.015878,0.038712
2.362000,1,0,-26.102343,-2.669292,77.636916,0.037701
2.364000,1,0,-25.960867,-3.134728,76.020423,0.036516
2.366000,1,0,-24.249621,-2.808814,73.434474,0.034641
2.368000,1,0,-24.045418,-3.455586,71.955539,0.033620
2.370000,1,0,-24.064114,-4.152183,70.942862,0.032954
2.372000,1,0,-23.047245,-3.346900,71.778853,0.033116
2.374000,1,0,-24.170693,-5.445490,69.042833,0.031754
2.376000,1,0,-24.082577,-6.358056,67.675319,0.030888
2.378000,1,0,-23.898897,-7.504686,66.149755,0.029960
2.380000,1,0,-22.508904,-8.664905,63.497823,0.028258
2.382000,1,0,-21.778205,-8.034977,61.937578,0.027015
2.384000,1,0,-20.369350,-8.742152,59.245197,0.025246
2.386000,1,0,-18.701695,-10.689958,55.946648,0.023345
2.388000,1,0,-17.073458,-11.411666,53.163198,0.021558
2.390000,1,0,-14.538093,-11.344341,50.174172,0.019596
2.392000,1,0,-12.291389,-11.568363,47.428256,0.017840
2.394000,1,0,-10.513324,-11.977213,45.142419,0.016421
2.396000,1,0,-9.184502,-12.523904,43.164124,0.015209
2.398000,1,0,-7.247237,-12.833674,40.782757,0.013719
2.400000,1,0,-7.232244,-14.062830,39.497159,0.013034
2.402000,1,0,-4.718646,-14.204914,36.430327,0.011109
2.404000,1,0,-0.514083,-13.380717,32.010814,0.008163
2.406000,1,0,5.294307,-11.367024,26.850082,0.004830
2.408000,1,0,6.512419,-10.421149,23.558648,0.002610
2.410000,1,0,10.908546,-10.259187,22.211405,0.003167
2.412000,1,0,13.027842,-10.825475,20.030343,0.003513
2.414000,1,0,15.479755,-10.505922,17.899708,0.004195
2.416000,1,0,17.982822,-9.617497,16.279592,0.005459
2.418000,1,0,20.066093,-9.563064,13.897201,0.006944
2.420000,1,0,25.257109,-6.677619,8.877175,0.009448
2.422000,1,0,27.973900,-5.711740,6.076554,0.011339
2.424000,1,0,30.856258,-4.773502,2.627226,0.013674
2.426000,1,0,34.700580,-1.267856,0.157139,0.016217
2.428000,1,0,36.928060,-0.523216,-1.724451,0.016996
2.430000,1,0,39.098560,0.961386,-3.073899,0.017999
2.432000,1,0,41.172528,2.841768,-4.400072,0.019252
2.434000,1,0,43.198675,4.867828,-5.983606,0.020437
2.436000,1,0,45.302292,7.114462,-7.668889,0.021680
2.438000,1,0,47.264468,9.475744,-9.256739,0.022588
2.440000,1,0,46.343267,7.576825,-8.356970,0.021410
2.442000,1,0,46.670481,11.057614,-9.147195,0.022388
2.444000,1,0,48.386279,13.056271,-10.649412,0.023266
2.446000,1,0,49.419127,16.133392,-11.882883,0.023932
2.448000,1,0,50.467950,19.310940,-13.156367,0.024839
2.450000,1,0,52.237115,22.026832,-14.578221,0.025420
2.452000,1,0,48.641410,26.672950,-12.873608,0.025097
2.454000,1,0,46.363438,30.080229,-11.332094,0.024571
2.456000,1,0,41.638114,32.744938,-7.535036,0.022755
2.458000,1,0,37.479165,35.318510,-3.835437,0.021078
2.460000,1,0,29.288205,37.588822,2.751202,0.018581
2.462000,1,0,29.684156,39.961797,4.208940,0.018078
2.464000,1,0,25.163832,41.019007,8.575191,0.016220
2.466000,1,0,23.856909,39.120333,1.382100,0.021894
2.468000,1,0,25.231865,41.887320,4.459792,0.019210
2.470000,1,0,14.209287,39.799865,15.001383,0.013899
2.470000,1,0,8.324421,38.364831,20.317160,0.011761
2.474000,1,0,-5.753938,32.892276,39.986145,0.014067
2.476000,1,0,-6.283808,33.752564,44.197475,0.016873
2.478000,1,0,-11.022965,31.840337,49.546684,0.019957
2.480000,1,0,-30.476239,21.349343,63.333234,0.028004
2.482000,1,0,-36.266215,16.918003,67.947647,0.030824
2.484000,1,0,-21.992721,28.647047,57.681729,0.023666
2.486000,1,0,-20.948610,31.056911,55.500238,0.021467
2.488000,1,0,-27.047791,28.615769,61.929543,0.024223
2.490000,1,0,23.111873,78.043038,24.714854,0.021225
2.492000,1,0,18.448378,72.174581,29.490628,0.019174
2.494000,1,0,-3.858185,44.971869,51.121985,0.015440
2.496000,1,0,8.073912,63.290308,43.227965,0.016238
2.498000,1,0,-7.088589,52.554172,57.985182,0.017328
2.500000,1,0,-33.217946,32.178490,78.648568,0.025805
2.502000,1,0,40.700757,2.064960,352.854180,0.256065
2.504000,1,0,42.338587,1.692750,360.558731,0.261510
2.506000,1,0,65.040334,28.257812,297.700042,0.252531
2.508000,1,0,230.862010,171.354288,59.847947,0.292113
2.510000,1,0,520.931627,444.763689,-289.158926,0.353724
2.512000,1,0,790.712201,725.199549,-511.544238,0.392098
2.514000,1,0,788.357393,723.069625,-500.620615,0.396526
2.516000,1,0,1201.560402,1188.313196,-573.517639,0.382279
2.518000,1,0,1297.107125,1304.076217,-427.794769,0.342085
2.520000,1,0,1491.789123,1521.229281,-283.087889,0.302954
2.522000,1,0,1156.698882,1133.582316,10.552282,0.242865
2.524000,1,0,654.145513,563.429750,166.521933,0.214948
2.526000,1,0,76.207742,22.533960,193.266948,0.235173
2.528000,1,0,-14.845611,120.171808,144.139324,0.277069
2.530000,1,0,356.828213,707.691080,-4.191775,0.331336
2.532000,1,0,1028.264866,1420.862444,-335.514336,0.391653
2.534000,1,0,1222.866204,1397.141782,-543.856498,0.353663
2.536000,1,0,974.925453,971.412691,-498.881392,0.241196
2.538000,1,0,641.956703,572.384958,-347.794017,0.117142
2.538000,1,0,641.956703,572.384959,-347.794016,0.117142
2.542000,1,0,439.498014,363.456983,-272.948467,0.024306
2.544000,1,0,239.745678,172.229431,-187.089975,0.117649
2.546000,1,0,258.254419,183.297235,-221.661146,0.136695
2.548000,1,0,344.147598,241.604772,-298.173936,0.115851
2.550000,1,0,462.192879,310.533775,-408.265302,0.097565
2.552000,1,0,759.010892,466.601409,-673.530793,0.066345
2.554000,1,0,891.828152,498.355264,-817.897178,0.069281
2.556000,1,0,812.661262,417.730240,-783.327106,0.088593
2.558000,1,0,644.979969,312.149807,-660.976567,0.129653
2.560000,1,0,506.051426,236.673371,-553.848433,0.168093
2.562000,1,0,346.757365,166.071274,-415.944717,0.199468
2.564000,1,0,221.115550,117.859619,-305.576225,0.227159
2.566000,1,0,228.537935,126.672763,-313.720149,0.225617
2.568000,1,0,274.686578,139.270574,-358.220736,0.205777
2.570000,1,0,312.800068,145.409641,-396.609908,0.189324
2.572000,1,0,316.897762,139.461432,-402.469588,0.180466
2.574000,1,0,319.281372,132.770189,-407.794800,0.172431
2.576000,1,0,289.215693,119.167336,-380.706419,0.170814
2.578000,1,0,246.117519,104.886645,-339.395455,0.173172
2.580000,1,0,190.054912,91.473042,-283.684602,0.175222
2.582000,1,0,137.354259,80.377294,-229.256962,0.175985
2.584000,1,0,138.260631,81.367208,-228.856976,0.178251
2.586000,1,0,63.330660,67.952392,-147.328878,0.170345
2.588000,1,0,40.564722,63.306820,-124.441736,0.165924
2.590000,1,0,23.389300,67.380708,-101.997042,0.165306
2.592000,1,0,11.218049,65.027836,-88.406865,0.158924
2.594000,1,0,12.372076,67.336972,-87.727520,0.162605
2.596000,1,0,-0.425034,62.723606,-69.969904,0.145898
2.598000,1,0,-0.514826,61.896901,-66.504647,0.139573
2.600000,1,0,1.830687,60.163792,-67.319547,0.132441
2.602000,1,0,6.913823,59.609739,-68.948835,0.126479
2.604000,1,0,14.140490,59.379602,-72.573186,0.120973
2.606000,1,0,16.203628,62.566980,-72.426868,0.125921
2.608000,1,0,30.928391,60.798882,-79.901625,0.112759
2.610000,1,0,40.545029,58.756325,-88.470736,0.106290
2.612000,1,0,51.241294,61.070441,-93.287530,0.104738
2.614000,1,0,57.268574,59.644325,-97.134404,0.100254
2.616000,1,0,63.882333,57.614094,-99.503335,0.098545
2.618000,1,0,63.882333,57.614094,-99.503335,0.098545
2.620000,1,0,69.236579,54.340050,-103.796823,0.091125
2.622000,1,0,77.923952,56.318929,-108.003376,0.094845
2.624000,1,0,90.722087,58.598089,-115.848291,0.098924
2.626000,1,0,116.390944,57.122518,-132.734913,0.089091
2.628000,1,0,132.191064,57.565540,-144.401079,0.086173
2.630000,1,0,157.835385,59.830569,-163.361830,0.082094
2.632000,1,0,185.737830,62.856053,-183.204029,0.077797
2.634000,1,0,211.957093,65.908765,-200.942230,0.074034
2.636000,1,0,233.778324,67.622054,-214.369898,0.071028
2.636000,1,0,233.778324,67.622054,-214.369898,0.071028
2.640000,1,0,258.412412,77.554267,-225.886554,0.077612
2.642000,1,0,261.374110,78.230963,-228.791648,0.083115
2.644000,1,0,256.081608,67.636277,-222.325830,0.076785
2.646000,1,0,249.237939,59.750616,-218.193323,0.076128
2.648000,1,0,241.181690,50.423745,-213.858565,0.073543
2.650000,1,0,228.234488,40.280268,-204.416380,0.068638
2.652000,1,0,217.000560,34.016194,-194.824080,0.066082
2.654000,1,0,201.827127,23.237193,-178.816612,0.048868
2.656000,1,0,189.424749,9.244686,-169.741298,0.040513
2.658000,1,0,174.972146,-1.805563,-156.141179,0.032709
2.660000,1,0,166.323480,-4.940754,-143.166053,0.030112
2.662000,1,0,164.167044,-3.786892,-132.123075,0.027392
2.664000,1,0,125.609125,-26.605159,-97.057386,0.068273
2.666000,1,0,177.694165,64.545340,-154.347881,0.134411
2.668000,1,0,150.762336,47.119656,-123.376594,0.083973
2.670000,1,0,150.031475,49.486121,-116.962931,0.093491
2.672000,1,0,121.451927,26.300953,-98.842428,0.055932
2.674000,1,0,93.895563,1.004754,-88.946648,0.035107
2.676000,1,0,67.917831,-20.281122,-73.661081,0.035346
2.678000,1,0,39.881104,-38.727393,-51.824456,0.064717
2.680000,1,0,-1.268893,-67.050025,-16.211197,0.131446
2.682000,1,0,-11.225900,-66.817923,-3.564672,0.140995
2.684000,1,0,35.227182,-47.938838,-26.399339,0.055619
2.686000,1,0,-39.051227,-72.552022,38.429904,0.188922
2.688000,0,1,0.000000,0.000000,0.000000,-1.000000
2.690000,0,2,0.000000,0.000000,0.000000,-1.000000
2.692000,0,3,0.000000,0.000000,0.000000,-1.000000
2.694000,1,3,155.774588,84.852027,-134.894707,0.332566
2.696000,1,3,129.131591,54.447343,-101.425605,0.256042
2.698000,1,3,95.344803,31.314549,-100.900515,0.214804
2.700000,1,3,64.840610,-10.827136,-106.925611,0.167783
2.702000,1,3,30.451755,-10.058603,-37.676362,0.062740
2.704000,1,3,48.319924,-25.453834,-91.956341,0.117581
2.706000,1,3,75.221939,-21.589586,-119.602244,0.148638
2.708000,1,3,60.168202,-30.777619,-116.065530,0.114427
2.710000,1,3,93.897466,-15.525826,-143.656878,0.178760
2.712000,1,3,85.874239,-10.166185,-145.654987,0.179945
2.714000,1,3,101.248861,-1.747203,-155.364823,0.209793
2.716000,1,3,119.241055,28.303584,-172.371624,0.275766
2.718000,1,3,118.189452,21.757889,-171.669143,0.264764
2.720000,1,3,113.064144,11.149621,-162.951448,0.239025
2.722000,1,3,116.200791,1.358467,-157.593685,0.214498
2.724000,1,3,152.533670,-4.186952,-165.520069,0.225981
2.726000,1,3,134.350018,-16.624135,-146.908692,0.148488
2.728000,1,3,153.960897,-23.508591,-140.759036,0.109416
2.730000,1,3,150.435863,-32.306674,-138.867231,0.097248
2.732000,1,3,204.662845,-39.078151,-141.404393,0.066772
2.734000,1,3,204.662845,-39.078151,-141.404393,0.066772
2.736000,1,3,202.567645,-38.230857,-139.881414,0.047579
2.738000,1,3,232.939605,-38.281851,-144.854089,0.051516
2.740000,1,3,116.926394,-8.184801,-93.175069,0.047789
2.742000,1,3,52.006635,-3.478504,-63.004609,0.049052
2.744000,1,3,5.218169,10.079130,-26.638114,0.055426
2.746000,1,3,17.799053,12.027641,-41.436119,0.063789
2.748000,1,3,18.698229,25.397679,-36.862782,0.067860
2.750000,1,3,53.504548,39.406783,-46.548751,0.115525
2.752000,1,3,47.102107,37.525468,-42.056933,0.085560
2.754000,1,3,54.140707,41.338730,-42.466140,0.086695
2.756000,1,3,57.258817,43.942336,-43.797840,0.088583
2.758000,1,3,67.446984,43.809462,-47.592050,0.085506
2.760000,1,3,78.336607,45.249720,-53.106384,0.091491
2.762000,1,3,78.191944,42.393125,-54.419798,0.083575
2.764000,1,3,70.463285,39.137081,-54.117105,0.074738
2.766000,1,3,57.820444,7.255986,-57.214900,0.062262
2.768000,1,3,62.955520,13.801865,-61.499586,0.066222
2.770000,1,3,69.255451,23.466266,-66.318818,0.073670
2.772000,1,3,74.738736,30.195673,-72.000765,0.082095
2.774000,1,3,78.233823,33.902255,-77.739142,0.089490
2.776000,1,3,83.359850,39.214975,-88.601453,0.098943
2.778000,1,3,10.976981,39.738119,-49.056756,0.110519
2.780000,1,3,110.811935,37.513023,-116.051864,0.125718
2.782000,1,3,32.452204,36.231438,-79.879541,0.101859
2.784000,1,3,47.571781,34.576129,-89.505257,0.100239
2.786000,1,3,167.392674,27.592286,-161.634329,0.175641
2.788000,1,3,56.697352,23.826484,-120.190389,0.107964
2.790000,1,3,83.317421,43.989177,-129.272635,0.123987
2.792000,1,3,99.088870,37.689483,-149.382118,0.130435
2.794000,1,3,113.486044,28.862613,-168.182404,0.135725
2.796000,1,3,244.836396,38.114958,-233.307349,0.254822
2.798000,1,3,472.675480,-44.891851,-404.469252,0.192874
2.800000,1,3,379.480003,-46.884353,-365.453396,0.215732
2.802000,1,3,355.276556,-90.782268,-360.232037,0.219014
2.804000,1,3,329.187013,-113.146551,-346.175195,0.223271
2.806000,1,3,316.335115,-119.715853,-330.106067,0.225227
2.808000,1,3,319.331664,-121.618983,-332.635455,0.228535
2.810000,1,3,350.413211,-140.893286,-332.302311,0.254516
2.812000,1,3,365.429189,-127.419266,-320.530348,0.249614
2.814000,1,3,1000.798015,-361.654939,-615.065806,0.126056
2.816000,1,3,2481.439480,-881.675077,-1246.558214,0.123932
2.818000,1,3,5171.845022,-3335.665827,-2501.436860,0.316802
2.820000,1,3,5154.663489,-3543.267768,-2602.826569,0.332602
2.822000,1,3,19526.593516,-25071.723682,-10937.612870,0.795587
2.824000,1,3,29698.193526,-55327.801777,-16405.659425,3.431530
2.826000,1,3,20024.518142,-70761.803811,-10267.353997,8.854387
2.828000,1,3,1780.377138,-29228.510715,-50.235276,4.780048
2.830000,1,3,-2013.634616,-11852.296767,1863.365233,1.495021
2.832000,1,3,-2080.660770,-2922.620321,2492.433879,2.930790
2.834000,1,3,-1861.049447,-2592.413003,2804.602519,2.933599
2.836000,1,3,-1538.161907,2201.848342,2964.090035,3.428746
2.838000,1,3,-1111.348543,2299.866020,2369.054900,2.552720
2.840000,1,3,-2202.821998,24141.722719,4599.547626,22.972400
2.842000,1,3,-3583.377736,25223.611253,2111.601375,24.743309
2.844000,1,3,-4117.501769,23307.259410,-277.632144,24.293585
2.846000,1,3,-2763.790127,17090.782515,-571.490882,18.638965
2.848000,1,3,-1838.070761,15256.165228,-1314.672299,20.191813
2.850000,1,3,-199.430154,8183.064705,664.085533,11.340853
2.852000,1,3,296.318477,3992.783435,1331.789648,5.652269
2.854000,1,3,435.581954,968.037922,291.739550,2.518515
2.856000,1,3,345.995563,-4.400924,-164.974903,1.625467
2.858000,1,3,265.963428,-516.440181,-419.697412,1.303181
2.860000,1,3,178.037676,-870.954276,-400.675276,1.170158
2.862000,1,3,417.891184,-1781.283733,-405.482749,1.253314
2.864000,1,3,665.441171,-3385.671224,-255.127721,1.449377
2.866000,0,4,0.000000,0.000000,0.000000,-1.000000
2.868000,1,4,3656.667054,-11760.814491,87.803266,2.041830
2.870000,1,4,3656.667054,-11760.814491,87.803266,2.041830
2.872000,1,4,4382.374720,-12271.178163,-123.920052,2.251977
2.874000,1,4,15230.486674,-25872.735593,-1424.153196,3.446108
2.876000,1,4,45510.765939,-51268.562424,-5827.953744,4.569231
2.880000,1,4,82827.143275,-59893.502902,-11294.414933,5.237427
2.882000,1,4,70023.417580,-26526.837934,-7969.316774,5.250371
2.884000,1,4,41864.020690,-880.060214,-2452.056746,3.685649
2.886000,1,4,25066.651912,12088.852060,1480.691648,3.027425
2.888000,0,5,0.000000,0.000000,0.000000,-1.000000
2.890000,1,5,-114759.434462,-126319.717322,-116701.946971,394.947760
2.892000,1,5,-39643.786498,-105077.875225,8937.421829,68.346428
2.894000,1,5,3110.891276,-75014.470174,12526.475668,108.748843
2.896000,1,5,21432.550419,-59992.282661,-4805.858209,208.810120
2.898000,1,5,13689.403360,-30546.000426,-7349.268856,124.258082
2.900000,1,5,11409.039588,-14771.903680,3331.142407,13.241263
2.902000,1,5,4383.756197,5946.076412,1810.626887,4.830751
2.904000,1,5,1809.208541,3341.522632,3551.828207,3.123909
2.906000,0,6,0.000000,0.000000,0.000000,-1.000000
2.908000,1,6,-2898.897497,-456.607156,2530.762260,4.350327
2.910000,1,6,-2898.897497,-456.607156,2530.762260,4.350327
2.912000,1,6,-7011.073717,-2330.802526,2013.249237,6.692262
2.918000,1,6,-13775.932624,-4692.504466,3095.154162,11.986636
2.922000,1,6,-15689.629303,-5413.465854,3930.983292,13.818816
2.926000,1,6,-13093.095038,-4384.983113,4037.998614,12.331174
2.928000,1,6,-9456.913989,-2447.607186,3873.255457,9.907825
2.930000,1,6,-6180.771890,464.640026,4110.045471,7.519864
2.930000,1,6,-3735.768850,1075.532394,2942.076457,5.124496
2.932000,1,6,258.817317,707.987851,1153.875013,2.991677
2.934000,1,6,678.788636,497.062317,1410.874230,3.499503
2.936000,1,6,643.951457,495.761141,1404.575670,3.441590
2.938000,1,6,1577.514079,199.864071,2326.837405,4.890486
2.940000,1,6,1851.308552,122.300934,2785.986165,5.351035
2.942000,1,6,1906.863274,98.362162,2890.647428,5.189337
2.944000,1,6,1906.845349,48.303143,2832.306110,4.905476
2.946000,1,6,1859.638552,45.114421,2779.492976,4.796142
2.948000,1,6,1322.727628,-47.039038,1292.596707,2.783144
2.950000,1,6,1208.901872,-70.106754,932.517336,2.303144
2.952000,1,6,1208.901872,-70.106754,932.517336,2.303144
2.954000,1,6,1047.221098,-107.854158,506.346473,1.705315
2.956000,1,6,967.826486,-110.394244,463.450730,1.585271
2.958000,1,6,946.977389,-152.838647,374.030406,1.432319
2.960000,1,6,865.601851,-155.691260,336.779074,1.291557
2.962000,1,6,764.925272,-168.395264,300.603920,1.150135
2.964000,1,6,634.722405,-179.292874,260.875923,0.990081
2.966000,1,6,583.475879,-193.561317,252.847980,0.942637
2.968000,1,6,494.292244,-194.264464,224.578296,0.839917
2.970000,0,7,0.000000,0.000000,0.000000,-1.000000
2.972000,0,8,0.000000,0.000000,0.000000,-1.000000
2.974000,0,9,0.000000,0.000000,0.000000,-1.000000
2.976000,0,10,0.000000,0.000000,0.000000,-1.000000
2.978000,0,11,0.000000,0.000000,0.000000,-1.000000
2.980000,0,12,0.000000,0.000000,0.000000,-1.000000
2.982000,0,13,0.000000,0.000000,0.000000,-1.000000
2.984000,1,13,308.986002,-114.876667,10.622751,0.219498
2.986000,1,13,335.305605,-117.904812,8.529481,0.233517
2.988000,1,13,362.346312,-109.912734,29.015856,0.271275
2.990000,1,13,286.482112,-112.658188,63.208318,0.265580
2.992000,1,13,297.940450,-132.917001,70.972019,0.262703
2.994000,1,13,305.684937,-138.653321,73.390690,0.256678
2.996000,1,13,360.412457,-155.732442,74.913933,0.296677
2.998000,1,13,455.156064,-188.798722,93.967170,0.359778
3.000000,1,13,432.814345,-188.907817,87.532729,0.340320
3.002000,1,13,447.474731,-199.957212,89.869501,0.343393
3.004000,1,13,525.195785,-246.996000,117.467330,0.392818
3.006000,1,13,-809.996566,-118.739477,-213.689422,0.688518
3.008000,1,13,-723.042244,-116.488063,-166.186999,0.570326
3.010000,1,13,-756.108065,-118.854520,-174.109043,0.590035
3.012000,1,13,-678.611594,91.763172,-307.627391,0.606970
3.014000,1,13,-480.885039,56.849012,-218.124697,0.549989
3.016000,1,13,-152.529391,61.282500,-82.267774,0.533595
3.018000,1,13,-8.163611,56.516090,0.419759,0.480215
3.020000,1,13,72.847327,50.592105,59.851759,0.393442
3.022000,1,13,113.735101,44.937293,101.092876,0.306211
3.024000,1,13,134.985120,40.924724,132.463406,0.234991
3.026000,1,13,133.201550,36.192384,150.421807,0.181734
3.028000,1,13,122.887577,31.399674,160.935838,0.157998
3.030000,1,13,110.310400,28.594760,156.587488,0.154794
3.032000,1,13,99.504867,20.093131,167.931777,0.165435
3.034000,1,13,71.181684,16.947294,171.159391,0.201463
3.036000,1,13,48.065475,11.402686,170.181334,0.228553
3.038000,1,13,43.168653,5.665847,167.169353,0.226874
3.040000,1,13,33.332123,2.891401,177.665808,0.264804
3.042000,1,13,22.927709,-1.353643,178.412598,0.279264
3.044000,1,13,5.694724,-4.854183,183.773355,0.313004
3.046000,1,13,-1.670722,-9.267788,184.301345,0.321774
3.048000,1,13,3.918810,-13.404627,179.770558,0.303058
3.050000,1,13,3.368226,-16.772549,180.705697,0.304798
3.052000,1,13,-0.379518,-19.428787,188.400911,0.324399
3.054000,1,13,-0.332920,-22.964515,189.341367,0.325379
3.056000,1,13,0.702998,-26.361142,190.109813,0.325412
3.058000,1,13,-7.240014,-27.905200,189.553747,0.331673
3.060000,0,14,0.000000,0.000000,0.000000,-1.000000
3.062000,1,14,24.308182,-30.546453,191.245396,0.307398
3.062000,1,14,24.308182,-30.546453,191.245396,0.307398
3.062000,1,14,24.308182,-30.546453,191.245396,0.307398
3.062000,1,14,24.308183,-30.546453,191.245396,0.307398
3.062000,1,14,24.308182,-30.546453,191.245396,0.307398
3.062000,1,14,24.308182,-30.546453,191.245396,0.307398
3.062000,1,14,24.308182,-30.546453,191.245396,0.307398
3.062000,1,14,24.308182,-30.546453,191.245396,0.307398
3.062000,1,14,24.308182,-30.546453,191.245396,0.307398
3.062000,1,14,24.308182,-30.546453,191.245396,0.307398
3.062000,1,14,24.308182,-30.546453,191.245396,0.307398
3.062000,1,14,24.308182,-30.546453,191.245396,0.307398
3.062000,1,14,24.308182,-30.546453,191.245396,0.307398
3.062000,1,14,24.308182,-30.546453,191.245396,0.307398
3.062000,1,14,24.308182,-30.546453,191.245396,0.307398
3.062000,1,14,24.308182,-30.546453,191.245396,0.307398
3.062000,1,14,24.308182,-30.546453,191.245396,0.307398
3.062000,1,14,24.308182,-30.546453,191.245396,0.307398
3.062000,1,14,24.308182,-30.546453,191.245396,0.307398
3.062000,1,14,24.308182,-30.546453,191.245396,0.307398
3.062000,1,14,24.308182,-30.546453,191.245396,0.307398
3.062000,1,14,24.308182,-30.546453,191.245396,0.307398
3.062000,1,14,24.308182,-30.546453,191.245396,0.307398
3.062000,1,14,24.308182,-30.546453,191.245396,0.307398
3.062000,1,14,24.308182,-30.546453,191.245396,0.307398
3.062000,1,14,24.308182,-30.546453,191.245396,0.307398
3.062000,1,14,24.308182,-30.546453,191.245396,0.307398
3.062000,1,14,24.308182,-30.546453,191.245396,0.307398
3.062000,1,14,24.308182,-30.546453,191.245396,0.307398
3.062000,1,14,24.308182,-30.546453,191.245396,0.307398
3.062000,1,14,24.308182,-30.546453,191.245396,0.307398
3.062000,1,14,24.308182,-30.546453,191.245396,0.307398
3.062000,1,14,24.308182,-30.546453,191.245396,0.307398
3.062000,1,14,24.308182,-30.546453,191.245396,0.307398
3.062000,1,14,24.308182,-30.546453,191.245396,0.307398
3.062000,1,14,24.308182,-30.546453,191.245396,0.307398
3.062000,1,14,24.308182,-30.546453,191.245396,0.307398
3.062000,1,14,24.308182,-30.546453,191.245396,0.307398
3.062000,1,14,24.308182,-30.546453,191.245396,0.307398
3.062000,1,14,24.308182,-30.546453,191.245396,0.307398
3.062000,1,14,24.308182,-30.546453,191.245396,0.307398
3.062000,1,14,24.308182,-30.546453,191.245396,0.307398
3.062000,1,14,24.308182,-30.546453,191.245396,0.307398
3.062000,1,14,24.308182,-30.546453,191.245396,0.307398
3.062000,1,14,24.308182,-30.546453,191.245396,0.307398
3.062000,1,14,24.308182,-30.546453,191.245396,0.307398
3.062000,1,14,24.308182,-30.546453,191.245396,0.307398
3.062000,1,14,24.308182,-30.546453,191.245396,0.307398
3.062000,1,14,24.308182,-30.546453,191.245396,0.307398
3.062000,1,14,24.308182,-30.546453,191.245396,0.307398
3.062000,1,14,24.308182,-30.546453,191.245396,0.307398
3.062000,1,14,24.308182,-30.546453,191.245396,0.307398
3.062000,1,14,24.308182,-30.546453,191.245396,0.307398
3.062000,1,14,24.308182,-30.546453,191.245396,0.307398
3.062000,1,14,24.308182,-30.546453,191.245396,0.307398
3.062000,1,14,24.308182,-30.546453,191.245396,0.307398
3.062000,1,14,24.308182,-30.546453,191.245396,0.307398
3.062000,1,14,24.308182,-30.546453,191.245396,0.307398
3.062000,1,14,24.308182,-30.546453,191.245396,0.307398
3.062000,1,14,24.308182,-30.546453,191.245396,0.307398
3.062000,1,14,24.308182,-30.546453,191.245396,0.307398
3.062000,1,14,24.308182,-30.546453,191.245396,0.307398
3.062000,1,14,24.308182,-30.546453,191.245396,0.307398
3.062000,1,14,24.308182,-30.546453,191.245396,0.307398
3.062000,1,14,24.308182,-30.546453,191.245396,0.307398
3.062000,1,14,24.308182,-30.546453,191.245396,0.307398
3.062000,1,14,24.308182,-30.546453,191.245396,0.307398
3.062000,1,14,24.308182,-30.546453,191.245396,0.307398
3.062000,1,14,24.308182,-30.546453,191.245396,0.307398
3.062000,1,14,24.308182,-30.546453,191.245396,0.307398
3.062000,1,14,24.308182,-30.546453,191.245396,0.307398
3.062000,1,14,24.308182,-30.546453,191.245396,0.307398
3.062000,1,14,24.308182,-30.546453,191.245396,0.307398
3.062000,1,14,24.308182,-30.546453,191.245396,0.307398
3.062000,1,14,24.308182,-30.546453,191.245396,0.307398
3.062000,1,14,24.308182,-30.546453,191.245396,0.307398
3.062000,1,14,24.308182,-30.546453,191.245396,0.307398
3.062000,1,14,24.308182,-30.546453,191.245396,0.307398
3.062000,1,14,24.308182,-30.546453,191.245396,0.307398
3.062000,1,14,24.308182,-30.546453,191.245396,0.307398
3.062000,1,14,24.308182,-30.546453,191.245396,0.307398
3.062000,1,14,24.308182,-30.546453,191.245396,0.307398
3.062000,1,14,24.308182,-30.546453,191.245396,0.307398
3.062000,1,14,24.308182,-30.546453,191.245396,0.307398
3.062000,1,14,24.308182,-30.546453,191.245396,0.307398
3.062000,1,14,24.308182,-30.546453,191.245396,0.307398
3.062000,1,14,24.308182,-30.546453,191.245396,0.307398
3.062000,1,14,24.308182,-30.546453,191.245396,0.307398
3.062000,1,14,24.308182,-30.546453,191.245396,0.307398
3.062000,1,14,24.308182,-30.546453,191.245396,0.307398
3.062000,1,14,24.308182,-30.546453,191.245396,0.307398
3.062000,1,14,24.308182,-30.546453,191.245396,0.307398
3.062000,1,14,24.308182,-30.546453,191.245396,0.307398
3.062000,1,14,24.308182,-30.546453,191.245396,0.307398
3.062000,1,14,24.308182,-30.546453,191.245396,0.307398
3.062000,1,14,24.308182,-30.546453,191.245396,0.307398
3.062000,1,14,24.308182,-30.546453,191.245396,0.307398
3.062000,1,14,24.308182,-30.546453,191.245396,0.307398
3.062000,1,14,24.308182,-30.546453,191.245396,0.307398
3.062000,1,14,24.308182,-30.546453,191.245396,0.307398
3.062000,1,14,24.308182,-30.546453,191.245396,0.307398
3.062000,1,14,24.308182,-30.546453,191.245396,0.307398
3.062000,1,14,24.308182,-30.546453,191.245396,0.307398
3.062000,1,14,24.308182,-30.546453,191.245396,0.307398
3.062000,1,14,24.308182,-30.546453,191.245396,0.307398
3.062000,1,14,24.308182,-30.546453,191.245396,0.307398
3.062000,1,14,24.308182,-30.546453,191.245396,0.307398
3.062000,1,14,24.308182,-30.546453,191.245396,0.307398
3.062000,1,14,24.308182,-30.546453,191.245396,0.307398
3.062000,1,14,24.308182,-30.546453,191.245396,0.307398
3.062000,1,14,24.308182,-30.546453,191.245396,0.307398
3.062000,1,14,24.308182,-30.546453,191.245396,0.307398
3.062000,1,14,24.308182,-30.546453,191.245396,0.307398
3.062000,1,14,24.308182,-30.546453,191.245396,0.307398
3.062000,1,14,24.308182,-30.546453,191.245396,0.307398
3.062000,1,14,24.308182,-30.546453,191.245396,0.307398
3.062000,1,14,24.308182,-30.546453,191.245396,0.307398
3.062000,1,14,24.308182,-30.546453,191.245396,0.307398
3.062000,1,14,24.308182,-30.546453,191.245396,0.307398
3.062000,1,14,24.308182,-30.546453,191.245396,0.307398
3.062000,1,14,24.308182,-30.546453,191.245396,0.307398
3.062000,1,14,24.308182,-30.546453,191.245396,0.307398
3.062000,1,14,24.308182,-30.546453,191.245396,0.307398
3.062000,1,14,24.308182,-30.546453,191.245396,0.307398
3.062000,1,14,24.308182,-30.546453,191.245396,0.307398
3.062000,1,14,24.308182,-30.546453,191.245396,0.307398
3.062000,1,14,24.308182,-30.546453,191.245396,0.307398
3.062000,1,14,24.308182,-30.546453,191.245396,0.307398
3.062000,1,14,24.308182,-30.546453,191.245396,0.307398
3.062000,1,14,24.308182,-30.546453,191.245396,0.307398
3.062000,1,14,24.308182,-30.546453,191.245396,0.307398
3.062000,1,14,24.308182,-30.546453,191.245396,0.307398
3.062000,1,14,24.308182,-30.546453,191.245396,0.307398
3.062000,1,14,24.308182,-30.546453,191.245396,0.307398
3.062000,1,14,24.308182,-30.546453,191.245396,0.307398
3.062000,1,14,24.308182,-30.546453,191.245396,0.307398
3.062000,1,14,24.308182,-30.546453,191.245396,0.307398
3.062000,1,14,24.308182,-30.546453,191.245396,0.307398
3.062000,1,14,24.308182,-30.546453,191.245396,0.307398
3.062000,1,14,24.308182,-30.546453,191.245396,0.307398
3.062000,1,14,24.308182,-30.546453,191.245396,0.307398
3.062000,1,14,24.308182,-30.546453,191.245396,0.307398
3.062000,1,14,24.308182,-30.546453,191.245396,0.307398
3.062000,1,14,24.308182,-30.546453,191.245396,0.307398
3.062000,1,14,24.308182,-30.546453,191.245396,0.307398
3.062000,1,14,24.308182,-30.546453,191.245396,0.307398
3.062000,1,14,24.308182,-30.546453,191.245396,0.307398
3.062000,1,14,24.308182,-30.546453,191.245396,0.307398
3.062000,1,14,24.308182,-30.546453,191.245396,0.307398
3.062000,1,14,24.308182,-30.546453,191.245396,0.307398
3.062000,1,14,24.308182,-30.546453,191.245396,0.307398
3.062000,1,14,24.308182,-30.546453,191.245396,0.307398
3.062000,1,14,24.308182,-30.546453,191.245396,0.307398
3.062000,1,14,24.308182,-30.546453,191.245396,0.307398
3.062000,1,14,24.308182,-30.546453,191.245396,0.307398
3.062000,1,14,24.308182,-30.546453,191.245396,0.307398
3.062000,1,14,24.308182,-30.546453,191.245396,0.307398
3.062000,1,14,24.308182,-30.546453,191.245396,0.307398
3.062000,1,14,24.308182,-30.546453,191.245396,0.307398
3.062000,1,14,24.308182,-30.546453,191.245396,0.307398
3.062000,1,14,24.308182,-30.546453,191.245396,0.307398
3.062000,1,14,24.308182,-30.546453,191.245396,0.307398
3.062000,1,14,24.308182,-30.546453,191.245396,0.307398
3.062000,1,14,24.308182,-30.546453,191.245396,0.307398
3.062000,1,14,24.308182,-30.546453,191.245396,0.307398
3.062000,1,14,24.308182,-30.546453,191.245396,0.307398
3.062000,1,14,24.308182,-30.546453,191.245396,0.307398
3.062000,1,14,24.308182,-30.546453,191.245396,0.307398
3.062000,1,14,24.308182,-30.546453,191.245396,0.307398
3.062000,1,14,24.308182,-30.546453,191.245396,0.307398
3.062000,1,14,24.308182,-30.546453,191.245396,0.307398
3.062000,1,14,24.308182,-30.546453,191.245396,0.307398
3.062000,1,14,24.308182,-30.546453,191.245396,0.307398
3.062000,1,14,24.308182,-30.546453,191.245396,0.307398
3.062000,1,14,24.308182,-30.546453,191.245396,0.307398
3.062000,1,14,24.308182,-30.546453,191.245396,0.307398
3.062000,1,14,24.308182,-30.546453,191.245396,0.307398
3.062000,1,14,24.308182,-30.546453,191.245396,0.307398
3.062000,1,14,24.308182,-30.546453,191.245396,0.307398
3.062000,1,14,24.308182,-30.546453,191.245396,0.307398
3.062000,1,14,24.308182,-30.546453,191.245396,0.307398
3.062000,1,14,24.308182,-30.546453,191.245396,0.307398
3.062000,1,14,24.308182,-30.546453,191.245396,0.307398
3.062000,1,14,24.308182,-30.546453,191.245396,0.307398
3.062000,1,14,24.308182,-30.546453,191.245396,0.307398
3.062000,1,14,24.308182,-30.546453,191.245396,0.307398
3.062000,1,14,24.308182,-30.546453,191.245396,0.307398
3.062000,1,14,24.308182,-30.546453,191.245396,0.307398
3.062000,1,14,24.308182,-30.546453,191.245396,0.307398
3.062000,1,14,24.308182,-30.546453,191.245396,0.307398
3.062000,1,14,24.308182,-30.546453,191.245396,0.307398
3.062000,1,14,24.308182,-30.546453,191.245396,0.307398
3.062000,1,14,24.308182,-30.546453,191.245396,0.307398
3.062000,1,14,24.308182,-30.546453,191.245396,0.307398
3.062000,1,14,24.308182,-30.546453,191.245396,0.307398
3.062000,1,14,24.308182,-30.546453,191.245396,0.307398
3.062000,1,14,24.308182,-30.546453,191.245396,0.307398
3.062000,1,14,24.308182,-30.546453,191.245396,0.307398
3.062000,1,14,24.308182,-30.546453,191.245396,0.307398
3.062000,1,14,24.308182,-30.546453,191.245396,0.307398
3.062000,1,14,24.308182,-30.546453,191.245396,0.307398
3.062000,1,14,24.308182,-30.546453,191.245396,0.307398
3.062000,1,14,24.308182,-30.546453,191.245396,0.307398
3.062000,1,14,24.308182,-30.546453,191.245396,0.307398
3.062000,1,14,24.308182,-30.546453,191.245396,0.307398
3.062000,1,14,24.308182,-30.546453,191.245396,0.307398
3.062000,1,14,24.308182,-30.546453,191.245396,0.307398
3.062000,1,14,24.308182,-30.546453,191.245396,0.307398
3.062000,1,14,24.308182,-30.546453,191.245396,0.307398
3.062000,1,14,24.308182,-30.546453,191.245396,0.307398
3.062000,1,14,24.308182,-30.546453,191.245396,0.307398
3.062000,1,14,24.308182,-30.546453,191.245396,0.307398
3.062000,1,14,24.308182,-30.546453,191.245396,0.307398
3.062000,1,14,24.308182,-30.546453,191.245396,0.307398
3.062000,1,14,24.308182,-30.546453,191.245396,0.307398
3.062000,1,14,24.308182,-30.546453,191.245396,0.307398
3.062000,1,14,24.308182,-30.546453,191.245396,0.307398
3.062000,1,14,24.308182,-30.546453,191.245396,0.307398
3.062000,1,14,24.308182,-30.546453,191.245396,0.307398
3.062000,1,14,24.308182,-30.546453,191.245396,0.307398
3.062000,1,14,24.308182,-30.546453,191.245396,0.307398
3.062000,1,14,24.308182,-30.546453,191.245396,0.307398
3.062000,1,14,24.308182,-30.546453,191.245396,0.307398
3.062000,1,14,24.308182,-30.546453,191.245396,0.307398
3.062000,1,14,24.308182,-30.546453,191.245396,0.307398
3.062000,1,14,24.308182,-30.546453,191.245396,0.307398
3.062000,1,14,24.308182,-30.546453,191.245396,0.307398
3.062000,1,14,24.308182,-30.546453,191.245396,0.307398
3.062000,1,14,24.308182,-30.546453,191.245396,0.307398
3.062000,1,14,24.308182,-30.546453,191.245396,0.307398
3.062000,1,14,24.308182,-30.546453,191.245396,0.307398
3.062000,1,14,24.308182,-30.546453,191.245396,0.307398
3.062000,1,14,24.308182,-30.546453,191.245396,0.307398
3.062000,1,14,24.308182,-30.546453,191.245396,0.307398
3.062000,1,14,24.308182,-30.546453,191.245396,0.307398
3.062000,1,14,24.308182,-30.546453,191.245396,0.307398
3.062000,1,14,24.308182,-30.546453,191.245396,0.307398
3.062000,1,14,24.308182,-30.546453,191.245396,0.307398
3.062000,1,14,24.308182,-30.546453,191.245396,0.307398
3.062000,1,14,24.308182,-30.546453,191.245396,0.307398
3.062000,1,14,24.308182,-30.546453,191.245396,0.307398
3.062000,1,14,24.308182,-30.546453,191.245396,0.307398
3.062000,1,14,24.308182,-30.546453,191.245396,0.307398
3.062000,1,14,24.308183,-30.546453,191.245396,0.307398
3.062000,1,14,24.308182,-30.546453,191.245396,0.307398
3.062000,1,14,24.308182,-30.546453,191.245396,0.307398
3.062000,1,14,24.308182,-30.546453,191.245396,0.307398
3.062000,1,14,24.308182,-30.546453,191.245396,0.307398
3.062000,1,14,24.308182,-30.546453,191.245396,0.307398
3.062000,1,14,24.308182,-30.546453,191.245396,0.307398
3.062000,1,14,24.308182,-30.546453,191.245396,0.307398
3.062000,1,14,24.308182,-30.546453,191.245396,0.307398
3.062000,1,14,24.308182,-30.546453,191.245396,0.307398
3.062000,1,14,24.308182,-30.546453,191.245396,0.307398
3.062000,1,14,24.308182,-30.546453,191.245396,0.307398
3.062000,1,14,24.308182,-30.546453,191.245396,0.307398
3.062000,1,14,24.308182,-30.546453,191.245396,0.307398
3.062000,1,14,24.308182,-30.546453,191.245396,0.307398
3.062000,1,14,24.308182,-30.546453,191.245396,0.307398
3.062000,1,14,24.308182,-30.546453,191.245396,0.307398
3.062000,1,14,24.308182,-30.546453,191.245396,0.307398
3.062000,1,14,24.308182,-30.546453,191.245396,0.307398
3.062000,1,14,24.308182,-30.546453,191.245396,0.307398
3.062000,1,14,24.308182,-30.546453,191.245396,0.307398
3.062000,1,14,24.308182,-30.546453,191.245396,0.307398
3.062000,1,14,24.308182,-30.546453,191.245396,0.307398
3.062000,1,14,24.308182,-30.546453,191.245396,0.307398
3.062000,1,14,24.308182,-30.546453,191.245396,0.307398
3.062000,1,14,24.308182,-30.546453,191.245396,0.307398
3.062000,1,14,24.308182,-30.546453,191.245396,0.307398
3.062000,1,14,24.308182,-30.546453,191.245396,0.307398
3.062000,1,14,24.308182,-30.546453,191.245396,0.307398
3.062000,1,14,24.308182,-30.546453,191.245396,0.307398
3.062000,1,14,24.308182,-30.546453,191.245396,0.307398
3.062000,1,14,24.308182,-30.546453,191.245396,0.307398
3.062000,1,14,24.308182,-30.546453,191.245396,0.307398
3.062000,1,14,24.308182,-30.546453,191.245396,0.307398
3.062000,1,14,24.308182,-30.546453,191.245396,0.307398
3.062000,1,14,24.308182,-30.546453,191.245396,0.307398
3.062000,1,14,24.308182,-30.546453,191.245396,0.307398
3.062000,1,14,24.308182,-30.546453,191.245396,0.307398
3.062000,1,14,24.308182,-30.546453,191.245396,0.307398
3.062000,1,14,24.308182,-30.546453,191.245396,0.307398
3.062000,1,14,24.308182,-30.546453,191.245396,0.307398
3.062000,1,14,24.308182,-30.546453,191.245396,0.307398
3.062000,1,14,24.308182,-30.546453,191.245396,0.307398
3.062000,1,14,24.308182,-30.546453,191.245396,0.307398
3.062000,1,14,24.308182,-30.546453,191.245396,0.307398
3.062000,1,14,24.308182,-30.546453,191.245396,0.307398
3.062000,1,14,24.308182,-30.546453,191.245396,0.307398
3.062000,1,14,24.308182,-30.546453,191.245396,0.307398
3.062000,1,14,24.308182,-30.546453,191.245396,0.307398
3.062000,1,14,24.308182,-30.546453,191.245396,0.307398
3.062000,1,14,24.308182,-30.546453,191.245396,0.307398
3.062000,1,14,24.308182,-30.546453,191.245396,0.307398
3.062000,1,14,24.308182,-30.546453,191.245396,0.307398
3.062000,1,14,24.308182,-30.546453,191.245396,0.307398
3.062000,1,14,24.308182,-30.546453,191.245396,0.307398
3.062000,1,14,24.308182,-30.546453,191.245396,0.307398
3.062000,1,14,24.308182,-30.546453,191.245396,0.307398
3.062000,1,14,24.308182,-30.546453,191.245396,0.307398
3.062000,1,14,24.308182,-30.546453,191.245396,0.307398
3.062000,1,14,24.308182,-30.546453,191.245396,0.307398
3.062000,1,14,24.308182,-30.546453,191.245396,0.307398
3.062000,1,14,24.308182,-30.546453,191.245396,0.307398
3.062000,1,14,24.308182,-30.546453,191.245396,0.307398
3.062000,1,14,24.308182,-30.546453,191.245396,0.307398
3.062000,1,14,24.308182,-30.546453,191.245396,0.307398
3.062000,1,14,24.308182,-30.546453,191.245396,0.307398
3.062000,1,14,24.308182,-30.546453,191.245396,0.307398
3.062000,1,14,24.308182,-30.546453,191.245396,0.307398
3.062000,1,14,24.308182,-30.546453,191.245396,0.307398
3.062000,1,14,24.308182,-30.546453,191.245396,0.307398
3.062000,1,14,24.308182,-30.546453,191.245396,0.307398
3.062000,1,14,24.308182,-30.546453,191.245396,0.307398
3.062000,1,14,24.308182,-30.546453,191.245396,0.307398
3.062000,1,14,24.308182,-30.546453,191.245396,0.307398
3.062000,1,14,24.308182,-30.546453,191.245396,0.307398
3.062000,1,14,24.308182,-30.546453,191.245396,0.307398
3.062000,1,14,24.308182,-30.546453,191.245396,0.307398
3.062000,1,14,24.308182,-30.546453,191.245396,0.307398
3.062000,1,14,24.308182,-30.546453,191.245396,0.307398
3.062000,1,14,24.308182,-30.546453,191.245396,0.307398
3.062000,1,14,24.308182,-30.546453,191.245396,0.307398
3.062000,1,14,24.308182,-30.546453,191.245396,0.307398
3.062000,1,14,24.308182,-30.546453,191.245396,0.307398
3.062000,1,14,24.308182,-30.546453,191.245396,0.307398
3.062000,1,14,24.308182,-30.546453,191.245396,0.307398
3.062000,1,14,24.308182,-30.546453,191.245396,0.307398
3.062000,1,14,24.308182,-30.546453,191.245396,0.307398
3.062000,1,14,24.308182,-30.546453,191.245396,0.307398
3.062000,1,14,24.308182,-30.546453,191.245396,0.307398
3.062000,1,14,24.308182,-30.546453,191.245396,0.307398
3.062000,1,14,24.308182,-30.546453,191.245396,0.307398
3.062000,1,14,24.308182,-30.546453,191.245396,0.307398
3.062000,1,14,24.308182,-30.546453,191.245396,0.307398
3.062000,1,14,24.308182,-30.546453,191.245396,0.307398
3.062000,1,14,24.308182,-30.546453,191.245396,0.307398
3.062000,1,14,24.308182,-30.546453,191.245396,0.307398
3.062000,1,14,24.308182,-30.546453,191.245396,0.307398
3.062000,1,14,24.308182,-30.546453,191.245396,0.307398
3.062000,1,14,24.308182,-30.546453,191.245396,0.307398
3.062000,1,14,24.308182,-30.546453,191.245396,0.307398
3.062000,1,14,24.308182,-30.546453,191.245396,0.307398
3.062000,1,14,24.308182,-30.546453,191.245396,0.307398
3.062000,1,14,24.308182,-30.546453,191.245396,0.307398
3.062000,1,14,24.308182,-30.546453,191.245396,0.307398
3.062000,1,14,24.308182,-30.546453,191.245396,0.307398
3.062000,1,14,24.308182,-30.546453,191.245396,0.307398
3.062000,1,14,24.308182,-30.546453,191.245396,0.307398
3.062000,1,14,24.308182,-30.546453,191.245396,0.307398
3.062000,1,14,24.308182,-30.546453,191.245396,0.307398
3.062000,1,14,24.308182,-30.546453,191.245396,0.307398
3.062000,1,14,24.308182,-30.546453,191.245396,0.307398
3.062000,1,14,24.308182,-30.546453,191.245396,0.307398
3.062000,1,14,24.308182,-30.546453,191.245396,0.307398
3.062000,1,14,24.308182,-30.546453,191.245396,0.307398
3.062000,1,14,24.308182,-30.546453,191.245396,0.307398
3.062000,1,14,24.308182,-30.546453,191.245396,0.307398
3.062000,1,14,24.308182,-30.546453,191.245396,0.307398
3.062000,1,14,24.308182,-30.546453,191.245396,0.307398
3.062000,1,14,24.308182,-30.546453,191.245396,0.307398
3.062000,1,14,24.308182,-30.546453,191.245396,0.307398
3.062000,1,14,24.308182,-30.546453,191.245396,0.307398
3.062000,1,14,24.308182,-30.546453,191.245396,0.307398
3.062000,1,14,24.308182,-30.546453,191.245396,0.307398
3.062000,1,14,24.308182,-30.546453,191.245396,0.307398
3.062000,1,14,24.308182,-30.546453,191.245396,0.307398
3.062000,1,14,24.308182,-30.546453,191.245396,0.307398
3.062000,1,14,24.308182,-30.546453,191.245396,0.307398
3.062000,1,14,24.308182,-30.546453,191.245396,0.307398
3.062000,1,14,24.308182,-30.546453,191.245396,0.307398
3.062000,1,14,24.308182,-30.546453,191.245396,0.307398
3.062000,1,14,24.308182,-30.546453,191.245396,0.307398
3.062000,1,14,24.308182,-30.546453,191.245396,0.307398
3.062000,1,14,24.308182,-30.546453,191.245396,0.307398
3.062000,1,14,24.308182,-30.546453,191.245396,0.307398
3.062000,1,14,24.308182,-30.546453,191.245396,0.307398
3.062000,1,14,24.308182,-30.546453,191.245396,0.307398
3.062000,1,14,24.308182,-30.546453,191.245396,0.307398
3.062000,1,14,24.308182,-30.546453,191.245396,0.307398
3.062000,1,14,24.308182,-30.546453,191.245396,0.307398
3.062000,1,14,24.308182,-30.546453,191.245396,0.307398
3.062000,1,14,24.308182,-30.546453,191.245396,0.307398
3.062000,1,14,24.308182,-30.546453,191.245396,0.307398
3.062000,1,14,24.308182,-30.546453,191.245396,0.307398
3.062000,1,14,24.308182,-30.546453,191.245396,0.307398
3.062000,1,14,24.308182,-30.546453,191.245396,0.307398
3.062000,1,14,24.308182,-30.546453,191.245396,0.307398
3.062000,1,14,24.308182,-30.546453,191.245396,0.307398
3.062000,1,14,24.308182,-30.546453,191.245396,0.307398
3.062000,1,14,24.308182,-30.546453,191.245396,0.307398
3.062000,1,14,24.308182,-30.546453,191.245396,0.307398
3.062000,1,14,24.308182,-30.546453,191.245396,0.307398
3.062000,1,14,24.308182,-30.546453,191.245396,0.307398
3.062000,1,14,24.308182,-30.546453,191.245396,0.307398
3.062000,1,14,24.308182,-30.546453,191.245396,0.307398
3.062000,1,14,24.308182,-30.546453,191.245396,0.307398
3.062000,1,14,24.308182,-30.546453,191.245396,0.307398
3.062000,1,14,24.308182,-30.546453,191.245396,0.307398
3.062000,1,14,24.308182,-30.546453,191.245396,0.307398
3.062000,1,14,24.308182,-30.546453,191.245396,0.307398
3.062000,1,14,24.308182,-30.546453,191.245396,0.307398
3.062000,1,14,24.308182,-30.546453,191.245396,0.307398
3.062000,1,14,24.308182,-30.546453,191.245396,0.307398
3.062000,1,14,24.308182,-30.546453,191.245396,0.307398
3.062000,1,14,24.308182,-30.546453,191.245396,0.307398
3.062000,1,14,24.308182,-30.546453,191.245396,0.307398
3.062000,1,14,24.308182,-30.546453,191.245396,0.307398
3.062000,1,14,24.308182,-30.546453,191.245396,0.307398
3.062000,1,14,24.308182,-30.546453,191.245396,0.307398
3.062000,1,14,24.308182,-30.546453,191.245396,0.307398
3.062000,1,14,24.308182,-30.546453,191.245396,0.307398
3.062000,1,14,24.308182,-30.546453,191.245396,0.307398
3.062000,1,14,24.308182,-30.546453,191.245396,0.307398
3.062000,1,14,24.308182,-30.546453,191.245396,0.307398
3.062000,1,14,24.308182,-30.546453,191.245396,0.307398
3.062000,1,14,24.308182,-30.546453,191.245396,0.307398
3.062000,1,14,24.308182,-30.546453,191.245396,0.307398
3.062000,1,14,24.308182,-30.546453,191.245396,0.307398
3.062000,1,14,24.308182,-30.546453,191.245396,0.307398
3.062000,1,14,24.308182,-30.546453,191.245396,0.307398
3.062000,1,14,24.308182,-30.546453,191.245396,0.307398
3.062000,1,14,24.308182,-30.546453,191.245396,0.307398
3.062000,1,14,24.308182,-30.546453,191.245396,0.307398
3.062000,1,14,24.308182,-30.546453,191.245396,0.307398
3.062000,1,14,24.308182,-30.546453,191.245396,0.307398
3.062000,1,14,24.308182,-30.546453,191.245396,0.307398
3.062000,1,14,24.308182,-30.546453,191.245396,0.307398
3.062000,1,14,24.308182,-30.546453,191.245396,0.307398
3.062000,1,14,24.308182,-30.546453,191.245396,0.307398
3.062000,1,14,24.308182,-30.546453,191.245396,0.307398
3.062000,1,14,24.308182,-30.546453,191.245396,0.307398
3.062000,1,14,24.308182,-30.546453,191.245396,0.307398
3.062000,1,14,24.308182,-30.546453,191.245396,0.307398
3.062000,1,14,24.308182,-30.546453,191.245396,0.307398
3.062000,1,14,24.308182,-30.546453,191.245396,0.307398
3.062000,1,14,24.308182,-30.546453,191.245396,0.307398
3.062000,1,14,24.308182,-30.546453,191.245396,0.307398
3.062000,1,14,24.308182,-30.546453,191.245396,0.307398
3.062000,1,14,24.308182,-30.546453,191.245396,0.307398
3.062000,1,14,24.308182,-30.546453,191.245396,0.307398
3.062000,1,14,24.308182,-30.546453,191.245396,0.307398
3.062000,1,14,24.308182,-30.546453,191.245396,0.307398
3.062000,1,14,24.308182,-30.546453,191.245396,0.307398
3.062000,1,14,24.308182,-30.546453,191.245396,0.307398
3.062000,1,14,24.308182,-30.546453,191.245396,0.307398
3.062000,1,14,24.308182,-30.546453,191.245396,0.307398
3.062000,1,14,24.308182,-30.546453,191.245396,0.307398
3.062000,1,14,24.308182,-30.546453,191.245396,0.307398
3.062000,1,14,24.308182,-30.546453,191.245396,0.307398
3.062000,1,14,24.308182,-30.546453,191.245396,0.307398
3.062000,1,14,24.308182,-30.546453,191.245396,0.307398
3.062000,1,14,24.308182,-30.546453,191.245396,0.307398
3.062000,1,14,24.308182,-30.546453,191.245396,0.307398
3.062000,1,14,24.308182,-30.546453,191.245396,0.307398
3.062000,1,14,24.308182,-30.546453,191.245396,0.307398
3.062000,1,14,24.308182,-30.546453,191.245396,0.307398
3.062000,1,14,24.308182,-30.546453,191.245396,0.307398
3.062000,1,14,24.308182,-30.546453,191.245396,0.307398
3.062000,1,14,24.308182,-30.546453,191.245396,0.307398
3.062000,1,14,24.308182,-30.546453,191.245396,0.307398
3.062000,1,14,24.308182,-30.546453,191.245396,0.307398
3.062000,1,14,24.308182,-30.546453,191.245396,0.307398
3.062000,1,14,24.308182,-30.546453,191.245396,0.307398
3.062000,1,14,24.308182,-30.546453,191.245396,0.307398
3.062000,1,14,24.308182,-30.546453,191.245396,0.307398
3.062000,1,14,24.308182,-30.546453,191.245396,0.307398
3.062000,1,14,24.308182,-30.546453,191.245396,0.307398
3.062000,1,14,24.308182,-30.546453,191.245396,0.307398
3.062000,1,14,24.308182,-30.546453,191.245396,0.307398
3.062000,1,14,24.308182,-30.546453,191.245396,0.307398
3.062000,1,14,24.308182,-30.546453,191.245396,0.307398
3.062000,1,14,24.308182,-30.546453,191.245396,0.307398
3.062000,1,14,24.308182,-30.546453,191.245396,0.307398
3.062000,1,14,24.308182,-30.546453,191.245396,0.307398
3.062000,1,14,24.308182,-30.546453,191.245396,0.307398
3.062000,1,14,24.308182,-30.546453,191.245396,0.307398
3.062000,1,14,24.308182,-30.546453,191.245396,0.307398
3.062000,1,14,24.308182,-30.546453,191.245396,0.307398
3.062000,1,14,24.308182,-30.546453,191.245396,0.307398
3.062000,1,14,24.308182,-30.546453,191.245396,0.307398
3.062000,1,14,24.308182,-30.546453,191.245396,0.307398
3.062000,1,14,24.308182,-30.546453,191.245396,0.307398
3.062000,1,14,24.308182,-30.546453,191.245396,0.307398
3.062000,1,14,24.308182,-30.546453,191.245396,0.307398
3.062000,1,14,24.308182,-30.546453,191.245396,0.307398
3.062000,1,14,24.308182,-30.546453,191.245396,0.307398
3.062000,1,14,24.308182,-30.546453,191.245396,0.307398
3.062000,1,14,24.308182,-30.546453,191.245396,0.307398
3.062000,1,14,24.308182,-30.546453,191.245396,0.307398
3.062000,1,14,24.308182,-30.546453,191.245396,0.307398
3.062000,1,14,24.308182,-30.546453,191.245396,0.307398
3.062000,1,14,24.308182,-30.546453,191.245396,0.307398
3.062000,1,14,24.308182,-30.546453,191.245396,0.307398
3.062000,1,14,24.308182,-30.546453,191.245396,0.307398
3.062000,1,14,24.308182,-30.546453,191.245396,0.307398
3.062000,1,14,24.308182,-30.546453,191.245396,0.307398
3.062000,1,14,24.308182,-30.546453,191.245396,0.307398
3.062000,1,14,24.308182,-30.546453,191.245396,0.307398
3.062000,1,14,24.308182,-30.546453,191.245396,0.307398
3.062000,1,14,24.308182,-30.546453,191.245396,0.307398
3.062000,1,14,24.308182,-30.546453,191.245396,0.307398
3.062000,1,14,24.308182,-30.546453,191.245396,0.307398
3.062000,1,14,24.308182,-30.546453,191.245396,0.307398
3.062000,1,14,24.308182,-30.546453,191.245396,0.307398
3.062000,1,14,24.308182,-30.546453,191.245396,0.307398
3.062000,1,14,24.308182,-30.546453,191.245396,0.307398
3.062000,1,14,24.308182,-30.546453,191.245396,0.307398
3.062000,1,14,24.308182,-30.546453,191.245396,0.307398
3.062000,1,14,24.308182,-30.546453,191.245396,0.307398
3.062000,1,14,24.308182,-30.546453,191.245396,0.307398
3.062000,1,14,24.308182,-30.546453,191.245396,0.307398
3.062000,1,14,24.308182,-30.546453,191.245396,0.307398
3.062000,1,14,24.308182,-30.546453,191.245396,0.307398
3.062000,1,14,24.308182,-30.546453,191.245396,0.307398
3.062000,1,14,24.308182,-30.546453,191.245396,0.307398
3.062000,1,14,24.308182,-30.546453,191.245396,0.307398
3.062000,1,14,24.308182,-30.546453,191.245396,0.307398
3.062000,1,14,24.308182,-30.546453,191.245396,0.307398
3.062000,1,14,24.308182,-30.546453,191.245396,0.307398
3.062000,1,14,24.308182,-30.546453,191.245396,0.307398
3.062000,1,14,24.308182,-30.546453,191.245396,0.307398
3.062000,1,14,24.308182,-30.546453,191.245396,0.307398
3.062000,1,14,24.308182,-30.546453,191.245396,0.307398
3.062000,1,14,24.308182,-30.546453,191.245396,0.307398
3.062000,1,14,24.308182,-30.546453,191.245396,0.307398
3.062000,1,14,24.308182,-30.546453,191.245396,0.307398
3.062000,1,14,24.308182,-30.546453,191.245396,0.307398
3.062000,1,14,24.308182,-30.546453,191.245396,0.307398
3.062000,1,14,24.308182,-30.546453,191.245396,0.307398
3.062000,1,14,24.308182,-30.546453,191.245396,0.307398
3.062000,1,14,24.308182,-30.546453,191.245396,0.307398
3.062000,1,14,24.308182,-30.546453,191.245396,0.307398
3.062000,1,14,24.308182,-30.546453,191.245396,0.307398
3.062000,1,14,24.308182,-30.546453,191.245396,0.307398
3.062000,1,14,24.308182,-30.546453,191.245396,0.307398
3.062000,1,14,24.308182,-30.546453,191.245396,0.307398
3.062000,1,14,24.308182,-30.546453,191.245396,0.307398
3.062000,1,14,24.308182,-30.546453,191.245396,0.307398
3.062000,1,14,24.308182,-30.546453,191.245396,0.307398
3.062000,1,14,24.308182,-30.546453,191.245396,0.307398
3.062000,1,14,24.308182,-30.546453,191.245396,0.307398
3.062000,1,14,24.308182,-30.546453,191.245396,0.307398
3.062000,1,14,24.308182,-30.546453,191.245396,0.307398
3.062000,1,14,24.308182,-30.546453,191.245396,0.307398
3.062000,1,14,24.308182,-30.546453,191.245396,0.307398
3.062000,1,14,24.308182,-30.546453,191.245396,0.307398
3.062000,1,14,24.308182,-30.546453,191.245396,0.307398
3.062000,1,14,24.308182,-30.546453,191.245396,0.307398
3.062000,1,14,24.308182,-30.546453,191.245396,0.307398
3.062000,1,14,24.308182,-30.546453,191.245396,0.307398
3.062000,1,14,24.308182,-30.546453,191.245396,0.307398
3.062000,1,14,24.308182,-30.546453,191.245396,0.307398
3.062000,1,14,24.308182,-30.546453,191.245396,0.307398
3.062000,1,14,24.308182,-30.546453,191.245396,0.307398
3.062000,1,14,24.308182,-30.546453,191.245396,0.307398
3.062000,1,14,24.308182,-30.546453,191.245396,0.307398
3.062000,1,14,24.308182,-30.546453,191.245396,0.307398
3.062000,1,14,24.308182,-30.546453,191.245396,0.307398
3.062000,1,14,24.308182,-30.546453,191.245396,0.307398
3.062000,1,14,24.308182,-30.546453,191.245396,0.307398
3.062000,1,14,24.308182,-30.546453,191.245396,0.307398
3.062000,1,14,24.308182,-30.546453,191.245396,0.307398
3.062000,1,14,24.308182,-30.546453,191.245396,0.307398
3.062000,1,14,24.308182,-30.546453,191.245396,0.307398
3.062000,1,14,24.308182,-30.546453,191.245396,0.307398
3.062000,1,14,24.308182,-30.546453,191.245396,0.307398
3.062000,1,14,24.308182,-30.546453,191.245396,0.307398
3.062000,1,14,24.308182,-30.546453,191.245396,0.307398
3.062000,1,14,24.308182,-30.546453,191.245396,0.307398
3.062000,1,14,24.308182,-30.546453,191.245396,0.307398
3.062000,1,14,24.308182,-30.546453,191.245396,0.307398
3.062000,1,14,24.308182,-30.546453,191.245396,0.307398
3.062000,1,14,24.308182,-30.546453,191.245396,0.307398
3.062000,1,14,24.308182,-30.546453,191.245396,0.307398
3.062000,1,14,24.308182,-30.546453,191.245396,0.307398
3.062000,1,14,24.308182,-30.546453,191.245396,0.307398
3.062000,1,14,24.308182,-30.546453,191.245396,0.307398
3.062000,1,14,24.308182,-30.546453,191.245396,0.307398
3.062000,1,14,24.308182,-30.546453,191.245396,0.307398
3.062000,1,14,24.308182,-30.546453,191.245396,0.307398
3.062000,1,14,24.308182,-30.546453,191.245396,0.307398
3.062000,1,14,24.308182,-30.546453,191.245396,0.307398
3.062000,1,14,24.308182,-30.546453,191.245396,0.307398
3.062000,1,14,24.308182,-30.546453,191.245396,0.307398
3.062000,1,14,24.308182,-30.546453,191.245396,0.307398
3.062000,1,14,24.308182,-30.546453,191.245396,0.307398
3.062000,1,14,24.308182,-30.546453,191.245396,0.307398
3.062000,1,14,24.308182,-30.546453,191.245396,0.307398
3.062000,1,14,24.308182,-30.546453,191.245396,0.307398
3.062000,1,14,24.308182,-30.546453,191.245396,0.307398
3.062000,1,14,24.308182,-30.546453,191.245396,0.307398
3.062000,1,14,24.308182,-30.546453,191.245396,0.307398
3.062000,1,14,24.308182,-30.546453,191.245396,0.307398
3.062000,1,14,24.308182,-30.546453,191.245396,0.307398
3.062000,1,14,24.308182,-30.546453,191.245396,0.307398
3.062000,1,14,24.308182,-30.546453,191.245396,0.307398
3.062000,1,14,24.308182,-30.546453,191.245396,0.307398
3.062000,1,14,24.308182,-30.546453,191.245396,0.307398
3.062000,1,14,24.308182,-30.546453,191.245396,0.307398
3.062000,1,14,24.308182,-30.546453,191.245396,0.307398
3.062000,1,14,24.308182,-30.546453,191.245396,0.307398
3.062000,1,14,24.308182,-30.546453,191.245396,0.307398
3.062000,1,14,24.308182,-30.546453,191.245396,0.307398
3.062000,1,14,24.308182,-30.546453,191.245396,0.307398
3.062000,1,14,24.308182,-30.546453,191.245396,0.307398
3.062000,1,14,24.308182,-30.546453,191.245396,0.307398
3.062000,1,14,24.308182,-30.546453,191.245396,0.307398
3.062000,1,14,24.308182,-30.546453,191.245396,0.307398
3.062000,1,14,24.308182,-30.546453,191.245396,0.307398
3.062000,1,14,24.308182,-30.546453,191.245396,0.307398
3.062000,1,14,24.308182,-30.546453,191.245396,0.307398
3.062000,1,14,24.308182,-30.546453,191.245396,0.307398
3.062000,1,14,24.308182,-30.546453,191.245396,0.307398
3.062000,1,14,24.308182,-30.546453,191.245396,0.307398
3.062000,1,14,24.308182,-30.546453,191.245396,0.307398
3.062000,1,14,24.308182,-30.546453,191.245396,0.307398
3.062000,1,14,24.308182,-30.546453,191.245396,0.307398
3.062000,1,14,24.308182,-30.546453,191.245396,0.307398
3.062000,1,14,24.308182,-30.546453,191.245396,0.307398
3.062000,1,14,24.308182,-30.546453,191.245396,0.307398
3.062000,1,14,24.308182,-30.546453,191.245396,0.307398
3.062000,1,14,24.308182,-30.546453,191.245396,0.307398
3.062000,1,14,24.308182,-30.546453,191.245396,0.307398
3.062000,1,14,24.308182,-30.546453,191.245396,0.307398
3.062000,1,14,24.308182,-30.546453,191.245396,0.307398
3.062000,1,14,24.308182,-30.546453,191.245396,0.307398
3.062000,1,14,24.308182,-30.546453,191.245396,0.307398
3.062000,1,14,24.308182,-30.546453,191.245396,0.307398
3.062000,1,14,24.308182,-30.546453,191.245396,0.307398
3.062000,1,14,24.308182,-30.546453,191.245396,0.307398
3.062000,1,14,24.308182,-30.546453,191.245396,0.307398
3.062000,1,14,24.308182,-30.546453,191.245396,0.307398
3.062000,1,14,24.308182,-30.546453,191.245396,0.307398
3.062000,1,14,24.308182,-30.546453,191.245396,0.307398
3.062000,1,14,24.308182,-30.546453,191.245396,0.307398
3.062000,1,14,24.308182,-30.546453,191.245396,0.307398
3.062000,1,14,24.308182,-30.546453,191.245396,0.307398
3.062000,1,14,24.308182,-30.546453,191.245396,0.307398
3.062000,1,14,24.308182,-30.546453,191.245396,0.307398
3.062000,1,14,24.308182,-30.546453,191.245396,0.307398
3.062000,1,14,24.308182,-30.546453,191.245396,0.307398
3.062000,1,14,24.308182,-30.546453,191.245396,0.307398
3.062000,1,14,24.308182,-30.546453,191.245396,0.307398
3.062000,1,14,24.308182,-30.546453,191.245396,0.307398
3.062000,1,14,24.308182,-30.546453,191.245396,0.307398
3.062000,1,14,24.308182,-30.546453,191.245396,0.307398
3.062000,1,14,24.308182,-30.546453,191.245396,0.307398
3.062000,1,14,24.308182,-30.546453,191.245396,0.307398
3.062000,1,14,24.308182,-30.546453,191.245396,0.307398
3.062000,1,14,24.308182,-30.546453,191.245396,0.307398
3.062000,1,14,24.308182,-30.546453,191.245396,0.307398
3.062000,1,14,24.308182,-30.546453,191.245396,0.307398
3.062000,1,14,24.308182,-30.546453,191.245396,0.307398
3.062000,1,14,24.308182,-30.546453,191.245396,0.307398
3.062000,1,14,24.308182,-30.546453,191.245396,0.307398
3.062000,1,14,24.308182,-30.546453,191.245396,0.307398
3.062000,1,14,24.308182,-30.546453,191.245396,0.307398
3.062000,1,14,24.308182,-30.546453,191.245396,0.307398
3.062000,1,14,24.308182,-30.546453,191.245396,0.307398
3.062000,1,14,24.308182,-30.546453,191.245396,0.307398
3.062000,1,14,24.308182,-30.546453,191.245396,0.307398
3.062000,1,14,24.308182,-30.546453,191.245396,0.307398
3.062000,1,14,24.308182,-30.546453,191.245396,0.307398
3.062000,1,14,24.308182,-30.546453,191.245396,0.307398
3.062000,1,14,24.308182,-30.546453,191.245396,0.307398
3.062000,1,14,24.308182,-30.546453,191.245396,0.307398
3.062000,1,14,24.308182,-30.546453,191.245396,0.307398
3.062000,1,14,24.308182,-30.546453,191.245396,0.307398
3.062000,1,14,24.308182,-30.546453,191.245396,0.307398
3.062000,1,14,24.308182,-30.546453,191.245396,0.307398
3.062000,1,14,24.308182,-30.546453,191.245396,0.307398
3.062000,1,14,24.308182,-30.546453,191.245396,0.307398
3.062000,1,14,24.308182,-30.546453,191.245396,0.307398
3.062000,1,14,24.308182,-30.546453,191.245396,0.307398
3.062000,1,14,24.308182,-30.546453,191.245396,0.307398
3.062000,1,14,24.308182,-30.546453,191.245396,0.307398
3.062000,1,14,24.308182,-30.546453,191.245396,0.307398
3.062000,1,14,24.308182,-30.546453,191.245396,0.307398
3.062000,1,14,24.308182,-30.546453,191.245396,0.307398
3.062000,1,14,24.308182,-30.546453,191.245396,0.307398
3.062000,1,14,24.308182,-30.546453,191.245396,0.307398
3.062000,1,14,24.308182,-30.546453,191.245396,0.307398
3.062000,1,14,24.308182,-30.546453,191.245396,0.307398
3.062000,1,14,24.308182,-30.546453,191.245396,0.307398
3.062000,1,14,24.308182,-30.546453,191.245396,0.307398
3.062000,1,14,24.308182,-30.546453,191.245396,0.307398
3.062000,1,14,24.308182,-30.546453,191.245396,0.307398
3.062000,1,14,24.308182,-30.546453,191.245396,0.307398
3.062000,1,14,24.308182,-30.546453,191.245396,0.307398
3.062000,1,14,24.308182,-30.546453,191.245396,0.307398
3.062000,1,14,24.308182,-30.546453,191.245396,0.307398
3.062000,1,14,24.308182,-30.546453,191.245396,0.307398
3.062000,1,14,24.308182,-30.546453,191.245396,0.307398
3.062000,1,14,24.308182,-30.546453,191.245396,0.307398
3.062000,1,14,24.308182,-30.546453,191.245396,0.307398
3.062000,1,14,24.308182,-30.546453,191.245396,0.307398
3.062000,1,14,24.308182,-30.546453,191.245396,0.307398
3.062000,1,14,24.308182,-30.546453,191.245396,0.307398
3.062000,1,14,24.308182,-30.546453,191.245396,0.307398
3.062000,1,14,24.308182,-30.546453,191.245396,0.307398
3.062000,1,14,24.308182,-30.546453,191.245396,0.307398
3.062000,1,14,24.308182,-30.546453,191.245396,0.307398
3.062000,1,14,24.308182,-30.546453,191.245396,0.307398
3.062000,1,14,24.308182,-30.546453,191.245396,0.307398
3.062000,1,14,24.308182,-30.546453,191.245396,0.307398
3.062000,1,14,24.308182,-30.546453,191.245396,0.307398
3.062000,1,14,24.308182,-30.546453,191.245396,0.307398
3.062000,1,14,24.308182,-30.546453,191.245396,0.307398
3.062000,1,14,24.308182,-30.546453,191.245396,0.307398
3.062000,1,14,24.308182,-30.546453,191.245396,0.307398
3.062000,1,14,24.308182,-30.546453,191.245396,0.307398
3.062000,1,14,24.308182,-30.546453,191.245396,0.307398
3.062000,1,14,24.308182,-30.546453,191.245396,0.307398
3.062000,1,14,24.308182,-30.546453,191.245396,0.307398
3.062000,1,14,24.308182,-30.546453,191.245396,0.307398
3.062000,1,14,24.308182,-30.546453,191.245396,0.307398
3.062000,1,14,24.308182,-30.546453,191.245396,0.307398
3.062000,1,14,24.308182,-30.546453,191.245396,0.307398
3.062000,1,14,24.308182,-30.546453,191.245396,0.307398
3.062000,1,14,24.308182,-30.546453,191.245396,0.307398
3.062000,1,14,24.308182,-30.546453,191.245396,0.307398
3.062000,1,14,24.308182,-30.546453,191.245396,0.307398
3.062000,1,14,24.308182,-30.546453,191.245396,0.307398
3.062000,1,14,24.308182,-30.546453,191.245396,0.307398
3.062000,1,14,24.308182,-30.546453,191.245396,0.307398
3.062000,1,14,24.308182,-30.546453,191.245396,0.307398
3.062000,1,14,24.308182,-30.546453,191.245396,0.307398
3.062000,1,14,24.308182,-30.546453,191.245396,0.307398
3.062000,1,14,24.308182,-30.546453,191.245396,0.307398
3.062000,1,14,24.308182,-30.546453,191.245396,0.307398
3.062000,1,14,24.308182,-30.546453,191.245396,0.307398
3.062000,1,14,24.308182,-30.546453,191.245396,0.307398
3.062000,1,14,24.308183,-30.546453,191.245396,0.307398
3.062000,1,14,24.308182,-30.546453,191.245396,0.307398
3.062000,1,14,24.308182,-30.546453,191.245396,0.307398
3.062000,1,14,24.308182,-30.546453,191.245396,0.307398
3.062000,1,14,24.308182,-30.546453,191.245396,0.307398
3.062000,1,14,24.308182,-30.546453,191.245396,0.307398
3.062000,1,14,24.308182,-30.546453,191.245396,0.307398
3.062000,1,14,24.308182,-30.546453,191.245396,0.307398
3.062000,1,14,24.308182,-30.546453,191.245396,0.307398
3.062000,1,14,24.308182,-30.546453,191.245396,0.307398
3.062000,1,14,24.308182,-30.546453,191.245396,0.307398
3.062000,1,14,24.308182,-30.546453,191.245396,0.307398
3.062000,1,14,24.308182,-30.546453,191.245396,0.307398
3.062000,1,14,24.308182,-30.546453,191.245396,0.307398
3.062000,1,14,24.308182,-30.546453,191.245396,0.307398
3.062000,1,14,24.308182,-30.546453,191.245396,0.307398
3.062000,1,14,24.308182,-30.546453,191.245396,0.307398
3.062000,1,14,24.308182,-30.546453,191.245396,0.307398
3.062000,1,14,24.308182,-30.546453,191.245396,0.307398
3.062000,1,14,24.308182,-30.546453,191.245396,0.307398
3.062000,1,14,24.308182,-30.546453,191.245396,0.307398
3.062000,1,14,24.308182,-30.546453,191.245396,0.307398
3.062000,1,14,24.308182,-30.546453,191.245396,0.307398
3.062000,1,14,24.308182,-30.546453,191.245396,0.307398
3.062000,1,14,24.308182,-30.546453,191.245396,0.307398
3.062000,1,14,24.308182,-30.546453,191.245396,0.307398
3.062000,1,14,24.308182,-30.546453,191.245396,0.307398
3.062000,1,14,24.308182,-30.546453,191.245396,0.307398
3.062000,1,14,24.308182,-30.546453,191.245396,0.307398
3.062000,1,14,24.308182,-30.546453,191.245396,0.307398
3.062000,1,14,24.308182,-30.546453,191.245396,0.307398
3.062000,1,14,24.308182,-30.546453,191.245396,0.307398
3.062000,1,14,24.308182,-30.546453,191.245396,0.307398
3.062000,1,14,24.308182,-30.546453,191.245396,0.307398
3.062000,1,14,24.308182,-30.546453,191.245396,0.307398
3.062000,1,14,24.308182,-30.546453,191.245396,0.307398
3.062000,1,14,24.308182,-30.546453,191.245396,0.307398
3.062000,1,14,24.308182,-30.546453,191.245396,0.307398
3.062000,1,14,24.308182,-30.546453,191.245396,0.307398
3.062000,1,14,24.308182,-30.546453,191.245396,0.307398
3.062000,1,14,24.308182,-30.546453,191.245396,0.307398
3.062000,1,14,24.308182,-30.546453,191.245396,0.307398
3.062000,1,14,24.308182,-30.546453,191.245396,0.307398
3.062000,1,14,24.308182,-30.546453,191.245396,0.307398
3.062000,1,14,24.308182,-30.546453,191.245396,0.307398
3.062000,1,14,24.308182,-30.546453,191.245396,0.307398
3.062000,1,14,24.308182,-30.546453,191.245396,0.307398
3.062000,1,14,24.308182,-30.546453,191.245396,0.307398
3.062000,1,14,24.308182,-30.546453,191.245396,0.307398
3.062000,1,14,24.308182,-30.546453,191.245396,0.307398
3.062000,1,14,24.308182,-30.546453,191.245396,0.307398
3.062000,1,14,24.308182,-30.546453,191.245396,0.307398
3.062000,1,14,24.308182,-30.546453,191.245396,0.307398
3.062000,1,14,24.308182,-30.546453,191.245396,0.307398
3.062000,1,14,24.308182,-30.546453,191.245396,0.307398
3.062000,1,14,24.308182,-30.546453,191.245396,0.307398
3.062000,1,14,24.308182,-30.546453,191.245396,0.307398
3.062000,1,14,24.308182,-30.546453,191.245396,0.307398
3.062000,1,14,24.308182,-30.546453,191.245396,0.307398
3.062000,1,14,24.308182,-30.546453,191.245396,0.307398
3.062000,1,14,24.308182,-30.546453,191.245396,0.307398
3.062000,1,14,24.308182,-30.546453,191.245396,0.307398
3.062000,1,14,24.308182,-30.546453,191.245396,0.307398
3.062000,1,14,24.308182,-30.546453,191.245396,0.307398
3.062000,1,14,24.308182,-30.546453,191.245396,0.307398
3.062000,1,14,24.308182,-30.546453,191.245396,0.307398
3.062000,1,14,24.308182,-30.546453,191.245396,0.307398
3.062000,1,14,24.308182,-30.546453,191.245396,0.307398
3.062000,1,14,24.308182,-30.546453,191.245396,0.307398
3.062000,1,14,24.308182,-30.546453,191.245396,0.307398
3.062000,1,14,24.308182,-30.546453,191.245396,0.307398
3.062000,1,14,24.308182,-30.546453,191.245396,0.307398
3.062000,1,14,24.308182,-30.546453,191.245396,0.307398
3.062000,1,14,24.308182,-30.546453,191.245396,0.307398
3.062000,1,14,24.308182,-30.546453,191.245396,0.307398
3.062000,1,14,24.308182,-30.546453,191.245396,0.307398
3.062000,1,14,24.308182,-30.546453,191.245396,0.307398
3.062000,1,14,24.308182,-30.546453,191.245396,0.307398
3.062000,1,14,24.308182,-30.546453,191.245396,0.307398
3.062000,1,14,24.308182,-30.546453,191.245396,0.307398
3.062000,1,14,24.308182,-30.546453,191.245396,0.307398
3.062000,1,14,24.308182,-30.546453,191.245396,0.307398
3.062000,1,14,24.308182,-30.546453,191.245396,0.307398
3.062000,1,14,24.308182,-30.546453,191.245396,0.307398
3.062000,1,14,24.308182,-30.546453,191.245396,0.307398
3.062000,1,14,24.308182,-30.546453,191.245396,0.307398
3.062000,1,14,24.308182,-30.546453,191.245396,0.307398
3.062000,1,14,24.308182,-30.546453,191.245396,0.307398
3.062000,1,14,24.308182,-30.546453,191.245396,0.307398
3.062000,1,14,24.308182,-30.546453,191.245396,0.307398
3.062000,1,14,24.308182,-30.546453,191.245396,0.307398
3.062000,1,14,24.308182,-30.546453,191.245396,0.307398
3.062000,1,14,24.308182,-30.546453,191.245396,0.307398
3.062000,1,14,24.308182,-30.546453,191.245396,0.307398
3.062000,1,14,24.308182,-30.546453,191.245396,0.307398
3.062000,1,14,24.308182,-30.546453,191.245396,0.307398
3.062000,1,14,24.308182,-30.546453,191.245396,0.307398
3.062000,1,14,24.308182,-30.546453,191.245396,0.307398
3.062000,1,14,24.308182,-30.546453,191.245396,0.307398
3.062000,1,14,24.308182,-30.546453,191.245396,0.307398
3.062000,1,14,24.308182,-30.546453,191.245396,0.307398
3.062000,1,14,24.308182,-30.546453,191.245396,0.307398
3.062000,1,14,24.308182,-30.546453,191.245396,0.307398
3.062000,1,14,24.308182,-30.546453,191.245396,0.307398
3.062000,1,14,24.308182,-30.546453,191.245396,0.307398
3.062000,1,14,24.308182,-30.546453,191.245396,0.307398
3.062000,1,14,24.308182,-30.546453,191.245396,0.307398
3.062000,1,14,24.308182,-30.546453,191.245396,0.307398
3.062000,1,14,24.308182,-30.546453,191.245396,0.307398
3.062000,1,14,24.308182,-30.546453,191.245396,0.307398
3.062000,1,14,24.308182,-30.546453,191.245396,0.307398
3.062000,1,14,24.308182,-30.546453,191.245396,0.307398
3.062000,1,14,24.308182,-30.546453,191.245396,0.307398
3.062000,1,14,24.308182,-30.546453,191.245396,0.307398
3.062000,1,14,24.308182,-30.546453,191.245396,0.307398
3.062000,1,14,24.308182,-30.546453,191.245396,0.307398
3.062000,1,14,24.308182,-30.546453,191.245396,0.307398
3.062000,1,14,24.308182,-30.546453,191.245396,0.307398
3.062000,1,14,24.308182,-30.546453,191.245396,0.307398
3.062000,1,14,24.308182,-30.546453,191.245396,0.307398
3.062000,1,14,24.308182,-30.546453,191.245396,0.307398
3.062000,1,14,24.308182,-30.546453,191.245396,0.307398
3.062000,1,14,24.308182,-30.546453,191.245396,0.307398
3.062000,1,14,24.308182,-30.546453,191.245396,0.307398
3.062000,1,14,24.308182,-30.546453,191.245396,0.307398
3.062000,1,14,24.308182,-30.546453,191.245396,0.307398
3.062000,1,14,24.308182,-30.546453,191.245396,0.307398
3.062000,1,14,24.308182,-30.546453,191.245396,0.307398
3.062000,1,14,24.308182,-30.546453,191.245396,0.307398
3.062000,1,14,24.308182,-30.546453,191.245396,0.307398
3.062000,1,14,24.308182,-30.546453,191.245396,0.307398
3.062000,1,14,24.308182,-30.546453,191.245396,0.307398
3.062000,1,14,24.308182,-30.546453,191.245396,0.307398
3.062000,1,14,24.308182,-30.546453,191.245396,0.307398
3.062000,1,14,24.308182,-30.546453,191.245396,0.307398
3.062000,1,14,24.308182,-30.546453,191.245396,0.307398
3.062000,1,14,24.308182,-30.546453,191.245396,0.307398
3.062000,1,14,24.308182,-30.546453,191.245396,0.307398
3.062000,1,14,24.308182,-30.546453,191.245396,0.307398
3.062000,1,14,24.308182,-30.546453,191.245396,0.307398
3.062000,1,14,24.308182,-30.546453,191.245396,0.307398
3.062000,1,14,24.308182,-30.546453,191.245396,0.307398
3.062000,1,14,24.308182,-30.546453,191.245396,0.307398
3.062000,1,14,24.308182,-30.546453,191.245396,0.307398
3.062000,1,14,24.308182,-30.546453,191.245396,0.307398
3.062000,1,14,24.308182,-30.546453,191.245396,0.307398
3.062000,1,14,24.308182,-30.546453,191.245396,0.307398
3.062000,1,14,24.308182,-30.546453,191.245396,0.307398
3.062000,1,14,24.308182,-30.546453,191.245396,0.307398
3.062000,1,14,24.308182,-30.546453,191.245396,0.307398
3.062000,1,14,24.308182,-30.546453,191.245396,0.307398
3.062000,1,14,24.308182,-30.546453,191.245396,0.307398
3.062000,1,14,24.308182,-30.546453,191.245396,0.307398
3.062000,1,14,24.308182,-30.546453,191.245396,0.307398
3.062000,1,14,24.308182,-30.546453,191.245396,0.307398
3.062000,1,14,24.308182,-30.546453,191.245396,0.307398
3.062000,1,14,24.308182,-30.546453,191.245396,0.307398
3.062000,1,14,24.308182,-30.546453,191.245396,0.307398
3.062000,1,14,24.308182,-30.546453,191.245396,0.307398
3.062000,1,14,24.308182,-30.546453,191.245396,0.307398
3.062000,1,14,24.308182,-30.546453,191.245396,0.307398
3.062000,1,14,24.308182,-30.546453,191.245396,0.307398
3.062000,1,14,24.308182,-30.546453,191.245396,0.307398
3.062000,1,14,24.308182,-30.546453,191.245396,0.307398
3.062000,1,14,24.308182,-30.546453,191.245396,0.307398
3.062000,1,14,24.308182,-30.546453,191.245396,0.307398
3.062000,1,14,24.308182,-30.546453,191.245396,0.307398
3.062000,1,14,24.308182,-30.546453,191.245396,0.307398
3.062000,1,14,24.308182,-30.546453,191.245396,0.307398
3.062000,1,14,24.308182,-30.546453,191.245396,0.307398
3.062000,1,14,24.308182,-30.546453,191.245396,0.307398
3.062000,1,14,24.308182,-30.546453,191.245396,0.307398
3.062000,1,14,24.308182,-30.546453,191.245396,0.307398
3.062000,1,14,24.308182,-30.546453,191.245396,0.307398
3.062000,1,14,24.308182,-30.546453,191.245396,0.307398
3.062000,1,14,24.308182,-30.546453,191.245396,0.307398
3.062000,1,14,24.308182,-30.546453,191.245396,0.307398
3.062000,1,14,24.308182,-30.546453,191.245396,0.307398
3.062000,1,14,24.308182,-30.546453,191.245396,0.307398
3.062000,1,14,24.308182,-30.546453,191.245396,0.307398
3.062000,1,14,24.308182,-30.546453,191.245396,0.307398
3.062000,1,14,24.308182,-30.546453,191.245396,0.307398
3.062000,1,14,24.308182,-30.546453,191.245396,0.307398
3.062000,1,14,24.308182,-30.546453,191.245396,0.307398
3.062000,1,14,24.308182,-30.546453,191.245396,0.307398
3.062000,1,14,24.308182,-30.546453,191.245396,0.307398
3.062000,1,14,24.308182,-30.546453,191.245396,0.307398
3.062000,1,14,24.308182,-30.546453,191.245396,0.307398
3.062000,1,14,24.308182,-30.546453,191.245396,0.307398
3.062000,1,14,24.308182,-30.546453,191.245396,0.307398
3.062000,1,14,24.308182,-30.546453,191.245396,0.307398
3.062000,1,14,24.308182,-30.546453,191.245396,0.307398
3.062000,1,14,24.308182,-30.546453,191.245396,0.307398
3.062000,1,14,24.308182,-30.546453,191.245396,0.307398
3.062000,1,14,24.308182,-30.546453,191.245396,0.307398
3.062000,1,14,24.308182,-30.546453,191.245396,0.307398
3.062000,1,14,24.308182,-30.546453,191.245396,0.307398
3.062000,1,14,24.308182,-30.546453,191.245396,0.307398
3.062000,1,14,24.308182,-30.546453,191.245396,0.307398
3.062000,1,14,24.308182,-30.546453,191.245396,0.307398
3.062000,1,14,24.308182,-30.546453,191.245396,0.307398
3.062000,1,14,24.308182,-30.546453,191.245396,0.307398
3.062000,1,14,24.308182,-30.546453,191.245396,0.307398
3.062000,1,14,24.308182,-30.546453,191.245396,0.307398
3.062000,1,14,24.308182,-30.546453,191.245396,0.307398
3.062000,1,14,24.308182,-30.546453,191.245396,0.307398
3.062000,1,14,24.308182,-30.546453,191.245396,0.307398
3.062000,1,14,24.308182,-30.546453,191.245396,0.307398
3.062000,1,14,24.308182,-30.546453,191.245396,0.307398
3.062000,1,14,24.308182,-30.546453,191.245396,0.307398
3.062000,1,14,24.308182,-30.546453,191.245396,0.307398
3.062000,1,14,24.308182,-30.546453,191.245396,0.307398
3.062000,1,14,24.308182,-30.546453,191.245396,0.307398
3.062000,1,14,24.308182,-30.546453,191.245396,0.307398
3.062000,1,14,24.308182,-30.546453,191.245396,0.307398
3.062000,1,14,24.308182,-30.546453,191.245396,0.307398
3.062000,1,14,24.308182,-30.546453,191.245396,0.307398
3.062000,1,14,24.308182,-30.546453,191.245396,0.307398
3.062000,1,14,24.308182,-30.546453,191.245396,0.307398
3.062000,1,14,24.308182,-30.546453,191.245396,0.307398
3.062000,1,14,24.308182,-30.546453,191.245396,0.307398
3.062000,1,14,24.308182,-30.546453,191.245396,0.307398
3.062000,1,14,24.308182,-30.546453,191.245396,0.307398
3.062000,1,14,24.308182,-30.546453,191.245396,0.307398
3.062000,1,14,24.308182,-30.546453,191.245396,0.307398
3.062000,1,14,24.308182,-30.546453,191.245396,0.307398
3.062000,1,14,24.308182,-30.546453,191.245396,0.307398
3.062000,1,14,24.308182,-30.546453,191.245396,0.307398
3.062000,1,14,24.308182,-30.546453,191.245396,0.307398
3.062000,1,14,24.308182,-30.546453,191.245396,0.307398
3.062000,1,14,24.308182,-30.546453,191.245396,0.307398
3.062000,1,14,24.308182,-30.546453,191.245396,0.307398
3.062000,1,14,24.308182,-30.546453,191.245396,0.307398
3.062000,1,14,24.308182,-30.546453,191.245396,0.307398
3.062000,1,14,24.308182,-30.546453,191.245396,0.307398
3.062000,1,14,24.308182,-30.546453,191.245396,0.307398
3.062000,1,14,24.308182,-30.546453,191.245396,0.307398
3.062000,1,14,24.308182,-30.546453,191.245396,0.307398
3.062000,1,14,24.308182,-30.546453,191.245396,0.307398
3.062000,1,14,24.308182,-30.546453,191.245396,0.307398
3.062000,1,14,24.308182,-30.546453,191.245396,0.307398
3.062000,1,14,24.308182,-30.546453,191.245396,0.307398
3.062000,1,14,24.308182,-30.546453,191.245396,0.307398
3.062000,1,14,24.308182,-30.546453,191.245396,0.307398
3.062000,1,14,24.308182,-30.546453,191.245396,0.307398
3.062000,1,14,24.308182,-30.546453,191.245396,0.307398
3.062000,1,14,24.308182,-30.546453,191.245396,0.307398
3.062000,1,14,24.308182,-30.546453,191.245396,0.307398
3.062000,1,14,24.308182,-30.546453,191.245396,0.307398
3.062000,1,14,24.308182,-30.546453,191.245396,0.307398
3.062000,1,14,24.308182,-30.546453,191.245396,0.307398
3.062000,1,14,24.308182,-30.546453,191.245396,0.307398
3.062000,1,14,24.308182,-30.546453,191.245396,0.307398
3.062000,1,14,24.308182,-30.546453,191.245396,0.307398
3.062000,1,14,24.308182,-30.546453,191.245396,0.307398
3.062000,1,14,24.308182,-30.546453,191.245396,0.307398
3.062000,1,14,24.308182,-30.546453,191.245396,0.307398
3.062000,1,14,24.308182,-30.546453,191.245396,0.307398
3.062000,1,14,24.308182,-30.546453,191.245396,0.307398
3.062000,1,14,24.308182,-30.546453,191.245396,0.307398
3.062000,1,14,24.308182,-30.546453,191.245396,0.307398
3.062000,1,14,24.308182,-30.546453,191.245396,0.307398
3.062000,1,14,24.308182,-30.546453,191.245396,0.307398
3.062000,1,14,24.308182,-30.546453,191.245396,0.307398
3.062000,1,14,24.308182,-30.546453,191.245396,0.307398
3.062000,1,14,24.308182,-30.546453,191.245396,0.307398
3.062000,1,14,24.308182,-30.546453,191.245396,0.307398
3.062000,1,14,24.308182,-30.546453,191.245396,0.307398
3.062000,1,14,24.308182,-30.546453,191.245396,0.307398
3.062000,1,14,24.308182,-30.546453,191.245396,0.307398
3.062000,1,14,24.308182,-30.546453,191.245396,0.307398
3.062000,1,14,24.308182,-30.546453,191.245396,0.307398
3.062000,1,14,24.308182,-30.546453,191.245396,0.307398
3.062000,1,14,24.308182,-30.546453,191.245396,0.307398
3.062000,1,14,24.308182,-30.546453,191.245396,0.307398
3.062000,1,14,24.308182,-30.546453,191.245396,0.307398
3.062000,1,14,24.308182,-30.546453,191.245396,0.307398
3.062000,1,14,24.308182,-30.546453,191.245396,0.307398
3.062000,1,14,24.308182,-30.546453,191.245396,0.307398
3.062000,1,14,24.308182,-30.546453,191.245396,0.307398
3.062000,1,14,24.308182,-30.546453,191.245396,0.307398
3.062000,1,14,24.308182,-30.546453,191.245396,0.307398
3.062000,1,14,24.308182,-30.546453,191.245396,0.307398
3.062000,1,14,24.308182,-30.546453,191.245396,0.307398
3.062000,1,14,24.308182,-30.546453,191.245396,0.307398
3.062000,1,14,24.308182,-30.546453,191.245396,0.307398
3.062000,1,14,24.308182,-30.546453,191.245396,0.307398
3.062000,1,14,24.308182,-30.546453,191.245396,0.307398
3.062000,1,14,24.308182,-30.546453,191.245396,0.307398
3.062000,1,14,24.308182,-30.546453,191.245396,0.307398
3.062000,1,14,24.308182,-30.546453,191.245396,0.307398
3.062000,1,14,24.308182,-30.546453,191.245396,0.307398
3.062000,1,14,24.308182,-30.546453,191.245396,0.307398
3.062000,1,14,24.308182,-30.546453,191.245396,0.307398
3.062000,1,14,24.308182,-30.546453,191.245396,0.307398
3.062000,1,14,24.308182,-30.546453,191.245396,0.307398
3.062000,1,14,24.308182,-30.546453,191.245396,0.307398
3.062000,1,14,24.308182,-30.546453,191.245396,0.307398
3.062000,1,14,24.308182,-30.546453,191.245396,0.307398
3.062000,1,14,24.308182,-30.546453,191.245396,0.307398
3.062000,1,14,24.308182,-30.546453,191.245396,0.307398
3.062000,1,14,24.308182,-30.546453,191.245396,0.307398
3.062000,1,14,24.308182,-30.546453,191.245396,0.307398
3.062000,1,14,24.308182,-30.546453,191.245396,0.307398
3.062000,1,14,24.308182,-30.546453,191.245396,0.307398
3.062000,1,14,24.308182,-30.546453,191.245396,0.307398
3.062000,1,14,24.308182,-30.546453,191.245396,0.307398
3.062000,1,14,24.308182,-30.546453,191.245396,0.307398
3.062000,1,14,24.308182,-30.546453,191.245396,0.307398
3.062000,1,14,24.308182,-30.546453,191.245396,0.307398
3.062000,1,14,24.308182,-30.546453,191.245396,0.307398
3.062000,1,14,24.308182,-30.546453,191.245396,0.307398
3.062000,1,14,24.308182,-30.546453,191.245396,0.307398
3.062000,1,14,24.308182,-30.546453,191.245396,0.307398
3.062000,1,14,24.308182,-30.546453,191.245396,0.307398
3.062000,1,14,24.308182,-30.546453,191.245396,0.307398
3.062000,1,14,24.308182,-30.546453,191.245396,0.307398
3.062000,1,14,24.308182,-30.546453,191.245396,0.307398
3.062000,1,14,24.308182,-30.546453,191.245396,0.307398
3.062000,1,14,24.308182,-30.546453,191.245396,0.307398
3.062000,1,14,24.308182,-30.546453,191.245396,0.307398
3.062000,1,14,24.308182,-30.546453,191.245396,0.307398
3.062000,1,14,24.308182,-30.546453,191.245396,0.307398
3.062000,1,14,24.308182,-30.546453,191.245396,0.307398
3.062000,1,14,24.308182,-30.546453,191.245396,0.307398
3.062000,1,14,24.308182,-30.546453,191.245396,0.307398
3.062000,1,14,24.308182,-30.546453,191.245396,0.307398
3.062000,1,14,24.308182,-30.546453,191.245396,0.307398
3.062000,1,14,24.308182,-30.546453,191.245396,0.307398
3.062000,1,14,24.308182,-30.546453,191.245396,0.307398
3.062000,1,14,24.308182,-30.546453,191.245396,0.307398
3.062000,1,14,24.308182,-30.546453,191.245396,0.307398
3.062000,1,14,24.308182,-30.546453,191.245396,0.307398
3.062000,1,14,24.308182,-30.546453,191.245396,0.307398
3.062000,1,14,24.308182,-30.546453,191.245396,0.307398
3.062000,1,14,24.308182,-30.546453,191.245396,0.307398
3.062000,1,14,24.308182,-30.546453,191.245396,0.307398
3.062000,1,14,24.308182,-30.546453,191.245396,0.307398
3.062000,1,14,24.308182,-30.546453,191.245396,0.307398
3.062000,1,14,24.308182,-30.546453,191.245396,0.307398
3.062000,1,14,24.308182,-30.546453,191.245396,0.307398
3.062000,1,14,24.308182,-30.546453,191.245396,0.307398
3.062000,1,14,24.308182,-30.546453,191.245396,0.307398
3.062000,1,14,24.308182,-30.546453,191.245396,0.307398
3.062000,1,14,24.308182,-30.546453,191.245396,0.307398
3.062000,1,14,24.308182,-30.546453,191.245396,0.307398
3.062000,1,14,24.308182,-30.546453,191.245396,0.307398
3.062000,1,14,24.308182,-30.546453,191.245396,0.307398
3.062000,1,14,24.308182,-30.546453,191.245396,0.307398
3.062000,1,14,24.308182,-30.546453,191.245396,0.307398
3.062000,1,14,24.308182,-30.546453,191.245396,0.307398
3.062000,1,14,24.308182,-30.546453,191.245396,0.307398
3.062000,1,14,24.308182,-30.546453,191.245396,0.307398
3.062000,1,14,24.308182,-30.546453,191.245396,0.307398
3.062000,1,14,24.308182,-30.546453,191.245396,0.307398
3.062000,1,14,24.308182,-30.546453,191.245396,0.307398
3.062000,1,14,24.308182,-30.546453,191.245396,0.307398
3.062000,1,14,24.308182,-30.546453,191.245396,0.307398
3.062000,1,14,24.308182,-30.546453,191.245396,0.307398
3.062000,1,14,24.308182,-30.546453,191.245396,0.307398
3.062000,1,14,24.308182,-30.546453,191.245396,0.307398
3.062000,1,14,24.308182,-30.546453,191.245396,0.307398
3.062000,1,14,24.308182,-30.546453,191.245396,0.307398
3.062000,1,14,24.308182,-30.546453,191.245396,0.307398
3.062000,1,14,24.308182,-30.546453,191.245396,0.307398
3.062000,1,14,24.308182,-30.546453,191.245396,0.307398
3.062000,1,14,24.308182,-30.546453,191.245396,0.307398
3.062000,1,14,24.308182,-30.546453,191.245396,0.307398
3.062000,1,14,24.308182,-30.546453,191.245396,0.307398
3.062000,1,14,24.308182,-30.546453,191.245396,0.307398
3.062000,1,14,24.308182,-30.546453,191.245396,0.307398
3.062000,1,14,24.308182,-30.546453,191.245396,0.307398
3.062000,1,14,24.308182,-30.546453,191.245396,0.307398
3.062000,1,14,24.308182,-30.546453,191.245396,0.307398
3.062000,1,14,24.308182,-30.546453,191.245396,0.307398
3.062000,1,14,24.308182,-30.546453,191.245396,0.307398
3.062000,1,14,24.308182,-30.546453,191.245396,0.307398
3.062000,1,14,24.308182,-30.546453,191.245396,0.307398
3.062000,1,14,24.308182,-30.546453,191.245396,0.307398
3.062000,1,14,24.308182,-30.546453,191.245396,0.307398
3.062000,1,14,24.308182,-30.546453,191.245396,0.307398
3.062000,1,14,24.308182,-30.546453,191.245396,0.307398
3.062000,1,14,24.308182,-30.546453,191.245396,0.307398
3.062000,1,14,24.308182,-30.546453,191.245396,0.307398
3.062000,1,14,24.308182,-30.546453,191.245396,0.307398
3.062000,1,14,24.308182,-30.546453,191.245396,0.307398
3.062000,1,14,24.308182,-30.546453,191.245396,0.307398
3.062000,1,14,24.308182,-30.546453,191.245396,0.307398
3.062000,1,14,24.308182,-30.546453,191.245396,0.307398
3.062000,1,14,24.308182,-30.546453,191.245396,0.307398
3.062000,1,14,24.308182,-30.546453,191.245396,0.307398
3.062000,1,14,24.308182,-30.546453,191.245396,0.307398
3.062000,1,14,24.308182,-30.546453,191.245396,0.307398
3.062000,1,14,24.308182,-30.546453,191.245396,0.307398
3.062000,1,14,24.308182,-30.546453,191.245396,0.307398
3.062000,1,14,24.308182,-30.546453,191.245396,0.307398
3.062000,1,14,24.308182,-30.546453,191.245396,0.307398
3.062000,1,14,24.308182,-30.546453,191.245396,0.307398
3.062000,1,14,24.308182,-30.546453,191.245396,0.307398
3.062000,1,14,24.308182,-30.546453,191.245396,0.307398
3.062000,1,14,24.308182,-30.546453,191.245396,0.307398
3.062000,1,14,24.308182,-30.546453,191.245396,0.307398
3.062000,1,14,24.308182,-30.546453,191.245396,0.307398
3.062000,1,14,24.308182,-30.546453,191.245396,0.307398
3.062000,1,14,24.308182,-30.546453,191.245396,0.307398
3.062000,1,14,24.308182,-30.546453,191.245396,0.307398
3.062000,1,14,24.308182,-30.546453,191.245396,0.307398
3.062000,1,14,24.308182,-30.546453,191.245396,0.307398
3.062000,1,14,24.308182,-30.546453,191.245396,0.307398
3.062000,1,14,24.308182,-30.546453,191.245396,0.307398
3.062000,1,14,24.308182,-30.546453,191.245396,0.307398
3.062000,1,14,24.308182,-30.546453,191.245396,0.307398
3.062000,1,14,24.308182,-30.546453,191.245396,0.307398
3.062000,1,14,24.308182,-30.546453,191.245396,0.307398
3.062000,1,14,24.308182,-30.546453,191.245396,0.307398
3.062000,1,14,24.308182,-30.546453,191.245396,0.307398
3.062000,1,14,24.308182,-30.546453,191.245396,0.307398
3.062000,1,14,24.308182,-30.546453,191.245396,0.307398
3.062000,1,14,24.308182,-30.546453,191.245396,0.307398
3.062000,1,14,24.308182,-30.546453,191.245396,0.307398
3.062000,1,14,24.308182,-30.546453,191.245396,0.307398
3.062000,1,14,24.308182,-30.546453,191.245396,0.307398
3.062000,1,14,24.308182,-30.546453,191.245396,0.307398
3.062000,1,14,24.308182,-30.546453,191.245396,0.307398
3.062000,1,14,24.308182,-30.546453,191.245396,0.307398
3.062000,1,14,24.308182,-30.546453,191.245396,0.307398
3.062000,1,14,24.308182,-30.546453,191.245396,0.307398
3.062000,1,14,24.308182,-30.546453,191.245396,0.307398
3.062000,1,14,24.308182,-30.546453,191.245396,0.307398
3.062000,1,14,24.308182,-30.546453,191.245396,0.307398
3.062000,1,14,24.308182,-30.546453,191.245396,0.307398
3.062000,1,14,24.308182,-30.546453,191.245396,0.307398
3.062000,1,14,24.308182,-30.546453,191.245396,0.307398
3.062000,1,14,24.308182,-30.546453,191.245396,0.307398
3.062000,1,14,24.308182,-30.546453,191.245396,0.307398
3.062000,1,14,24.308182,-30.546453,191.245396,0.307398
3.062000,1,14,24.308182,-30.546453,191.245396,0.307398
3.062000,1,14,24.308182,-30.546453,191.245396,0.307398
3.062000,1,14,24.308182,-30.546453,191.245396,0.307398
3.062000,1,14,24.308182,-30.546453,191.245396,0.307398
3.062000,1,14,24.308182,-30.546453,191.245396,0.307398
3.062000,1,14,24.308182,-30.546453,191.245396,0.307398
3.062000,1,14,24.308182,-30.546453,191.245396,0.307398
3.062000,1,14,24.308182,-30.546453,191.245396,0.307398
3.062000,1,14,24.308182,-30.546453,191.245396,0.307398
3.062000,1,14,24.308182,-30.546453,191.245396,0.307398
3.062000,1,14,24.308182,-30.546453,191.245396,0.307398
3.062000,1,14,24.308182,-30.546453,191.245396,0.307398
3.062000,1,14,24.308182,-30.546453,191.245396,0.307398
3.062000,1,14,24.308182,-30.546453,191.245396,0.307398
3.062000,1,14,24.308182,-30.546453,191.245396,0.307398
3.062000,1,14,24.308182,-30.546453,191.245396,0.307398
3.062000,1,14,24.308182,-30.546453,191.245396,0.307398
3.062000,1,14,24.308182,-30.546453,191.245396,0.307398
3.062000,1,14,24.308182,-30.546453,191.245396,0.307398
3.062000,1,14,24.308182,-30.546453,191.245396,0.307398
3.062000,1,14,24.308182,-30.546453,191.245396,0.307398
3.062000,1,14,24.308182,-30.546453,191.245396,0.307398
3.062000,1,14,24.308182,-30.546453,191.245396,0.307398
3.062000,1,14,24.308182,-30.546453,191.245396,0.307398
3.062000,1,14,24.308182,-30.546453,191.245396,0.307398
3.062000,1,14,24.308182,-30.546453,191.245396,0.307398
3.062000,1,14,24.308182,-30.546453,191.245396,0.307398
3.062000,1,14,24.308182,-30.546453,191.245396,0.307398
3.062000,1,14,24.308182,-30.546453,191.245396,0.307398
3.062000,1,14,24.308182,-30.546453,191.245396,0.307398
3.062000,1,14,24.308182,-30.546453,191.245396,0.307398
3.062000,1,14,24.308182,-30.546453,191.245396,0.307398
3.062000,1,14,24.308182,-30.546453,191.245396,0.307398
3.062000,1,14,24.308182,-30.546453,191.245396,0.307398
3.062000,1,14,24.308182,-30.546453,191.245396,0.307398
3.062000,1,14,24.308182,-30.546453,191.245396,0.307398
3.062000,1,14,24.308182,-30.546453,191.245396,0.307398
3.062000,1,14,24.308182,-30.546453,191.245396,0.307398
3.062000,1,14,24.308182,-30.546453,191.245396,0.307398
3.062000,1,14,24.308182,-30.546453,191.245396,0.307398
3.062000,1,14,24.308182,-30.546453,191.245396,0.307398
3.062000,1,14,24.308182,-30.546453,191.245396,0.307398
3.062000,1,14,24.308182,-30.546453,191.245396,0.307398
3.062000,1,14,24.308182,-30.546453,191.245396,0.307398
3.062000,1,14,24.308182,-30.546453,191.245396,0.307398
3.062000,1,14,24.308182,-30.546453,191.245396,0.307398
3.062000,1,14,24.308182,-30.546453,191.245396,0.307398
3.062000,1,14,24.308182,-30.546453,191.245396,0.307398
3.062000,1,14,24.308182,-30.546453,191.245396,0.307398
3.062000,1,14,24.308182,-30.546453,191.245396,0.307398
3.062000,1,14,24.308182,-30.546453,191.245396,0.307398
3.062000,1,14,24.308182,-30.546453,191.245396,0.307398
3.062000,1,14,24.308182,-30.546453,191.245396,0.307398
3.062000,1,14,24.308182,-30.546453,191.245396,0.307398
3.062000,1,14,24.308182,-30.546453,191.245396,0.307398
3.062000,1,14,24.308182,-30.546453,191.245396,0.307398
3.062000,1,14,24.308182,-30.546453,191.245396,0.307398
3.062000,1,14,24.308182,-30.546453,191.245396,0.307398
3.062000,1,14,24.308182,-30.546453,191.245396,0.307398
3.062000,1,14,24.308182,-30.546453,191.245396,0.307398
3.062000,1,14,24.308182,-30.546453,191.245396,0.307398
3.062000,1,14,24.308182,-30.546453,191.245396,0.307398
3.062000,1,14,24.308182,-30.546453,191.245396,0.307398
3.062000,1,14,24.308182,-30.546453,191.245396,0.307398
3.062000,1,14,24.308182,-30.546453,191.245396,0.307398
3.062000,1,14,24.308182,-30.546453,191.245396,0.307398
3.062000,1,14,24.308182,-30.546453,191.245396,0.307398
3.062000,1,14,24.308182,-30.546453,191.245396,0.307398
3.062000,1,14,24.308182,-30.546453,191.245396,0.307398
3.062000,1,14,24.308182,-30.546453,191.245396,0.307398
3.062000,1,14,24.308182,-30.546453,191.245396,0.307398
3.062000,1,14,24.308182,-30.546453,191.245396,0.307398
3.062000,1,14,24.308182,-30.546453,191.245396,0.307398
3.062000,1,14,24.308182,-30.546453,191.245396,0.307398
3.062000,1,14,24.308182,-30.546453,191.245396,0.307398
3.062000,1,14,24.308182,-30.546453,191.245396,0.307398
3.062000,1,14,24.308182,-30.546453,191.245396,0.307398
3.062000,1,14,24.308182,-30.546453,191.245396,0.307398
3.062000,1,14,24.308182,-30.546453,191.245396,0.307398
3.062000,1,14,24.308182,-30.546453,191.245396,0.307398
3.062000,1,14,24.308182,-30.546453,191.245396,0.307398
3.062000,1,14,24.308182,-30.546453,191.245396,0.307398
3.062000,1,14,24.308182,-30.546453,191.245396,0.307398
3.062000,1,14,24.308182,-30.546453,191.245396,0.307398
3.062000,1,14,24.308182,-30.546453,191.245396,0.307398
3.062000,1,14,24.308182,-30.546453,191.245396,0.307398
3.062000,1,14,24.308182,-30.546453,191.245396,0.307398
3.062000,1,14,24.308182,-30.546453,191.245396,0.307398
3.062000,1,14,24.308182,-30.546453,191.245396,0.307398
3.062000,1,14,24.308182,-30.546453,191.245396,0.307398
3.062000,1,14,24.308182,-30.546453,191.245396,0.307398
3.062000,1,14,24.308182,-30.546453,191.245396,0.307398
3.062000,1,14,24.308182,-30.546453,191.245396,0.307398
3.062000,1,14,24.308182,-30.546453,191.245396,0.307398
3.062000,1,14,24.308182,-30.546453,191.245396,0.307398
3.062000,1,14,24.308182,-30.546453,191.245396,0.307398
3.062000,1,14,24.308182,-30.546453,191.245396,0.307398
3.062000,1,14,24.308182,-30.546453,191.245396,0.307398
3.062000,1,14,24.308182,-30.546453,191.245396,0.307398
3.062000,1,14,24.308182,-30.546453,191.245396,0.307398
3.062000,1,14,24.308182,-30.546453,191.245396,0.307398
3.062000,1,14,24.308182,-30.546453,191.245396,0.307398
3.062000,1,14,24.308182,-30.546453,191.245396,0.307398
3.062000,1,14,24.308182,-30.546453,191.245396,0.307398
3.062000,1,14,24.308182,-30.546453,191.245396,0.307398
3.062000,1,14,24.308182,-30.546453,191.245396,0.307398
3.062000,1,14,24.308182,-30.546453,191.245396,0.307398
3.062000,1,14,24.308182,-30.546453,191.245396,0.307398
3.062000,1,14,24.308182,-30.546453,191.245396,0.307398
3.062000,1,14,24.308182,-30.546453,191.245396,0.307398
3.062000,1,14,24.308182,-30.546453,191.245396,0.307398
3.062000,1,14,24.308182,-30.546453,191.245396,0.307398
3.062000,1,14,24.308182,-30.546453,191.245396,0.307398
3.062000,1,14,24.308182,-30.546453,191.245396,0.307398
3.062000,1,14,24.308182,-30.546453,191.245396,0.307398
3.062000,1,14,24.308182,-30.546453,191.245396,0.307398
3.062000,1,14,24.308182,-30.546453,191.245396,0.307398
3.062000,1,14,24.308182,-30.546453,191.245396,0.307398
3.062000,1,14,24.308182,-30.546453,191.245396,0.307398
3.062000,1,14,24.308182,-30.546453,191.245396,0.307398
3.062000,1,14,24.308182,-30.546453,191.245396,0.307398
3.062000,1,14,24.308182,-30.546453,191.245396,0.307398
3.062000,1,14,24.308182,-30.546453,191.245396,0.307398
3.062000,1,14,24.308182,-30.546453,191.245396,0.307398
3.062000,1,14,24.308182,-30.546453,191.245396,0.307398
3.062000,1,14,24.308182,-30.546453,191.245396,0.307398
3.062000,1,14,24.308182,-30.546453,191.245396,0.307398
3.062000,1,14,24.308182,-30.546453,191.245396,0.307398
3.062000,1,14,24.308182,-30.546453,191.245396,0.307398
3.062000,1,14,24.308182,-30.546453,191.245396,0.307398
3.062000,1,14,24.308182,-30.546453,191.245396,0.307398
3.062000,1,14,24.308182,-30.546453,191.245396,0.307398
3.062000,1,14,24.308182,-30.546453,191.245396,0.307398
3.062000,1,14,24.308182,-30.546453,191.245396,0.307398
3.062000,1,14,24.308182,-30.546453,191.245396,0.307398
3.062000,1,14,24.308182,-30.546453,191.245396,0.307398
3.062000,1,14,24.308182,-30.546453,191.245396,0.307398
3.062000,1,14,24.308182,-30.546453,191.245396,0.307398
3.062000,1,14,24.308182,-30.546453,191.245396,0.307398
3.062000,1,14,24.308182,-30.546453,191.245396,0.307398
3.062000,1,14,24.308182,-30.546453,191.245396,0.307398
3.062000,1,14,24.308182,-30.546453,191.245396,0.307398
3.062000,1,14,24.308182,-30.546453,191.245396,0.307398
3.062000,1,14,24.308182,-30.546453,191.245396,0.307398
3.062000,1,14,24.308182,-30.546453,191.245396,0.307398
3.062000,1,14,24.308182,-30.546453,191.245396,0.307398
3.062000,1,14,24.308182,-30.546453,191.245396,0.307398
3.062000,1,14,24.308182,-30.546453,191.245396,0.307398
3.062000,1,14,24.308182,-30.546453,191.245396,0.307398
3.062000,1,14,24.308182,-30.546453,191.245396,0.307398
3.062000,1,14,24.308182,-30.546453,191.245396,0.307398
3.062000,1,14,24.308182,-30.546453,191.245396,0.307398
3.062000,1,14,24.308182,-30.546453,191.245396,0.307398
3.062000,1,14,24.308182,-30.546453,191.245396,0.307398
3.062000,1,14,24.308182,-30.546453,191.245396,0.307398
3.062000,1,14,24.308182,-30.546453,191.245396,0.307398
3.062000,1,14,24.308182,-30.546453,191.245396,0.307398
3.062000,1,14,24.308182,-30.546453,191.245396,0.307398
3.062000,1,14,24.308182,-30.546453,191.245396,0.307398
3.062000,1,14,24.308182,-30.546453,191.245396,0.307398
3.062000,1,14,24.308182,-30.546453,191.245396,0.307398
3.062000,1,14,24.308182,-30.546453,191.245396,0.307398
3.062000,1,14,24.308182,-30.546453,191.245396,0.307398
3.062000,1,14,24.308182,-30.546453,191.245396,0.307398
3.062000,1,14,24.308182,-30.546453,191.245396,0.307398
3.062000,1,14,24.308182,-30.546453,191.245396,0.307398
3.062000,1,14,24.308182,-30.546453,191.245396,0.307398
3.062000,1,14,24.308182,-30.546453,191.245396,0.307398
3.062000,1,14,24.308182,-30.546453,191.245396,0.307398
3.062000,1,14,24.308182,-30.546453,191.245396,0.307398
3.062000,1,14,24.308182,-30.546453,191.245396,0.307398
3.062000,1,14,24.308182,-30.546453,191.245396,0.307398
3.062000,1,14,24.308182,-30.546453,191.245396,0.307398
3.062000,1,14,24.308182,-30.546453,191.245396,0.307398
3.062000,1,14,24.308182,-30.546453,191.245396,0.307398
3.062000,1,14,24.308182,-30.546453,191.245396,0.307398
3.062000,1,14,24.308182,-30.546453,191.245396,0.307398
3.062000,1,14,24.308182,-30.546453,191.245396,0.307398
3.062000,1,14,24.308182,-30.546453,191.245396,0.307398
3.062000,1,14,24.308182,-30.546453,191.245396,0.307398
3.062000,1,14,24.308182,-30.546453,191.245396,0.307398
3.062000,1,14,24.308182,-30.546453,191.245396,0.307398
3.062000,1,14,24.308182,-30.546453,191.245396,0.307398
3.062000,1,14,24.308182,-30.546453,191.245396,0.307398
3.062000,1,14,24.308182,-30.546453,191.245396,0.307398
3.062000,1,14,24.308182,-30.546453,191.245396,0.307398
3.062000,1,14,24.308182,-30.546453,191.245396,0.307398
3.062000,1,14,24.308182,-30.546453,191.245396,0.307398
3.062000,1,14,24.308182,-30.546453,191.245396,0.307398
3.062000,1,14,24.308182,-30.546453,191.245396,0.307398
3.062000,1,14,24.308182,-30.546453,191.245396,0.307398
3.062000,1,14,24.308182,-30.546453,191.245396,0.307398
3.062000,1,14,24.308182,-30.546453,191.245396,0.307398
3.062000,1,14,24.308182,-30.546453,191.245396,0.307398
3.062000,1,14,24.308182,-30.546453,191.245396,0.307398
3.062000,1,14,24.308182,-30.546453,191.245396,0.307398
3.062000,1,14,24.308182,-30.546453,191.245396,0.307398
3.062000,1,14,24.308182,-30.546453,191.245396,0.307398
3.062000,1,14,24.308182,-30.546453,191.245396,0.307398
3.062000,1,14,24.308182,-30.546453,191.245396,0.307398
3.062000,1,14,24.308182,-30.546453,191.245396,0.307398
3.062000,1,14,24.308182,-30.546453,191.245396,0.307398
3.062000,1,14,24.308182,-30.546453,191.245396,0.307398
3.062000,1,14,24.308182,-30.546453,191.245396,0.307398
3.062000,1,14,24.308182,-30.546453,191.245396,0.307398
3.062000,1,14,24.308182,-30.546453,191.245396,0.307398
3.062000,1,14,24.308182,-30.546453,191.245396,0.307398
3.062000,1,14,24.308182,-30.546453,191.245396,0.307398
3.062000,1,14,24.308182,-30.546453,191.245396,0.307398
3.062000,1,14,24.308182,-30.546453,191.245396,0.307398
3.062000,1,14,24.308182,-30.546453,191.245396,0.307398
3.062000,1,14,24.308182,-30.546453,191.245396,0.307398
3.062000,1,14,24.308182,-30.546453,191.245396,0.307398
3.062000,1,14,24.308182,-30.546453,191.245396,0.307398
3.062000,1,14,24.308182,-30.546453,191.245396,0.307398
3.062000,1,14,24.308182,-30.546453,191.245396,0.307398
3.062000,1,14,24.308182,-30.546453,191.245396,0.307398
3.062000,1,14,24.308182,-30.546453,191.245396,0.307398
3.062000,1,14,24.308182,-30.546453,191.245396,0.307398
3.062000,1,14,24.308182,-30.546453,191.245396,0.307398
3.062000,1,14,24.308182,-30.546453,191.245396,0.307398
3.062000,1,14,24.308182,-30.546453,191.245396,0.307398
3.062000,1,14,24.308182,-30.546453,191.245396,0.307398
3.062000,1,14,24.308182,-30.546453,191.245396,0.307398
3.062000,1,14,24.308182,-30.546453,191.245396,0.307398
3.062000,1,14,24.308182,-30.546453,191.245396,0.307398
3.062000,1,14,24.308182,-30.546453,191.245396,0.307398
3.062000,1,14,24.308182,-30.546453,191.245396,0.307398
3.062000,1,14,24.308182,-30.546453,191.245396,0.307398
3.062000,1,14,24.308182,-30.546453,191.245396,0.307398
3.062000,1,14,24.308182,-30.546453,191.245396,0.307398
3.062000,1,14,24.308182,-30.546453,191.245396,0.307398
3.062000,1,14,24.308182,-30.546453,191.245396,0.307398
3.062000,1,14,24.308182,-30.546453,191.245396,0.307398
3.062000,1,14,24.308182,-30.546453,191.245396,0.307398
3.062000,1,14,24.308182,-30.546453,191.245396,0.307398
3.062000,1,14,24.308182,-30.546453,191.245396,0.307398
3.062000,1,14,24.308182,-30.546453,191.245396,0.307398
3.062000,1,14,24.308182,-30.546453,191.245396,0.307398
3.062000,1,14,24.308182,-30.546453,191.245396,0.307398
3.062000,1,14,24.308182,-30.546453,191.245396,0.307398
3.062000,1,14,24.308182,-30.546453,191.245396,0.307398
3.062000,1,14,24.308182,-30.546453,191.245396,0.307398
3.062000,1,14,24.308182,-30.546453,191.245396,0.307398
3.062000,1,14,24.308182,-30.546453,191.245396,0.307398
3.062000,1,14,24.308182,-30.546453,191.245396,0.307398
3.062000,1,14,24.308182,-30.546453,191.245396,0.307398
3.062000,1,14,24.308182,-30.546453,191.245396,0.307398
3.062000,1,14,24.308182,-30.546453,191.245396,0.307398
3.062000,1,14,24.308182,-30.546453,191.245396,0.307398
3.062000,1,14,24.308182,-30.546453,191.245396,0.307398
3.062000,1,14,24.308182,-30.546453,191.245396,0.307398
3.062000,1,14,24.308182,-30.546453,191.245396,0.307398
3.062000,1,14,24.308182,-30.546453,191.245396,0.307398
3.062000,1,14,24.308182,-30.546453,191.245396,0.307398
3.062000,1,14,24.308182,-30.546453,191.245396,0.307398
3.062000,1,14,24.308182,-30.546453,191.245396,0.307398
3.062000,1,14,24.308182,-30.546453,191.245396,0.307398
3.062000,1,14,24.308182,-30.546453,191.245396,0.307398
3.062000,1,14,24.308182,-30.546453,191.245396,0.307398
3.062000,1,14,24.308182,-30.546453,191.245396,0.307398
3.062000,1,14,24.308182,-30.546453,191.245396,0.307398
3.062000,1,14,24.308182,-30.546453,191.245396,0.307398
3.062000,1,14,24.308182,-30.546453,191.245396,0.307398
3.062000,1,14,24.308182,-30.546453,191.245396,0.307398
3.062000,1,14,24.308182,-30.546453,191.245396,0.307398
3.062000,1,14,24.308182,-30.546453,191.245396,0.307398
3.062000,1,14,24.308182,-30.546453,191.245396,0.307398
3.062000,1,14,24.308182,-30.546453,191.245396,0.307398
3.062000,1,14,24.308182,-30.546453,191.245396,0.307398
3.062000,1,14,24.308182,-30.546453,191.245396,0.307398
3.062000,1,14,24.308182,-30.546453,191.245396,0.307398
3.062000,1,14,24.308182,-30.546453,191.245396,0.307398
3.062000,1,14,24.308182,-30.546453,191.245396,0.307398
3.062000,1,14,24.308182,-30.546453,191.245396,0.307398
3.062000,1,14,24.308182,-30.546453,191.245396,0.307398
3.062000,1,14,24.308182,-30.546453,191.245396,0.307398
3.062000,1,14,24.308182,-30.546453,191.245396,0.307398
3.062000,1,14,24.308182,-30.546453,191.245396,0.307398
3.062000,1,14,24.308182,-30.546453,191.245396,0.307398
3.062000,1,14,24.308182,-30.546453,191.245396,0.307398
3.062000,1,14,24.308182,-30.546453,191.245396,0.307398
3.062000,1,14,24.308182,-30.546453,191.245396,0.307398
3.062000,1,14,24.308182,-30.546453,191.245396,0.307398
3.062000,1,14,24.308182,-30.546453,191.245396,0.307398
3.062000,1,14,24.308182,-30.546453,191.245396,0.307398
3.062000,1,14,24.308182,-30.546453,191.245396,0.307398
3.062000,1,14,24.308182,-30.546453,191.245396,0.307398
3.062000,1,14,24.308182,-30.546453,191.245396,0.307398
3.062000,1,14,24.308182,-30.546453,191.245396,0.307398
3.062000,1,14,24.308182,-30.546453,191.245396,0.307398
3.062000,1,14,24.308182,-30.546453,191.245396,0.307398
3.062000,1,14,24.308182,-30.546453,191.245396,0.307398
3.062000,1,14,24.308182,-30.546453,191.245396,0.307398
3.062000,1,14,24.308182,-30.546453,191.245396,0.307398
3.062000,1,14,24.308182,-30.546453,191.245396,0.307398
3.062000,1,14,24.308182,-30.546453,191.245396,0.307398
3.062000,1,14,24.308182,-30.546453,191.245396,0.307398
3.062000,1,14,24.308182,-30.546453,191.245396,0.307398
3.062000,1,14,24.308182,-30.546453,191.245396,0.307398
3.062000,1,14,24.308182,-30.546453,191.245396,0.307398
3.062000,1,14,24.308182,-30.546453,191.245396,0.307398
3.062000,1,14,24.308182,-30.546453,191.245396,0.307398
3.062000,1,14,24.308182,-30.546453,191.245396,0.307398
3.062000,1,14,24.308182,-30.546453,191.245396,0.307398
3.062000,1,14,24.308182,-30.546453,191.245396,0.307398
3.062000,1,14,24.308182,-30.546453,191.245396,0.307398
3.062000,1,14,24.308182,-30.546453,191.245396,0.307398
3.062000,1,14,24.308182,-30.546453,191.245396,0.307398
3.062000,1,14,24.308182,-30.546453,191.245396,0.307398
3.062000,1,14,24.308182,-30.546453,191.245396,0.307398
3.062000,1,14,24.308182,-30.546453,191.245396,0.307398
3.062000,1,14,24.308182,-30.546453,191.245396,0.307398
3.062000,1,14,24.308182,-30.546453,191.245396,0.307398
3.062000,1,14,24.308182,-30.546453,191.245396,0.307398
3.062000,1,14,24.308182,-30.546453,191.245396,0.307398
3.062000,1,14,24.308182,-30.546453,191.245396,0.307398
3.062000,1,14,24.308182,-30.546453,191.245396,0.307398
3.062000,1,14,24.308182,-30.546453,191.245396,0.307398
3.062000,1,14,24.308182,-30.546453,191.245396,0.307398
3.062000,1,14,24.308182,-30.546453,191.245396,0.307398
3.062000,1,14,24.308182,-30.546453,191.245396,0.307398
3.062000,1,14,24.308182,-30.546453,191.245396,0.307398
3.062000,1,14,24.308182,-30.546453,191.245396,0.307398
3.062000,1,14,24.308182,-30.546453,191.245396,0.307398
3.062000,1,14,24.308182,-30.546453,191.245396,0.307398
3.062000,1,14,24.308182,-30.546453,191.245396,0.307398
3.062000,1,14,24.308182,-30.546453,191.245396,0.307398
3.062000,1,14,24.308182,-30.546453,191.245396,0.307398
3.062000,1,14,24.308182,-30.546453,191.245396,0.307398
3.062000,1,14,24.308182,-30.546453,191.245396,0.307398
3.062000,1,14,24.308182,-30.546453,191.245396,0.307398
3.062000,1,14,24.308183,-30.546453,191.245396,0.307398
3.062000,1,14,24.308182,-30.546453,191.245396,0.307398
3.062000,1,14,24.308182,-30.546453,191.245396,0.307398
3.062000,1,14,24.308182,-30.546453,191.245396,0.307398
3.062000,1,14,24.308182,-30.546453,191.245396,0.307398
3.062000,1,14,24.308182,-30.546453,191.245396,0.307398
3.062000,1,14,24.308182,-30.546453,191.245396,0.307398
3.062000,1,14,24.308182,-30.546453,191.245396,0.307398
3.062000,1,14,24.308182,-30.546453,191.245396,0.307398
3.062000,1,14,24.308182,-30.546453,191.245396,0.307398
3.062000,1,14,24.308182,-30.546453,191.245396,0.307398
3.062000,1,14,24.308182,-30.546453,191.245396,0.307398
3.062000,1,14,24.308182,-30.546453,191.245396,0.307398
3.062000,1,14,24.308182,-30.546453,191.245396,0.307398
3.062000,1,14,24.308182,-30.546453,191.245396,0.307398
3.062000,1,14,24.308182,-30.546453,191.245396,0.307398
3.062000,1,14,24.308182,-30.546453,191.245396,0.307398
3.062000,1,14,24.308182,-30.546453,191.245396,0.307398
3.062000,1,14,24.308182,-30.546453,191.245396,0.307398
3.062000,1,14,24.308182,-30.546453,191.245396,0.307398
3.062000,1,14,24.308182,-30.546453,191.245396,0.307398
3.062000,1,14,24.308182,-30.546453,191.245396,0.307398
3.062000,1,14,24.308182,-30.546453,191.245396,0.307398
3.062000,1,14,24.308182,-30.546453,191.245396,0.307398
3.062000,1,14,24.308182,-30.546453,191.245396,0.307398
3.062000,1,14,24.308182,-30.546453,191.245396,0.307398
3.062000,1,14,24.308182,-30.546453,191.245396,0.307398
3.062000,1,14,24.308182,-30.546453,191.245396,0.307398
3.062000,1,14,24.308182,-30.546453,191.245396,0.307398
3.062000,1,14,24.308182,-30.546453,191.245396,0.307398
3.062000,1,14,24.308182,-30.546453,191.245396,0.307398
3.062000,1,14,24.308182,-30.546453,191.245396,0.307398
3.062000,1,14,24.308182,-30.546453,191.245396,0.307398
3.062000,1,14,24.308182,-30.546453,191.245396,0.307398
3.062000,1,14,24.308182,-30.546453,191.245396,0.307398
3.062000,1,14,24.308182,-30.546453,191.245396,0.307398
3.062000,1,14,24.308182,-30.546453,191.245396,0.307398
3.062000,1,14,24.308182,-30.546453,191.245396,0.307398
3.062000,1,14,24.308182,-30.546453,191.245396,0.307398
3.062000,1,14,24.308182,-30.546453,191.245396,0.307398
3.062000,1,14,24.308182,-30.546453,191.245396,0.307398
3.062000,1,14,24.308182,-30.546453,191.245396,0.307398
3.062000,1,14,24.308182,-30.546453,191.245396,0.307398
3.062000,1,14,24.308182,-30.546453,191.245396,0.307398
3.062000,1,14,24.308182,-30.546453,191.245396,0.307398
3.062000,1,14,24.308182,-30.546453,191.245396,0.307398
3.062000,1,14,24.308182,-30.546453,191.245396,0.307398
3.062000,1,14,24.308182,-30.546453,191.245396,0.307398
3.062000,1,14,24.308182,-30.546453,191.245396,0.307398
3.062000,1,14,24.308182,-30.546453,191.245396,0.307398
3.062000,1,14,24.308182,-30.546453,191.245396,0.307398
3.062000,1,14,24.308182,-30.546453,191.245396,0.307398
3.062000,1,14,24.308182,-30.546453,191.245396,0.307398
3.062000,1,14,24.308182,-30.546453,191.245396,0.307398
3.062000,1,14,24.308182,-30.546453,191.245396,0.307398
3.062000,1,14,24.308182,-30.546453,191.245396,0.307398
3.062000,1,14,24.308182,-30.546453,191.245396,0.307398
3.062000,1,14,24.308182,-30.546453,191.245396,0.307398
3.062000,1,14,24.308182,-30.546453,191.245396,0.307398
3.062000,1,14,24.308182,-30.546453,191.245396,0.307398
3.062000,1,14,24.308182,-30.546453,191.245396,0.307398
3.062000,1,14,24.308182,-30.546453,191.245396,0.307398
3.062000,1,14,24.308182,-30.546453,191.245396,0.307398
3.062000,1,14,24.308182,-30.546453,191.245396,0.307398
3.062000,1,14,24.308182,-30.546453,191.245396,0.307398
3.062000,1,14,24.308182,-30.546453,191.245396,0.307398
3.062000,1,14,24.308182,-30.546453,191.245396,0.307398
3.062000,1,14,24.308182,-30.546453,191.245396,0.307398
3.062000,1,14,24.308182,-30.546453,191.245396,0.307398
3.062000,1,14,24.308182,-30.546453,191.245396,0.307398
3.062000,1,14,24.308182,-30.546453,191.245396,0.307398
3.062000,1,14,24.308182,-30.546453,191.245396,0.307398
3.062000,1,14,24.308182,-30.546453,191.245396,0.307398
3.062000,1,14,24.308182,-30.546453,191.245396,0.307398
3.062000,1,14,24.308182,-30.546453,191.245396,0.307398
3.062000,1,14,24.308182,-30.546453,191.245396,0.307398
3.062000,1,14,24.308182,-30.546453,191.245396,0.307398
3.062000,1,14,24.308182,-30.546453,191.245396,0.307398
3.062000,1,14,24.308182,-30.546453,191.245396,0.307398
3.062000,1,14,24.308182,-30.546453,191.245396,0.307398
3.062000,1,14,24.308182,-30.546453,191.245396,0.307398
3.062000,1,14,24.308182,-30.546453,191.245396,0.307398
3.062000,1,14,24.308182,-30.546453,191.245396,0.307398
3.062000,1,14,24.308182,-30.546453,191.245396,0.307398
3.062000,1,14,24.308182,-30.546453,191.245396,0.307398
3.062000,1,14,24.308182,-30.546453,191.245396,0.307398
3.062000,1,14,24.308182,-30.546453,191.245396,0.307398
3.062000,1,14,24.308182,-30.546453,191.245396,0.307398
3.062000,1,14,24.308182,-30.546453,191.245396,0.307398
3.062000,1,14,24.308182,-30.546453,191.245396,0.307398
3.062000,1,14,24.308182,-30.546453,191.245396,0.307398
3.062000,1,14,24.308182,-30.546453,191.245396,0.307398
3.062000,1,14,24.308182,-30.546453,191.245396,0.307398
3.062000,1,14,24.308182,-30.546453,191.245396,0.307398
3.062000,1,14,24.308182,-30.546453,191.245396,0.307398
3.062000,1,14,24.308182,-30.546453,191.245396,0.307398
3.062000,1,14,24.308182,-30.546453,191.245396,0.307398
3.062000,1,14,24.308182,-30.546453,191.245396,0.307398
3.062000,1,14,24.308182,-30.546453,191.245396,0.307398
3.062000,1,14,24.308182,-30.546453,191.245396,0.307398
3.062000,1,14,24.308182,-30.546453,191.245396,0.307398
3.062000,1,14,24.308182,-30.546453,191.245396,0.307398
3.062000,1,14,24.308182,-30.546453,191.245396,0.307398
3.062000,1,14,24.308182,-30.546453,191.245396,0.307398
3.062000,1,14,24.308182,-30.546453,191.245396,0.307398
3.062000,1,14,24.308182,-30.546453,191.245396,0.307398
3.062000,1,14,24.308182,-30.546453,191.245396,0.307398
3.062000,1,14,24.308182,-30.546453,191.245396,0.307398
3.062000,1,14,24.308182,-30.546453,191.245396,0.307398
3.062000,1,14,24.308182,-30.546453,191.245396,0.307398
3.062000,1,14,24.308182,-30.546453,191.245396,0.307398
3.062000,1,14,24.308182,-30.546453,191.245396,0.307398
3.062000,1,14,24.308182,-30.546453,191.245396,0.307398
3.062000,1,14,24.308182,-30.546453,191.245396,0.307398
3.062000,1,14,24.308182,-30.546453,191.245396,0.307398
3.062000,1,14,24.308182,-30.546453,191.245396,0.307398
3.062000,1,14,24.308182,-30.546453,191.245396,0.307398
3.062000,1,14,24.308182,-30.546453,191.245396,0.307398
3.062000,1,14,24.308182,-30.546453,191.245396,0.307398
3.062000,1,14,24.308182,-30.546453,191.245396,0.307398
3.062000,1,14,24.308182,-30.546453,191.245396,0.307398
3.062000,1,14,24.308182,-30.546453,191.245396,0.307398
3.062000,1,14,24.308182,-30.546453,191.245396,0.307398
3.062000,1,14,24.308182,-30.546453,191.245396,0.307398
3.062000,1,14,24.308182,-30.546453,191.245396,0.307398
3.062000,1,14,24.308182,-30.546453,191.245396,0.307398
3.062000,1,14,24.308182,-30.546453,191.245396,0.307398
3.062000,1,14,24.308182,-30.546453,191.245396,0.307398
3.062000,1,14,24.308182,-30.546453,191.245396,0.307398
3.062000,1,14,24.308182,-30.546453,191.245396,0.307398
3.062000,1,14,24.308182,-30.546453,191.245396,0.307398
3.062000,1,14,24.308181,-30.546452,191.245395,0.307398
3.062000,1,14,24.308182,-30.546453,191.245396,0.307398
3.062000,1,14,24.308182,-30.546453,191.245396,0.307398
3.062000,1,14,24.308182,-30.546453,191.245396,0.307398
3.062000,1,14,24.308182,-30.546453,191.245396,0.307398
3.062000,1,14,24.308182,-30.546453,191.245396,0.307398
3.062000,1,14,24.308182,-30.546453,191.245396,0.307398
3.062000,1,14,24.308182,-30.546453,191.245396,0.307398
3.062000,1,14,24.308182,-30.546453,191.245396,0.307398
3.062000,1,14,24.308182,-30.546453,191.245396,0.307398
3.062000,1,14,24.308182,-30.546453,191.245396,0.307398
3.062000,1,14,24.308183,-30.546453,191.245396,0.307398
3.062000,1,14,24.308182,-30.546453,191.245396,0.307398
3.062000,1,14,24.308182,-30.546453,191.245396,0.307398
3.062000,1,14,24.308182,-30.546453,191.245396,0.307398
3.062000,1,14,24.308182,-30.546453,191.245396,0.307398
3.062000,1,14,24.308182,-30.546453,191.245396,0.307398
3.062000,1,14,24.308182,-30.546453,191.245396,0.307398
3.062000,1,14,24.308182,-30.546453,191.245396,0.307398
3.062000,1,14,24.308182,-30.546453,191.245396,0.307398
3.062000,1,14,24.308182,-30.546453,191.245396,0.307398
3.062000,1,14,24.308182,-30.546453,191.245396,0.307398
3.062000,1,14,24.308182,-30.546453,191.245396,0.307398
3.062000,1,14,24.308182,-30.546453,191.245396,0.307398
3.062000,1,14,24.308182,-30.546453,191.245396,0.307398
3.062000,1,14,24.308182,-30.546453,191.245396,0.307398
3.062000,1,14,24.308182,-30.546453,191.245396,0.307398
3.062000,1,14,24.308182,-30.546453,191.245396,0.307398
3.062000,1,14,24.308182,-30.546453,191.245396,0.307398
3.062000,1,14,24.308182,-30.546453,191.245396,0.307398
3.062000,1,14,24.308182,-30.546453,191.245396,0.307398
3.062000,1,14,24.308182,-30.546453,191.245396,0.307398
3.062000,1,14,24.308182,-30.546453,191.245396,0.307398
3.062000,1,14,24.308182,-30.546453,191.245396,0.307398
3.062000,1,14,24.308182,-30.546453,191.245396,0.307398
3.062000,1,14,24.308182,-30.546453,191.245396,0.307398
3.062000,1,14,24.308182,-30.546453,191.245396,0.307398
3.062000,1,14,24.308182,-30.546453,191.245396,0.307398
3.062000,1,14,24.308182,-30.546453,191.245396,0.307398
3.062000,1,14,24.308182,-30.546453,191.245396,0.307398
3.062000,1,14,24.308182,-30.546453,191.245396,0.307398
3.062000,1,14,24.308182,-30.546453,191.245396,0.307398
3.062000,1,14,24.308182,-30.546453,191.245396,0.307398
3.062000,1,14,24.308182,-30.546453,191.245396,0.307398
3.062000,1,14,24.308182,-30.546453,191.245396,0.307398
3.062000,1,14,24.308182,-30.546453,191.245396,0.307398
3.062000,1,14,24.308182,-30.546453,191.245396,0.307398
3.062000,1,14,24.308182,-30.546453,191.245396,0.307398
3.062000,1,14,24.308182,-30.546453,191.245396,0.307398
3.062000,1,14,24.308182,-30.546453,191.245396,0.307398
3.062000,1,14,24.308182,-30.546453,191.245396,0.307398
3.062000,1,14,24.308182,-30.546453,191.245396,0.307398
3.062000,1,14,24.308182,-30.546453,191.245396,0.307398
3.062000,1,14,24.308182,-30.546453,191.245396,0.307398
3.062000,1,14,24.308182,-30.546453,191.245396,0.307398
3.062000,1,14,24.308182,-30.546453,191.245396,0.307398
3.062000,1,14,24.308182,-30.546453,191.245396,0.307398
3.062000,1,14,24.308182,-30.546453,191.245396,0.307398
3.062000,1,14,24.308182,-30.546453,191.245396,0.307398
3.062000,1,14,24.308182,-30.546453,191.245396,0.307398
3.062000,1,14,24.308182,-30.546453,191.245396,0.307398
3.062000,1,14,24.308182,-30.546453,191.245396,0.307398
3.062000,1,14,24.308182,-30.546453,191.245396,0.307398
3.062000,1,14,24.308182,-30.546453,191.245396,0.307398
3.062000,1,14,24.308182,-30.546453,191.245396,0.307398
3.062000,1,14,24.308182,-30.546453,191.245396,0.307398
3.062000,1,14,24.308182,-30.546453,191.245396,0.307398
3.062000,1,14,24.308182,-30.546453,191.245396,0.307398
3.062000,1,14,24.308182,-30.546453,191.245396,0.307398
3.062000,1,14,24.308182,-30.546453,191.245396,0.307398
3.062000,1,14,24.308182,-30.546453,191.245396,0.307398
3.062000,1,14,24.308182,-30.546453,191.245396,0.307398
3.062000,1,14,24.308182,-30.546453,191.245396,0.307398
3.062000,1,14,24.308182,-30.546453,191.245396,0.307398
3.062000,1,14,24.308182,-30.546453,191.245396,0.307398
3.062000,1,14,24.308182,-30.546453,191.245396,0.307398
3.062000,1,14,24.308182,-30.546453,191.245396,0.307398
3.062000,1,14,24.308182,-30.546453,191.245396,0.307398
3.062000,1,14,24.308182,-30.546453,191.245396,0.307398
3.062000,1,14,24.308182,-30.546453,191.245396,0.307398
3.062000,1,14,24.308182,-30.546453,191.245396,0.307398
3.062000,1,14,24.308182,-30.546453,191.245396,0.307398
3.062000,1,14,24.308182,-30.546453,191.245396,0.307398
3.062000,1,14,24.308182,-30.546453,191.245396,0.307398
3.062000,1,14,24.308182,-30.546453,191.245396,0.307398
3.062000,1,14,24.308182,-30.546453,191.245396,0.307398
3.062000,1,14,24.308182,-30.546453,191.245396,0.307398
3.062000,1,14,24.308182,-30.546453,191.245396,0.307398
3.062000,1,14,24.308182,-30.546453,191.245396,0.307398
3.062000,1,14,24.308182,-30.546453,191.245396,0.307398
3.062000,1,14,24.308182,-30.546453,191.245396,0.307398
3.062000,1,14,24.308182,-30.546453,191.245396,0.307398
3.062000,1,14,24.308182,-30.546453,191.245396,0.307398
3.062000,1,14,24.308182,-30.546453,191.245396,0.307398
3.062000,1,14,24.308182,-30.546453,191.245396,0.307398
3.062000,1,14,24.308182,-30.546453,191.245396,0.307398
3.062000,1,14,24.308182,-30.546453,191.245396,0.307398
3.062000,1,14,24.308182,-30.546453,191.245396,0.307398
3.062000,1,14,24.308182,-30.546453,191.245396,0.307398
3.062000,1,14,24.308182,-30.546453,191.245396,0.307398
3.062000,1,14,24.308182,-30.546453,191.245396,0.307398
3.062000,1,14,24.308182,-30.546453,191.245396,0.307398
3.062000,1,14,24.308182,-30.546453,191.245396,0.307398
3.062000,1,14,24.308182,-30.546453,191.245396,0.307398
3.062000,1,14,24.308182,-30.546453,191.245396,0.307398
3.062000,1,14,24.308182,-30.546453,191.245396,0.307398
3.062000,1,14,24.308182,-30.546453,191.245396,0.307398
3.062000,1,14,24.308182,-30.546453,191.245396,0.307398
3.062000,1,14,24.308182,-30.546453,191.245396,0.307398
3.062000,1,14,24.308182,-30.546453,191.245396,0.307398
3.062000,1,14,24.308182,-30.546453,191.245396,0.307398
3.062000,1,14,24.308182,-30.546453,191.245396,0.307398
3.062000,1,14,24.308182,-30.546453,191.245396,0.307398
3.062000,1,14,24.308182,-30.546453,191.245396,0.307398
3.062000,1,14,24.308182,-30.546453,191.245396,0.307398
3.062000,1,14,24.308182,-30.546453,191.245396,0.307398
3.062000,1,14,24.308182,-30.546453,191.245396,0.307398
3.062000,1,14,24.308182,-30.546453,191.245396,0.307398
3.062000,1,14,24.308182,-30.546453,191.245396,0.307398
3.062000,1,14,24.308182,-30.546453,191.245396,0.307398
3.062000,1,14,24.308182,-30.546453,191.245396,0.307398
3.062000,1,14,24.308182,-30.546453,191.245396,0.307398
3.062000,1,14,24.308182,-30.546453,191.245396,0.307398
3.062000,1,14,24.308182,-30.546453,191.245396,0.307398
3.062000,1,14,24.308182,-30.546453,191.245396,0.307398
3.062000,1,14,24.308182,-30.546453,191.245396,0.307398
3.062000,1,14,24.308182,-30.546453,191.245396,0.307398
3.062000,1,14,24.308182,-30.546453,191.245396,0.307398
3.062000,1,14,24.308182,-30.546453,191.245396,0.307398
3.062000,1,14,24.308182,-30.546453,191.245396,0.307398
3.062000,1,14,24.308182,-30.546453,191.245396,0.307398
3.062000,1,14,24.308182,-30.546453,191.245396,0.307398
3.062000,1,14,24.308182,-30.546453,191.245396,0.307398
3.062000,1,14,24.308182,-30.546453,191.245396,0.307398
3.062000,1,14,24.308182,-30.546453,191.245396,0.307398
3.062000,1,14,24.308182,-30.546453,191.245396,0.307398
3.062000,1,14,24.308182,-30.546453,191.245396,0.307398
3.062000,1,14,24.308182,-30.546453,191.245396,0.307398
3.062000,1,14,24.308182,-30.546453,191.245396,0.307398
3.062000,1,14,24.308182,-30.546453,191.245396,0.307398
3.062000,1,14,24.308182,-30.546453,191.245396,0.307398
3.062000,1,14,24.308182,-30.546453,191.245396,0.307398
3.062000,1,14,24.308182,-30.546453,191.245396,0.307398
3.062000,1,14,24.308182,-30.546453,191.245396,0.307398
3.062000,1,14,24.308182,-30.546453,191.245396,0.307398
3.062000,1,14,24.308182,-30.546453,191.245396,0.307398
3.062000,1,14,24.308182,-30.546453,191.245396,0.307398
3.062000,1,14,24.308182,-30.546453,191.245396,0.307398
3.062000,1,14,24.308182,-30.546453,191.245396,0.307398
3.062000,1,14,24.308182,-30.546453,191.245396,0.307398
3.062000,1,14,24.308182,-30.546453,191.245396,0.307398
3.062000,1,14,24.308182,-30.546453,191.245396,0.307398
3.062000,1,14,24.308182,-30.546453,191.245396,0.307398
3.062000,1,14,24.308182,-30.546453,191.245396,0.307398
3.062000,1,14,24.308182,-30.546453,191.245396,0.307398
3.062000,1,14,24.308182,-30.546453,191.245396,0.307398
3.062000,1,14,24.308182,-30.546453,191.245396,0.307398
3.062000,1,14,24.308182,-30.546453,191.245396,0.307398
3.062000,1,14,24.308182,-30.546453,191.245396,0.307398
3.062000,1,14,24.308182,-30.546453,191.245396,0.307398
3.062000,1,14,24.308182,-30.546453,191.245396,0.307398
3.062000,1,14,24.308182,-30.546453,191.245396,0.307398
3.062000,1,14,24.308182,-30.546453,191.245396,0.307398
3.062000,1,14,24.308182,-30.546453,191.245396,0.307398
3.062000,1,14,24.308182,-30.546453,191.245396,0.307398
3.062000,1,14,24.308182,-30.546453,191.245396,0.307398
3.062000,1,14,24.308182,-30.546453,191.245396,0.307398
3.062000,1,14,24.308182,-30.546453,191.245396,0.307398
3.062000,1,14,24.308182,-30.546453,191.245396,0.307398
3.062000,1,14,24.308182,-30.546453,191.245396,0.307398
3.062000,1,14,24.308182,-30.546453,191.245396,0.307398
3.062000,1,14,24.308182,-30.546453,191.245396,0.307398
3.062000,1,14,24.308182,-30.546453,191.245396,0.307398
3.062000,1,14,24.308182,-30.546453,191.245396,0.307398
3.062000,1,14,24.308182,-30.546453,191.245396,0.307398
3.062000,1,14,24.308182,-30.546453,191.245396,0.307398
3.062000,1,14,24.308182,-30.546453,191.245396,0.307398
3.062000,1,14,24.308182,-30.546453,191.245396,0.307398
3.062000,1,14,24.308182,-30.546453,191.245396,0.307398
3.062000,1,14,24.308182,-30.546453,191.245396,0.307398
3.062000,1,14,24.308182,-30.546453,191.245396,0.307398
3.062000,1,14,24.308182,-30.546453,191.245396,0.307398
3.062000,1,14,24.308182,-30.546453,191.245396,0.307398
3.062000,1,14,24.308182,-30.546453,191.245396,0.307398
3.062000,1,14,24.308182,-30.546453,191.245396,0.307398
3.062000,1,14,24.308182,-30.546453,191.245396,0.307398
3.062000,1,14,24.308182,-30.546453,191.245396,0.307398
3.062000,1,14,24.308182,-30.546453,191.245396,0.307398
3.062000,1,14,24.308182,-30.546453,191.245396,0.307398
3.062000,1,14,24.308182,-30.546453,191.245396,0.307398
3.062000,1,14,24.308182,-30.546453,191.245396,0.307398
3.062000,1,14,24.308182,-30.546453,191.245396,0.307398
3.062000,1,14,24.308182,-30.546453,191.245396,0.307398
3.062000,1,14,24.308182,-30.546453,191.245396,0.307398
3.062000,1,14,24.308182,-30.546453,191.245396,0.307398
3.062000,1,14,24.308182,-30.546453,191.245396,0.307398
3.062000,1,14,24.308182,-30.546453,191.245396,0.307398
3.062000,1,14,24.308182,-30.546453,191.245396,0.307398
3.062000,1,14,24.308182,-30.546453,191.245396,0.307398
3.062000,1,14,24.308182,-30.546453,191.245396,0.307398
3.062000,1,14,24.308182,-30.546453,191.245396,0.307398
3.062000,1,14,24.308182,-30.546453,191.245396,0.307398
3.062000,1,14,24.308182,-30.546453,191.245396,0.307398
3.062000,1,14,24.308182,-30.546453,191.245396,0.307398
3.062000,1,14,24.308182,-30.546453,191.245396,0.307398
3.062000,1,14,24.308182,-30.546453,191.245396,0.307398
3.062000,1,14,24.308182,-30.546453,191.245396,0.307398
3.062000,1,14,24.308182,-30.546453,191.245396,0.307398
3.062000,1,14,24.308182,-30.546453,191.245396,0.307398
3.062000,1,14,24.308182,-30.546453,191.245396,0.307398
3.062000,1,14,24.308182,-30.546453,191.245396,0.307398
3.062000,1,14,24.308182,-30.546453,191.245396,0.307398
3.062000,1,14,24.308182,-30.546453,191.245396,0.307398
3.062000,1,14,24.308182,-30.546453,191.245396,0.307398
3.062000,1,14,24.308182,-30.546453,191.245396,0.307398
3.062000,1,14,24.308182,-30.546453,191.245396,0.307398
3.062000,1,14,24.308182,-30.546453,191.245396,0.307398
3.062000,1,14,24.308182,-30.546453,191.245396,0.307398
3.062000,1,14,24.308182,-30.546453,191.245396,0.307398
3.062000,1,14,24.308182,-30.546453,191.245396,0.307398
3.062000,1,14,24.308182,-30.546453,191.245396,0.307398
3.062000,1,14,24.308182,-30.546453,191.245396,0.307398
3.062000,1,14,24.308182,-30.546453,191.245396,0.307398
3.062000,1,14,24.308182,-30.546453,191.245396,0.307398
3.062000,1,14,24.308182,-30.546453,191.245396,0.307398
3.062000,1,14,24.308182,-30.546453,191.245396,0.307398
3.062000,1,14,24.308182,-30.546453,191.245396,0.307398
3.062000,1,14,24.308182,-30.546453,191.245396,0.307398
3.062000,1,14,24.308182,-30.546453,191.245396,0.307398
3.062000,1,14,24.308182,-30.546453,191.245396,0.307398
3.062000,1,14,24.308182,-30.546453,191.245396,0.307398
3.062000,1,14,24.308182,-30.546453,191.245396,0.307398
3.062000,1,14,24.308182,-30.546453,191.245396,0.307398
3.062000,1,14,24.308182,-30.546453,191.245396,0.307398
3.062000,1,14,24.308182,-30.546453,191.245396,0.307398
3.062000,1,14,24.308182,-30.546453,191.245396,0.307398
3.062000,1,14,24.308182,-30.546453,191.245396,0.307398
3.062000,1,14,24.308182,-30.546453,191.245396,0.307398
3.062000,1,14,24.308182,-30.546453,191.245396,0.307398
3.062000,1,14,24.308182,-30.546453,191.245396,0.307398
3.062000,1,14,24.308182,-30.546453,191.245396,0.307398
3.062000,1,14,24.308182,-30.546453,191.245396,0.307398
3.062000,1,14,24.308182,-30.546453,191.245396,0.307398
3.062000,1,14,24.308182,-30.546453,191.245396,0.307398
3.062000,1,14,24.308182,-30.546453,191.245396,0.307398
3.062000,1,14,24.308182,-30.546453,191.245396,0.307398
3.062000,1,14,24.308182,-30.546453,191.245396,0.307398
3.062000,1,14,24.308182,-30.546453,191.245396,0.307398
3.062000,1,14,24.308182,-30.546453,191.245396,0.307398
3.062000,1,14,24.308182,-30.546453,191.245396,0.307398
3.062000,1,14,24.308182,-30.546453,191.245396,0.307398
3.062000,1,14,24.308182,-30.546453,191.245396,0.307398
3.062000,1,14,24.308182,-30.546453,191.245396,0.307398
3.062000,1,14,24.308182,-30.546453,191.245396,0.307398
3.062000,1,14,24.308182,-30.546453,191.245396,0.307398
3.062000,1,14,24.308182,-30.546453,191.245396,0.307398
3.062000,1,14,24.308182,-30.546453,191.245396,0.307398
3.062000,1,14,24.308182,-30.546453,191.245396,0.307398
3.062000,1,14,24.308182,-30.546453,191.245396,0.307398
3.062000,1,14,24.308182,-30.546453,191.245396,0.307398
3.062000,1,14,24.308182,-30.546453,191.245396,0.307398
3.062000,1,14,24.308182,-30.546453,191.245396,0.307398
3.062000,1,14,24.308182,-30.546453,191.245396,0.307398
3.062000,1,14,24.308182,-30.546453,191.245396,0.307398
3.062000,1,14,24.308182,-30.546453,191.245396,0.307398
3.062000,1,14,24.308182,-30.546453,191.245396,0.307398
3.062000,1,14,24.308182,-30.546453,191.245396,0.307398
3.062000,1,14,24.308182,-30.546453,191.245396,0.307398
3.062000,1,14,24.308182,-30.546453,191.245396,0.307398
3.062000,1,14,24.308182,-30.546453,191.245396,0.307398
3.062000,1,14,24.308182,-30.546453,191.245396,0.307398
3.062000,1,14,24.308182,-30.546453,191.245396,0.307398
3.062000,1,14,24.308182,-30.546453,191.245396,0.307398
3.062000,1,14,24.308182,-30.546453,191.245396,0.307398
3.062000,1,14,24.308182,-30.546453,191.245396,0.307398
3.062000,1,14,24.308182,-30.546453,191.245396,0.307398
3.062000,1,14,24.308182,-30.546453,191.245396,0.307398
3.062000,1,14,24.308182,-30.546453,191.245396,0.307398
3.062000,1,14,24.308182,-30.546453,191.245396,0.307398
3.062000,1,14,24.308182,-30.546453,191.245396,0.307398
3.062000,1,14,24.308182,-30.546453,191.245396,0.307398
3.062000,1,14,24.308182,-30.546453,191.245396,0.307398
3.062000,1,14,24.308182,-30.546453,191.245396,0.307398
3.062000,1,14,24.308182,-30.546453,191.245396,0.307398
3.062000,1,14,24.308182,-30.546453,191.245396,0.307398
3.062000,1,14,24.308182,-30.546453,191.245396,0.307398
3.062000,1,14,24.308182,-30.546453,191.245396,0.307398
3.062000,1,14,24.308182,-30.546453,191.245396,0.307398
3.062000,1,14,24.308182,-30.546453,191.245396,0.307398
3.062000,1,14,24.308182,-30.546453,191.245396,0.307398
3.062000,1,14,24.308182,-30.546453,191.245396,0.307398
3.062000,1,14,24.308182,-30.546453,191.245396,0.307398
3.062000,1,14,24.308182,-30.546453,191.245396,0.307398
3.062000,1,14,24.308182,-30.546453,191.245396,0.307398
3.062000,1,14,24.308182,-30.546453,191.245396,0.307398
3.062000,1,14,24.308182,-30.546453,191.245396,0.307398
3.062000,1,14,24.308182,-30.546453,191.245396,0.307398
3.062000,1,14,24.308182,-30.546453,191.245396,0.307398
3.062000,1,14,24.308182,-30.546453,191.245396,0.307398
3.062000,1,14,24.308182,-30.546453,191.245396,0.307398
3.062000,1,14,24.308182,-30.546453,191.245396,0.307398
3.062000,1,14,24.308182,-30.546453,191.245396,0.307398
3.062000,1,14,24.308182,-30.546453,191.245396,0.307398
3.062000,1,14,24.308182,-30.546453,191.245396,0.307398
3.062000,1,14,24.308182,-30.546453,191.245396,0.307398
3.062000,1,14,24.308182,-30.546453,191.245396,0.307398
3.062000,1,14,24.308182,-30.546453,191.245396,0.307398
3.062000,1,14,24.308182,-30.546453,191.245396,0.307398
3.062000,1,14,24.308182,-30.546453,191.245396,0.307398
3.062000,1,14,24.308182,-30.546453,191.245396,0.307398
3.062000,1,14,24.308182,-30.546453,191.245396,0.307398
3.062000,1,14,24.308182,-30.546453,191.245396,0.307398
3.062000,1,14,24.308182,-30.546453,191.245396,0.307398
3.062000,1,14,24.308182,-30.546453,191.245396,0.307398
3.062000,1,14,24.308182,-30.546453,191.245396,0.307398
3.062000,1,14,24.308182,-30.546453,191.245396,0.307398
3.062000,1,14,24.308182,-30.546453,191.245396,0.307398
3.062000,1,14,24.308182,-30.546453,191.245396,0.307398
3.062000,1,14,24.308182,-30.546453,191.245396,0.307398
3.062000,1,14,24.308182,-30.546453,191.245396,0.307398
3.062000,1,14,24.308182,-30.546453,191.245396,0.307398
3.062000,1,14,24.308182,-30.546453,191.245396,0.307398
3.062000,1,14,24.308182,-30.546453,191.245396,0.307398
3.062000,1,14,24.308182,-30.546453,191.245396,0.307398
3.062000,1,14,24.308182,-30.546453,191.245396,0.307398
3.062000,1,14,24.308182,-30.546453,191.245396,0.307398
3.062000,1,14,24.308182,-30.546453,191.245396,0.307398
3.062000,1,14,24.308182,-30.546453,191.245396,0.307398
3.062000,1,14,24.308182,-30.546453,191.245396,0.307398
3.062000,1,14,24.308182,-30.546453,191.245396,0.307398
3.062000,1,14,24.308182,-30.546453,191.245396,0.307398
3.062000,1,14,24.308182,-30.546453,191.245396,0.307398
3.062000,1,14,24.308182,-30.546453,191.245396,0.307398
3.062000,1,14,24.308182,-30.546453,191.245396,0.307398
3.062000,1,14,24.308182,-30.546453,191.245396,0.307398
3.062000,1,14,24.308182,-30.546453,191.245396,0.307398
3.062000,1,14,24.308182,-30.546453,191.245396,0.307398
3.062000,1,14,24.308182,-30.546453,191.245396,0.307398
3.062000,1,14,24.308182,-30.546453,191.245396,0.307398
3.062000,1,14,24.308182,-30.546453,191.245396,0.307398
3.062000,1,14,24.308182,-30.546453,191.245396,0.307398
3.062000,1,14,24.308182,-30.546453,191.245396,0.307398
3.062000,1,14,24.308182,-30.546453,191.245396,0.307398
3.062000,1,14,24.308182,-30.546453,191.245396,0.307398
3.062000,1,14,24.308182,-30.546453,191.245396,0.307398
3.062000,1,14,24.308182,-30.546453,191.245396,0.307398
3.062000,1,14,24.308182,-30.546453,191.245396,0.307398
3.062000,1,14,24.308182,-30.546453,191.245396,0.307398
3.062000,1,14,24.308182,-30.546453,191.245396,0.307398
3.062000,1,14,24.308182,-30.546453,191.245396,0.307398
3.062000,1,14,24.308182,-30.546453,191.245396,0.307398
3.062000,1,14,24.308182,-30.546453,191.245396,0.307398
3.062000,1,14,24.308182,-30.546453,191.245396,0.307398
3.062000,1,14,24.308182,-30.546453,191.245396,0.307398
3.062000,1,14,24.308182,-30.546453,191.245396,0.307398
3.062000,1,14,24.308182,-30.546453,191.245396,0.307398
3.062000,1,14,24.308182,-30.546453,191.245396,0.307398
3.062000,1,14,24.308182,-30.546453,191.245396,0.307398
3.062000,1,14,24.308182,-30.546453,191.245396,0.307398
3.062000,1,14,24.308182,-30.546453,191.245396,0.307398
3.062000,1,14,24.308182,-30.546453,191.245396,0.307398
3.062000,1,14,24.308182,-30.546453,191.245396,0.307398
3.062000,1,14,24.308182,-30.546453,191.245396,0.307398
3.062000,1,14,24.308182,-30.546453,191.245396,0.307398
3.062000,1,14,24.308182,-30.546453,191.245396,0.307398
3.062000,1,14,24.308182,-30.546453,191.245396,0.307398
3.062000,1,14,24.308182,-30.546453,191.245396,0.307398
3.062000,1,14,24.308182,-30.546453,191.245396,0.307398
3.062000,1,14,24.308182,-30.546453,191.245396,0.307398
3.062000,1,14,24.308182,-30.546453,191.245396,0.307398
3.062000,1,14,24.308182,-30.546453,191.245396,0.307398
3.062000,1,14,24.308182,-30.546453,191.245396,0.307398
3.062000,1,14,24.308182,-30.546453,191.245396,0.307398
3.062000,1,14,24.308182,-30.546453,191.245396,0.307398
3.062000,1,14,24.308182,-30.546453,191.245396,0.307398
3.062000,1,14,24.308182,-30.546453,191.245396,0.307398
3.062000,1,14,24.308182,-30.546453,191.245396,0.307398
3.062000,1,14,24.308182,-30.546453,191.245396,0.307398
3.062000,1,14,24.308182,-30.546453,191.245396,0.307398
3.062000,1,14,24.308182,-30.546453,191.245396,0.307398
3.062000,1,14,24.308182,-30.546453,191.245396,0.307398
3.062000,1,14,24.308182,-30.546453,191.245396,0.307398
3.062000,1,14,24.308182,-30.546453,191.245396,0.307398
3.062000,1,14,24.308182,-30.546453,191.245396,0.307398
3.062000,1,14,24.308182,-30.546453,191.245396,0.307398
3.062000,1,14,24.308182,-30.546453,191.245396,0.307398
3.062000,1,14,24.308182,-30.546453,191.245396,0.307398
3.062000,1,14,24.308182,-30.546453,191.245396,0.307398
3.062000,1,14,24.308182,-30.546453,191.245396,0.307398
3.062000,1,14,24.308182,-30.546453,191.245396,0.307398
3.062000,1,14,24.308182,-30.546453,191.245396,0.307398
3.062000,1,14,24.308182,-30.546453,191.245396,0.307398
3.062000,1,14,24.308182,-30.546453,191.245396,0.307398
3.062000,1,14,24.308182,-30.546453,191.245396,0.307398
3.062000,1,14,24.308182,-30.546453,191.245396,0.307398
3.062000,1,14,24.308182,-30.546453,191.245396,0.307398
3.062000,1,14,24.308182,-30.546453,191.245396,0.307398
3.062000,1,14,24.308182,-30.546453,191.245396,0.307398
3.062000,1,14,24.308182,-30.546453,191.245396,0.307398
3.062000,1,14,24.308182,-30.546453,191.245396,0.307398
3.062000,1,14,24.308182,-30.546453,191.245396,0.307398
3.062000,1,14,24.308182,-30.546453,191.245396,0.307398
3.062000,1,14,24.308182,-30.546453,191.245396,0.307398
3.062000,1,14,24.308182,-30.546453,191.245396,0.307398
3.062000,1,14,24.308182,-30.546453,191.245396,0.307398
3.062000,1,14,24.308182,-30.546453,191.245396,0.307398
3.062000,1,14,24.308182,-30.546453,191.245396,0.307398
3.062000,1,14,24.308182,-30.546453,191.245396,0.307398
3.062000,1,14,24.308182,-30.546453,191.245396,0.307398
3.062000,1,14,24.308182,-30.546453,191.245396,0.307398
3.062000,1,14,24.308182,-30.546453,191.245396,0.307398
3.062000,1,14,24.308182,-30.546453,191.245396,0.307398
3.062000,1,14,24.308182,-30.546453,191.245396,0.307398
3.062000,1,14,24.308182,-30.546453,191.245396,0.307398
3.062000,1,14,24.308182,-30.546453,191.245396,0.307398
3.062000,1,14,24.308182,-30.546453,191.245396,0.307398
3.062000,1,14,24.308182,-30.546453,191.245396,0.307398
3.062000,1,14,24.308182,-30.546453,191.245396,0.307398
3.062000,1,14,24.308182,-30.546453,191.245396,0.307398
3.062000,1,14,24.308182,-30.546453,191.245396,0.307398
3.062000,1,14,24.308182,-30.546453,191.245396,0.307398
3.062000,1,14,24.308182,-30.546453,191.245396,0.307398
3.062000,1,14,24.308182,-30.546453,191.245396,0.307398
3.062000,1,14,24.308182,-30.546453,191.245396,0.307398
3.062000,1,14,24.308182,-30.546453,191.245396,0.307398
3.062000,1,14,24.308182,-30.546453,191.245396,0.307398
3.062000,1,14,24.308182,-30.546453,191.245396,0.307398
3.062000,1,14,24.308182,-30.546453,191.245396,0.307398
3.062000,1,14,24.308182,-30.546453,191.245396,0.307398
3.062000,1,14,24.308182,-30.546453,191.245396,0.307398
3.062000,1,14,24.308182,-30.546453,191.245396,0.307398
3.062000,1,14,24.308182,-30.546453,191.245396,0.307398
3.062000,1,14,24.308182,-30.546453,191.245396,0.307398
3.062000,1,14,24.308182,-30.546453,191.245396,0.307398
3.062000,1,14,24.308182,-30.546453,191.245396,0.307398
3.062000,1,14,24.308182,-30.546453,191.245396,0.307398
3.062000,1,14,24.308182,-30.546453,191.245396,0.307398
3.062000,1,14,24.308182,-30.546453,191.245396,0.307398
3.062000,1,14,24.308182,-30.546453,191.245396,0.307398
3.062000,1,14,24.308182,-30.546453,191.245396,0.307398
3.062000,1,14,24.308182,-30.546453,191.245396,0.307398
3.062000,1,14,24.308182,-30.546453,191.245396,0.307398
3.062000,1,14,24.308182,-30.546453,191.245396,0.307398
3.062000,1,14,24.308182,-30.546453,191.245396,0.307398
3.062000,1,14,24.308182,-30.546453,191.245396,0.307398
3.062000,1,14,24.308182,-30.546453,191.245396,0.307398
3.062000,1,14,24.308182,-30.546453,191.245396,0.307398
3.062000,1,14,24.308182,-30.546453,191.245396,0.307398
3.062000,1,14,24.308182,-30.546453,191.245396,0.307398
3.062000,1,14,24.308182,-30.546453,191.245396,0.307398
3.062000,1,14,24.308182,-30.546453,191.245396,0.307398
3.062000,1,14,24.308182,-30.546453,191.245396,0.307398
3.062000,1,14,24.308182,-30.546453,191.245396,0.307398
3.062000,1,14,24.308182,-30.546453,191.245396,0.307398
3.062000,1,14,24.308182,-30.546453,191.245396,0.307398
3.062000,1,14,24.308182,-30.546453,191.245396,0.307398
3.062000,1,14,24.308182,-30.546453,191.245396,0.307398
3.062000,1,14,24.308182,-30.546453,191.245396,0.307398
3.062000,1,14,24.308182,-30.546453,191.245396,0.307398
3.062000,1,14,24.308182,-30.546453,191.245396,0.307398
3.062000,1,14,24.308182,-30.546453,191.245396,0.307398
3.062000,1,14,24.308182,-30.546453,191.245396,0.307398
3.062000,1,14,24.308182,-30.546453,191.245396,0.307398
3.062000,1,14,24.308182,-30.546453,191.245396,0.307398
3.062000,1,14,24.308182,-30.546453,191.245396,0.307398
3.062000,1,14,24.308182,-30.546453,191.245396,0.307398
3.062000,1,14,24.308182,-30.546453,191.245396,0.307398
3.062000,1,14,24.308182,-30.546453,191.245396,0.307398
3.062000,1,14,24.308182,-30.546453,191.245396,0.307398
3.062000,1,14,24.308182,-30.546453,191.245396,0.307398
3.062000,1,14,24.308182,-30.546453,191.245396,0.307398
3.062000,1,14,24.308182,-30.546453,191.245396,0.307398
3.062000,1,14,24.308182,-30.546453,191.245396,0.307398
3.062000,1,14,24.308182,-30.546453,191.245396,0.307398
3.062000,1,14,24.308182,-30.546453,191.245396,0.307398
3.062000,1,14,24.308182,-30.546453,191.245396,0.307398
3.062000,1,14,24.308182,-30.546453,191.245396,0.307398
3.062000,1,14,24.308182,-30.546453,191.245396,0.307398
3.062000,1,14,24.308182,-30.546453,191.245396,0.307398
3.062000,1,14,24.308182,-30.546453,191.245396,0.307398
3.062000,1,14,24.308182,-30.546453,191.245396,0.307398
3.062000,1,14,24.308182,-30.546453,191.245396,0.307398
3.062000,1,14,24.308182,-30.546453,191.245396,0.307398
3.062000,1,14,24.308182,-30.546453,191.245396,0.307398
3.062000,1,14,24.308182,-30.546453,191.245396,0.307398
3.062000,1,14,24.308182,-30.546453,191.245396,0.307398
3.062000,1,14,24.308182,-30.546453,191.245396,0.307398
3.062000,1,14,24.308182,-30.546453,191.245396,0.307398
3.062000,1,14,24.308182,-30.546453,191.245396,0.307398
3.062000,1,14,24.308182,-30.546453,191.245396,0.307398
3.062000,1,14,24.308182,-30.546453,191.245396,0.307398
3.062000,1,14,24.308182,-30.546453,191.245396,0.307398
3.062000,1,14,24.308182,-30.546453,191.245396,0.307398
3.062000,1,14,24.308182,-30.546453,191.245396,0.307398
3.062000,1,14,24.308182,-30.546453,191.245396,0.307398
3.062000,1,14,24.308182,-30.546453,191.245396,0.307398
3.062000,1,14,24.308182,-30.546453,191.245396,0.307398
3.062000,1,14,24.308182,-30.546453,191.245396,0.307398
3.062000,1,14,24.308182,-30.546453,191.245396,0.307398
3.062000,1,14,24.308182,-30.546453,191.245396,0.307398
3.062000,1,14,24.308182,-30.546453,191.245396,0.307398
3.062000,1,14,24.308182,-30.546453,191.245396,0.307398
3.062000,1,14,24.308182,-30.546453,191.245396,0.307398
3.062000,1,14,24.308182,-30.546453,191.245396,0.307398
3.062000,1,14,24.308182,-30.546453,191.245396,0.307398
3.062000,1,14,24.308182,-30.546453,191.245396,0.307398
3.062000,1,14,24.308182,-30.546453,191.245396,0.307398
3.062000,1,14,24.308182,-30.546453,191.245396,0.307398
3.062000,1,14,24.308182,-30.546453,191.245396,0.307398
3.062000,1,14,24.308182,-30.546453,191.245396,0.307398
3.062000,1,14,24.308182,-30.546453,191.245396,0.307398
3.062000,1,14,24.308182,-30.546453,191.245396,0.307398
3.062000,1,14,24.308182,-30.546453,191.245396,0.307398
3.062000,1,14,24.308182,-30.546453,191.245396,0.307398
3.062000,1,14,24.308182,-30.546453,191.245396,0.307398
3.062000,1,14,24.308182,-30.546453,191.245396,0.307398
3.062000,1,14,24.308182,-30.546453,191.245396,0.307398
3.062000,1,14,24.308182,-30.546453,191.245396,0.307398
3.062000,1,14,24.308182,-30.546453,191.245396,0.307398
3.062000,1,14,24.308182,-30.546453,191.245396,0.307398
3.062000,1,14,24.308182,-30.546453,191.245396,0.307398
3.062000,1,14,24.308182,-30.546453,191.245396,0.307398
3.062000,1,14,24.308182,-30.546453,191.245396,0.307398
3.062000,1,14,24.308182,-30.546453,191.245396,0.307398
3.062000,1,14,24.308182,-30.546453,191.245396,0.307398
3.062000,1,14,24.308182,-30.546453,191.245396,0.307398
3.062000,1,14,24.308182,-30.546453,191.245396,0.307398
3.062000,1,14,24.308182,-30.546453,191.245396,0.307398
3.062000,1,14,24.308182,-30.546453,191.245396,0.307398
3.062000,1,14,24.308182,-30.546453,191.245396,0.307398
3.062000,1,14,24.308182,-30.546453,191.245396,0.307398
3.062000,1,14,24.308182,-30.546453,191.245396,0.307398
3.062000,1,14,24.308182,-30.546453,191.245396,0.307398
3.062000,1,14,24.308182,-30.546453,191.245396,0.307398
3.062000,1,14,24.308182,-30.546453,191.245396,0.307398
3.062000,1,14,24.308182,-30.546453,191.245396,0.307398
3.062000,1,14,24.308182,-30.546453,191.245396,0.307398
3.062000,1,14,24.308182,-30.546453,191.245396,0.307398
3.062000,1,14,24.308182,-30.546453,191.245396,0.307398
3.062000,1,14,24.308182,-30.546453,191.245396,0.307398
3.062000,1,14,24.308182,-30.546453,191.245396,0.307398
3.062000,1,14,24.308182,-30.546453,191.245396,0.307398
3.062000,1,14,24.308182,-30.546453,191.245396,0.307398
3.062000,1,14,24.308182,-30.546453,191.245396,0.307398
3.062000,1,14,24.308182,-30.546453,191.245396,0.307398
3.062000,1,14,24.308182,-30.546453,191.245396,0.307398
3.062000,1,14,24.308182,-30.546453,191.245396,0.307398
3.062000,1,14,24.308182,-30.546453,191.245396,0.307398
3.062000,1,14,24.308182,-30.546453,191.245396,0.307398
3.062000,1,14,24.308182,-30.546453,191.245396,0.307398
3.062000,1,14,24.308182,-30.546453,191.245396,0.307398
3.062000,1,14,24.308182,-30.546453,191.245396,0.307398
3.062000,1,14,24.308182,-30.546453,191.245396,0.307398
3.062000,1,14,24.308182,-30.546453,191.245396,0.307398
3.062000,1,14,24.308182,-30.546453,191.245396,0.307398
3.062000,1,14,24.308182,-30.546453,191.245396,0.307398
3.062000,1,14,24.308182,-30.546453,191.245396,0.307398
3.062000,1,14,24.308182,-30.546453,191.245396,0.307398
3.062000,1,14,24.308182,-30.546453,191.245396,0.307398
3.062000,1,14,24.308182,-30.546453,191.245396,0.307398
3.062000,1,14,24.308182,-30.546453,191.245396,0.307398
3.062000,1,14,24.308182,-30.546453,191.245396,0.307398
3.062000,1,14,24.308182,-30.546453,191.245396,0.307398
3.062000,1,14,24.308182,-30.546453,191.245396,0.307398
3.062000,1,14,24.308182,-30.546453,191.245396,0.307398
3.062000,1,14,24.308182,-30.546453,191.245396,0.307398
3.062000,1,14,24.308182,-30.546453,191.245396,0.307398
3.062000,1,14,24.308182,-30.546453,191.245396,0.307398
3.062000,1,14,24.308182,-30.546453,191.245396,0.307398
3.062000,1,14,24.308182,-30.546453,191.245396,0.307398
3.062000,1,14,24.308182,-30.546453,191.245396,0.307398
3.062000,1,14,24.308182,-30.546453,191.245396,0.307398
3.062000,1,14,24.308182,-30.546453,191.245396,0.307398
3.062000,1,14,24.308182,-30.546453,191.245396,0.307398
3.062000,1,14,24.308182,-30.546453,191.245396,0.307398
3.062000,1,14,24.308182,-30.546453,191.245396,0.307398
3.062000,1,14,24.308182,-30.546453,191.245396,0.307398
3.062000,1,14,24.308182,-30.546453,191.245396,0.307398
3.062000,1,14,24.308182,-30.546453,191.245396,0.307398
3.062000,1,14,24.308182,-30.546453,191.245396,0.307398
3.062000,1,14,24.308182,-30.546453,191.245396,0.307398
3.062000,1,14,24.308182,-30.546453,191.245396,0.307398
3.062000,1,14,24.308182,-30.546453,191.245396,0.307398
3.062000,1,14,24.308182,-30.546453,191.245396,0.307398
3.062000,1,14,24.308182,-30.546453,191.245396,0.307398
3.062000,1,14,24.308182,-30.546453,191.245396,0.307398
3.062000,1,14,24.308182,-30.546453,191.245396,0.307398
3.062000,1,14,24.308182,-30.546453,191.245396,0.307398
3.062000,1,14,24.308182,-30.546453,191.245396,0.307398
3.062000,1,14,24.308182,-30.546453,191.245396,0.307398
3.062000,1,14,24.308182,-30.546453,191.245396,0.307398
3.062000,1,14,24.308182,-30.546453,191.245396,0.307398
3.062000,1,14,24.308182,-30.546453,191.245396,0.307398
3.062000,1,14,24.308182,-30.546453,191.245396,0.307398
3.062000,1,14,24.308182,-30.546453,191.245396,0.307398
3.062000,1,14,24.308182,-30.546453,191.245396,0.307398
3.062000,1,14,24.308182,-30.546453,191.245396,0.307398
3.062000,1,14,24.308182,-30.546453,191.245396,0.307398
3.062000,1,14,24.308182,-30.546453,191.245396,0.307398
3.062000,1,14,24.308182,-30.546453,191.245396,0.307398
3.062000,1,14,24.308182,-30.546453,191.245396,0.307398
3.062000,1,14,24.308182,-30.546453,191.245396,0.307398
3.062000,1,14,24.308182,-30.546453,191.245396,0.307398
3.062000,1,14,24.308182,-30.546453,191.245396,0.307398
3.062000,1,14,24.308182,-30.546453,191.245396,0.307398
3.062000,1,14,24.308182,-30.546453,191.245396,0.307398
3.062000,1,14,24.308182,-30.546453,191.245396,0.307398
3.062000,1,14,24.308182,-30.546453,191.245396,0.307398
3.062000,1,14,24.308182,-30.546453,191.245396,0.307398
3.062000,1,14,24.308182,-30.546453,191.245396,0.307398
3.062000,1,14,24.308182,-30.546453,191.245396,0.307398
3.062000,1,14,24.308182,-30.546453,191.245396,0.307398
3.062000,1,14,24.308182,-30.546453,191.245396,0.307398
3.062000,1,14,24.308182,-30.546453,191.245396,0.307398
3.062000,1,14,24.308182,-30.546453,191.245396,0.307398
3.062000,1,14,24.308182,-30.546453,191.245396,0.307398
3.062000,1,14,24.308182,-30.546453,191.245396,0.307398
3.062000,1,14,24.308182,-30.546453,191.245396,0.307398
3.062000,1,14,24.308182,-30.546453,191.245396,0.307398
3.062000,1,14,24.308182,-30.546453,191.245396,0.307398
3.062000,1,14,24.308182,-30.546453,191.245396,0.307398
3.062000,1,14,24.308182,-30.546453,191.245396,0.307398
3.062000,1,14,24.308182,-30.546453,191.245396,0.307398
3.062000,1,14,24.308182,-30.546453,191.245396,0.307398
3.062000,1,14,24.308182,-30.546453,191.245396,0.307398
3.062000,1,14,24.308182,-30.546453,191.245396,0.307398
3.062000,1,14,24.308182,-30.546453,191.245396,0.307398
3.062000,1,14,24.308182,-30.546453,191.245396,0.307398
3.062000,1,14,24.308182,-30.546453,191.245396,0.307398
3.062000,1,14,24.308182,-30.546453,191.245396,0.307398
3.062000,1,14,24.308182,-30.546453,191.245396,0.307398
3.062000,1,14,24.308182,-30.546453,191.245396,0.307398
3.062000,1,14,24.308182,-30.546453,191.245396,0.307398
3.062000,1,14,24.308182,-30.546453,191.245396,0.307398
3.062000,1,14,24.308182,-30.546453,191.245396,0.307398
3.062000,1,14,24.308182,-30.546453,191.245396,0.307398
3.062000,1,14,24.308182,-30.546453,191.245396,0.307398
3.062000,1,14,24.308182,-30.546453,191.245396,0.307398
3.062000,1,14,24.308182,-30.546453,191.245396,0.307398
3.062000,1,14,24.308182,-30.546453,191.245396,0.307398
3.062000,1,14,24.308182,-30.546453,191.245396,0.307398
3.062000,1,14,24.308182,-30.546453,191.245396,0.307398
3.062000,1,14,24.308182,-30.546453,191.245396,0.307398
3.062000,1,14,24.308182,-30.546453,191.245396,0.307398
3.062000,1,14,24.308182,-30.546453,191.245396,0.307398
3.062000,1,14,24.308182,-30.546453,191.245396,0.307398
3.062000,1,14,24.308182,-30.546453,191.245396,0.307398
3.062000,1,14,24.308182,-30.546453,191.245396,0.307398
3.062000,1,14,24.308182,-30.546453,191.245396,0.307398
3.062000,1,14,24.308182,-30.546453,191.245396,0.307398
3.062000,1,14,24.308182,-30.546453,191.245396,0.307398
3.062000,1,14,24.308182,-30.546453,191.245396,0.307398
3.062000,1,14,24.308182,-30.546453,191.245396,0.307398
3.062000,1,14,24.308182,-30.546453,191.245396,0.307398
3.062000,1,14,24.308182,-30.546453,191.245396,0.307398
3.062000,1,14,24.308182,-30.546453,191.245396,0.307398
3.062000,1,14,24.308182,-30.546453,191.245396,0.307398
3.062000,1,14,24.308182,-30.546453,191.245396,0.307398
3.062000,1,14,24.308182,-30.546453,191.245396,0.307398
3.062000,1,14,24.308182,-30.546453,191.245396,0.307398
3.062000,1,14,24.308182,-30.546453,191.245396,0.307398
3.062000,1,14,24.308182,-30.546453,191.245396,0.307398
3.062000,1,14,24.308182,-30.546453,191.245396,0.307398
3.062000,1,14,24.308182,-30.546453,191.245396,0.307398
3.062000,1,14,24.308182,-30.546453,191.245396,0.307398
3.062000,1,14,24.308182,-30.546453,191.245396,0.307398
3.062000,1,14,24.308182,-30.546453,191.245396,0.307398
3.062000,1,14,24.308182,-30.546453,191.245396,0.307398
3.062000,1,14,24.308182,-30.546453,191.245396,0.307398
3.062000,1,14,24.308182,-30.546453,191.245396,0.307398
3.062000,1,14,24.308182,-30.546453,191.245396,0.307398
3.062000,1,14,24.308182,-30.546453,191.245396,0.307398
3.062000,1,14,24.308182,-30.546453,191.245396,0.307398
3.062000,1,14,24.308182,-30.546453,191.245396,0.307398
3.062000,1,14,24.308182,-30.546453,191.245396,0.307398
3.062000,1,14,24.308182,-30.546453,191.245396,0.307398
3.062000,1,14,24.308182,-30.546453,191.245396,0.307398
3.062000,1,14,24.308182,-30.546453,191.245396,0.307398
3.062000,1,14,24.308182,-30.546453,191.245396,0.307398
3.062000,1,14,24.308182,-30.546453,191.245396,0.307398
3.062000,1,14,24.308182,-30.546453,191.245396,0.307398
3.062000,1,14,24.308182,-30.546453,191.245396,0.307398
3.062000,1,14,24.308182,-30.546453,191.245396,0.307398
3.062000,1,14,24.308182,-30.546453,191.245396,0.307398
3.062000,1,14,24.308182,-30.546453,191.245396,0.307398
3.062000,1,14,24.308182,-30.546453,191.245396,0.307398
3.062000,1,14,24.308182,-30.546453,191.245396,0.307398
3.062000,1,14,24.308182,-30.546453,191.245396,0.307398
3.062000,1,14,24.308182,-30.546453,191.245396,0.307398
3.062000,1,14,24.308182,-30.546453,191.245396,0.307398
3.062000,1,14,24.308182,-30.546453,191.245396,0.307398
3.062000,1,14,24.308182,-30.546453,191.245396,0.307398
3.062000,1,14,24.308182,-30.546453,191.245396,0.307398
3.062000,1,14,24.308182,-30.546453,191.245396,0.307398
3.062000,1,14,24.308182,-30.546453,191.245396,0.307398
3.062000,1,14,24.308182,-30.546453,191.245396,0.307398
3.062000,1,14,24.308182,-30.546453,191.245396,0.307398
3.062000,1,14,24.308182,-30.546453,191.245396,0.307398
3.062000,1,14,24.308182,-30.546453,191.245396,0.307398
3.062000,1,14,24.308182,-30.546453,191.245396,0.307398
3.062000,1,14,24.308182,-30.546453,191.245396,0.307398
3.062000,1,14,24.308182,-30.546453,191.245396,0.307398
3.062000,1,14,24.308182,-30.546453,191.245396,0.307398
3.062000,1,14,24.308182,-30.546453,191.245396,0.307398
3.062000,1,14,24.308182,-30.546453,191.245396,0.307398
3.062000,1,14,24.308182,-30.546453,191.245396,0.307398
3.062000,1,14,24.308182,-30.546453,191.245396,0.307398
3.062000,1,14,24.308182,-30.546453,191.245396,0.307398
3.062000,1,14,24.308182,-30.546453,191.245396,0.307398
3.062000,1,14,24.308182,-30.546453,191.245396,0.307398
3.062000,1,14,24.308182,-30.546453,191.245396,0.307398
3.062000,1,14,24.308182,-30.546453,191.245396,0.307398
3.062000,1,14,24.308182,-30.546453,191.245396,0.307398
3.062000,1,14,24.308182,-30.546453,191.245396,0.307398
3.062000,1,14,24.308182,-30.546453,191.245396,0.307398
3.062000,1,14,24.308182,-30.546453,191.245396,0.307398
3.062000,1,14,24.308182,-30.546453,191.245396,0.307398
3.062000,1,14,24.308182,-30.546453,191.245396,0.307398
3.062000,1,14,24.308182,-30.546453,191.245396,0.307398
3.062000,1,14,24.308182,-30.546453,191.245396,0.307398
3.062000,1,14,24.308182,-30.546453,191.245396,0.307398
3.062000,1,14,24.308182,-30.546453,191.245396,0.307398
3.062000,1,14,24.308182,-30.546453,191.245396,0.307398
3.062000,1,14,24.308182,-30.546453,191.245396,0.307398
3.062000,1,14,24.308182,-30.546453,191.245396,0.307398
3.062000,1,14,24.308182,-30.546453,191.245396,0.307398
3.062000,1,14,24.308182,-30.546453,191.245396,0.307398
3.062000,1,14,24.308182,-30.546453,191.245396,0.307398
3.062000,1,14,24.308182,-30.546453,191.245396,0.307398
3.062000,1,14,24.308182,-30.546453,191.245396,0.307398
3.062000,1,14,24.308182,-30.546453,191.245396,0.307398
3.062000,1,14,24.308182,-30.546453,191.245396,0.307398
3.062000,1,14,24.308182,-30.546453,191.245396,0.307398
3.062000,1,14,24.308182,-30.546453,191.245396,0.307398
3.062000,1,14,24.308182,-30.546453,191.245396,0.307398
3.062000,1,14,24.308182,-30.546453,191.245396,0.307398
3.062000,1,14,24.308182,-30.546453,191.245396,0.307398
3.062000,1,14,24.308182,-30.546453,191.245396,0.307398
3.062000,1,14,24.308182,-30.546453,191.245396,0.307398
3.062000,1,14,24.308182,-30.546453,191.245396,0.307398
3.062000,1,14,24.308182,-30.546453,191.245396,0.307398
3.062000,1,14,24.308182,-30.546453,191.245396,0.307398
3.062000,1,14,24.308182,-30.546453,191.245396,0.307398
3.062000,1,14,24.308182,-30.546453,191.245396,0.307398
3.062000,1,14,24.308182,-30.546453,191.245396,0.307398
3.062000,1,14,24.308182,-30.546453,191.245396,0.307398
3.062000,1,14,24.308182,-30.546453,191.245396,0.307398
3.062000,1,14,24.308182,-30.546453,191.245396,0.307398
3.062000,1,14,24.308182,-30.546453,191.245396,0.307398
3.062000,1,14,24.308182,-30.546453,191.245396,0.307398
3.062000,1,14,24.308182,-30.546453,191.245396,0.307398
3.062000,1,14,24.308182,-30.546453,191.245396,0.307398
3.062000,1,14,24.308182,-30.546453,191.245396,0.307398
3.062000,1,14,24.308182,-30.546453,191.245396,0.307398
3.062000,1,14,24.308182,-30.546453,191.245396,0.307398
3.062000,1,14,24.308182,-30.546453,191.245396,0.307398
3.062000,1,14,24.308182,-30.546453,191.245396,0.307398
3.062000,1,14,24.308182,-30.546453,191.245396,0.307398
3.062000,1,14,24.308182,-30.546453,191.245396,0.307398
3.062000,1,14,24.308182,-30.546453,191.245396,0.307398
3.062000,1,14,24.308182,-30.546453,191.245396,0.307398
3.062000,1,14,24.308182,-30.546453,191.245396,0.307398
3.062000,1,14,24.308182,-30.546453,191.245396,0.307398
3.062000,1,14,24.308182,-30.546453,191.245396,0.307398
3.062000,1,14,24.308182,-30.546453,191.245396,0.307398
3.062000,1,14,24.308182,-30.546453,191.245396,0.307398
3.062000,1,14,24.308182,-30.546453,191.245396,0.307398
3.062000,1,14,24.308182,-30.546453,191.245396,0.307398
3.062000,1,14,24.308182,-30.546453,191.245396,0.307398
3.062000,1,14,24.308182,-30.546453,191.245396,0.307398
3.062000,1,14,24.308182,-30.546453,191.245396,0.307398
3.062000,1,14,24.308182,-30.546453,191.245396,0.307398
3.062000,1,14,24.308182,-30.546453,191.245396,0.307398
3.062000,1,14,24.308182,-30.546453,191.245396,0.307398
3.062000,1,14,24.308182,-30.546453,191.245396,0.307398
3.062000,1,14,24.308182,-30.546453,191.245396,0.307398
3.062000,1,14,24.308182,-30.546453,191.245396,0.307398
3.062000,1,14,24.308182,-30.546453,191.245396,0.307398
3.062000,1,14,24.308182,-30.546453,191.245396,0.307398
3.062000,1,14,24.308182,-30.546453,191.245396,0.307398
3.062000,1,14,24.308182,-30.546453,191.245396,0.307398
3.062000,1,14,24.308182,-30.546453,191.245396,0.307398
3.062000,1,14,24.308182,-30.546453,191.245396,0.307398
3.062000,1,14,24.308182,-30.546453,191.245396,0.307398
3.062000,1,14,24.308182,-30.546453,191.245396,0.307398
3.062000,1,14,24.308182,-30.546453,191.245396,0.307398
3.062000,1,14,24.308182,-30.546453,191.245396,0.307398
3.062000,1,14,24.308182,-30.546453,191.245396,0.307398
3.062000,1,14,24.308182,-30.546453,191.245396,0.307398
3.062000,1,14,24.308182,-30.546453,191.245396,0.307398
3.062000,1,14,24.308182,-30.546453,191.245396,0.307398
3.062000,1,14,24.308182,-30.546453,191.245396,0.307398
3.062000,1,14,24.308182,-30.546453,191.245396,0.307398
3.062000,1,14,24.308182,-30.546453,191.245396,0.307398
3.062000,1,14,24.308182,-30.546453,191.245396,0.307398
3.062000,1,14,24.308182,-30.546453,191.245396,0.307398
3.062000,1,14,24.308182,-30.546453,191.245396,0.307398
3.062000,1,14,24.308182,-30.546453,191.245396,0.307398
3.062000,1,14,24.308182,-30.546453,191.245396,0.307398
3.062000,1,14,24.308182,-30.546453,191.245396,0.307398
3.062000,1,14,24.308182,-30.546453,191.245396,0.307398
3.062000,1,14,24.308182,-30.546453,191.245396,0.307398
3.062000,1,14,24.308182,-30.546453,191.245396,0.307398
3.062000,1,14,24.308182,-30.546453,191.245396,0.307398
3.062000,1,14,24.308182,-30.546453,191.245396,0.307398
3.062000,1,14,24.308182,-30.546453,191.245396,0.307398
3.062000,1,14,24.308182,-30.546453,191.245396,0.307398
3.062000,1,14,24.308182,-30.546453,191.245396,0.307398
3.062000,1,14,24.308182,-30.546453,191.245396,0.307398
3.062000,1,14,24.308182,-30.546453,191.245396,0.307398
3.062000,1,14,24.308182,-30.546453,191.245396,0.307398
3.062000,1,14,24.308182,-30.546453,191.245396,0.307398
3.062000,1,14,24.308182,-30.546453,191.245396,0.307398
3.062000,1,14,24.308182,-30.546453,191.245396,0.307398
3.062000,1,14,24.308182,-30.546453,191.245396,0.307398
3.062000,1,14,24.308182,-30.546453,191.245396,0.307398
3.062000,1,14,24.308182,-30.546453,191.245396,0.307398
3.062000,1,14,24.308182,-30.546453,191.245396,0.307398
3.062000,1,14,24.308182,-30.546453,191.245396,0.307398
3.062000,1,14,24.308182,-30.546453,191.245396,0.307398
3.062000,1,14,24.308182,-30.546453,191.245396,0.307398
3.062000,1,14,24.308182,-30.546453,191.245396,0.307398
3.062000,1,14,24.308182,-30.546453,191.245396,0.307398
3.062000,1,14,24.308182,-30.546453,191.245396,0.307398
3.062000,1,14,24.308182,-30.546453,191.245396,0.307398
3.062000,1,14,24.308182,-30.546453,191.245396,0.307398
3.062000,1,14,24.308182,-30.546453,191.245396,0.307398
3.062000,1,14,24.308182,-30.546453,191.245396,0.307398
3.062000,1,14,24.308182,-30.546453,191.245396,0.307398
3.062000,1,14,24.308182,-30.546453,191.245396,0.307398
3.062000,1,14,24.308182,-30.546453,191.245396,0.307398
3.062000,1,14,24.308182,-30.546453,191.245396,0.307398
3.062000,1,14,24.308182,-30.546453,191.245396,0.307398
3.062000,1,14,24.308182,-30.546453,191.245396,0.307398
3.062000,1,14,24.308182,-30.546453,191.245396,0.307398
3.062000,1,14,24.308182,-30.546453,191.245396,0.307398
3.062000,1,14,24.308182,-30.546453,191.245396,0.307398
3.062000,1,14,24.308182,-30.546453,191.245396,0.307398
3.062000,1,14,24.308182,-30.546453,191.245396,0.307398
3.062000,1,14,24.308182,-30.546453,191.245396,0.307398
3.062000,1,14,24.308182,-30.546453,191.245396,0.307398
3.062000,1,14,24.308182,-30.546453,191.245396,0.307398
3.062000,1,14,24.308182,-30.546453,191.245396,0.307398
3.062000,1,14,24.308182,-30.546453,191.245396,0.307398
3.062000,1,14,24.308182,-30.546453,191.245396,0.307398
3.062000,1,14,24.308182,-30.546453,191.245396,0.307398
3.062000,1,14,24.308182,-30.546453,191.245396,0.307398
3.062000,1,14,24.308182,-30.546453,191.245396,0.307398
3.062000,1,14,24.308182,-30.546453,191.245396,0.307398
3.062000,1,14,24.308182,-30.546453,191.245396,0.307398
3.062000,1,14,24.308182,-30.546453,191.245396,0.307398
3.062000,1,14,24.308182,-30.546453,191.245396,0.307398
3.062000,1,14,24.308182,-30.546453,191.245396,0.307398
3.062000,1,14,24.308182,-30.546453,191.245396,0.307398
3.062000,1,14,24.308182,-30.546453,191.245396,0.307398
3.062000,1,14,24.308182,-30.546453,191.245396,0.307398
3.062000,1,14,24.308182,-30.546453,191.245396,0.307398
3.062000,1,14,24.308182,-30.546453,191.245396,0.307398
3.062000,1,14,24.308182,-30.546453,191.245396,0.307398
3.062000,1,14,24.308182,-30.546453,191.245396,0.307398
3.062000,1,14,24.308182,-30.546453,191.245396,0.307398
3.062000,1,14,24.308182,-30.546453,191.245396,0.307398
3.062000,1,14,24.308182,-30.546453,191.245396,0.307398
3.062000,1,14,24.308182,-30.546453,191.245396,0.307398
3.062000,1,14,24.308182,-30.546453,191.245396,0.307398
3.062000,1,14,24.308182,-30.546453,191.245396,0.307398
3.062000,1,14,24.308182,-30.546453,191.245396,0.307398
3.062000,1,14,24.308182,-30.546453,191.245396,0.307398
3.062000,1,14,24.308182,-30.546453,191.245396,0.307398
3.062000,1,14,24.308182,-30.546453,191.245396,0.307398
3.062000,1,14,24.308182,-30.546453,191.245396,0.307398
3.062000,1,14,24.308182,-30.546453,191.245396,0.307398
3.062000,1,14,24.308182,-30.546453,191.245396,0.307398
