time,torso_height,desired_height
0.008000,0.477947,0.475000
0.010000,0.477772,0.475000
0.012000,0.477767,0.475000
0.014000,0.476761,0.475000
0.016000,0.476553,0.475000
0.018000,0.475763,0.475000
0.020000,0.475209,0.475000
0.022000,0.474994,0.475000
0.024000,0.474994,0.475000
0.026000,0.473786,0.475000
0.028000,0.472658,0.475000
0.030000,0.471940,0.475000
0.032000,0.471193,0.475000
0.034000,0.470993,0.475000
0.036000,0.470219,0.475000
0.038000,0.468766,0.475000
0.040000,0.467896,0.475000
0.042000,0.467180,0.475000
0.044000,0.467225,0.475000
0.046000,0.466046,0.475000
0.048000,0.465607,0.475000
0.050000,0.465237,0.475000
0.052000,0.464927,0.475000
0.054000,0.464658,0.475000
0.056000,0.464418,0.475000
0.058000,0.464206,0.475000
0.060000,0.464007,0.475000
0.062000,0.463824,0.475000
0.064000,0.464012,0.475000
0.066000,0.463511,0.475000
0.068000,0.463384,0.475000
0.070000,0.463272,0.475000
0.070000,0.463272,0.475000
0.074000,0.463093,0.475000
0.076000,0.463093,0.475000
0.078000,0.462972,0.475000
0.080000,0.462933,0.475000
0.082000,0.462906,0.475000
0.084000,0.463015,0.475000
0.086000,0.462889,0.475000
0.088000,0.462902,0.475000
0.090000,0.462928,0.475000
0.092000,0.463006,0.475000
0.094000,0.463016,0.475000
0.096000,0.463080,0.475000
0.098000,0.463103,0.475000
0.100000,0.463247,0.475000
0.102000,0.463258,0.475000
0.104000,0.463467,0.475000
0.106000,0.463467,0.475000
0.108000,0.463738,0.475000
0.110000,0.463729,0.475000
0.112000,0.464059,0.475000
0.114000,0.464239,0.475000
0.116000,0.464218,0.475000
0.118000,0.464631,0.475000
0.120000,0.464844,0.475000
0.122000,0.464815,0.475000
0.124000,0.465302,0.475000
0.126000,0.465547,0.475000
0.128000,0.465802,0.475000
0.130000,0.466066,0.475000
0.132000,0.466340,0.475000
0.134000,0.466303,0.475000
0.136000,0.466911,0.475000
0.138000,0.467209,0.475000
0.140000,0.467515,0.475000
0.142000,0.467827,0.475000
0.144000,0.467827,0.475000
0.146000,0.468822,0.475000
0.148000,0.468792,0.475000
0.150000,0.469121,0.475000
0.152000,0.469453,0.475000
0.154000,0.469789,0.475000
0.156000,0.469750,0.475000
0.158000,0.470469,0.475000
0.160000,0.470812,0.475000
0.162000,0.471155,0.475000
0.164000,0.471119,0.475000
0.166000,0.471842,0.475000
0.168000,0.471810,0.475000
0.170000,0.472155,0.475000
0.172000,0.472499,0.475000
0.174000,0.472843,0.475000
0.176000,0.473187,0.475000
0.178000,0.473530,0.475000
0.180000,0.473872,0.475000
0.182000,0.474212,0.475000
0.184000,0.474551,0.475000
0.186000,0.474921,0.475000
0.188000,0.475254,0.475000
0.190000,0.475551,0.475000
0.192000,0.476214,0.475000
0.194000,0.476203,0.475000
0.196000,0.476520,0.475000
0.198000,0.476831,0.475000
0.200000,0.476831,0.475000
0.202000,0.477441,0.475000
0.204000,0.477745,0.475000
0.206000,0.478048,0.475000
0.208000,0.476322,0.475000
0.210000,0.476627,0.475000
0.212000,0.478664,0.475000
0.214000,0.479590,0.475000
0.216000,0.480372,0.475000
0.218000,0.480372,0.475000
0.220000,0.481562,0.475000
0.222000,0.482155,0.475000
0.224000,0.482473,0.475000
0.226000,0.482708,0.475000
0.228000,0.482874,0.475000
0.230000,0.482979,0.475000
0.232000,0.482979,0.475000
0.234000,0.483091,0.475000
0.236000,0.483011,0.475000
0.238000,0.482944,0.475000
0.240000,0.482849,0.475000
0.242000,0.482732,0.475000
0.244000,0.482596,0.475000
0.246000,0.482443,0.475000
0.248000,0.482275,0.475000
0.250000,0.482094,0.475000
0.252000,0.481905,0.475000
0.254000,0.481712,0.475000
0.256000,0.481515,0.475000
0.258000,0.481318,0.475000
0.260000,0.481119,0.475000
0.262000,0.480919,0.475000
0.264000,0.480722,0.475000
0.266000,0.480647,0.475000
0.268000,0.480347,0.475000
0.270000,0.480167,0.475000
0.274000,0.480167,0.475000
0.274000,0.479988,0.475000
0.276000,0.479654,0.475000
0.278000,0.479634,0.475000
0.280000,0.479351,0.475000
0.282000,0.479214,0.475000
0.284000,0.479089,0.475000
0.286000,0.478973,0.475000
0.288000,0.478866,0.475000
0.290000,0.478897,0.475000
0.292000,0.478686,0.475000
0.294000,0.478611,0.475000
0.296000,0.478542,0.475000
0.298000,0.478481,0.475000
0.300000,0.478427,0.475000
0.302000,0.478383,0.475000
0.304000,0.478445,0.475000
0.306000,0.478326,0.475000
0.308000,0.478312,0.475000
0.310000,0.478305,0.475000
0.312000,0.478305,0.475000
0.314000,0.478313,0.475000
0.316000,0.478327,0.475000
0.318000,0.478327,0.475000
0.320000,0.478376,0.475000
0.322000,0.478403,0.475000
0.324000,0.478431,0.475000
0.326000,0.478431,0.475000
0.328000,0.478523,0.475000
0.330000,0.478548,0.475000
0.332000,0.478596,0.475000
0.334000,0.478647,0.475000
0.336000,0.478702,0.475000
0.338000,0.478760,0.475000
0.340000,0.478822,0.475000
0.342000,0.478854,0.475000
0.344000,0.479005,0.475000
0.346000,0.479075,0.475000
0.348000,0.479145,0.475000
0.350000,0.479215,0.475000
0.352000,0.479286,0.475000
0.354000,0.479352,0.475000
0.356000,0.479421,0.475000
0.358000,0.479425,0.475000
0.360000,0.479425,0.475000
0.362000,0.479559,0.475000
0.364000,0.479692,0.475000
0.366000,0.479761,0.475000
0.368000,0.479829,0.475000
0.370000,0.479827,0.475000
0.372000,0.479827,0.475000
0.374000,0.480008,0.475000
0.376000,0.479999,0.475000
0.378000,0.480107,0.475000
0.380000,0.480152,0.475000
0.382000,0.480196,0.475000
0.384000,0.480258,0.475000
0.386000,0.480279,0.475000
0.388000,0.480318,0.475000
0.390000,0.480356,0.475000
0.392000,0.480393,0.475000
0.394000,0.480373,0.475000
0.396000,0.480373,0.475000
0.398000,0.480445,0.475000
0.400000,0.480427,0.475000
0.402000,0.480472,0.475000
0.404000,0.480507,0.475000
0.406000,0.480537,0.475000
0.408000,0.477534,0.475000
0.410000,0.478816,0.475000
0.412000,0.479718,0.475000
0.414000,0.480681,0.475000
0.416000,0.481373,0.475000
0.418000,0.481889,0.475000
0.420000,0.482383,0.475000
0.422000,0.482882,0.475000
0.424000,0.483141,0.475000
0.426000,0.483429,0.475000
0.428000,0.483642,0.475000
0.430000,0.483988,0.475000
0.432000,0.483989,0.475000
0.434000,0.484235,0.475000
0.436000,0.484308,0.475000
0.438000,0.484308,0.475000
0.440000,0.484267,0.475000
0.442000,0.484410,0.475000
0.444000,0.484297,0.475000
0.446000,0.484420,0.475000
0.448000,0.484415,0.475000
0.450000,0.484285,0.475000
0.452000,0.484394,0.475000
0.454000,0.484382,0.475000
0.456000,0.484372,0.475000
0.458000,0.484365,0.475000
0.460000,0.484361,0.475000
0.462000,0.484362,0.475000
0.464000,0.484452,0.475000
0.466000,0.484386,0.475000
0.468000,0.484408,0.475000
0.470000,0.484438,0.475000
0.472000,0.484341,0.475000
0.474000,0.484521,0.475000
0.476000,0.484575,0.475000
0.478000,0.484490,0.475000
0.480000,0.484556,0.475000
0.482000,0.484669,0.475000
0.484000,0.484878,0.475000
0.486000,0.484978,0.475000
0.488000,0.484978,0.475000
0.490000,0.485201,0.475000
0.492000,0.485340,0.475000
0.494000,0.485144,0.475000
0.496000,0.485405,0.475000
0.498000,0.485745,0.475000
0.500000,0.485901,0.475000
0.502000,0.486064,0.475000
0.504000,0.486235,0.475000
0.506000,0.486193,0.475000
0.508000,0.486600,0.475000
0.510000,0.486562,0.475000
0.512000,0.486993,0.475000
0.514000,0.486959,0.475000
0.516000,0.487166,0.475000
0.518000,0.487626,0.475000
0.520000,0.487845,0.475000
0.522000,0.488067,0.475000
0.524000,0.488290,0.475000
0.526000,0.488524,0.475000
0.528000,0.488486,0.475000
0.530000,0.488978,0.475000
0.532000,0.489216,0.475000
0.534000,0.489464,0.475000
0.536000,0.489426,0.475000
0.538000,0.489930,0.475000
0.540000,0.490174,0.475000
0.542000,0.490417,0.475000
0.544000,0.490417,0.475000
0.546000,0.490898,0.475000
0.548000,0.490872,0.475000
0.550000,0.491367,0.475000
0.552000,0.491599,0.475000
0.554000,0.491599,0.475000
0.556000,0.492058,0.475000
0.558000,0.492285,0.475000
0.560000,0.492514,0.475000
0.562000,0.492492,0.475000
0.564000,0.492957,0.475000
0.566000,0.493173,0.475000
0.568000,0.493175,0.475000
0.570000,0.493602,0.475000
0.572000,0.493602,0.475000
0.574000,0.494004,0.475000
0.576000,0.493968,0.475000
0.578000,0.494370,0.475000
0.580000,0.494337,0.475000
0.582000,0.494721,0.475000
0.584000,0.494709,0.475000
0.586000,0.494895,0.475000
0.588000,0.495086,0.475000
0.590000,0.495264,0.475000
0.592000,0.495445,0.475000
0.594000,0.495614,0.475000
0.596000,0.495945,0.475000
0.598000,0.495846,0.475000
0.600000,0.494551,0.475000
0.602000,0.495909,0.475000
0.604000,0.496769,0.475000
0.606000,0.496769,0.475000
0.608000,0.497624,0.475000
0.610000,0.498947,0.475000
0.612000,0.499442,0.475000
0.614000,0.499971,0.475000
0.616000,0.500252,0.475000
0.618000,0.500410,0.475000
0.620000,0.500405,0.475000
0.622000,0.500414,0.475000
0.624000,0.500372,0.475000
0.626000,0.500223,0.475000
0.628000,0.500020,0.475000
0.630000,0.500020,0.475000
0.632000,0.499477,0.475000
0.634000,0.499146,0.475000
0.636000,0.498781,0.475000
0.638000,0.498387,0.475000
0.640000,0.498175,0.475000
0.642000,0.497527,0.475000
0.644000,0.497067,0.475000
0.646000,0.496593,0.475000
0.648000,0.496374,0.475000
0.650000,0.495616,0.475000
0.652000,0.495120,0.475000
0.654000,0.494938,0.475000
0.656000,0.494121,0.475000
0.658000,0.493624,0.475000
0.660000,0.493485,0.475000
0.662000,0.493485,0.475000
0.664000,0.492162,0.475000
0.666000,0.491684,0.475000
0.668000,0.491215,0.475000
0.670000,0.491146,0.475000
0.672000,0.490701,0.475000
0.674000,0.490701,0.475000
0.676000,0.489839,0.475000
0.678000,0.489027,0.475000
0.680000,0.489015,0.475000
0.682000,0.488230,0.475000
0.684000,0.488237,0.475000
0.686000,0.487841,0.475000
0.688000,0.487867,0.475000
0.690000,0.487867,0.475000
0.692000,0.486456,0.475000
0.694000,0.486491,0.475000
0.696000,0.485820,0.475000
0.698000,0.485866,0.475000
0.700000,0.485234,0.475000
0.702000,0.484958,0.475000
0.704000,0.485014,0.475000
0.706000,0.484752,0.475000
0.708000,0.484500,0.475000
0.710000,0.484258,0.475000
0.712000,0.484026,0.475000
0.714000,0.483803,0.475000
0.716000,0.483590,0.475000
0.718000,0.483386,0.475000
0.720000,0.483190,0.475000
0.722000,0.482936,0.475000
0.724000,0.482821,0.475000
0.726000,0.482431,0.475000
0.728000,0.482481,0.475000
0.730000,0.482323,0.475000
0.732000,0.481984,0.475000
0.734000,0.481984,0.475000
0.736000,0.481892,0.475000
0.738000,0.481602,0.475000
0.740000,0.481488,0.475000
0.742000,0.481381,0.475000
0.744000,0.481412,0.475000
0.746000,0.481412,0.475000
0.748000,0.481080,0.475000
0.750000,0.481103,0.475000
0.752000,0.481009,0.475000
0.754000,0.480919,0.475000
0.756000,0.480835,0.475000
0.758000,0.480835,0.475000
0.760000,0.480680,0.475000
0.762000,0.480536,0.475000
0.764000,0.480476,0.475000
0.766000,0.480479,0.475000
0.768000,0.480420,0.475000
0.770000,0.480364,0.475000
0.772000,0.480299,0.475000
0.774000,0.480238,0.475000
0.776000,0.480131,0.475000
0.778000,0.480122,0.475000
0.780000,0.480069,0.475000
0.782000,0.480069,0.475000
0.784000,0.479955,0.475000
0.786000,0.479933,0.475000
0.788000,0.479919,0.475000
0.790000,0.479912,0.475000
0.792000,0.479909,0.475000
0.794000,0.474410,0.475000
0.796000,0.477166,0.475000
0.798000,0.478186,0.475000
0.800000,0.479051,0.475000
0.802000,0.479806,0.475000
0.804000,0.480312,0.475000
0.806000,0.481060,0.475000
0.808000,0.481576,0.475000
0.810000,0.482037,0.475000
0.812000,0.482438,0.475000
0.814000,0.482783,0.475000
0.816000,0.483077,0.475000
0.818000,0.483098,0.475000
0.820000,0.483539,0.475000
0.822000,0.483722,0.475000
0.824000,0.483877,0.475000
0.826000,0.484009,0.475000
0.828000,0.484009,0.475000
0.830000,0.484218,0.475000
0.832000,0.484301,0.475000
0.834000,0.484370,0.475000
0.836000,0.484431,0.475000
0.838000,0.484484,0.475000
0.840000,0.484530,0.475000
0.842000,0.484571,0.475000
0.844000,0.484607,0.475000
0.846000,0.484641,0.475000
0.848000,0.484672,0.475000
0.850000,0.484702,0.475000
0.852000,0.484732,0.475000
0.854000,0.484763,0.475000
0.856000,0.484794,0.475000
0.858000,0.484827,0.475000
0.860000,0.484863,0.475000
0.862000,0.484902,0.475000
0.864000,0.484945,0.475000
0.866000,0.484991,0.475000
0.868000,0.485041,0.475000
0.870000,0.485094,0.475000
0.872000,0.485152,0.475000
0.874000,0.485214,0.475000
0.876000,0.485280,0.475000
0.878000,0.485352,0.475000
0.880000,0.485429,0.475000
0.882000,0.485512,0.475000
0.884000,0.485600,0.475000
0.886000,0.485600,0.475000
0.890000,0.485694,0.475000
0.890000,0.485794,0.475000
0.894000,0.485899,0.475000
0.896000,0.486010,0.475000
0.898000,0.486124,0.475000
0.900000,0.486244,0.475000
0.900000,0.486367,0.475000
0.902000,0.486493,0.475000
0.904000,0.486759,0.475000
0.906000,0.486900,0.475000
0.908000,0.486900,0.475000
0.910000,0.487206,0.475000
0.912000,0.487372,0.475000
0.914000,0.487541,0.475000
0.916000,0.487715,0.475000
0.918000,0.487894,0.475000
0.920000,0.487894,0.475000
0.922000,0.488260,0.475000
0.924000,0.488450,0.475000
0.926000,0.488639,0.475000
0.928000,0.488831,0.475000
0.930000,0.489027,0.475000
0.930000,0.489027,0.475000
0.934000,0.489425,0.475000
0.936000,0.489628,0.475000
0.938000,0.489832,0.475000
0.940000,0.490036,0.475000
0.942000,0.490239,0.475000
0.944000,0.490239,0.475000
0.946000,0.490644,0.475000
0.948000,0.490844,0.475000
0.950000,0.491035,0.475000
0.952000,0.491224,0.475000
0.954000,0.491411,0.475000
0.956000,0.491402,0.475000
0.958000,0.491784,0.475000
0.960000,0.491969,0.475000
0.962000,0.492152,0.475000
0.964000,0.492331,0.475000
0.966000,0.492505,0.475000
0.968000,0.492505,0.475000
0.970000,0.492867,0.475000
0.972000,0.493033,0.475000
0.974000,0.492987,0.475000
0.976000,0.493318,0.475000
0.978000,0.493458,0.475000
0.980000,0.493458,0.475000
0.982000,0.493627,0.475000
0.984000,0.491618,0.475000
0.986000,0.492577,0.475000
0.988000,0.493762,0.475000
0.990000,0.493762,0.475000
0.992000,0.495235,0.475000
0.994000,0.495774,0.475000
0.996000,0.496195,0.475000
0.998000,0.496195,0.475000
1.000000,0.496707,0.475000
1.002000,0.496802,0.475000
1.004000,0.496802,0.475000
1.006000,0.496698,0.475000
1.008000,0.496584,0.475000
1.010000,0.496584,0.475000
1.012000,0.496183,0.475000
1.014000,0.495853,0.475000
1.016000,0.495703,0.475000
1.018000,0.495120,0.475000
1.020000,0.494836,0.475000
1.022000,0.494411,0.475000
1.024000,0.494411,0.475000
1.026000,0.493259,0.475000
1.028000,0.492734,0.475000
1.030000,0.492471,0.475000
1.032000,0.492471,0.475000
1.034000,0.491089,0.475000
1.036000,0.490523,0.475000
1.038000,0.489956,0.475000
1.040000,0.489956,0.475000
1.042000,0.488827,0.475000
1.044000,0.488263,0.475000
1.046000,0.487696,0.475000
1.048000,0.487135,0.475000
1.050000,0.487067,0.475000
1.052000,0.486586,0.475000
1.054000,0.485517,0.475000
1.056000,0.484991,0.475000
1.058000,0.484481,0.475000
1.060000,0.483986,0.475000
1.062000,0.483505,0.475000
1.062000,0.483505,0.475000
1.066000,0.482583,0.475000
1.068000,0.482611,0.475000
1.070000,0.482611,0.475000
1.072000,0.481287,0.475000
1.074000,0.480876,0.475000
1.076000,0.480480,0.475000
1.078000,0.480096,0.475000
1.080000,0.479654,0.475000
1.082000,0.480169,0.475000
1.084000,0.479448,0.475000
1.086000,0.478682,0.475000
1.088000,0.478356,0.475000
1.090000,0.478442,0.475000
1.092000,0.478128,0.475000
1.094000,0.478128,0.475000
1.096000,0.477525,0.475000
1.098000,0.476871,0.475000
1.100000,0.476601,0.475000
1.102000,0.476686,0.475000
1.104000,0.476091,0.475000
1.106000,0.475849,0.475000
1.108000,0.475617,0.475000
1.110000,0.475393,0.475000
1.112000,0.475171,0.475000
1.114000,0.475171,0.475000
1.116000,0.474759,0.475000
1.118000,0.474567,0.475000
1.120000,0.474381,0.475000
1.122000,0.474194,0.475000
1.124000,0.474019,0.475000
1.126000,0.474019,0.475000
1.128000,0.473692,0.475000
1.130000,0.473539,0.475000
1.132000,0.473394,0.475000
1.134000,0.473254,0.475000
1.136000,0.473254,0.475000
1.138000,0.472993,0.475000
1.140000,0.472871,0.475000
1.142000,0.472755,0.475000
1.144000,0.472639,0.475000
1.146000,0.472639,0.475000
1.148000,0.472527,0.475000
1.150000,0.472311,0.475000
1.152000,0.472322,0.475000
1.154000,0.472219,0.475000
1.156000,0.472219,0.475000
1.158000,0.471940,0.475000
1.160000,0.471861,0.475000
1.162000,0.471860,0.475000
1.164000,0.471798,0.475000
1.166000,0.471782,0.475000
1.168000,0.471584,0.475000
1.170000,0.471516,0.475000
1.172000,0.471500,0.475000
1.174000,0.468317,0.475000
1.176000,0.468317,0.475000
1.178000,0.470217,0.475000
1.180000,0.470990,0.475000
1.182000,0.471580,0.475000
1.184000,0.472122,0.475000
1.186000,0.472122,0.475000
1.188000,0.473113,0.475000
1.190000,0.473491,0.475000
1.192000,0.473814,0.475000
1.194000,0.473931,0.475000
1.196000,0.474154,0.475000
1.198000,0.474154,0.475000
1.200000,0.474493,0.475000
1.202000,0.474787,0.475000
1.204000,0.474721,0.475000
1.206000,0.474803,0.475000
1.208000,0.474803,0.475000
1.210000,0.475073,0.475000
1.212000,0.475102,0.475000
1.214000,0.474967,0.475000
1.216000,0.475123,0.475000
1.218000,0.475119,0.475000
1.220000,0.475249,0.475000
1.222000,0.475089,0.475000
1.224000,0.475065,0.475000
1.226000,0.475035,0.475000
1.228000,0.475003,0.475000
1.230000,0.474866,0.475000
1.232000,0.474866,0.475000
1.234000,0.474909,0.475000
1.236000,0.474879,0.475000
1.238000,0.474850,0.475000
1.240000,0.474823,0.475000
1.242000,0.474718,0.475000
1.244000,0.474718,0.475000
1.246000,0.474685,0.475000
1.248000,0.474747,0.475000
1.250000,0.474669,0.475000
1.252000,0.474669,0.475000
1.254000,0.474674,0.475000
1.256000,0.474756,0.475000
1.258000,0.474774,0.475000
1.260000,0.474800,0.475000
1.262000,0.474758,0.475000
1.264000,0.474758,0.475000
1.266000,0.474923,0.475000
1.268000,0.474981,0.475000
1.270000,0.475046,0.475000
1.272000,0.475119,0.475000
1.274000,0.475201,0.475000
1.276000,0.475293,0.475000
1.278000,0.475308,0.475000
1.280000,0.475506,0.475000
1.282000,0.475626,0.475000
1.284000,0.475755,0.475000
1.286000,0.475893,0.475000
1.288000,0.475904,0.475000
1.290000,0.476052,0.475000
1.292000,0.476359,0.475000
1.294000,0.476359,0.475000
1.296000,0.476546,0.475000
1.298000,0.476892,0.475000
1.300000,0.476910,0.475000
1.302000,0.477281,0.475000
1.304000,0.477301,0.475000
1.306000,0.477301,0.475000
1.308000,0.477715,0.475000
1.310000,0.477931,0.475000
1.312000,0.478152,0.475000
1.314000,0.478364,0.475000
1.316000,0.478604,0.475000
1.318000,0.478833,0.475000
1.320000,0.479283,0.475000
1.322000,0.479298,0.475000
1.324000,0.479528,0.475000
1.326000,0.479757,0.475000
1.328000,0.479988,0.475000
1.330000,0.480212,0.475000
1.332000,0.480650,0.475000
1.334000,0.480661,0.475000
1.336000,0.480882,0.475000
1.338000,0.481100,0.475000
1.340000,0.481313,0.475000
1.342000,0.481718,0.475000
1.344000,0.481918,0.475000
1.346000,0.482111,0.475000
1.348000,0.482293,0.475000
1.350000,0.482285,0.475000
1.352000,0.482285,0.475000
1.354000,0.482789,0.475000
1.356000,0.482945,0.475000
1.358000,0.482935,0.475000
1.360000,0.483085,0.475000
1.362000,0.483085,0.475000
1.364000,0.481914,0.475000
1.366000,0.483034,0.475000
1.368000,0.483756,0.475000
1.370000,0.484499,0.475000
1.372000,0.485099,0.475000
1.374000,0.485099,0.475000
1.376000,0.486053,0.475000
1.378000,0.486308,0.475000
1.380000,0.486388,0.475000
1.382000,0.486484,0.475000
1.384000,0.486469,0.475000
1.384000,0.486508,0.475000
1.388000,0.486379,0.475000
1.390000,0.486220,0.475000
1.392000,0.485992,0.475000
1.394000,0.485785,0.475000
1.396000,0.485513,0.475000
1.398000,0.485513,0.475000
1.400000,0.484877,0.475000
1.402000,0.484388,0.475000
1.404000,0.483988,0.475000
1.406000,0.483571,0.475000
1.408000,0.483335,0.475000
1.410000,0.482971,0.475000
1.412000,0.482246,0.475000
1.414000,0.481787,0.475000
1.416000,0.481599,0.475000
1.418000,0.480868,0.475000
1.420000,0.480868,0.475000
1.422000,0.479956,0.475000
1.424000,0.479830,0.475000
1.426000,0.479395,0.475000
1.426000,0.479395,0.475000
1.430000,0.478545,0.475000
1.432000,0.478129,0.475000
1.434000,0.478129,0.475000
1.436000,0.476956,0.475000
1.438000,0.476563,0.475000
1.440000,0.476184,0.475000
1.442000,0.475816,0.475000
1.444000,0.475816,0.475000
1.446000,0.475116,0.475000
1.448000,0.475149,0.475000
1.450000,0.474822,0.475000
1.452000,0.474506,0.475000
1.454000,0.474199,0.475000
1.456000,0.474199,0.475000
1.458000,0.473266,0.475000
1.460000,0.473333,0.475000
1.462000,0.473062,0.475000
1.464000,0.472800,0.475000
1.466000,0.472800,0.475000
1.468000,0.472546,0.475000
1.470000,0.472061,0.475000
1.472000,0.471829,0.475000
1.474000,0.471309,0.475000
1.476000,0.471099,0.475000
1.478000,0.470896,0.475000
1.480000,0.470695,0.475000
1.482000,0.470768,0.475000
1.484000,0.470318,0.475000
1.486000,0.470386,0.475000
1.488000,0.470203,0.475000
1.490000,0.470203,0.475000
1.492000,0.469627,0.475000
1.494000,0.469683,0.475000
1.496000,0.469310,0.475000
1.498000,0.469310,0.475000
1.500000,0.469009,0.475000
1.502000,0.469050,0.475000
1.504000,0.468715,0.475000
1.506000,0.468574,0.475000
1.508000,0.468606,0.475000
1.510000,0.468606,0.475000
1.512000,0.468323,0.475000
1.514000,0.468185,0.475000
1.516000,0.467903,0.475000
1.518000,0.467776,0.475000
1.520000,0.467788,0.475000
1.522000,0.467788,0.475000
1.524000,0.467415,0.475000
1.526000,0.467301,0.475000
1.528000,0.467187,0.475000
1.530000,0.467074,0.475000
1.532000,0.466961,0.475000
1.534000,0.466952,0.475000
1.536000,0.466736,0.475000
1.538000,0.466626,0.475000
1.540000,0.466515,0.475000
1.542000,0.466405,0.475000
1.544000,0.466383,0.475000
1.546000,0.466297,0.475000
1.548000,0.466091,0.475000
1.550000,0.465987,0.475000
1.552000,0.463424,0.475000
1.554000,0.464436,0.475000
1.556000,0.465224,0.475000
1.558000,0.465905,0.475000
1.560000,0.466360,0.475000
1.562000,0.466830,0.475000
1.564000,0.467159,0.475000
1.566000,0.467159,0.475000
1.568000,0.467605,0.475000
1.570000,0.467767,0.475000
1.572000,0.467767,0.475000
1.574000,0.467868,0.475000
1.576000,0.467957,0.475000
1.578000,0.467947,0.475000
1.580000,0.467967,0.475000
1.582000,0.467835,0.475000
1.584000,0.467738,0.475000
1.586000,0.467633,0.475000
1.588000,0.467633,0.475000
1.590000,0.467387,0.475000
1.592000,0.467248,0.475000
1.594000,0.467248,0.475000
1.596000,0.466961,0.475000
1.598000,0.466814,0.475000
1.600000,0.466665,0.475000
1.602000,0.466521,0.475000
1.604000,0.466379,0.475000
1.606000,0.466254,0.475000
1.608000,0.466254,0.475000
1.610000,0.466003,0.475000
1.612000,0.465894,0.475000
1.614000,0.465795,0.475000
1.616000,0.465795,0.475000
1.618000,0.465620,0.475000
1.620000,0.465588,0.475000
1.622000,0.465495,0.475000
1.624000,0.465483,0.475000
1.626000,0.465421,0.475000
1.628000,0.465407,0.475000
1.630000,0.465429,0.475000
1.632000,0.465501,0.475000
1.634000,0.465551,0.475000
1.636000,0.465618,0.475000
1.638000,0.465704,0.475000
1.640000,0.465808,0.475000
1.642000,0.465796,0.475000
1.644000,0.465953,0.475000
1.646000,0.466069,0.475000
1.648000,0.466401,0.475000
1.650000,0.466593,0.475000
1.652000,0.466593,0.475000
1.654000,0.467235,0.475000
1.656000,0.467278,0.475000
1.658000,0.467540,0.475000
1.660000,0.467540,0.475000
1.662000,0.468111,0.475000
1.664000,0.468418,0.475000
1.666000,0.468742,0.475000
1.668000,0.469075,0.475000
1.670000,0.469093,0.475000
1.672000,0.469766,0.475000
1.674000,0.470125,0.475000
1.676000,0.470495,0.475000
1.678000,0.470871,0.475000
1.680000,0.471255,0.475000
1.682000,0.471643,0.475000
1.684000,0.472034,0.475000
1.686000,0.472037,0.475000
1.688000,0.472427,0.475000
1.690000,0.472816,0.475000
1.692000,0.473206,0.475000
1.694000,0.473592,0.475000
1.696000,0.473972,0.475000
1.698000,0.474384,0.475000
1.700000,0.474347,0.475000
1.702000,0.475098,0.475000
1.704000,0.475458,0.475000
1.706000,0.475792,0.475000
1.708000,0.476138,0.475000
1.710000,0.476473,0.475000
1.712000,0.476765,0.475000
1.714000,0.477438,0.475000
1.716000,0.477402,0.475000
1.718000,0.477992,0.475000
1.720000,0.477946,0.475000
1.722000,0.478187,0.475000
1.724000,0.478672,0.475000
1.726000,0.478866,0.475000
1.728000,0.479047,0.475000
1.730000,0.479215,0.475000
1.732000,0.479164,0.475000
1.734000,0.479374,0.475000
1.736000,0.479464,0.475000
1.738000,0.479767,0.475000
1.740000,0.479876,0.475000
1.742000,0.479824,0.475000
1.744000,0.477695,0.475000
1.746000,0.479616,0.475000
1.748000,0.480269,0.475000
1.750000,0.480803,0.475000
1.752000,0.480803,0.475000
1.754000,0.481590,0.475000
1.756000,0.481869,0.475000
1.758000,0.482097,0.475000
1.760000,0.482108,0.475000
1.762000,0.482354,0.475000
1.764000,0.482417,0.475000
1.766000,0.482438,0.475000
1.768000,0.482438,0.475000
1.770000,0.482368,0.475000
1.772000,0.482285,0.475000
1.774000,0.482140,0.475000
1.776000,0.482035,0.475000
1.778000,0.481815,0.475000
1.780000,0.481686,0.475000
1.782000,0.481481,0.475000
1.784000,0.481260,0.475000
1.786000,0.481025,0.475000
1.788000,0.480779,0.475000
1.790000,0.480524,0.475000
1.792000,0.480524,0.475000
1.794000,0.479995,0.475000
1.796000,0.479724,0.475000
1.798000,0.479452,0.475000
1.800000,0.479452,0.475000
1.802000,0.478913,0.475000
1.804000,0.478647,0.475000
1.806000,0.478186,0.475000
1.808000,0.478133,0.475000
1.810000,0.477887,0.475000
1.812000,0.477887,0.475000
1.814000,0.477209,0.475000
1.816000,0.477197,0.475000
1.818000,0.476985,0.475000
1.820000,0.476985,0.475000
1.822000,0.476383,0.475000
1.824000,0.476406,0.475000
1.826000,0.476233,0.475000
1.828000,0.476070,0.475000
1.830000,0.475722,0.475000
1.832000,0.475769,0.475000
1.834000,0.475769,0.475000
1.836000,0.475504,0.475000
1.838000,0.475211,0.475000
1.840000,0.475268,0.475000
1.842000,0.475116,0.475000
1.844000,0.475060,0.475000
1.846000,0.474965,0.475000
1.848000,0.474875,0.475000
1.850000,0.474875,0.475000
1.852000,0.474707,0.475000
1.854000,0.474502,0.475000
1.856000,0.474432,0.475000
1.858000,0.474432,0.475000
1.860000,0.474409,0.475000
1.862000,0.474235,0.475000
1.864000,0.474273,0.475000
1.866000,0.474206,0.475000
1.868000,0.474140,0.475000
1.870000,0.474073,0.475000
1.872000,0.474007,0.475000
1.874000,0.473941,0.475000
1.876000,0.473875,0.475000
1.878000,0.473808,0.475000
1.880000,0.473663,0.475000
1.882000,0.473596,0.475000
1.884000,0.473600,0.475000
1.886000,0.473457,0.475000
1.888000,0.473454,0.475000
1.890000,0.473311,0.475000
1.892000,0.473235,0.475000
1.894000,0.473235,0.475000
1.896000,0.473083,0.475000
1.898000,0.473007,0.475000
1.900000,0.472991,0.475000
1.902000,0.472991,0.475000
1.904000,0.472830,0.475000
1.906000,0.472747,0.475000
1.908000,0.472601,0.475000
1.910000,0.472576,0.475000
1.912000,0.472508,0.475000
1.914000,0.472398,0.475000
1.916000,0.472243,0.475000
1.918000,0.472243,0.475000
1.920000,0.472148,0.475000
1.922000,0.471968,0.475000
1.924000,0.471880,0.475000
1.926000,0.471790,0.475000
1.928000,0.471699,0.475000
1.930000,0.471605,0.475000
1.932000,0.471605,0.475000
1.934000,0.466969,0.475000
1.936000,0.468348,0.475000
1.938000,0.469488,0.475000
1.940000,0.470359,0.475000
1.942000,0.470359,0.475000
1.944000,0.471626,0.475000
1.946000,0.472082,0.475000
1.948000,0.472455,0.475000
1.950000,0.472763,0.475000
1.952000,0.473013,0.475000
1.954000,0.473013,0.475000
1.956000,0.473361,0.475000
1.958000,0.473472,0.475000
1.960000,0.473546,0.475000
1.962000,0.473588,0.475000
1.964000,0.473632,0.475000
1.966000,0.473596,0.475000
1.968000,0.473570,0.475000
1.970000,0.473529,0.475000
1.972000,0.473476,0.475000
1.974000,0.473414,0.475000
1.976000,0.473447,0.475000
1.978000,0.473269,0.475000
1.980000,0.473189,0.475000
1.982000,0.473106,0.475000
1.984000,0.473022,0.475000
1.986000,0.472939,0.475000
1.988000,0.472857,0.475000
1.990000,0.472777,0.475000
1.992000,0.472700,0.475000
1.994000,0.472628,0.475000
1.996000,0.472559,0.475000
1.998000,0.472497,0.475000
2.000000,0.472441,0.475000
2.002000,0.472460,0.475000
2.004000,0.472355,0.475000
2.006000,0.472326,0.475000
2.008000,0.472308,0.475000
2.010000,0.472301,0.475000
2.012000,0.472307,0.475000
2.014000,0.472307,0.475000
2.016000,0.472358,0.475000
2.018000,0.472403,0.475000
2.020000,0.472463,0.475000
2.022000,0.472538,0.475000
2.024000,0.472638,0.475000
2.026000,0.472739,0.475000
2.028000,0.472866,0.475000
2.030000,0.473012,0.475000
2.032000,0.473177,0.475000
2.034000,0.473361,0.475000
2.036000,0.473554,0.475000
2.038000,0.473787,0.475000
2.040000,0.474030,0.475000
2.042000,0.474291,0.475000
2.044000,0.474571,0.475000
2.046000,0.474867,0.475000
2.048000,0.475167,0.475000
2.050000,0.475514,0.475000
2.052000,0.475864,0.475000
2.054000,0.476231,0.475000
2.056000,0.476613,0.475000
2.058000,0.477010,0.475000
2.060000,0.477415,0.475000
2.062000,0.477841,0.475000
2.064000,0.478672,0.475000
2.066000,0.478719,0.475000
2.068000,0.479169,0.475000
2.070000,0.479625,0.475000
2.072000,0.480085,0.475000
2.074000,0.480546,0.475000
2.076000,0.481012,0.475000
2.078000,0.481476,0.475000
2.080000,0.481939,0.475000
2.082000,0.482397,0.475000
2.084000,0.482891,0.475000
2.086000,0.483292,0.475000
2.088000,0.483726,0.475000
2.090000,0.484148,0.475000
2.092000,0.484555,0.475000
2.094000,0.484943,0.475000
2.096000,0.485311,0.475000
2.098000,0.485659,0.475000
2.100000,0.485987,0.475000
2.102000,0.486293,0.475000
2.104000,0.486576,0.475000
2.106000,0.486834,0.475000
2.108000,0.487153,0.475000
2.110000,0.487278,0.475000
2.112000,0.487462,0.475000
2.114000,0.487618,0.475000
2.116000,0.487833,0.475000
2.118000,0.488032,0.475000
2.120000,0.488189,0.475000
2.122000,0.487922,0.475000
2.124000,0.487973,0.475000
2.126000,0.485364,0.475000
2.128000,0.487574,0.475000
2.130000,0.488418,0.475000
2.132000,0.488913,0.475000
2.134000,0.489362,0.475000
2.136000,0.489662,0.475000
2.138000,0.489958,0.475000
2.140000,0.490141,0.475000
2.142000,0.490275,0.475000
2.144000,0.490369,0.475000
2.146000,0.490369,0.475000
2.148000,0.490460,0.475000
2.150000,0.490464,0.475000
2.152000,0.490440,0.475000
2.154000,0.490346,0.475000
2.156000,0.490310,0.475000
2.158000,0.490165,0.475000
2.160000,0.490081,0.475000
2.162000,0.489930,0.475000
2.164000,0.489759,0.475000
2.166000,0.489568,0.475000
2.168000,0.489359,0.475000
2.170000,0.489135,0.475000
2.172000,0.488898,0.475000
2.174000,0.488649,0.475000
2.176000,0.488391,0.475000
2.178000,0.488126,0.475000
2.180000,0.487855,0.475000
2.182000,0.487581,0.475000
2.184000,0.487306,0.475000
2.186000,0.487032,0.475000
2.188000,0.486759,0.475000
2.190000,0.486316,0.475000
2.192000,0.486316,0.475000
2.194000,0.485972,0.475000
2.196000,0.485722,0.475000
2.198000,0.485294,0.475000
2.200000,0.485294,0.475000
2.202000,0.484845,0.475000
2.204000,0.484824,0.475000
2.206000,0.484824,0.475000
2.208000,0.484266,0.475000
2.210000,0.484274,0.475000
2.212000,0.484274,0.475000
2.214000,0.483944,0.475000
2.216000,0.483677,0.475000
2.218000,0.483677,0.475000
2.220000,0.483559,0.475000
2.222000,0.483362,0.475000
2.224000,0.483415,0.475000
2.226000,0.483207,0.475000
2.228000,0.483262,0.475000
2.230000,0.483199,0.475000
2.232000,0.483036,0.475000
2.234000,0.483098,0.475000
2.236000,0.483059,0.475000
2.238000,0.483026,0.475000
2.240000,0.482997,0.475000
2.242000,0.482971,0.475000
2.244000,0.482881,0.475000
2.246000,0.482925,0.475000
2.248000,0.482848,0.475000
2.250000,0.482881,0.475000
2.252000,0.482857,0.475000
2.254000,0.482857,0.475000
2.256000,0.482798,0.475000
2.258000,0.482722,0.475000
2.260000,0.482726,0.475000
2.262000,0.482643,0.475000
2.264000,0.482638,0.475000
2.266000,0.482587,0.475000
2.268000,0.482489,0.475000
2.270000,0.482427,0.475000
2.272000,0.482404,0.475000
2.274000,0.482287,0.475000
2.276000,0.482255,0.475000
2.278000,0.482255,0.475000
2.280000,0.482085,0.475000
2.282000,0.481993,0.475000
2.284000,0.481897,0.475000
2.286000,0.481798,0.475000
2.288000,0.481631,0.475000
2.290000,0.481591,0.475000
2.292000,0.481485,0.475000
2.294000,0.481378,0.475000
2.296000,0.481270,0.475000
2.298000,0.481161,0.475000
2.300000,0.481052,0.475000
2.302000,0.480869,0.475000
2.304000,0.480837,0.475000
2.306000,0.480731,0.475000
2.308000,0.480547,0.475000
2.310000,0.480526,0.475000
2.312000,0.480428,0.475000
2.314000,0.480253,0.475000
2.316000,0.480245,0.475000
2.318000,0.480159,0.475000
2.320000,0.476783,0.475000
2.322000,0.477927,0.475000
2.324000,0.478857,0.475000
2.326000,0.479603,0.475000
2.328000,0.480192,0.475000
2.330000,0.480679,0.475000
2.332000,0.481096,0.475000
2.332000,0.481096,0.475000
2.336000,0.481456,0.475000
2.338000,0.482081,0.475000
2.340000,0.482344,0.475000
2.342000,0.482613,0.475000
2.344000,0.482850,0.475000
2.346000,0.483025,0.475000
2.348000,0.483199,0.475000
2.350000,0.483406,0.475000
2.352000,0.483494,0.475000
2.354000,0.483690,0.475000
2.356000,0.483815,0.475000
2.358000,0.483845,0.475000
2.360000,0.483943,0.475000
2.362000,0.484033,0.475000
2.364000,0.484112,0.475000
2.366000,0.484182,0.475000
2.368000,0.484242,0.475000
2.370000,0.484290,0.475000
2.372000,0.484463,0.475000
2.374000,0.484464,0.475000
2.376000,0.484477,0.475000
2.378000,0.484475,0.475000
2.380000,0.484346,0.475000
2.382000,0.484451,0.475000
2.384000,0.484312,0.475000
2.386000,0.484181,0.475000
2.388000,0.484083,0.475000
2.390000,0.483966,0.475000
2.392000,0.483826,0.475000
2.394000,0.483663,0.475000
2.396000,0.483477,0.475000
2.398000,0.483269,0.475000
2.400000,0.483074,0.475000
2.402000,0.482811,0.475000
2.404000,0.482525,0.475000
2.406000,0.482219,0.475000
2.408000,0.482003,0.475000
2.410000,0.481587,0.475000
2.412000,0.481253,0.475000
2.414000,0.480910,0.475000
2.416000,0.480563,0.475000
2.418000,0.480167,0.475000
2.420000,0.479863,0.475000
2.422000,0.479518,0.475000
2.424000,0.479115,0.475000
2.426000,0.478840,0.475000
2.428000,0.478524,0.475000
2.430000,0.478230,0.475000
2.432000,0.477963,0.475000
2.434000,0.477728,0.475000
2.436000,0.477527,0.475000
2.438000,0.477366,0.475000
2.440000,0.477250,0.475000
2.442000,0.477181,0.475000
2.444000,0.477163,0.475000
2.446000,0.477201,0.475000
2.448000,0.477290,0.475000
2.450000,0.477514,0.475000
2.452000,0.477720,0.475000
2.454000,0.477974,0.475000
2.456000,0.478280,0.475000
2.458000,0.478635,0.475000
2.460000,0.478891,0.475000
2.462000,0.479337,0.475000
2.464000,0.479839,0.475000
2.466000,0.479839,0.475000
2.468000,0.480313,0.475000
2.470000,0.481636,0.475000
2.470000,0.481722,0.475000
2.474000,0.483306,0.475000
2.476000,0.484515,0.475000
2.478000,0.485506,0.475000
2.480000,0.486578,0.475000
2.482000,0.487726,0.475000
2.484000,0.488951,0.475000
2.486000,0.490228,0.475000
2.488000,0.491586,0.475000
2.490000,0.493002,0.475000
2.492000,0.494455,0.475000
2.494000,0.495470,0.475000
2.496000,0.496994,0.475000
2.498000,0.499183,0.475000
2.500000,0.500765,0.475000
2.502000,0.496826,0.475000
2.504000,0.498396,0.475000
2.506000,0.496329,0.475000
2.508000,0.488300,0.475000
2.510000,0.474031,0.475000
2.512000,0.454441,0.475000
2.514000,0.455383,0.475000
2.516000,0.404188,0.475000
2.518000,0.373622,0.475000
2.520000,0.339771,0.475000
2.522000,0.307679,0.475000
2.524000,0.284674,0.475000
2.526000,0.275315,0.475000
2.528000,0.279973,0.475000
2.530000,0.294048,0.475000
2.532000,0.316010,0.475000
2.534000,0.337707,0.475000
2.536000,0.354843,0.475000
2.538000,0.366680,0.475000
2.538000,0.366680,0.475000
2.542000,0.374824,0.475000
2.544000,0.381878,0.475000
2.546000,0.384130,0.475000
2.548000,0.391389,0.475000
2.550000,0.397705,0.475000
2.552000,0.406012,0.475000
2.554000,0.414428,0.475000
2.556000,0.421556,0.475000
2.558000,0.426102,0.475000
2.560000,0.430195,0.475000
2.562000,0.433611,0.475000
2.564000,0.434974,0.475000
2.566000,0.436215,0.475000
2.568000,0.437697,0.475000
2.570000,0.439293,0.475000
2.572000,0.440769,0.475000
2.574000,0.442087,0.475000
2.576000,0.443116,0.475000
2.578000,0.441697,0.475000
2.580000,0.444126,0.475000
2.582000,0.444115,0.475000
2.584000,0.444115,0.475000
2.586000,0.445313,0.475000
2.588000,0.442640,0.475000
2.590000,0.441825,0.475000
2.592000,0.440906,0.475000
2.594000,0.440906,0.475000
2.596000,0.438884,0.475000
2.598000,0.437804,0.475000
2.600000,0.436691,0.475000
2.602000,0.435570,0.475000
2.604000,0.434446,0.475000
2.606000,0.433971,0.475000
2.608000,0.432254,0.475000
2.610000,0.429770,0.475000
2.612000,0.430193,0.475000
2.614000,0.427900,0.475000
2.616000,0.428448,0.475000
2.618000,0.428448,0.475000
2.620000,0.427708,0.475000
2.622000,0.427079,0.475000
2.624000,0.426522,0.475000
2.626000,0.425558,0.475000
2.628000,0.425109,0.475000
2.630000,0.424567,0.475000
2.632000,0.423877,0.475000
2.634000,0.423020,0.475000
2.636000,0.422001,0.475000
2.636000,0.422001,0.475000
2.640000,0.419559,0.475000
2.642000,0.419559,0.475000
2.644000,0.416804,0.475000
2.646000,0.415443,0.475000
2.648000,0.414127,0.475000
2.650000,0.412884,0.475000
2.652000,0.411693,0.475000
2.654000,0.409631,0.475000
2.656000,0.409321,0.475000
2.658000,0.408110,0.475000
2.660000,0.406862,0.475000
2.662000,0.405496,0.475000
2.664000,0.403363,0.475000
2.666000,0.402366,0.475000
2.668000,0.400132,0.475000
2.670000,0.398828,0.475000
2.672000,0.396521,0.475000
2.674000,0.394711,0.475000
2.676000,0.392941,0.475000
2.678000,0.391283,0.475000
2.680000,0.389738,0.475000
2.682000,0.388516,0.475000
2.684000,0.387554,0.475000
2.686000,0.386902,0.475000
2.688000,0.386520,0.475000
2.690000,0.386520,0.475000
2.692000,0.385520,0.475000
2.694000,0.385407,0.475000
2.696000,0.385366,0.475000
2.698000,0.386628,0.475000
2.700000,0.386668,0.475000
2.702000,0.384336,0.475000
2.704000,0.383052,0.475000
2.706000,0.380553,0.475000
2.708000,0.378889,0.475000
2.710000,0.376210,0.475000
2.712000,0.373841,0.475000
2.714000,0.373841,0.475000
2.716000,0.370702,0.475000
2.718000,0.368214,0.475000
2.720000,0.370051,0.475000
2.722000,0.371009,0.475000
2.724000,0.370556,0.475000
2.726000,0.373178,0.475000
2.728000,0.379252,0.475000
2.730000,0.376563,0.475000
2.732000,0.388343,0.475000
2.734000,0.388343,0.475000
2.736000,0.387999,0.475000
2.738000,0.395979,0.475000
2.740000,0.406759,0.475000
2.742000,0.407605,0.475000
2.744000,0.406776,0.475000
2.746000,0.404659,0.475000
2.748000,0.401612,0.475000
2.750000,0.397953,0.475000
2.752000,0.393959,0.475000
2.754000,0.389856,0.475000
2.756000,0.387699,0.475000
2.758000,0.381562,0.475000
2.760000,0.377397,0.475000
2.762000,0.373218,0.475000
2.764000,0.373164,0.475000
2.766000,0.364791,0.475000
2.768000,0.360564,0.475000
2.770000,0.356335,0.475000
2.772000,0.352094,0.475000
2.774000,0.347828,0.475000
2.776000,0.350815,0.475000
2.778000,0.339177,0.475000
2.780000,0.342926,0.475000
2.782000,0.338897,0.475000
2.784000,0.338897,0.475000
2.786000,0.321128,0.475000
2.788000,0.326062,0.475000
2.790000,0.321449,0.475000
2.792000,0.316690,0.475000
2.794000,0.311672,0.475000
2.796000,0.311672,0.475000
2.798000,0.296653,0.475000
2.800000,0.305058,0.475000
2.802000,0.292704,0.475000
2.804000,0.288591,0.475000
2.806000,0.283387,0.475000
2.808000,0.283387,0.475000
2.810000,0.270254,0.475000
2.812000,0.262471,0.475000
2.814000,0.257057,0.475000
2.816000,0.263119,0.475000
2.818000,0.246966,0.475000
2.820000,0.246966,0.475000
2.822000,0.227590,0.475000
2.824000,0.202374,0.475000
2.826000,0.172446,0.475000
2.828000,0.139440,0.475000
2.830000,0.109477,0.475000
2.832000,0.083215,0.475000
2.834000,0.083215,0.475000
2.836000,0.039809,0.475000
2.838000,0.017340,0.475000
2.840000,0.007486,0.475000
2.842000,-0.005132,0.475000
2.844000,-0.014251,0.475000
2.846000,-0.014251,0.475000
2.848000,-0.025938,0.475000
2.850000,-0.030101,0.475000
2.852000,-0.033240,0.475000
2.854000,-0.034462,0.475000
2.856000,-0.034033,0.475000
2.858000,-0.032107,0.475000
2.860000,-0.028948,0.475000
2.862000,-0.024448,0.475000
2.864000,-0.017772,0.475000
2.866000,-0.000895,0.475000
2.868000,0.012929,0.475000
2.870000,0.012929,0.475000
2.872000,0.012929,0.475000
2.874000,0.030371,0.475000
2.876000,0.050139,0.475000
2.880000,0.064281,0.475000
2.882000,0.067362,0.475000
2.884000,0.058568,0.475000
2.886000,0.039446,0.475000
2.888000,0.015103,0.475000
2.890000,-0.006957,0.475000
2.892000,-0.023171,0.475000
2.894000,-0.048041,0.475000
2.896000,-0.063876,0.475000
2.898000,-0.077823,0.475000
2.900000,-0.098870,0.475000
2.902000,-0.055342,0.475000
2.904000,-0.101282,0.475000
2.906000,-0.151930,0.475000
2.908000,-0.178942,0.475000
2.910000,-0.178942,0.475000
2.912000,-0.197145,0.475000
2.918000,-0.198633,0.475000
2.922000,-0.190738,0.475000
2.926000,-0.177799,0.475000
2.928000,-0.158074,0.475000
2.930000,-0.128799,0.475000
2.930000,-0.102291,0.475000
2.932000,-0.022440,0.475000
2.934000,-0.016708,0.475000
2.936000,-0.016708,0.475000
2.938000,-0.015272,0.475000
2.940000,-0.015302,0.475000
2.942000,-0.013013,0.475000
2.944000,-0.019621,0.475000
2.946000,-0.019621,0.475000
2.948000,-0.028149,0.475000
2.950000,-0.033224,0.475000
2.952000,-0.033224,0.475000
2.954000,-0.044105,0.475000
2.956000,-0.044105,0.475000
2.958000,-0.050972,0.475000
2.960000,-0.060688,0.475000
2.962000,-0.066167,0.475000
2.964000,-0.071588,0.475000
2.966000,-0.073004,0.475000
2.968000,-0.073004,0.475000
2.970000,-0.087278,0.475000
2.972000,-0.092202,0.475000
2.974000,-0.096940,0.475000
2.976000,-0.096940,0.475000
2.978000,-0.105831,0.475000
2.980000,-0.109895,0.475000
2.982000,-0.113674,0.475000
2.984000,-0.080142,0.475000
2.986000,-0.083413,0.475000
2.988000,-0.088755,0.475000
2.990000,-0.092408,0.475000
2.992000,-0.094872,0.475000
2.994000,-0.097190,0.475000
2.996000,-0.100444,0.475000
2.998000,-0.101500,0.475000
3.000000,-0.100794,0.475000
3.002000,-0.103438,0.475000
3.004000,-0.106120,0.475000
3.006000,-0.147380,0.475000
3.008000,-0.149934,0.475000
3.010000,-0.149934,0.475000
3.012000,-0.139649,0.475000
3.014000,-0.129933,0.475000
3.016000,-0.126834,0.475000
3.018000,-0.124918,0.475000
3.020000,-0.123926,0.475000
3.022000,-0.123668,0.475000
3.024000,-0.123997,0.475000
3.026000,-0.124786,0.475000
3.028000,-0.125937,0.475000
3.030000,-0.127553,0.475000
3.032000,-0.130113,0.475000
3.034000,-0.130799,0.475000
3.036000,-0.132714,0.475000
3.038000,-0.135426,0.475000
3.040000,-0.137376,0.475000
3.042000,-0.139360,0.475000
3.044000,-0.140932,0.475000
3.046000,-0.143019,0.475000
3.048000,-0.145362,0.475000
3.050000,-0.147345,0.475000
3.052000,-0.149193,0.475000
3.054000,-0.151181,0.475000
3.056000,-0.153119,0.475000
3.058000,-0.153119,0.475000
3.060000,-0.156625,0.475000
3.062000,-0.158206,0.475000
3.062000,-0.158206,0.475000
3.062000,-0.158206,0.475000
3.062000,-0.158206,0.475000
3.062000,-0.158206,0.475000
3.062000,-0.158206,0.475000
3.062000,-0.158206,0.475000
3.062000,-0.158206,0.475000
3.062000,-0.158206,0.475000
3.062000,-0.158206,0.475000
3.062000,-0.158206,0.475000
3.062000,-0.158206,0.475000
3.062000,-0.158206,0.475000
3.062000,-0.158206,0.475000
3.062000,-0.158206,0.475000
3.062000,-0.158206,0.475000
3.062000,-0.158206,0.475000
3.062000,-0.158206,0.475000
3.062000,-0.158206,0.475000
3.062000,-0.158206,0.475000
3.062000,-0.158206,0.475000
3.062000,-0.158206,0.475000
3.062000,-0.158206,0.475000
3.062000,-0.158206,0.475000
3.062000,-0.158206,0.475000
3.062000,-0.158206,0.475000
3.062000,-0.158206,0.475000
3.062000,-0.158206,0.475000
3.062000,-0.158206,0.475000
3.062000,-0.158206,0.475000
3.062000,-0.158206,0.475000
3.062000,-0.158206,0.475000
3.062000,-0.158206,0.475000
3.062000,-0.158206,0.475000
3.062000,-0.158206,0.475000
3.062000,-0.158206,0.475000
3.062000,-0.158206,0.475000
3.062000,-0.158206,0.475000
3.062000,-0.158206,0.475000
3.062000,-0.158206,0.475000
3.062000,-0.158206,0.475000
3.062000,-0.158206,0.475000
3.062000,-0.158206,0.475000
3.062000,-0.158206,0.475000
3.062000,-0.158206,0.475000
3.062000,-0.158206,0.475000
3.062000,-0.158206,0.475000
3.062000,-0.158206,0.475000
3.062000,-0.158206,0.475000
3.062000,-0.158206,0.475000
3.062000,-0.158206,0.475000
3.062000,-0.158206,0.475000
3.062000,-0.158206,0.475000
3.062000,-0.158206,0.475000
3.062000,-0.158206,0.475000
3.062000,-0.158206,0.475000
3.062000,-0.158206,0.475000
3.062000,-0.158206,0.475000
3.062000,-0.158206,0.475000
3.062000,-0.158206,0.475000
3.062000,-0.158206,0.475000
3.062000,-0.158206,0.475000
3.062000,-0.158206,0.475000
3.062000,-0.158206,0.475000
3.062000,-0.158206,0.475000
3.062000,-0.158206,0.475000
3.062000,-0.158206,0.475000
3.062000,-0.158206,0.475000
3.062000,-0.158206,0.475000
3.062000,-0.158206,0.475000
3.062000,-0.158206,0.475000
3.062000,-0.158206,0.475000
3.062000,-0.158206,0.475000
3.062000,-0.158206,0.475000
3.062000,-0.158206,0.475000
3.062000,-0.158206,0.475000
3.062000,-0.158206,0.475000
3.062000,-0.158206,0.475000
3.062000,-0.158206,0.475000
3.062000,-0.158206,0.475000
3.062000,-0.158206,0.475000
3.062000,-0.158206,0.475000
3.062000,-0.158206,0.475000
3.062000,-0.158206,0.475000
3.062000,-0.158206,0.475000
3.062000,-0.158206,0.475000
3.062000,-0.158206,0.475000
3.062000,-0.158206,0.475000
3.062000,-0.158206,0.475000
3.062000,-0.158206,0.475000
3.062000,-0.158206,0.475000
3.062000,-0.158206,0.475000
3.062000,-0.158206,0.475000
3.062000,-0.158206,0.475000
3.062000,-0.158206,0.475000
3.062000,-0.158206,0.475000
3.062000,-0.158206,0.475000
3.062000,-0.158206,0.475000
3.062000,-0.158206,0.475000
3.062000,-0.158206,0.475000
3.062000,-0.158206,0.475000
3.062000,-0.158206,0.475000
3.062000,-0.158206,0.475000
3.062000,-0.158206,0.475000
3.062000,-0.158206,0.475000
3.062000,-0.158206,0.475000
3.062000,-0.158206,0.475000
3.062000,-0.158206,0.475000
3.062000,-0.158206,0.475000
3.062000,-0.158206,0.475000
3.062000,-0.158206,0.475000
3.062000,-0.158206,0.475000
3.062000,-0.158206,0.475000
3.062000,-0.158206,0.475000
3.062000,-0.158206,0.475000
3.062000,-0.158206,0.475000
3.062000,-0.158206,0.475000
3.062000,-0.158206,0.475000
3.062000,-0.158206,0.475000
3.062000,-0.158206,0.475000
3.062000,-0.158206,0.475000
3.062000,-0.158206,0.475000
3.062000,-0.158206,0.475000
3.062000,-0.158206,0.475000
3.062000,-0.158206,0.475000
3.062000,-0.158206,0.475000
3.062000,-0.158206,0.475000
3.062000,-0.158206,0.475000
3.062000,-0.158206,0.475000
3.062000,-0.158206,0.475000
3.062000,-0.158206,0.475000
3.062000,-0.158206,0.475000
3.062000,-0.158206,0.475000
3.062000,-0.158206,0.475000
3.062000,-0.158206,0.475000
3.062000,-0.158206,0.475000
3.062000,-0.158206,0.475000
3.062000,-0.158206,0.475000
3.062000,-0.158206,0.475000
3.062000,-0.158206,0.475000
3.062000,-0.158206,0.475000
3.062000,-0.158206,0.475000
3.062000,-0.158206,0.475000
3.062000,-0.158206,0.475000
3.062000,-0.158206,0.475000
3.062000,-0.158206,0.475000
3.062000,-0.158206,0.475000
3.062000,-0.158206,0.475000
3.062000,-0.158206,0.475000
3.062000,-0.158206,0.475000
3.062000,-0.158206,0.475000
3.062000,-0.158206,0.475000
3.062000,-0.158206,0.475000
3.062000,-0.158206,0.475000
3.062000,-0.158206,0.475000
3.062000,-0.158206,0.475000
3.062000,-0.158206,0.475000
3.062000,-0.158206,0.475000
3.062000,-0.158206,0.475000
3.062000,-0.158206,0.475000
3.062000,-0.158206,0.475000
3.062000,-0.158206,0.475000
3.062000,-0.158206,0.475000
3.062000,-0.158206,0.475000
3.062000,-0.158206,0.475000
3.062000,-0.158206,0.475000
3.062000,-0.158206,0.475000
3.062000,-0.158206,0.475000
3.062000,-0.158206,0.475000
3.062000,-0.158206,0.475000
3.062000,-0.158206,0.475000
3.062000,-0.158206,0.475000
3.062000,-0.158206,0.475000
3.062000,-0.158206,0.475000
3.062000,-0.158206,0.475000
3.062000,-0.158206,0.475000
3.062000,-0.158206,0.475000
3.062000,-0.158206,0.475000
3.062000,-0.158206,0.475000
3.062000,-0.158206,0.475000
3.062000,-0.158206,0.475000
3.062000,-0.158206,0.475000
3.062000,-0.158206,0.475000
3.062000,-0.158206,0.475000
3.062000,-0.158206,0.475000
3.062000,-0.158206,0.475000
3.062000,-0.158206,0.475000
3.062000,-0.158206,0.475000
3.062000,-0.158206,0.475000
3.062000,-0.158206,0.475000
3.062000,-0.158206,0.475000
3.062000,-0.158206,0.475000
3.062000,-0.158206,0.475000
3.062000,-0.158206,0.475000
3.062000,-0.158206,0.475000
3.062000,-0.158206,0.475000
3.062000,-0.158206,0.475000
3.062000,-0.158206,0.475000
3.062000,-0.158206,0.475000
3.062000,-0.158206,0.475000
3.062000,-0.158206,0.475000
3.062000,-0.158206,0.475000
3.062000,-0.158206,0.475000
3.062000,-0.158206,0.475000
3.062000,-0.158206,0.475000
3.062000,-0.158206,0.475000
3.062000,-0.158206,0.475000
3.062000,-0.158206,0.475000
3.062000,-0.158206,0.475000
3.062000,-0.158206,0.475000
3.062000,-0.158206,0.475000
3.062000,-0.158206,0.475000
3.062000,-0.158206,0.475000
3.062000,-0.158206,0.475000
3.062000,-0.158206,0.475000
3.062000,-0.158206,0.475000
3.062000,-0.158206,0.475000
3.062000,-0.158206,0.475000
3.062000,-0.158206,0.475000
3.062000,-0.158206,0.475000
3.062000,-0.158206,0.475000
3.062000,-0.158206,0.475000
3.062000,-0.158206,0.475000
3.062000,-0.158206,0.475000
3.062000,-0.158206,0.475000
3.062000,-0.158206,0.475000
3.062000,-0.158206,0.475000
3.062000,-0.158206,0.475000
3.062000,-0.158206,0.475000
3.062000,-0.158206,0.475000
3.062000,-0.158206,0.475000
3.062000,-0.158206,0.475000
3.062000,-0.158206,0.475000
3.062000,-0.158206,0.475000
3.062000,-0.158206,0.475000
3.062000,-0.158206,0.475000
3.062000,-0.158206,0.475000
3.062000,-0.158206,0.475000
3.062000,-0.158206,0.475000
3.062000,-0.158206,0.475000
3.062000,-0.158206,0.475000
3.062000,-0.158206,0.475000
3.062000,-0.158206,0.475000
3.062000,-0.158206,0.475000
3.062000,-0.158206,0.475000
3.062000,-0.158206,0.475000
3.062000,-0.158206,0.475000
3.062000,-0.158206,0.475000
3.062000,-0.158206,0.475000
3.062000,-0.158206,0.475000
3.062000,-0.158206,0.475000
3.062000,-0.158206,0.475000
3.062000,-0.158206,0.475000
3.062000,-0.158206,0.475000
3.062000,-0.158206,0.475000
3.062000,-0.158206,0.475000
3.062000,-0.158206,0.475000
3.062000,-0.158206,0.475000
3.062000,-0.158206,0.475000
3.062000,-0.158206,0.475000
3.062000,-0.158206,0.475000
3.062000,-0.158206,0.475000
3.062000,-0.158206,0.475000
3.062000,-0.158206,0.475000
3.062000,-0.158206,0.475000
3.062000,-0.158206,0.475000
3.062000,-0.158206,0.475000
3.062000,-0.158206,0.475000
3.062000,-0.158206,0.475000
3.062000,-0.158206,0.475000
3.062000,-0.158206,0.475000
3.062000,-0.158206,0.475000
3.062000,-0.158206,0.475000
3.062000,-0.158206,0.475000
3.062000,-0.158206,0.475000
3.062000,-0.158206,0.475000
3.062000,-0.158206,0.475000
3.062000,-0.158206,0.475000
3.062000,-0.158206,0.475000
3.062000,-0.158206,0.475000
3.062000,-0.158206,0.475000
3.062000,-0.158206,0.475000
3.062000,-0.158206,0.475000
3.062000,-0.158206,0.475000
3.062000,-0.158206,0.475000
3.062000,-0.158206,0.475000
3.062000,-0.158206,0.475000
3.062000,-0.158206,0.475000
3.062000,-0.158206,0.475000
3.062000,-0.158206,0.475000
3.062000,-0.158206,0.475000
3.062000,-0.158206,0.475000
3.062000,-0.158206,0.475000
3.062000,-0.158206,0.475000
3.062000,-0.158206,0.475000
3.062000,-0.158206,0.475000
3.062000,-0.158206,0.475000
3.062000,-0.158206,0.475000
3.062000,-0.158206,0.475000
3.062000,-0.158206,0.475000
3.062000,-0.158206,0.475000
3.062000,-0.158206,0.475000
3.062000,-0.158206,0.475000
3.062000,-0.158206,0.475000
3.062000,-0.158206,0.475000
3.062000,-0.158206,0.475000
3.062000,-0.158206,0.475000
3.062000,-0.158206,0.475000
3.062000,-0.158206,0.475000
3.062000,-0.158206,0.475000
3.062000,-0.158206,0.475000
3.062000,-0.158206,0.475000
3.062000,-0.158206,0.475000
3.062000,-0.158206,0.475000
3.062000,-0.158206,0.475000
3.062000,-0.158206,0.475000
3.062000,-0.158206,0.475000
3.062000,-0.158206,0.475000
3.062000,-0.158206,0.475000
3.062000,-0.158206,0.475000
3.062000,-0.158206,0.475000
3.062000,-0.158206,0.475000
3.062000,-0.158206,0.475000
3.062000,-0.158206,0.475000
3.062000,-0.158206,0.475000
3.062000,-0.158206,0.475000
3.062000,-0.158206,0.475000
3.062000,-0.158206,0.475000
3.062000,-0.158206,0.475000
3.062000,-0.158206,0.475000
3.062000,-0.158206,0.475000
3.062000,-0.158206,0.475000
3.062000,-0.158206,0.475000
3.062000,-0.158206,0.475000
3.062000,-0.158206,0.475000
3.062000,-0.158206,0.475000
3.062000,-0.158206,0.475000
3.062000,-0.158206,0.475000
3.062000,-0.158206,0.475000
3.062000,-0.158206,0.475000
3.062000,-0.158206,0.475000
3.062000,-0.158206,0.475000
3.062000,-0.158206,0.475000
3.062000,-0.158206,0.475000
3.062000,-0.158206,0.475000
3.062000,-0.158206,0.475000
3.062000,-0.158206,0.475000
3.062000,-0.158206,0.475000
3.062000,-0.158206,0.475000
3.062000,-0.158206,0.475000
3.062000,-0.158206,0.475000
3.062000,-0.158206,0.475000
3.062000,-0.158206,0.475000
3.062000,-0.158206,0.475000
3.062000,-0.158206,0.475000
3.062000,-0.158206,0.475000
3.062000,-0.158206,0.475000
3.062000,-0.158206,0.475000
3.062000,-0.158206,0.475000
3.062000,-0.158206,0.475000
3.062000,-0.158206,0.475000
3.062000,-0.158206,0.475000
3.062000,-0.158206,0.475000
3.062000,-0.158206,0.475000
3.062000,-0.158206,0.475000
3.062000,-0.158206,0.475000
3.062000,-0.158206,0.475000
3.062000,-0.158206,0.475000
3.062000,-0.158206,0.475000
3.062000,-0.158206,0.475000
3.062000,-0.158206,0.475000
3.062000,-0.158206,0.475000
3.062000,-0.158206,0.475000
3.062000,-0.158206,0.475000
3.062000,-0.158206,0.475000
3.062000,-0.158206,0.475000
3.062000,-0.158206,0.475000
3.062000,-0.158206,0.475000
3.062000,-0.158206,0.475000
3.062000,-0.158206,0.475000
3.062000,-0.158206,0.475000
3.062000,-0.158206,0.475000
3.062000,-0.158206,0.475000
3.062000,-0.158206,0.475000
3.062000,-0.158206,0.475000
3.062000,-0.158206,0.475000
3.062000,-0.158206,0.475000
3.062000,-0.158206,0.475000
3.062000,-0.158206,0.475000
3.062000,-0.158206,0.475000
3.062000,-0.158206,0.475000
3.062000,-0.158206,0.475000
3.062000,-0.158206,0.475000
3.062000,-0.158206,0.475000
3.062000,-0.158206,0.475000
3.062000,-0.158206,0.475000
3.062000,-0.158206,0.475000
3.062000,-0.158206,0.475000
3.062000,-0.158206,0.475000
3.062000,-0.158206,0.475000
3.062000,-0.158206,0.475000
3.062000,-0.158206,0.475000
3.062000,-0.158206,0.475000
3.062000,-0.158206,0.475000
3.062000,-0.158206,0.475000
3.062000,-0.158206,0.475000
3.062000,-0.158206,0.475000
3.062000,-0.158206,0.475000
3.062000,-0.158206,0.475000
3.062000,-0.158206,0.475000
3.062000,-0.158206,0.475000
3.062000,-0.158206,0.475000
3.062000,-0.158206,0.475000
3.062000,-0.158206,0.475000
3.062000,-0.158206,0.475000
3.062000,-0.158206,0.475000
3.062000,-0.158206,0.475000
3.062000,-0.158206,0.475000
3.062000,-0.158206,0.475000
3.062000,-0.158206,0.475000
3.062000,-0.158206,0.475000
3.062000,-0.158206,0.475000
3.062000,-0.158206,0.475000
3.062000,-0.158206,0.475000
3.062000,-0.158206,0.475000
3.062000,-0.158206,0.475000
3.062000,-0.158206,0.475000
3.062000,-0.158206,0.475000
3.062000,-0.158206,0.475000
3.062000,-0.158206,0.475000
3.062000,-0.158206,0.475000
3.062000,-0.158206,0.475000
3.062000,-0.158206,0.475000
3.062000,-0.158206,0.475000
3.062000,-0.158206,0.475000
3.062000,-0.158206,0.475000
3.062000,-0.158206,0.475000
3.062000,-0.158206,0.475000
3.062000,-0.158206,0.475000
3.062000,-0.158206,0.475000
3.062000,-0.158206,0.475000
3.062000,-0.158206,0.475000
3.062000,-0.158206,0.475000
3.062000,-0.158206,0.475000
3.062000,-0.158206,0.475000
3.062000,-0.158206,0.475000
3.062000,-0.158206,0.475000
3.062000,-0.158206,0.475000
3.062000,-0.158206,0.475000
3.062000,-0.158206,0.475000
3.062000,-0.158206,0.475000
3.062000,-0.158206,0.475000
3.062000,-0.158206,0.475000
3.062000,-0.158206,0.475000
3.062000,-0.158206,0.475000
3.062000,-0.158206,0.475000
3.062000,-0.158206,0.475000
3.062000,-0.158206,0.475000
3.062000,-0.158206,0.475000
3.062000,-0.158206,0.475000
3.062000,-0.158206,0.475000
3.062000,-0.158206,0.475000
3.062000,-0.158206,0.475000
3.062000,-0.158206,0.475000
3.062000,-0.158206,0.475000
3.062000,-0.158206,0.475000
3.062000,-0.158206,0.475000
3.062000,-0.158206,0.475000
3.062000,-0.158206,0.475000
3.062000,-0.158206,0.475000
3.062000,-0.158206,0.475000
3.062000,-0.158206,0.475000
3.062000,-0.158206,0.475000
3.062000,-0.158206,0.475000
3.062000,-0.158206,0.475000
3.062000,-0.158206,0.475000
3.062000,-0.158206,0.475000
3.062000,-0.158206,0.475000
3.062000,-0.158206,0.475000
3.062000,-0.158206,0.475000
3.062000,-0.158206,0.475000
3.062000,-0.158206,0.475000
3.062000,-0.158206,0.475000
3.062000,-0.158206,0.475000
3.062000,-0.158206,0.475000
3.062000,-0.158206,0.475000
3.062000,-0.158206,0.475000
3.062000,-0.158206,0.475000
3.062000,-0.158206,0.475000
3.062000,-0.158206,0.475000
3.062000,-0.158206,0.475000
3.062000,-0.158206,0.475000
3.062000,-0.158206,0.475000
3.062000,-0.158206,0.475000
3.062000,-0.158206,0.475000
3.062000,-0.158206,0.475000
3.062000,-0.158206,0.475000
3.062000,-0.158206,0.475000
3.062000,-0.158206,0.475000
3.062000,-0.158206,0.475000
3.062000,-0.158206,0.475000
3.062000,-0.158206,0.475000
3.062000,-0.158206,0.475000
3.062000,-0.158206,0.475000
3.062000,-0.158206,0.475000
3.062000,-0.158206,0.475000
3.062000,-0.158206,0.475000
3.062000,-0.158206,0.475000
3.062000,-0.158206,0.475000
3.062000,-0.158206,0.475000
3.062000,-0.158206,0.475000
3.062000,-0.158206,0.475000
3.062000,-0.158206,0.475000
3.062000,-0.158206,0.475000
3.062000,-0.158206,0.475000
3.062000,-0.158206,0.475000
3.062000,-0.158206,0.475000
3.062000,-0.158206,0.475000
3.062000,-0.158206,0.475000
3.062000,-0.158206,0.475000
3.062000,-0.158206,0.475000
3.062000,-0.158206,0.475000
3.062000,-0.158206,0.475000
3.062000,-0.158206,0.475000
3.062000,-0.158206,0.475000
3.062000,-0.158206,0.475000
3.062000,-0.158206,0.475000
3.062000,-0.158206,0.475000
3.062000,-0.158206,0.475000
3.062000,-0.158206,0.475000
3.062000,-0.158206,0.475000
3.062000,-0.158206,0.475000
3.062000,-0.158206,0.475000
3.062000,-0.158206,0.475000
3.062000,-0.158206,0.475000
3.062000,-0.158206,0.475000
3.062000,-0.158206,0.475000
3.062000,-0.158206,0.475000
3.062000,-0.158206,0.475000
3.062000,-0.158206,0.475000
3.062000,-0.158206,0.475000
3.062000,-0.158206,0.475000
3.062000,-0.158206,0.475000
3.062000,-0.158206,0.475000
3.062000,-0.158206,0.475000
3.062000,-0.158206,0.475000
3.062000,-0.158206,0.475000
3.062000,-0.158206,0.475000
3.062000,-0.158206,0.475000
3.062000,-0.158206,0.475000
3.062000,-0.158206,0.475000
3.062000,-0.158206,0.475000
3.062000,-0.158206,0.475000
3.062000,-0.158206,0.475000
3.062000,-0.158206,0.475000
3.062000,-0.158206,0.475000
3.062000,-0.158206,0.475000
3.062000,-0.158206,0.475000
3.062000,-0.158206,0.475000
3.062000,-0.158206,0.475000
3.062000,-0.158206,0.475000
3.062000,-0.158206,0.475000
3.062000,-0.158206,0.475000
3.062000,-0.158206,0.475000
3.062000,-0.158206,0.475000
3.062000,-0.158206,0.475000
3.062000,-0.158206,0.475000
3.062000,-0.158206,0.475000
3.062000,-0.158206,0.475000
3.062000,-0.158206,0.475000
3.062000,-0.158206,0.475000
3.062000,-0.158206,0.475000
3.062000,-0.158206,0.475000
3.062000,-0.158206,0.475000
3.062000,-0.158206,0.475000
3.062000,-0.158206,0.475000
3.062000,-0.158206,0.475000
3.062000,-0.158206,0.475000
3.062000,-0.158206,0.475000
3.062000,-0.158206,0.475000
3.062000,-0.158206,0.475000
3.062000,-0.158206,0.475000
3.062000,-0.158206,0.475000
3.062000,-0.158206,0.475000
3.062000,-0.158206,0.475000
3.062000,-0.158206,0.475000
3.062000,-0.158206,0.475000
3.062000,-0.158206,0.475000
3.062000,-0.158206,0.475000
3.062000,-0.158206,0.475000
3.062000,-0.158206,0.475000
3.062000,-0.158206,0.475000
3.062000,-0.158206,0.475000
3.062000,-0.158206,0.475000
3.062000,-0.158206,0.475000
3.062000,-0.158206,0.475000
3.062000,-0.158206,0.475000
3.062000,-0.158206,0.475000
3.062000,-0.158206,0.475000
3.062000,-0.158206,0.475000
3.062000,-0.158206,0.475000
3.062000,-0.158206,0.475000
3.062000,-0.158206,0.475000
3.062000,-0.158206,0.475000
3.062000,-0.158206,0.475000
3.062000,-0.158206,0.475000
3.062000,-0.158206,0.475000
3.062000,-0.158206,0.475000
3.062000,-0.158206,0.475000
3.062000,-0.158206,0.475000
3.062000,-0.158206,0.475000
3.062000,-0.158206,0.475000
3.062000,-0.158206,0.475000
3.062000,-0.158206,0.475000
3.062000,-0.158206,0.475000
3.062000,-0.158206,0.475000
3.062000,-0.158206,0.475000
3.062000,-0.158206,0.475000
3.062000,-0.158206,0.475000
3.062000,-0.158206,0.475000
3.062000,-0.158206,0.475000
3.062000,-0.158206,0.475000
3.062000,-0.158206,0.475000
3.062000,-0.158206,0.475000
3.062000,-0.158206,0.475000
3.062000,-0.158206,0.475000
3.062000,-0.158206,0.475000
3.062000,-0.158206,0.475000
3.062000,-0.158206,0.475000
3.062000,-0.158206,0.475000
3.062000,-0.158206,0.475000
3.062000,-0.158206,0.475000
3.062000,-0.158206,0.475000
3.062000,-0.158206,0.475000
3.062000,-0.158206,0.475000
3.062000,-0.158206,0.475000
3.062000,-0.158206,0.475000
3.062000,-0.158206,0.475000
3.062000,-0.158206,0.475000
3.062000,-0.158206,0.475000
3.062000,-0.158206,0.475000
3.062000,-0.158206,0.475000
3.062000,-0.158206,0.475000
3.062000,-0.158206,0.475000
3.062000,-0.158206,0.475000
3.062000,-0.158206,0.475000
3.062000,-0.158206,0.475000
3.062000,-0.158206,0.475000
3.062000,-0.158206,0.475000
3.062000,-0.158206,0.475000
3.062000,-0.158206,0.475000
3.062000,-0.158206,0.475000
3.062000,-0.158206,0.475000
3.062000,-0.158206,0.475000
3.062000,-0.158206,0.475000
3.062000,-0.158206,0.475000
3.062000,-0.158206,0.475000
3.062000,-0.158206,0.475000
3.062000,-0.158206,0.475000
3.062000,-0.158206,0.475000
3.062000,-0.158206,0.475000
3.062000,-0.158206,0.475000
3.062000,-0.158206,0.475000
3.062000,-0.158206,0.475000
3.062000,-0.158206,0.475000
3.062000,-0.158206,0.475000
3.062000,-0.158206,0.475000
3.062000,-0.158206,0.475000
3.062000,-0.158206,0.475000
3.062000,-0.158206,0.475000
3.062000,-0.158206,0.475000
3.062000,-0.158206,0.475000
3.062000,-0.158206,0.475000
3.062000,-0.158206,0.475000
3.062000,-0.158206,0.475000
3.062000,-0.158206,0.475000
3.062000,-0.158206,0.475000
3.062000,-0.158206,0.475000
3.062000,-0.158206,0.475000
3.062000,-0.158206,0.475000
3.062000,-0.158206,0.475000
3.062000,-0.158206,0.475000
3.062000,-0.158206,0.475000
3.062000,-0.158206,0.475000
3.062000,-0.158206,0.475000
3.062000,-0.158206,0.475000
3.062000,-0.158206,0.475000
3.062000,-0.158206,0.475000
3.062000,-0.158206,0.475000
3.062000,-0.158206,0.475000
3.062000,-0.158206,0.475000
3.062000,-0.158206,0.475000
3.062000,-0.158206,0.475000
3.062000,-0.158206,0.475000
3.062000,-0.158206,0.475000
3.062000,-0.158206,0.475000
3.062000,-0.158206,0.475000
3.062000,-0.158206,0.475000
3.062000,-0.158206,0.475000
3.062000,-0.158206,0.475000
3.062000,-0.158206,0.475000
3.062000,-0.158206,0.475000
3.062000,-0.158206,0.475000
3.062000,-0.158206,0.475000
3.062000,-0.158206,0.475000
3.062000,-0.158206,0.475000
3.062000,-0.158206,0.475000
3.062000,-0.158206,0.475000
3.062000,-0.158206,0.475000
3.062000,-0.158206,0.475000
3.062000,-0.158206,0.475000
3.062000,-0.158206,0.475000
3.062000,-0.158206,0.475000
3.062000,-0.158206,0.475000
3.062000,-0.158206,0.475000
3.062000,-0.158206,0.475000
3.062000,-0.158206,0.475000
3.062000,-0.158206,0.475000
3.062000,-0.158206,0.475000
3.062000,-0.158206,0.475000
3.062000,-0.158206,0.475000
3.062000,-0.158206,0.475000
3.062000,-0.158206,0.475000
3.062000,-0.158206,0.475000
3.062000,-0.158206,0.475000
3.062000,-0.158206,0.475000
3.062000,-0.158206,0.475000
3.062000,-0.158206,0.475000
3.062000,-0.158206,0.475000
3.062000,-0.158206,0.475000
3.062000,-0.158206,0.475000
3.062000,-0.158206,0.475000
3.062000,-0.158206,0.475000
3.062000,-0.158206,0.475000
3.062000,-0.158206,0.475000
3.062000,-0.158206,0.475000
3.062000,-0.158206,0.475000
3.062000,-0.158206,0.475000
3.062000,-0.158206,0.475000
3.062000,-0.158206,0.475000
3.062000,-0.158206,0.475000
3.062000,-0.158206,0.475000
3.062000,-0.158206,0.475000
3.062000,-0.158206,0.475000
3.062000,-0.158206,0.475000
3.062000,-0.158206,0.475000
3.062000,-0.158206,0.475000
3.062000,-0.158206,0.475000
3.062000,-0.158206,0.475000
3.062000,-0.158206,0.475000
3.062000,-0.158206,0.475000
3.062000,-0.158206,0.475000
3.062000,-0.158206,0.475000
3.062000,-0.158206,0.475000
3.062000,-0.158206,0.475000
3.062000,-0.158206,0.475000
3.062000,-0.158206,0.475000
3.062000,-0.158206,0.475000
3.062000,-0.158206,0.475000
3.062000,-0.158206,0.475000
3.062000,-0.158206,0.475000
3.062000,-0.158206,0.475000
3.062000,-0.158206,0.475000
3.062000,-0.158206,0.475000
3.062000,-0.158206,0.475000
3.062000,-0.158206,0.475000
3.062000,-0.158206,0.475000
3.062000,-0.158206,0.475000
3.062000,-0.158206,0.475000
3.062000,-0.158206,0.475000
3.062000,-0.158206,0.475000
3.062000,-0.158206,0.475000
3.062000,-0.158206,0.475000
3.062000,-0.158206,0.475000
3.062000,-0.158206,0.475000
3.062000,-0.158206,0.475000
3.062000,-0.158206,0.475000
3.062000,-0.158206,0.475000
3.062000,-0.158206,0.475000
3.062000,-0.158206,0.475000
3.062000,-0.158206,0.475000
3.062000,-0.158206,0.475000
3.062000,-0.158206,0.475000
3.062000,-0.158206,0.475000
3.062000,-0.158206,0.475000
3.062000,-0.158206,0.475000
3.062000,-0.158206,0.475000
3.062000,-0.158206,0.475000
3.062000,-0.158206,0.475000
3.062000,-0.158206,0.475000
3.062000,-0.158206,0.475000
3.062000,-0.158206,0.475000
3.062000,-0.158206,0.475000
3.062000,-0.158206,0.475000
3.062000,-0.158206,0.475000
3.062000,-0.158206,0.475000
3.062000,-0.158206,0.475000
3.062000,-0.158206,0.475000
3.062000,-0.158206,0.475000
3.062000,-0.158206,0.475000
3.062000,-0.158206,0.475000
3.062000,-0.158206,0.475000
3.062000,-0.158206,0.475000
3.062000,-0.158206,0.475000
3.062000,-0.158206,0.475000
3.062000,-0.158206,0.475000
3.062000,-0.158206,0.475000
3.062000,-0.158206,0.475000
3.062000,-0.158206,0.475000
3.062000,-0.158206,0.475000
3.062000,-0.158206,0.475000
3.062000,-0.158206,0.475000
3.062000,-0.158206,0.475000
3.062000,-0.158206,0.475000
3.062000,-0.158206,0.475000
3.062000,-0.158206,0.475000
3.062000,-0.158206,0.475000
3.062000,-0.158206,0.475000
3.062000,-0.158206,0.475000
3.062000,-0.158206,0.475000
3.062000,-0.158206,0.475000
3.062000,-0.158206,0.475000
3.062000,-0.158206,0.475000
3.062000,-0.158206,0.475000
3.062000,-0.158206,0.475000
3.062000,-0.158206,0.475000
3.062000,-0.158206,0.475000
3.062000,-0.158206,0.475000
3.062000,-0.158206,0.475000
3.062000,-0.158206,0.475000
3.062000,-0.158206,0.475000
3.062000,-0.158206,0.475000
3.062000,-0.158206,0.475000
3.062000,-0.158206,0.475000
3.062000,-0.158206,0.475000
3.062000,-0.158206,0.475000
3.062000,-0.158206,0.475000
3.062000,-0.158206,0.475000
3.062000,-0.158206,0.475000
3.062000,-0.158206,0.475000
3.062000,-0.158206,0.475000
3.062000,-0.158206,0.475000
3.062000,-0.158206,0.475000
3.062000,-0.158206,0.475000
3.062000,-0.158206,0.475000
3.062000,-0.158206,0.475000
3.062000,-0.158206,0.475000
3.062000,-0.158206,0.475000
3.062000,-0.158206,0.475000
3.062000,-0.158206,0.475000
3.062000,-0.158206,0.475000
3.062000,-0.158206,0.475000
3.062000,-0.158206,0.475000
3.062000,-0.158206,0.475000
3.062000,-0.158206,0.475000
3.062000,-0.158206,0.475000
3.062000,-0.158206,0.475000
3.062000,-0.158206,0.475000
3.062000,-0.158206,0.475000
3.062000,-0.158206,0.475000
3.062000,-0.158206,0.475000
3.062000,-0.158206,0.475000
3.062000,-0.158206,0.475000
3.062000,-0.158206,0.475000
3.062000,-0.158206,0.475000
3.062000,-0.158206,0.475000
3.062000,-0.158206,0.475000
3.062000,-0.158206,0.475000
3.062000,-0.158206,0.475000
3.062000,-0.158206,0.475000
3.062000,-0.158206,0.475000
3.062000,-0.158206,0.475000
3.062000,-0.158206,0.475000
3.062000,-0.158206,0.475000
3.062000,-0.158206,0.475000
3.062000,-0.158206,0.475000
3.062000,-0.158206,0.475000
3.062000,-0.158206,0.475000
3.062000,-0.158206,0.475000
3.062000,-0.158206,0.475000
3.062000,-0.158206,0.475000
3.062000,-0.158206,0.475000
3.062000,-0.158206,0.475000
3.062000,-0.158206,0.475000
3.062000,-0.158206,0.475000
3.062000,-0.158206,0.475000
3.062000,-0.158206,0.475000
3.062000,-0.158206,0.475000
3.062000,-0.158206,0.475000
3.062000,-0.158206,0.475000
3.062000,-0.158206,0.475000
3.062000,-0.158206,0.475000
3.062000,-0.158206,0.475000
3.062000,-0.158206,0.475000
3.062000,-0.158206,0.475000
3.062000,-0.158206,0.475000
3.062000,-0.158206,0.475000
3.062000,-0.158206,0.475000
3.062000,-0.158206,0.475000
3.062000,-0.158206,0.475000
3.062000,-0.158206,0.475000
3.062000,-0.158206,0.475000
3.062000,-0.158206,0.475000
3.062000,-0.158206,0.475000
3.062000,-0.158206,0.475000
3.062000,-0.158206,0.475000
3.062000,-0.158206,0.475000
3.062000,-0.158206,0.475000
3.062000,-0.158206,0.475000
3.062000,-0.158206,0.475000
3.062000,-0.158206,0.475000
3.062000,-0.158206,0.475000
3.062000,-0.158206,0.475000
3.062000,-0.158206,0.475000
3.062000,-0.158206,0.475000
3.062000,-0.158206,0.475000
3.062000,-0.158206,0.475000
3.062000,-0.158206,0.475000
3.062000,-0.158206,0.475000
3.062000,-0.158206,0.475000
3.062000,-0.158206,0.475000
3.062000,-0.158206,0.475000
3.062000,-0.158206,0.475000
3.062000,-0.158206,0.475000
3.062000,-0.158206,0.475000
3.062000,-0.158206,0.475000
3.062000,-0.158206,0.475000
3.062000,-0.158206,0.475000
3.062000,-0.158206,0.475000
3.062000,-0.158206,0.475000
3.062000,-0.158206,0.475000
3.062000,-0.158206,0.475000
3.062000,-0.158206,0.475000
3.062000,-0.158206,0.475000
3.062000,-0.158206,0.475000
3.062000,-0.158206,0.475000
3.062000,-0.158206,0.475000
3.062000,-0.158206,0.475000
3.062000,-0.158206,0.475000
3.062000,-0.158206,0.475000
3.062000,-0.158206,0.475000
3.062000,-0.158206,0.475000
3.062000,-0.158206,0.475000
3.062000,-0.158206,0.475000
3.062000,-0.158206,0.475000
3.062000,-0.158206,0.475000
3.062000,-0.158206,0.475000
3.062000,-0.158206,0.475000
3.062000,-0.158206,0.475000
3.062000,-0.158206,0.475000
3.062000,-0.158206,0.475000
3.062000,-0.158206,0.475000
3.062000,-0.158206,0.475000
3.062000,-0.158206,0.475000
3.062000,-0.158206,0.475000
3.062000,-0.158206,0.475000
3.062000,-0.158206,0.475000
3.062000,-0.158206,0.475000
3.062000,-0.158206,0.475000
3.062000,-0.158206,0.475000
3.062000,-0.158206,0.475000
3.062000,-0.158206,0.475000
3.062000,-0.158206,0.475000
3.062000,-0.158206,0.475000
3.062000,-0.158206,0.475000
3.062000,-0.158206,0.475000
3.062000,-0.158206,0.475000
3.062000,-0.158206,0.475000
3.062000,-0.158206,0.475000
3.062000,-0.158206,0.475000
3.062000,-0.158206,0.475000
3.062000,-0.158206,0.475000
3.062000,-0.158206,0.475000
3.062000,-0.158206,0.475000
3.062000,-0.158206,0.475000
3.062000,-0.158206,0.475000
3.062000,-0.158206,0.475000
3.062000,-0.158206,0.475000
3.062000,-0.158206,0.475000
3.062000,-0.158206,0.475000
3.062000,-0.158206,0.475000
3.062000,-0.158206,0.475000
3.062000,-0.158206,0.475000
3.062000,-0.158206,0.475000
3.062000,-0.158206,0.475000
3.062000,-0.158206,0.475000
3.062000,-0.158206,0.475000
3.062000,-0.158206,0.475000
3.062000,-0.158206,0.475000
3.062000,-0.158206,0.475000
3.062000,-0.158206,0.475000
3.062000,-0.158206,0.475000
3.062000,-0.158206,0.475000
3.062000,-0.158206,0.475000
3.062000,-0.158206,0.475000
3.062000,-0.158206,0.475000
3.062000,-0.158206,0.475000
3.062000,-0.158206,0.475000
3.062000,-0.158206,0.475000
3.062000,-0.158206,0.475000
3.062000,-0.158206,0.475000
3.062000,-0.158206,0.475000
3.062000,-0.158206,0.475000
3.062000,-0.158206,0.475000
3.062000,-0.158206,0.475000
3.062000,-0.158206,0.475000
3.062000,-0.158206,0.475000
3.062000,-0.158206,0.475000
3.062000,-0.158206,0.475000
3.062000,-0.158206,0.475000
3.062000,-0.158206,0.475000
3.062000,-0.158206,0.475000
3.062000,-0.158206,0.475000
3.062000,-0.158206,0.475000
3.062000,-0.158206,0.475000
3.062000,-0.158206,0.475000
3.062000,-0.158206,0.475000
3.062000,-0.158206,0.475000
3.062000,-0.158206,0.475000
3.062000,-0.158206,0.475000
3.062000,-0.158206,0.475000
3.062000,-0.158206,0.475000
3.062000,-0.158206,0.475000
3.062000,-0.158206,0.475000
3.062000,-0.158206,0.475000
3.062000,-0.158206,0.475000
3.062000,-0.158206,0.475000
3.062000,-0.158206,0.475000
3.062000,-0.158206,0.475000
3.062000,-0.158206,0.475000
3.062000,-0.158206,0.475000
3.062000,-0.158206,0.475000
3.062000,-0.158206,0.475000
3.062000,-0.158206,0.475000
3.062000,-0.158206,0.475000
3.062000,-0.158206,0.475000
3.062000,-0.158206,0.475000
3.062000,-0.158206,0.475000
3.062000,-0.158206,0.475000
3.062000,-0.158206,0.475000
3.062000,-0.158206,0.475000
3.062000,-0.158206,0.475000
3.062000,-0.158206,0.475000
3.062000,-0.158206,0.475000
3.062000,-0.158206,0.475000
3.062000,-0.158206,0.475000
3.062000,-0.158206,0.475000
3.062000,-0.158206,0.475000
3.062000,-0.158206,0.475000
3.062000,-0.158206,0.475000
3.062000,-0.158206,0.475000
3.062000,-0.158206,0.475000
3.062000,-0.158206,0.475000
3.062000,-0.158206,0.475000
3.062000,-0.158206,0.475000
3.062000,-0.158206,0.475000
3.062000,-0.158206,0.475000
3.062000,-0.158206,0.475000
3.062000,-0.158206,0.475000
3.062000,-0.158206,0.475000
3.062000,-0.158206,0.475000
3.062000,-0.158206,0.475000
3.062000,-0.158206,0.475000
3.062000,-0.158206,0.475000
3.062000,-0.158206,0.475000
3.062000,-0.158206,0.475000
3.062000,-0.158206,0.475000
3.062000,-0.158206,0.475000
3.062000,-0.158206,0.475000
3.062000,-0.158206,0.475000
3.062000,-0.158206,0.475000
3.062000,-0.158206,0.475000
3.062000,-0.158206,0.475000
3.062000,-0.158206,0.475000
3.062000,-0.158206,0.475000
3.062000,-0.158206,0.475000
3.062000,-0.158206,0.475000
3.062000,-0.158206,0.475000
3.062000,-0.158206,0.475000
3.062000,-0.158206,0.475000
3.062000,-0.158206,0.475000
3.062000,-0.158206,0.475000
3.062000,-0.158206,0.475000
3.062000,-0.158206,0.475000
3.062000,-0.158206,0.475000
3.062000,-0.158206,0.475000
3.062000,-0.158206,0.475000
3.062000,-0.158206,0.475000
3.062000,-0.158206,0.475000
3.062000,-0.158206,0.475000
3.062000,-0.158206,0.475000
3.062000,-0.158206,0.475000
3.062000,-0.158206,0.475000
3.062000,-0.158206,0.475000
3.062000,-0.158206,0.475000
3.062000,-0.158206,0.475000
3.062000,-0.158206,0.475000
3.062000,-0.158206,0.475000
3.062000,-0.158206,0.475000
3.062000,-0.158206,0.475000
3.062000,-0.158206,0.475000
3.062000,-0.158206,0.475000
3.062000,-0.158206,0.475000
3.062000,-0.158206,0.475000
3.062000,-0.158206,0.475000
3.062000,-0.158206,0.475000
3.062000,-0.158206,0.475000
3.062000,-0.158206,0.475000
3.062000,-0.158206,0.475000
3.062000,-0.158206,0.475000
3.062000,-0.158206,0.475000
3.062000,-0.158206,0.475000
3.062000,-0.158206,0.475000
3.062000,-0.158206,0.475000
3.062000,-0.158206,0.475000
3.062000,-0.158206,0.475000
3.062000,-0.158206,0.475000
3.062000,-0.158206,0.475000
3.062000,-0.158206,0.475000
3.062000,-0.158206,0.475000
3.062000,-0.158206,0.475000
3.062000,-0.158206,0.475000
3.062000,-0.158206,0.475000
3.062000,-0.158206,0.475000
3.062000,-0.158206,0.475000
3.062000,-0.158206,0.475000
3.062000,-0.158206,0.475000
3.062000,-0.158206,0.475000
3.062000,-0.158206,0.475000
3.062000,-0.158206,0.475000
3.062000,-0.158206,0.475000
3.062000,-0.158206,0.475000
3.062000,-0.158206,0.475000
3.062000,-0.158206,0.475000
3.062000,-0.158206,0.475000
3.062000,-0.158206,0.475000
3.062000,-0.158206,0.475000
3.062000,-0.158206,0.475000
3.062000,-0.158206,0.475000
3.062000,-0.158206,0.475000
3.062000,-0.158206,0.475000
3.062000,-0.158206,0.475000
3.062000,-0.158206,0.475000
3.062000,-0.158206,0.475000
3.062000,-0.158206,0.475000
3.062000,-0.158206,0.475000
3.062000,-0.158206,0.475000
3.062000,-0.158206,0.475000
3.062000,-0.158206,0.475000
3.062000,-0.158206,0.475000
3.062000,-0.158206,0.475000
3.062000,-0.158206,0.475000
3.062000,-0.158206,0.475000
3.062000,-0.158206,0.475000
3.062000,-0.158206,0.475000
3.062000,-0.158206,0.475000
3.062000,-0.158206,0.475000
3.062000,-0.158206,0.475000
3.062000,-0.158206,0.475000
3.062000,-0.158206,0.475000
3.062000,-0.158206,0.475000
3.062000,-0.158206,0.475000
3.062000,-0.158206,0.475000
3.062000,-0.158206,0.475000
3.062000,-0.158206,0.475000
3.062000,-0.158206,0.475000
3.062000,-0.158206,0.475000
3.062000,-0.158206,0.475000
3.062000,-0.158206,0.475000
3.062000,-0.158206,0.475000
3.062000,-0.158206,0.475000
3.062000,-0.158206,0.475000
3.062000,-0.158206,0.475000
3.062000,-0.158206,0.475000
3.062000,-0.158206,0.475000
3.062000,-0.158206,0.475000
3.062000,-0.158206,0.475000
3.062000,-0.158206,0.475000
3.062000,-0.158206,0.475000
3.062000,-0.158206,0.475000
3.062000,-0.158206,0.475000
3.062000,-0.158206,0.475000
3.062000,-0.158206,0.475000
3.062000,-0.158206,0.475000
3.062000,-0.158206,0.475000
3.062000,-0.158206,0.475000
3.062000,-0.158206,0.475000
3.062000,-0.158206,0.475000
3.062000,-0.158206,0.475000
3.062000,-0.158206,0.475000
3.062000,-0.158206,0.475000
3.062000,-0.158206,0.475000
3.062000,-0.158206,0.475000
3.062000,-0.158206,0.475000
3.062000,-0.158206,0.475000
3.062000,-0.158206,0.475000
3.062000,-0.158206,0.475000
3.062000,-0.158206,0.475000
3.062000,-0.158206,0.475000
3.062000,-0.158206,0.475000
3.062000,-0.158206,0.475000
3.062000,-0.158206,0.475000
3.062000,-0.158206,0.475000
3.062000,-0.158206,0.475000
3.062000,-0.158206,0.475000
3.062000,-0.158206,0.475000
3.062000,-0.158206,0.475000
3.062000,-0.158206,0.475000
3.062000,-0.158206,0.475000
3.062000,-0.158206,0.475000
3.062000,-0.158206,0.475000
3.062000,-0.158206,0.475000
3.062000,-0.158206,0.475000
3.062000,-0.158206,0.475000
3.062000,-0.158206,0.475000
3.062000,-0.158206,0.475000
3.062000,-0.158206,0.475000
3.062000,-0.158206,0.475000
3.062000,-0.158206,0.475000
3.062000,-0.158206,0.475000
3.062000,-0.158206,0.475000
3.062000,-0.158206,0.475000
3.062000,-0.158206,0.475000
3.062000,-0.158206,0.475000
3.062000,-0.158206,0.475000
3.062000,-0.158206,0.475000
3.062000,-0.158206,0.475000
3.062000,-0.158206,0.475000
3.062000,-0.158206,0.475000
3.062000,-0.158206,0.475000
3.062000,-0.158206,0.475000
3.062000,-0.158206,0.475000
3.062000,-0.158206,0.475000
3.062000,-0.158206,0.475000
3.062000,-0.158206,0.475000
3.062000,-0.158206,0.475000
3.062000,-0.158206,0.475000
3.062000,-0.158206,0.475000
3.062000,-0.158206,0.475000
3.062000,-0.158206,0.475000
3.062000,-0.158206,0.475000
3.062000,-0.158206,0.475000
3.062000,-0.158206,0.475000
3.062000,-0.158206,0.475000
3.062000,-0.158206,0.475000
3.062000,-0.158206,0.475000
3.062000,-0.158206,0.475000
3.062000,-0.158206,0.475000
3.062000,-0.158206,0.475000
3.062000,-0.158206,0.475000
3.062000,-0.158206,0.475000
3.062000,-0.158206,0.475000
3.062000,-0.158206,0.475000
3.062000,-0.158206,0.475000
3.062000,-0.158206,0.475000
3.062000,-0.158206,0.475000
3.062000,-0.158206,0.475000
3.062000,-0.158206,0.475000
3.062000,-0.158206,0.475000
3.062000,-0.158206,0.475000
3.062000,-0.158206,0.475000
3.062000,-0.158206,0.475000
3.062000,-0.158206,0.475000
3.062000,-0.158206,0.475000
3.062000,-0.158206,0.475000
3.062000,-0.158206,0.475000
3.062000,-0.158206,0.475000
3.062000,-0.158206,0.475000
3.062000,-0.158206,0.475000
3.062000,-0.158206,0.475000
3.062000,-0.158206,0.475000
3.062000,-0.158206,0.475000
3.062000,-0.158206,0.475000
3.062000,-0.158206,0.475000
3.062000,-0.158206,0.475000
3.062000,-0.158206,0.475000
3.062000,-0.158206,0.475000
3.062000,-0.158206,0.475000
3.062000,-0.158206,0.475000
3.062000,-0.158206,0.475000
3.062000,-0.158206,0.475000
3.062000,-0.158206,0.475000
3.062000,-0.158206,0.475000
3.062000,-0.158206,0.475000
3.062000,-0.158206,0.475000
3.062000,-0.158206,0.475000
3.062000,-0.158206,0.475000
3.062000,-0.158206,0.475000
3.062000,-0.158206,0.475000
3.062000,-0.158206,0.475000
3.062000,-0.158206,0.475000
3.062000,-0.158206,0.475000
3.062000,-0.158206,0.475000
3.062000,-0.158206,0.475000
3.062000,-0.158206,0.475000
3.062000,-0.158206,0.475000
3.062000,-0.158206,0.475000
3.062000,-0.158206,0.475000
3.062000,-0.158206,0.475000
3.062000,-0.158206,0.475000
3.062000,-0.158206,0.475000
3.062000,-0.158206,0.475000
3.062000,-0.158206,0.475000
3.062000,-0.158206,0.475000
3.062000,-0.158206,0.475000
3.062000,-0.158206,0.475000
3.062000,-0.158206,0.475000
3.062000,-0.158206,0.475000
3.062000,-0.158206,0.475000
3.062000,-0.158206,0.475000
3.062000,-0.158206,0.475000
3.062000,-0.158206,0.475000
3.062000,-0.158206,0.475000
3.062000,-0.158206,0.475000
3.062000,-0.158206,0.475000
3.062000,-0.158206,0.475000
3.062000,-0.158206,0.475000
3.062000,-0.158206,0.475000
3.062000,-0.158206,0.475000
3.062000,-0.158206,0.475000
3.062000,-0.158206,0.475000
3.062000,-0.158206,0.475000
3.062000,-0.158206,0.475000
3.062000,-0.158206,0.475000
3.062000,-0.158206,0.475000
3.062000,-0.158206,0.475000
3.062000,-0.158206,0.475000
3.062000,-0.158206,0.475000
3.062000,-0.158206,0.475000
3.062000,-0.158206,0.475000
3.062000,-0.158206,0.475000
3.062000,-0.158206,0.475000
3.062000,-0.158206,0.475000
3.062000,-0.158206,0.475000
3.062000,-0.158206,0.475000
3.062000,-0.158206,0.475000
3.062000,-0.158206,0.475000
3.062000,-0.158206,0.475000
3.062000,-0.158206,0.475000
3.062000,-0.158206,0.475000
3.062000,-0.158206,0.475000
3.062000,-0.158206,0.475000
3.062000,-0.158206,0.475000
3.062000,-0.158206,0.475000
3.062000,-0.158206,0.475000
3.062000,-0.158206,0.475000
3.062000,-0.158206,0.475000
3.062000,-0.158206,0.475000
3.062000,-0.158206,0.475000
3.062000,-0.158206,0.475000
3.062000,-0.158206,0.475000
3.062000,-0.158206,0.475000
3.062000,-0.158206,0.475000
3.062000,-0.158206,0.475000
3.062000,-0.158206,0.475000
3.062000,-0.158206,0.475000
3.062000,-0.158206,0.475000
3.062000,-0.158206,0.475000
3.062000,-0.158206,0.475000
3.062000,-0.158206,0.475000
3.062000,-0.158206,0.475000
3.062000,-0.158206,0.475000
3.062000,-0.158206,0.475000
3.062000,-0.158206,0.475000
3.062000,-0.158206,0.475000
3.062000,-0.158206,0.475000
3.062000,-0.158206,0.475000
3.062000,-0.158206,0.475000
3.062000,-0.158206,0.475000
3.062000,-0.158206,0.475000
3.062000,-0.158206,0.475000
3.062000,-0.158206,0.475000
3.062000,-0.158206,0.475000
3.062000,-0.158206,0.475000
3.062000,-0.158206,0.475000
3.062000,-0.158206,0.475000
3.062000,-0.158206,0.475000
3.062000,-0.158206,0.475000
3.062000,-0.158206,0.475000
3.062000,-0.158206,0.475000
3.062000,-0.158206,0.475000
3.062000,-0.158206,0.475000
3.062000,-0.158206,0.475000
3.062000,-0.158206,0.475000
3.062000,-0.158206,0.475000
3.062000,-0.158206,0.475000
3.062000,-0.158206,0.475000
3.062000,-0.158206,0.475000
3.062000,-0.158206,0.475000
3.062000,-0.158206,0.475000
3.062000,-0.158206,0.475000
3.062000,-0.158206,0.475000
3.062000,-0.158206,0.475000
3.062000,-0.158206,0.475000
3.062000,-0.158206,0.475000
3.062000,-0.158206,0.475000
3.062000,-0.158206,0.475000
3.062000,-0.158206,0.475000
3.062000,-0.158206,0.475000
3.062000,-0.158206,0.475000
3.062000,-0.158206,0.475000
3.062000,-0.158206,0.475000
3.062000,-0.158206,0.475000
3.062000,-0.158206,0.475000
3.062000,-0.158206,0.475000
3.062000,-0.158206,0.475000
3.062000,-0.158206,0.475000
3.062000,-0.158206,0.475000
3.062000,-0.158206,0.475000
3.062000,-0.158206,0.475000
3.062000,-0.158206,0.475000
3.062000,-0.158206,0.475000
3.062000,-0.158206,0.475000
3.062000,-0.158206,0.475000
3.062000,-0.158206,0.475000
3.062000,-0.158206,0.475000
3.062000,-0.158206,0.475000
3.062000,-0.158206,0.475000
3.062000,-0.158206,0.475000
3.062000,-0.158206,0.475000
3.062000,-0.158206,0.475000
3.062000,-0.158206,0.475000
3.062000,-0.158206,0.475000
3.062000,-0.158206,0.475000
3.062000,-0.158206,0.475000
3.062000,-0.158206,0.475000
3.062000,-0.158206,0.475000
3.062000,-0.158206,0.475000
3.062000,-0.158206,0.475000
3.062000,-0.158206,0.475000
3.062000,-0.158206,0.475000
3.062000,-0.158206,0.475000
3.062000,-0.158206,0.475000
3.062000,-0.158206,0.475000
3.062000,-0.158206,0.475000
3.062000,-0.158206,0.475000
3.062000,-0.158206,0.475000
3.062000,-0.158206,0.475000
3.062000,-0.158206,0.475000
3.062000,-0.158206,0.475000
3.062000,-0.158206,0.475000
3.062000,-0.158206,0.475000
3.062000,-0.158206,0.475000
3.062000,-0.158206,0.475000
3.062000,-0.158206,0.475000
3.062000,-0.158206,0.475000
3.062000,-0.158206,0.475000
3.062000,-0.158206,0.475000
3.062000,-0.158206,0.475000
3.062000,-0.158206,0.475000
3.062000,-0.158206,0.475000
3.062000,-0.158206,0.475000
3.062000,-0.158206,0.475000
3.062000,-0.158206,0.475000
3.062000,-0.158206,0.475000
3.062000,-0.158206,0.475000
3.062000,-0.158206,0.475000
3.062000,-0.158206,0.475000
3.062000,-0.158206,0.475000
3.062000,-0.158206,0.475000
3.062000,-0.158206,0.475000
3.062000,-0.158206,0.475000
3.062000,-0.158206,0.475000
3.062000,-0.158206,0.475000
3.062000,-0.158206,0.475000
3.062000,-0.158206,0.475000
3.062000,-0.158206,0.475000
3.062000,-0.158206,0.475000
3.062000,-0.158206,0.475000
3.062000,-0.158206,0.475000
3.062000,-0.158206,0.475000
3.062000,-0.158206,0.475000
3.062000,-0.158206,0.475000
3.062000,-0.158206,0.475000
3.062000,-0.158206,0.475000
3.062000,-0.158206,0.475000
3.062000,-0.158206,0.475000
3.062000,-0.158206,0.475000
3.062000,-0.158206,0.475000
3.062000,-0.158206,0.475000
3.062000,-0.158206,0.475000
3.062000,-0.158206,0.475000
3.062000,-0.158206,0.475000
3.062000,-0.158206,0.475000
3.062000,-0.158206,0.475000
3.062000,-0.158206,0.475000
3.062000,-0.158206,0.475000
3.062000,-0.158206,0.475000
3.062000,-0.158206,0.475000
3.062000,-0.158206,0.475000
3.062000,-0.158206,0.475000
3.062000,-0.158206,0.475000
3.062000,-0.158206,0.475000
3.062000,-0.158206,0.475000
3.062000,-0.158206,0.475000
3.062000,-0.158206,0.475000
3.062000,-0.158206,0.475000
3.062000,-0.158206,0.475000
3.062000,-0.158206,0.475000
3.062000,-0.158206,0.475000
3.062000,-0.158206,0.475000
3.062000,-0.158206,0.475000
3.062000,-0.158206,0.475000
3.062000,-0.158206,0.475000
3.062000,-0.158206,0.475000
3.062000,-0.158206,0.475000
3.062000,-0.158206,0.475000
3.062000,-0.158206,0.475000
3.062000,-0.158206,0.475000
3.062000,-0.158206,0.475000
3.062000,-0.158206,0.475000
3.062000,-0.158206,0.475000
3.062000,-0.158206,0.475000
3.062000,-0.158206,0.475000
3.062000,-0.158206,0.475000
3.062000,-0.158206,0.475000
3.062000,-0.158206,0.475000
3.062000,-0.158206,0.475000
3.062000,-0.158206,0.475000
3.062000,-0.158206,0.475000
3.062000,-0.158206,0.475000
3.062000,-0.158206,0.475000
3.062000,-0.158206,0.475000
3.062000,-0.158206,0.475000
3.062000,-0.158206,0.475000
3.062000,-0.158206,0.475000
3.062000,-0.158206,0.475000
3.062000,-0.158206,0.475000
3.062000,-0.158206,0.475000
3.062000,-0.158206,0.475000
3.062000,-0.158206,0.475000
3.062000,-0.158206,0.475000
3.062000,-0.158206,0.475000
3.062000,-0.158206,0.475000
3.062000,-0.158206,0.475000
3.062000,-0.158206,0.475000
3.062000,-0.158206,0.475000
3.062000,-0.158206,0.475000
3.062000,-0.158206,0.475000
3.062000,-0.158206,0.475000
3.062000,-0.158206,0.475000
3.062000,-0.158206,0.475000
3.062000,-0.158206,0.475000
3.062000,-0.158206,0.475000
3.062000,-0.158206,0.475000
3.062000,-0.158206,0.475000
3.062000,-0.158206,0.475000
3.062000,-0.158206,0.475000
3.062000,-0.158206,0.475000
3.062000,-0.158206,0.475000
3.062000,-0.158206,0.475000
3.062000,-0.158206,0.475000
3.062000,-0.158206,0.475000
3.062000,-0.158206,0.475000
3.062000,-0.158206,0.475000
3.062000,-0.158206,0.475000
3.062000,-0.158206,0.475000
3.062000,-0.158206,0.475000
3.062000,-0.158206,0.475000
3.062000,-0.158206,0.475000
3.062000,-0.158206,0.475000
3.062000,-0.158206,0.475000
3.062000,-0.158206,0.475000
3.062000,-0.158206,0.475000
3.062000,-0.158206,0.475000
3.062000,-0.158206,0.475000
3.062000,-0.158206,0.475000
3.062000,-0.158206,0.475000
3.062000,-0.158206,0.475000
3.062000,-0.158206,0.475000
3.062000,-0.158206,0.475000
3.062000,-0.158206,0.475000
3.062000,-0.158206,0.475000
3.062000,-0.158206,0.475000
3.062000,-0.158206,0.475000
3.062000,-0.158206,0.475000
3.062000,-0.158206,0.475000
3.062000,-0.158206,0.475000
3.062000,-0.158206,0.475000
3.062000,-0.158206,0.475000
3.062000,-0.158206,0.475000
3.062000,-0.158206,0.475000
3.062000,-0.158206,0.475000
3.062000,-0.158206,0.475000
3.062000,-0.158206,0.475000
3.062000,-0.158206,0.475000
3.062000,-0.158206,0.475000
3.062000,-0.158206,0.475000
3.062000,-0.158206,0.475000
3.062000,-0.158206,0.475000
3.062000,-0.158206,0.475000
3.062000,-0.158206,0.475000
3.062000,-0.158206,0.475000
3.062000,-0.158206,0.475000
3.062000,-0.158206,0.475000
3.062000,-0.158206,0.475000
3.062000,-0.158206,0.475000
3.062000,-0.158206,0.475000
3.062000,-0.158206,0.475000
3.062000,-0.158206,0.475000
3.062000,-0.158206,0.475000
3.062000,-0.158206,0.475000
3.062000,-0.158206,0.475000
3.062000,-0.158206,0.475000
3.062000,-0.158206,0.475000
3.062000,-0.158206,0.475000
3.062000,-0.158206,0.475000
3.062000,-0.158206,0.475000
3.062000,-0.158206,0.475000
3.062000,-0.158206,0.475000
3.062000,-0.158206,0.475000
3.062000,-0.158206,0.475000
3.062000,-0.158206,0.475000
3.062000,-0.158206,0.475000
3.062000,-0.158206,0.475000
3.062000,-0.158206,0.475000
3.062000,-0.158206,0.475000
3.062000,-0.158206,0.475000
3.062000,-0.158206,0.475000
3.062000,-0.158206,0.475000
3.062000,-0.158206,0.475000
3.062000,-0.158206,0.475000
3.062000,-0.158206,0.475000
3.062000,-0.158206,0.475000
3.062000,-0.158206,0.475000
3.062000,-0.158206,0.475000
3.062000,-0.158206,0.475000
3.062000,-0.158206,0.475000
3.062000,-0.158206,0.475000
3.062000,-0.158206,0.475000
3.062000,-0.158206,0.475000
3.062000,-0.158206,0.475000
3.062000,-0.158206,0.475000
3.062000,-0.158206,0.475000
3.062000,-0.158206,0.475000
3.062000,-0.158206,0.475000
3.062000,-0.158206,0.475000
3.062000,-0.158206,0.475000
3.062000,-0.158206,0.475000
3.062000,-0.158206,0.475000
3.062000,-0.158206,0.475000
3.062000,-0.158206,0.475000
3.062000,-0.158206,0.475000
3.062000,-0.158206,0.475000
3.062000,-0.158206,0.475000
3.062000,-0.158206,0.475000
3.062000,-0.158206,0.475000
3.062000,-0.158206,0.475000
3.062000,-0.158206,0.475000
3.062000,-0.158206,0.475000
3.062000,-0.158206,0.475000
3.062000,-0.158206,0.475000
3.062000,-0.158206,0.475000
3.062000,-0.158206,0.475000
3.062000,-0.158206,0.475000
3.062000,-0.158206,0.475000
3.062000,-0.158206,0.475000
3.062000,-0.158206,0.475000
3.062000,-0.158206,0.475000
3.062000,-0.158206,0.475000
3.062000,-0.158206,0.475000
3.062000,-0.158206,0.475000
3.062000,-0.158206,0.475000
3.062000,-0.158206,0.475000
3.062000,-0.158206,0.475000
3.062000,-0.158206,0.475000
3.062000,-0.158206,0.475000
3.062000,-0.158206,0.475000
3.062000,-0.158206,0.475000
3.062000,-0.158206,0.475000
3.062000,-0.158206,0.475000
3.062000,-0.158206,0.475000
3.062000,-0.158206,0.475000
3.062000,-0.158206,0.475000
3.062000,-0.158206,0.475000
3.062000,-0.158206,0.475000
3.062000,-0.158206,0.475000
3.062000,-0.158206,0.475000
3.062000,-0.158206,0.475000
3.062000,-0.158206,0.475000
3.062000,-0.158206,0.475000
3.062000,-0.158206,0.475000
3.062000,-0.158206,0.475000
3.062000,-0.158206,0.475000
3.062000,-0.158206,0.475000
3.062000,-0.158206,0.475000
3.062000,-0.158206,0.475000
3.062000,-0.158206,0.475000
3.062000,-0.158206,0.475000
3.062000,-0.158206,0.475000
3.062000,-0.158206,0.475000
3.062000,-0.158206,0.475000
3.062000,-0.158206,0.475000
3.062000,-0.158206,0.475000
3.062000,-0.158206,0.475000
3.062000,-0.158206,0.475000
3.062000,-0.158206,0.475000
3.062000,-0.158206,0.475000
3.062000,-0.158206,0.475000
3.062000,-0.158206,0.475000
3.062000,-0.158206,0.475000
3.062000,-0.158206,0.475000
3.062000,-0.158206,0.475000
3.062000,-0.158206,0.475000
3.062000,-0.158206,0.475000
3.062000,-0.158206,0.475000
3.062000,-0.158206,0.475000
3.062000,-0.158206,0.475000
3.062000,-0.158206,0.475000
3.062000,-0.158206,0.475000
3.062000,-0.158206,0.475000
3.062000,-0.158206,0.475000
3.062000,-0.158206,0.475000
3.062000,-0.158206,0.475000
3.062000,-0.158206,0.475000
3.062000,-0.158206,0.475000
3.062000,-0.158206,0.475000
3.062000,-0.158206,0.475000
3.062000,-0.158206,0.475000
3.062000,-0.158206,0.475000
3.062000,-0.158206,0.475000
3.062000,-0.158206,0.475000
3.062000,-0.158206,0.475000
3.062000,-0.158206,0.475000
3.062000,-0.158206,0.475000
3.062000,-0.158206,0.475000
3.062000,-0.158206,0.475000
3.062000,-0.158206,0.475000
3.062000,-0.158206,0.475000
3.062000,-0.158206,0.475000
3.062000,-0.158206,0.475000
3.062000,-0.158206,0.475000
3.062000,-0.158206,0.475000
3.062000,-0.158206,0.475000
3.062000,-0.158206,0.475000
3.062000,-0.158206,0.475000
3.062000,-0.158206,0.475000
3.062000,-0.158206,0.475000
3.062000,-0.158206,0.475000
3.062000,-0.158206,0.475000
3.062000,-0.158206,0.475000
3.062000,-0.158206,0.475000
3.062000,-0.158206,0.475000
3.062000,-0.158206,0.475000
3.062000,-0.158206,0.475000
3.062000,-0.158206,0.475000
3.062000,-0.158206,0.475000
3.062000,-0.158206,0.475000
3.062000,-0.158206,0.475000
3.062000,-0.158206,0.475000
3.062000,-0.158206,0.475000
3.062000,-0.158206,0.475000
3.062000,-0.158206,0.475000
3.062000,-0.158206,0.475000
3.062000,-0.158206,0.475000
3.062000,-0.158206,0.475000
3.062000,-0.158206,0.475000
3.062000,-0.158206,0.475000
3.062000,-0.158206,0.475000
3.062000,-0.158206,0.475000
3.062000,-0.158206,0.475000
3.062000,-0.158206,0.475000
3.062000,-0.158206,0.475000
3.062000,-0.158206,0.475000
3.062000,-0.158206,0.475000
3.062000,-0.158206,0.475000
3.062000,-0.158206,0.475000
3.062000,-0.158206,0.475000
3.062000,-0.158206,0.475000
3.062000,-0.158206,0.475000
3.062000,-0.158206,0.475000
3.062000,-0.158206,0.475000
3.062000,-0.158206,0.475000
3.062000,-0.158206,0.475000
3.062000,-0.158206,0.475000
3.062000,-0.158206,0.475000
3.062000,-0.158206,0.475000
3.062000,-0.158206,0.475000
3.062000,-0.158206,0.475000
3.062000,-0.158206,0.475000
3.062000,-0.158206,0.475000
3.062000,-0.158206,0.475000
3.062000,-0.158206,0.475000
3.062000,-0.158206,0.475000
3.062000,-0.158206,0.475000
3.062000,-0.158206,0.475000
3.062000,-0.158206,0.475000
3.062000,-0.158206,0.475000
3.062000,-0.158206,0.475000
3.062000,-0.158206,0.475000
3.062000,-0.158206,0.475000
3.062000,-0.158206,0.475000
3.062000,-0.158206,0.475000
3.062000,-0.158206,0.475000
3.062000,-0.158206,0.475000
3.062000,-0.158206,0.475000
3.062000,-0.158206,0.475000
3.062000,-0.158206,0.475000
3.062000,-0.158206,0.475000
3.062000,-0.158206,0.475000
3.062000,-0.158206,0.475000
3.062000,-0.158206,0.475000
3.062000,-0.158206,0.475000
3.062000,-0.158206,0.475000
3.062000,-0.158206,0.475000
3.062000,-0.158206,0.475000
3.062000,-0.158206,0.475000
3.062000,-0.158206,0.475000
3.062000,-0.158206,0.475000
3.062000,-0.158206,0.475000
3.062000,-0.158206,0.475000
3.062000,-0.158206,0.475000
3.062000,-0.158206,0.475000
3.062000,-0.158206,0.475000
3.062000,-0.158206,0.475000
3.062000,-0.158206,0.475000
3.062000,-0.158206,0.475000
3.062000,-0.158206,0.475000
3.062000,-0.158206,0.475000
3.062000,-0.158206,0.475000
3.062000,-0.158206,0.475000
3.062000,-0.158206,0.475000
3.062000,-0.158206,0.475000
3.062000,-0.158206,0.475000
3.062000,-0.158206,0.475000
3.062000,-0.158206,0.475000
3.062000,-0.158206,0.475000
3.062000,-0.158206,0.475000
3.062000,-0.158206,0.475000
3.062000,-0.158206,0.475000
3.062000,-0.158206,0.475000
3.062000,-0.158206,0.475000
3.062000,-0.158206,0.475000
3.062000,-0.158206,0.475000
3.062000,-0.158206,0.475000
3.062000,-0.158206,0.475000
3.062000,-0.158206,0.475000
3.062000,-0.158206,0.475000
3.062000,-0.158206,0.475000
3.062000,-0.158206,0.475000
3.062000,-0.158206,0.475000
3.062000,-0.158206,0.475000
3.062000,-0.158206,0.475000
3.062000,-0.158206,0.475000
3.062000,-0.158206,0.475000
3.062000,-0.158206,0.475000
3.062000,-0.158206,0.475000
3.062000,-0.158206,0.475000
3.062000,-0.158206,0.475000
3.062000,-0.158206,0.475000
3.062000,-0.158206,0.475000
3.062000,-0.158206,0.475000
3.062000,-0.158206,0.475000
3.062000,-0.158206,0.475000
3.062000,-0.158206,0.475000
3.062000,-0.158206,0.475000
3.062000,-0.158206,0.475000
3.062000,-0.158206,0.475000
3.062000,-0.158206,0.475000
3.062000,-0.158206,0.475000
3.062000,-0.158206,0.475000
3.062000,-0.158206,0.475000
3.062000,-0.158206,0.475000
3.062000,-0.158206,0.475000
3.062000,-0.158206,0.475000
3.062000,-0.158206,0.475000
3.062000,-0.158206,0.475000
3.062000,-0.158206,0.475000
3.062000,-0.158206,0.475000
3.062000,-0.158206,0.475000
3.062000,-0.158206,0.475000
3.062000,-0.158206,0.475000
3.062000,-0.158206,0.475000
3.062000,-0.158206,0.475000
3.062000,-0.158206,0.475000
3.062000,-0.158206,0.475000
3.062000,-0.158206,0.475000
3.062000,-0.158206,0.475000
3.062000,-0.158206,0.475000
3.062000,-0.158206,0.475000
3.062000,-0.158206,0.475000
3.062000,-0.158206,0.475000
3.062000,-0.158206,0.475000
3.062000,-0.158206,0.475000
3.062000,-0.158206,0.475000
3.062000,-0.158206,0.475000
3.062000,-0.158206,0.475000
3.062000,-0.158206,0.475000
3.062000,-0.158206,0.475000
3.062000,-0.158206,0.475000
3.062000,-0.158206,0.475000
3.062000,-0.158206,0.475000
3.062000,-0.158206,0.475000
3.062000,-0.158206,0.475000
3.062000,-0.158206,0.475000
3.062000,-0.158206,0.475000
3.062000,-0.158206,0.475000
3.062000,-0.158206,0.475000
3.062000,-0.158206,0.475000
3.062000,-0.158206,0.475000
3.062000,-0.158206,0.475000
3.062000,-0.158206,0.475000
3.062000,-0.158206,0.475000
3.062000,-0.158206,0.475000
3.062000,-0.158206,0.475000
3.062000,-0.158206,0.475000
3.062000,-0.158206,0.475000
3.062000,-0.158206,0.475000
3.062000,-0.158206,0.475000
3.062000,-0.158206,0.475000
3.062000,-0.158206,0.475000
3.062000,-0.158206,0.475000
3.062000,-0.158206,0.475000
3.062000,-0.158206,0.475000
3.062000,-0.158206,0.475000
3.062000,-0.158206,0.475000
3.062000,-0.158206,0.475000
3.062000,-0.158206,0.475000
3.062000,-0.158206,0.475000
3.062000,-0.158206,0.475000
3.062000,-0.158206,0.475000
3.062000,-0.158206,0.475000
3.062000,-0.158206,0.475000
3.062000,-0.158206,0.475000
3.062000,-0.158206,0.475000
3.062000,-0.158206,0.475000
3.062000,-0.158206,0.475000
3.062000,-0.158206,0.475000
3.062000,-0.158206,0.475000
3.062000,-0.158206,0.475000
3.062000,-0.158206,0.475000
3.062000,-0.158206,0.475000
3.062000,-0.158206,0.475000
3.062000,-0.158206,0.475000
3.062000,-0.158206,0.475000
3.062000,-0.158206,0.475000
3.062000,-0.158206,0.475000
3.062000,-0.158206,0.475000
3.062000,-0.158206,0.475000
3.062000,-0.158206,0.475000
3.062000,-0.158206,0.475000
3.062000,-0.158206,0.475000
3.062000,-0.158206,0.475000
3.062000,-0.158206,0.475000
3.062000,-0.158206,0.475000
3.062000,-0.158206,0.475000
3.062000,-0.158206,0.475000
3.062000,-0.158206,0.475000
3.062000,-0.158206,0.475000
3.062000,-0.158206,0.475000
3.062000,-0.158206,0.475000
3.062000,-0.158206,0.475000
3.062000,-0.158206,0.475000
3.062000,-0.158206,0.475000
3.062000,-0.158206,0.475000
3.062000,-0.158206,0.475000
3.062000,-0.158206,0.475000
3.062000,-0.158206,0.475000
3.062000,-0.158206,0.475000
3.062000,-0.158206,0.475000
3.062000,-0.158206,0.475000
3.062000,-0.158206,0.475000
3.062000,-0.158206,0.475000
3.062000,-0.158206,0.475000
3.062000,-0.158206,0.475000
3.062000,-0.158206,0.475000
3.062000,-0.158206,0.475000
3.062000,-0.158206,0.475000
3.062000,-0.158206,0.475000
3.062000,-0.158206,0.475000
3.062000,-0.158206,0.475000
3.062000,-0.158206,0.475000
3.062000,-0.158206,0.475000
3.062000,-0.158206,0.475000
3.062000,-0.158206,0.475000
3.062000,-0.158206,0.475000
3.062000,-0.158206,0.475000
3.062000,-0.158206,0.475000
3.062000,-0.158206,0.475000
3.062000,-0.158206,0.475000
3.062000,-0.158206,0.475000
3.062000,-0.158206,0.475000
3.062000,-0.158206,0.475000
3.062000,-0.158206,0.475000
3.062000,-0.158206,0.475000
3.062000,-0.158206,0.475000
3.062000,-0.158206,0.475000
3.062000,-0.158206,0.475000
3.062000,-0.158206,0.475000
3.062000,-0.158206,0.475000
3.062000,-0.158206,0.475000
3.062000,-0.158206,0.475000
3.062000,-0.158206,0.475000
3.062000,-0.158206,0.475000
3.062000,-0.158206,0.475000
3.062000,-0.158206,0.475000
3.062000,-0.158206,0.475000
3.062000,-0.158206,0.475000
3.062000,-0.158206,0.475000
3.062000,-0.158206,0.475000
3.062000,-0.158206,0.475000
3.062000,-0.158206,0.475000
3.062000,-0.158206,0.475000
3.062000,-0.158206,0.475000
3.062000,-0.158206,0.475000
3.062000,-0.158206,0.475000
3.062000,-0.158206,0.475000
3.062000,-0.158206,0.475000
3.062000,-0.158206,0.475000
3.062000,-0.158206,0.475000
3.062000,-0.158206,0.475000
3.062000,-0.158206,0.475000
3.062000,-0.158206,0.475000
3.062000,-0.158206,0.475000
3.062000,-0.158206,0.475000
3.062000,-0.158206,0.475000
3.062000,-0.158206,0.475000
3.062000,-0.158206,0.475000
3.062000,-0.158206,0.475000
3.062000,-0.158206,0.475000
3.062000,-0.158206,0.475000
3.062000,-0.158206,0.475000
3.062000,-0.158206,0.475000
3.062000,-0.158206,0.475000
3.062000,-0.158206,0.475000
3.062000,-0.158206,0.475000
3.062000,-0.158206,0.475000
3.062000,-0.158206,0.475000
3.062000,-0.158206,0.475000
3.062000,-0.158206,0.475000
3.062000,-0.158206,0.475000
3.062000,-0.158206,0.475000
3.062000,-0.158206,0.475000
3.062000,-0.158206,0.475000
3.062000,-0.158206,0.475000
3.062000,-0.158206,0.475000
3.062000,-0.158206,0.475000
3.062000,-0.158206,0.475000
3.062000,-0.158206,0.475000
3.062000,-0.158206,0.475000
3.062000,-0.158206,0.475000
3.062000,-0.158206,0.475000
3.062000,-0.158206,0.475000
3.062000,-0.158206,0.475000
3.062000,-0.158206,0.475000
3.062000,-0.158206,0.475000
3.062000,-0.158206,0.475000
3.062000,-0.158206,0.475000
3.062000,-0.158206,0.475000
3.062000,-0.158206,0.475000
3.062000,-0.158206,0.475000
3.062000,-0.158206,0.475000
3.062000,-0.158206,0.475000
3.062000,-0.158206,0.475000
3.062000,-0.158206,0.475000
3.062000,-0.158206,0.475000
3.062000,-0.158206,0.475000
3.062000,-0.158206,0.475000
3.062000,-0.158206,0.475000
3.062000,-0.158206,0.475000
3.062000,-0.158206,0.475000
3.062000,-0.158206,0.475000
3.062000,-0.158206,0.475000
3.062000,-0.158206,0.475000
3.062000,-0.158206,0.475000
3.062000,-0.158206,0.475000
3.062000,-0.158206,0.475000
3.062000,-0.158206,0.475000
3.062000,-0.158206,0.475000
3.062000,-0.158206,0.475000
3.062000,-0.158206,0.475000
3.062000,-0.158206,0.475000
3.062000,-0.158206,0.475000
3.062000,-0.158206,0.475000
3.062000,-0.158206,0.475000
3.062000,-0.158206,0.475000
3.062000,-0.158206,0.475000
3.062000,-0.158206,0.475000
3.062000,-0.158206,0.475000
3.062000,-0.158206,0.475000
3.062000,-0.158206,0.475000
3.062000,-0.158206,0.475000
3.062000,-0.158206,0.475000
3.062000,-0.158206,0.475000
3.062000,-0.158206,0.475000
3.062000,-0.158206,0.475000
3.062000,-0.158206,0.475000
3.062000,-0.158206,0.475000
3.062000,-0.158206,0.475000
3.062000,-0.158206,0.475000
3.062000,-0.158206,0.475000
3.062000,-0.158206,0.475000
3.062000,-0.158206,0.475000
3.062000,-0.158206,0.475000
3.062000,-0.158206,0.475000
3.062000,-0.158206,0.475000
3.062000,-0.158206,0.475000
3.062000,-0.158206,0.475000
3.062000,-0.158206,0.475000
3.062000,-0.158206,0.475000
3.062000,-0.158206,0.475000
3.062000,-0.158206,0.475000
3.062000,-0.158206,0.475000
3.062000,-0.158206,0.475000
3.062000,-0.158206,0.475000
3.062000,-0.158206,0.475000
3.062000,-0.158206,0.475000
3.062000,-0.158206,0.475000
3.062000,-0.158206,0.475000
3.062000,-0.158206,0.475000
3.062000,-0.158206,0.475000
3.062000,-0.158206,0.475000
3.062000,-0.158206,0.475000
3.062000,-0.158206,0.475000
3.062000,-0.158206,0.475000
3.062000,-0.158206,0.475000
3.062000,-0.158206,0.475000
3.062000,-0.158206,0.475000
3.062000,-0.158206,0.475000
3.062000,-0.158206,0.475000
3.062000,-0.158206,0.475000
3.062000,-0.158206,0.475000
3.062000,-0.158206,0.475000
3.062000,-0.158206,0.475000
3.062000,-0.158206,0.475000
3.062000,-0.158206,0.475000
3.062000,-0.158206,0.475000
3.062000,-0.158206,0.475000
3.062000,-0.158206,0.475000
3.062000,-0.158206,0.475000
3.062000,-0.158206,0.475000
3.062000,-0.158206,0.475000
3.062000,-0.158206,0.475000
3.062000,-0.158206,0.475000
3.062000,-0.158206,0.475000
3.062000,-0.158206,0.475000
3.062000,-0.158206,0.475000
3.062000,-0.158206,0.475000
3.062000,-0.158206,0.475000
3.062000,-0.158206,0.475000
3.062000,-0.158206,0.475000
3.062000,-0.158206,0.475000
3.062000,-0.158206,0.475000
3.062000,-0.158206,0.475000
3.062000,-0.158206,0.475000
3.062000,-0.158206,0.475000
3.062000,-0.158206,0.475000
3.062000,-0.158206,0.475000
3.062000,-0.158206,0.475000
3.062000,-0.158206,0.475000
3.062000,-0.158206,0.475000
3.062000,-0.158206,0.475000
3.062000,-0.158206,0.475000
3.062000,-0.158206,0.475000
3.062000,-0.158206,0.475000
3.062000,-0.158206,0.475000
3.062000,-0.158206,0.475000
3.062000,-0.158206,0.475000
3.062000,-0.158206,0.475000
3.062000,-0.158206,0.475000
3.062000,-0.158206,0.475000
3.062000,-0.158206,0.475000
3.062000,-0.158206,0.475000
3.062000,-0.158206,0.475000
3.062000,-0.158206,0.475000
3.062000,-0.158206,0.475000
3.062000,-0.158206,0.475000
3.062000,-0.158206,0.475000
3.062000,-0.158206,0.475000
3.062000,-0.158206,0.475000
3.062000,-0.158206,0.475000
3.062000,-0.158206,0.475000
3.062000,-0.158206,0.475000
3.062000,-0.158206,0.475000
3.062000,-0.158206,0.475000
3.062000,-0.158206,0.475000
3.062000,-0.158206,0.475000
3.062000,-0.158206,0.475000
3.062000,-0.158206,0.475000
3.062000,-0.158206,0.475000
3.062000,-0.158206,0.475000
3.062000,-0.158206,0.475000
3.062000,-0.158206,0.475000
3.062000,-0.158206,0.475000
3.062000,-0.158206,0.475000
3.062000,-0.158206,0.475000
3.062000,-0.158206,0.475000
3.062000,-0.158206,0.475000
3.062000,-0.158206,0.475000
3.062000,-0.158206,0.475000
3.062000,-0.158206,0.475000
3.062000,-0.158206,0.475000
3.062000,-0.158206,0.475000
3.062000,-0.158206,0.475000
3.062000,-0.158206,0.475000
3.062000,-0.158206,0.475000
3.062000,-0.158206,0.475000
3.062000,-0.158206,0.475000
3.062000,-0.158206,0.475000
3.062000,-0.158206,0.475000
3.062000,-0.158206,0.475000
3.062000,-0.158206,0.475000
3.062000,-0.158206,0.475000
3.062000,-0.158206,0.475000
3.062000,-0.158206,0.475000
3.062000,-0.158206,0.475000
3.062000,-0.158206,0.475000
3.062000,-0.158206,0.475000
3.062000,-0.158206,0.475000
3.062000,-0.158206,0.475000
3.062000,-0.158206,0.475000
3.062000,-0.158206,0.475000
3.062000,-0.158206,0.475000
3.062000,-0.158206,0.475000
3.062000,-0.158206,0.475000
3.062000,-0.158206,0.475000
3.062000,-0.158206,0.475000
3.062000,-0.158206,0.475000
3.062000,-0.158206,0.475000
3.062000,-0.158206,0.475000
3.062000,-0.158206,0.475000
3.062000,-0.158206,0.475000
3.062000,-0.158206,0.475000
3.062000,-0.158206,0.475000
3.062000,-0.158206,0.475000
3.062000,-0.158206,0.475000
3.062000,-0.158206,0.475000
3.062000,-0.158206,0.475000
3.062000,-0.158206,0.475000
3.062000,-0.158206,0.475000
3.062000,-0.158206,0.475000
3.062000,-0.158206,0.475000
3.062000,-0.158206,0.475000
3.062000,-0.158206,0.475000
3.062000,-0.158206,0.475000
3.062000,-0.158206,0.475000
3.062000,-0.158206,0.475000
3.062000,-0.158206,0.475000
3.062000,-0.158206,0.475000
3.062000,-0.158206,0.475000
3.062000,-0.158206,0.475000
3.062000,-0.158206,0.475000
3.062000,-0.158206,0.475000
3.062000,-0.158206,0.475000
3.062000,-0.158206,0.475000
3.062000,-0.158206,0.475000
3.062000,-0.158206,0.475000
3.062000,-0.158206,0.475000
3.062000,-0.158206,0.475000
3.062000,-0.158206,0.475000
3.062000,-0.158206,0.475000
3.062000,-0.158206,0.475000
3.062000,-0.158206,0.475000
3.062000,-0.158206,0.475000
3.062000,-0.158206,0.475000
3.062000,-0.158206,0.475000
3.062000,-0.158206,0.475000
3.062000,-0.158206,0.475000
3.062000,-0.158206,0.475000
3.062000,-0.158206,0.475000
3.062000,-0.158206,0.475000
3.062000,-0.158206,0.475000
3.062000,-0.158206,0.475000
3.062000,-0.158206,0.475000
3.062000,-0.158206,0.475000
3.062000,-0.158206,0.475000
3.062000,-0.158206,0.475000
3.062000,-0.158206,0.475000
3.062000,-0.158206,0.475000
3.062000,-0.158206,0.475000
3.062000,-0.158206,0.475000
3.062000,-0.158206,0.475000
3.062000,-0.158206,0.475000
3.062000,-0.158206,0.475000
3.062000,-0.158206,0.475000
3.062000,-0.158206,0.475000
3.062000,-0.158206,0.475000
3.062000,-0.158206,0.475000
3.062000,-0.158206,0.475000
3.062000,-0.158206,0.475000
3.062000,-0.158206,0.475000
3.062000,-0.158206,0.475000
3.062000,-0.158206,0.475000
3.062000,-0.158206,0.475000
3.062000,-0.158206,0.475000
3.062000,-0.158206,0.475000
3.062000,-0.158206,0.475000
3.062000,-0.158206,0.475000
3.062000,-0.158206,0.475000
3.062000,-0.158206,0.475000
3.062000,-0.158206,0.475000
3.062000,-0.158206,0.475000
3.062000,-0.158206,0.475000
3.062000,-0.158206,0.475000
3.062000,-0.158206,0.475000
3.062000,-0.158206,0.475000
3.062000,-0.158206,0.475000
3.062000,-0.158206,0.475000
3.062000,-0.158206,0.475000
3.062000,-0.158206,0.475000
3.062000,-0.158206,0.475000
3.062000,-0.158206,0.475000
3.062000,-0.158206,0.475000
3.062000,-0.158206,0.475000
3.062000,-0.158206,0.475000
3.062000,-0.158206,0.475000
3.062000,-0.158206,0.475000
3.062000,-0.158206,0.475000
3.062000,-0.158206,0.475000
3.062000,-0.158206,0.475000
3.062000,-0.158206,0.475000
3.062000,-0.158206,0.475000
3.062000,-0.158206,0.475000
3.062000,-0.158206,0.475000
3.062000,-0.158206,0.475000
3.062000,-0.158206,0.475000
3.062000,-0.158206,0.475000
3.062000,-0.158206,0.475000
3.062000,-0.158206,0.475000
3.062000,-0.158206,0.475000
3.062000,-0.158206,0.475000
3.062000,-0.158206,0.475000
3.062000,-0.158206,0.475000
3.062000,-0.158206,0.475000
3.062000,-0.158206,0.475000
3.062000,-0.158206,0.475000
3.062000,-0.158206,0.475000
3.062000,-0.158206,0.475000
3.062000,-0.158206,0.475000
3.062000,-0.158206,0.475000
3.062000,-0.158206,0.475000
3.062000,-0.158206,0.475000
3.062000,-0.158206,0.475000
3.062000,-0.158206,0.475000
3.062000,-0.158206,0.475000
3.062000,-0.158206,0.475000
3.062000,-0.158206,0.475000
3.062000,-0.158206,0.475000
3.062000,-0.158206,0.475000
3.062000,-0.158206,0.475000
3.062000,-0.158206,0.475000
3.062000,-0.158206,0.475000
3.062000,-0.158206,0.475000
3.062000,-0.158206,0.475000
3.062000,-0.158206,0.475000
3.062000,-0.158206,0.475000
3.062000,-0.158206,0.475000
3.062000,-0.158206,0.475000
3.062000,-0.158206,0.475000
3.062000,-0.158206,0.475000
3.062000,-0.158206,0.475000
3.062000,-0.158206,0.475000
3.062000,-0.158206,0.475000
3.062000,-0.158206,0.475000
3.062000,-0.158206,0.475000
3.062000,-0.158206,0.475000
3.062000,-0.158206,0.475000
3.062000,-0.158206,0.475000
3.062000,-0.158206,0.475000
3.062000,-0.158206,0.475000
3.062000,-0.158206,0.475000
3.062000,-0.158206,0.475000
3.062000,-0.158206,0.475000
3.062000,-0.158206,0.475000
3.062000,-0.158206,0.475000
3.062000,-0.158206,0.475000
3.062000,-0.158206,0.475000
3.062000,-0.158206,0.475000
3.062000,-0.158206,0.475000
3.062000,-0.158206,0.475000
3.062000,-0.158206,0.475000
3.062000,-0.158206,0.475000
3.062000,-0.158206,0.475000
3.062000,-0.158206,0.475000
3.062000,-0.158206,0.475000
3.062000,-0.158206,0.475000
3.062000,-0.158206,0.475000
3.062000,-0.158206,0.475000
3.062000,-0.158206,0.475000
3.062000,-0.158206,0.475000
3.062000,-0.158206,0.475000
3.062000,-0.158206,0.475000
3.062000,-0.158206,0.475000
3.062000,-0.158206,0.475000
3.062000,-0.158206,0.475000
3.062000,-0.158206,0.475000
3.062000,-0.158206,0.475000
3.062000,-0.158206,0.475000
3.062000,-0.158206,0.475000
3.062000,-0.158206,0.475000
3.062000,-0.158206,0.475000
3.062000,-0.158206,0.475000
3.062000,-0.158206,0.475000
3.062000,-0.158206,0.475000
3.062000,-0.158206,0.475000
3.062000,-0.158206,0.475000
3.062000,-0.158206,0.475000
3.062000,-0.158206,0.475000
3.062000,-0.158206,0.475000
3.062000,-0.158206,0.475000
3.062000,-0.158206,0.475000
3.062000,-0.158206,0.475000
3.062000,-0.158206,0.475000
3.062000,-0.158206,0.475000
3.062000,-0.158206,0.475000
3.062000,-0.158206,0.475000
3.062000,-0.158206,0.475000
3.062000,-0.158206,0.475000
3.062000,-0.158206,0.475000
3.062000,-0.158206,0.475000
3.062000,-0.158206,0.475000
3.062000,-0.158206,0.475000
3.062000,-0.158206,0.475000
3.062000,-0.158206,0.475000
3.062000,-0.158206,0.475000
3.062000,-0.158206,0.475000
3.062000,-0.158206,0.475000
3.062000,-0.158206,0.475000
3.062000,-0.158206,0.475000
3.062000,-0.158206,0.475000
3.062000,-0.158206,0.475000
3.062000,-0.158206,0.475000
3.062000,-0.158206,0.475000
3.062000,-0.158206,0.475000
3.062000,-0.158206,0.475000
3.062000,-0.158206,0.475000
3.062000,-0.158206,0.475000
3.062000,-0.158206,0.475000
3.062000,-0.158206,0.475000
3.062000,-0.158206,0.475000
3.062000,-0.158206,0.475000
3.062000,-0.158206,0.475000
3.062000,-0.158206,0.475000
3.062000,-0.158206,0.475000
3.062000,-0.158206,0.475000
3.062000,-0.158206,0.475000
3.062000,-0.158206,0.475000
3.062000,-0.158206,0.475000
3.062000,-0.158206,0.475000
3.062000,-0.158206,0.475000
3.062000,-0.158206,0.475000
3.062000,-0.158206,0.475000
3.062000,-0.158206,0.475000
3.062000,-0.158206,0.475000
3.062000,-0.158206,0.475000
3.062000,-0.158206,0.475000
3.062000,-0.158206,0.475000
3.062000,-0.158206,0.475000
3.062000,-0.158206,0.475000
3.062000,-0.158206,0.475000
3.062000,-0.158206,0.475000
3.062000,-0.158206,0.475000
3.062000,-0.158206,0.475000
3.062000,-0.158206,0.475000
3.062000,-0.158206,0.475000
3.062000,-0.158206,0.475000
3.062000,-0.158206,0.475000
3.062000,-0.158206,0.475000
3.062000,-0.158206,0.475000
3.062000,-0.158206,0.475000
3.062000,-0.158206,0.475000
3.062000,-0.158206,0.475000
3.062000,-0.158206,0.475000
3.062000,-0.158206,0.475000
3.062000,-0.158206,0.475000
3.062000,-0.158206,0.475000
3.062000,-0.158206,0.475000
3.062000,-0.158206,0.475000
3.062000,-0.158206,0.475000
3.062000,-0.158206,0.475000
3.062000,-0.158206,0.475000
3.062000,-0.158206,0.475000
3.062000,-0.158206,0.475000
3.062000,-0.158206,0.475000
3.062000,-0.158206,0.475000
3.062000,-0.158206,0.475000
3.062000,-0.158206,0.475000
3.062000,-0.158206,0.475000
3.062000,-0.158206,0.475000
3.062000,-0.158206,0.475000
3.062000,-0.158206,0.475000
3.062000,-0.158206,0.475000
3.062000,-0.158206,0.475000
3.062000,-0.158206,0.475000
3.062000,-0.158206,0.475000
3.062000,-0.158206,0.475000
3.062000,-0.158206,0.475000
3.062000,-0.158206,0.475000
3.062000,-0.158206,0.475000
3.062000,-0.158206,0.475000
3.062000,-0.158206,0.475000
3.062000,-0.158206,0.475000
3.062000,-0.158206,0.475000
3.062000,-0.158206,0.475000
3.062000,-0.158206,0.475000
3.062000,-0.158206,0.475000
3.062000,-0.158206,0.475000
3.062000,-0.158206,0.475000
3.062000,-0.158206,0.475000
3.062000,-0.158206,0.475000
3.062000,-0.158206,0.475000
3.062000,-0.158206,0.475000
3.062000,-0.158206,0.475000
3.062000,-0.158206,0.475000
3.062000,-0.158206,0.475000
3.062000,-0.158206,0.475000
