time,stance,left_hip_yaw,left_hip_pitch,left_knee,right_hip_yaw,right_hip_pitch,right_knee
0.006000,1,0.150422,0.604968,1.160022,-0.250320,-0.601758,1.203343
0.008000,1,0.150663,0.607828,1.165773,-0.250504,-0.602824,1.205383
0.010000,1,0.150941,0.611110,1.172364,-0.250715,-0.604089,1.207812
0.012000,1,0.151247,0.614731,1.179625,-0.250950,-0.605531,1.210594
0.014000,1,0.151579,0.618617,1.187414,-0.251204,-0.607136,1.213702
0.016000,1,0.151932,0.622713,1.195618,-0.251475,-0.608887,1.217110
0.018000,1,0.152304,0.626968,1.204139,-0.251760,-0.610772,1.220798
0.020000,1,0.152692,0.631339,1.212894,-0.252058,-0.612781,1.224747
0.022000,1,0.153094,0.635792,1.221816,-0.252366,-0.614905,1.228943
0.024000,1,0.153510,0.640299,1.230852,-0.252684,-0.617137,1.233374
0.026000,1,0.153937,0.644837,1.239958,-0.253011,-0.619469,1.238029
0.028000,1,0.154377,0.649388,1.249102,-0.253347,-0.621897,1.242899
0.030000,1,0.154827,0.653938,1.258259,-0.253691,-0.624418,1.247980
0.032000,1,0.155250,0.658240,1.267008,-0.254043,-0.626714,1.252606
0.034000,1,0.155643,0.662774,1.275923,-0.254323,-0.628631,1.256651
0.036000,1,0.156015,0.667608,1.285083,-0.254539,-0.630186,1.260146
0.038000,1,0.156376,0.672732,1.294464,-0.254701,-0.631422,1.263157
0.040000,1,0.156730,0.678144,1.304057,-0.254813,-0.632374,1.265734
0.042000,1,0.157088,0.683833,1.313841,-0.254883,-0.633077,1.267934
0.044000,1,0.157458,0.689787,1.323790,-0.254916,-0.633564,1.269807
0.046000,1,0.157857,0.695988,1.333876,-0.254921,-0.633873,1.271415
0.048000,1,0.158292,0.702418,1.344064,-0.254902,-0.634029,1.272795
0.050000,1,0.158770,0.709069,1.354336,-0.254861,-0.634051,1.273980
0.052000,1,0.159296,0.715931,1.364669,-0.254803,-0.633957,1.274998
0.054000,1,0.159873,0.722990,1.375035,-0.254728,-0.633762,1.275874
0.056000,1,0.160460,0.730223,1.385016,-0.254629,-0.633478,1.276628
0.058000,1,0.161057,0.737622,1.394597,-0.254508,-0.633116,1.277277
0.060000,1,0.161674,0.745179,1.403831,-0.254369,-0.632686,1.277837
0.062000,1,0.162324,0.752910,1.412759,-0.254212,-0.632192,1.278318
0.064000,1,0.163020,0.760805,1.421419,-0.254040,-0.631645,1.278734
0.066000,1,0.163767,0.768824,1.429849,-0.253856,-0.631054,1.279096
0.068000,1,0.164570,0.776952,1.438060,-0.253660,-0.630426,1.279414
0.070000,1,0.165437,0.785175,1.446065,-0.253454,-0.629766,1.279693
0.072000,1,0.166371,0.793478,1.453866,-0.253241,-0.629077,1.279941
0.074000,1,0.167375,0.801847,1.461460,-0.253021,-0.628364,1.280162
0.076000,1,0.168453,0.810282,1.468858,-0.252795,-0.627623,1.280349
0.078000,1,0.169602,0.818756,1.476034,-0.252565,-0.626863,1.280517
0.080000,1,0.170827,0.827249,1.482981,-0.252333,-0.626088,1.280668
0.082000,1,0.172126,0.835745,1.489691,-0.252101,-0.625301,1.280805
0.084000,1,0.173497,0.844231,1.496154,-0.251870,-0.624502,1.280928
0.086000,1,0.174943,0.852707,1.502384,-0.251638,-0.623687,1.281033
0.088000,1,0.176460,0.861161,1.508370,-0.251408,-0.622859,1.281119
0.090000,1,0.178043,0.869561,1.514069,-0.251182,-0.622025,1.281195
0.092000,1,0.179693,0.877882,1.519466,-0.250962,-0.621188,1.281262
0.094000,1,0.181413,0.886127,1.524581,-0.250748,-0.620343,1.281315
0.096000,1,0.183193,0.894267,1.529375,-0.250542,-0.619496,1.281359
0.098000,1,0.185035,0.902303,1.533869,-0.250343,-0.618644,1.281388
0.100000,1,0.186937,0.910218,1.538049,-0.250152,-0.617789,1.281404
0.102000,1,0.188894,0.917998,1.541907,-0.249971,-0.616932,1.281406
0.104000,1,0.188894,0.917998,1.541907,-0.249971,-0.616932,1.281406
0.106000,1,0.192938,0.933034,1.548505,-0.249646,-0.615231,1.281383
0.108000,1,0.195022,0.940275,1.551262,-0.249502,-0.614384,1.281352
0.110000,1,0.197149,0.947346,1.553647,-0.249372,-0.613535,1.281306
0.112000,1,0.199300,0.954191,1.555640,-0.249257,-0.612694,1.281249
0.114000,1,0.201475,0.960814,1.557268,-0.249157,-0.611856,1.281177
0.116000,1,0.203672,0.967201,1.558546,-0.249073,-0.611025,1.281090
0.118000,1,0.205886,0.973340,1.559471,-0.249007,-0.610200,1.280989
0.120000,1,0.208101,0.979207,1.560006,-0.248958,-0.609386,1.280877
0.122000,1,0.210321,0.984805,1.560176,-0.248927,-0.608580,1.280751
0.124000,1,0.212539,0.990126,1.559974,-0.248913,-0.607783,1.280611
0.126000,1,0.214749,0.995163,1.559401,-0.248918,-0.606996,1.280459
0.128000,1,0.216938,0.999900,1.558428,-0.248942,-0.606221,1.280298
0.130000,1,0.219099,1.004332,1.557056,-0.248985,-0.605459,1.280128
0.132000,1,0.221235,1.008464,1.555309,-0.249046,-0.604710,1.279947
0.134000,1,0.223348,1.012285,1.553187,-0.249128,-0.603973,1.279757
0.136000,1,0.225433,1.015798,1.550695,-0.249230,-0.603250,1.279558
0.138000,1,0.227485,1.018997,1.547834,-0.249353,-0.602541,1.279352
0.140000,1,0.229493,1.021874,1.544589,-0.249494,-0.601848,1.279142
0.142000,1,0.231453,1.024430,1.540968,-0.249655,-0.601171,1.278928
0.144000,1,0.233365,1.026670,1.536991,-0.249836,-0.600509,1.278710
0.146000,1,0.235226,1.028594,1.532664,-0.250037,-0.599863,1.278488
0.148000,1,0.237031,1.030207,1.527995,-0.250257,-0.599233,1.278263
0.150000,1,0.238773,1.031510,1.522978,-0.250495,-0.598618,1.278039
0.152000,1,0.240452,1.032509,1.517632,-0.250753,-0.598021,1.277813
0.154000,1,0.242065,1.033205,1.511962,-0.251030,-0.597440,1.277588
0.156000,1,0.243610,1.033594,1.505979,-0.251325,-0.596876,1.277364
0.158000,1,0.245085,1.033684,1.499684,-0.251640,-0.596330,1.277141
0.160000,1,0.246500,1.033469,1.493078,-0.251974,-0.595802,1.276921
0.162000,1,0.247857,1.032953,1.486177,-0.252329,-0.595293,1.276706
0.164000,1,0.249147,1.032135,1.478971,-0.252701,-0.594801,1.276494
0.166000,1,0.250372,1.031019,1.471475,-0.253092,-0.594326,1.276286
0.168000,1,0.251530,1.029608,1.463694,-0.253500,-0.593867,1.276082
0.170000,1,0.252616,1.027910,1.455627,-0.253924,-0.593422,1.275880
0.172000,1,0.253629,1.025928,1.447288,-0.254362,-0.592989,1.275680
0.174000,1,0.254567,1.023668,1.438683,-0.254815,-0.592567,1.275481
0.176000,1,0.255432,1.021134,1.429823,-0.255283,-0.592158,1.275284
0.178000,1,0.256221,1.018328,1.420719,-0.255766,-0.591760,1.275088
0.180000,1,0.256935,1.015256,1.411375,-0.256264,-0.591373,1.274891
0.182000,1,0.257576,1.011923,1.401796,-0.256775,-0.590996,1.274694
0.184000,1,0.258157,1.008329,1.391984,-0.257302,-0.590629,1.274499
0.186000,1,0.258676,1.004477,1.381949,-0.257843,-0.590271,1.274302
0.188000,1,0.259130,1.000373,1.371705,-0.258396,-0.589919,1.274102
0.190000,1,0.259519,0.996019,1.361256,-0.258962,-0.589572,1.273896
0.192000,1,0.259842,0.991423,1.350613,-0.259540,-0.589229,1.273684
0.194000,1,0.260098,0.986590,1.339784,-0.260127,-0.588887,1.273462
0.196000,1,0.260287,0.981526,1.328783,-0.260724,-0.588544,1.273231
0.198000,1,0.260407,0.976238,1.317618,-0.261328,-0.588199,1.272986
0.200000,1,0.260458,0.970732,1.306301,-0.261940,-0.587850,1.272727
0.202000,1,0.260439,0.965014,1.294844,-0.262559,-0.587495,1.272451
0.204000,1,0.260350,0.959091,1.283258,-0.263183,-0.587132,1.272157
0.206000,1,0.260188,0.952975,1.271564,-0.263810,-0.586755,1.271838
0.208000,1,0.259955,0.946666,1.259766,-0.264441,-0.586368,1.271496
0.210000,1,0.259639,0.940133,1.247820,-0.265077,-0.585973,1.271133
0.212000,1,0.259248,0.933430,1.235795,-0.265715,-0.585562,1.270743
0.214000,1,0.258786,0.926556,1.223749,-0.266351,-0.585129,1.270317
0.216000,0,0.258253,0.919461,1.211657,-0.266987,-0.584679,1.269854
0.218000,0,0.257783,0.913791,1.201991,-0.267675,-0.584287,1.269380
0.220000,0,0.257326,0.909477,1.194555,-0.268401,-0.583948,1.268894
0.222000,0,0.256872,0.906136,1.188572,-0.269184,-0.584308,1.269247
0.224000,0,0.256427,0.903612,1.183822,-0.270005,-0.585382,1.270476
0.226000,0,0.255998,0.901769,1.180113,-0.270858,-0.587226,1.272660
0.228000,0,0.255588,0.900509,1.177316,-0.271744,-0.589830,1.275797
0.230000,0,0.255203,0.899729,1.175271,-0.272660,-0.593180,1.279863
0.232000,0,0.254845,0.899351,1.173864,-0.273608,-0.597252,1.284821
0.234000,0,0.254500,0.899315,1.172994,-0.274561,-0.601798,1.290410
0.236000,0,0.254166,0.899559,1.172576,-0.275515,-0.606765,1.296548
0.238000,0,0.253843,0.900040,1.172542,-0.276468,-0.612071,1.303128
0.240000,0,0.253529,0.900710,1.172823,-0.277418,-0.617683,1.310087
0.242000,0,0.253223,0.901527,1.173350,-0.278362,-0.623595,1.317389
0.244000,0,0.252925,0.902456,1.174072,-0.279304,-0.629794,1.324988
0.246000,0,0.252633,0.903472,1.174945,-0.280234,-0.636239,1.332823
0.248000,0,0.252347,0.904553,1.175937,-0.281156,-0.642883,1.340829
0.250000,0,0.252068,0.905677,1.177010,-0.282067,-0.649720,1.348984
0.252000,0,0.251793,0.906827,1.178138,-0.282969,-0.656728,1.357250
0.254000,0,0.251524,0.907993,1.179301,-0.283861,-0.663863,1.365575
0.256000,0,0.251260,0.909162,1.180478,-0.284744,-0.671106,1.373930
0.258000,0,0.251000,0.910324,1.181651,-0.285617,-0.678453,1.382304
0.260000,0,0.250744,0.911469,1.182804,-0.286493,-0.685874,1.390680
0.262000,0,0.250493,0.912592,1.183927,-0.287372,-0.693347,1.399035
0.264000,0,0.250248,0.913692,1.185013,-0.288254,-0.700835,1.407323
0.266000,0,0.250008,0.914762,1.186053,-0.289142,-0.708338,1.415546
0.268000,0,0.249772,0.915799,1.187041,-0.290033,-0.715838,1.423680
0.270000,0,0.249541,0.916803,1.187973,-0.290926,-0.723318,1.431707
0.272000,0,0.249315,0.917772,1.188846,-0.291819,-0.730764,1.439607
0.274000,0,0.249096,0.918709,1.189660,-0.292710,-0.738145,1.447334
0.276000,0,0.248885,0.919613,1.190414,-0.293598,-0.745449,1.454873
0.278000,0,0.248680,0.920482,1.191104,-0.294484,-0.752676,1.462237
0.280000,0,0.248482,0.921318,1.191730,-0.295368,-0.759813,1.469411
0.282000,0,0.248292,0.922121,1.192292,-0.296246,-0.766849,1.476386
0.284000,0,0.248110,0.922894,1.192793,-0.297113,-0.773780,1.483145
0.286000,0,0.247938,0.923640,1.193234,-0.297964,-0.780584,1.489646
0.288000,0,0.247775,0.924359,1.193615,-0.298802,-0.787262,1.495908
0.290000,0,0.247622,0.925051,1.193937,-0.299626,-0.793806,1.501919
0.292000,0,0.247480,0.925722,1.194201,-0.300433,-0.800205,1.507676
0.294000,0,0.247349,0.926374,1.194412,-0.301222,-0.806451,1.513169
0.296000,0,0.247231,0.927011,1.194569,-0.301994,-0.812536,1.518390
0.298000,0,0.247127,0.927638,1.194676,-0.302745,-0.818443,1.523306
0.300000,0,0.247037,0.928254,1.194734,-0.303476,-0.824175,1.527938
0.302000,0,0.246961,0.928862,1.194744,-0.304188,-0.829725,1.532280
0.304000,0,0.246900,0.929464,1.194707,-0.304877,-0.835085,1.536331
0.306000,0,0.246855,0.930061,1.194626,-0.305543,-0.840250,1.540085
0.308000,0,0.246824,0.930657,1.194505,-0.306167,-0.845226,1.543508
0.310000,0,0.246809,0.931252,1.194347,-0.306748,-0.850012,1.546596
0.312000,0,0.246811,0.931848,1.194150,-0.307288,-0.854611,1.549371
0.314000,0,0.246828,0.932444,1.193916,-0.307787,-0.859019,1.551836
0.316000,0,0.246864,0.933044,1.193646,-0.308244,-0.863231,1.553992
0.318000,0,0.246917,0.933649,1.193341,-0.308660,-0.867245,1.555839
0.320000,0,0.246988,0.934262,1.193005,-0.309032,-0.871055,1.557354
0.322000,0,0.247080,0.934883,1.192638,-0.309363,-0.874660,1.558562
0.324000,0,0.247191,0.935517,1.192246,-0.309656,-0.878065,1.559482
0.326000,0,0.247322,0.936164,1.191829,-0.309911,-0.881268,1.560116
0.328000,0,0.247472,0.936824,1.191389,-0.310129,-0.884268,1.560461
0.330000,0,0.247643,0.937500,1.190927,-0.310305,-0.887064,1.560493
0.332000,0,0.247832,0.938191,1.190448,-0.310419,-0.889678,1.560210
0.334000,0,0.248039,0.938899,1.189953,-0.310469,-0.892113,1.559613
0.336000,0,0.248266,0.939624,1.189441,-0.310457,-0.894370,1.558723
0.338000,0,0.248514,0.940368,1.188914,-0.310377,-0.896436,1.557487
0.340000,0,0.248782,0.941131,1.188372,-0.310236,-0.898325,1.555949
0.342000,0,0.249071,0.941915,1.187816,-0.310037,-0.900036,1.554120
0.344000,0,0.249380,0.942719,1.187247,-0.309782,-0.901576,1.552004
0.346000,0,0.249710,0.943545,1.186667,-0.309472,-0.902945,1.549604
0.348000,0,0.250062,0.944392,1.186075,-0.309109,-0.904146,1.546936
0.350000,0,0.250438,0.945265,1.185472,-0.308685,-0.905161,1.543949
0.352000,0,0.250836,0.946162,1.184857,-0.308212,-0.906002,1.540705
0.354000,0,0.251256,0.947083,1.184234,-0.307692,-0.906677,1.537202
0.356000,0,0.251698,0.948029,1.183603,-0.307125,-0.907188,1.533443
0.358000,0,0.252160,0.949001,1.182970,-0.306487,-0.907564,1.529424
0.360000,0,0.252642,0.949999,1.182334,-0.305780,-0.907806,1.525149
0.362000,0,0.253146,0.951024,1.181696,-0.305006,-0.907916,1.520623
0.364000,0,0.253671,0.952076,1.181057,-0.304168,-0.907897,1.515862
0.366000,0,0.254220,0.953158,1.180416,-0.303269,-0.907747,1.510871
0.368000,0,0.254790,0.954269,1.179774,-0.302314,-0.907468,1.505648
0.370000,0,0.255382,0.955410,1.179134,-0.301309,-0.907060,1.500199
0.372000,0,0.255998,0.956582,1.178493,-0.300255,-0.906524,1.494537
0.374000,0,0.256637,0.957785,1.177855,-0.299157,-0.905862,1.488664
0.376000,0,0.257298,0.959021,1.177217,-0.298024,-0.905066,1.482594
0.378000,0,0.257984,0.960289,1.176580,-0.296858,-0.904138,1.476335
0.380000,0,0.258691,0.961589,1.175947,-0.295658,-0.903089,1.469886
0.382000,0,0.259418,0.962918,1.175326,-0.294396,-0.901973,1.463209
0.384000,0,0.260165,0.964280,1.174721,-0.293077,-0.900792,1.456313
0.386000,0,0.260931,0.965675,1.174131,-0.291704,-0.899549,1.449209
0.388000,0,0.261719,0.967106,1.173556,-0.290281,-0.898247,1.441917
0.390000,0,0.262530,0.968574,1.172992,-0.288828,-0.896856,1.434465
0.392000,0,0.263364,0.970082,1.172438,-0.287361,-0.895364,1.426880
0.394000,0,0.264220,0.971627,1.171896,-0.285872,-0.893789,1.419151
0.396000,0,0.265098,0.973210,1.171367,-0.284367,-0.892131,1.411290
0.398000,0,0.265998,0.974831,1.170849,-0.282846,-0.890390,1.403304
0.400000,0,0.266920,0.976490,1.170343,-0.281318,-0.888562,1.395208
0.402000,0,0.267865,0.978188,1.169846,-0.279791,-0.886642,1.387021
0.404000,0,0.268833,0.979924,1.169360,-0.278275,-0.884626,1.378762
0.406000,0,0.269828,0.981707,1.168871,-0.276835,-0.882418,1.370618
0.408000,0,0.270838,0.983519,1.168407,-0.275366,-0.880210,1.362267
0.410000,0,0.271865,0.985360,1.167967,-0.273869,-0.878000,1.353722
0.412000,0,0.272912,0.987236,1.167544,-0.272363,-0.875761,1.345054
0.414000,0,0.273980,0.989152,1.167134,-0.270874,-0.873452,1.336361
0.416000,1,0.275134,0.991203,1.166789,-0.269576,-0.872386,1.330024
0.418000,1,0.276353,0.993379,1.166496,-0.268450,-0.872373,1.325676
0.420000,1,0.277551,0.996333,1.168152,-0.267339,-0.873012,1.322563
0.422000,1,0.278711,1.000028,1.171689,-0.266234,-0.874192,1.320482
0.424000,1,0.279820,1.004401,1.176977,-0.265132,-0.875822,1.319262
0.426000,1,0.280864,1.009418,1.183966,-0.264026,-0.877817,1.318754
0.428000,1,0.281850,1.014903,1.192402,-0.262932,-0.880124,1.318851
0.430000,1,0.282770,1.020763,1.202385,-0.261838,-0.882686,1.319433
0.432000,1,0.283624,1.026887,1.213554,-0.260749,-0.885461,1.320419
0.434000,1,0.284407,1.033258,1.225822,-0.259653,-0.888398,1.321720
0.436000,1,0.285119,1.039805,1.239062,-0.258549,-0.891463,1.323270
0.438000,1,0.285772,1.046445,1.252947,-0.257442,-0.894632,1.325022
0.440000,1,0.286367,1.053032,1.267169,-0.256342,-0.897891,1.326937
0.442000,1,0.286904,1.059558,1.281699,-0.255242,-0.901209,1.328963
0.444000,1,0.287382,1.065969,1.296530,-0.254138,-0.904568,1.331062
0.446000,1,0.287813,1.072174,1.311404,-0.253042,-0.907962,1.333213
0.448000,1,0.288210,1.078140,1.326238,-0.251955,-0.911376,1.335392
0.450000,1,0.288574,1.083864,1.341037,-0.250871,-0.914794,1.337569
0.452000,1,0.288902,1.089291,1.355734,-0.249795,-0.918210,1.339729
0.454000,1,0.289204,1.094402,1.370292,-0.248726,-0.921618,1.341858
0.456000,1,0.289472,1.099173,1.384700,-0.247664,-0.925012,1.343940
0.458000,1,0.289681,1.103609,1.398957,-0.246604,-0.928385,1.345969
0.460000,1,0.289822,1.107691,1.413055,-0.245547,-0.931736,1.347935
0.462000,1,0.289896,1.111405,1.426974,-0.244494,-0.935061,1.349831
0.464000,1,0.289906,1.114736,1.440693,-0.243445,-0.938363,1.351656
0.466000,1,0.289841,1.117654,1.454272,-0.242400,-0.941652,1.353408
0.468000,1,0.289705,1.120159,1.467730,-0.241356,-0.944923,1.355080
0.470000,1,0.289515,1.122251,1.480911,-0.240321,-0.948178,1.356681
0.472000,1,0.289277,1.123920,1.493774,-0.239298,-0.951421,1.358209
0.474000,1,0.288975,1.125134,1.506380,-0.238286,-0.954660,1.359666
0.476000,1,0.288618,1.125892,1.518707,-0.237287,-0.957894,1.361052
0.478000,1,0.288217,1.126216,1.530680,-0.236302,-0.961118,1.362367
0.480000,1,0.287774,1.126107,1.542281,-0.235333,-0.964332,1.363610
0.482000,1,0.287278,1.125568,1.553527,-0.234379,-0.967538,1.364786
0.484000,1,0.286698,1.124553,1.564482,-0.233438,-0.970747,1.365895
0.486000,1,0.286055,1.123099,1.575083,-0.232513,-0.973950,1.366938
0.488000,1,0.285353,1.121211,1.585361,-0.231605,-0.977148,1.367912
0.490000,1,0.284600,1.118898,1.595245,-0.230716,-0.980340,1.368824
0.492000,1,0.283778,1.116120,1.604763,-0.229846,-0.983538,1.369679
0.494000,1,0.282906,1.112926,1.613870,-0.228996,-0.986733,1.370475
0.496000,1,0.281990,1.109326,1.622556,-0.228169,-0.989926,1.371217
0.498000,1,0.281034,1.105328,1.630852,-0.227363,-0.993119,1.371905
0.500000,1,0.280028,1.100933,1.638734,-0.226580,-0.996313,1.372543
0.502000,1,0.278970,1.096149,1.646202,-0.225819,-0.999510,1.373134
0.504000,1,0.277864,1.090991,1.653252,-0.225081,-1.002711,1.373679
0.506000,1,0.276711,1.085470,1.659882,-0.224367,-1.005915,1.374179
0.508000,1,0.275517,1.079593,1.666119,-0.223679,-1.009125,1.374636
0.510000,1,0.274276,1.073355,1.671988,-0.223018,-1.012344,1.375053
0.512000,1,0.272992,1.066769,1.677489,-0.222383,-1.015574,1.375431
0.514000,1,0.271661,1.059859,1.682585,-0.221773,-1.018812,1.375777
0.516000,1,0.270287,1.052643,1.687271,-0.221189,-1.022059,1.376091
0.518000,1,0.268873,1.045126,1.691569,-0.220634,-1.025316,1.376375
0.520000,1,0.267423,1.037327,1.695479,-0.220107,-1.028587,1.376634
0.522000,1,0.265939,1.029278,1.698979,-0.219606,-1.031868,1.376872
0.524000,1,0.264423,1.021002,1.702068,-0.219132,-1.035160,1.377091
0.526000,1,0.262877,1.012512,1.704759,-0.218686,-1.038464,1.377292
0.528000,1,0.261304,1.003815,1.707073,-0.218269,-1.041784,1.377478
0.530000,1,0.259709,0.994935,1.709009,-0.217883,-1.045120,1.377649
0.532000,1,0.258110,0.985907,1.710562,-0.217526,-1.048469,1.377808
0.534000,1,0.256517,0.976760,1.711743,-0.217200,-1.051830,1.377957
0.536000,1,0.254933,0.967499,1.712573,-0.216907,-1.055209,1.378096
0.538000,1,0.253357,0.958137,1.713062,-0.216647,-1.058607,1.378230
0.540000,1,0.251790,0.948708,1.713198,-0.216417,-1.062023,1.378360
0.542000,1,0.250235,0.939215,1.713001,-0.216219,-1.065461,1.378488
0.544000,1,0.248698,0.929703,1.712450,-0.216051,-1.068916,1.378616
0.546000,1,0.247180,0.920174,1.711565,-0.215915,-1.072396,1.378750
0.548000,1,0.245685,0.910649,1.710346,-0.215810,-1.075901,1.378889
0.550000,1,0.244215,0.901160,1.708788,-0.215733,-1.079429,1.379037
0.552000,1,0.242773,0.891725,1.706900,-0.215685,-1.082982,1.379193
0.554000,1,0.241344,0.882329,1.704659,-0.215666,-1.086567,1.379364
0.556000,1,0.239930,0.872975,1.702087,-0.215679,-1.090186,1.379549
0.558000,1,0.238584,0.863739,1.699134,-0.215725,-1.093832,1.379742
0.560000,1,0.237332,0.854691,1.695841,-0.215802,-1.097501,1.379939
0.562000,1,0.236175,0.845847,1.692228,-0.215909,-1.101197,1.380144
0.564000,1,0.235111,0.837216,1.688314,-0.216046,-1.104922,1.380357
0.566000,1,0.234138,0.828797,1.684119,-0.216211,-1.108684,1.380586
0.568000,1,0.233246,0.820583,1.679616,-0.216406,-1.112484,1.380833
0.570000,1,0.232434,0.812600,1.674860,-0.216627,-1.116323,1.381099
0.572000,1,0.231702,0.804856,1.669869,-0.216875,-1.120201,1.381383
0.574000,1,0.231046,0.797355,1.664654,-0.217148,-1.124120,1.381686
0.576000,1,0.230466,0.790098,1.659229,-0.217445,-1.128082,1.382012
0.578000,1,0.229960,0.783088,1.653603,-0.217768,-1.132087,1.382362
0.580000,1,0.229521,0.776336,1.647779,-0.218114,-1.136135,1.382735
0.582000,1,0.229351,0.770039,1.641603,-0.218498,-1.140206,1.383113
0.584000,1,0.229450,0.764207,1.635087,-0.218917,-1.144303,1.383496
0.586000,1,0.229817,0.758838,1.628249,-0.219369,-1.148427,1.383884
0.588000,1,0.230421,0.753911,1.621129,-0.219851,-1.152582,1.384282
0.590000,1,0.231195,0.749374,1.613795,-0.220356,-1.156777,1.384697
0.592000,1,0.232099,0.745199,1.606283,-0.220883,-1.161014,1.385131
0.594000,1,0.233102,0.741361,1.598620,-0.221429,-1.165296,1.385587
0.596000,1,0.234205,0.737857,1.590816,-0.221994,-1.169620,1.386061
0.598000,1,0.235378,0.734662,1.582896,-0.222576,-1.173988,1.386554
0.600000,1,0.236546,0.731623,1.574991,-0.223172,-1.178415,1.387078
0.602000,1,0.238296,0.730460,1.571323,-0.223932,-1.183079,1.387714
0.604000,0,0.240484,0.730900,1.571133,-0.224824,-1.187945,1.388447
0.606000,0,0.243009,0.732671,1.573766,-0.225823,-1.192973,1.389256
0.608000,0,0.244635,0.735408,1.576823,-0.227275,-1.198055,1.390459
0.610000,0,0.245443,0.738972,1.580261,-0.229213,-1.203163,1.391976
0.612000,0,0.245543,0.743212,1.583998,-0.231566,-1.208245,1.393695
0.614000,0,0.245008,0.748009,1.587972,-0.234329,-1.213291,1.395607
0.616000,0,0.243927,0.753237,1.592098,-0.237422,-1.218270,1.397691
0.618000,0,0.242397,0.758778,1.596289,-0.240715,-1.223150,1.399929
0.620000,0,0.240505,0.764528,1.600476,-0.244211,-1.227713,1.403997
0.622000,0,0.238276,0.770433,1.604627,-0.247901,-1.231944,1.409806
0.624000,0,0.235759,0.776429,1.608694,-0.251740,-1.235812,1.417344
0.626000,0,0.233076,0.782368,1.612540,-0.255572,-1.239362,1.426242
0.628000,0,0.230295,0.788169,1.616089,-0.259314,-1.242599,1.436267
0.630000,0,0.227480,0.793766,1.619279,-0.262913,-1.245515,1.447229
0.632000,0,0.224695,0.799043,1.622006,-0.266157,-1.248207,1.458797
0.634000,0,0.221944,0.803992,1.624266,-0.269048,-1.250669,1.470930
0.636000,0,0.219275,0.808629,1.626094,-0.271600,-1.252942,1.483425
0.638000,0,0.216694,0.812985,1.627534,-0.273855,-1.255043,1.496190
0.640000,0,0.214207,0.817088,1.628624,-0.275868,-1.256986,1.509135
0.642000,0,0.211812,0.820928,1.629350,-0.277638,-1.258767,1.522239
0.644000,0,0.209511,0.824533,1.629745,-0.279200,-1.260379,1.535445
0.646000,0,0.207303,0.827925,1.629836,-0.280579,-1.261805,1.548720
0.648000,0,0.205196,0.831163,1.629693,-0.281846,-1.263021,1.561940
0.650000,0,0.203188,0.834262,1.629335,-0.283020,-1.264006,1.575077
0.652000,0,0.201276,0.837209,1.628743,-0.284100,-1.264760,1.588135
0.654000,0,0.199458,0.840017,1.627935,-0.285105,-1.265263,1.601069
0.656000,0,0.197737,0.842727,1.626957,-0.286068,-1.265470,1.613758
0.658000,0,0.196103,0.845344,1.625822,-0.286946,-1.265400,1.626164
0.660000,0,0.194552,0.847851,1.624511,-0.287739,-1.265055,1.638302
0.662000,0,0.193085,0.850280,1.623062,-0.288457,-1.264404,1.650099
0.664000,0,0.191697,0.852640,1.621486,-0.289107,-1.263430,1.661529
0.666000,0,0.190388,0.854937,1.619789,-0.289695,-1.262120,1.672575
0.668000,0,0.189156,0.857176,1.617976,-0.290223,-1.260460,1.683218
0.670000,0,0.187999,0.859359,1.616051,-0.290693,-1.258436,1.693449
0.672000,0,0.186915,0.861490,1.614018,-0.291108,-1.256041,1.703249
0.674000,0,0.185903,0.863560,1.611864,-0.291470,-1.253278,1.712646
0.676000,0,0.184961,0.865586,1.609613,-0.291779,-1.250133,1.721588
0.678000,0,0.184086,0.867570,1.607270,-0.292035,-1.246599,1.730060
0.680000,0,0.183281,0.869525,1.604839,-0.292243,-1.242601,1.738073
0.682000,0,0.182544,0.871442,1.602309,-0.292411,-1.238142,1.745661
0.684000,0,0.181873,0.873317,1.599683,-0.292546,-1.233281,1.752798
0.686000,0,0.181265,0.875150,1.596968,-0.292651,-1.228030,1.759468
0.688000,0,0.180718,0.876946,1.594170,-0.292724,-1.222401,1.765652
0.690000,0,0.180227,0.878714,1.591307,-0.292758,-1.216402,1.771303
0.692000,0,0.179793,0.880464,1.588385,-0.292738,-1.209974,1.776419
0.694000,0,0.179417,0.882191,1.585396,-0.292668,-1.203124,1.781031
0.696000,0,0.179095,0.883901,1.582354,-0.292550,-1.195861,1.785139
0.698000,0,0.178823,0.885585,1.579258,-0.292392,-1.188270,1.788745
0.700000,0,0.178600,0.887245,1.576115,-0.292196,-1.180377,1.791845
0.702000,0,0.178420,0.888884,1.572935,-0.291953,-1.172211,1.794422
0.704000,0,0.178284,0.890502,1.569715,-0.291669,-1.163780,1.796500
0.706000,0,0.178194,0.892101,1.566458,-0.291343,-1.155100,1.798109
0.708000,0,0.178153,0.893693,1.563173,-0.291033,-1.146123,1.799254
0.710000,0,0.178162,0.895275,1.559857,-0.290740,-1.136857,1.799956
0.712000,0,0.178224,0.896861,1.556519,-0.290463,-1.127241,1.800202
0.714000,0,0.178328,0.898436,1.553160,-0.290193,-1.117387,1.799986
0.716000,0,0.178471,0.900002,1.549786,-0.289928,-1.107322,1.799316
0.718000,0,0.178650,0.901559,1.546399,-0.289663,-1.097066,1.798201
0.720000,0,0.178871,0.903109,1.542998,-0.289401,-1.086625,1.796661
0.722000,0,0.179133,0.904659,1.539590,-0.289129,-1.075965,1.794671
0.724000,0,0.179432,0.906201,1.536174,-0.288851,-1.065175,1.792272
0.726000,0,0.179762,0.907735,1.532756,-0.288559,-1.054295,1.789468
0.728000,0,0.180120,0.909261,1.529338,-0.288244,-1.043358,1.786250
0.730000,0,0.180507,0.910781,1.525922,-0.287903,-1.032385,1.782633
0.732000,0,0.180926,0.912297,1.522510,-0.287539,-1.021380,1.778638
0.734000,0,0.181385,0.913825,1.519120,-0.287227,-1.010296,1.774287
0.736000,0,0.181882,0.915367,1.515754,-0.286970,-0.999150,1.769591
0.738000,0,0.182410,0.916919,1.512414,-0.286755,-0.987987,1.764534
0.740000,0,0.182968,0.918482,1.509101,-0.286573,-0.976832,1.759124
0.742000,0,0.183554,0.920058,1.505819,-0.286421,-0.965696,1.753392
0.744000,0,0.184170,0.921648,1.502569,-0.286301,-0.954581,1.747353
0.746000,0,0.184816,0.923254,1.499352,-0.286203,-0.943506,1.741018
0.748000,0,0.185489,0.924875,1.496169,-0.286120,-0.932492,1.734395
0.750000,0,0.186187,0.926510,1.493019,-0.286036,-0.921570,1.727480
0.752000,0,0.186904,0.928159,1.489906,-0.285931,-0.910794,1.720284
0.754000,0,0.187640,0.929823,1.486832,-0.285798,-0.900182,1.712818
0.756000,0,0.188396,0.931506,1.483800,-0.285639,-0.889735,1.705104
0.758000,0,0.189173,0.933212,1.480813,-0.285459,-0.879442,1.697158
0.760000,0,0.189977,0.934934,1.477862,-0.285330,-0.869388,1.688906
0.762000,0,0.190801,0.936670,1.474947,-0.285230,-0.859632,1.680345
0.764000,0,0.191648,0.938422,1.472069,-0.285158,-0.850173,1.671496
0.766000,0,0.192518,0.940199,1.469235,-0.285122,-0.840976,1.662398
0.768000,0,0.193410,0.942003,1.466448,-0.285111,-0.832041,1.653075
0.770000,0,0.194315,0.943838,1.463710,-0.285078,-0.823421,1.643547
0.772000,0,0.195233,0.945703,1.461024,-0.285008,-0.815122,1.633831
0.774000,0,0.196165,0.947600,1.458388,-0.284904,-0.807141,1.623949
0.776000,0,0.197109,0.949532,1.455804,-0.284745,-0.799482,1.613911
0.778000,0,0.198064,0.951500,1.453272,-0.284522,-0.792143,1.603729
0.780000,0,0.199030,0.953505,1.450792,-0.284227,-0.785122,1.593418
0.782000,0,0.200007,0.955547,1.448365,-0.283865,-0.778417,1.582997
0.784000,0,0.201021,0.957597,1.445951,-0.283712,-0.772208,1.572185
0.786000,0,0.202064,0.959661,1.443557,-0.283748,-0.766486,1.561013
0.788000,0,0.203136,0.961765,1.441208,-0.283947,-0.761081,1.549603
0.790000,0,0.204217,0.963915,1.438914,-0.284143,-0.755995,1.538066
0.792000,0,0.205309,0.966108,1.436671,-0.284339,-0.751223,1.526418
0.794000,0,0.206393,0.968355,1.434494,-0.284349,-0.746729,1.514789
0.796000,0,0.207468,0.970659,1.432386,-0.284124,-0.742485,1.503227
0.798000,0,0.208534,0.973021,1.430349,-0.283646,-0.738477,1.491749
0.800000,0,0.209593,0.975437,1.428379,-0.282922,-0.734703,1.480373
0.802000,0,0.210642,0.977897,1.426464,-0.281904,-0.731240,1.469062
0.804000,0,0.211694,0.980415,1.424619,-0.280701,-0.727912,1.457876
0.806000,0,0.212754,0.982990,1.422842,-0.279370,-0.724679,1.446793
0.808000,0,0.213836,0.985554,1.421036,-0.278477,-0.721949,1.436360
0.810000,0,0.214925,0.988121,1.419217,-0.277923,-0.719699,1.426641
0.812000,0,0.216016,0.990694,1.417395,-0.277700,-0.717921,1.417592
0.814000,1,0.217176,0.993361,1.415621,-0.277854,-0.717559,1.411789
0.816000,1,0.218363,0.996097,1.413885,-0.278151,-0.718388,1.408442
0.818000,1,0.219610,0.999243,1.413779,-0.278139,-0.719720,1.405810
0.820000,1,0.220910,1.002773,1.415286,-0.277880,-0.721432,1.403728
0.822000,1,0.222257,1.006631,1.418256,-0.277429,-0.723451,1.402098
0.824000,1,0.223637,1.010783,1.422659,-0.276824,-0.725690,1.400805
0.826000,1,0.225053,1.015146,1.428481,-0.276103,-0.728097,1.399782
0.828000,1,0.226496,1.019661,1.435511,-0.275295,-0.730633,1.398973
0.830000,1,0.227968,1.024256,1.443362,-0.274426,-0.733298,1.398372
0.832000,1,0.229441,1.028815,1.451923,-0.273511,-0.736068,1.397929
0.834000,1,0.230908,1.033327,1.461152,-0.272561,-0.738898,1.397578
0.836000,1,0.232367,1.037746,1.470903,-0.271585,-0.741770,1.397290
0.838000,1,0.233818,1.042002,1.480934,-0.270599,-0.744688,1.397062
0.840000,1,0.235260,1.046061,1.491134,-0.269612,-0.747639,1.396873
0.842000,1,0.236694,1.049894,1.501422,-0.268629,-0.750610,1.396700
0.844000,1,0.238120,1.053496,1.511796,-0.267650,-0.753574,1.396504
0.846000,1,0.239538,1.056823,1.522132,-0.266683,-0.756540,1.396290
0.848000,1,0.240951,1.059848,1.532376,-0.265731,-0.759500,1.396047
0.850000,1,0.242357,1.062554,1.542487,-0.264797,-0.762449,1.395762
0.852000,1,0.243759,1.064941,1.552481,-0.263879,-0.765369,1.395411
0.854000,1,0.245156,1.066992,1.562326,-0.262981,-0.768259,1.394988
0.856000,1,0.246549,1.068676,1.571942,-0.262104,-0.771129,1.394505
0.858000,1,0.247924,1.070001,1.581303,-0.261250,-0.773977,1.393958
0.860000,1,0.249281,1.070958,1.590391,-0.260418,-0.776802,1.393345
0.862000,1,0.250623,1.071545,1.599171,-0.259610,-0.779604,1.392668
0.864000,1,0.251952,1.071767,1.607668,-0.258825,-0.782375,1.391912
0.866000,1,0.253268,1.071614,1.615873,-0.258065,-0.785117,1.391078
0.868000,1,0.254564,1.071064,1.623763,-0.257329,-0.787838,1.390179
0.870000,1,0.255842,1.070061,1.631349,-0.256620,-0.790546,1.389214
0.872000,1,0.257100,1.068655,1.638601,-0.255936,-0.793234,1.388185
0.874000,1,0.258341,1.066853,1.645543,-0.255278,-0.795900,1.387089
0.876000,1,0.259566,1.064604,1.652177,-0.254647,-0.798549,1.385927
0.878000,1,0.260769,1.061964,1.658439,-0.254041,-0.801183,1.384711
0.880000,1,0.261956,1.058864,1.664329,-0.253464,-0.803810,1.383443
0.882000,1,0.263128,1.055368,1.669834,-0.252914,-0.806424,1.382124
0.884000,1,0.264286,1.051482,1.674981,-0.252393,-0.809022,1.380749
0.886000,1,0.265425,1.047221,1.679735,-0.251898,-0.811612,1.379333
0.888000,1,0.266544,1.042590,1.684092,-0.251430,-0.814194,1.377877
0.890000,1,0.267642,1.037533,1.688050,-0.250992,-0.816777,1.376384
0.892000,1,0.268719,1.032125,1.691612,-0.250580,-0.819354,1.374855
0.894000,1,0.269776,1.026370,1.694800,-0.250198,-0.821923,1.373287
0.896000,1,0.270808,1.020294,1.697593,-0.249842,-0.824488,1.371687
0.898000,1,0.271814,1.013908,1.699987,-0.249514,-0.827049,1.370060
0.900000,1,0.272793,1.007226,1.701986,-0.249214,-0.829608,1.368407
0.902000,1,0.273744,1.000259,1.703595,-0.248941,-0.832166,1.366731
0.904000,1,0.274669,0.993025,1.704841,-0.248696,-0.834728,1.365040
0.906000,1,0.275568,0.985538,1.705727,-0.248480,-0.837295,1.363337
0.908000,1,0.276455,0.977784,1.706252,-0.248294,-0.839870,1.361624
0.910000,1,0.277330,0.969706,1.706394,-0.248141,-0.842461,1.359905
0.912000,1,0.278191,0.961390,1.706176,-0.248018,-0.845060,1.358180
0.914000,1,0.279036,0.952862,1.705598,-0.247924,-0.847668,1.356450
0.916000,1,0.279867,0.944126,1.704678,-0.247861,-0.850285,1.354717
0.918000,1,0.280681,0.935200,1.703416,-0.247830,-0.852912,1.352983
0.920000,1,0.281477,0.926101,1.701815,-0.247828,-0.855554,1.351255
0.922000,1,0.282246,0.916864,1.699863,-0.247853,-0.858211,1.349540
0.924000,1,0.282986,0.907507,1.697564,-0.247906,-0.860883,1.347839
0.926000,1,0.283699,0.898035,1.694934,-0.247987,-0.863573,1.346153
0.928000,1,0.284382,0.888464,1.691981,-0.248099,-0.866281,1.344482
0.930000,1,0.285042,0.878764,1.688657,-0.248240,-0.869012,1.342834
0.932000,1,0.285679,0.869031,1.685000,-0.248409,-0.871760,1.341205
0.934000,1,0.286294,0.859265,1.681027,-0.248608,-0.874526,1.339598
0.936000,1,0.286880,0.849502,1.676748,-0.248833,-0.877312,1.338015
0.938000,1,0.287435,0.839760,1.672175,-0.249085,-0.880120,1.336462
0.940000,1,0.287957,0.830035,1.667326,-0.249364,-0.882953,1.334941
0.942000,1,0.288441,0.820370,1.662201,-0.249668,-0.885809,1.333453
0.944000,1,0.288889,0.810765,1.656818,-0.250000,-0.888696,1.332007
0.946000,1,0.289298,0.801216,1.651189,-0.250358,-0.891617,1.330604
0.948000,1,0.289663,0.791748,1.645316,-0.250741,-0.894571,1.329245
0.950000,1,0.289979,0.782340,1.639163,-0.251151,-0.897561,1.327933
0.952000,1,0.290244,0.773005,1.632738,-0.251589,-0.900587,1.326668
0.954000,1,0.290462,0.763796,1.626103,-0.252051,-0.903646,1.325447
0.956000,1,0.290631,0.754747,1.619273,-0.252539,-0.906737,1.324271
0.958000,1,0.290778,0.745890,1.612225,-0.253053,-0.909859,1.323139
0.960000,1,0.290904,0.737225,1.604977,-0.253595,-0.913011,1.322051
0.962000,1,0.291003,0.728778,1.597481,-0.254165,-0.916195,1.321009
0.964000,1,0.291070,0.720590,1.589797,-0.254760,-0.919411,1.320013
0.966000,1,0.291103,0.712666,1.581942,-0.255380,-0.922660,1.319064
0.968000,1,0.291100,0.705005,1.573931,-0.256024,-0.925948,1.318170
0.970000,1,0.291058,0.697609,1.565776,-0.256692,-0.929276,1.317330
0.972000,1,0.290978,0.690475,1.557492,-0.257384,-0.932643,1.316544
0.974000,1,0.290978,0.690475,1.557492,-0.257384,-0.932643,1.316544
0.976000,1,0.290694,0.676995,1.540563,-0.258839,-0.939502,1.315132
0.978000,1,0.290487,0.670648,1.531941,-0.259602,-0.942992,1.314505
0.980000,1,0.290234,0.664544,1.523213,-0.260388,-0.946525,1.313931
0.982000,1,0.289933,0.658704,1.514390,-0.261197,-0.950100,1.313409
0.984000,1,0.289585,0.653126,1.505484,-0.262028,-0.953716,1.312937
0.986000,1,0.289347,0.647915,1.496322,-0.262896,-0.957356,1.312502
0.988000,1,0.289206,0.643146,1.486944,-0.263794,-0.961022,1.312106
0.990000,1,0.289156,0.638725,1.477415,-0.264722,-0.964723,1.311755
0.992000,1,0.289168,0.634624,1.467772,-0.265676,-0.968464,1.311451
0.994000,1,0.289193,0.630824,1.458001,-0.266652,-0.972248,1.311196
0.996000,1,0.289233,0.627321,1.448117,-0.267650,-0.976073,1.310989
0.998000,1,0.289250,0.624085,1.438208,-0.268665,-0.979943,1.310830
1.000000,1,0.289181,0.621107,1.428310,-0.269693,-0.983860,1.310722
1.002000,1,0.288985,0.618372,1.418450,-0.270730,-0.987827,1.310668
1.004000,1,0.288623,0.615847,1.408609,-0.271775,-0.991845,1.310670
1.006000,1,0.288543,0.613815,1.398438,-0.272868,-0.995869,1.310683
1.008000,1,0.288766,0.612266,1.387990,-0.274002,-0.999901,1.310708
1.008000,1,0.288766,0.612266,1.387990,-0.274002,-0.999901,1.310708
1.012000,1,0.289294,0.611194,1.377279,-0.275175,-1.003948,1.310754
1.014000,1,0.290732,0.611001,1.360390,-0.277660,-1.012349,1.311060
1.016000,0,0.291872,0.613025,1.357769,-0.279047,-1.016840,1.311391
1.018000,0,0.293166,0.616187,1.358045,-0.280460,-1.021460,1.311793
1.020000,0,0.294043,0.619640,1.358737,-0.281799,-1.026020,1.312614
1.022000,0,0.294548,0.623323,1.359736,-0.283090,-1.030505,1.313793
1.024000,0,0.294772,0.627126,1.360884,-0.284312,-1.034919,1.315365
1.026000,0,0.294760,0.630977,1.362074,-0.285462,-1.039252,1.317322
1.028000,0,0.294576,0.634828,1.363242,-0.286536,-1.043531,1.319770
1.030000,0,0.294268,0.638605,1.364302,-0.287567,-1.047570,1.323943
1.032000,0,0.293870,0.642322,1.365274,-0.288621,-1.051398,1.329798
1.034000,0,0.293400,0.645967,1.366155,-0.289685,-1.055094,1.337054
1.036000,0,0.292871,0.649530,1.366933,-0.290746,-1.058676,1.345495
1.038000,0,0.292290,0.652977,1.367552,-0.291800,-1.062131,1.355058
1.040000,0,0.291673,0.656342,1.368062,-0.292835,-1.065486,1.365419
1.042000,0,0.291028,0.659629,1.368472,-0.293845,-1.068752,1.376384
1.044000,0,0.290361,0.662844,1.368780,-0.294826,-1.071898,1.387828
1.046000,0,0.289679,0.665989,1.368984,-0.295776,-1.074909,1.399613
1.048000,0,0.288985,0.669039,1.369045,-0.296693,-1.077778,1.411717
1.050000,0,0.288283,0.672003,1.368967,-0.297574,-1.080479,1.424037
1.052000,0,0.287580,0.674913,1.368790,-0.298418,-1.082947,1.436428
1.054000,0,0.286882,0.677776,1.368517,-0.299224,-1.085157,1.448814
1.056000,0,0.286190,0.680593,1.368146,-0.299990,-1.087083,1.461132
1.058000,0,0.285504,0.683363,1.367681,-0.300708,-1.088749,1.473300
1.060000,0,0.284828,0.686088,1.367123,-0.301374,-1.090140,1.485272
1.062000,0,0.284163,0.688771,1.366475,-0.301990,-1.091242,1.496991
1.064000,0,0.283511,0.691417,1.365735,-0.302558,-1.092031,1.508452
1.066000,0,0.282872,0.694009,1.364883,-0.303078,-1.092510,1.519674
1.068000,0,0.282248,0.696573,1.363951,-0.303553,-1.092651,1.530563
1.070000,0,0.281641,0.699112,1.362943,-0.303985,-1.092431,1.541120
1.072000,0,0.281050,0.701630,1.361865,-0.304376,-1.091843,1.551302
1.074000,0,0.280476,0.704116,1.360701,-0.304727,-1.090889,1.561135
1.076000,0,0.279922,0.706578,1.359452,-0.305040,-1.089503,1.570626
1.078000,0,0.279387,0.709023,1.358139,-0.305314,-1.087719,1.579691
1.080000,0,0.278873,0.711453,1.356765,-0.305549,-1.085536,1.588337
1.082000,0,0.278380,0.713869,1.355330,-0.305753,-1.082942,1.596554
1.084000,0,0.277909,0.716272,1.353835,-0.305925,-1.079934,1.604333
1.086000,0,0.277461,0.718656,1.352272,-0.306069,-1.076517,1.611703
1.088000,0,0.277036,0.721023,1.350642,-0.306185,-1.072693,1.618632
1.090000,0,0.276636,0.723374,1.348949,-0.306274,-1.068462,1.625111
1.092000,0,0.276261,0.725716,1.347206,-0.306334,-1.063826,1.631084
1.094000,0,0.275909,0.728049,1.345414,-0.306364,-1.058789,1.636547
1.096000,0,0.275584,0.730370,1.343569,-0.306369,-1.053358,1.641530
1.098000,0,0.275285,0.732682,1.341675,-0.306349,-1.047542,1.646033
1.100000,0,0.275011,0.734989,1.339743,-0.306305,-1.041344,1.650047
1.102000,0,0.274761,0.737288,1.337770,-0.306235,-1.034792,1.653547
1.104000,0,0.274537,0.739590,1.335767,-0.306139,-1.027817,1.656538
1.106000,0,0.274338,0.741886,1.333731,-0.306018,-1.020517,1.659022
1.108000,0,0.274166,0.744175,1.331659,-0.305876,-1.012898,1.661027
1.110000,0,0.274022,0.746461,1.329556,-0.305727,-1.004947,1.662564
1.112000,0,0.273905,0.748745,1.327422,-0.305576,-0.996662,1.663657
1.114000,0,0.273818,0.751027,1.325259,-0.305424,-0.988048,1.664327
1.116000,0,0.273758,0.753306,1.323069,-0.305267,-0.979135,1.664549
1.118000,0,0.273724,0.755581,1.320856,-0.305102,-0.969948,1.664317
1.120000,0,0.273719,0.757857,1.318621,-0.304920,-0.960444,1.663584
1.122000,0,0.273745,0.760136,1.316363,-0.304725,-0.950631,1.662372
1.124000,0,0.273795,0.762412,1.314093,-0.304519,-0.940620,1.660730
1.126000,0,0.273869,0.764683,1.311812,-0.304296,-0.930461,1.658655
1.128000,0,0.273966,0.766951,1.309523,-0.304055,-0.920175,1.656157
1.130000,0,0.274092,0.769218,1.307227,-0.303797,-0.909768,1.653256
1.132000,0,0.274243,0.771487,1.304928,-0.303529,-0.899241,1.649957
1.134000,0,0.274421,0.773760,1.302630,-0.303251,-0.888615,1.646270
1.136000,0,0.274628,0.776039,1.300334,-0.302964,-0.877891,1.642213
1.138000,0,0.274863,0.778330,1.298047,-0.302661,-0.867027,1.637755
1.140000,0,0.275124,0.780629,1.295770,-0.302340,-0.856125,1.632943
1.142000,0,0.275408,0.782938,1.293513,-0.301998,-0.845218,1.627795
1.144000,0,0.275720,0.785261,1.291277,-0.301637,-0.834308,1.622329
1.146000,0,0.276057,0.787600,1.289067,-0.301254,-0.823412,1.616558
1.148000,0,0.276417,0.789954,1.286885,-0.300839,-0.812581,1.610485
1.150000,0,0.276802,0.792325,1.284734,-0.300392,-0.801819,1.604121
1.152000,0,0.277214,0.794720,1.282618,-0.299907,-0.791088,1.597425
1.154000,0,0.277651,0.797136,1.280539,-0.299388,-0.780455,1.590463
1.156000,0,0.278112,0.799575,1.278497,-0.298833,-0.769937,1.583252
1.158000,0,0.278599,0.802041,1.276502,-0.298244,-0.759538,1.575811
1.160000,0,0.279111,0.804535,1.274556,-0.297618,-0.749326,1.568132
1.162000,0,0.279646,0.807058,1.272662,-0.296953,-0.739318,1.560224
1.164000,0,0.280206,0.809612,1.270822,-0.296249,-0.729522,1.552097
1.166000,0,0.280791,0.812199,1.269036,-0.295504,-0.719943,1.543765
1.168000,0,0.281400,0.814822,1.267308,-0.294718,-0.710587,1.535237
1.170000,0,0.282035,0.817481,1.265637,-0.293892,-0.701459,1.526524
1.172000,0,0.282695,0.820179,1.264025,-0.293024,-0.692566,1.517634
1.174000,0,0.283379,0.822915,1.262474,-0.292117,-0.683911,1.508577
1.176000,0,0.284088,0.825696,1.260989,-0.291170,-0.675500,1.499360
1.178000,0,0.284821,0.828521,1.259571,-0.290185,-0.667337,1.489991
1.180000,0,0.285578,0.831391,1.258220,-0.289164,-0.659427,1.480477
1.182000,0,0.286361,0.834297,1.256934,-0.288128,-0.651946,1.470761
1.184000,0,0.287169,0.837240,1.255712,-0.287081,-0.644902,1.460850
1.186000,0,0.288002,0.840224,1.254556,-0.286022,-0.638278,1.450768
1.188000,0,0.288860,0.843253,1.253466,-0.284950,-0.632052,1.440533
1.190000,0,0.289743,0.846328,1.252441,-0.283864,-0.626202,1.430166
1.192000,0,0.290650,0.849452,1.251482,-0.282765,-0.620708,1.419682
1.194000,0,0.291580,0.852622,1.250587,-0.281653,-0.615566,1.409098
1.196000,0,0.292532,0.855846,1.249762,-0.280526,-0.610739,1.398423
1.198000,0,0.293506,0.859123,1.249006,-0.279381,-0.606204,1.387667
1.200000,0,0.294500,0.862453,1.248315,-0.278218,-0.601943,1.376842
1.202000,0,0.295513,0.865835,1.247688,-0.277026,-0.597948,1.365957
1.204000,0,0.296544,0.869266,1.247123,-0.275807,-0.594219,1.355024
1.206000,0,0.297593,0.872747,1.246618,-0.274554,-0.590737,1.344053
1.208000,0,0.298695,0.876257,1.246137,-0.273697,-0.587356,1.332804
1.210000,0,0.299834,0.879804,1.245693,-0.273115,-0.584090,1.321370
1.212000,0,0.301005,0.883388,1.245285,-0.272804,-0.580935,1.309753
1.214000,0,0.302185,0.887022,1.244931,-0.272514,-0.577865,1.298122
1.216000,1,0.303445,0.890816,1.244688,-0.272461,-0.576441,1.290205
1.218000,1,0.304761,0.894766,1.244560,-0.272566,-0.576658,1.285611
1.220000,1,0.306119,0.898845,1.244532,-0.272769,-0.578259,1.283744
1.222000,1,0.307445,0.903098,1.245463,-0.272735,-0.580372,1.282557
1.224000,1,0.308730,0.907504,1.247323,-0.272512,-0.582864,1.281872
1.226000,1,0.309978,0.912028,1.250033,-0.272137,-0.585635,1.281546
1.228000,1,0.311189,0.916651,1.253564,-0.271642,-0.588615,1.281487
1.230000,1,0.312371,0.921224,1.258635,-0.271067,-0.591723,1.281611
1.232000,1,0.313558,0.925699,1.265111,-0.270434,-0.594924,1.281864
1.234000,1,0.314750,0.930090,1.272774,-0.269752,-0.598189,1.282218
1.236000,1,0.315938,0.934401,1.281415,-0.269031,-0.601492,1.282633
1.238000,1,0.317111,0.938625,1.290841,-0.268281,-0.604809,1.283079
1.240000,1,0.318265,0.942753,1.301005,-0.267506,-0.608097,1.283484
1.242000,1,0.319387,0.946745,1.311643,-0.266716,-0.611370,1.283871
1.244000,1,0.320468,0.950591,1.322597,-0.265917,-0.614621,1.284224
1.246000,1,0.321506,0.954269,1.333756,-0.265114,-0.617841,1.284528
1.248000,1,0.322498,0.957774,1.345108,-0.264306,-0.621000,1.284735
1.250000,1,0.323442,0.961084,1.356565,-0.263497,-0.624097,1.284837
1.252000,1,0.324335,0.964167,1.368070,-0.262690,-0.627130,1.284829
1.254000,1,0.325172,0.966989,1.379465,-0.261890,-0.630121,1.284738
1.256000,1,0.325953,0.969530,1.390692,-0.261100,-0.633070,1.284562
1.258000,1,0.326677,0.971790,1.401764,-0.260318,-0.635955,1.284267
1.260000,1,0.327328,0.973795,1.412630,-0.259545,-0.638773,1.283854
1.262000,1,0.327901,0.975527,1.423216,-0.258782,-0.641542,1.283348
1.264000,1,0.328397,0.976971,1.433498,-0.258033,-0.644264,1.282746
1.266000,1,0.328818,0.978116,1.443462,-0.257296,-0.646939,1.282049
1.268000,1,0.329164,0.978954,1.453100,-0.256575,-0.649567,1.281254
1.270000,1,0.329439,0.979477,1.462403,-0.255870,-0.652151,1.280362
1.272000,1,0.329646,0.979678,1.471364,-0.255179,-0.654694,1.279382
1.274000,1,0.329786,0.979561,1.480005,-0.254503,-0.657188,1.278298
1.276000,1,0.329859,0.979112,1.488283,-0.253844,-0.659645,1.277128
1.278000,1,0.329868,0.978326,1.496187,-0.253203,-0.662067,1.275877
1.280000,1,0.329814,0.977197,1.503735,-0.252580,-0.664456,1.274545
1.282000,1,0.329699,0.975730,1.510951,-0.251975,-0.666806,1.273124
1.284000,1,0.329520,0.973930,1.517804,-0.251389,-0.669117,1.271616
1.286000,1,0.329279,0.971795,1.524310,-0.250823,-0.671393,1.270026
1.288000,1,0.328973,0.969335,1.530394,-0.250277,-0.673643,1.268372
1.290000,1,0.328605,0.966553,1.536047,-0.249752,-0.675870,1.266659
1.292000,1,0.328176,0.963456,1.541271,-0.249249,-0.678075,1.264890
1.294000,1,0.327690,0.960048,1.546093,-0.248770,-0.680255,1.263057
1.296000,1,0.327149,0.956335,1.550513,-0.248312,-0.682415,1.261173
1.298000,1,0.326558,0.952323,1.554534,-0.247877,-0.684565,1.259254
1.300000,1,0.325917,0.948026,1.558130,-0.247463,-0.686706,1.257303
1.302000,1,0.325227,0.943455,1.561301,-0.247072,-0.688837,1.255322
1.304000,1,0.324490,0.938615,1.564056,-0.246705,-0.690959,1.253312
1.306000,1,0.323709,0.933510,1.566416,-0.246363,-0.693073,1.251269
1.308000,1,0.322885,0.928156,1.568386,-0.246046,-0.695177,1.249197
1.310000,1,0.322027,0.922547,1.569964,-0.245755,-0.697279,1.247104
1.312000,1,0.321141,0.916689,1.571184,-0.245491,-0.699381,1.244994
1.314000,1,0.320227,0.910593,1.572045,-0.245253,-0.701484,1.242870
1.316000,1,0.319286,0.904276,1.572546,-0.245041,-0.703592,1.240742
1.318000,1,0.318321,0.897742,1.572705,-0.244857,-0.705705,1.238606
1.320000,1,0.317327,0.891028,1.572482,-0.244700,-0.707822,1.236469
1.322000,1,0.316303,0.884150,1.571879,-0.244569,-0.709945,1.234333
1.324000,1,0.315252,0.877126,1.570902,-0.244465,-0.712075,1.232202
1.326000,1,0.314174,0.869969,1.569561,-0.244387,-0.714215,1.230079
1.328000,1,0.313071,0.862683,1.567880,-0.244336,-0.716366,1.227968
1.330000,1,0.311946,0.855272,1.565877,-0.244314,-0.718529,1.225868
1.332000,1,0.310798,0.847762,1.563543,-0.244321,-0.720705,1.223783
1.334000,1,0.309635,0.840179,1.560863,-0.244355,-0.722899,1.221724
1.336000,1,0.308462,0.832531,1.557847,-0.244417,-0.725113,1.219693
1.338000,1,0.307276,0.824830,1.554505,-0.244507,-0.727347,1.217694
1.340000,1,0.306080,0.817090,1.550849,-0.244624,-0.729604,1.215728
1.342000,1,0.304873,0.809314,1.546894,-0.244771,-0.731884,1.213796
1.344000,1,0.303657,0.801501,1.542662,-0.244948,-0.734190,1.211900
1.346000,1,0.302433,0.793665,1.538161,-0.245155,-0.736523,1.210044
1.348000,1,0.301197,0.785834,1.533387,-0.245390,-0.738884,1.208232
1.350000,1,0.299945,0.778037,1.528335,-0.245651,-0.741272,1.206466
1.352000,1,0.298677,0.770288,1.523014,-0.245940,-0.743689,1.204748
1.354000,1,0.297394,0.762586,1.517439,-0.246258,-0.746136,1.203078
1.356000,1,0.296100,0.754929,1.511627,-0.246605,-0.748617,1.201463
1.358000,1,0.294819,0.747351,1.505549,-0.246980,-0.751136,1.199911
1.360000,1,0.293553,0.739864,1.499209,-0.247383,-0.753694,1.198424
1.362000,1,0.292305,0.732457,1.492624,-0.247816,-0.756291,1.197002
1.364000,1,0.291076,0.725122,1.485811,-0.248276,-0.758931,1.195645
1.366000,1,0.289866,0.717859,1.478782,-0.248767,-0.761613,1.194353
1.368000,1,0.288668,0.710689,1.471541,-0.249284,-0.764337,1.193128
1.370000,1,0.287473,0.703649,1.464090,-0.249828,-0.767101,1.191970
1.372000,1,0.286276,0.696750,1.456436,-0.250398,-0.769906,1.190880
1.374000,1,0.285073,0.690016,1.448583,-0.250993,-0.772751,1.189859
1.376000,1,0.283872,0.683421,1.440548,-0.251614,-0.775640,1.188907
1.378000,1,0.282673,0.676965,1.432344,-0.252262,-0.778572,1.188025
1.380000,1,0.281475,0.670657,1.423973,-0.252935,-0.781548,1.187212
1.382000,1,0.280363,0.664546,1.415340,-0.253641,-0.784562,1.186464
1.384000,1,0.279336,0.658642,1.406451,-0.254379,-0.787613,1.185781
1.386000,1,0.278382,0.652949,1.397330,-0.255145,-0.790706,1.185168
1.388000,1,0.277486,0.647468,1.388002,-0.255939,-0.793843,1.184627
1.390000,1,0.276650,0.642196,1.378480,-0.256759,-0.797024,1.184156
1.392000,1,0.275841,0.637153,1.368795,-0.257602,-0.800249,1.183757
1.394000,1,0.275043,0.632337,1.358966,-0.258467,-0.803518,1.183428
1.396000,1,0.274248,0.627727,1.349009,-0.259354,-0.806832,1.183166
1.398000,1,0.273403,0.623425,1.338896,-0.260260,-0.810184,1.182971
1.400000,1,0.272498,0.619436,1.328646,-0.261182,-0.813575,1.182842
1.402000,1,0.271546,0.615619,1.318296,-0.262126,-0.817015,1.182781
1.404000,1,0.270555,0.611977,1.307920,-0.263088,-0.820503,1.182784
1.406000,1,0.269519,0.608498,1.297527,-0.264068,-0.824038,1.182849
1.408000,1,0.268823,0.605272,1.286685,-0.265100,-0.827591,1.182948
1.410000,1,0.268357,0.602273,1.275529,-0.266168,-0.831174,1.183090
1.412000,1,0.267939,0.599561,1.264155,-0.267255,-0.834789,1.183284
1.414000,1,0.267480,0.597081,1.252720,-0.268354,-0.838449,1.183539
1.416000,1,0.266981,0.594646,1.241423,-0.269463,-0.842168,1.183860
1.418000,1,0.266402,0.592247,1.230323,-0.270580,-0.845947,1.184247
1.420000,1,0.265783,0.590352,1.220334,-0.271680,-0.849739,1.184658
1.422000,0,0.265281,0.590132,1.213637,-0.272780,-0.853652,1.185147
1.424000,0,0.264854,0.591330,1.209665,-0.273872,-0.857669,1.185718
1.426000,0,0.264353,0.593203,1.207027,-0.274915,-0.862055,1.187553
1.428000,0,0.263791,0.595606,1.205458,-0.275908,-0.866773,1.190607
1.430000,0,0.263183,0.598440,1.204777,-0.276861,-0.871801,1.194848
1.432000,0,0.262537,0.601621,1.204810,-0.277812,-0.877039,1.200088
1.434000,0,0.261879,0.605077,1.205426,-0.278775,-0.882346,1.206846
1.436000,0,0.261879,0.605077,1.205426,-0.278775,-0.882346,1.206846
1.438000,0,0.260541,0.612575,1.207960,-0.280718,-0.892996,1.224211
1.440000,0,0.259859,0.616501,1.209662,-0.281695,-0.898285,1.234583
1.442000,0,0.259859,0.616501,1.209662,-0.281695,-0.898285,1.234583
1.444000,0,0.258494,0.624594,1.213680,-0.283606,-0.908599,1.257202
1.446000,0,0.257809,0.628690,1.215859,-0.284529,-0.913563,1.269222
1.448000,0,0.257128,0.632805,1.218110,-0.285428,-0.918337,1.281476
1.450000,0,0.256454,0.636923,1.220398,-0.286304,-0.922906,1.293845
1.452000,0,0.255786,0.641030,1.222692,-0.287158,-0.927241,1.306248
1.454000,0,0.255122,0.645098,1.224943,-0.287990,-0.931341,1.318686
1.456000,0,0.254465,0.649132,1.227145,-0.288798,-0.935149,1.331052
1.458000,0,0.253814,0.653124,1.229284,-0.289560,-0.938693,1.343274
1.460000,0,0.253169,0.657070,1.231350,-0.290277,-0.941963,1.355313
1.462000,0,0.252531,0.660965,1.233331,-0.290948,-0.944942,1.367141
1.464000,0,0.251899,0.664806,1.235207,-0.291577,-0.947581,1.378780
1.466000,0,0.251275,0.668591,1.236979,-0.292163,-0.949901,1.390165
1.468000,0,0.250660,0.672318,1.238641,-0.292708,-0.951896,1.401270
1.470000,0,0.250055,0.675989,1.240189,-0.293212,-0.953554,1.412082
1.472000,0,0.249461,0.679602,1.241619,-0.293675,-0.954862,1.422604
1.474000,0,0.248876,0.683151,1.242920,-0.294099,-0.955823,1.432859
1.476000,0,0.248304,0.686647,1.244104,-0.294485,-0.956422,1.442798
1.478000,0,0.247745,0.690092,1.245174,-0.294832,-0.956658,1.452391
1.480000,0,0.247200,0.693487,1.246133,-0.295143,-0.956532,1.461624
1.482000,0,0.246668,0.696835,1.246982,-0.295410,-0.956039,1.470501
1.484000,0,0.246152,0.700140,1.247718,-0.295629,-0.955127,1.479035
1.486000,0,0.245650,0.703400,1.248349,-0.295805,-0.953846,1.487203
1.488000,0,0.245164,0.706620,1.248882,-0.295939,-0.952206,1.494995
1.490000,0,0.244693,0.709806,1.249324,-0.296034,-0.950210,1.502405
1.492000,0,0.244238,0.712961,1.249685,-0.296091,-0.947860,1.509430
1.494000,0,0.243799,0.716085,1.249960,-0.296113,-0.945161,1.516097
1.496000,0,0.243376,0.719185,1.250162,-0.296097,-0.942115,1.522371
1.498000,0,0.242970,0.722261,1.250292,-0.296042,-0.938726,1.528248
1.500000,0,0.242583,0.725317,1.250354,-0.295949,-0.935002,1.533724
1.502000,0,0.242214,0.728355,1.250352,-0.295816,-0.930948,1.538800
1.504000,0,0.241865,0.731373,1.250285,-0.295649,-0.926571,1.543502
1.506000,0,0.241536,0.734378,1.250161,-0.295443,-0.921881,1.547803
1.508000,0,0.241227,0.737370,1.249982,-0.295198,-0.916874,1.551709
1.510000,0,0.240939,0.740351,1.249753,-0.294917,-0.911562,1.555217
1.512000,0,0.240673,0.743326,1.249478,-0.294602,-0.905951,1.558354
1.514000,0,0.240430,0.746296,1.249160,-0.294253,-0.900036,1.561131
1.516000,0,0.240208,0.749262,1.248806,-0.293868,-0.893855,1.563511
1.518000,0,0.240008,0.752226,1.248420,-0.293446,-0.887423,1.565489
1.520000,0,0.239830,0.755190,1.248006,-0.292987,-0.880751,1.567077
1.522000,0,0.239677,0.758155,1.247562,-0.292498,-0.873846,1.568315
1.524000,0,0.239549,0.761123,1.247096,-0.291975,-0.866717,1.569200
1.526000,0,0.239444,0.764096,1.246611,-0.291418,-0.859394,1.569722
1.528000,0,0.239364,0.767074,1.246110,-0.290828,-0.851892,1.569880
1.530000,0,0.239307,0.770062,1.245603,-0.290206,-0.844235,1.569675
1.532000,0,0.239274,0.773062,1.245091,-0.289556,-0.836446,1.569107
1.534000,0,0.239265,0.776073,1.244578,-0.288878,-0.828540,1.568181
1.536000,0,0.239282,0.779099,1.244066,-0.288172,-0.820533,1.566906
1.538000,0,0.239325,0.782141,1.243556,-0.287441,-0.812429,1.565299
1.540000,0,0.239395,0.785199,1.243050,-0.286684,-0.804242,1.563368
1.542000,0,0.239491,0.788277,1.242554,-0.285900,-0.795990,1.561112
1.544000,0,0.239612,0.791374,1.242069,-0.285087,-0.787689,1.558537
1.546000,0,0.239757,0.794495,1.241603,-0.284248,-0.779353,1.555652
1.548000,0,0.239930,0.797642,1.241157,-0.283384,-0.770985,1.552472
1.550000,0,0.240128,0.800815,1.240732,-0.282493,-0.762593,1.549000
1.552000,0,0.240350,0.804014,1.240332,-0.281574,-0.754219,1.545233
1.554000,0,0.240598,0.807242,1.239958,-0.280630,-0.745867,1.541183
1.556000,0,0.240872,0.810499,1.239611,-0.279660,-0.737548,1.536859
1.558000,0,0.241172,0.813786,1.239294,-0.278681,-0.729271,1.532257
1.560000,0,0.241501,0.817104,1.239005,-0.277695,-0.721037,1.527393
1.562000,0,0.241857,0.820454,1.238748,-0.276703,-0.712858,1.522274
1.564000,0,0.242240,0.823837,1.238523,-0.275703,-0.704756,1.516900
1.566000,0,0.242648,0.827257,1.238338,-0.274696,-0.696743,1.511277
1.568000,0,0.243082,0.830713,1.238191,-0.273680,-0.688829,1.505414
1.570000,0,0.243542,0.834206,1.238083,-0.272656,-0.681024,1.499319
1.572000,0,0.244028,0.837736,1.238015,-0.271625,-0.673328,1.493008
1.574000,0,0.244539,0.841305,1.237986,-0.270585,-0.665758,1.486481
1.576000,0,0.245075,0.844913,1.237999,-0.269538,-0.658324,1.479743
1.578000,0,0.245636,0.848559,1.238051,-0.268483,-0.651034,1.472802
1.580000,0,0.246222,0.852246,1.238144,-0.267423,-0.643879,1.465663
1.582000,0,0.246833,0.855975,1.238278,-0.266358,-0.636859,1.458341
1.584000,0,0.247473,0.859738,1.238450,-0.265344,-0.630116,1.450736
1.586000,0,0.248139,0.863540,1.238665,-0.264383,-0.623665,1.442854
1.588000,0,0.248832,0.867382,1.238923,-0.263472,-0.617502,1.434721
1.590000,0,0.249550,0.871268,1.239225,-0.262604,-0.611620,1.426367
1.592000,0,0.250293,0.875197,1.239571,-0.261776,-0.606013,1.417815
1.594000,0,0.251059,0.879171,1.239960,-0.260987,-0.600678,1.409081
1.596000,0,0.251848,0.883189,1.240389,-0.260226,-0.595587,1.400186
1.598000,0,0.252659,0.887254,1.240861,-0.259488,-0.590748,1.391151
1.600000,0,0.253491,0.891365,1.241374,-0.258766,-0.586156,1.381989
1.602000,0,0.254343,0.895522,1.241927,-0.258057,-0.581804,1.372713
1.604000,0,0.255215,0.899724,1.242518,-0.257356,-0.577667,1.363330
1.606000,0,0.256106,0.903970,1.243145,-0.256665,-0.573744,1.353850
1.608000,0,0.257055,0.908239,1.243785,-0.256475,-0.570037,1.344041
1.610000,0,0.258043,0.912541,1.244447,-0.256635,-0.566560,1.333976
1.612000,0,0.259053,0.916885,1.245142,-0.256958,-0.563301,1.323749
1.614000,0,0.260073,0.921279,1.245878,-0.257306,-0.560240,1.313439
1.616000,0,0.261097,0.925724,1.246654,-0.257585,-0.557338,1.303101
1.618000,0,0.262126,0.930220,1.247468,-0.257798,-0.554593,1.292747
1.620000,1,0.263234,0.934896,1.248391,-0.258234,-0.553876,1.286579
1.622000,1,0.264394,0.939725,1.249408,-0.258796,-0.554874,1.283823
1.624000,1,0.265572,0.944618,1.251073,-0.259106,-0.556637,1.282168
1.626000,1,0.266773,0.949507,1.253256,-0.259209,-0.558975,1.281319
1.628000,1,0.268002,0.954418,1.256013,-0.259144,-0.561771,1.281131
1.630000,1,0.269256,0.959333,1.259333,-0.258940,-0.564902,1.281420
1.632000,1,0.270544,0.964267,1.263285,-0.258626,-0.568305,1.282107
1.634000,1,0.271887,0.969051,1.268798,-0.258239,-0.571888,1.283079
1.636000,1,0.273279,0.973669,1.275776,-0.257793,-0.575594,1.284246
1.638000,1,0.274702,0.978143,1.283998,-0.257297,-0.579377,1.285545
1.640000,1,0.276143,0.982485,1.293247,-0.256762,-0.583203,1.286925
1.642000,1,0.277596,0.986682,1.303465,-0.256190,-0.587017,1.288299
1.644000,1,0.279050,0.990737,1.314455,-0.255587,-0.590803,1.289638
1.646000,1,0.280482,0.994634,1.325911,-0.254967,-0.594574,1.290963
1.648000,1,0.281883,0.998369,1.337670,-0.254334,-0.598321,1.292255
1.650000,1,0.283249,1.001904,1.349635,-0.253692,-0.602034,1.293489
1.652000,1,0.284570,1.005210,1.361713,-0.253045,-0.605692,1.294627
1.654000,1,0.285848,1.008269,1.373833,-0.252396,-0.609302,1.295674
1.656000,1,0.287085,1.011079,1.385992,-0.251743,-0.612838,1.296588
1.658000,1,0.288251,1.013669,1.398020,-0.251091,-0.616314,1.297396
1.660000,1,0.289344,1.016027,1.409859,-0.250441,-0.619734,1.298100
1.662000,1,0.290363,1.018152,1.421517,-0.249791,-0.623078,1.298667
1.664000,1,0.291310,1.020026,1.432964,-0.249144,-0.626350,1.299096
1.666000,1,0.292188,1.021605,1.444155,-0.248505,-0.629567,1.299409
1.668000,1,0.292999,1.022873,1.455067,-0.247874,-0.632731,1.299605
1.670000,1,0.293743,1.023824,1.465657,-0.247255,-0.635843,1.299682
1.672000,1,0.294422,1.024462,1.475948,-0.246645,-0.638890,1.299622
1.674000,1,0.295037,1.024758,1.485911,-0.246049,-0.641887,1.299445
1.676000,1,0.295590,1.024708,1.495505,-0.245467,-0.644836,1.299154
1.678000,1,0.296083,1.024300,1.504742,-0.244899,-0.647740,1.298751
1.680000,1,0.296517,1.023531,1.513613,-0.244347,-0.650598,1.298238
1.682000,1,0.296895,1.022403,1.522143,-0.243810,-0.653404,1.297603
1.684000,1,0.297211,1.020922,1.530280,-0.243289,-0.656169,1.296867
1.686000,1,0.297464,1.019085,1.538011,-0.242785,-0.658894,1.296033
1.688000,1,0.297659,1.016892,1.545331,-0.242298,-0.661583,1.295108
1.690000,1,0.297797,1.014345,1.552235,-0.241829,-0.664238,1.294093
1.692000,1,0.297880,1.011447,1.558719,-0.241379,-0.666860,1.292993
1.694000,1,0.297912,1.008203,1.564808,-0.240947,-0.669450,1.291809
1.696000,1,0.297892,1.004622,1.570473,-0.240534,-0.672008,1.290543
1.698000,1,0.297821,1.000715,1.575675,-0.240142,-0.674543,1.289211
1.700000,1,0.297704,0.996484,1.580436,-0.239770,-0.677059,1.287824
1.702000,1,0.297704,0.996484,1.580436,-0.239770,-0.677059,1.287824
1.704000,1,0.297337,0.987077,1.588650,-0.239085,-0.682041,1.284894
1.706000,1,0.297092,0.981910,1.592130,-0.238775,-0.684507,1.283350
1.708000,1,0.296806,0.976379,1.595210,-0.238491,-0.686958,1.281746
1.710000,1,0.296491,0.970538,1.597857,-0.238230,-0.689399,1.280101
1.712000,1,0.296147,0.964405,1.600066,-0.237992,-0.691830,1.278418
1.714000,1,0.295775,0.958012,1.601835,-0.237778,-0.694250,1.276700
1.716000,1,0.295379,0.951365,1.603191,-0.237590,-0.696662,1.274950
1.718000,1,0.294962,0.944463,1.604160,-0.237427,-0.699070,1.273172
1.720000,1,0.294962,0.944463,1.604160,-0.237427,-0.699070,1.273172
1.722000,1,0.294521,0.937330,1.604726,-0.237288,-0.701475,1.271374
1.724000,1,0.293566,0.922375,1.604635,-0.237086,-0.706287,1.267728
1.726000,1,0.293054,0.914491,1.603986,-0.237030,-0.708699,1.265878
1.728000,1,0.292519,0.906355,1.602942,-0.237002,-0.711116,1.264013
1.730000,1,0.291956,0.898112,1.601491,-0.236997,-0.713529,1.262142
1.732000,1,0.291382,0.889759,1.599637,-0.237016,-0.715942,1.260269
1.734000,1,0.290804,0.881295,1.597410,-0.237060,-0.718363,1.258405
1.736000,1,0.290223,0.872724,1.594825,-0.237130,-0.720794,1.256550
1.738000,1,0.289639,0.864049,1.591899,-0.237228,-0.723236,1.254706
1.740000,1,0.289050,0.855294,1.588635,-0.237352,-0.725690,1.252876
1.742000,1,0.288449,0.846479,1.585033,-0.237501,-0.728159,1.251067
1.744000,1,0.287836,0.837619,1.581100,-0.237674,-0.730643,1.249280
1.746000,1,0.287211,0.828717,1.576852,-0.237874,-0.733144,1.247518
1.748000,1,0.286568,0.819801,1.572287,-0.238100,-0.735662,1.245781
1.750000,1,0.285907,0.810885,1.567416,-0.238351,-0.738199,1.244076
1.752000,1,0.285226,0.801985,1.562250,-0.238625,-0.740761,1.242411
1.754000,1,0.284524,0.793112,1.556798,-0.238923,-0.743349,1.240788
1.756000,1,0.283796,0.784296,1.551068,-0.239244,-0.745962,1.239210
1.758000,1,0.283073,0.775535,1.545044,-0.239592,-0.748602,1.237677
1.760000,1,0.282356,0.766839,1.538736,-0.239967,-0.751270,1.236191
1.762000,1,0.281637,0.758238,1.532151,-0.240367,-0.753967,1.234754
1.764000,1,0.280913,0.749746,1.525302,-0.240793,-0.756693,1.233370
1.766000,1,0.280183,0.741362,1.518206,-0.241244,-0.759451,1.232039
1.768000,1,0.279442,0.733107,1.510868,-0.241720,-0.762240,1.230763
1.770000,1,0.278686,0.724990,1.503298,-0.242220,-0.765063,1.229544
1.772000,1,0.277912,0.717018,1.495508,-0.242744,-0.767919,1.228382
1.774000,1,0.277123,0.709191,1.487511,-0.243293,-0.770809,1.227278
1.776000,1,0.276311,0.701524,1.479312,-0.243865,-0.773735,1.226232
1.778000,1,0.275477,0.694026,1.470917,-0.244459,-0.776701,1.225254
1.780000,1,0.274620,0.686703,1.462334,-0.245075,-0.779707,1.224341
1.782000,1,0.273816,0.679599,1.453480,-0.245720,-0.782747,1.223489
1.784000,1,0.273067,0.672713,1.444372,-0.246393,-0.785821,1.222697
1.786000,1,0.272373,0.666054,1.435018,-0.247095,-0.788929,1.221967
1.788000,1,0.271712,0.659626,1.425445,-0.247820,-0.792074,1.221296
1.790000,1,0.271072,0.653428,1.415674,-0.248568,-0.795257,1.220687
1.792000,1,0.270441,0.647460,1.405726,-0.249338,-0.798478,1.220140
1.794000,1,0.269805,0.641737,1.395616,-0.250128,-0.801736,1.219653
1.796000,1,0.269166,0.636256,1.385361,-0.250939,-0.805032,1.219228
1.798000,1,0.268543,0.630931,1.375000,-0.251771,-0.808372,1.218864
1.800000,1,0.267917,0.625758,1.364546,-0.252623,-0.811756,1.218560
1.802000,1,0.267229,0.620853,1.353960,-0.253489,-0.815174,1.218311
1.804000,1,0.266469,0.616218,1.343246,-0.254369,-0.818627,1.218120
1.806000,1,0.265666,0.611753,1.332485,-0.255265,-0.822125,1.217990
1.808000,1,0.264821,0.607456,1.321685,-0.256178,-0.825666,1.217921
1.810000,1,0.264096,0.603534,1.310439,-0.257122,-0.829216,1.217882
1.812000,1,0.263431,0.599944,1.298892,-0.258090,-0.832785,1.217876
1.814000,1,0.263431,0.599944,1.298892,-0.258090,-0.832785,1.217876
1.816000,1,0.262024,0.593486,1.275475,-0.260069,-0.840026,1.217999
1.818000,1,0.261209,0.590521,1.263739,-0.261074,-0.843711,1.218139
1.820000,1,0.260302,0.587666,1.252102,-0.262088,-0.847442,1.218331
1.822000,1,0.259304,0.584920,1.240568,-0.263109,-0.851218,1.218576
1.824000,0,0.258478,0.583995,1.232568,-0.264144,-0.855101,1.218872
1.826000,0,0.257790,0.584610,1.227523,-0.265178,-0.859073,1.219218
1.828000,0,0.257198,0.586518,1.224921,-0.266200,-0.863114,1.219608
1.830000,0,0.256564,0.588972,1.223394,-0.267226,-0.867495,1.221309
1.832000,0,0.255892,0.591841,1.222702,-0.268275,-0.872154,1.224223
1.834000,0,0.255190,0.595045,1.222697,-0.269353,-0.877063,1.228293
1.836000,0,0.254460,0.598487,1.223210,-0.270453,-0.882194,1.233505
1.838000,0,0.253727,0.602125,1.224159,-0.271588,-0.887386,1.240304
1.840000,0,0.252993,0.605909,1.225449,-0.272751,-0.892589,1.248503
1.842000,0,0.252260,0.609798,1.227000,-0.273929,-0.897772,1.257839
1.844000,0,0.251525,0.613735,1.228712,-0.275120,-0.902919,1.268242
1.846000,0,0.250788,0.617695,1.230534,-0.276313,-0.907998,1.279475
1.848000,0,0.250058,0.621682,1.232453,-0.277492,-0.912944,1.291172
1.850000,0,0.249338,0.625680,1.234431,-0.278650,-0.917716,1.303163
1.852000,0,0.248627,0.629670,1.236426,-0.279783,-0.922270,1.315336
1.854000,0,0.247928,0.633638,1.238408,-0.280889,-0.926587,1.327584
1.856000,0,0.247234,0.637556,1.240330,-0.281971,-0.930664,1.339903
1.858000,0,0.246549,0.641416,1.242172,-0.283026,-0.934478,1.352216
1.860000,0,0.245869,0.645209,1.243918,-0.284031,-0.938041,1.364448
1.862000,0,0.245200,0.648949,1.245576,-0.284977,-0.941309,1.376485
1.864000,0,0.244543,0.652633,1.247136,-0.285866,-0.944264,1.388286
1.866000,0,0.243895,0.656243,1.248571,-0.286698,-0.946908,1.399869
1.868000,0,0.243258,0.659779,1.249877,-0.287476,-0.949235,1.411192
1.870000,0,0.242633,0.663243,1.251049,-0.288202,-0.951228,1.422251
1.872000,0,0.242022,0.666647,1.252101,-0.288878,-0.952864,1.432978
1.874000,0,0.241427,0.669992,1.253036,-0.289506,-0.954146,1.443341
1.876000,0,0.240848,0.673270,1.253837,-0.290089,-0.955077,1.453369
1.878000,0,0.240284,0.676484,1.254505,-0.290629,-0.955650,1.463053
1.880000,0,0.239736,0.679638,1.255049,-0.291126,-0.955854,1.472406
1.882000,0,0.239203,0.682737,1.255471,-0.291583,-0.955687,1.481417
1.884000,0,0.238687,0.685790,1.255789,-0.291990,-0.955158,1.490020
1.886000,0,0.238187,0.688799,1.256006,-0.292347,-0.954270,1.498204
1.888000,0,0.237705,0.691761,1.256113,-0.292657,-0.953028,1.505999
1.890000,0,0.237241,0.694678,1.256115,-0.292921,-0.951433,1.513405
1.892000,0,0.236796,0.697559,1.256024,-0.293138,-0.949479,1.520409
1.894000,0,0.236369,0.700406,1.255845,-0.293310,-0.947168,1.527012
1.896000,0,0.235962,0.703221,1.255582,-0.293438,-0.944511,1.533197
1.898000,0,0.235576,0.706003,1.255231,-0.293525,-0.941514,1.538992
1.900000,0,0.235210,0.708757,1.254804,-0.293575,-0.938188,1.544392
1.902000,0,0.234864,0.711488,1.254307,-0.293586,-0.934528,1.549417
1.904000,0,0.234539,0.714200,1.253747,-0.293561,-0.930542,1.554064
1.906000,0,0.234234,0.716895,1.253133,-0.293495,-0.926257,1.558282
1.908000,0,0.233951,0.719577,1.252469,-0.293393,-0.921666,1.562075
1.910000,0,0.233691,0.722247,1.251751,-0.293257,-0.916775,1.565470
1.912000,0,0.233455,0.724904,1.250985,-0.293088,-0.911597,1.568469
1.914000,0,0.233241,0.727554,1.250178,-0.292885,-0.906136,1.571073
1.916000,0,0.233050,0.730198,1.249334,-0.292646,-0.900417,1.573271
1.918000,0,0.232882,0.732836,1.248457,-0.292372,-0.894453,1.575068
1.920000,0,0.232739,0.735471,1.247546,-0.292068,-0.888252,1.576508
1.922000,0,0.232621,0.738107,1.246614,-0.291733,-0.881838,1.577582
1.924000,0,0.232527,0.740746,1.245664,-0.291367,-0.875227,1.578290
1.926000,0,0.232457,0.743389,1.244699,-0.290969,-0.868437,1.578633
1.928000,0,0.232411,0.746039,1.243724,-0.290539,-0.861477,1.578618
1.930000,0,0.232389,0.748696,1.242741,-0.290077,-0.854367,1.578249
1.932000,0,0.232393,0.751363,1.241752,-0.289594,-0.847112,1.577526
1.934000,0,0.232424,0.754042,1.240762,-0.289090,-0.839716,1.576459
1.936000,0,0.232483,0.756734,1.239770,-0.288568,-0.832184,1.575066
1.938000,0,0.232567,0.759443,1.238788,-0.288025,-0.824537,1.573347
1.940000,0,0.232676,0.762171,1.237817,-0.287460,-0.816792,1.571305
1.942000,0,0.232811,0.764918,1.236861,-0.286870,-0.808979,1.568938
1.944000,0,0.232973,0.767685,1.235919,-0.286258,-0.801102,1.566263
1.946000,0,0.233160,0.770474,1.234996,-0.285621,-0.793172,1.563283
1.948000,0,0.233374,0.773286,1.234095,-0.284959,-0.785205,1.560006
1.950000,0,0.233613,0.776123,1.233218,-0.284270,-0.777216,1.556437
1.952000,0,0.233879,0.778985,1.232365,-0.283558,-0.769206,1.552591
1.954000,0,0.234173,0.781874,1.231539,-0.282820,-0.761191,1.548476
1.956000,0,0.234492,0.784794,1.230749,-0.282056,-0.753196,1.544087
1.958000,0,0.234838,0.787745,1.229994,-0.281281,-0.745253,1.539410
1.960000,0,0.235210,0.790727,1.229278,-0.280498,-0.737373,1.534453
1.962000,0,0.235210,0.790727,1.229278,-0.280498,-0.737373,1.534453
1.964000,0,0.236037,0.796791,1.227961,-0.278907,-0.721816,1.523756
1.966000,0,0.236492,0.799877,1.227365,-0.278092,-0.714127,1.517989
1.968000,0,0.236977,0.803000,1.226810,-0.277264,-0.706496,1.511947
1.970000,0,0.237486,0.806158,1.226298,-0.276420,-0.698986,1.505683
1.972000,0,0.238021,0.809353,1.225831,-0.275562,-0.691613,1.499207
1.974000,0,0.238579,0.812589,1.225414,-0.274687,-0.684384,1.492528
1.976000,0,0.239162,0.815866,1.225047,-0.273798,-0.677305,1.485654
1.978000,0,0.239768,0.819185,1.224732,-0.272892,-0.670383,1.478591
1.980000,0,0.240399,0.822547,1.224467,-0.271969,-0.663621,1.471345
1.982000,0,0.241060,0.825946,1.224248,-0.271102,-0.657077,1.463845
1.984000,0,0.241751,0.829384,1.224074,-0.270290,-0.650749,1.456104
1.986000,0,0.242470,0.832861,1.223947,-0.269527,-0.644648,1.448133
1.988000,0,0.243216,0.836380,1.223867,-0.268806,-0.638773,1.439953
1.990000,0,0.243987,0.839941,1.223835,-0.268117,-0.633124,1.431582
1.992000,0,0.244783,0.843550,1.223854,-0.267455,-0.627700,1.423038
1.994000,0,0.245602,0.847208,1.223930,-0.266819,-0.622499,1.414335
1.996000,0,0.246443,0.850916,1.224062,-0.266194,-0.617519,1.405489
1.998000,0,0.247304,0.854675,1.224249,-0.265572,-0.612758,1.396513
2.000000,0,0.248186,0.858483,1.224489,-0.264945,-0.608212,1.387419
2.002000,0,0.248186,0.858483,1.224489,-0.264945,-0.608212,1.387419
2.004000,0,0.250008,0.866246,1.225124,-0.263660,-0.599760,1.368917
2.006000,0,0.250950,0.870202,1.225518,-0.263028,-0.595763,1.359579
2.008000,0,0.251945,0.874174,1.225924,-0.262780,-0.592133,1.349747
2.010000,0,0.252976,0.878173,1.226353,-0.262779,-0.588853,1.339531
2.012000,0,0.254028,0.882213,1.226818,-0.262872,-0.585866,1.329097
2.014000,0,0.254028,0.882213,1.226818,-0.262872,-0.585866,1.329097
2.016000,0,0.256195,0.890417,1.227861,-0.263340,-0.580762,1.307631
2.018000,0,0.257291,0.894604,1.228463,-0.263485,-0.578514,1.296837
2.020000,0,0.258383,0.898857,1.229125,-0.263435,-0.576339,1.286223
2.022000,0,0.259472,0.903168,1.229839,-0.263138,-0.574336,1.275717
2.024000,1,0.260620,0.907633,1.230654,-0.262849,-0.574164,1.268796
2.026000,1,0.261811,0.912244,1.231567,-0.262605,-0.575526,1.264919
2.028000,1,0.262996,0.917035,1.233339,-0.262245,-0.577612,1.262412
2.030000,1,0.264177,0.921974,1.235924,-0.261789,-0.580255,1.260973
2.032000,1,0.265365,0.927027,1.239248,-0.261254,-0.583356,1.260408
2.034000,1,0.265365,0.927027,1.239248,-0.261254,-0.583356,1.260408
2.036000,1,0.266552,0.932174,1.243300,-0.260652,-0.586798,1.260509
2.038000,1,0.268965,0.942539,1.254442,-0.259309,-0.594392,1.262159
2.040000,1,0.270212,0.947583,1.262295,-0.258601,-0.598406,1.263479
2.042000,1,0.270212,0.947583,1.262295,-0.258601,-0.598406,1.263479
2.044000,1,0.272753,0.957316,1.281790,-0.257129,-0.606634,1.266662
2.046000,1,0.274029,0.961993,1.292959,-0.256377,-0.610812,1.268447
2.048000,1,0.275324,0.966516,1.305077,-0.255610,-0.614978,1.270256
2.050000,1,0.276593,0.970853,1.317565,-0.254843,-0.619162,1.272126
2.052000,1,0.277837,0.974998,1.330401,-0.254075,-0.623323,1.273990
2.054000,1,0.279041,0.978902,1.343313,-0.253313,-0.627478,1.275855
2.056000,1,0.280205,0.982545,1.356186,-0.252560,-0.631614,1.277698
2.058000,1,0.281304,0.985946,1.368948,-0.251814,-0.635718,1.279494
2.060000,1,0.282337,0.989099,1.381533,-0.251077,-0.639782,1.281226
2.062000,1,0.283307,0.991986,1.393905,-0.250349,-0.643799,1.282875
2.064000,1,0.284217,0.994589,1.406038,-0.249633,-0.647764,1.284427
2.066000,1,0.285068,0.996908,1.417948,-0.248926,-0.651660,1.285851
2.068000,1,0.285862,0.998928,1.429613,-0.248229,-0.655486,1.287142
2.070000,1,0.286602,1.000604,1.440995,-0.247546,-0.659257,1.288313
2.072000,1,0.287291,1.001941,1.452114,-0.246875,-0.662963,1.289348
2.074000,1,0.287932,1.002918,1.462911,-0.246218,-0.666617,1.290264
2.076000,1,0.288527,1.003538,1.473410,-0.245575,-0.670210,1.291045
2.078000,1,0.289077,1.003799,1.483570,-0.244947,-0.673743,1.291694
2.080000,1,0.289583,1.003677,1.493351,-0.244336,-0.677229,1.292227
2.082000,1,0.290047,1.003176,1.502723,-0.243742,-0.680673,1.292653
2.084000,1,0.290473,1.002300,1.511713,-0.243165,-0.684067,1.292961
2.086000,1,0.290848,1.001043,1.520343,-0.242604,-0.687412,1.293152
2.088000,1,0.290848,1.001043,1.520343,-0.242604,-0.687412,1.293152
2.090000,1,0.291431,0.997387,1.536367,-0.241531,-0.693987,1.293232
2.092000,1,0.291644,0.995002,1.543758,-0.241022,-0.697213,1.293117
2.094000,1,0.291808,0.992196,1.550788,-0.240532,-0.700399,1.292890
2.096000,1,0.291923,0.989017,1.557397,-0.240061,-0.703553,1.292576
2.098000,1,0.291992,0.985470,1.563611,-0.239610,-0.706675,1.292172
2.100000,1,0.292017,0.981568,1.569416,-0.239178,-0.709768,1.291688
2.102000,1,0.291996,0.977321,1.574774,-0.238767,-0.712840,1.291137
2.104000,1,0.291931,0.972734,1.579712,-0.238377,-0.715888,1.290514
2.106000,1,0.291822,0.967821,1.584201,-0.238009,-0.718917,1.289832
2.108000,1,0.291677,0.962561,1.588249,-0.237663,-0.721932,1.289091
2.110000,1,0.291498,0.956959,1.591883,-0.237341,-0.724930,1.288290
2.112000,1,0.291289,0.951022,1.595105,-0.237044,-0.727915,1.287432
2.114000,1,0.291046,0.944773,1.597891,-0.236770,-0.730888,1.286527
2.116000,1,0.290770,0.938228,1.600240,-0.236520,-0.733851,1.285579
2.118000,1,0.290462,0.931401,1.602158,-0.236293,-0.736805,1.284590
2.120000,1,0.290126,0.924302,1.603690,-0.236093,-0.739754,1.283567
2.122000,1,0.289765,0.916940,1.604841,-0.235919,-0.742700,1.282512
2.124000,1,0.289375,0.909350,1.605591,-0.235769,-0.745644,1.281433
2.126000,1,0.288954,0.901544,1.605944,-0.235644,-0.748588,1.280333
2.128000,1,0.288504,0.893545,1.605900,-0.235544,-0.751532,1.279216
2.130000,1,0.288026,0.885358,1.605479,-0.235470,-0.754478,1.278083
2.132000,1,0.287520,0.877000,1.604685,-0.235423,-0.757428,1.276938
2.134000,1,0.287001,0.868480,1.603506,-0.235402,-0.760384,1.275786
2.136000,1,0.286468,0.859816,1.601947,-0.235408,-0.763349,1.274632
2.138000,1,0.285922,0.851025,1.600017,-0.235440,-0.766325,1.273484
2.140000,1,0.285360,0.842128,1.597725,-0.235497,-0.769316,1.272345
2.142000,1,0.284782,0.833141,1.595080,-0.235579,-0.772321,1.271217
2.144000,1,0.284186,0.824082,1.592091,-0.235687,-0.775342,1.270104
2.146000,1,0.283570,0.814970,1.588768,-0.235820,-0.778379,1.269007
2.148000,1,0.282936,0.805807,1.585127,-0.235981,-0.781436,1.267929
2.150000,1,0.282278,0.796559,1.581135,-0.236171,-0.784517,1.266875
2.152000,1,0.281597,0.787310,1.576834,-0.236386,-0.787619,1.265847
2.154000,1,0.280892,0.778081,1.572235,-0.236626,-0.790742,1.264848
2.156000,1,0.280162,0.768889,1.567347,-0.236890,-0.793887,1.263880
2.158000,1,0.279409,0.759734,1.562187,-0.237181,-0.797058,1.262943
2.160000,1,0.278651,0.750640,1.556742,-0.237501,-0.800252,1.262039
2.162000,1,0.277888,0.741635,1.551008,-0.237847,-0.803471,1.261172
2.164000,1,0.277119,0.732732,1.544997,-0.238219,-0.806717,1.260342
2.166000,1,0.276341,0.723943,1.538720,-0.238616,-0.809995,1.259560
2.168000,1,0.275557,0.715267,1.532195,-0.239040,-0.813307,1.258825
2.170000,1,0.274761,0.706724,1.525427,-0.239488,-0.816653,1.258139
2.172000,1,0.273951,0.698325,1.518425,-0.239961,-0.820033,1.257502
2.174000,1,0.273127,0.690076,1.511198,-0.240458,-0.823449,1.256915
2.176000,1,0.272288,0.681980,1.503763,-0.240980,-0.826901,1.256379
2.178000,1,0.271433,0.674050,1.496122,-0.241525,-0.830389,1.255893
2.180000,1,0.270561,0.666296,1.488279,-0.242095,-0.833914,1.255458
2.182000,1,0.269738,0.658780,1.480164,-0.242693,-0.837466,1.255067
2.184000,1,0.268966,0.651530,1.471783,-0.243319,-0.841047,1.254720
2.186000,1,0.268245,0.644543,1.463155,-0.243973,-0.844657,1.254417
2.188000,1,0.267562,0.637806,1.454308,-0.244652,-0.848304,1.254166
2.190000,1,0.266908,0.631316,1.445263,-0.245355,-0.851987,1.253964
2.192000,1,0.266277,0.625071,1.436036,-0.246081,-0.855707,1.253813
2.194000,1,0.265668,0.619070,1.426645,-0.246830,-0.859463,1.253710
2.196000,1,0.265066,0.613313,1.417100,-0.247600,-0.863258,1.253656
2.198000,1,0.264463,0.607798,1.407416,-0.248390,-0.867090,1.253650
2.200000,1,0.263861,0.602524,1.397606,-0.249200,-0.870959,1.253690
2.202000,1,0.263246,0.597487,1.387676,-0.250029,-0.874864,1.253777
2.204000,1,0.262611,0.592687,1.377637,-0.250876,-0.878807,1.253907
2.206000,1,0.261959,0.588121,1.367501,-0.251742,-0.882786,1.254081
2.208000,1,0.261283,0.583787,1.357276,-0.252623,-0.886803,1.254302
2.210000,1,0.260864,0.579829,1.346655,-0.253545,-0.890827,1.254534
2.212000,1,0.260600,0.576214,1.335735,-0.254495,-0.894869,1.254788
2.214000,1,0.260493,0.572941,1.324536,-0.255472,-0.898931,1.255064
2.216000,1,0.260431,0.569954,1.313190,-0.256464,-0.903024,1.255374
2.218000,1,0.260271,0.567148,1.301881,-0.257459,-0.907167,1.255731
2.220000,1,0.259976,0.564479,1.290674,-0.258455,-0.911361,1.256138
2.222000,0,0.259538,0.561916,1.279594,-0.259453,-0.915606,1.256594
2.224000,0,0.259313,0.561317,1.272527,-0.260520,-0.920053,1.257170
2.226000,0,0.259348,0.561424,1.266916,-0.261419,-0.923647,1.257072
2.228000,0,0.259256,0.562296,1.262754,-0.262350,-0.927386,1.257733
2.230000,0,0.259048,0.563808,1.259815,-0.263342,-0.931390,1.259490
2.232000,0,0.258748,0.565837,1.257877,-0.264397,-0.935628,1.262298
2.234000,0,0.258374,0.568283,1.256754,-0.265510,-0.940059,1.266089
2.236000,0,0.257955,0.571050,1.256283,-0.266691,-0.944535,1.271518
2.238000,0,0.257498,0.574066,1.256325,-0.267930,-0.949014,1.278428
2.240000,0,0.257012,0.577271,1.256773,-0.269209,-0.953480,1.286575
2.242000,0,0.256503,0.580618,1.257535,-0.270511,-0.957914,1.295726
2.244000,0,0.255975,0.584068,1.258538,-0.271824,-0.962304,1.305664
2.246000,0,0.255434,0.587588,1.259710,-0.273135,-0.966603,1.316221
2.248000,0,0.254877,0.591127,1.260961,-0.274442,-0.970800,1.327355
2.250000,0,0.254314,0.594690,1.262281,-0.275732,-0.974838,1.338813
2.252000,0,0.253748,0.598261,1.263630,-0.276997,-0.978684,1.350472
2.254000,0,0.253181,0.601822,1.264974,-0.278235,-0.982308,1.362235
2.256000,0,0.252615,0.605363,1.266285,-0.279441,-0.985695,1.374011
2.258000,0,0.252048,0.608867,1.267542,-0.280592,-0.988872,1.385709
2.260000,0,0.251483,0.612328,1.268718,-0.281689,-0.991789,1.397317
2.262000,0,0.250920,0.615740,1.269805,-0.282728,-0.994452,1.408772
2.264000,0,0.250360,0.619100,1.270791,-0.283709,-0.996844,1.420036
2.266000,0,0.249804,0.622404,1.271666,-0.284632,-0.998950,1.431078
2.268000,0,0.249255,0.625651,1.272422,-0.285500,-1.000754,1.441874
2.270000,0,0.248712,0.628839,1.273055,-0.286312,-1.002243,1.452401
2.272000,0,0.248179,0.631972,1.273556,-0.287071,-1.003366,1.462652
2.274000,0,0.247654,0.635047,1.273931,-0.287778,-1.004151,1.472603
2.276000,0,0.247136,0.638071,1.274186,-0.288435,-1.004600,1.482237
2.278000,0,0.246628,0.641045,1.274323,-0.289041,-1.004704,1.491538
2.280000,0,0.246130,0.643969,1.274342,-0.289599,-1.004457,1.500496
2.282000,0,0.245643,0.646846,1.274245,-0.290101,-1.003864,1.509096
2.284000,0,0.245166,0.649667,1.274021,-0.290552,-1.002930,1.517365
2.286000,0,0.244700,0.652437,1.273676,-0.290951,-1.001651,1.525291
2.288000,0,0.244248,0.655167,1.273228,-0.291297,-1.000019,1.532827
2.290000,0,0.243811,0.657861,1.272680,-0.291592,-0.998031,1.539963
2.292000,0,0.243389,0.660520,1.272036,-0.291838,-0.995689,1.546694
2.294000,0,0.242983,0.663147,1.271301,-0.292035,-0.992996,1.553018
2.296000,0,0.242593,0.665743,1.270479,-0.292188,-0.989955,1.558933
2.298000,0,0.242222,0.668314,1.269571,-0.292294,-0.986513,1.564412
2.300000,0,0.241868,0.670859,1.268584,-0.292357,-0.982731,1.569482
2.302000,0,0.241531,0.673378,1.267522,-0.292379,-0.978627,1.574139
2.304000,0,0.241214,0.675874,1.266390,-0.292362,-0.974204,1.578385
2.306000,0,0.240914,0.678351,1.265197,-0.292306,-0.969474,1.582215
2.308000,0,0.240634,0.680814,1.263947,-0.292220,-0.964425,1.585636
2.310000,0,0.240376,0.683262,1.262638,-0.292107,-0.959062,1.588671
2.312000,0,0.240139,0.685700,1.261280,-0.291964,-0.953397,1.591295
2.314000,0,0.239922,0.688127,1.259876,-0.291793,-0.947442,1.593505
2.316000,0,0.239727,0.690546,1.258431,-0.291594,-0.941205,1.595304
2.318000,0,0.239554,0.692958,1.256949,-0.291369,-0.934707,1.596716
2.320000,0,0.239406,0.695364,1.255428,-0.291122,-0.927953,1.597760
2.322000,0,0.239282,0.697767,1.253878,-0.290851,-0.920963,1.598421
2.324000,0,0.239183,0.700168,1.252303,-0.290556,-0.913750,1.598699
2.326000,0,0.239107,0.702571,1.250712,-0.290237,-0.906331,1.598592
2.328000,0,0.239052,0.704978,1.249111,-0.289890,-0.898739,1.598083
2.330000,0,0.239019,0.707390,1.247504,-0.289515,-0.890984,1.597181
2.332000,0,0.239011,0.709808,1.245890,-0.289114,-0.883071,1.595905
2.334000,0,0.239028,0.712235,1.244273,-0.288699,-0.875008,1.594258
2.336000,0,0.239072,0.714673,1.242656,-0.288274,-0.866787,1.592263
2.338000,0,0.239139,0.717121,1.241043,-0.287833,-0.858460,1.589901
2.340000,0,0.239230,0.719581,1.239440,-0.287377,-0.850024,1.587191
2.342000,0,0.239344,0.722058,1.237853,-0.286904,-0.841503,1.584142
2.344000,0,0.239483,0.724553,1.236283,-0.286416,-0.832901,1.580770
2.346000,0,0.239648,0.727065,1.234733,-0.285908,-0.824248,1.577071
2.348000,0,0.239835,0.729596,1.233205,-0.285375,-0.815578,1.573045
2.350000,0,0.240046,0.732146,1.231704,-0.284817,-0.806893,1.568705
2.352000,0,0.240280,0.734718,1.230232,-0.284230,-0.798217,1.564060
2.354000,0,0.240537,0.737312,1.228792,-0.283615,-0.789566,1.559121
2.356000,0,0.240819,0.739931,1.227385,-0.282972,-0.780941,1.553905
2.358000,0,0.241128,0.742581,1.226018,-0.282325,-0.772328,1.548411
2.360000,0,0.241461,0.745260,1.224694,-0.281672,-0.763755,1.542639
2.360000,0,0.241461,0.745260,1.224694,-0.281672,-0.763755,1.542639
2.362000,0,0.242204,0.750713,1.222180,-0.280339,-0.746771,1.530302
2.366000,0,0.242614,0.753488,1.220991,-0.279657,-0.738374,1.523762
2.368000,0,0.243053,0.756299,1.219849,-0.278963,-0.730007,1.516941
2.370000,0,0.243515,0.759143,1.218757,-0.278243,-0.721762,1.509883
2.372000,0,0.244000,0.762021,1.217717,-0.277501,-0.713637,1.502606
2.374000,0,0.244508,0.764939,1.216735,-0.276744,-0.705616,1.495124
2.376000,0,0.245040,0.767897,1.215808,-0.275973,-0.697699,1.487452
2.378000,0,0.245595,0.770895,1.214940,-0.275186,-0.689892,1.479595
2.380000,0,0.246174,0.773933,1.214130,-0.274379,-0.682216,1.471550
2.382000,0,0.246780,0.777010,1.213377,-0.273597,-0.674708,1.463198
2.384000,0,0.247413,0.780125,1.212681,-0.272843,-0.667398,1.454605
2.386000,0,0.248072,0.783278,1.212043,-0.272118,-0.660284,1.445786
2.388000,0,0.248756,0.786472,1.211462,-0.271416,-0.653374,1.436767
2.390000,0,0.249463,0.789708,1.210940,-0.270722,-0.646677,1.427564
2.392000,0,0.250194,0.792986,1.210477,-0.270037,-0.640191,1.418192
2.394000,0,0.250945,0.796310,1.210078,-0.269347,-0.633924,1.408661
2.396000,0,0.251716,0.799680,1.209742,-0.268644,-0.627878,1.398982
2.398000,0,0.252508,0.803097,1.209468,-0.267931,-0.622052,1.389169
2.400000,0,0.253320,0.806558,1.209255,-0.267200,-0.616447,1.379232
2.402000,0,0.254153,0.810065,1.209101,-0.266451,-0.611048,1.369178
2.404000,0,0.255005,0.813616,1.209004,-0.265679,-0.605856,1.359013
2.406000,0,0.255876,0.817212,1.208963,-0.264878,-0.600872,1.348743
2.408000,0,0.256796,0.820829,1.208949,-0.264386,-0.596222,1.337980
2.410000,0,0.257760,0.824474,1.208970,-0.264201,-0.591902,1.326743
2.412000,0,0.258754,0.828153,1.209032,-0.264208,-0.587916,1.315146
2.414000,0,0.259756,0.831887,1.209156,-0.264167,-0.584188,1.303465
2.416000,0,0.260759,0.835681,1.209349,-0.263994,-0.580690,1.291812
2.418000,0,0.261766,0.839530,1.209606,-0.263692,-0.577422,1.280199
2.420000,0,0.262777,0.843437,1.209927,-0.263228,-0.574349,1.268683
2.422000,0,0.263792,0.847400,1.210309,-0.262597,-0.571422,1.257290
2.424000,0,0.264811,0.851419,1.210750,-0.261804,-0.568601,1.246048
2.426000,1,0.265883,0.855579,1.211292,-0.261126,-0.567428,1.238103
2.428000,1,0.266956,0.859821,1.211877,-0.260560,-0.567873,1.233159
2.430000,1,0.268019,0.864129,1.212501,-0.260064,-0.569682,1.230688
2.432000,1,0.269063,0.868730,1.214277,-0.259507,-0.572078,1.229257
2.434000,1,0.270111,0.873552,1.217071,-0.258898,-0.574928,1.228621
2.436000,1,0.271187,0.878564,1.220830,-0.258248,-0.578133,1.228609
2.438000,1,0.272294,0.883732,1.225495,-0.257563,-0.581616,1.229094
2.440000,1,0.273442,0.888910,1.231864,-0.256866,-0.585274,1.229928
2.442000,1,0.274630,0.894064,1.239790,-0.256159,-0.589056,1.231021
2.444000,1,0.275852,0.899158,1.249130,-0.255445,-0.592920,1.232299
2.446000,1,0.277088,0.904177,1.259440,-0.254730,-0.596861,1.233752
2.448000,1,0.278324,0.909094,1.270476,-0.254017,-0.600856,1.235332
2.450000,1,0.279553,0.913895,1.282038,-0.253310,-0.604882,1.236999
2.452000,1,0.280777,0.918573,1.294093,-0.252600,-0.608903,1.238689
2.454000,1,0.281989,0.923097,1.306488,-0.251892,-0.612905,1.240372
2.456000,1,0.283184,0.927420,1.319106,-0.251187,-0.616879,1.242021
2.458000,1,0.284356,0.931509,1.331824,-0.250487,-0.620816,1.243616
2.460000,1,0.284356,0.931509,1.331824,-0.250487,-0.620816,1.243616
2.462000,1,0.286549,0.938915,1.356865,-0.249115,-0.628607,1.246665
2.464000,1,0.287566,0.942211,1.369130,-0.248443,-0.632432,1.248063
2.466000,1,0.288538,0.945215,1.381292,-0.247777,-0.636189,1.249340
2.468000,1,0.289459,0.947893,1.393166,-0.247124,-0.639901,1.250523
2.470000,1,0.290328,0.950231,1.404711,-0.246486,-0.643565,1.251605
2.472000,1,0.291146,0.952232,1.415953,-0.245860,-0.647168,1.252564
2.474000,1,0.291915,0.953886,1.426876,-0.245248,-0.650708,1.253395
2.476000,1,0.292637,0.955174,1.437431,-0.244651,-0.654201,1.254121
2.478000,1,0.293314,0.956091,1.447609,-0.244070,-0.657647,1.254740
2.480000,1,0.293945,0.956632,1.457403,-0.243505,-0.661045,1.255249
2.482000,1,0.294532,0.956793,1.466808,-0.242956,-0.664398,1.255649
2.484000,1,0.295077,0.956580,1.475855,-0.242423,-0.667696,1.255928
2.486000,1,0.295572,0.956005,1.484536,-0.241906,-0.670942,1.256090
2.488000,1,0.296010,0.955059,1.492830,-0.241404,-0.674148,1.256154
2.490000,1,0.296394,0.953751,1.500710,-0.240919,-0.677316,1.256124
2.492000,1,0.296724,0.952084,1.508171,-0.240450,-0.680447,1.256003
2.494000,1,0.297001,0.950061,1.515214,-0.240000,-0.683544,1.255793
2.496000,1,0.297228,0.947686,1.521865,-0.239569,-0.686602,1.255488
2.498000,1,0.297409,0.944965,1.528128,-0.239158,-0.689625,1.255093
2.500000,1,0.297543,0.941901,1.534000,-0.238767,-0.692615,1.254612
2.502000,1,0.297631,0.938504,1.539446,-0.238397,-0.695579,1.254060
2.504000,1,0.297671,0.934772,1.544482,-0.238047,-0.698521,1.253441
2.506000,1,0.297666,0.930723,1.549092,-0.237719,-0.701442,1.252758
2.508000,1,0.297618,0.926363,1.553301,-0.237413,-0.704339,1.252010
2.510000,1,0.297533,0.921686,1.557113,-0.237131,-0.707221,1.251204
2.512000,1,0.297413,0.916692,1.560547,-0.236873,-0.710090,1.250346
2.514000,1,0.297255,0.911408,1.563560,-0.236638,-0.712948,1.249445
2.516000,1,0.297059,0.905849,1.566151,-0.236426,-0.715797,1.248506
2.518000,1,0.296827,0.900029,1.568325,-0.236238,-0.718638,1.247531
2.520000,1,0.296560,0.893952,1.570105,-0.236075,-0.721472,1.246519
2.522000,1,0.296262,0.887636,1.571518,-0.235939,-0.724301,1.245475
2.524000,1,0.295931,0.881093,1.572568,-0.235828,-0.727128,1.244407
2.526000,1,0.295931,0.881093,1.572568,-0.235828,-0.727128,1.244407
2.528000,1,0.295169,0.867426,1.573530,-0.235680,-0.732781,1.242216
2.530000,1,0.294740,0.860323,1.573464,-0.235645,-0.735614,1.241103
2.532000,1,0.294283,0.853046,1.573058,-0.235639,-0.738452,1.239978
2.534000,1,0.293803,0.845615,1.572287,-0.235659,-0.741300,1.238853
2.536000,1,0.293299,0.838054,1.571150,-0.235705,-0.744158,1.237732
2.538000,1,0.292772,0.830358,1.569668,-0.235777,-0.747030,1.236616
2.540000,1,0.292220,0.822565,1.567837,-0.235875,-0.749914,1.235509
2.542000,1,0.291642,0.814682,1.565666,-0.235999,-0.752814,1.234413
2.544000,1,0.291039,0.806725,1.563165,-0.236149,-0.755729,1.233332
2.546000,1,0.290409,0.798709,1.560342,-0.236326,-0.758663,1.232270
2.548000,1,0.289752,0.790659,1.557204,-0.236528,-0.761616,1.231230
2.550000,1,0.289067,0.782574,1.553766,-0.236757,-0.764591,1.230216
2.552000,1,0.288356,0.774458,1.550045,-0.237014,-0.767589,1.229228
2.554000,1,0.287620,0.766327,1.546043,-0.237299,-0.770611,1.228266
2.556000,1,0.286856,0.758209,1.541758,-0.237609,-0.773663,1.227345
2.558000,1,0.286082,0.750128,1.537177,-0.237946,-0.776743,1.226463
2.560000,1,0.285300,0.742080,1.532315,-0.238311,-0.779854,1.225622
2.562000,1,0.284507,0.734092,1.527177,-0.238702,-0.782996,1.224824
2.564000,1,0.283703,0.726165,1.521780,-0.239121,-0.786170,1.224069
2.566000,1,0.282887,0.718313,1.516133,-0.239568,-0.789375,1.223358
2.568000,1,0.282056,0.710547,1.510243,-0.240042,-0.792614,1.222693
2.570000,1,0.281205,0.702906,1.504110,-0.240541,-0.795885,1.222075
2.572000,1,0.280334,0.695385,1.497743,-0.241066,-0.799191,1.221507
2.574000,1,0.279442,0.688006,1.491152,-0.241616,-0.802532,1.220989
2.576000,1,0.278529,0.680770,1.484352,-0.242193,-0.805908,1.220521
2.578000,1,0.277601,0.673662,1.477358,-0.242795,-0.809321,1.220105
2.580000,1,0.276660,0.666676,1.470174,-0.243424,-0.812773,1.219740
2.582000,1,0.275761,0.659883,1.462738,-0.244081,-0.816260,1.219428
2.584000,1,0.274906,0.653296,1.455054,-0.244767,-0.819783,1.219169
2.586000,1,0.274090,0.646901,1.447140,-0.245480,-0.823342,1.218962
2.588000,1,0.273314,0.640697,1.439013,-0.246222,-0.826938,1.218807
2.590000,1,0.272564,0.634689,1.430691,-0.246989,-0.830572,1.218703
2.592000,1,0.271830,0.628899,1.422190,-0.247780,-0.834243,1.218652
2.594000,1,0.271094,0.623354,1.413505,-0.248594,-0.837950,1.218651
2.596000,1,0.270351,0.618055,1.404648,-0.249430,-0.841693,1.218701
2.598000,1,0.269608,0.612939,1.395606,-0.250290,-0.845477,1.218802
2.600000,1,0.268867,0.608005,1.386393,-0.251174,-0.849302,1.218954
2.602000,1,0.268127,0.603259,1.377082,-0.252079,-0.853170,1.219160
2.604000,1,0.267352,0.598796,1.367646,-0.253002,-0.857074,1.219418
2.606000,1,0.266538,0.594617,1.358092,-0.253943,-0.861014,1.219725
2.608000,1,0.266056,0.590734,1.348149,-0.254932,-0.864968,1.220052
2.610000,1,0.265871,0.587152,1.337869,-0.255962,-0.868942,1.220405
2.612000,1,0.265981,0.583869,1.327262,-0.257030,-0.872939,1.220786
2.614000,1,0.266229,0.580859,1.316465,-0.258121,-0.876969,1.221205
2.616000,1,0.266344,0.578151,1.305594,-0.259212,-0.881039,1.221673
2.618000,1,0.266270,0.575677,1.294744,-0.260302,-0.885156,1.222191
2.620000,1,0.265997,0.573376,1.283984,-0.261392,-0.889323,1.222762
2.622000,1,0.265528,0.571247,1.273325,-0.262485,-0.893538,1.223383
2.624000,1,0.264872,0.569242,1.262806,-0.263583,-0.897802,1.224053
2.626000,0,0.264360,0.568968,1.255836,-0.264737,-0.902262,1.224848
2.628000,0,0.263964,0.570249,1.251929,-0.265932,-0.906899,1.225760
2.630000,0,0.263964,0.570249,1.251929,-0.265932,-0.906899,1.225760
2.632000,0,0.262916,0.574764,1.247812,-0.268288,-0.916617,1.230066
2.634000,0,0.262294,0.577696,1.247074,-0.269447,-0.921617,1.233342
2.636000,0,0.261617,0.580912,1.246929,-0.270590,-0.926681,1.237361
2.638000,0,0.260903,0.584393,1.247330,-0.271739,-0.931804,1.242104
2.640000,0,0.260177,0.588065,1.248155,-0.272913,-0.936852,1.248403
2.642000,0,0.259442,0.591872,1.249301,-0.274110,-0.941800,1.256137
2.644000,0,0.258695,0.595744,1.250647,-0.275323,-0.946628,1.265221
2.646000,0,0.257936,0.599645,1.252123,-0.276549,-0.951322,1.275496
2.648000,0,0.257175,0.603585,1.253737,-0.277762,-0.955896,1.286505
2.650000,0,0.256413,0.607547,1.255450,-0.278949,-0.960337,1.298034
2.652000,0,0.255653,0.611511,1.257217,-0.280105,-0.964616,1.309938
2.654000,0,0.254897,0.615463,1.259005,-0.281227,-0.968707,1.322091
2.656000,0,0.254141,0.619368,1.260751,-0.282314,-0.972605,1.334477
2.658000,0,0.253387,0.623218,1.262434,-0.283365,-0.976282,1.346997
2.660000,0,0.252634,0.627005,1.264037,-0.284357,-0.979751,1.359553
2.662000,0,0.251889,0.630746,1.265575,-0.285284,-0.982975,1.371989
2.664000,0,0.251154,0.634438,1.267034,-0.286147,-0.985930,1.384250
2.666000,0,0.250426,0.638081,1.268408,-0.286949,-0.988601,1.396303
2.668000,0,0.249705,0.641656,1.269668,-0.287692,-0.990988,1.408163
2.670000,0,0.248994,0.645177,1.270823,-0.288378,-0.993058,1.419761
2.672000,0,0.248295,0.648644,1.271870,-0.289009,-0.994793,1.431073
2.674000,0,0.247609,0.652054,1.272802,-0.289586,-0.996183,1.442079
2.676000,0,0.246935,0.655409,1.273618,-0.290113,-0.997222,1.452767
2.678000,0,0.246935,0.655409,1.273618,-0.290113,-0.997222,1.452767
2.680000,0,0.245631,0.661954,1.274888,-0.291005,-0.998181,1.473152
2.682000,0,0.244998,0.665138,1.275320,-0.291363,-0.998025,1.482900
2.684000,0,0.244380,0.668270,1.275634,-0.291663,-0.997470,1.492284
2.686000,0,0.243778,0.671354,1.275837,-0.291907,-0.996531,1.501257
2.688000,0,0.243191,0.674384,1.275918,-0.292098,-0.995211,1.509849
2.690000,0,0.242621,0.677367,1.275899,-0.292240,-0.993562,1.518005
2.692000,0,0.242068,0.680309,1.275784,-0.292334,-0.991587,1.525719
2.694000,0,0.241534,0.683211,1.275575,-0.292381,-0.989289,1.532992
2.696000,0,0.241018,0.686076,1.275276,-0.292383,-0.986663,1.539830
2.698000,0,0.240523,0.688902,1.274881,-0.292344,-0.983713,1.546262
2.700000,0,0.240048,0.691694,1.274399,-0.292265,-0.980442,1.552289
2.702000,0,0.239592,0.694460,1.273844,-0.292146,-0.976842,1.557903
2.704000,0,0.239157,0.697202,1.273219,-0.291988,-0.972919,1.563099
2.706000,0,0.238743,0.699922,1.272527,-0.291792,-0.968678,1.567878
2.708000,0,0.238351,0.702621,1.271767,-0.291560,-0.964124,1.572265
2.710000,0,0.237983,0.705303,1.270943,-0.291300,-0.959247,1.576248
2.712000,0,0.237639,0.707969,1.270057,-0.291012,-0.954044,1.579845
2.714000,0,0.237318,0.710623,1.269121,-0.290694,-0.948533,1.583008
2.716000,0,0.237022,0.713266,1.268139,-0.290350,-0.942723,1.585759
2.718000,0,0.236750,0.715902,1.267114,-0.289980,-0.936611,1.588115
2.720000,0,0.236502,0.718532,1.266050,-0.289585,-0.930209,1.590077
2.722000,0,0.236278,0.721160,1.264960,-0.289164,-0.923543,1.591646
2.724000,0,0.236077,0.723787,1.263845,-0.288717,-0.916631,1.592821
2.726000,0,0.235902,0.726414,1.262706,-0.288246,-0.909477,1.593622
2.728000,0,0.235752,0.729042,1.261544,-0.287750,-0.902102,1.594048
2.730000,0,0.235629,0.731672,1.260365,-0.287229,-0.894524,1.594098
2.732000,0,0.235531,0.734307,1.259173,-0.286694,-0.886748,1.593752
2.734000,0,0.235458,0.736947,1.257973,-0.286145,-0.878790,1.593012
2.736000,0,0.235411,0.739594,1.256767,-0.285581,-0.870668,1.591885
2.738000,0,0.235391,0.742250,1.255555,-0.285005,-0.862386,1.590392
2.740000,0,0.235397,0.744918,1.254346,-0.284416,-0.853962,1.588538
2.742000,0,0.235430,0.747599,1.253142,-0.283814,-0.845414,1.586333
2.744000,0,0.235490,0.750295,1.251947,-0.283195,-0.836760,1.583781
2.746000,0,0.235576,0.753005,1.250762,-0.282558,-0.828033,1.580880
2.748000,0,0.235689,0.755732,1.249590,-0.281903,-0.819228,1.577648
2.750000,0,0.235827,0.758475,1.248435,-0.281226,-0.810385,1.574081
2.752000,0,0.235992,0.761238,1.247300,-0.280527,-0.801507,1.570198
2.754000,0,0.236182,0.764022,1.246187,-0.279806,-0.792612,1.566007
2.756000,0,0.236396,0.766829,1.245106,-0.279059,-0.783729,1.561510
2.758000,0,0.236636,0.769663,1.244059,-0.278308,-0.774863,1.556701
2.760000,0,0.236901,0.772523,1.243046,-0.277552,-0.766042,1.551586
2.762000,0,0.237193,0.775411,1.242069,-0.276792,-0.757267,1.546182
2.764000,0,0.237511,0.778328,1.241130,-0.276026,-0.748551,1.540500
2.766000,0,0.237856,0.781276,1.240229,-0.275251,-0.739908,1.534551
2.768000,0,0.238227,0.784257,1.239372,-0.274460,-0.731326,1.528290
2.770000,0,0.238624,0.787272,1.238560,-0.273651,-0.722818,1.521729
2.772000,0,0.239047,0.790325,1.237797,-0.272827,-0.714385,1.514887
2.774000,0,0.239496,0.793415,1.237084,-0.271987,-0.706042,1.507780
2.776000,0,0.239970,0.796543,1.236419,-0.271138,-0.697816,1.500478
2.778000,0,0.240467,0.799707,1.235804,-0.270278,-0.689719,1.492993
2.780000,0,0.240993,0.802906,1.235236,-0.269451,-0.681798,1.485207
2.782000,0,0.241547,0.806142,1.234717,-0.268656,-0.674052,1.477139
2.784000,0,0.242127,0.809413,1.234246,-0.267893,-0.666518,1.468850
2.786000,0,0.242729,0.812721,1.233825,-0.267143,-0.659253,1.460349
2.788000,0,0.243356,0.816065,1.233453,-0.266408,-0.652252,1.451652
2.790000,0,0.244005,0.819453,1.233138,-0.265692,-0.645487,1.442784
2.792000,0,0.244678,0.822885,1.232878,-0.264994,-0.638938,1.433757
2.794000,0,0.245373,0.826361,1.232673,-0.264308,-0.632599,1.424585
2.796000,0,0.246090,0.829882,1.232521,-0.263624,-0.626473,1.415267
2.798000,0,0.246828,0.833448,1.232423,-0.262942,-0.620558,1.405818
2.800000,0,0.247587,0.837060,1.232384,-0.262238,-0.614916,1.396232
2.802000,0,0.248364,0.840715,1.232395,-0.261503,-0.609545,1.386491
2.804000,0,0.249160,0.844411,1.232452,-0.260735,-0.604437,1.376606
2.806000,0,0.249974,0.848150,1.232558,-0.259936,-0.599590,1.366594
2.808000,0,0.250839,0.851907,1.232679,-0.259479,-0.595094,1.356113
2.810000,0,0.251749,0.855689,1.232824,-0.259362,-0.590947,1.345181
2.812000,0,0.252696,0.859501,1.232997,-0.259552,-0.587137,1.333846
2.814000,0,0.253666,0.863358,1.233214,-0.259893,-0.583619,1.322268
2.816000,0,0.254635,0.867276,1.233492,-0.260141,-0.580311,1.310699
2.818000,0,0.255601,0.871258,1.233834,-0.260221,-0.577188,1.299229
2.820000,0,0.256564,0.875302,1.234239,-0.260108,-0.574205,1.287891
2.822000,0,0.257528,0.879405,1.234702,-0.259807,-0.571360,1.276693
2.824000,1,0.258492,0.883565,1.235220,-0.259323,-0.568610,1.265646
2.826000,1,0.259515,0.887885,1.235844,-0.258946,-0.567754,1.258255
2.828000,1,0.260396,0.891511,1.235884,-0.258836,-0.567752,1.252404
2.830000,1,0.261111,0.894465,1.235338,-0.258979,-0.568354,1.247719
2.832000,1,0.261845,0.897659,1.235705,-0.259010,-0.569540,1.244183
2.834000,1,0.262667,0.901287,1.237518,-0.258926,-0.571254,1.241677
2.836000,1,0.263579,0.905314,1.240726,-0.258747,-0.573401,1.240023
2.838000,1,0.264570,0.909706,1.245322,-0.258488,-0.575879,1.239029
2.840000,1,0.265646,0.914310,1.251759,-0.258175,-0.578610,1.238563
2.842000,1,0.266786,0.919016,1.259706,-0.257822,-0.581565,1.238551
2.844000,1,0.267971,0.923775,1.268874,-0.257437,-0.584701,1.238903
2.846000,1,0.269195,0.928570,1.279185,-0.257020,-0.587954,1.239505
2.848000,1,0.270443,0.933358,1.290390,-0.256576,-0.591295,1.240295
2.850000,1,0.271689,0.938053,1.302103,-0.256117,-0.594724,1.241256
2.852000,1,0.272922,0.942606,1.314142,-0.255648,-0.598220,1.242340
2.854000,1,0.274135,0.946977,1.326380,-0.255171,-0.601762,1.243502
2.856000,1,0.275328,0.951160,1.338804,-0.254683,-0.605313,1.244680
2.858000,1,0.276497,0.955120,1.351314,-0.254188,-0.608862,1.245844
2.860000,1,0.277627,0.958854,1.363812,-0.253687,-0.612396,1.246974
2.862000,1,0.278713,0.962309,1.376140,-0.253184,-0.615929,1.248079
2.864000,1,0.279752,0.965469,1.388229,-0.252683,-0.619452,1.249143
2.866000,1,0.280744,0.968335,1.400094,-0.252182,-0.622945,1.250131
2.868000,1,0.281692,0.970879,1.411724,-0.251681,-0.626403,1.251029
2.870000,1,0.282594,0.973067,1.423052,-0.251186,-0.629835,1.251845
2.872000,1,0.283452,0.974900,1.434103,-0.250694,-0.633225,1.252554
2.874000,1,0.284267,0.976366,1.444852,-0.250208,-0.636574,1.253152
2.876000,1,0.285038,0.977444,1.455242,-0.249732,-0.639890,1.253654
2.878000,1,0.285768,0.978128,1.465255,-0.249264,-0.643177,1.254061
2.880000,1,0.286458,0.978424,1.474921,-0.248804,-0.646424,1.254361
2.882000,1,0.287111,0.978326,1.484230,-0.248354,-0.649634,1.254554
2.884000,1,0.287713,0.977843,1.493133,-0.247913,-0.652812,1.254652
2.886000,1,0.288262,0.976975,1.501617,-0.247483,-0.655958,1.254658
2.888000,1,0.288761,0.975729,1.509714,-0.247065,-0.659069,1.254562
2.890000,1,0.289213,0.974103,1.517419,-0.246659,-0.662145,1.254367
2.892000,1,0.289617,0.972099,1.524695,-0.246267,-0.665197,1.254091
2.894000,1,0.289975,0.969720,1.531535,-0.245889,-0.668226,1.253738
2.896000,1,0.290289,0.966970,1.537970,-0.245526,-0.671229,1.253301
2.898000,1,0.290562,0.963856,1.543997,-0.245180,-0.674208,1.252783
2.900000,1,0.290794,0.960383,1.549616,-0.244851,-0.677165,1.252190
2.902000,1,0.290984,0.956561,1.554790,-0.244539,-0.680104,1.251532
2.904000,1,0.291138,0.952396,1.559548,-0.244246,-0.683025,1.250806
2.906000,1,0.291256,0.947896,1.563888,-0.243973,-0.685930,1.250017
2.908000,1,0.291339,0.943072,1.567811,-0.243720,-0.688819,1.249170
2.910000,1,0.291392,0.937906,1.571298,-0.243488,-0.691700,1.248271
2.912000,1,0.291420,0.932403,1.574374,-0.243277,-0.694571,1.247320
2.914000,1,0.291423,0.926574,1.577040,-0.243090,-0.697438,1.246326
2.916000,1,0.291401,0.920431,1.579297,-0.242924,-0.700301,1.245293
2.918000,1,0.291356,0.913991,1.581144,-0.242782,-0.703160,1.244223
2.920000,1,0.291288,0.907272,1.582600,-0.242663,-0.706018,1.243121
2.922000,1,0.291197,0.900291,1.583667,-0.242569,-0.708874,1.241990
2.924000,1,0.291082,0.893065,1.584343,-0.242499,-0.711731,1.240834
2.926000,1,0.290939,0.885624,1.584609,-0.242451,-0.714590,1.239660
2.928000,1,0.290767,0.877987,1.584468,-0.242425,-0.717451,1.238473
2.930000,1,0.290569,0.870158,1.583941,-0.242424,-0.720316,1.237271
2.932000,1,0.290344,0.862154,1.583036,-0.242448,-0.723191,1.236066
2.934000,1,0.290103,0.853983,1.581754,-0.242498,-0.726076,1.234858
2.936000,1,0.289843,0.845675,1.580090,-0.242571,-0.728972,1.233654
2.938000,1,0.289563,0.837250,1.578051,-0.242668,-0.731881,1.232457
2.940000,1,0.289264,0.828710,1.575656,-0.242791,-0.734804,1.231267
2.942000,1,0.288945,0.820074,1.572914,-0.242940,-0.737742,1.230087
2.944000,1,0.288601,0.811370,1.569827,-0.243113,-0.740695,1.228922
2.946000,1,0.288229,0.802633,1.566396,-0.243310,-0.743664,1.227774
2.948000,1,0.287828,0.793863,1.562640,-0.243531,-0.746653,1.226650
2.950000,1,0.287402,0.785063,1.558576,-0.243778,-0.749663,1.225550
2.952000,1,0.286949,0.776244,1.554216,-0.244051,-0.752696,1.224477
2.954000,1,0.286466,0.767434,1.549560,-0.244348,-0.755753,1.223435
2.956000,1,0.285950,0.758649,1.544617,-0.244670,-0.758834,1.222426
2.958000,1,0.285404,0.749891,1.539404,-0.245016,-0.761947,1.221458
2.960000,1,0.284847,0.741159,1.533919,-0.245391,-0.765095,1.220540
2.962000,1,0.284279,0.732475,1.528159,-0.245792,-0.768276,1.219665
2.964000,1,0.283701,0.723838,1.522139,-0.246219,-0.771489,1.218834
2.966000,1,0.283106,0.715227,1.515816,-0.246674,-0.774737,1.218049
2.968000,1,0.282498,0.706689,1.509252,-0.247156,-0.778018,1.217310
2.970000,1,0.281865,0.698273,1.502450,-0.247660,-0.781331,1.216618
2.972000,1,0.281210,0.689980,1.495425,-0.248189,-0.784676,1.215976
2.974000,1,0.280535,0.681799,1.488190,-0.248743,-0.788057,1.215383
2.976000,1,0.279837,0.673745,1.480748,-0.249321,-0.791473,1.214843
2.978000,1,0.279119,0.665817,1.473113,-0.249923,-0.794926,1.214354
2.980000,1,0.278378,0.658024,1.465292,-0.250550,-0.798415,1.213918
2.982000,1,0.277620,0.650381,1.457343,-0.251199,-0.801941,1.213534
2.984000,1,0.276841,0.642873,1.449218,-0.251872,-0.805508,1.213208
2.986000,1,0.276077,0.635596,1.440836,-0.252571,-0.809108,1.212937
2.988000,1,0.275330,0.628549,1.432217,-0.253296,-0.812742,1.212721
2.990000,1,0.274604,0.621728,1.423365,-0.254048,-0.816410,1.212557
2.992000,1,0.274604,0.621728,1.423365,-0.254048,-0.816410,1.212557
2.994000,1,0.273139,0.608887,1.404954,-0.255621,-0.823847,1.212389
2.996000,1,0.272383,0.602870,1.395381,-0.256444,-0.827618,1.212385
2.998000,1,0.271608,0.597138,1.385658,-0.257287,-0.831426,1.212433
3.000000,1,0.270816,0.591689,1.375802,-0.258151,-0.835269,1.212534
3.002000,1,0.270004,0.586520,1.365834,-0.259037,-0.839149,1.212686
3.004000,1,0.269198,0.581534,1.355793,-0.259943,-0.843074,1.212894
3.006000,1,0.268396,0.576727,1.345688,-0.260871,-0.847044,1.213156
3.008000,1,0.267593,0.572093,1.335525,-0.261818,-0.851057,1.213471
3.010000,1,0.267103,0.567760,1.324966,-0.262811,-0.855083,1.213807
3.012000,1,0.266784,0.563741,1.314105,-0.263835,-0.859131,1.214174
3.014000,1,0.266634,0.560033,1.302960,-0.264886,-0.863201,1.214571
3.016000,1,0.266446,0.556578,1.291730,-0.265947,-0.867311,1.215014
3.018000,1,0.266149,0.553355,1.280502,-0.267013,-0.871464,1.215507
3.020000,1,0.265745,0.550363,1.269289,-0.268085,-0.875659,1.216049
3.022000,1,0.265185,0.547548,1.258116,-0.269163,-0.879901,1.216643
3.024000,1,0.264484,0.544901,1.247033,-0.270246,-0.884186,1.217283
3.026000,0,0.263937,0.544230,1.239778,-0.271390,-0.888648,1.218028
3.028000,0,0.263501,0.545231,1.235717,-0.272577,-0.893261,1.218868
3.030000,0,0.262985,0.546986,1.233016,-0.273758,-0.898052,1.220601
3.032000,0,0.262405,0.549312,1.231363,-0.274930,-0.902949,1.223103
3.034000,0,0.261776,0.552092,1.230558,-0.276107,-0.907924,1.226325
3.036000,0,0.261105,0.555202,1.230393,-0.277283,-0.912955,1.230256
3.038000,0,0.260403,0.558560,1.230726,-0.278464,-0.918024,1.234907
3.040000,0,0.259690,0.562088,1.231437,-0.279671,-0.923009,1.241073
3.042000,0,0.258974,0.565755,1.232464,-0.280907,-0.927892,1.248620
3.044000,0,0.258254,0.569518,1.233731,-0.282161,-0.932695,1.257320
3.046000,0,0.257530,0.573312,1.235129,-0.283429,-0.937401,1.267103
3.048000,0,0.256800,0.577107,1.236596,-0.284707,-0.941987,1.277817
3.048000,0,0.256800,0.577107,1.236596,-0.284707,-0.941987,1.277817
3.052000,0,0.255341,0.584663,1.239642,-0.287212,-0.950730,1.300949
3.054000,0,0.254614,0.588396,1.241152,-0.288424,-0.954825,1.313076
3.056000,0,0.253885,0.592049,1.242565,-0.289610,-0.958717,1.325563
3.058000,0,0.253160,0.595646,1.243911,-0.290756,-0.962390,1.338133
3.060000,0,0.252443,0.599209,1.245220,-0.291833,-0.965854,1.350567
3.062000,0,0.251734,0.602731,1.246473,-0.292838,-0.969092,1.362803
3.064000,0,0.251031,0.606188,1.247628,-0.293772,-0.972104,1.374849
3.066000,0,0.250339,0.609592,1.248695,-0.294637,-0.974859,1.386625
3.068000,0,0.249659,0.612941,1.249661,-0.295437,-0.977330,1.398127
3.070000,0,0.248991,0.616231,1.250517,-0.296174,-0.979509,1.409322
3.072000,0,0.248336,0.619460,1.251257,-0.296850,-0.981383,1.420197
3.074000,0,0.247691,0.622616,1.251862,-0.297467,-0.982956,1.430772
3.076000,0,0.247058,0.625701,1.252330,-0.298028,-0.984212,1.441040
3.078000,0,0.246438,0.628730,1.252679,-0.298534,-0.985128,1.450962
3.078000,0,0.246438,0.628730,1.252679,-0.298534,-0.985128,1.450962
3.080000,0,0.245242,0.634614,1.253003,-0.299388,-0.985918,1.469760
3.084000,0,0.244665,0.637459,1.252966,-0.299730,-0.985808,1.478648
3.086000,0,0.244101,0.640236,1.252783,-0.300013,-0.985324,1.487234
3.088000,0,0.243552,0.642966,1.252493,-0.300238,-0.984490,1.495445
3.090000,0,0.243020,0.645652,1.252101,-0.300404,-0.983319,1.503239
3.092000,0,0.242504,0.648297,1.251612,-0.300514,-0.981806,1.510636
3.094000,0,0.242005,0.650896,1.251016,-0.300570,-0.979956,1.517660
3.096000,0,0.241523,0.653457,1.250330,-0.300573,-0.977765,1.524282
3.096000,0,0.241523,0.653457,1.250330,-0.300573,-0.977765,1.524282
3.098000,0,0.240617,0.658476,1.248691,-0.300422,-0.972380,1.536267
3.102000,0,0.240195,0.660932,1.247739,-0.300273,-0.969194,1.541654
3.104000,0,0.239791,0.663366,1.246719,-0.300076,-0.965687,1.546611
3.106000,0,0.239408,0.665778,1.245636,-0.299832,-0.961874,1.551136
3.108000,0,0.239047,0.668174,1.244489,-0.299542,-0.957675,1.555225
3.110000,0,0.238707,0.670552,1.243282,-0.299213,-0.953157,1.558900
3.112000,0,0.238387,0.672914,1.242020,-0.298845,-0.948328,1.562183
3.114000,0,0.238091,0.675258,1.240700,-0.298444,-0.943192,1.565098
3.116000,0,0.237816,0.677588,1.239334,-0.298006,-0.937771,1.567618
3.118000,0,0.237565,0.679905,1.237919,-0.297536,-0.932070,1.569765
3.120000,0,0.237336,0.682212,1.236465,-0.297031,-0.926104,1.571514
3.122000,0,0.237133,0.684515,1.234976,-0.296488,-0.919834,1.572854
3.124000,0,0.236955,0.686819,1.233461,-0.295912,-0.913266,1.573807
3.126000,0,0.236800,0.689121,1.231930,-0.295308,-0.906493,1.574385
3.128000,0,0.236668,0.691425,1.230382,-0.294669,-0.899471,1.574556
3.130000,0,0.236560,0.693730,1.228823,-0.294002,-0.892276,1.574357
3.132000,0,0.236476,0.696036,1.227253,-0.293310,-0.884911,1.573806
3.134000,0,0.236417,0.698346,1.225676,-0.292603,-0.877398,1.572874
3.136000,0,0.236383,0.700663,1.224097,-0.291884,-0.869741,1.571578
3.138000,0,0.236373,0.702988,1.222521,-0.291151,-0.861961,1.569925
3.140000,0,0.236389,0.705321,1.220948,-0.290402,-0.854075,1.567910
3.142000,0,0.236431,0.707668,1.219385,-0.289639,-0.846089,1.565551
3.144000,0,0.236498,0.710032,1.217838,-0.288861,-0.838013,1.562861
3.146000,0,0.236590,0.712413,1.216310,-0.288068,-0.829862,1.559846
3.148000,0,0.236706,0.714811,1.214803,-0.287257,-0.821660,1.556511
3.150000,0,0.236847,0.717230,1.213320,-0.286425,-0.813423,1.552863
3.152000,0,0.237014,0.719669,1.211865,-0.285573,-0.805165,1.548908
3.154000,0,0.237207,0.722131,1.210437,-0.284701,-0.796888,1.544664
3.156000,0,0.237429,0.724621,1.209039,-0.283807,-0.788546,1.540092
3.158000,0,0.237677,0.727138,1.207680,-0.282915,-0.780207,1.535222
3.160000,0,0.237951,0.729683,1.206363,-0.282022,-0.771904,1.530062
3.162000,0,0.238251,0.732257,1.205089,-0.281128,-0.763653,1.524621
3.164000,0,0.238578,0.734862,1.203858,-0.280231,-0.755454,1.518914
3.166000,0,0.238932,0.737498,1.202673,-0.279331,-0.747319,1.512951
3.168000,0,0.239312,0.740167,1.201536,-0.278422,-0.739264,1.506731
3.170000,0,0.239716,0.742871,1.200450,-0.277502,-0.731305,1.500265
3.172000,0,0.240145,0.745610,1.199416,-0.276569,-0.723449,1.493562
3.174000,0,0.240600,0.748386,1.198435,-0.275623,-0.715697,1.486637
3.176000,0,0.241081,0.751204,1.197513,-0.274665,-0.708008,1.479448
3.178000,0,0.241587,0.754062,1.196650,-0.273690,-0.700451,1.472046
3.180000,0,0.242116,0.756962,1.195848,-0.272705,-0.693013,1.464449
3.182000,0,0.242674,0.759901,1.195103,-0.271764,-0.685732,1.456598
3.184000,0,0.243261,0.762881,1.194418,-0.270867,-0.678606,1.448509
3.186000,0,0.243876,0.765901,1.193791,-0.270015,-0.671646,1.440186
3.188000,0,0.244516,0.768963,1.193226,-0.269181,-0.664898,1.431632
3.190000,0,0.245180,0.772067,1.192721,-0.268367,-0.658347,1.422872
3.192000,0,0.245868,0.775216,1.192278,-0.267571,-0.651978,1.413924
3.194000,0,0.246578,0.778412,1.191901,-0.266783,-0.645808,1.404801
3.196000,0,0.247312,0.781656,1.191590,-0.266006,-0.639836,1.395517
3.198000,0,0.248067,0.784945,1.191343,-0.265231,-0.634064,1.386082
3.200000,0,0.248845,0.788281,1.191159,-0.264457,-0.628478,1.376505
3.202000,0,0.249642,0.791662,1.191035,-0.263649,-0.623141,1.366765
3.204000,0,0.250457,0.795087,1.190971,-0.262801,-0.618053,1.356870
3.206000,0,0.251291,0.798557,1.190966,-0.261912,-0.613208,1.346833
3.208000,0,0.252145,0.802072,1.191018,-0.260985,-0.608605,1.336671
3.210000,0,0.253044,0.805615,1.191106,-0.260324,-0.604301,1.326052
3.212000,0,0.253982,0.809191,1.191236,-0.259901,-0.600289,1.315025
3.214000,0,0.254939,0.812815,1.191418,-0.259523,-0.596530,1.303817
3.216000,0,0.255907,0.816494,1.191664,-0.259104,-0.592990,1.292546
3.218000,0,0.256883,0.820229,1.191976,-0.258598,-0.589637,1.281285
3.220000,0,0.257868,0.824019,1.192350,-0.258006,-0.586469,1.270043
3.222000,0,0.258859,0.827866,1.192786,-0.257297,-0.583432,1.258885
3.224000,0,0.259858,0.831765,1.193281,-0.256473,-0.580525,1.247817
3.226000,0,0.260865,0.835717,1.193833,-0.255545,-0.577706,1.236857
3.228000,0,0.261882,0.839719,1.194437,-0.254527,-0.574958,1.226007
3.230000,1,0.262961,0.843794,1.195064,-0.254029,-0.574101,1.219216
3.232000,1,0.264084,0.847927,1.195710,-0.254000,-0.574849,1.215914
3.234000,1,0.265239,0.852102,1.196369,-0.254422,-0.576951,1.215638
3.236000,1,0.266345,0.856600,1.198242,-0.254620,-0.579582,1.216020
3.238000,1,0.267415,0.861421,1.201394,-0.254635,-0.582594,1.216862
3.240000,1,0.268456,0.866530,1.205744,-0.254502,-0.585903,1.218065
3.242000,1,0.269475,0.871884,1.211200,-0.254251,-0.589441,1.219549
3.244000,1,0.270481,0.877380,1.218282,-0.253912,-0.593119,1.221209
3.246000,1,0.271478,0.882979,1.226807,-0.253501,-0.596900,1.222999
3.248000,1,0.272468,0.888641,1.236595,-0.253030,-0.600749,1.224873
3.250000,1,0.273444,0.894327,1.247213,-0.252520,-0.604665,1.226836
3.252000,1,0.274400,0.899997,1.258433,-0.251979,-0.608627,1.228860
3.254000,1,0.275336,0.905644,1.270213,-0.251410,-0.612595,1.230885
3.256000,1,0.276244,0.911186,1.282285,-0.250825,-0.616573,1.232912
3.258000,1,0.277139,0.916540,1.294558,-0.250232,-0.620553,1.234915
3.260000,1,0.278021,0.921701,1.307020,-0.249627,-0.624503,1.236851
3.262000,1,0.278888,0.926621,1.319596,-0.249016,-0.628417,1.238702
3.264000,1,0.279743,0.931276,1.332204,-0.248400,-0.632292,1.240464
3.266000,1,0.280580,0.935614,1.344695,-0.247786,-0.636139,1.242149
3.268000,1,0.281398,0.939615,1.357014,-0.247176,-0.639953,1.243750
3.270000,1,0.282199,0.943279,1.369177,-0.246568,-0.643717,1.245238
3.272000,1,0.282980,0.946592,1.381148,-0.245963,-0.647429,1.246610
3.274000,1,0.283742,0.949542,1.392899,-0.245364,-0.651088,1.247863
3.276000,1,0.284480,0.952111,1.404329,-0.244775,-0.654704,1.249014
3.278000,1,0.285192,0.954282,1.415430,-0.244196,-0.658279,1.250059
3.280000,1,0.285878,0.956049,1.426192,-0.243629,-0.661811,1.250997
3.282000,1,0.286523,0.957434,1.436603,-0.243072,-0.665298,1.251828
3.284000,1,0.287129,0.958442,1.446693,-0.242526,-0.668733,1.252539
3.286000,1,0.287694,0.959073,1.456451,-0.241991,-0.672121,1.253140
3.288000,1,0.288220,0.959324,1.465867,-0.241468,-0.675464,1.253631
3.290000,1,0.288707,0.959195,1.474926,-0.240958,-0.678767,1.254019
3.292000,1,0.289154,0.958681,1.483618,-0.240463,-0.682031,1.254308
3.294000,1,0.289562,0.957792,1.491911,-0.239983,-0.685259,1.254502
3.296000,1,0.289928,0.956523,1.499761,-0.239521,-0.688461,1.254616
3.298000,1,0.290252,0.954869,1.507182,-0.239077,-0.691637,1.254652
3.300000,1,0.290537,0.952837,1.514205,-0.238652,-0.694785,1.254605
3.302000,1,0.290783,0.950430,1.520831,-0.238247,-0.697907,1.254477
3.304000,1,0.290989,0.947655,1.527028,-0.237861,-0.701009,1.254281
3.306000,1,0.291155,0.944520,1.532793,-0.237496,-0.704092,1.254020
3.308000,1,0.291286,0.941013,1.538141,-0.237151,-0.707160,1.253696
3.310000,1,0.291379,0.937080,1.543067,-0.236828,-0.710220,1.253315
3.312000,1,0.291438,0.932728,1.547600,-0.236529,-0.713271,1.252874
3.314000,1,0.291465,0.927966,1.551735,-0.236253,-0.716313,1.252376
3.316000,1,0.291458,0.922890,1.555446,-0.235998,-0.719344,1.251833
3.318000,1,0.291416,0.917520,1.558728,-0.235765,-0.722365,1.251248
3.320000,1,0.291340,0.911869,1.561586,-0.235553,-0.725377,1.250624
3.322000,1,0.291230,0.905949,1.564026,-0.235365,-0.728383,1.249966
3.324000,1,0.291089,0.899766,1.566071,-0.235201,-0.731384,1.249272
3.326000,1,0.290915,0.893339,1.567711,-0.235061,-0.734383,1.248550
3.328000,1,0.290710,0.886686,1.568971,-0.234946,-0.737381,1.247804
3.330000,1,0.290475,0.879821,1.569856,-0.234855,-0.740383,1.247042
3.332000,1,0.290220,0.872737,1.570368,-0.234790,-0.743393,1.246267
3.334000,1,0.289947,0.865439,1.570525,-0.234752,-0.746411,1.245480
3.336000,1,0.289657,0.857933,1.570333,-0.234743,-0.749439,1.244682
3.338000,1,0.289349,0.850232,1.569792,-0.234761,-0.752477,1.243876
3.340000,1,0.289021,0.842353,1.568901,-0.234807,-0.755528,1.243067
3.342000,1,0.289021,0.842353,1.568901,-0.234807,-0.755528,1.243067
3.344000,1,0.288288,0.826214,1.566000,-0.234976,-0.761664,1.241458
3.346000,1,0.287883,0.817977,1.564013,-0.235100,-0.764755,1.240665
3.348000,1,0.287451,0.809577,1.561656,-0.235255,-0.767866,1.239880
3.350000,1,0.286992,0.801095,1.558969,-0.235436,-0.770995,1.239109
3.352000,1,0.286507,0.792532,1.555966,-0.235644,-0.774144,1.238354
3.354000,1,0.285994,0.783924,1.552652,-0.235879,-0.777312,1.237617
3.356000,1,0.285453,0.775287,1.549037,-0.236140,-0.780505,1.236907
3.358000,1,0.284883,0.766639,1.545123,-0.236427,-0.783724,1.236226
3.360000,1,0.284295,0.758015,1.540893,-0.236739,-0.786968,1.235578
3.362000,1,0.283689,0.749430,1.536355,-0.237077,-0.790239,1.234963
3.364000,1,0.283068,0.740885,1.531526,-0.237442,-0.793537,1.234382
3.366000,1,0.282426,0.732357,1.526373,-0.237836,-0.796868,1.233838
3.368000,1,0.281764,0.723905,1.520949,-0.238255,-0.800228,1.233333
3.370000,1,0.281082,0.715544,1.515271,-0.238699,-0.803618,1.232869
3.372000,1,0.280380,0.707285,1.509347,-0.239168,-0.807040,1.232446
3.374000,1,0.279658,0.699127,1.503195,-0.239664,-0.810495,1.232064
3.376000,1,0.278911,0.691048,1.496775,-0.240186,-0.813985,1.231727
3.378000,1,0.278144,0.683071,1.490147,-0.240735,-0.817511,1.231433
3.380000,1,0.277355,0.675232,1.483311,-0.241308,-0.821070,1.231184
3.382000,1,0.276589,0.667588,1.476213,-0.241908,-0.824661,1.230982
3.384000,1,0.275845,0.660137,1.468872,-0.242537,-0.828284,1.230826
3.386000,1,0.275128,0.652872,1.461293,-0.243193,-0.831941,1.230715
3.388000,1,0.274427,0.645825,1.453483,-0.243875,-0.835631,1.230650
3.390000,1,0.273729,0.639006,1.445453,-0.244581,-0.839355,1.230630
3.392000,1,0.273037,0.632414,1.437222,-0.245313,-0.843114,1.230657
3.394000,1,0.272357,0.626020,1.428816,-0.246069,-0.846910,1.230730
3.396000,1,0.271679,0.619837,1.420252,-0.246849,-0.850745,1.230851
3.398000,1,0.270987,0.613912,1.411520,-0.247651,-0.854614,1.231019
3.400000,1,0.270281,0.608245,1.402635,-0.248474,-0.858519,1.231233
3.402000,1,0.269561,0.602820,1.393603,-0.249318,-0.862462,1.231495
3.404000,1,0.268839,0.597589,1.384466,-0.250184,-0.866449,1.231809
3.406000,1,0.268095,0.592601,1.375192,-0.251069,-0.870473,1.232167
3.408000,1,0.267577,0.587988,1.365536,-0.251995,-0.874510,1.232547
3.410000,1,0.267285,0.583746,1.355517,-0.252957,-0.878563,1.232950
3.412000,1,0.267233,0.579785,1.345214,-0.253955,-0.882644,1.233382
3.414000,1,0.267272,0.576160,1.334672,-0.254974,-0.886751,1.233843
3.416000,1,0.267293,0.572834,1.323994,-0.256005,-0.890894,1.234342
3.418000,1,0.267299,0.569804,1.313196,-0.257050,-0.895072,1.234877
3.420000,1,0.267218,0.567042,1.302371,-0.258102,-0.899290,1.235455
3.422000,1,0.267051,0.564376,1.291662,-0.259163,-0.903564,1.236083
3.424000,1,0.266753,0.561748,1.281140,-0.260228,-0.907897,1.236763
3.426000,1,0.266310,0.559181,1.270791,-0.261297,-0.912285,1.237497
3.428000,0,0.266070,0.558577,1.264284,-0.262428,-0.916883,1.238361
3.430000,0,0.265961,0.559641,1.260951,-0.263603,-0.921656,1.239338
3.432000,0,0.265714,0.561449,1.258821,-0.264773,-0.926551,1.241092
3.434000,0,0.265355,0.563815,1.257607,-0.265939,-0.931519,1.243551
3.436000,0,0.264906,0.566619,1.257124,-0.267101,-0.936520,1.246626
3.438000,0,0.264380,0.569739,1.257179,-0.268254,-0.941535,1.250306
3.440000,0,0.263790,0.573087,1.257643,-0.269412,-0.946571,1.254685
3.442000,0,0.263170,0.576615,1.258453,-0.270601,-0.951511,1.260609
3.444000,0,0.262525,0.580267,1.259514,-0.271814,-0.956315,1.267967
3.446000,0,0.261860,0.583999,1.260760,-0.273040,-0.961013,1.276529
3.448000,0,0.261175,0.587749,1.262089,-0.274275,-0.965587,1.286223
3.450000,0,0.260472,0.591492,1.263459,-0.275505,-0.970041,1.296831
3.452000,0,0.259757,0.595208,1.264832,-0.276716,-0.974349,1.308165
3.454000,0,0.259037,0.598917,1.266228,-0.277892,-0.978505,1.319895
3.456000,0,0.258311,0.602578,1.267580,-0.279030,-0.982500,1.331990
3.458000,0,0.257581,0.606185,1.268870,-0.280122,-0.986302,1.344322
3.460000,0,0.256850,0.609732,1.270085,-0.281162,-0.989918,1.356765
3.462000,0,0.256121,0.613216,1.271212,-0.282148,-0.993329,1.369223
3.464000,0,0.255401,0.616658,1.272275,-0.283078,-0.996506,1.381531
3.466000,0,0.254690,0.620054,1.273258,-0.283952,-0.999419,1.393655
3.468000,0,0.253990,0.623398,1.274149,-0.284771,-1.002052,1.405565
3.470000,0,0.253301,0.626689,1.274941,-0.285539,-1.004395,1.417215
3.472000,0,0.252625,0.629925,1.275627,-0.286258,-1.006433,1.428582
3.474000,0,0.251961,0.633103,1.276200,-0.286927,-1.008153,1.439651
3.476000,0,0.251307,0.636212,1.276642,-0.287551,-1.009556,1.450441
3.478000,0,0.250666,0.639268,1.276968,-0.288129,-1.010619,1.460910
3.480000,0,0.250038,0.642270,1.277175,-0.288654,-1.011305,1.471056
3.482000,0,0.249423,0.645221,1.277266,-0.289124,-1.011610,1.480863
3.484000,0,0.248821,0.648112,1.277226,-0.289544,-1.011539,1.490356
3.486000,0,0.248232,0.650943,1.277064,-0.289913,-1.011136,1.499498
3.488000,0,0.247656,0.653718,1.276784,-0.290232,-1.010400,1.508299
3.490000,0,0.247095,0.656440,1.276390,-0.290504,-1.009330,1.516741
3.492000,0,0.246551,0.659114,1.275889,-0.290727,-1.007923,1.524813
3.494000,0,0.246024,0.661744,1.275286,-0.290906,-1.006176,1.532505
3.496000,0,0.245515,0.664335,1.274587,-0.291041,-1.004085,1.539805
3.498000,0,0.245025,0.666889,1.273796,-0.291134,-1.001650,1.546705
3.500000,0,0.244555,0.669410,1.272918,-0.291185,-0.998866,1.553197
3.502000,0,0.244105,0.671906,1.271968,-0.291195,-0.995736,1.559239
3.504000,0,0.243676,0.674380,1.270949,-0.291162,-0.992272,1.564806
3.506000,0,0.243269,0.676832,1.269864,-0.291088,-0.988480,1.569902
3.508000,0,0.242885,0.679260,1.268709,-0.290977,-0.984366,1.574555
3.510000,0,0.242525,0.681666,1.267486,-0.290834,-0.979919,1.578778
3.512000,0,0.242187,0.684060,1.266212,-0.290661,-0.975143,1.582574
3.514000,0,0.241871,0.686443,1.264889,-0.290459,-0.970046,1.585946
3.516000,0,0.241578,0.688813,1.263520,-0.290227,-0.964648,1.588874
3.518000,0,0.241309,0.691172,1.262103,-0.289969,-0.958954,1.591383
3.520000,0,0.241065,0.693520,1.260640,-0.289685,-0.952966,1.593495
3.522000,0,0.240846,0.695860,1.259137,-0.289376,-0.946700,1.595213
3.524000,0,0.240651,0.698193,1.257602,-0.289043,-0.940182,1.596536
3.526000,0,0.240480,0.700522,1.256038,-0.288683,-0.933430,1.597464
3.528000,0,0.240333,0.702846,1.254450,-0.288298,-0.926459,1.597997
3.530000,0,0.240213,0.705173,1.252847,-0.287891,-0.919274,1.598157
3.532000,0,0.240117,0.707503,1.251232,-0.287461,-0.911890,1.597945
3.534000,0,0.240047,0.709839,1.249611,-0.287022,-0.904314,1.597337
3.536000,0,0.240002,0.712181,1.247986,-0.286573,-0.896562,1.596339
3.538000,0,0.239982,0.714532,1.246361,-0.286114,-0.888651,1.594955
3.540000,0,0.239989,0.716891,1.244735,-0.285645,-0.880586,1.593206
3.542000,0,0.240023,0.719261,1.243111,-0.285166,-0.872383,1.591099
3.544000,0,0.240084,0.721641,1.241491,-0.284675,-0.864060,1.588640
3.544000,0,0.240084,0.721641,1.241491,-0.284675,-0.864060,1.588640
3.548000,0,0.240279,0.726439,1.238290,-0.283636,-0.847170,1.582661
3.550000,0,0.240416,0.728867,1.236717,-0.283085,-0.838573,1.579123
3.552000,0,0.240583,0.731316,1.235162,-0.282514,-0.829860,1.575228
3.554000,0,0.240777,0.733786,1.233630,-0.281919,-0.821064,1.570976
3.556000,0,0.240998,0.736274,1.232123,-0.281302,-0.812259,1.566430
3.558000,0,0.241243,0.738781,1.230643,-0.280685,-0.803459,1.561586
3.560000,0,0.241513,0.741309,1.229194,-0.280067,-0.794677,1.556452
3.562000,0,0.241808,0.743861,1.227779,-0.279445,-0.785925,1.551034
3.564000,0,0.242129,0.746444,1.226412,-0.278817,-0.777217,1.545347
3.566000,0,0.242476,0.749059,1.225089,-0.278176,-0.768523,1.539344
3.568000,0,0.242848,0.751703,1.223808,-0.277524,-0.759894,1.533086
3.570000,0,0.243243,0.754377,1.222573,-0.276859,-0.751346,1.526586
3.572000,0,0.243663,0.757082,1.221384,-0.276181,-0.742880,1.519861
3.574000,0,0.244108,0.759820,1.220242,-0.275487,-0.734506,1.512916
3.576000,0,0.244579,0.762592,1.219149,-0.274777,-0.726235,1.505758
3.578000,0,0.245072,0.765397,1.218108,-0.274039,-0.718101,1.498378
3.580000,0,0.245072,0.765397,1.218108,-0.274039,-0.718101,1.498378
3.582000,0,0.246132,0.771118,1.216190,-0.272531,-0.702284,1.482938
3.584000,0,0.246701,0.774033,1.215318,-0.271792,-0.694677,1.474845
3.586000,0,0.247294,0.776988,1.214506,-0.271059,-0.687285,1.466516
3.588000,0,0.247913,0.779983,1.213754,-0.270331,-0.680106,1.457970
3.590000,0,0.248557,0.783020,1.213062,-0.269606,-0.673145,1.449221
3.592000,0,0.249224,0.786099,1.212430,-0.268884,-0.666384,1.440286
3.594000,0,0.249915,0.789220,1.211858,-0.268146,-0.659863,1.431168
3.596000,0,0.250626,0.792383,1.211348,-0.267379,-0.653606,1.421871
3.598000,0,0.251359,0.795591,1.210899,-0.266578,-0.647611,1.412409
3.600000,0,0.252111,0.798847,1.210515,-0.265745,-0.641873,1.402795
3.602000,0,0.252883,0.802150,1.210195,-0.264880,-0.636385,1.393041
3.604000,0,0.253676,0.805500,1.209938,-0.263983,-0.631146,1.383162
3.606000,0,0.254489,0.808896,1.209742,-0.263055,-0.626148,1.373168
3.608000,0,0.255350,0.812329,1.209585,-0.262421,-0.621301,1.362829
3.610000,0,0.256253,0.815799,1.209471,-0.262053,-0.616624,1.352176
3.612000,0,0.257188,0.819309,1.209401,-0.261882,-0.612108,1.341270
3.614000,0,0.258153,0.822862,1.209380,-0.261906,-0.607752,1.330119
3.616000,0,0.259125,0.826465,1.209418,-0.261886,-0.603605,1.318885
3.618000,0,0.260100,0.830118,1.209517,-0.261740,-0.599670,1.307635
3.620000,0,0.261076,0.833823,1.209678,-0.261425,-0.595951,1.296407
3.622000,0,0.262056,0.837581,1.209904,-0.260947,-0.592449,1.285218
3.624000,0,0.263039,0.841390,1.210190,-0.260298,-0.589128,1.274086
3.626000,0,0.264028,0.845251,1.210535,-0.259485,-0.585966,1.263026
3.628000,0,0.264028,0.845251,1.210535,-0.259485,-0.585966,1.263026
3.630000,0,0.266081,0.853205,1.211427,-0.257728,-0.581498,1.244215
3.632000,1,0.267206,0.857287,1.211917,-0.257380,-0.581753,1.239883
3.634000,1,0.268387,0.861396,1.212404,-0.257450,-0.583419,1.238551
3.636000,1,0.269601,0.865537,1.212899,-0.257828,-0.586240,1.239629
3.638000,1,0.270774,0.869986,1.214624,-0.257974,-0.589396,1.240985
3.640000,1,0.271907,0.874730,1.217584,-0.257930,-0.592780,1.242498
3.642000,1,0.272997,0.879748,1.221754,-0.257731,-0.596312,1.244084
3.644000,1,0.274060,0.884991,1.227005,-0.257410,-0.599965,1.245739
3.646000,1,0.275112,0.890335,1.233757,-0.257005,-0.603691,1.247425
3.648000,1,0.276150,0.895766,1.241921,-0.256529,-0.607438,1.249081
3.650000,1,0.277174,0.901245,1.251326,-0.255996,-0.611185,1.250689
3.652000,1,0.278176,0.906731,1.261570,-0.255423,-0.614941,1.252275
3.654000,1,0.279153,0.912192,1.272436,-0.254822,-0.618695,1.253829
3.656000,1,0.280100,0.917594,1.283759,-0.254199,-0.622438,1.255340
3.658000,1,0.281018,0.922932,1.295506,-0.253557,-0.626139,1.256765
3.660000,1,0.281925,0.928078,1.307502,-0.252907,-0.629821,1.258128
3.662000,1,0.282821,0.932993,1.319641,-0.252252,-0.633480,1.259418
3.664000,1,0.283706,0.937649,1.331838,-0.251596,-0.637108,1.260627
3.666000,1,0.284579,0.942044,1.344094,-0.250937,-0.640685,1.261727
3.668000,1,0.285436,0.946140,1.356270,-0.250283,-0.644225,1.262735
3.670000,1,0.286275,0.949913,1.368308,-0.249634,-0.647726,1.263650
3.672000,1,0.287093,0.953348,1.380167,-0.248992,-0.651186,1.264467
3.674000,1,0.287893,0.956446,1.391866,-0.248357,-0.654591,1.265165
3.676000,1,0.288674,0.959203,1.403350,-0.247729,-0.657940,1.265747
3.678000,1,0.289436,0.961599,1.414609,-0.247111,-0.661238,1.266212
3.680000,1,0.290176,0.963621,1.425610,-0.246503,-0.664485,1.266565
3.682000,1,0.290891,0.965252,1.436260,-0.245908,-0.667700,1.266832
3.684000,1,0.291585,0.966497,1.446592,-0.245326,-0.670873,1.266999
3.686000,1,0.292240,0.967366,1.456597,-0.244755,-0.674005,1.267067
3.688000,1,0.292853,0.967855,1.466267,-0.244197,-0.677098,1.267040
3.690000,1,0.293418,0.967954,1.475546,-0.243654,-0.680162,1.266933
3.692000,1,0.293940,0.967669,1.484466,-0.243125,-0.683195,1.266742
3.694000,1,0.294417,0.967003,1.492994,-0.242612,-0.686198,1.266470
3.696000,1,0.294850,0.965950,1.501145,-0.242116,-0.689174,1.266119
3.698000,1,0.295239,0.964509,1.508910,-0.241637,-0.692124,1.265692
3.700000,1,0.295582,0.962686,1.516229,-0.241178,-0.695057,1.265204
3.702000,1,0.295878,0.960485,1.523098,-0.240739,-0.697973,1.264656
3.704000,1,0.296132,0.957912,1.529546,-0.240320,-0.700869,1.264043
3.706000,1,0.296344,0.954972,1.535579,-0.239924,-0.703746,1.263366
3.708000,1,0.296514,0.951662,1.541216,-0.239549,-0.706607,1.262629
3.710000,1,0.296648,0.947975,1.546466,-0.239197,-0.709455,1.261835
3.712000,1,0.296745,0.943919,1.551327,-0.238868,-0.712291,1.260987
3.714000,1,0.296807,0.939512,1.555774,-0.238562,-0.715119,1.260095
3.716000,1,0.296833,0.934763,1.559804,-0.238280,-0.717941,1.259162
3.718000,1,0.296823,0.929677,1.563426,-0.238022,-0.720758,1.258192
3.720000,1,0.296778,0.924264,1.566641,-0.237788,-0.723572,1.257187
3.722000,1,0.296694,0.918559,1.569408,-0.237578,-0.726384,1.256156
3.724000,1,0.296571,0.912566,1.571745,-0.237391,-0.729197,1.255101
3.726000,1,0.296413,0.906291,1.573675,-0.237230,-0.732009,1.254021
3.728000,1,0.296221,0.899760,1.575214,-0.237094,-0.734824,1.252922
3.730000,1,0.295994,0.893003,1.576351,-0.236983,-0.737640,1.251808
3.732000,1,0.295741,0.886014,1.577090,-0.236899,-0.740462,1.250680
3.734000,1,0.295466,0.878799,1.577452,-0.236842,-0.743292,1.249544
3.736000,1,0.295166,0.871306,1.577415,-0.236815,-0.746137,1.248401
3.738000,1,0.294845,0.863615,1.577013,-0.236816,-0.748992,1.247255
3.740000,1,0.294502,0.855737,1.576258,-0.236845,-0.751859,1.246108
3.742000,1,0.294132,0.847714,1.575139,-0.236899,-0.754738,1.244968
3.744000,1,0.293738,0.839547,1.573675,-0.236980,-0.757631,1.243833
3.746000,1,0.293317,0.831272,1.571857,-0.237090,-0.760536,1.242706
3.748000,1,0.292869,0.822891,1.569702,-0.237227,-0.763457,1.241592
3.750000,1,0.292394,0.814412,1.567218,-0.237392,-0.766396,1.240491
3.752000,1,0.291892,0.805860,1.564409,-0.237584,-0.769354,1.239411
3.754000,1,0.291357,0.797268,1.561270,-0.237802,-0.772333,1.238355
3.756000,1,0.290793,0.788639,1.557818,-0.238048,-0.775334,1.237325
3.758000,1,0.290197,0.779989,1.554061,-0.238321,-0.778357,1.236322
3.760000,1,0.289581,0.771352,1.549991,-0.238621,-0.781408,1.235355
3.762000,1,0.288941,0.762702,1.545566,-0.238949,-0.784491,1.234429
3.764000,1,0.288281,0.754093,1.540847,-0.239302,-0.787603,1.233544
3.766000,1,0.287603,0.745529,1.535848,-0.239683,-0.790745,1.232700
3.768000,1,0.287603,0.745529,1.535848,-0.239683,-0.790745,1.232700
3.770000,1,0.286182,0.728495,1.524992,-0.240530,-0.797130,1.231139
3.772000,1,0.285438,0.720052,1.519154,-0.240996,-0.800374,1.230426
3.774000,1,0.284669,0.711718,1.513081,-0.241486,-0.803650,1.229759
3.776000,1,0.283879,0.703495,1.506791,-0.242003,-0.806959,1.229140
3.778000,1,0.283060,0.695366,1.500243,-0.242547,-0.810305,1.228570
3.780000,1,0.282220,0.687362,1.493491,-0.243115,-0.813687,1.228049
3.782000,1,0.281397,0.679551,1.486490,-0.243712,-0.817098,1.227576
3.784000,1,0.280592,0.671935,1.479257,-0.244337,-0.820542,1.227151
3.786000,1,0.279808,0.664524,1.471799,-0.244990,-0.824021,1.226780
3.788000,1,0.279042,0.657306,1.464128,-0.245669,-0.827538,1.226463
3.790000,1,0.278292,0.650284,1.456257,-0.246374,-0.831093,1.226200
3.792000,1,0.277545,0.643483,1.448197,-0.247104,-0.834687,1.225991
3.794000,1,0.276801,0.636902,1.439963,-0.247859,-0.838319,1.225837
3.796000,1,0.276057,0.630544,1.431564,-0.248638,-0.841990,1.225736
3.798000,1,0.275307,0.624395,1.423006,-0.249441,-0.845701,1.225688
3.800000,1,0.274553,0.618454,1.414303,-0.250268,-0.849451,1.225692
3.802000,1,0.273792,0.612722,1.405462,-0.251117,-0.853241,1.225748
3.804000,1,0.273021,0.607202,1.396492,-0.251990,-0.857070,1.225853
3.806000,1,0.272235,0.601900,1.387390,-0.252883,-0.860941,1.226013
3.808000,1,0.271435,0.596816,1.378172,-0.253796,-0.864853,1.226226
3.810000,1,0.270827,0.592058,1.368621,-0.254748,-0.868785,1.226471
3.812000,1,0.270373,0.587705,1.358720,-0.255732,-0.872734,1.226746
3.814000,1,0.270094,0.583665,1.348537,-0.256747,-0.876709,1.227056
3.816000,1,0.269860,0.580013,1.338114,-0.257783,-0.880712,1.227402
3.818000,1,0.269672,0.576745,1.327473,-0.258838,-0.884742,1.227784
3.820000,1,0.269451,0.573814,1.316711,-0.259907,-0.888809,1.228209
3.822000,1,0.269150,0.570993,1.306056,-0.260985,-0.892935,1.228690
3.824000,1,0.268771,0.568280,1.295512,-0.262073,-0.897116,1.229224
3.826000,1,0.268282,0.565672,1.285114,-0.263169,-0.901350,1.229813
3.828000,1,0.267665,0.563167,1.274843,-0.264271,-0.905637,1.230456
3.830000,1,0.266928,0.560763,1.264683,-0.265380,-0.909976,1.231154
3.832000,0,0.266395,0.560308,1.258267,-0.266551,-0.914516,1.231979
3.834000,0,0.266416,0.561524,1.255670,-0.267851,-0.919129,1.232837
3.836000,0,0.266267,0.563457,1.254165,-0.269126,-0.923883,1.234500
3.838000,0,0.265981,0.565924,1.253481,-0.270364,-0.928743,1.236927
3.840000,0,0.265581,0.568786,1.253416,-0.271558,-0.933689,1.240096
3.842000,0,0.265090,0.571946,1.253829,-0.272716,-0.938704,1.243992
3.844000,0,0.264526,0.575351,1.254640,-0.273852,-0.943756,1.248562
3.846000,0,0.264526,0.575351,1.254640,-0.273852,-0.943756,1.248562
3.848000,0,0.263279,0.582603,1.257043,-0.276159,-0.953559,1.262394
3.850000,0,0.262606,0.586324,1.258439,-0.277319,-0.958248,1.271450
3.852000,0,0.261900,0.590041,1.259858,-0.278491,-0.962775,1.281817
3.854000,0,0.261178,0.593780,1.261351,-0.279628,-0.967198,1.292884
3.856000,0,0.260446,0.597528,1.262893,-0.280715,-0.971510,1.304428
3.858000,0,0.259700,0.601241,1.264411,-0.281752,-0.975703,1.316416
3.860000,0,0.258946,0.604899,1.265870,-0.282733,-0.979759,1.328693
3.862000,0,0.258194,0.608533,1.267305,-0.283663,-0.983644,1.341063
3.864000,0,0.257446,0.612137,1.268700,-0.284545,-0.987340,1.353427
3.866000,0,0.256704,0.615702,1.270033,-0.285379,-0.990823,1.365724
3.868000,0,0.255966,0.619203,1.271265,-0.286165,-0.994089,1.377954
3.870000,0,0.255238,0.622655,1.272408,-0.286905,-0.997094,1.390025
3.872000,0,0.254519,0.626057,1.273455,-0.287602,-0.999814,1.401897
3.874000,0,0.253812,0.629405,1.274398,-0.288257,-1.002231,1.413541
3.876000,0,0.253113,0.632684,1.275208,-0.288871,-1.004345,1.424972
3.878000,0,0.252423,0.635894,1.275887,-0.289445,-1.006134,1.436187
3.880000,0,0.251744,0.639051,1.276448,-0.289966,-1.007563,1.447119
3.882000,0,0.251077,0.642155,1.276897,-0.290432,-1.008666,1.457716
3.884000,0,0.250421,0.645196,1.277219,-0.290846,-1.009447,1.468000
3.886000,0,0.249776,0.648179,1.277413,-0.291209,-1.009858,1.477978
3.888000,0,0.249144,0.651105,1.277487,-0.291522,-1.009931,1.487636
3.890000,0,0.248526,0.653989,1.277461,-0.291786,-1.009659,1.496897
3.892000,0,0.247925,0.656833,1.277338,-0.292002,-1.009035,1.505745
3.894000,0,0.247340,0.659642,1.277115,-0.292169,-1.008004,1.514194
3.896000,0,0.246773,0.662407,1.276781,-0.292291,-1.006569,1.522272
3.898000,0,0.246222,0.665129,1.276344,-0.292372,-1.004781,1.529963
3.900000,0,0.245689,0.667810,1.275809,-0.292412,-1.002641,1.537283
3.902000,0,0.245174,0.670460,1.275191,-0.292411,-1.000156,1.544164
3.904000,0,0.244679,0.673082,1.274496,-0.292368,-0.997329,1.550596
3.906000,0,0.244204,0.675672,1.273717,-0.292286,-0.994165,1.556610
3.908000,0,0.243750,0.678234,1.272858,-0.292166,-0.990667,1.562205
3.910000,0,0.243319,0.680771,1.271923,-0.292013,-0.986819,1.567410
3.912000,0,0.242908,0.683289,1.270923,-0.291826,-0.982630,1.572172
3.914000,0,0.242519,0.685792,1.269868,-0.291605,-0.978108,1.576486
3.916000,0,0.242153,0.688279,1.268755,-0.291354,-0.973258,1.580380
3.918000,0,0.241811,0.690752,1.267587,-0.291073,-0.968091,1.583855
3.920000,0,0.241492,0.693213,1.266367,-0.290764,-0.962608,1.586933
3.922000,0,0.241195,0.695663,1.265104,-0.290423,-0.956835,1.589570
3.924000,0,0.240921,0.698106,1.263803,-0.290052,-0.950778,1.591782
3.926000,0,0.240671,0.700541,1.262461,-0.289653,-0.944442,1.593593
3.928000,0,0.240448,0.702968,1.261083,-0.289229,-0.937851,1.595010
3.930000,0,0.240248,0.705391,1.259675,-0.288776,-0.931032,1.596017
3.932000,0,0.240075,0.707812,1.258241,-0.288310,-0.923958,1.596632
3.934000,0,0.239929,0.710239,1.256792,-0.287836,-0.916636,1.596875
3.936000,0,0.239809,0.712670,1.255328,-0.287351,-0.909086,1.596731
3.938000,0,0.239716,0.715107,1.253854,-0.286859,-0.901316,1.596219
3.940000,0,0.239647,0.717551,1.252376,-0.286353,-0.893355,1.595318
3.942000,0,0.239604,0.720003,1.250892,-0.285834,-0.885209,1.594048
3.944000,0,0.239588,0.722466,1.249404,-0.285296,-0.876847,1.592359
3.946000,0,0.239599,0.724938,1.247917,-0.284743,-0.868338,1.590309
3.948000,0,0.239633,0.727417,1.246435,-0.284169,-0.859735,1.587884
3.950000,0,0.239690,0.729905,1.244961,-0.283572,-0.851059,1.585092
3.952000,0,0.239772,0.732407,1.243501,-0.282954,-0.842312,1.581952
3.954000,0,0.239879,0.734925,1.242057,-0.282315,-0.833510,1.578476
3.956000,0,0.240009,0.737459,1.240634,-0.281652,-0.824679,1.574669
3.958000,0,0.240165,0.740013,1.239236,-0.280980,-0.815825,1.570530
3.960000,0,0.240348,0.742587,1.237862,-0.280302,-0.806950,1.566078
3.962000,0,0.240557,0.745184,1.236517,-0.279617,-0.798065,1.561324
3.964000,0,0.240790,0.747805,1.235204,-0.278921,-0.789197,1.556270
3.966000,0,0.241049,0.750451,1.233926,-0.278213,-0.780347,1.550931
3.968000,0,0.241331,0.753126,1.232688,-0.277491,-0.771544,1.545315
3.970000,0,0.241639,0.755831,1.231493,-0.276755,-0.762789,1.539436
3.972000,0,0.241972,0.758566,1.230341,-0.276000,-0.754105,1.533294
3.974000,0,0.242328,0.761333,1.229235,-0.275226,-0.745505,1.526895
3.976000,0,0.242710,0.764135,1.228177,-0.274427,-0.736967,1.520197
3.978000,0,0.243118,0.766972,1.227168,-0.273604,-0.728491,1.513219
3.980000,0,0.243554,0.769842,1.226207,-0.272791,-0.720135,1.505925
3.982000,0,0.244018,0.772747,1.225295,-0.271987,-0.711927,1.498329
3.984000,0,0.244507,0.775684,1.224434,-0.271191,-0.703901,1.490506
3.986000,0,0.245021,0.778659,1.223628,-0.270405,-0.696056,1.482472
3.988000,0,0.245560,0.781673,1.222878,-0.269633,-0.688377,1.474252
3.990000,0,0.246122,0.784726,1.222185,-0.268859,-0.680898,1.465839
3.992000,0,0.246122,0.784726,1.222185,-0.268859,-0.680898,1.465839
3.994000,0,0.247313,0.790956,1.220972,-0.267281,-0.666584,1.448459
3.996000,0,0.247942,0.794133,1.220453,-0.266471,-0.659766,1.439514
3.998000,0,0.248594,0.797355,1.219992,-0.265661,-0.653118,1.430420
4.000000,0,0.249269,0.800621,1.219588,-0.264850,-0.646640,1.421188
4.002000,0,0.249964,0.803930,1.219241,-0.264017,-0.640383,1.411799
4.004000,0,0.250680,0.807283,1.218954,-0.263157,-0.634368,1.402254
4.006000,0,0.251414,0.810681,1.218727,-0.262268,-0.628597,1.392562
4.008000,0,0.252169,0.814122,1.218558,-0.261352,-0.623067,1.382738
4.010000,0,0.252963,0.817598,1.218430,-0.260635,-0.617746,1.372598
4.012000,0,0.253792,0.821111,1.218345,-0.260102,-0.612639,1.362176
4.014000,0,0.254647,0.824659,1.218304,-0.259669,-0.607848,1.351470
4.016000,0,0.255527,0.828242,1.218306,-0.259337,-0.603368,1.340496
4.018000,0,0.256428,0.831864,1.218353,-0.259060,-0.599194,1.329309
4.020000,0,0.257342,0.835529,1.218450,-0.258768,-0.595292,1.317990
4.022000,0,0.258262,0.839249,1.218605,-0.258364,-0.591609,1.306662
4.024000,0,0.259189,0.843019,1.218815,-0.257849,-0.588141,1.295338
4.026000,0,0.260123,0.846844,1.219086,-0.257203,-0.584858,1.284062
4.028000,0,0.261063,0.850724,1.219416,-0.256428,-0.581732,1.272854
4.030000,0,0.261063,0.850724,1.219416,-0.256428,-0.581732,1.272854
4.032000,0,0.262967,0.858641,1.220238,-0.254552,-0.575795,1.250692
4.034000,1,0.262967,0.858641,1.220238,-0.254552,-0.575795,1.250692
4.036000,1,0.265177,0.866891,1.221243,-0.254117,-0.575421,1.240454
4.038000,1,0.266325,0.871091,1.221765,-0.254444,-0.577417,1.239918
4.040000,1,0.266325,0.871091,1.221765,-0.254444,-0.577417,1.239918
4.042000,1,0.268585,0.880377,1.226491,-0.254494,-0.582836,1.240573
4.044000,1,0.269700,0.885430,1.230698,-0.254286,-0.586009,1.241445
4.046000,1,0.270813,0.890679,1.235944,-0.253965,-0.589410,1.242582
4.048000,1,0.271935,0.896003,1.242843,-0.253563,-0.592944,1.243876
4.050000,1,0.273062,0.901346,1.251059,-0.253101,-0.596595,1.245316
4.052000,1,0.274184,0.906686,1.260331,-0.252595,-0.600328,1.246859
4.054000,1,0.275294,0.912001,1.270435,-0.252053,-0.604115,1.248468
4.056000,1,0.276385,0.917263,1.281177,-0.251486,-0.607931,1.250111
4.058000,1,0.277466,0.922396,1.292424,-0.250902,-0.611762,1.251754
4.060000,1,0.278534,0.927366,1.304036,-0.250307,-0.615590,1.253373
4.062000,1,0.279586,0.932144,1.315892,-0.249704,-0.619402,1.254948
4.064000,1,0.280623,0.936727,1.327978,-0.249094,-0.623170,1.256434
4.066000,1,0.281647,0.941061,1.340249,-0.248480,-0.626885,1.257814
4.068000,1,0.282649,0.945125,1.352481,-0.247868,-0.630565,1.259112
4.070000,1,0.283624,0.948900,1.364595,-0.247261,-0.634208,1.260327
4.072000,1,0.284576,0.952386,1.376602,-0.246657,-0.637794,1.261428
4.074000,1,0.285501,0.955550,1.388402,-0.246060,-0.641337,1.262430
4.076000,1,0.286398,0.958374,1.399959,-0.245473,-0.644834,1.263330
4.078000,1,0.287267,0.960847,1.411245,-0.244897,-0.648284,1.264121
4.080000,1,0.288094,0.962947,1.422267,-0.244330,-0.651684,1.264797
4.082000,1,0.288094,0.962947,1.422267,-0.244330,-0.651684,1.264797
4.084000,1,0.289626,0.966065,1.443534,-0.243224,-0.658298,1.265757
4.086000,1,0.290326,0.967117,1.453708,-0.242687,-0.661516,1.266051
4.088000,1,0.290980,0.967819,1.463504,-0.242163,-0.664694,1.266249
4.090000,1,0.290980,0.967819,1.463504,-0.242163,-0.664694,1.266249
4.092000,1,0.291589,0.968172,1.472890,-0.241654,-0.667832,1.266353
4.094000,1,0.292674,0.967769,1.490474,-0.240683,-0.673988,1.266265
4.096000,1,0.293155,0.966964,1.498719,-0.240223,-0.677007,1.266065
4.098000,1,0.293598,0.965760,1.506626,-0.239780,-0.679983,1.265756
4.100000,1,0.293598,0.965760,1.506626,-0.239780,-0.679983,1.265756
4.102000,1,0.294000,0.964206,1.514139,-0.239355,-0.682919,1.265353
4.104000,1,0.294362,0.962298,1.521269,-0.238948,-0.685824,1.264867
4.106000,1,0.294963,0.957445,1.534365,-0.238190,-0.691544,1.263654
4.108000,1,0.294963,0.957445,1.534365,-0.238190,-0.691544,1.263654
4.110000,1,0.295404,0.951223,1.545890,-0.237516,-0.697159,1.262145
4.112000,1,0.295566,0.947603,1.551025,-0.237213,-0.699935,1.261292
4.114000,1,0.295693,0.943590,1.555750,-0.236934,-0.702696,1.260373
4.116000,1,0.295783,0.939249,1.560034,-0.236679,-0.705442,1.259401
4.118000,1,0.295783,0.939249,1.560034,-0.236679,-0.705442,1.259401
4.120000,1,0.295848,0.929642,1.567265,-0.236235,-0.710907,1.257335
4.122000,1,0.295828,0.924394,1.570242,-0.236047,-0.713629,1.256247
4.124000,1,0.295774,0.918796,1.572812,-0.235887,-0.716350,1.255119
4.126000,1,0.295687,0.912927,1.574977,-0.235751,-0.719066,1.253960
4.128000,1,0.295563,0.906819,1.576719,-0.235637,-0.721779,1.252779
4.130000,1,0.295563,0.906819,1.576719,-0.235637,-0.721779,1.252779
4.132000,1,0.295212,0.893976,1.578991,-0.235481,-0.727199,1.250353
4.134000,1,0.294996,0.887242,1.579550,-0.235443,-0.729910,1.249112
4.136000,1,0.294756,0.880323,1.579719,-0.235430,-0.732625,1.247859
4.138000,1,0.294492,0.873223,1.579519,-0.235445,-0.735344,1.246595
4.140000,1,0.294206,0.865945,1.578968,-0.235487,-0.738077,1.245333
4.142000,1,0.293896,0.858515,1.578058,-0.235556,-0.740820,1.244070
4.144000,1,0.293563,0.850936,1.576808,-0.235652,-0.743576,1.242811
4.146000,1,0.293203,0.843237,1.575207,-0.235774,-0.746343,1.241558
4.148000,1,0.292812,0.835448,1.573250,-0.235921,-0.749124,1.240315
4.150000,1,0.292390,0.827574,1.570948,-0.236092,-0.751921,1.239087
4.152000,1,0.291937,0.819630,1.568313,-0.236288,-0.754734,1.237875
4.154000,1,0.291455,0.811617,1.565363,-0.236511,-0.757565,1.236679
4.156000,1,0.290943,0.803551,1.562105,-0.236761,-0.760417,1.235505
4.158000,1,0.290403,0.795428,1.558558,-0.237038,-0.763291,1.234356
4.160000,1,0.289853,0.787252,1.554711,-0.237342,-0.766191,1.233235
4.162000,1,0.289290,0.779054,1.550561,-0.237673,-0.769115,1.232144
4.164000,1,0.288715,0.770835,1.546124,-0.238032,-0.772064,1.231082
4.166000,1,0.288128,0.762612,1.541408,-0.238417,-0.775043,1.230061
4.168000,1,0.287522,0.754412,1.536414,-0.238828,-0.778054,1.229082
4.170000,1,0.286897,0.746249,1.531151,-0.239263,-0.781096,1.228147
4.172000,1,0.286249,0.738135,1.525629,-0.239722,-0.784170,1.227256
4.174000,1,0.285581,0.730066,1.519860,-0.240207,-0.787277,1.226411
4.176000,1,0.284894,0.722042,1.513860,-0.240718,-0.790420,1.225612
4.178000,1,0.284186,0.714074,1.507635,-0.241255,-0.793596,1.224859
4.180000,1,0.283452,0.706206,1.501179,-0.241816,-0.796807,1.224155
4.182000,1,0.282718,0.698487,1.494458,-0.242404,-0.800048,1.223500
4.184000,1,0.281987,0.690927,1.487481,-0.243018,-0.803321,1.222895
4.186000,1,0.281259,0.683518,1.480266,-0.243658,-0.806628,1.222339
4.188000,1,0.280523,0.676290,1.472819,-0.244323,-0.809969,1.221834
4.190000,1,0.279780,0.669243,1.465159,-0.245014,-0.813345,1.221380
4.192000,1,0.279031,0.662380,1.457303,-0.245730,-0.816760,1.220984
4.194000,1,0.278273,0.655703,1.449264,-0.246468,-0.820215,1.220646
4.196000,1,0.277508,0.649199,1.441051,-0.247231,-0.823711,1.220364
4.198000,1,0.277508,0.649199,1.441051,-0.247231,-0.823711,1.220364
4.200000,1,0.275916,0.636818,1.424119,-0.248824,-0.830819,1.219966
4.202000,1,0.275100,0.630923,1.415436,-0.249656,-0.834433,1.219849
4.204000,1,0.274265,0.625212,1.406572,-0.250513,-0.838087,1.219788
4.206000,1,0.273395,0.619743,1.397555,-0.251390,-0.841776,1.219778
4.208000,1,0.272672,0.614565,1.388247,-0.252303,-0.845490,1.219805
4.210000,1,0.272096,0.609677,1.378663,-0.253249,-0.849229,1.219872
4.212000,1,0.271637,0.605147,1.368792,-0.254225,-0.852992,1.219978
4.214000,1,0.271299,0.600868,1.358709,-0.255229,-0.856790,1.220130
4.216000,1,0.271044,0.596848,1.348459,-0.256256,-0.860627,1.220330
4.218000,1,0.270802,0.593058,1.338121,-0.257300,-0.864506,1.220582
4.220000,1,0.270500,0.589498,1.327742,-0.258356,-0.868430,1.220888
4.222000,1,0.270142,0.586166,1.317332,-0.259424,-0.872397,1.221246
4.224000,1,0.269651,0.583049,1.306894,-0.260501,-0.876409,1.221660
4.226000,1,0.269021,0.580121,1.296494,-0.261585,-0.880466,1.222124
4.228000,1,0.268209,0.577470,1.286066,-0.262675,-0.884559,1.222631
4.230000,1,0.267289,0.574937,1.275732,-0.263776,-0.888699,1.223187
4.232000,1,0.266263,0.572522,1.265494,-0.264889,-0.892883,1.223788
4.234000,1,0.265558,0.570481,1.254770,-0.266051,-0.897060,1.224383
4.236000,0,0.265216,0.570333,1.248217,-0.267323,-0.901352,1.225038
4.238000,0,0.265206,0.571782,1.245183,-0.268627,-0.905734,1.225731
4.240000,0,0.265030,0.573914,1.243380,-0.269893,-0.910340,1.227398
4.242000,0,0.264720,0.576573,1.242550,-0.271110,-0.915145,1.230012
4.244000,0,0.264303,0.579637,1.242474,-0.272289,-0.920095,1.233471
4.246000,0,0.263800,0.583016,1.243004,-0.273441,-0.925187,1.237794
4.248000,0,0.263229,0.586636,1.244009,-0.274571,-0.930392,1.242955
4.250000,0,0.262619,0.590425,1.245375,-0.275694,-0.935590,1.249573
4.252000,0,0.261972,0.594310,1.246974,-0.276805,-0.940762,1.257559
4.254000,0,0.261295,0.598249,1.248730,-0.277902,-0.945879,1.266780
4.256000,0,0.260595,0.602211,1.250582,-0.278975,-0.950912,1.277024
4.258000,0,0.259882,0.606206,1.252534,-0.280025,-0.955826,1.287942
4.260000,0,0.259161,0.610212,1.254539,-0.281054,-0.960589,1.299408
4.262000,0,0.258429,0.614187,1.256525,-0.282061,-0.965193,1.311388
4.264000,0,0.257688,0.618121,1.258467,-0.283040,-0.969598,1.323753
4.266000,0,0.256947,0.622032,1.260386,-0.283982,-0.973797,1.336205
4.268000,0,0.256210,0.625912,1.262259,-0.284881,-0.977755,1.348657
4.270000,0,0.255478,0.629751,1.264065,-0.285739,-0.981458,1.361035
4.272000,0,0.254748,0.633525,1.265765,-0.286557,-0.984904,1.373344
4.274000,0,0.254022,0.637229,1.267338,-0.287338,-0.988037,1.385586
4.276000,0,0.253300,0.640865,1.268787,-0.288081,-0.990864,1.397689
4.278000,0,0.252589,0.644448,1.270129,-0.288786,-0.993360,1.409536
4.280000,0,0.251888,0.647978,1.271358,-0.289452,-0.995499,1.421117
4.282000,0,0.251196,0.651449,1.272469,-0.290061,-0.997315,1.432383
4.284000,0,0.250511,0.654848,1.273443,-0.290613,-0.998809,1.443357
4.286000,0,0.249836,0.658178,1.274276,-0.291107,-0.999971,1.454046
4.288000,0,0.249171,0.661440,1.274972,-0.291545,-1.000791,1.464437
4.290000,0,0.248519,0.664651,1.275547,-0.291927,-1.001248,1.474477
4.292000,0,0.247881,0.667812,1.276006,-0.292255,-1.001336,1.484151
4.294000,0,0.247258,0.670926,1.276350,-0.292531,-1.001049,1.493452
4.296000,0,0.246650,0.673985,1.276569,-0.292759,-1.000392,1.502406
4.298000,0,0.246057,0.676995,1.276662,-0.292938,-0.999310,1.511026
4.300000,0,0.245480,0.679957,1.276639,-0.293073,-0.997853,1.519285
4.302000,0,0.244921,0.682880,1.276517,-0.293162,-0.996022,1.527128
4.304000,0,0.244380,0.685769,1.276302,-0.293207,-0.993825,1.534525
4.306000,0,0.243858,0.688620,1.275988,-0.293210,-0.991266,1.541506
4.308000,0,0.243355,0.691440,1.275587,-0.293172,-0.988341,1.548045
4.310000,0,0.242872,0.694236,1.275108,-0.293093,-0.985046,1.554165
4.312000,0,0.242409,0.697005,1.274546,-0.292977,-0.981386,1.559892
4.314000,0,0.241967,0.699749,1.273907,-0.292825,-0.977373,1.565207
4.316000,0,0.241546,0.702471,1.273194,-0.292638,-0.973008,1.570127
4.318000,0,0.241146,0.705174,1.272418,-0.292413,-0.968310,1.574596
4.320000,0,0.240768,0.707862,1.271584,-0.292151,-0.963280,1.578631
4.322000,0,0.240411,0.710536,1.270695,-0.291852,-0.957939,1.582218
4.324000,0,0.240079,0.713194,1.269749,-0.291519,-0.952293,1.585383
4.326000,0,0.239771,0.715840,1.268750,-0.291154,-0.946348,1.588131
4.328000,0,0.239487,0.718476,1.267702,-0.290758,-0.940109,1.590485
4.330000,0,0.239227,0.721108,1.266621,-0.290332,-0.933592,1.592443
4.332000,0,0.238992,0.723741,1.265513,-0.289889,-0.926793,1.594009
4.334000,0,0.238782,0.726374,1.264377,-0.289432,-0.919716,1.595205
4.336000,0,0.238600,0.729008,1.263216,-0.288961,-0.912374,1.596028
4.338000,0,0.238443,0.731645,1.262032,-0.288475,-0.904789,1.596474
4.340000,0,0.238311,0.734285,1.260833,-0.287969,-0.896994,1.596518
4.342000,0,0.238204,0.736927,1.259622,-0.287441,-0.889020,1.596149
4.344000,0,0.238122,0.739574,1.258399,-0.286893,-0.880871,1.595385
4.346000,0,0.238067,0.742228,1.257167,-0.286326,-0.872559,1.594236
4.348000,0,0.238038,0.744893,1.255934,-0.285740,-0.864086,1.592728
4.350000,0,0.238035,0.747571,1.254705,-0.285134,-0.855478,1.590864
4.352000,0,0.238056,0.750261,1.253483,-0.284503,-0.846782,1.588628
4.354000,0,0.238100,0.752964,1.252272,-0.283847,-0.838004,1.586040
4.356000,0,0.238170,0.755684,1.251073,-0.283168,-0.829148,1.583116
4.358000,0,0.238267,0.758421,1.249888,-0.282466,-0.820229,1.579868
4.360000,0,0.238391,0.761177,1.248721,-0.281755,-0.811252,1.576295
4.362000,0,0.238541,0.763953,1.247575,-0.281035,-0.802250,1.572394
4.364000,0,0.238716,0.766753,1.246458,-0.280304,-0.793241,1.568172
4.366000,0,0.238918,0.769579,1.245372,-0.279564,-0.784225,1.563646
4.368000,0,0.239147,0.772432,1.244316,-0.278815,-0.775207,1.558831
4.370000,0,0.239401,0.775312,1.243296,-0.278051,-0.766227,1.553724
4.372000,0,0.239679,0.778220,1.242313,-0.277268,-0.757300,1.548333
4.374000,0,0.239981,0.781158,1.241369,-0.276470,-0.748424,1.542672
4.376000,0,0.240311,0.784127,1.240464,-0.275656,-0.739601,1.536757
4.378000,0,0.240666,0.787129,1.239600,-0.274827,-0.730842,1.530597
4.380000,0,0.241044,0.790165,1.238784,-0.273974,-0.722206,1.524182
4.382000,0,0.241447,0.793236,1.238017,-0.273098,-0.713694,1.517529
4.384000,0,0.241877,0.796342,1.237298,-0.272230,-0.705333,1.510612
4.386000,0,0.242335,0.799484,1.236628,-0.271375,-0.697115,1.503442
4.388000,0,0.242818,0.802663,1.236007,-0.270530,-0.689058,1.496026
4.390000,0,0.243328,0.805881,1.235437,-0.269697,-0.681162,1.488378
4.392000,0,0.243862,0.809137,1.234918,-0.268862,-0.673469,1.480500
4.394000,0,0.244419,0.812432,1.234451,-0.268022,-0.665985,1.472402
4.396000,0,0.245001,0.815770,1.234037,-0.267182,-0.658685,1.464109
4.398000,0,0.245607,0.819152,1.233680,-0.266346,-0.651566,1.455637
4.400000,0,0.246235,0.822579,1.233380,-0.265505,-0.644654,1.446989
4.402000,0,0.246885,0.826051,1.233137,-0.264661,-0.637937,1.438175
4.404000,0,0.247558,0.829568,1.232948,-0.263814,-0.631413,1.429208
4.406000,0,0.248253,0.833126,1.232811,-0.262945,-0.625136,1.420068
4.408000,0,0.248981,0.836718,1.232715,-0.262216,-0.619132,1.410625
4.410000,0,0.249742,0.840345,1.232660,-0.261622,-0.613421,1.400898
4.412000,0,0.250534,0.844008,1.232648,-0.261160,-0.607998,1.390901
4.414000,0,0.251351,0.847707,1.232679,-0.260787,-0.602927,1.380642
4.416000,0,0.252187,0.851447,1.232755,-0.260446,-0.598188,1.370182
4.418000,0,0.253041,0.855238,1.232887,-0.260112,-0.593759,1.359568
4.420000,0,0.253911,0.859077,1.233073,-0.259788,-0.589639,1.348817
4.422000,0,0.254797,0.862973,1.233320,-0.259438,-0.585718,1.337990
4.424000,0,0.255697,0.866925,1.233624,-0.259065,-0.581966,1.327157
4.426000,0,0.255697,0.866925,1.233624,-0.259065,-0.581966,1.327157
4.428000,0,0.257519,0.874980,1.234383,-0.257966,-0.575161,1.305428
4.430000,0,0.258445,0.879087,1.234842,-0.257277,-0.571963,1.294653
4.432000,0,0.259422,0.883210,1.235310,-0.256935,-0.569041,1.283355
4.434000,1,0.260444,0.887350,1.235782,-0.256974,-0.566370,1.271645
4.436000,1,0.261574,0.891630,1.236336,-0.257420,-0.565605,1.264437
4.438000,1,0.262789,0.896024,1.236958,-0.258200,-0.566458,1.260999
4.440000,1,0.263847,0.899865,1.237044,-0.258952,-0.568042,1.258536
4.442000,1,0.264893,0.903904,1.238031,-0.259430,-0.570142,1.256927
4.444000,1,0.265955,0.908207,1.240145,-0.259678,-0.572646,1.255995
4.446000,1,0.267039,0.912757,1.243353,-0.259739,-0.575475,1.255614
4.448000,1,0.268139,0.917530,1.247648,-0.259645,-0.578534,1.255633
4.450000,1,0.269274,0.922369,1.253596,-0.259444,-0.581778,1.255992
4.452000,1,0.270438,0.927232,1.261030,-0.259158,-0.585159,1.256611
4.454000,1,0.271616,0.932105,1.269698,-0.258802,-0.588642,1.257428
4.456000,1,0.272794,0.936964,1.279362,-0.258392,-0.592195,1.258391
4.458000,1,0.273969,0.941798,1.289961,-0.257933,-0.595771,1.259418
4.460000,1,0.275144,0.946547,1.301143,-0.257444,-0.599380,1.260518
4.462000,1,0.276312,0.951159,1.312740,-0.256933,-0.603008,1.261658
4.464000,1,0.277467,0.955611,1.324605,-0.256407,-0.606643,1.262811
4.466000,1,0.278605,0.959861,1.336643,-0.255871,-0.610271,1.263950
4.468000,1,0.279724,0.963888,1.348745,-0.255329,-0.613883,1.265056
4.470000,1,0.280823,0.967689,1.360912,-0.254780,-0.617453,1.266085
4.472000,1,0.281900,0.971230,1.373081,-0.254227,-0.620976,1.267023
4.474000,1,0.282953,0.974486,1.385191,-0.253675,-0.624450,1.267863
4.476000,1,0.283979,0.977418,1.397095,-0.253128,-0.627892,1.268623
4.478000,1,0.284975,0.980005,1.408744,-0.252590,-0.631297,1.269297
4.480000,1,0.285944,0.982251,1.420160,-0.252058,-0.634651,1.269859
4.482000,1,0.286884,0.984119,1.431292,-0.251538,-0.637966,1.270321
4.484000,1,0.287777,0.985632,1.442105,-0.251024,-0.641241,1.270690
4.486000,1,0.288626,0.986797,1.452627,-0.250518,-0.644467,1.270947
4.488000,1,0.289427,0.987600,1.462798,-0.250023,-0.647653,1.271107
4.490000,1,0.290181,0.988046,1.472643,-0.249538,-0.650791,1.271156
4.492000,1,0.290887,0.988116,1.482106,-0.249066,-0.653893,1.271110
4.494000,1,0.291548,0.987817,1.491215,-0.248607,-0.656950,1.270956
4.496000,1,0.292165,0.987143,1.499954,-0.248163,-0.659965,1.270699
4.498000,1,0.292737,0.986086,1.508276,-0.247736,-0.662950,1.270354
4.500000,1,0.293264,0.984645,1.516170,-0.247325,-0.665905,1.269925
4.502000,1,0.293750,0.982826,1.523667,-0.246931,-0.668828,1.269409
4.504000,1,0.294197,0.980630,1.530760,-0.246556,-0.671720,1.268810
4.506000,1,0.294603,0.978061,1.537413,-0.246198,-0.674590,1.268139
4.508000,1,0.294969,0.975110,1.543624,-0.245860,-0.677438,1.267400
4.510000,1,0.295300,0.971785,1.549422,-0.245541,-0.680266,1.266592
4.512000,1,0.295594,0.968092,1.554779,-0.245242,-0.683077,1.265724
4.514000,1,0.295853,0.964036,1.559722,-0.244964,-0.685870,1.264793
4.516000,1,0.296075,0.959631,1.564219,-0.244706,-0.688648,1.263807
4.518000,1,0.296261,0.954886,1.568268,-0.244469,-0.691413,1.262771
4.520000,1,0.296414,0.949807,1.571894,-0.244255,-0.694164,1.261682
4.522000,1,0.296534,0.944406,1.575101,-0.244064,-0.696902,1.260542
4.524000,1,0.296621,0.938703,1.577867,-0.243895,-0.699630,1.259361
4.526000,1,0.296674,0.932713,1.580193,-0.243747,-0.702350,1.258143
4.528000,1,0.296692,0.926448,1.582084,-0.243623,-0.705062,1.256889
4.530000,1,0.296683,0.919918,1.583585,-0.243523,-0.707767,1.255600
4.532000,1,0.296645,0.913137,1.584699,-0.243449,-0.710470,1.254285
4.534000,1,0.296588,0.906113,1.585408,-0.243398,-0.713174,1.252950
4.536000,1,0.296510,0.898860,1.585712,-0.243372,-0.715880,1.251599
4.538000,1,0.296410,0.891394,1.585614,-0.243370,-0.718588,1.250233
4.540000,1,0.296291,0.883722,1.585136,-0.243395,-0.721300,1.248853
4.542000,1,0.296152,0.875858,1.584280,-0.243447,-0.724016,1.247462
4.544000,1,0.295991,0.867820,1.583052,-0.243525,-0.726738,1.246062
4.546000,1,0.295803,0.859642,1.581442,-0.243628,-0.729466,1.244661
4.548000,1,0.295586,0.851340,1.579457,-0.243755,-0.732202,1.243261
4.550000,1,0.295342,0.842921,1.577114,-0.243908,-0.734950,1.241869
4.552000,1,0.295071,0.834400,1.574423,-0.244086,-0.737712,1.240487
4.554000,1,0.294769,0.825808,1.571384,-0.244289,-0.740488,1.239120
4.556000,1,0.294433,0.817162,1.568005,-0.244515,-0.743280,1.237771
4.558000,1,0.294066,0.808466,1.564303,-0.244768,-0.746088,1.236440
4.560000,1,0.293683,0.799714,1.560277,-0.245047,-0.748916,1.235131
4.562000,1,0.293285,0.790920,1.555933,-0.245352,-0.751765,1.233846
4.564000,1,0.292872,0.782087,1.551288,-0.245686,-0.754636,1.232586
4.566000,1,0.292442,0.773229,1.546350,-0.246047,-0.757530,1.231353
4.568000,1,0.291986,0.764395,1.541114,-0.246432,-0.760445,1.230151
4.570000,1,0.291505,0.755585,1.535594,-0.246842,-0.763386,1.228985
4.572000,1,0.291000,0.746799,1.529806,-0.247279,-0.766353,1.227856
4.574000,1,0.290467,0.738064,1.523755,-0.247739,-0.769352,1.226773
4.576000,1,0.289901,0.729410,1.517444,-0.248222,-0.772383,1.225739
4.578000,1,0.289303,0.720840,1.510890,-0.248730,-0.775445,1.224752
4.580000,1,0.288676,0.712346,1.504105,-0.249263,-0.778540,1.223813
4.582000,1,0.288039,0.703979,1.497061,-0.249821,-0.781667,1.222923
4.584000,1,0.287394,0.695735,1.489769,-0.250405,-0.784826,1.222084
4.586000,1,0.286742,0.687615,1.482243,-0.251016,-0.788019,1.221295
4.588000,1,0.286079,0.679636,1.474493,-0.251651,-0.791247,1.220557
4.590000,1,0.285399,0.671809,1.466528,-0.252310,-0.794509,1.219873
4.592000,1,0.284693,0.664170,1.458353,-0.252993,-0.797806,1.219243
4.594000,1,0.283966,0.656699,1.449984,-0.253699,-0.801140,1.218666
4.596000,1,0.283221,0.649394,1.441437,-0.254430,-0.804510,1.218144
4.598000,1,0.282453,0.642277,1.432723,-0.255184,-0.807916,1.217677
4.600000,1,0.281661,0.635344,1.423841,-0.255961,-0.811360,1.217263
4.602000,1,0.280844,0.628602,1.414797,-0.256759,-0.814844,1.216909
4.604000,1,0.280004,0.622050,1.405607,-0.257580,-0.818369,1.216613
4.606000,1,0.279138,0.615700,1.396268,-0.258422,-0.821932,1.216374
4.608000,1,0.278337,0.609696,1.386630,-0.259294,-0.825519,1.216180
4.610000,1,0.277599,0.604044,1.376705,-0.260193,-0.829129,1.216031
4.612000,1,0.276923,0.598655,1.366507,-0.261121,-0.832773,1.215929
4.614000,1,0.276311,0.593529,1.356058,-0.262076,-0.836450,1.215876
4.616000,1,0.275757,0.588665,1.345468,-0.263056,-0.840166,1.215878
4.618000,1,0.275241,0.584044,1.334755,-0.264058,-0.843918,1.215928
4.620000,1,0.274725,0.579626,1.323972,-0.265078,-0.847711,1.216026
4.622000,1,0.274157,0.575429,1.313143,-0.266112,-0.851543,1.216172
4.624000,1,0.273453,0.571597,1.302218,-0.267153,-0.855408,1.216370
4.626000,1,0.272615,0.568130,1.291220,-0.268203,-0.859305,1.216617
4.628000,1,0.271689,0.564869,1.280244,-0.269266,-0.863246,1.216916
4.630000,1,0.270636,0.561860,1.269244,-0.270339,-0.867225,1.217259
4.632000,1,0.269958,0.559159,1.257805,-0.271465,-0.871207,1.217606
4.634000,1,0.269593,0.556591,1.246176,-0.272631,-0.875219,1.217976
4.636000,0,0.269675,0.555847,1.238884,-0.273893,-0.879396,1.218443
4.638000,0,0.270140,0.556712,1.235330,-0.275231,-0.883711,1.218995
4.640000,0,0.270340,0.558264,1.232899,-0.276518,-0.888222,1.220501
4.642000,0,0.270327,0.560329,1.231322,-0.277749,-0.892888,1.222912
4.644000,0,0.270327,0.560329,1.231322,-0.277749,-0.892888,1.222912
4.646000,0,0.269828,0.565583,1.230109,-0.280080,-0.902679,1.230491
4.648000,0,0.269402,0.568584,1.230180,-0.281183,-0.907761,1.235632
4.650000,0,0.268896,0.571703,1.230502,-0.282255,-0.912846,1.242350
4.652000,0,0.268335,0.574953,1.231086,-0.283304,-0.917881,1.250341
4.654000,0,0.267732,0.578299,1.231872,-0.284322,-0.922859,1.259373
4.656000,0,0.267087,0.581685,1.232771,-0.285310,-0.927769,1.269384
4.658000,0,0.266420,0.585122,1.233793,-0.286285,-0.932594,1.280030
4.660000,0,0.265736,0.588588,1.234896,-0.287241,-0.937294,1.291144
4.662000,0,0.265036,0.592043,1.236011,-0.288176,-0.941862,1.302696
4.664000,0,0.264326,0.595472,1.237111,-0.289088,-0.946271,1.314555
4.666000,0,0.263614,0.598891,1.238209,-0.289972,-0.950486,1.326506
4.668000,0,0.262903,0.602291,1.239281,-0.290823,-0.954471,1.338470
4.670000,0,0.262197,0.605661,1.240308,-0.291642,-0.958204,1.350386
4.672000,0,0.261492,0.608976,1.241247,-0.292428,-0.961683,1.362258
4.674000,0,0.260791,0.612231,1.242081,-0.293185,-0.964854,1.374078
4.676000,0,0.260097,0.615425,1.242809,-0.293909,-0.967733,1.385758
4.678000,0,0.259412,0.618577,1.243457,-0.294599,-0.970298,1.397175
4.680000,0,0.258738,0.621687,1.244018,-0.295255,-0.972528,1.408315
4.682000,0,0.258074,0.624749,1.244486,-0.295862,-0.974451,1.419149
4.684000,0,0.257418,0.627749,1.244840,-0.296421,-0.976072,1.429696
4.686000,0,0.256773,0.630688,1.245081,-0.296931,-0.977384,1.439941
4.688000,0,0.256139,0.633571,1.245207,-0.297394,-0.978379,1.449874
4.690000,0,0.255518,0.636398,1.245221,-0.297810,-0.979051,1.459481
4.692000,0,0.254913,0.639186,1.245142,-0.298178,-0.979383,1.468689
4.694000,0,0.254325,0.641934,1.244970,-0.298500,-0.979365,1.477511
4.696000,0,0.253752,0.644636,1.244693,-0.298778,-0.979000,1.485974
4.698000,0,0.253198,0.647293,1.244315,-0.299014,-0.978293,1.494053
4.700000,0,0.252661,0.649917,1.243850,-0.299207,-0.977229,1.501732
4.702000,0,0.252143,0.652502,1.243290,-0.299360,-0.975811,1.509041
4.704000,0,0.251643,0.655060,1.242656,-0.299474,-0.974042,1.515942
4.706000,0,0.251162,0.657594,1.241951,-0.299550,-0.971920,1.522431
4.708000,0,0.250700,0.660099,1.241167,-0.299589,-0.969450,1.528535
4.710000,0,0.250258,0.662583,1.240316,-0.299593,-0.966622,1.534226
4.712000,0,0.249837,0.665047,1.239400,-0.299562,-0.963444,1.539497
4.714000,0,0.249438,0.667489,1.238416,-0.299500,-0.959920,1.544376
4.716000,0,0.249062,0.669910,1.237367,-0.299407,-0.956059,1.548859
4.718000,0,0.248707,0.672316,1.236265,-0.299280,-0.951873,1.552915
4.720000,0,0.248374,0.674707,1.235112,-0.299119,-0.947373,1.556542
4.722000,0,0.248066,0.677084,1.233906,-0.298928,-0.942564,1.559765
4.724000,0,0.247781,0.679448,1.232651,-0.298706,-0.937457,1.562586
4.726000,0,0.247519,0.681805,1.231363,-0.298451,-0.932071,1.564983
4.728000,0,0.247281,0.684156,1.230038,-0.298168,-0.926413,1.566981
4.730000,0,0.247067,0.686502,1.228681,-0.297856,-0.920495,1.568583
4.732000,0,0.246880,0.688845,1.227294,-0.297517,-0.914327,1.569814
4.734000,0,0.246718,0.691188,1.225883,-0.297161,-0.907900,1.570655
4.736000,0,0.246582,0.693532,1.224451,-0.296787,-0.901227,1.571105
4.738000,0,0.246474,0.695878,1.222998,-0.296398,-0.894313,1.571185
4.740000,0,0.246393,0.698227,1.221527,-0.295994,-0.887171,1.570896
4.742000,0,0.246339,0.700580,1.220041,-0.295573,-0.879820,1.570238
4.744000,0,0.246311,0.702941,1.218554,-0.295136,-0.872277,1.569213
4.746000,0,0.246306,0.705312,1.217070,-0.294677,-0.864582,1.567804
4.748000,0,0.246327,0.707693,1.215590,-0.294198,-0.856741,1.566032
4.750000,0,0.246374,0.710085,1.214116,-0.293696,-0.848771,1.563900
4.752000,0,0.246446,0.712490,1.212651,-0.293172,-0.840690,1.561419
4.754000,0,0.246545,0.714908,1.211197,-0.292623,-0.832513,1.558594
4.756000,0,0.246667,0.717341,1.209759,-0.292046,-0.824272,1.555426
4.758000,0,0.246815,0.719790,1.208340,-0.291451,-0.815971,1.551918
4.760000,0,0.246989,0.722258,1.206940,-0.290839,-0.807614,1.548087
4.762000,0,0.247191,0.724749,1.205568,-0.290213,-0.799215,1.543942
4.764000,0,0.247419,0.727263,1.204223,-0.289571,-0.790777,1.539496
4.766000,0,0.247671,0.729801,1.202912,-0.288909,-0.782339,1.534749
4.768000,0,0.247949,0.732365,1.201634,-0.288226,-0.773903,1.529717
4.770000,0,0.248252,0.734956,1.200393,-0.287519,-0.765497,1.524400
4.772000,0,0.248579,0.737574,1.199192,-0.286786,-0.757135,1.518810
4.774000,0,0.248932,0.740221,1.198030,-0.286029,-0.748817,1.512960
4.776000,0,0.249310,0.742900,1.196911,-0.285247,-0.740549,1.506857
4.778000,0,0.249712,0.745609,1.195837,-0.284438,-0.732359,1.500507
4.780000,0,0.250139,0.748355,1.194815,-0.283605,-0.724241,1.493920
4.782000,0,0.250592,0.751136,1.193847,-0.282758,-0.716247,1.487008
4.784000,0,0.251071,0.753953,1.192933,-0.281903,-0.708421,1.479836
4.786000,0,0.251574,0.756807,1.192077,-0.281035,-0.700786,1.472424
4.788000,0,0.252104,0.759697,1.191277,-0.280155,-0.693343,1.464789
4.790000,0,0.252658,0.762628,1.190535,-0.279267,-0.686071,1.456949
4.792000,0,0.252658,0.762628,1.190535,-0.279267,-0.686071,1.456949
4.794000,0,0.253843,0.768617,1.189226,-0.277470,-0.672013,1.440695
4.796000,0,0.254472,0.771676,1.188660,-0.276556,-0.665245,1.432304
4.798000,0,0.255126,0.774780,1.188155,-0.275628,-0.658659,1.423744
4.800000,0,0.255802,0.777933,1.187718,-0.274685,-0.652258,1.415022
4.802000,0,0.256501,0.781134,1.187348,-0.273728,-0.646040,1.406151
4.804000,0,0.257222,0.784384,1.187042,-0.272757,-0.640010,1.397129
4.806000,0,0.257964,0.787680,1.186801,-0.271752,-0.634218,1.387946
4.808000,0,0.258741,0.791019,1.186615,-0.270878,-0.628590,1.378513
4.810000,0,0.259550,0.794401,1.186482,-0.270133,-0.623125,1.368845
4.812000,0,0.260387,0.797824,1.186406,-0.269453,-0.617903,1.358884
4.814000,0,0.261251,0.801290,1.186387,-0.268838,-0.612923,1.348649
4.816000,0,0.262139,0.804799,1.186424,-0.268264,-0.608174,1.338169
4.818000,0,0.263046,0.808353,1.186515,-0.267702,-0.603645,1.327561
4.820000,0,0.263971,0.811953,1.186661,-0.267126,-0.599348,1.316860
4.822000,0,0.264908,0.815603,1.186867,-0.266499,-0.595272,1.306094
4.824000,0,0.265861,0.819301,1.187133,-0.265824,-0.591415,1.295272
4.826000,0,0.266824,0.823048,1.187456,-0.265058,-0.587757,1.284429
4.828000,0,0.267799,0.826846,1.187834,-0.264197,-0.584278,1.273582
4.830000,0,0.268818,0.830668,1.188237,-0.263606,-0.581016,1.262303
4.832000,0,0.269878,0.834517,1.188664,-0.263298,-0.577968,1.250653
4.834000,0,0.270963,0.838404,1.189127,-0.263136,-0.575085,1.238824
4.836000,1,0.272071,0.842329,1.189626,-0.263119,-0.572366,1.226821
4.838000,1,0.273236,0.846394,1.190223,-0.263222,-0.571495,1.218793
4.840000,1,0.274396,0.850303,1.190512,-0.263211,-0.571942,1.212837
4.842000,1,0.275520,0.854567,1.192039,-0.263040,-0.573178,1.208481
4.844000,1,0.276607,0.859192,1.194867,-0.262742,-0.575053,1.205457
4.846000,1,0.277666,0.864153,1.198959,-0.262340,-0.577456,1.203539
4.848000,1,0.278687,0.869419,1.204302,-0.261855,-0.580263,1.202496
4.850000,1,0.279688,0.874834,1.211189,-0.261322,-0.583413,1.202205
4.852000,1,0.280667,0.880349,1.219419,-0.260755,-0.586835,1.202526
4.854000,1,0.281618,0.885929,1.228813,-0.260161,-0.590470,1.203334
4.856000,1,0.282570,0.891471,1.239159,-0.259552,-0.594274,1.204525
4.858000,1,0.283521,0.896961,1.250396,-0.258927,-0.598184,1.205982
4.860000,1,0.284468,0.902353,1.262319,-0.258291,-0.602167,1.207635
4.862000,1,0.285395,0.907598,1.274535,-0.257656,-0.606223,1.209467
4.864000,1,0.286305,0.912639,1.286958,-0.257025,-0.610324,1.211417
4.866000,1,0.287196,0.917444,1.299491,-0.256399,-0.614449,1.213435
4.868000,1,0.288061,0.922012,1.311995,-0.255780,-0.618581,1.215490
4.870000,1,0.288900,0.926322,1.324401,-0.255170,-0.622702,1.217545
4.872000,1,0.289720,0.930323,1.336715,-0.254568,-0.626802,1.219570
4.874000,1,0.290522,0.933993,1.348894,-0.253975,-0.630871,1.221538
4.876000,1,0.291304,0.937317,1.360895,-0.253392,-0.634900,1.223431
4.878000,1,0.292070,0.940295,1.372737,-0.252816,-0.638870,1.225217
4.880000,1,0.292811,0.942939,1.384290,-0.252252,-0.642789,1.226909
4.882000,1,0.293531,0.945254,1.395577,-0.251696,-0.646645,1.228487
4.884000,1,0.294207,0.947248,1.406528,-0.251150,-0.650447,1.229960
4.886000,1,0.294838,0.948870,1.417155,-0.250615,-0.654194,1.231318
4.888000,1,0.295427,0.950127,1.427487,-0.250091,-0.657877,1.232543
4.890000,1,0.295975,0.951007,1.437516,-0.249579,-0.661498,1.233636
4.892000,1,0.296482,0.951550,1.447202,-0.249080,-0.665055,1.234603
4.894000,1,0.296948,0.951749,1.456488,-0.248597,-0.668561,1.235457
4.896000,1,0.297372,0.951605,1.465352,-0.248130,-0.672016,1.236202
4.898000,1,0.297757,0.951104,1.473816,-0.247680,-0.675423,1.236837
4.900000,1,0.298105,0.950251,1.481907,-0.247247,-0.678778,1.237355
4.902000,1,0.298416,0.948988,1.489644,-0.246833,-0.682088,1.237756
4.904000,1,0.298693,0.947369,1.497011,-0.246438,-0.685350,1.238048
4.906000,1,0.298936,0.945391,1.504002,-0.246061,-0.688570,1.238236
4.908000,1,0.299144,0.943052,1.510577,-0.245704,-0.691754,1.238333
4.910000,1,0.299319,0.940360,1.516764,-0.245367,-0.694905,1.238341
4.912000,1,0.299460,0.937258,1.522559,-0.245051,-0.698029,1.238262
4.914000,1,0.299568,0.933809,1.527933,-0.244755,-0.701126,1.238108
4.916000,1,0.299643,0.930028,1.532880,-0.244479,-0.704200,1.237886
4.918000,1,0.299684,0.925925,1.537402,-0.244224,-0.707251,1.237597
4.920000,1,0.299695,0.921508,1.541525,-0.243992,-0.710280,1.237242
4.922000,1,0.299676,0.916779,1.545254,-0.243783,-0.713289,1.236823
4.924000,1,0.299624,0.911753,1.548567,-0.243595,-0.716282,1.236350
4.926000,1,0.299537,0.906439,1.551465,-0.243430,-0.719261,1.235827
4.928000,1,0.299417,0.900850,1.553955,-0.243288,-0.722228,1.235257
4.930000,1,0.299264,0.895003,1.556038,-0.243169,-0.725185,1.234645
4.932000,1,0.299081,0.888904,1.557737,-0.243075,-0.728136,1.233996
4.934000,1,0.298877,0.882550,1.559079,-0.243006,-0.731084,1.233315
4.936000,1,0.298653,0.875952,1.560067,-0.242965,-0.734030,1.232603
4.938000,1,0.298405,0.869134,1.560680,-0.242947,-0.736977,1.231869
4.940000,1,0.298131,0.862112,1.560918,-0.242954,-0.739925,1.231115
4.942000,1,0.297835,0.854889,1.560800,-0.242988,-0.742877,1.230342
4.944000,1,0.297513,0.847481,1.560327,-0.243049,-0.745833,1.229554
4.946000,1,0.297167,0.839904,1.559504,-0.243136,-0.748795,1.228755
4.948000,1,0.296794,0.832173,1.558333,-0.243251,-0.751765,1.227947
4.950000,1,0.296389,0.824319,1.556802,-0.243390,-0.754743,1.227136
4.952000,1,0.295953,0.816351,1.554921,-0.243555,-0.757732,1.226327
4.954000,1,0.295489,0.808273,1.552706,-0.243746,-0.760734,1.225521
4.956000,1,0.294995,0.800098,1.550166,-0.243964,-0.763751,1.224723
4.958000,1,0.294470,0.791852,1.547306,-0.244209,-0.766788,1.223941
4.960000,1,0.293925,0.783558,1.544123,-0.244480,-0.769846,1.223179
4.962000,1,0.293355,0.775256,1.540609,-0.244775,-0.772924,1.222440
4.964000,1,0.292758,0.766965,1.536774,-0.245096,-0.776023,1.221727
4.966000,1,0.292136,0.758685,1.532636,-0.245443,-0.779146,1.221039
4.968000,1,0.291487,0.750446,1.528202,-0.245816,-0.782292,1.220379
4.970000,1,0.290810,0.742253,1.523484,-0.246215,-0.785463,1.219750
4.972000,1,0.290102,0.734133,1.518490,-0.246638,-0.788661,1.219155
4.974000,1,0.289364,0.726087,1.513237,-0.247088,-0.791886,1.218594
4.976000,1,0.288596,0.718126,1.507735,-0.247564,-0.795141,1.218069
4.978000,1,0.287805,0.710224,1.502000,-0.248066,-0.798427,1.217582
4.980000,1,0.286982,0.702431,1.496028,-0.248594,-0.801745,1.217135
4.982000,1,0.286154,0.694767,1.489795,-0.249149,-0.805093,1.216728
4.984000,1,0.285323,0.687235,1.483317,-0.249731,-0.808472,1.216361
4.986000,1,0.284489,0.679843,1.476602,-0.250340,-0.811885,1.216040
4.988000,1,0.283659,0.672578,1.469667,-0.250976,-0.815335,1.215766
4.990000,1,0.282823,0.665469,1.462517,-0.251638,-0.818821,1.215539
4.992000,1,0.282823,0.665469,1.462517,-0.251638,-0.818821,1.215539
4.994000,1,0.281117,0.651767,1.447596,-0.253035,-0.825900,1.215226
4.996000,1,0.280240,0.645163,1.439796,-0.253771,-0.829494,1.215140
4.998000,1,0.279349,0.638743,1.431819,-0.254532,-0.833125,1.215100
5.000000,1,0.278446,0.632505,1.423679,-0.255316,-0.836792,1.215107
5.002000,1,0.277526,0.626478,1.415386,-0.256124,-0.840495,1.215162
5.004000,1,0.277526,0.626478,1.415386,-0.256124,-0.840495,1.215162
5.006000,1,0.275639,0.615046,1.398363,-0.257807,-0.848012,1.215409
5.008000,1,0.274802,0.609621,1.389497,-0.258694,-0.851822,1.215597
5.010000,1,0.274101,0.604350,1.380436,-0.259612,-0.855669,1.215825
5.012000,1,0.274101,0.604350,1.380436,-0.259612,-0.855669,1.215825
5.014000,1,0.273103,0.594269,1.361759,-0.261538,-0.863472,1.216403
5.016000,1,0.272756,0.589448,1.352144,-0.262540,-0.867430,1.216756
5.018000,1,0.272448,0.584790,1.342424,-0.263561,-0.871427,1.217150
5.020000,1,0.272448,0.584790,1.342424,-0.263561,-0.871427,1.217150
5.022000,1,0.271796,0.576120,1.322642,-0.265648,-0.879526,1.218063
5.024000,1,0.271389,0.572235,1.312535,-0.266710,-0.883622,1.218580
5.026000,1,0.270903,0.568567,1.302393,-0.267784,-0.887760,1.219144
5.028000,1,0.270275,0.565180,1.292120,-0.268867,-0.891933,1.219748
5.030000,1,0.269512,0.562039,1.281748,-0.269960,-0.896143,1.220392
5.032000,1,0.268970,0.559449,1.270777,-0.271096,-0.900339,1.221028
5.034000,1,0.268673,0.557396,1.259287,-0.272271,-0.904532,1.221662
5.036000,0,0.268809,0.557242,1.252403,-0.273570,-0.908851,1.222361
5.038000,0,0.269299,0.558698,1.249384,-0.274970,-0.913267,1.223109
5.040000,0,0.269985,0.561494,1.249413,-0.276428,-0.917790,1.223921
5.042000,0,0.270366,0.564678,1.250047,-0.277824,-0.922404,1.225461
5.044000,0,0.270499,0.568120,1.251086,-0.279159,-0.927103,1.227758
5.046000,0,0.270431,0.571741,1.252411,-0.280443,-0.931887,1.230825
5.048000,0,0.270201,0.575490,1.253941,-0.281678,-0.936729,1.234588
5.050000,0,0.269836,0.579294,1.255562,-0.282862,-0.941613,1.239069
5.052000,0,0.269378,0.583101,1.257209,-0.284026,-0.946428,1.245210
5.054000,0,0.268846,0.586885,1.258845,-0.285168,-0.951171,1.252836
5.056000,0,0.268257,0.590655,1.260482,-0.286284,-0.955850,1.261691
5.058000,0,0.267627,0.594403,1.262106,-0.287391,-0.960457,1.271534
5.060000,0,0.266960,0.598087,1.263650,-0.288486,-0.964979,1.282307
5.062000,0,0.266264,0.601704,1.265103,-0.289564,-0.969398,1.293811
5.064000,0,0.265553,0.605279,1.266498,-0.290613,-0.973678,1.305734
5.066000,0,0.264831,0.608811,1.267825,-0.291627,-0.977788,1.317930
5.068000,0,0.264104,0.612295,1.269071,-0.292603,-0.981697,1.330288
5.070000,0,0.263371,0.615704,1.270193,-0.293543,-0.985401,1.342798
5.072000,0,0.262635,0.619036,1.271179,-0.294447,-0.988841,1.355425
5.074000,0,0.261896,0.622299,1.272037,-0.295313,-0.992015,1.368060
5.076000,0,0.261160,0.625495,1.272771,-0.296139,-0.994908,1.380613
5.078000,0,0.260431,0.628647,1.273406,-0.296922,-0.997471,1.392966
5.080000,0,0.259711,0.631756,1.273941,-0.297661,-0.999686,1.405073
5.082000,0,0.259000,0.634804,1.274350,-0.298359,-1.001555,1.416952
5.084000,0,0.258298,0.637795,1.274634,-0.299018,-1.003070,1.428554
5.086000,0,0.257605,0.640725,1.274797,-0.299616,-1.004267,1.439855
5.088000,0,0.256925,0.643613,1.274862,-0.300149,-1.005136,1.450757
5.090000,0,0.256258,0.646463,1.274836,-0.300619,-1.005668,1.461247
5.092000,0,0.255604,0.649265,1.274701,-0.301029,-1.005865,1.471352
5.094000,0,0.254965,0.652022,1.274458,-0.301380,-1.005718,1.481067
5.096000,0,0.254341,0.654734,1.274110,-0.301675,-1.005216,1.490414
5.098000,0,0.253736,0.657417,1.273675,-0.301916,-1.004346,1.499326
5.100000,0,0.253148,0.660070,1.273154,-0.302107,-1.003101,1.507817
5.102000,0,0.252579,0.662696,1.272552,-0.302250,-1.001482,1.515885
5.104000,0,0.252029,0.665289,1.271857,-0.302348,-0.999494,1.523559
5.106000,0,0.251499,0.667850,1.271074,-0.302401,-0.997144,1.530808
5.108000,0,0.250991,0.670376,1.270198,-0.302414,-0.994437,1.537662
5.110000,0,0.250505,0.672884,1.269252,-0.302386,-0.991356,1.544068
5.112000,0,0.250041,0.675373,1.268242,-0.302318,-0.987906,1.550017
5.114000,0,0.249598,0.677850,1.267176,-0.302212,-0.984093,1.555509
5.116000,0,0.249178,0.680314,1.266054,-0.302070,-0.979925,1.560547
5.118000,0,0.248781,0.682766,1.264880,-0.301891,-0.975412,1.565128
5.120000,0,0.248407,0.685203,1.263649,-0.301681,-0.970562,1.569282
5.122000,0,0.248059,0.687628,1.262364,-0.301438,-0.965385,1.573007
5.124000,0,0.247736,0.690042,1.261029,-0.301165,-0.959894,1.576303
5.126000,0,0.247436,0.692447,1.259654,-0.300859,-0.954108,1.579140
5.128000,0,0.247161,0.694844,1.258241,-0.300520,-0.948043,1.581521
5.130000,0,0.246912,0.697234,1.256789,-0.300152,-0.941704,1.583469
5.132000,0,0.246692,0.699620,1.255304,-0.299756,-0.935109,1.585013
5.134000,0,0.246498,0.702006,1.253795,-0.299343,-0.928253,1.586141
5.136000,0,0.246330,0.704395,1.252265,-0.298913,-0.921148,1.586853
5.138000,0,0.246188,0.706786,1.250717,-0.298466,-0.913812,1.587153
5.140000,0,0.246073,0.709179,1.249152,-0.298001,-0.906261,1.587045
5.142000,0,0.245985,0.711578,1.247579,-0.297516,-0.898513,1.586536
5.142000,0,0.245985,0.711578,1.247579,-0.297516,-0.898513,1.586536
5.146000,0,0.245888,0.716392,1.244402,-0.296493,-0.882481,1.584346
5.148000,0,0.245882,0.718808,1.242802,-0.295955,-0.874220,1.582691
5.150000,0,0.245901,0.721232,1.241205,-0.295396,-0.865833,1.580657
5.152000,0,0.245947,0.723670,1.239617,-0.294818,-0.857327,1.578264
5.154000,0,0.246017,0.726120,1.238043,-0.294218,-0.848733,1.575509
5.156000,0,0.246112,0.728586,1.236485,-0.293592,-0.840071,1.572401
5.158000,0,0.246234,0.731069,1.234944,-0.292960,-0.831320,1.568946
5.160000,0,0.246384,0.733572,1.233421,-0.292315,-0.822451,1.565096
5.162000,0,0.246561,0.736095,1.231920,-0.291663,-0.813524,1.560921
5.164000,0,0.246766,0.738641,1.230449,-0.291000,-0.804561,1.556437
5.166000,0,0.246996,0.741207,1.229004,-0.290326,-0.795578,1.551653
5.168000,0,0.247254,0.743798,1.227587,-0.289633,-0.786545,1.546525
5.170000,0,0.247538,0.746416,1.226206,-0.288921,-0.777479,1.541063
5.172000,0,0.247847,0.749060,1.224862,-0.288193,-0.768448,1.535332
5.174000,0,0.248180,0.751730,1.223556,-0.287447,-0.759472,1.529347
5.176000,0,0.248180,0.751730,1.223556,-0.287447,-0.759472,1.529347
5.178000,0,0.248927,0.757161,1.221069,-0.285881,-0.741606,1.516495
5.180000,0,0.248927,0.757161,1.221069,-0.285881,-0.741606,1.516495
5.182000,0,0.249778,0.762711,1.218755,-0.284228,-0.724049,1.502698
5.184000,0,0.250241,0.765533,1.217667,-0.283368,-0.715441,1.495488
5.186000,0,0.250729,0.768388,1.216634,-0.282503,-0.707028,1.488028
5.188000,0,0.251244,0.771278,1.215656,-0.281636,-0.698810,1.480334
5.190000,0,0.251784,0.774205,1.214735,-0.280761,-0.690805,1.472404
5.192000,0,0.252349,0.777170,1.213872,-0.279877,-0.683017,1.464252
5.194000,0,0.252940,0.780175,1.213068,-0.278985,-0.675444,1.455895
5.196000,0,0.253555,0.783221,1.212323,-0.278076,-0.668106,1.447340
5.196000,0,0.253555,0.783221,1.212323,-0.278076,-0.668106,1.447340
5.198000,0,0.254859,0.789443,1.211014,-0.276214,-0.654090,1.429689
5.202000,0,0.254859,0.789443,1.211014,-0.276214,-0.654090,1.429689
5.204000,0,0.256265,0.795844,1.209943,-0.274327,-0.640776,1.411311
5.206000,0,0.257005,0.799120,1.209504,-0.273378,-0.634348,1.401863
5.208000,0,0.257005,0.799120,1.209504,-0.273378,-0.634348,1.401863
5.210000,0,0.258590,0.805808,1.208791,-0.271958,-0.621832,1.382310
5.212000,0,0.259429,0.809217,1.208518,-0.271445,-0.615816,1.372149
5.214000,0,0.260292,0.812668,1.208300,-0.271010,-0.609994,1.361803
5.216000,0,0.261176,0.816163,1.208138,-0.270618,-0.604382,1.351301
5.218000,0,0.262081,0.819700,1.208030,-0.270271,-0.598977,1.340653
5.220000,0,0.263004,0.823280,1.207976,-0.269940,-0.593789,1.329880
5.222000,0,0.263939,0.826903,1.207977,-0.269538,-0.588869,1.319000
5.224000,0,0.264888,0.830568,1.208033,-0.269068,-0.584216,1.308031
5.226000,0,0.264888,0.830568,1.208033,-0.269068,-0.584216,1.308031
5.228000,0,0.265845,0.834278,1.208142,-0.268473,-0.579845,1.296988
5.230000,0,0.266813,0.838035,1.208310,-0.267756,-0.575755,1.285892
5.232000,0,0.267791,0.841840,1.208535,-0.266900,-0.571918,1.274723
5.234000,0,0.269785,0.849592,1.209148,-0.264814,-0.564923,1.252239
5.236000,1,0.270821,0.853501,1.209487,-0.263796,-0.561997,1.240458
5.238000,1,0.271960,0.857518,1.209887,-0.263084,-0.560999,1.232638
5.240000,1,0.273181,0.861621,1.210337,-0.262612,-0.561640,1.228147
5.240000,1,0.273181,0.861621,1.210337,-0.262612,-0.561640,1.228147
5.244000,1,0.275545,0.870720,1.214675,-0.261431,-0.565095,1.223043
5.246000,1,0.275545,0.870720,1.214675,-0.261431,-0.565095,1.223043
5.248000,1,0.276671,0.875664,1.218522,-0.260755,-0.567595,1.221902
5.250000,1,0.278855,0.886010,1.229768,-0.259308,-0.573650,1.221597
5.252000,1,0.279929,0.891283,1.237676,-0.258561,-0.577018,1.222135
5.254000,1,0.280988,0.896589,1.246669,-0.257811,-0.580570,1.223051
5.256000,1,0.282023,0.901904,1.256508,-0.257062,-0.584261,1.224266
5.258000,1,0.282023,0.901904,1.256508,-0.257062,-0.584261,1.224266
5.260000,1,0.283031,0.907216,1.267136,-0.256310,-0.588031,1.225671
5.262000,1,0.284028,0.912424,1.278270,-0.255568,-0.591876,1.227241
5.264000,1,0.285012,0.917520,1.289874,-0.254831,-0.595749,1.228890
5.266000,1,0.286956,0.927284,1.314383,-0.253359,-0.603436,1.232172
5.268000,1,0.287904,0.931878,1.326869,-0.252633,-0.607255,1.233794
5.270000,1,0.288828,0.936207,1.339235,-0.251922,-0.611071,1.235410
5.272000,1,0.289729,0.940216,1.351465,-0.251227,-0.614872,1.236987
5.274000,1,0.290603,0.943919,1.363481,-0.250548,-0.618647,1.238509
5.276000,1,0.291449,0.947304,1.375252,-0.249884,-0.622385,1.239957
5.278000,1,0.292269,0.950374,1.386796,-0.249232,-0.626066,1.241297
5.280000,1,0.293060,0.953102,1.398058,-0.248597,-0.629700,1.242535
5.282000,1,0.293804,0.955517,1.409010,-0.247975,-0.633278,1.243666
5.284000,1,0.294498,0.957576,1.419667,-0.247366,-0.636800,1.244676
5.286000,1,0.295140,0.959266,1.430016,-0.246772,-0.640258,1.245551
5.288000,1,0.295733,0.960595,1.440030,-0.246193,-0.643659,1.246301
5.290000,1,0.296279,0.961597,1.449693,-0.245628,-0.647004,1.246936
5.292000,1,0.296279,0.961597,1.449693,-0.245628,-0.647004,1.246936
5.294000,1,0.297233,0.962631,1.467967,-0.244542,-0.653524,1.247850
5.296000,1,0.297644,0.962615,1.476616,-0.244023,-0.656697,1.248115
5.298000,1,0.298010,0.962260,1.484888,-0.243519,-0.659823,1.248273
5.300000,1,0.298330,0.961568,1.492771,-0.243034,-0.662904,1.248325
5.302000,1,0.298605,0.960539,1.500264,-0.242565,-0.665944,1.248281
5.304000,1,0.298836,0.959179,1.507348,-0.242115,-0.668946,1.248143
5.306000,1,0.299021,0.957423,1.514033,-0.241683,-0.671915,1.247909
5.310000,1,0.299165,0.955318,1.520340,-0.241270,-0.674850,1.247586
5.310000,1,0.299265,0.952814,1.526265,-0.240877,-0.677756,1.247174
5.312000,1,0.299324,0.949919,1.531836,-0.240505,-0.680630,1.246670
5.314000,1,0.299342,0.946700,1.537018,-0.240152,-0.683474,1.246088
5.316000,1,0.299319,0.943174,1.541801,-0.239819,-0.686291,1.245436
5.318000,1,0.299250,0.939298,1.546156,-0.239508,-0.689086,1.244715
5.320000,1,0.299137,0.935070,1.550100,-0.239219,-0.691862,1.243928
5.322000,1,0.298984,0.930562,1.553651,-0.238951,-0.694616,1.243083
5.324000,1,0.298786,0.925742,1.556778,-0.238706,-0.697354,1.242181
5.326000,1,0.298551,0.920668,1.559518,-0.238483,-0.700078,1.241235
5.328000,1,0.298281,0.915345,1.561893,-0.238283,-0.702787,1.240243
5.330000,1,0.298281,0.915345,1.561893,-0.238283,-0.702787,1.240243
5.332000,1,0.297644,0.903889,1.565423,-0.237955,-0.708186,1.238148
5.334000,1,0.297288,0.897823,1.566660,-0.237829,-0.710875,1.237050
5.336000,1,0.296900,0.891508,1.567505,-0.237730,-0.713562,1.235925
5.338000,1,0.296481,0.884945,1.567968,-0.237656,-0.716252,1.234778
5.340000,1,0.296034,0.878225,1.568071,-0.237607,-0.718939,1.233612
5.342000,1,0.296034,0.878225,1.568071,-0.237607,-0.718939,1.233612
5.344000,1,0.295057,0.864299,1.567211,-0.237582,-0.724321,1.231247
5.346000,1,0.295057,0.864299,1.567211,-0.237582,-0.724321,1.231247
5.348000,1,0.293960,0.849716,1.564916,-0.237663,-0.729739,1.228866
5.350000,1,0.293370,0.842206,1.563263,-0.237743,-0.732465,1.227677
5.352000,1,0.292753,0.834615,1.561297,-0.237848,-0.735201,1.226496
5.354000,1,0.292102,0.826913,1.558982,-0.237979,-0.737953,1.225324
5.356000,1,0.291424,0.819163,1.556363,-0.238135,-0.740718,1.224166
5.358000,1,0.291424,0.819163,1.556363,-0.238135,-0.740718,1.224166
5.360000,1,0.290033,0.803489,1.550241,-0.238526,-0.746299,1.221899
5.362000,1,0.289320,0.795515,1.546716,-0.238766,-0.749123,1.220795
5.364000,1,0.288595,0.787503,1.542908,-0.239031,-0.751969,1.219717
5.366000,1,0.287856,0.779475,1.538824,-0.239323,-0.754837,1.218667
5.368000,1,0.287101,0.771443,1.534470,-0.239640,-0.757728,1.217647
5.370000,1,0.286330,0.763419,1.529850,-0.239983,-0.760650,1.216666
5.372000,1,0.285533,0.755388,1.524918,-0.240351,-0.763603,1.215728
5.374000,1,0.284715,0.747402,1.519731,-0.240744,-0.766587,1.214832
5.376000,1,0.284715,0.747402,1.519731,-0.240744,-0.766587,1.214832
5.378000,1,0.283010,0.731626,1.508631,-0.241603,-0.772645,1.213172
5.380000,1,0.282123,0.723792,1.502694,-0.242073,-0.775726,1.212410
5.382000,1,0.281239,0.716079,1.496496,-0.242570,-0.778836,1.211693
5.384000,1,0.280355,0.708522,1.490040,-0.243094,-0.781975,1.211024
5.386000,1,0.279464,0.701149,1.483336,-0.243642,-0.785144,1.210404
5.388000,1,0.278560,0.693940,1.476344,-0.244218,-0.788346,1.209836
5.390000,1,0.277647,0.686919,1.469136,-0.244818,-0.791582,1.209321
5.392000,1,0.277647,0.686919,1.469136,-0.244818,-0.791582,1.209321
5.394000,1,0.275794,0.673452,1.454143,-0.246095,-0.798160,1.208447
5.396000,1,0.274854,0.667006,1.446384,-0.246771,-0.801503,1.208090
5.398000,1,0.273904,0.660737,1.438454,-0.247471,-0.804887,1.207792
5.400000,1,0.272945,0.654646,1.430360,-0.248195,-0.808313,1.207551
5.402000,1,0.271983,0.648717,1.422120,-0.248943,-0.811781,1.207368
5.404000,1,0.271017,0.642922,1.413686,-0.249717,-0.815292,1.207241
5.406000,1,0.270047,0.637294,1.405119,-0.250514,-0.818843,1.207169
5.408000,1,0.270047,0.637294,1.405119,-0.250514,-0.818843,1.207169
5.410000,1,0.268471,0.626723,1.387176,-0.252206,-0.826033,1.207155
5.412000,1,0.267854,0.621781,1.377768,-0.253099,-0.829674,1.207215
5.414000,1,0.267310,0.617083,1.368163,-0.254017,-0.833349,1.207322
5.416000,1,0.266839,0.612626,1.358376,-0.254959,-0.837057,1.207475
5.418000,1,0.266370,0.608457,1.348414,-0.255920,-0.840796,1.207674
5.420000,1,0.265878,0.604580,1.338310,-0.256896,-0.844572,1.207924
5.422000,1,0.265366,0.600992,1.328080,-0.257888,-0.848385,1.208224
5.424000,1,0.264821,0.597657,1.317753,-0.258897,-0.852235,1.208574
5.426000,1,0.264821,0.597657,1.317753,-0.258897,-0.852235,1.208574
5.428000,1,0.263519,0.591657,1.296974,-0.260953,-0.860060,1.209421
5.430000,1,0.262727,0.588937,1.286594,-0.261998,-0.864036,1.209918
5.432000,1,0.262306,0.586283,1.275994,-0.263094,-0.868041,1.210435
5.434000,1,0.262136,0.583694,1.265267,-0.264223,-0.872081,1.210982
5.436000,1,0.262031,0.581057,1.254622,-0.265368,-0.876175,1.211579
5.438000,0,0.262196,0.580060,1.247629,-0.266582,-0.880439,1.212285
5.440000,0,0.262429,0.580685,1.243725,-0.267834,-0.884844,1.213082
5.442000,0,0.262429,0.580685,1.243725,-0.267834,-0.884844,1.213082
5.444000,0,0.262546,0.582358,1.241140,-0.269070,-0.889007,1.213505
5.446000,0,0.262436,0.587769,1.238773,-0.271443,-0.897052,1.214477
5.448000,0,0.262166,0.590937,1.238480,-0.272550,-0.901371,1.216335
5.450000,0,0.261783,0.594296,1.238601,-0.273608,-0.905911,1.219238
5.452000,0,0.261307,0.597827,1.239105,-0.274649,-0.910708,1.223301
5.454000,0,0.260769,0.601450,1.239871,-0.275681,-0.915643,1.229215
5.456000,0,0.260178,0.605132,1.240832,-0.276703,-0.920686,1.236824
5.458000,0,0.259552,0.608877,1.241975,-0.277732,-0.925747,1.245784
5.460000,0,0.258898,0.612661,1.243247,-0.278766,-0.930774,1.255892
5.462000,0,0.258216,0.616438,1.244573,-0.279802,-0.935751,1.267075
5.464000,0,0.257511,0.620204,1.245939,-0.280827,-0.940659,1.279032
5.466000,0,0.256790,0.623949,1.247322,-0.281833,-0.945464,1.291554
5.468000,0,0.256056,0.627669,1.248704,-0.282812,-0.950126,1.304439
5.470000,0,0.255316,0.631358,1.250068,-0.283759,-0.954607,1.317527
5.472000,0,0.254573,0.635013,1.251400,-0.284670,-0.958870,1.330682
5.474000,0,0.254573,0.635013,1.251400,-0.284670,-0.958870,1.330682
5.476000,0,0.253100,0.642241,1.253940,-0.286394,-0.966448,1.356793
5.478000,0,0.252369,0.645787,1.255098,-0.287208,-0.969729,1.369692
5.480000,0,0.251641,0.649269,1.256151,-0.287991,-0.972662,1.382477
5.480000,0,0.251641,0.649269,1.256151,-0.287991,-0.972662,1.382477
5.482000,0,0.250208,0.656106,1.258046,-0.289371,-0.977574,1.407019
5.486000,0,0.249504,0.659449,1.258856,-0.289967,-0.979511,1.418794
5.488000,0,0.248809,0.662729,1.259547,-0.290502,-0.981051,1.430299
5.490000,0,0.248127,0.665971,1.260161,-0.290981,-0.982239,1.441376
5.492000,0,0.247459,0.669165,1.260680,-0.291408,-0.983079,1.452056
5.494000,0,0.247459,0.669165,1.260680,-0.291408,-0.983079,1.452056
5.496000,0,0.246172,0.675432,1.261444,-0.292108,-0.983597,1.472190
5.498000,0,0.245553,0.678506,1.261694,-0.292389,-0.983309,1.481619
5.500000,0,0.244953,0.681548,1.261864,-0.292628,-0.982649,1.490599
5.502000,0,0.244370,0.684562,1.261960,-0.292826,-0.981616,1.499132
5.504000,0,0.243807,0.687551,1.261978,-0.292985,-0.980152,1.507239
5.506000,0,0.243261,0.690513,1.261922,-0.293108,-0.978313,1.514910
5.508000,0,0.243261,0.690513,1.261922,-0.293108,-0.978313,1.514910
5.510000,0,0.242228,0.696359,1.261593,-0.293245,-0.973515,1.528961
5.512000,0,0.242228,0.696359,1.261593,-0.293245,-0.973515,1.528961
5.514000,0,0.241276,0.702110,1.260969,-0.293237,-0.967143,1.541349
5.516000,0,0.240833,0.704950,1.260554,-0.293186,-0.963431,1.546902
5.518000,0,0.240411,0.707771,1.260080,-0.293101,-0.959375,1.552023
5.520000,0,0.240011,0.710579,1.259547,-0.292977,-0.954920,1.556705
5.522000,0,0.239633,0.713374,1.258967,-0.292822,-0.950139,1.560958
5.524000,0,0.239276,0.716162,1.258343,-0.292630,-0.944982,1.564773
5.526000,0,0.238941,0.718940,1.257680,-0.292407,-0.939522,1.568166
5.528000,0,0.238628,0.721710,1.256980,-0.292155,-0.933783,1.571137
5.530000,0,0.238337,0.724473,1.256247,-0.291874,-0.927787,1.573675
5.532000,0,0.238069,0.727230,1.255482,-0.291562,-0.921546,1.575787
5.534000,0,0.237825,0.729985,1.254688,-0.291231,-0.915034,1.577498
5.536000,0,0.237606,0.732740,1.253868,-0.290883,-0.908263,1.578838
5.538000,0,0.237414,0.735495,1.253024,-0.290517,-0.901247,1.579809
5.540000,0,0.237249,0.738253,1.252156,-0.290137,-0.893990,1.580431
5.542000,0,0.237249,0.738253,1.252156,-0.290137,-0.893990,1.580431
5.544000,0,0.237002,0.743790,1.250378,-0.289328,-0.878815,1.580615
5.546000,0,0.236918,0.746570,1.249474,-0.288896,-0.870926,1.580170
5.548000,0,0.236864,0.749361,1.248561,-0.288449,-0.862848,1.579384
5.550000,0,0.236834,0.752161,1.247648,-0.287976,-0.854621,1.578218
5.552000,0,0.236828,0.754972,1.246738,-0.287475,-0.846265,1.576673
5.554000,0,0.236848,0.757797,1.245831,-0.286949,-0.837785,1.574769
5.556000,0,0.236897,0.760638,1.244930,-0.286390,-0.829140,1.572479
5.558000,0,0.236897,0.760638,1.244930,-0.286390,-0.829140,1.572479
5.560000,0,0.237074,0.766370,1.243163,-0.285232,-0.811602,1.566840
5.562000,0,0.237074,0.766370,1.243163,-0.285232,-0.811602,1.566840
5.564000,0,0.237357,0.772183,1.241469,-0.284023,-0.793824,1.559877
5.566000,0,0.237539,0.775125,1.240655,-0.283392,-0.784825,1.555887
5.568000,0,0.237752,0.778095,1.239865,-0.282744,-0.775742,1.551568
5.570000,0,0.237989,0.781086,1.239101,-0.282075,-0.766686,1.546947
5.572000,0,0.238249,0.784099,1.238367,-0.281384,-0.757696,1.542031
5.574000,0,0.238249,0.784099,1.238367,-0.281384,-0.757696,1.542031
5.576000,0,0.238843,0.790208,1.236998,-0.279941,-0.739863,1.531384
5.578000,0,0.238843,0.790208,1.236998,-0.279941,-0.739863,1.531384
5.580000,0,0.239539,0.796447,1.235786,-0.278407,-0.722227,1.519630
5.582000,0,0.239924,0.799613,1.235234,-0.277601,-0.713505,1.513340
5.584000,0,0.240333,0.802810,1.234725,-0.276789,-0.704957,1.506780
5.586000,0,0.240769,0.806039,1.234259,-0.275973,-0.696584,1.499967
5.588000,0,0.241229,0.809301,1.233838,-0.275150,-0.688408,1.492906
5.590000,0,0.241714,0.812600,1.233463,-0.274315,-0.680453,1.485606
5.592000,0,0.242222,0.815935,1.233136,-0.273470,-0.672719,1.478084
5.594000,0,0.242756,0.819314,1.232861,-0.272620,-0.665168,1.470361
5.596000,0,0.243312,0.822735,1.232639,-0.271759,-0.657839,1.462441
5.598000,0,0.243892,0.826199,1.232469,-0.270885,-0.650731,1.454339
5.600000,0,0.244497,0.829704,1.232349,-0.270001,-0.643832,1.446062
5.602000,0,0.245125,0.833254,1.232280,-0.269105,-0.637142,1.437612
5.604000,0,0.245775,0.836846,1.232261,-0.268194,-0.630679,1.428996
5.606000,0,0.246448,0.840483,1.232293,-0.267269,-0.624443,1.420222
5.608000,0,0.247154,0.844158,1.232365,-0.266473,-0.618430,1.411200
5.610000,0,0.247893,0.847871,1.232479,-0.265804,-0.612639,1.401942
5.612000,0,0.248663,0.851625,1.232637,-0.265273,-0.607010,1.392427
5.614000,0,0.249462,0.855422,1.232837,-0.264866,-0.601552,1.382734
5.616000,0,0.250285,0.859267,1.233089,-0.264562,-0.596248,1.372884
5.618000,0,0.251129,0.863161,1.233392,-0.264334,-0.591119,1.362903
5.620000,0,0.251987,0.867097,1.233741,-0.264104,-0.586249,1.352755
5.622000,0,0.252860,0.871083,1.234138,-0.263879,-0.581542,1.342517
5.624000,0,0.253748,0.875116,1.234583,-0.263661,-0.576998,1.332198
5.626000,0,0.254650,0.879196,1.235075,-0.263428,-0.572633,1.321820
5.628000,0,0.255563,0.883320,1.235611,-0.263140,-0.568466,1.311373
5.630000,0,0.256485,0.887487,1.236187,-0.262764,-0.564517,1.300858
5.632000,0,0.257446,0.891654,1.236755,-0.262604,-0.561113,1.289732
5.634000,0,0.258434,0.895839,1.237329,-0.262573,-0.558160,1.278170
5.636000,0,0.259449,0.900045,1.237912,-0.262673,-0.555656,1.266200
5.638000,1,0.260557,0.904410,1.238588,-0.263068,-0.555070,1.258735
5.640000,1,0.261718,0.908924,1.239359,-0.263615,-0.556101,1.254878
5.642000,1,0.262918,0.913559,1.240214,-0.264254,-0.558500,1.253970
5.644000,1,0.264119,0.918320,1.241899,-0.264626,-0.561383,1.253822
5.646000,1,0.265322,0.923178,1.244370,-0.264781,-0.564611,1.254212
5.648000,1,0.266521,0.928115,1.247609,-0.264759,-0.568078,1.254975
5.650000,1,0.267727,0.933113,1.251541,-0.264596,-0.571748,1.256051
5.652000,1,0.268951,0.938172,1.256227,-0.264315,-0.575561,1.257347
5.654000,1,0.270214,0.943147,1.262530,-0.263954,-0.579428,1.258747
5.656000,1,0.271504,0.948001,1.270233,-0.263532,-0.583337,1.260231
5.658000,1,0.272837,0.952728,1.279154,-0.263065,-0.587266,1.261759
5.660000,1,0.274211,0.957312,1.289228,-0.262556,-0.591163,1.263250
5.662000,1,0.275591,0.961771,1.300011,-0.262022,-0.595046,1.264734
5.664000,1,0.276973,0.966064,1.311351,-0.261467,-0.598903,1.266183
5.666000,1,0.278355,0.970186,1.323219,-0.260895,-0.602698,1.267539
5.668000,1,0.279729,0.974106,1.335466,-0.260310,-0.606426,1.268788
5.670000,1,0.281073,0.977797,1.347806,-0.259723,-0.610112,1.269963
5.672000,1,0.282388,0.981203,1.360179,-0.259136,-0.613752,1.271047
5.674000,1,0.283675,0.984322,1.372587,-0.258550,-0.617321,1.271998
5.676000,1,0.284922,0.987154,1.384846,-0.257970,-0.620836,1.272847
5.678000,1,0.286128,0.989681,1.396897,-0.257399,-0.624297,1.273589
5.680000,1,0.287293,0.991886,1.408705,-0.256838,-0.627702,1.274216
5.682000,1,0.288398,0.993799,1.420225,-0.256286,-0.631046,1.274726
5.684000,1,0.289443,0.995419,1.431415,-0.255746,-0.634330,1.275117
5.686000,1,0.290429,0.996734,1.442257,-0.255217,-0.637554,1.275388
5.688000,1,0.291359,0.997727,1.452767,-0.254703,-0.640720,1.275536
5.690000,1,0.292237,0.998389,1.462937,-0.254202,-0.643834,1.275568
5.692000,1,0.293064,0.998717,1.472731,-0.253716,-0.646896,1.275485
5.694000,1,0.293844,0.998654,1.482157,-0.253247,-0.649912,1.275283
5.696000,1,0.294574,0.998243,1.491189,-0.252795,-0.652878,1.274969
5.698000,1,0.295257,0.997485,1.499818,-0.252361,-0.655796,1.274546
5.700000,1,0.295894,0.996373,1.508062,-0.251945,-0.658670,1.274017
5.702000,1,0.296487,0.994902,1.515915,-0.251548,-0.661501,1.273384
5.704000,1,0.297039,0.993076,1.523405,-0.251170,-0.664284,1.272639
5.706000,1,0.297546,0.990899,1.530464,-0.250813,-0.667028,1.271799
5.708000,1,0.298011,0.988370,1.537081,-0.250477,-0.669738,1.270870
5.710000,1,0.298438,0.985485,1.543277,-0.250163,-0.672415,1.269856
5.712000,1,0.298825,0.982255,1.549031,-0.249871,-0.675060,1.268761
5.714000,1,0.299174,0.978687,1.554341,-0.249601,-0.677677,1.267587
5.716000,1,0.299485,0.974783,1.559209,-0.249354,-0.680270,1.266347
5.718000,1,0.299762,0.970550,1.563638,-0.249129,-0.682842,1.265047
5.720000,1,0.300003,0.965998,1.567628,-0.248926,-0.685396,1.263690
5.722000,1,0.300214,0.961131,1.571207,-0.248747,-0.687929,1.262273
5.724000,1,0.300392,0.955893,1.574356,-0.248595,-0.690448,1.260797
5.726000,1,0.300536,0.950372,1.577068,-0.248465,-0.692951,1.259275
5.728000,1,0.300647,0.944589,1.579346,-0.248358,-0.695439,1.257710
5.730000,1,0.300725,0.938552,1.581198,-0.248274,-0.697914,1.256107
5.732000,1,0.300775,0.932267,1.582666,-0.248216,-0.700377,1.254463
5.734000,1,0.300810,0.925719,1.583754,-0.248183,-0.702834,1.252787
5.736000,1,0.300829,0.918918,1.584460,-0.248176,-0.705290,1.251090
5.738000,1,0.300827,0.911892,1.584765,-0.248194,-0.707744,1.249372
5.740000,1,0.300804,0.904658,1.584669,-0.248237,-0.710197,1.247637
5.742000,1,0.300759,0.897219,1.584192,-0.248305,-0.712651,1.245888
5.744000,1,0.300693,0.889592,1.583339,-0.248398,-0.715107,1.244128
5.746000,1,0.300602,0.881792,1.582113,-0.248517,-0.717567,1.242361
5.748000,1,0.300490,0.873825,1.580532,-0.248664,-0.720031,1.240585
5.750000,1,0.300352,0.865711,1.578587,-0.248836,-0.722500,1.238808
5.752000,1,0.300182,0.857484,1.576269,-0.249033,-0.724975,1.237032
5.754000,1,0.299980,0.849160,1.573588,-0.249256,-0.727457,1.235260
5.756000,1,0.299749,0.840744,1.570560,-0.249506,-0.729950,1.233498
5.758000,1,0.299504,0.832215,1.567196,-0.249784,-0.732460,1.231752
5.760000,1,0.299240,0.823613,1.563491,-0.250087,-0.734985,1.230023
5.762000,1,0.298957,0.814946,1.559455,-0.250417,-0.737527,1.228315
5.764000,1,0.298652,0.806229,1.555098,-0.250774,-0.740086,1.226629
5.766000,1,0.298328,0.797465,1.550436,-0.251158,-0.742664,1.224965
5.768000,1,0.297978,0.788682,1.545473,-0.251569,-0.745262,1.223329
5.770000,1,0.297600,0.779900,1.540218,-0.252006,-0.747880,1.221723
5.772000,1,0.297192,0.771133,1.534679,-0.252468,-0.750520,1.220149
5.774000,1,0.296756,0.762383,1.528874,-0.252957,-0.753183,1.218609
5.776000,1,0.296286,0.753677,1.522805,-0.253473,-0.755871,1.217107
5.778000,1,0.295782,0.745031,1.516481,-0.254012,-0.758589,1.215655
5.780000,1,0.295242,0.736459,1.509911,-0.254576,-0.761340,1.214254
5.782000,1,0.294668,0.727960,1.503111,-0.255165,-0.764123,1.212903
5.784000,1,0.294082,0.719567,1.496060,-0.255781,-0.766938,1.211605
5.786000,1,0.293478,0.711310,1.488760,-0.256424,-0.769785,1.210361
5.788000,1,0.292853,0.703202,1.481225,-0.257091,-0.772664,1.209172
5.790000,1,0.292209,0.695242,1.473472,-0.257786,-0.775576,1.208038
5.792000,1,0.291530,0.687474,1.465506,-0.258504,-0.778522,1.206961
5.794000,1,0.290822,0.679878,1.457342,-0.259248,-0.781503,1.205943
5.796000,1,0.290081,0.672438,1.448936,-0.260018,-0.784523,1.204984
5.798000,1,0.289309,0.665152,1.440306,-0.260815,-0.787581,1.204084
5.800000,1,0.288510,0.658038,1.431521,-0.261636,-0.790678,1.203244
5.802000,1,0.287665,0.651164,1.422588,-0.262480,-0.793810,1.202465
5.804000,1,0.286792,0.644475,1.413517,-0.263347,-0.796981,1.201745
5.806000,1,0.285893,0.637971,1.404323,-0.264239,-0.800192,1.201084
5.808000,1,0.284950,0.631700,1.395004,-0.265153,-0.803442,1.200489
5.810000,1,0.284072,0.625692,1.385449,-0.266098,-0.806725,1.199951
5.812000,1,0.283230,0.620014,1.375652,-0.267069,-0.810039,1.199472
5.814000,1,0.282410,0.614663,1.365642,-0.268066,-0.813387,1.199051
5.816000,1,0.281613,0.609637,1.355439,-0.269088,-0.816768,1.198690
5.818000,1,0.280824,0.604919,1.345076,-0.270133,-0.820186,1.198387
5.820000,1,0.280017,0.600481,1.334593,-0.271199,-0.823644,1.198143
5.822000,1,0.279177,0.596303,1.324019,-0.272284,-0.827143,1.197956
5.824000,1,0.278275,0.592382,1.313381,-0.273386,-0.830683,1.197827
5.826000,1,0.277311,0.588714,1.302694,-0.274506,-0.834263,1.197754
5.828000,1,0.276259,0.585267,1.291988,-0.275641,-0.837885,1.197736
5.830000,1,0.275120,0.582015,1.281282,-0.276791,-0.841550,1.197772
5.832000,1,0.274270,0.579042,1.270189,-0.277987,-0.845234,1.197839
5.834000,1,0.273668,0.576200,1.258911,-0.279219,-0.848955,1.197947
5.836000,1,0.273313,0.573487,1.247449,-0.280485,-0.852713,1.198097
5.838000,1,0.273017,0.570989,1.235881,-0.281767,-0.856507,1.198297
5.840000,0,0.272812,0.570122,1.227862,-0.283101,-0.860457,1.198606
5.842000,0,0.272691,0.570850,1.223081,-0.284433,-0.864503,1.198978
5.844000,0,0.272610,0.572918,1.220956,-0.285752,-0.868626,1.199406
5.846000,0,0.272437,0.575755,1.219848,-0.287044,-0.872496,1.199460
5.848000,0,0.272112,0.578907,1.219425,-0.288274,-0.876626,1.200589
5.850000,0,0.271661,0.582292,1.219542,-0.289445,-0.881049,1.202926
5.852000,0,0.271110,0.585850,1.220091,-0.290564,-0.885761,1.206478
5.854000,0,0.270476,0.589511,1.220937,-0.291628,-0.890737,1.211233
5.856000,0,0.269787,0.593228,1.221999,-0.292640,-0.895840,1.217688
5.858000,0,0.269063,0.597007,1.223248,-0.293637,-0.900946,1.225601
5.860000,0,0.268313,0.600824,1.224636,-0.294619,-0.906026,1.234720
5.862000,0,0.267543,0.604659,1.226125,-0.295581,-0.911073,1.244802
5.864000,0,0.266752,0.608473,1.227645,-0.296524,-0.916075,1.255787
5.866000,0,0.265949,0.612281,1.229203,-0.297434,-0.920965,1.267345
5.868000,0,0.265140,0.616075,1.230773,-0.298307,-0.925706,1.279304
5.870000,0,0.264327,0.619843,1.232332,-0.299141,-0.930265,1.291530
5.872000,0,0.263513,0.623578,1.233857,-0.299933,-0.934613,1.303916
5.874000,0,0.262695,0.627254,1.235306,-0.300685,-0.938743,1.316453
5.876000,0,0.261875,0.630866,1.236657,-0.301396,-0.942598,1.329106
5.878000,0,0.261056,0.634414,1.237911,-0.302066,-0.946183,1.341746
5.880000,0,0.260240,0.637899,1.239063,-0.302693,-0.949472,1.354302
5.882000,0,0.259431,0.641336,1.240135,-0.303255,-0.952469,1.366624
5.884000,0,0.258626,0.644710,1.241100,-0.303753,-0.955176,1.378729
5.886000,0,0.257828,0.648021,1.241958,-0.304185,-0.957581,1.390574
5.888000,0,0.257041,0.651286,1.242723,-0.304553,-0.959652,1.402092
5.890000,0,0.256265,0.654503,1.243393,-0.304860,-0.961377,1.413266
5.892000,0,0.255502,0.657674,1.243966,-0.305108,-0.962747,1.424086
5.894000,0,0.254751,0.660789,1.244426,-0.305300,-0.963767,1.434584
5.896000,0,0.254013,0.663863,1.244794,-0.305441,-0.964422,1.444716
5.898000,0,0.253289,0.666900,1.245073,-0.305533,-0.964711,1.454451
5.900000,0,0.252580,0.669899,1.245262,-0.305577,-0.964625,1.463801
5.902000,0,0.251885,0.672854,1.245351,-0.305574,-0.964168,1.472797
5.904000,0,0.251206,0.675770,1.245336,-0.305522,-0.963285,1.481449
5.906000,0,0.250543,0.678652,1.245238,-0.305424,-0.962022,1.489696
5.908000,0,0.249898,0.681498,1.245049,-0.305283,-0.960383,1.497566
5.910000,0,0.249271,0.684310,1.244774,-0.305097,-0.958373,1.505048
5.912000,0,0.248662,0.687090,1.244418,-0.304867,-0.955997,1.512135
5.914000,0,0.248074,0.689847,1.243993,-0.304591,-0.953258,1.518783
5.916000,0,0.247505,0.692583,1.243502,-0.304271,-0.950161,1.524988
5.918000,0,0.246958,0.695296,1.242944,-0.303909,-0.946711,1.530778
5.920000,0,0.246432,0.697991,1.242325,-0.303507,-0.942914,1.536157
5.922000,0,0.245927,0.700674,1.241656,-0.303066,-0.938782,1.541096
5.924000,0,0.245445,0.703343,1.240935,-0.302588,-0.934320,1.545622
5.926000,0,0.245445,0.703343,1.240935,-0.302588,-0.934320,1.545622
5.928000,0,0.244549,0.708651,1.239362,-0.301518,-0.924462,1.553348
5.930000,0,0.244137,0.711292,1.238511,-0.300932,-0.919092,1.556559
5.932000,0,0.243748,0.713927,1.237630,-0.300311,-0.913443,1.559346
5.934000,0,0.243383,0.716560,1.236721,-0.299661,-0.907524,1.561714
5.936000,0,0.243043,0.719191,1.235782,-0.298983,-0.901338,1.563688
5.938000,0,0.242728,0.721822,1.234821,-0.298277,-0.894910,1.565270
5.940000,0,0.242438,0.724457,1.233845,-0.297546,-0.888257,1.566469
5.942000,0,0.242173,0.727097,1.232856,-0.296790,-0.881395,1.567289
5.944000,0,0.241934,0.729743,1.231857,-0.296008,-0.874332,1.567735
5.946000,0,0.241721,0.732398,1.230851,-0.295200,-0.867082,1.567810
5.948000,0,0.241533,0.735061,1.229841,-0.294366,-0.859669,1.567517
5.950000,0,0.241372,0.737734,1.228830,-0.293507,-0.852109,1.566859
5.952000,0,0.241238,0.740420,1.227820,-0.292623,-0.844409,1.565847
5.954000,0,0.241130,0.743118,1.226815,-0.291713,-0.836586,1.564485
5.956000,0,0.241050,0.745832,1.225815,-0.290781,-0.828643,1.562792
5.958000,0,0.240999,0.748565,1.224829,-0.289827,-0.820603,1.560770
5.960000,0,0.240977,0.751320,1.223858,-0.288864,-0.812457,1.558423
5.962000,0,0.240982,0.754096,1.222907,-0.287891,-0.804229,1.555743
5.964000,0,0.241014,0.756895,1.221978,-0.286909,-0.795939,1.552735
5.966000,0,0.241073,0.759717,1.221074,-0.285916,-0.787602,1.549409
5.968000,0,0.241161,0.762565,1.220194,-0.284913,-0.779220,1.545780
5.970000,0,0.241277,0.765441,1.219344,-0.283890,-0.770777,1.541806
5.972000,0,0.241420,0.768344,1.218526,-0.282854,-0.762348,1.537533
5.974000,0,0.241589,0.771277,1.217745,-0.281806,-0.753925,1.532984
5.976000,0,0.241785,0.774244,1.217004,-0.280739,-0.745495,1.528119
5.978000,0,0.242007,0.777243,1.216304,-0.279660,-0.737111,1.522991
5.980000,0,0.242257,0.780276,1.215645,-0.278571,-0.728774,1.517615
5.982000,0,0.242534,0.783343,1.215028,-0.277472,-0.720485,1.512009
5.984000,0,0.242840,0.786444,1.214455,-0.276383,-0.712291,1.506137
5.986000,0,0.243173,0.789580,1.213928,-0.275306,-0.704221,1.500001
5.988000,0,0.243533,0.792752,1.213449,-0.274237,-0.696285,1.493612
5.990000,0,0.243922,0.795961,1.213018,-0.273178,-0.688484,1.486985
5.992000,0,0.244338,0.799212,1.212641,-0.272127,-0.680825,1.480133
5.994000,0,0.244779,0.802506,1.212318,-0.271082,-0.673304,1.473063
5.996000,0,0.245248,0.805843,1.212049,-0.270044,-0.665920,1.465789
5.998000,0,0.245742,0.809224,1.211834,-0.269010,-0.658681,1.458321
6.000000,0,0.246262,0.812647,1.211674,-0.267977,-0.651616,1.450655
6.002000,0,0.246806,0.816114,1.211566,-0.266936,-0.644748,1.442788
6.004000,0,0.247375,0.819623,1.211512,-0.265889,-0.638081,1.434725
6.006000,0,0.247968,0.823179,1.211513,-0.264835,-0.631619,1.426479
6.008000,0,0.248585,0.826781,1.211570,-0.263775,-0.625361,1.418064
6.010000,0,0.249234,0.830421,1.211674,-0.262816,-0.619371,1.409372
6.012000,0,0.249915,0.834101,1.211824,-0.261958,-0.613663,1.400401
6.014000,0,0.250624,0.837826,1.212027,-0.261189,-0.608232,1.391184
6.016000,0,0.251359,0.841599,1.212283,-0.260510,-0.603014,1.381783
6.018000,0,0.252118,0.845420,1.212592,-0.259887,-0.598064,1.372188
6.020000,0,0.252900,0.849291,1.212954,-0.259324,-0.593308,1.362464
6.022000,0,0.253701,0.853208,1.213367,-0.258781,-0.588820,1.352577
6.024000,0,0.254521,0.857173,1.213830,-0.258239,-0.584615,1.342546
6.026000,0,0.255361,0.861190,1.214348,-0.257723,-0.580565,1.332474
6.028000,0,0.256214,0.865253,1.214913,-0.257141,-0.576800,1.322222
6.030000,0,0.257082,0.869361,1.215521,-0.256493,-0.573319,1.311844
6.032000,0,0.258001,0.873482,1.216137,-0.256206,-0.570246,1.300966
6.034000,0,0.258956,0.877638,1.216776,-0.256206,-0.567387,1.289845
6.036000,0,0.259932,0.881835,1.217450,-0.256300,-0.564801,1.278555
6.038000,0,0.260917,0.886086,1.218173,-0.256379,-0.562423,1.267228
6.040000,1,0.261907,0.890403,1.218957,-0.256412,-0.560089,1.256086
6.042000,1,0.262960,0.894893,1.219860,-0.256642,-0.559645,1.249086
6.044000,1,0.263816,0.898551,1.220061,-0.257038,-0.559881,1.243535
6.046000,1,0.264684,0.902424,1.221151,-0.257258,-0.560882,1.239478
6.048000,1,0.265596,0.906632,1.223453,-0.257321,-0.562532,1.236695
6.050000,1,0.266551,0.911131,1.226880,-0.257257,-0.564717,1.234959
6.052000,1,0.267548,0.915880,1.231373,-0.257089,-0.567333,1.234070
6.054000,1,0.268594,0.920731,1.237515,-0.256852,-0.570286,1.233870
6.056000,1,0.269681,0.925638,1.245137,-0.256560,-0.573503,1.234218
6.058000,1,0.270810,0.930555,1.253992,-0.256227,-0.576931,1.235003
6.060000,1,0.271969,0.935468,1.263838,-0.255859,-0.580522,1.236134
6.062000,1,0.273153,0.940324,1.274530,-0.255465,-0.584234,1.237521
6.064000,1,0.274344,0.945101,1.285812,-0.255051,-0.588037,1.239104
6.066000,1,0.275530,0.949763,1.297517,-0.254621,-0.591902,1.240822
6.068000,1,0.276706,0.954274,1.309509,-0.254180,-0.595806,1.242626
6.070000,1,0.277866,0.958586,1.321692,-0.253732,-0.599729,1.244467
6.072000,1,0.279007,0.962669,1.333975,-0.253279,-0.603655,1.246308
6.074000,1,0.280127,0.966505,1.346264,-0.252823,-0.607569,1.248121
6.076000,1,0.281230,0.970025,1.358559,-0.252367,-0.611460,1.249871
6.078000,1,0.282308,0.973238,1.370756,-0.251911,-0.615318,1.251544
6.080000,1,0.283341,0.976133,1.382832,-0.251455,-0.619133,1.253118
6.082000,1,0.284325,0.978694,1.394739,-0.251000,-0.622900,1.254581
6.084000,1,0.285256,0.980949,1.406401,-0.250546,-0.626619,1.255937
6.086000,1,0.286137,0.982848,1.417819,-0.250095,-0.630288,1.257174
6.088000,1,0.286965,0.984419,1.428938,-0.249648,-0.633905,1.258292
6.090000,1,0.287741,0.985659,1.439735,-0.249207,-0.637470,1.259287
6.092000,1,0.288465,0.986558,1.450199,-0.248774,-0.640982,1.260158
6.094000,1,0.289142,0.987057,1.460343,-0.248350,-0.644445,1.260898
6.096000,1,0.289772,0.987154,1.470133,-0.247936,-0.647858,1.261508
6.098000,1,0.290354,0.986900,1.479531,-0.247532,-0.651224,1.262002
6.100000,1,0.290890,0.986295,1.488528,-0.247138,-0.654543,1.262382
6.102000,1,0.291381,0.985282,1.497135,-0.246757,-0.657822,1.262645
6.104000,1,0.291830,0.983855,1.505347,-0.246388,-0.661061,1.262795
6.106000,1,0.292235,0.982013,1.513160,-0.246033,-0.664262,1.262833
6.108000,1,0.292595,0.979760,1.520564,-0.245693,-0.667426,1.262764
6.110000,1,0.292911,0.977161,1.527547,-0.245366,-0.670551,1.262595
6.112000,1,0.293183,0.974165,1.534107,-0.245055,-0.673643,1.262328
6.114000,1,0.293414,0.970833,1.540241,-0.244759,-0.676704,1.261975
6.116000,1,0.293605,0.967174,1.545948,-0.244478,-0.679735,1.261540
6.118000,1,0.293757,0.963130,1.551226,-0.244216,-0.682744,1.261024
6.120000,1,0.293873,0.958767,1.556080,-0.243970,-0.685728,1.260434
6.122000,1,0.293953,0.954098,1.560511,-0.243742,-0.688689,1.259775
6.124000,1,0.293997,0.949129,1.564518,-0.243533,-0.691629,1.259049
6.126000,1,0.294008,0.943866,1.568104,-0.243343,-0.694550,1.258262
6.128000,1,0.293984,0.938319,1.571271,-0.243172,-0.697454,1.257418
6.130000,1,0.293926,0.932496,1.574021,-0.243022,-0.700344,1.256520
6.132000,1,0.293841,0.926325,1.576337,-0.242896,-0.703228,1.255571
6.134000,1,0.293731,0.919884,1.578242,-0.242790,-0.706104,1.254582
6.136000,1,0.293600,0.913184,1.579770,-0.242707,-0.708975,1.253556
6.138000,1,0.293446,0.906172,1.580902,-0.242647,-0.711846,1.252496
6.140000,1,0.293269,0.898863,1.581634,-0.242612,-0.714719,1.251406
6.142000,1,0.293067,0.891281,1.581962,-0.242601,-0.717593,1.250288
6.144000,1,0.292843,0.883432,1.581907,-0.242616,-0.720469,1.249144
6.146000,1,0.292592,0.875358,1.581449,-0.242654,-0.723346,1.247980
6.148000,1,0.292316,0.867148,1.580623,-0.242714,-0.726221,1.246800
6.150000,1,0.292011,0.858846,1.579422,-0.242796,-0.729092,1.245607
6.152000,1,0.291674,0.850394,1.577826,-0.242902,-0.731973,1.244413
6.154000,1,0.291307,0.841875,1.575872,-0.243030,-0.734859,1.243219
6.156000,1,0.290913,0.833285,1.573583,-0.243182,-0.737754,1.242030
6.158000,1,0.290494,0.824628,1.570977,-0.243358,-0.740660,1.240846
6.160000,1,0.290059,0.815911,1.568036,-0.243560,-0.743579,1.239671
6.162000,1,0.289610,0.807135,1.564768,-0.243788,-0.746515,1.238509
6.164000,1,0.289146,0.798313,1.561180,-0.244041,-0.749467,1.237363
6.166000,1,0.288660,0.789403,1.557235,-0.244322,-0.752442,1.236235
6.168000,1,0.288153,0.780420,1.552947,-0.244630,-0.755441,1.235130
6.170000,1,0.287625,0.771434,1.548373,-0.244962,-0.758460,1.234051
6.172000,1,0.287076,0.762465,1.543525,-0.245319,-0.761501,1.232999
6.174000,1,0.286502,0.753528,1.538406,-0.245700,-0.764564,1.231978
6.176000,1,0.285899,0.744593,1.532975,-0.246108,-0.767656,1.230991
6.178000,1,0.285269,0.735715,1.527288,-0.246539,-0.770776,1.230045
6.180000,1,0.284611,0.726911,1.521355,-0.246993,-0.773927,1.229143
6.182000,1,0.283945,0.718214,1.515156,-0.247473,-0.777106,1.228283
6.184000,1,0.283271,0.709637,1.508696,-0.247979,-0.780314,1.227468
6.186000,1,0.282589,0.701178,1.501992,-0.248511,-0.783553,1.226697
6.188000,1,0.281894,0.692857,1.495047,-0.249069,-0.786824,1.225973
6.190000,1,0.281182,0.684649,1.487822,-0.249652,-0.790130,1.225298
6.192000,1,0.280453,0.676555,1.480333,-0.250263,-0.793471,1.224673
6.194000,1,0.279713,0.668601,1.472647,-0.250898,-0.796847,1.224097
6.196000,1,0.278954,0.660775,1.464723,-0.251559,-0.800260,1.223571
6.198000,1,0.278176,0.653125,1.456619,-0.252243,-0.803707,1.223096
6.200000,1,0.277379,0.645649,1.448353,-0.252952,-0.807189,1.222670
6.202000,1,0.276562,0.638363,1.439923,-0.253683,-0.810706,1.222296
6.204000,1,0.275722,0.631274,1.431334,-0.254436,-0.814261,1.221978
6.206000,1,0.274862,0.624366,1.422590,-0.255211,-0.817855,1.221714
6.208000,1,0.274057,0.617714,1.413599,-0.256015,-0.821479,1.221497
6.210000,1,0.273304,0.611314,1.404377,-0.256847,-0.825133,1.221327
6.212000,1,0.272601,0.605193,1.394933,-0.257706,-0.828816,1.221204
6.214000,1,0.271929,0.599333,1.385291,-0.258589,-0.832533,1.221127
6.216000,1,0.271277,0.593728,1.375474,-0.259495,-0.836283,1.221097
6.218000,1,0.270629,0.588394,1.365504,-0.260422,-0.840067,1.221114
6.220000,1,0.269965,0.583323,1.355347,-0.261370,-0.843887,1.221180
6.222000,1,0.269286,0.578516,1.345022,-0.262339,-0.847742,1.221294
6.224000,1,0.268549,0.574048,1.334549,-0.263324,-0.851626,1.221448
6.226000,1,0.267794,0.569799,1.324020,-0.264327,-0.855551,1.221653
6.228000,1,0.266997,0.565777,1.313451,-0.265346,-0.859517,1.221907
6.230000,1,0.266145,0.561970,1.302842,-0.266379,-0.863523,1.222207
6.232000,1,0.265701,0.558479,1.291767,-0.267467,-0.867531,1.222510
6.234000,1,0.265663,0.555301,1.280240,-0.268602,-0.871545,1.222820
6.236000,1,0.265784,0.552389,1.268456,-0.269762,-0.875587,1.223161
6.238000,1,0.265875,0.549658,1.256680,-0.270926,-0.879674,1.223549
6.240000,1,0.265937,0.547109,1.244918,-0.272099,-0.883804,1.223980
6.242000,1,0.266140,0.546520,1.237383,-0.273328,-0.888128,1.224532
6.244000,0,0.266415,0.547594,1.233317,-0.274595,-0.892613,1.225187
6.246000,0,0.266676,0.550066,1.232023,-0.275880,-0.897239,1.225939
6.248000,0,0.266941,0.553713,1.233039,-0.277148,-0.901941,1.226736
6.250000,0,0.267000,0.557643,1.234545,-0.278386,-0.906710,1.228273
6.252000,0,0.266888,0.561755,1.236383,-0.279593,-0.911535,1.230532
6.254000,0,0.266637,0.565952,1.238387,-0.280776,-0.916391,1.233491
6.256000,0,0.266270,0.570185,1.240480,-0.281940,-0.921284,1.237172
6.258000,0,0.265811,0.574415,1.242598,-0.283092,-0.926209,1.241608
6.260000,0,0.265297,0.578631,1.244731,-0.284277,-0.931048,1.247603
6.264000,0,0.264735,0.582783,1.246798,-0.285489,-0.935784,1.255070
6.264000,0,0.264138,0.586882,1.248808,-0.286717,-0.940403,1.263749
6.266000,0,0.263508,0.590887,1.250695,-0.287959,-0.944888,1.273572
6.266000,0,0.263508,0.590887,1.250695,-0.287959,-0.944888,1.273572
6.270000,0,0.262857,0.594822,1.252496,-0.289194,-0.949243,1.284170
6.272000,0,0.261506,0.602444,1.255746,-0.291613,-0.957480,1.307123
6.274000,0,0.260801,0.606075,1.257102,-0.292804,-0.961318,1.319473
6.276000,0,0.260081,0.609585,1.258270,-0.293976,-0.964942,1.332241
6.278000,0,0.260081,0.609585,1.258270,-0.293976,-0.964942,1.332241
6.280000,0,0.258640,0.616427,1.260304,-0.296166,-0.971450,1.357656
6.282000,0,0.257918,0.619736,1.261131,-0.297163,-0.974328,1.370215
6.284000,0,0.257194,0.622945,1.261791,-0.298096,-0.976955,1.382681
6.286000,0,0.257194,0.622945,1.261791,-0.298096,-0.976955,1.382681
6.288000,0,0.255771,0.629196,1.262794,-0.299752,-0.981388,1.406688
6.290000,0,0.255071,0.632225,1.263105,-0.300478,-0.983141,1.418242
6.292000,0,0.254379,0.635170,1.263259,-0.301136,-0.984574,1.429535
6.294000,0,0.254379,0.635170,1.263259,-0.301136,-0.984574,1.429535
6.296000,0,0.253032,0.640924,1.263259,-0.302269,-0.986469,1.450965
6.298000,0,0.252379,0.643724,1.263085,-0.302746,-0.986878,1.461133
6.300000,0,0.251741,0.646481,1.262809,-0.303166,-0.986938,1.470892
6.302000,0,0.251119,0.649199,1.262429,-0.303530,-0.986597,1.480247
6.304000,0,0.250513,0.651875,1.261950,-0.303839,-0.985901,1.489179
6.306000,0,0.249924,0.654509,1.261370,-0.304095,-0.984849,1.497682
6.308000,0,0.249353,0.657106,1.260697,-0.304298,-0.983449,1.505758
6.310000,0,0.248799,0.659659,1.259922,-0.304453,-0.981704,1.513435
6.312000,0,0.248264,0.662182,1.259057,-0.304557,-0.979553,1.520685
6.314000,0,0.247750,0.664677,1.258107,-0.304609,-0.977001,1.527477
6.316000,0,0.247257,0.667140,1.257065,-0.304614,-0.974052,1.533843
6.318000,0,0.246784,0.669576,1.255942,-0.304574,-0.970711,1.539799
6.320000,0,0.246331,0.671988,1.254754,-0.304493,-0.967056,1.545317
6.322000,0,0.245898,0.674378,1.253507,-0.304370,-0.963097,1.550390
6.324000,0,0.245485,0.676749,1.252203,-0.304208,-0.958840,1.555021
6.326000,0,0.245095,0.679105,1.250843,-0.304003,-0.954230,1.559200
6.328000,0,0.244729,0.681449,1.249430,-0.303756,-0.949273,1.562928
6.330000,0,0.244384,0.683777,1.247968,-0.303473,-0.944054,1.566206
6.332000,0,0.244064,0.686091,1.246461,-0.303163,-0.938557,1.569044
6.334000,0,0.243768,0.688394,1.244911,-0.302829,-0.932793,1.571449
6.336000,0,0.243499,0.690687,1.243317,-0.302474,-0.926767,1.573445
6.338000,0,0.243256,0.692975,1.241691,-0.302100,-0.920480,1.575057
6.340000,0,0.243039,0.695260,1.240040,-0.301706,-0.913962,1.576274
6.342000,0,0.242846,0.697545,1.238367,-0.301291,-0.907224,1.577096
6.344000,0,0.242680,0.699830,1.236676,-0.300855,-0.900275,1.577527
6.346000,0,0.242541,0.702117,1.234966,-0.300400,-0.893117,1.577588
6.348000,0,0.242428,0.704408,1.233244,-0.299924,-0.885770,1.577281
6.350000,0,0.242340,0.706705,1.231520,-0.299427,-0.878249,1.576605
6.352000,0,0.242279,0.709014,1.229795,-0.298904,-0.870508,1.575525
6.354000,0,0.242247,0.711335,1.228069,-0.298357,-0.862552,1.574062
6.356000,0,0.242239,0.713666,1.226351,-0.297786,-0.854483,1.572236
6.358000,0,0.242257,0.716010,1.224646,-0.297206,-0.846302,1.570061
6.360000,0,0.242300,0.718368,1.222955,-0.296616,-0.838023,1.567545
6.362000,0,0.242371,0.720745,1.221281,-0.296011,-0.829606,1.564649
6.364000,0,0.242468,0.723137,1.219625,-0.295390,-0.821134,1.561415
6.366000,0,0.242591,0.725546,1.217991,-0.294755,-0.812619,1.557858
6.368000,0,0.242741,0.727977,1.216381,-0.294096,-0.804035,1.553939
6.370000,0,0.242919,0.730431,1.214799,-0.293417,-0.795381,1.549679
6.372000,0,0.243122,0.732908,1.213251,-0.292718,-0.786743,1.545131
6.374000,0,0.243350,0.735410,1.211740,-0.291998,-0.778140,1.540308
6.376000,0,0.243604,0.737940,1.210269,-0.291251,-0.769538,1.535169
6.378000,0,0.243884,0.740499,1.208839,-0.290481,-0.760991,1.529772
6.380000,0,0.244192,0.743088,1.207454,-0.289701,-0.752496,1.524056
6.382000,0,0.244531,0.745708,1.206113,-0.288912,-0.744052,1.518040
6.384000,0,0.244896,0.748360,1.204821,-0.288116,-0.735722,1.511782
6.386000,0,0.245287,0.751045,1.203578,-0.287310,-0.727520,1.505297
6.388000,0,0.245704,0.753767,1.202393,-0.286494,-0.719453,1.498592
6.390000,0,0.246147,0.756529,1.201268,-0.285655,-0.711519,1.491617
6.392000,0,0.246616,0.759331,1.200202,-0.284799,-0.703735,1.484438
6.394000,0,0.247110,0.762174,1.199198,-0.283923,-0.696127,1.477066
6.396000,0,0.247630,0.765059,1.198255,-0.283031,-0.688673,1.469511
6.398000,0,0.248174,0.767988,1.197374,-0.282120,-0.681387,1.461776
6.400000,0,0.248745,0.770959,1.196556,-0.281190,-0.674267,1.453876
6.402000,0,0.249341,0.773975,1.195801,-0.280235,-0.667340,1.445801
6.404000,0,0.249961,0.777036,1.195110,-0.279257,-0.660595,1.437558
6.406000,0,0.250605,0.780145,1.194488,-0.278253,-0.654051,1.429152
6.408000,0,0.251281,0.783299,1.193929,-0.277326,-0.647684,1.420508
6.410000,0,0.251988,0.786500,1.193433,-0.276477,-0.641500,1.411634
6.412000,0,0.252724,0.789749,1.193002,-0.275694,-0.635502,1.402548
6.414000,0,0.253488,0.793047,1.192636,-0.274976,-0.629688,1.393265
6.416000,0,0.254277,0.796393,1.192336,-0.274310,-0.624065,1.383801
6.418000,0,0.255089,0.799788,1.192101,-0.273663,-0.618656,1.374179
6.420000,0,0.255923,0.803231,1.191928,-0.273024,-0.613447,1.364412
6.422000,0,0.256778,0.806722,1.191817,-0.272380,-0.608440,1.354515
6.424000,0,0.257653,0.810260,1.191768,-0.271733,-0.603633,1.344499
6.426000,0,0.258549,0.813846,1.191779,-0.271072,-0.599026,1.334376
6.428000,0,0.259463,0.817481,1.191855,-0.270387,-0.594624,1.324157
6.430000,0,0.260391,0.821167,1.191995,-0.269637,-0.590451,1.313845
6.432000,0,0.261336,0.824900,1.192196,-0.268826,-0.586505,1.303453
6.434000,0,0.262325,0.828650,1.192424,-0.268250,-0.583053,1.292459
6.436000,0,0.263346,0.832431,1.192691,-0.267818,-0.580030,1.281035
6.438000,0,0.264388,0.836255,1.193005,-0.267432,-0.577308,1.269405
6.440000,0,0.265443,0.840134,1.193374,-0.267015,-0.574792,1.257743
6.440000,0,0.265443,0.840134,1.193374,-0.267015,-0.574792,1.257743
6.444000,0,0.266507,0.844072,1.193802,-0.266519,-0.572410,1.246165
6.446000,0,0.268701,0.852205,1.194878,-0.265411,-0.569347,1.226662
6.448000,1,0.269859,0.856468,1.195566,-0.264940,-0.570100,1.221547
6.450000,1,0.271007,0.860802,1.196299,-0.264524,-0.572154,1.218961
6.452000,1,0.272117,0.865420,1.198145,-0.264033,-0.574758,1.217463
6.454000,1,0.273199,0.870327,1.201168,-0.263480,-0.577781,1.216814
6.456000,1,0.274252,0.875475,1.205251,-0.262878,-0.581139,1.216851
6.458000,1,0.275309,0.880778,1.210207,-0.262239,-0.584771,1.217436
6.458000,1,0.275309,0.880778,1.210207,-0.262239,-0.584771,1.217436
6.462000,1,0.277524,0.891350,1.224961,-0.260913,-0.592558,1.219754
6.464000,1,0.277524,0.891350,1.224961,-0.260913,-0.592558,1.219754
6.466000,1,0.279830,0.901722,1.245002,-0.259540,-0.600722,1.223003
6.468000,1,0.280994,0.906804,1.256402,-0.258844,-0.604875,1.224839
6.470000,1,0.282143,0.911758,1.268291,-0.258150,-0.609065,1.226782
6.472000,1,0.283266,0.916549,1.280492,-0.257461,-0.613275,1.228794
6.474000,1,0.284364,0.921145,1.292888,-0.256778,-0.617489,1.230837
6.476000,1,0.285441,0.925491,1.305446,-0.256102,-0.621691,1.232870
6.478000,1,0.285441,0.925491,1.305446,-0.256102,-0.621691,1.232870
6.480000,1,0.287512,0.933430,1.330631,-0.254773,-0.630001,1.236802
6.482000,1,0.288507,0.937002,1.343187,-0.254118,-0.634077,1.238641
6.484000,1,0.289447,0.940306,1.355564,-0.253471,-0.638108,1.240401
6.486000,1,0.290330,0.943294,1.367762,-0.252833,-0.642089,1.242064
6.488000,1,0.291159,0.945983,1.379710,-0.252205,-0.646020,1.243632
6.490000,1,0.291936,0.948376,1.391424,-0.251585,-0.649886,1.245080
6.492000,1,0.292661,0.950445,1.402844,-0.250975,-0.653699,1.246420
6.494000,1,0.292661,0.950445,1.402844,-0.250975,-0.653699,1.246420
6.496000,1,0.293963,0.953563,1.424723,-0.249795,-0.661166,1.248763
6.498000,1,0.294545,0.954562,1.435234,-0.249224,-0.664811,1.249740
6.500000,1,0.295083,0.955200,1.445400,-0.248667,-0.668408,1.250606
6.502000,1,0.295579,0.955480,1.455248,-0.248123,-0.671949,1.251348
6.504000,1,0.296031,0.955392,1.464720,-0.247595,-0.675445,1.251982
6.506000,1,0.296440,0.954930,1.473804,-0.247083,-0.678897,1.252511
6.508000,1,0.296801,0.954107,1.482479,-0.246588,-0.682306,1.252937
6.510000,1,0.296801,0.954107,1.482479,-0.246588,-0.682306,1.252937
6.512000,1,0.297381,0.951319,1.498608,-0.245650,-0.689007,1.253486
6.514000,1,0.297602,0.949305,1.506104,-0.245209,-0.692300,1.253602
6.516000,1,0.297780,0.946938,1.513185,-0.244786,-0.695557,1.253627
6.518000,1,0.297919,0.944223,1.519882,-0.244383,-0.698776,1.253558
6.520000,1,0.298012,0.941103,1.526173,-0.244000,-0.701969,1.253404
6.522000,1,0.298065,0.937651,1.532036,-0.243637,-0.705132,1.253174
6.524000,1,0.298077,0.933878,1.537470,-0.243293,-0.708272,1.252877
6.526000,1,0.298050,0.929790,1.542479,-0.242970,-0.711391,1.252516
6.528000,1,0.298050,0.929790,1.542479,-0.242970,-0.711391,1.252516
6.530000,1,0.297872,0.920496,1.551217,-0.242392,-0.717584,1.251607
6.532000,1,0.297731,0.915284,1.554977,-0.242140,-0.720660,1.251059
6.534000,1,0.297560,0.909787,1.558327,-0.241910,-0.723719,1.250460
6.536000,1,0.297353,0.903966,1.561245,-0.241703,-0.726768,1.249814
6.538000,1,0.297111,0.897833,1.563735,-0.241522,-0.729809,1.249123
6.540000,1,0.296834,0.891401,1.565802,-0.241364,-0.732842,1.248391
6.542000,1,0.296526,0.884752,1.567473,-0.241230,-0.735864,1.247624
6.542000,1,0.296526,0.884752,1.567473,-0.241230,-0.735864,1.247624
6.546000,1,0.295824,0.870756,1.569674,-0.241037,-0.741905,1.246014
6.548000,1,0.295824,0.870756,1.569674,-0.241037,-0.741905,1.246014
6.550000,1,0.295013,0.855923,1.570431,-0.240949,-0.747950,1.244319
6.552000,1,0.294567,0.848197,1.570278,-0.240944,-0.750978,1.243444
6.554000,1,0.294094,0.840335,1.569778,-0.240964,-0.754010,1.242562
6.556000,1,0.293591,0.832373,1.568923,-0.241009,-0.757047,1.241675
6.558000,1,0.293067,0.824299,1.567724,-0.241081,-0.760093,1.240788
6.560000,1,0.292519,0.816146,1.566177,-0.241179,-0.763148,1.239904
6.562000,1,0.291949,0.807905,1.564297,-0.241304,-0.766217,1.239025
6.564000,1,0.291356,0.799587,1.562094,-0.241456,-0.769303,1.238159
6.566000,1,0.290739,0.791204,1.559572,-0.241635,-0.772406,1.237306
6.568000,1,0.290101,0.782760,1.556747,-0.241843,-0.775528,1.236468
6.570000,1,0.289437,0.774290,1.553611,-0.242077,-0.778675,1.235657
6.572000,1,0.288745,0.765816,1.550166,-0.242337,-0.781846,1.234875
6.574000,1,0.288027,0.757333,1.546424,-0.242623,-0.785043,1.234123
6.576000,1,0.287284,0.748844,1.542403,-0.242938,-0.788269,1.233400
6.578000,1,0.286512,0.740387,1.538097,-0.243278,-0.791521,1.232711
6.580000,1,0.285713,0.731963,1.533522,-0.243647,-0.794801,1.232055
6.582000,1,0.284886,0.723578,1.528681,-0.244042,-0.798111,1.231435
6.584000,1,0.284047,0.715279,1.523550,-0.244464,-0.801449,1.230852
6.586000,1,0.283201,0.707066,1.518142,-0.244915,-0.804817,1.230307
6.588000,1,0.282346,0.698965,1.512467,-0.245394,-0.808215,1.229803
6.590000,1,0.281482,0.690977,1.506541,-0.245901,-0.811644,1.229340
6.592000,1,0.280606,0.683118,1.500373,-0.246434,-0.815106,1.228920
6.592000,1,0.280606,0.683118,1.500373,-0.246434,-0.815106,1.228920
6.596000,1,0.278813,0.667822,1.487342,-0.247581,-0.822133,1.228217
6.598000,1,0.277893,0.660351,1.480457,-0.248195,-0.825706,1.227940
6.600000,1,0.276962,0.653019,1.473373,-0.248835,-0.829316,1.227713
6.602000,1,0.276020,0.645837,1.466100,-0.249501,-0.832964,1.227533
6.604000,1,0.275059,0.638839,1.458636,-0.250191,-0.836648,1.227400
6.606000,1,0.274085,0.632022,1.450997,-0.250907,-0.840368,1.227316
6.608000,1,0.273157,0.625481,1.443103,-0.251652,-0.844116,1.227274
6.610000,1,0.272286,0.619188,1.434975,-0.252427,-0.847895,1.227275
6.612000,1,0.271466,0.613141,1.426636,-0.253231,-0.851707,1.227320
6.614000,1,0.270691,0.607337,1.418106,-0.254062,-0.855554,1.227409
6.616000,1,0.269960,0.601773,1.409400,-0.254919,-0.859436,1.227543
6.618000,1,0.269257,0.596448,1.400538,-0.255800,-0.863357,1.227726
6.620000,1,0.268573,0.591359,1.391534,-0.256704,-0.867319,1.227960
6.622000,1,0.267901,0.586504,1.382400,-0.257629,-0.871320,1.228241
6.624000,1,0.267236,0.581861,1.373145,-0.258576,-0.875361,1.228568
6.626000,1,0.266543,0.577524,1.363740,-0.259541,-0.879435,1.228939
6.628000,1,0.265848,0.573382,1.354244,-0.260527,-0.883550,1.229353
6.630000,1,0.265146,0.569441,1.344681,-0.261532,-0.887706,1.229812
6.632000,1,0.264817,0.566015,1.334564,-0.262589,-0.891851,1.230266
6.634000,1,0.264735,0.563042,1.324031,-0.263683,-0.896003,1.230731
6.636000,1,0.264749,0.560435,1.313276,-0.264798,-0.900185,1.231228
6.638000,1,0.264861,0.558191,1.302318,-0.265934,-0.904397,1.231758
6.640000,1,0.264893,0.556125,1.291399,-0.267076,-0.908663,1.232337
6.642000,1,0.264755,0.554135,1.280607,-0.268217,-0.912996,1.232977
6.644000,1,0.264459,0.552217,1.269983,-0.269360,-0.917389,1.233674
6.646000,0,0.264459,0.552217,1.269983,-0.269360,-0.917389,1.233674
6.648000,0,0.264318,0.553770,1.260079,-0.271818,-0.926766,1.235429
6.650000,0,0.264364,0.556714,1.259515,-0.273102,-0.931689,1.236456
6.652000,0,0.264238,0.560100,1.259757,-0.274379,-0.936626,1.238067
6.654000,0,0.263972,0.563791,1.260566,-0.275650,-0.941536,1.240198
6.656000,0,0.263591,0.567702,1.261803,-0.276917,-0.946429,1.242871
6.658000,0,0.263115,0.571768,1.263353,-0.278192,-0.951308,1.246107
6.660000,0,0.262559,0.575908,1.265081,-0.279470,-0.956154,1.249929
6.662000,0,0.261954,0.580066,1.266906,-0.280775,-0.960833,1.255394
6.664000,0,0.261308,0.584205,1.268760,-0.282103,-0.965338,1.262426
6.666000,0,0.260627,0.588296,1.270590,-0.283453,-0.969660,1.270941
6.668000,0,0.259921,0.592351,1.272419,-0.284800,-0.973856,1.280560
6.670000,0,0.259195,0.596357,1.274216,-0.286137,-0.977921,1.291106
6.672000,0,0.258447,0.600275,1.275912,-0.287463,-0.981843,1.302524
6.674000,0,0.257682,0.604104,1.277501,-0.288761,-0.985618,1.314566
6.676000,0,0.256912,0.607874,1.279020,-0.290012,-0.989214,1.326925
6.678000,0,0.256138,0.611585,1.280456,-0.291210,-0.992604,1.339464
6.680000,0,0.255365,0.615233,1.281796,-0.292353,-0.995761,1.352087
6.682000,0,0.254592,0.618811,1.283033,-0.293419,-0.998724,1.364681
6.684000,0,0.253817,0.622297,1.284129,-0.294405,-1.001491,1.377242
6.686000,0,0.253045,0.625714,1.285109,-0.295311,-1.004026,1.389653
6.688000,0,0.252281,0.629064,1.285968,-0.296139,-1.006306,1.401865
6.690000,0,0.252281,0.629064,1.285968,-0.296139,-1.006306,1.401865
6.692000,0,0.250777,0.635565,1.287312,-0.297565,-1.010025,1.425562
6.694000,0,0.250037,0.638704,1.287774,-0.298169,-1.011450,1.437036
6.696000,0,0.249303,0.641753,1.288063,-0.298702,-1.012547,1.448319
6.698000,0,0.248582,0.644748,1.288235,-0.299168,-1.013316,1.459245
6.700000,0,0.247876,0.647693,1.288293,-0.299570,-1.013743,1.469803
6.702000,0,0.247182,0.650577,1.288220,-0.299908,-1.013831,1.480020
6.704000,0,0.246504,0.653406,1.288025,-0.300186,-1.013576,1.489861
6.706000,0,0.245840,0.656197,1.287731,-0.300406,-1.012956,1.499280
6.708000,0,0.245840,0.656197,1.287731,-0.300406,-1.012956,1.499280
6.710000,0,0.244560,0.661668,1.286854,-0.300661,-1.010633,1.516825
6.712000,0,0.243944,0.664341,1.286261,-0.300699,-1.008932,1.524975
6.714000,0,0.243346,0.666971,1.285555,-0.300678,-1.006826,1.532764
6.716000,0,0.242765,0.669571,1.284763,-0.300603,-1.004349,1.540128
6.718000,0,0.242204,0.672141,1.283889,-0.300472,-1.001514,1.547030
6.720000,0,0.241662,0.674679,1.282928,-0.300291,-0.998327,1.553500
6.722000,0,0.241141,0.677186,1.281884,-0.300061,-0.994794,1.559530
6.724000,0,0.240641,0.679671,1.280771,-0.299781,-0.990919,1.565092
6.726000,0,0.240641,0.679671,1.280771,-0.299781,-0.990919,1.565092
6.728000,0,0.239705,0.684580,1.278349,-0.299088,-0.982157,1.574881
6.730000,0,0.239271,0.687003,1.277041,-0.298679,-0.977280,1.579140
6.732000,0,0.238863,0.689410,1.275663,-0.298228,-0.972021,1.582998
6.734000,0,0.238478,0.691804,1.274238,-0.297745,-0.966451,1.586405
6.736000,0,0.238116,0.694186,1.272771,-0.297231,-0.960587,1.589357
6.738000,0,0.237779,0.696559,1.271262,-0.296690,-0.954437,1.591878
6.740000,0,0.237466,0.698925,1.269717,-0.296121,-0.948016,1.593954
6.742000,0,0.237177,0.701285,1.268141,-0.295526,-0.941346,1.595609
6.744000,0,0.236916,0.703641,1.266533,-0.294909,-0.934433,1.596864
6.746000,0,0.236683,0.705996,1.264895,-0.294265,-0.927229,1.597697
6.748000,0,0.236475,0.708351,1.263242,-0.293597,-0.919824,1.598115
6.750000,0,0.236291,0.710706,1.261578,-0.292906,-0.912243,1.598125
6.752000,0,0.236131,0.713065,1.259908,-0.292193,-0.904503,1.597732
6.754000,0,0.235998,0.715430,1.258233,-0.291460,-0.896608,1.596958
6.756000,0,0.235893,0.717805,1.256560,-0.290705,-0.888573,1.595811
6.758000,0,0.235815,0.720191,1.254889,-0.289947,-0.880380,1.594282
6.760000,0,0.235763,0.722588,1.253223,-0.289187,-0.872039,1.592376
6.762000,0,0.235740,0.725002,1.251565,-0.288420,-0.863509,1.590059
6.764000,0,0.235743,0.727428,1.249917,-0.287648,-0.854868,1.587383
6.766000,0,0.235771,0.729867,1.248281,-0.286870,-0.846141,1.584360
6.768000,0,0.235825,0.732321,1.246661,-0.286084,-0.837346,1.580999
6.770000,0,0.235907,0.734794,1.245063,-0.285292,-0.828486,1.577317
6.772000,0,0.236014,0.737287,1.243491,-0.284489,-0.819591,1.573313
6.774000,0,0.236146,0.739801,1.241949,-0.283674,-0.810677,1.568995
6.776000,0,0.236146,0.739801,1.241949,-0.283674,-0.810677,1.568995
6.778000,0,0.236486,0.744901,1.238962,-0.281992,-0.792810,1.559401
6.780000,0,0.236699,0.747492,1.237521,-0.281121,-0.783827,1.554105
6.782000,0,0.236936,0.750109,1.236118,-0.280233,-0.774890,1.548538
6.784000,0,0.237201,0.752752,1.234755,-0.279355,-0.766020,1.542688
6.786000,0,0.237493,0.755426,1.233438,-0.278491,-0.757214,1.536564
6.788000,0,0.237813,0.758132,1.232169,-0.277642,-0.748473,1.530182
6.790000,0,0.238159,0.760871,1.230950,-0.276796,-0.739835,1.523541
6.792000,0,0.238530,0.763645,1.229784,-0.275950,-0.731316,1.516649
6.794000,0,0.238530,0.763645,1.229784,-0.275950,-0.731316,1.516649
6.796000,0,0.239349,0.769299,1.227611,-0.274246,-0.714658,1.502157
6.798000,0,0.239798,0.772183,1.226607,-0.273393,-0.706506,1.494587
6.800000,0,0.240272,0.775106,1.225660,-0.272535,-0.698482,1.486807
6.802000,0,0.240770,0.778071,1.224775,-0.271662,-0.690623,1.478815
6.804000,0,0.241291,0.781079,1.223952,-0.270781,-0.682912,1.470627
6.806000,0,0.241837,0.784131,1.223192,-0.269892,-0.675346,1.462257
6.808000,0,0.242411,0.787219,1.222489,-0.269052,-0.668025,1.453607
6.810000,0,0.243014,0.790347,1.221844,-0.268258,-0.660960,1.444682
6.812000,0,0.243642,0.793514,1.221257,-0.267504,-0.654152,1.435507
6.814000,0,0.244296,0.796724,1.220730,-0.266780,-0.647600,1.426107
6.816000,0,0.244974,0.799977,1.220262,-0.266076,-0.641301,1.416504
6.818000,0,0.245675,0.803275,1.219853,-0.265386,-0.635253,1.406719
6.820000,0,0.246397,0.806621,1.219509,-0.264700,-0.629452,1.396769
6.822000,0,0.247140,0.810016,1.219228,-0.264011,-0.623894,1.386671
6.824000,0,0.247904,0.813458,1.219008,-0.263311,-0.618578,1.376436
6.826000,0,0.248687,0.816947,1.218848,-0.262601,-0.613499,1.366081
6.828000,0,0.249489,0.820482,1.218747,-0.261858,-0.608671,1.355605
6.830000,0,0.250309,0.824063,1.218701,-0.261075,-0.604089,1.345019
6.832000,0,0.251185,0.827662,1.218675,-0.260693,-0.599832,1.333875
6.834000,0,0.252100,0.831290,1.218679,-0.260575,-0.595883,1.322320
6.836000,0,0.253038,0.834960,1.218729,-0.260560,-0.592198,1.310547
6.838000,0,0.253987,0.838681,1.218832,-0.260528,-0.588733,1.298705
6.840000,0,0.254940,0.842458,1.218999,-0.260402,-0.585451,1.286897
6.842000,0,0.254940,0.842458,1.218999,-0.260402,-0.585451,1.286897
6.844000,0,0.256851,0.850192,1.219530,-0.259716,-0.579301,1.263616
6.846000,0,0.257811,0.854148,1.219895,-0.259141,-0.576405,1.252186
6.848000,0,0.258774,0.858159,1.220320,-0.258417,-0.573588,1.240914
6.850000,1,0.259750,0.862274,1.220800,-0.257840,-0.572670,1.233270
6.852000,1,0.260726,0.866469,1.221323,-0.257376,-0.573357,1.228651
6.854000,1,0.261712,0.870977,1.223028,-0.256857,-0.574861,1.225509
6.856000,1,0.262715,0.875773,1.225917,-0.256294,-0.577007,1.223543
6.858000,1,0.263758,0.880801,1.229865,-0.255697,-0.579677,1.222541
6.860000,1,0.264835,0.885999,1.234739,-0.255074,-0.582773,1.222321
6.862000,1,0.265965,0.891212,1.241168,-0.254449,-0.586189,1.222725
6.864000,1,0.267139,0.896422,1.249056,-0.253818,-0.589833,1.223590
6.866000,1,0.268346,0.901588,1.258098,-0.253188,-0.593669,1.224844
6.868000,1,0.269575,0.906684,1.268055,-0.252562,-0.597649,1.226401
6.870000,1,0.270814,0.911683,1.278720,-0.251941,-0.601734,1.228184
6.872000,1,0.272065,0.916576,1.290049,-0.251319,-0.605872,1.230104
6.874000,1,0.273314,0.921309,1.301754,-0.250703,-0.610059,1.232137
6.876000,1,0.274555,0.925850,1.313690,-0.250095,-0.614273,1.234237
6.878000,1,0.275788,0.930192,1.325843,-0.249490,-0.618475,1.236337
6.880000,1,0.277007,0.934286,1.338034,-0.248896,-0.622667,1.238427
6.882000,1,0.278209,0.938104,1.350179,-0.248313,-0.626837,1.240480
6.884000,1,0.279368,0.941664,1.362214,-0.247738,-0.630970,1.242470
6.886000,1,0.280480,0.944951,1.374092,-0.247173,-0.635057,1.244378
6.888000,1,0.281546,0.947950,1.385776,-0.246618,-0.639091,1.246187
6.890000,1,0.282566,0.950645,1.397238,-0.246073,-0.643066,1.247884
6.892000,1,0.283542,0.953025,1.408452,-0.245539,-0.646984,1.249465
6.894000,1,0.284477,0.955086,1.419379,-0.245017,-0.650840,1.250924
6.896000,1,0.285372,0.956831,1.430042,-0.244504,-0.654623,1.252240
6.898000,1,0.286229,0.958202,1.440475,-0.244002,-0.658336,1.253405
6.900000,1,0.287044,0.959214,1.450591,-0.243515,-0.661989,1.254439
6.902000,1,0.287817,0.959867,1.460364,-0.243041,-0.665583,1.255343
6.904000,1,0.288547,0.960156,1.469782,-0.242582,-0.669119,1.256118
6.906000,1,0.289237,0.960085,1.478871,-0.242138,-0.672591,1.256752
6.908000,1,0.289237,0.960085,1.478871,-0.242138,-0.672591,1.256752
6.910000,1,0.290478,0.958865,1.495966,-0.241294,-0.679374,1.257655
6.912000,1,0.291033,0.957728,1.503968,-0.240894,-0.682683,1.257921
6.914000,1,0.291033,0.957728,1.503968,-0.240894,-0.682683,1.257921
6.916000,1,0.291998,0.954353,1.518776,-0.240146,-0.689175,1.258132
6.918000,1,0.292412,0.952066,1.525614,-0.239800,-0.692359,1.258073
6.920000,1,0.292782,0.949424,1.532044,-0.239472,-0.695506,1.257920
6.922000,1,0.293104,0.946382,1.538056,-0.239164,-0.698622,1.257674
6.924000,1,0.293381,0.943006,1.543651,-0.238875,-0.701705,1.257344
6.926000,1,0.293615,0.939308,1.548828,-0.238606,-0.704757,1.256934
6.928000,1,0.293804,0.935308,1.553572,-0.238357,-0.707779,1.256447
6.930000,1,0.293953,0.931003,1.557907,-0.238129,-0.710776,1.255890
6.932000,1,0.294068,0.926394,1.561825,-0.237922,-0.713753,1.255271
6.934000,1,0.294151,0.921478,1.565346,-0.237736,-0.716714,1.254594
6.936000,1,0.294205,0.916261,1.568492,-0.237575,-0.719658,1.253857
6.938000,1,0.294226,0.910763,1.571231,-0.237435,-0.722588,1.253071
6.940000,1,0.294214,0.904999,1.573561,-0.237318,-0.725507,1.252239
6.942000,1,0.294168,0.898979,1.575489,-0.237224,-0.728416,1.251366
6.944000,1,0.294091,0.892706,1.577035,-0.237153,-0.731318,1.250456
6.946000,1,0.293983,0.886193,1.578224,-0.237107,-0.734215,1.249513
6.948000,1,0.293849,0.879445,1.579075,-0.237086,-0.737109,1.248538
6.950000,1,0.293685,0.872489,1.579568,-0.237089,-0.740005,1.247544
6.952000,1,0.293488,0.865352,1.579688,-0.237116,-0.742902,1.246534
6.954000,1,0.293259,0.858039,1.579449,-0.237168,-0.745805,1.245513
6.956000,1,0.293000,0.850552,1.578869,-0.237246,-0.748713,1.244480
6.958000,1,0.292711,0.842907,1.577951,-0.237350,-0.751629,1.243439
6.960000,1,0.292398,0.835116,1.576681,-0.237481,-0.754554,1.242396
6.962000,1,0.292060,0.827213,1.575052,-0.237637,-0.757489,1.241354
6.964000,1,0.291690,0.819166,1.573031,-0.237821,-0.760439,1.240316
6.966000,1,0.291291,0.810982,1.570638,-0.238034,-0.763404,1.239284
6.968000,1,0.290868,0.802723,1.567927,-0.238272,-0.766385,1.238264
6.970000,1,0.290417,0.794425,1.564904,-0.238535,-0.769380,1.237258
6.972000,1,0.289939,0.786088,1.561581,-0.238824,-0.772392,1.236270
6.974000,1,0.289434,0.777725,1.557966,-0.239138,-0.775425,1.235303
6.976000,1,0.288902,0.769349,1.554066,-0.239477,-0.778483,1.234367
6.978000,1,0.288343,0.760963,1.549896,-0.239843,-0.781568,1.233461
6.980000,1,0.287755,0.752592,1.545451,-0.240233,-0.784680,1.232589
6.982000,1,0.287151,0.744265,1.540719,-0.240651,-0.787819,1.231752
6.984000,1,0.286531,0.735997,1.535706,-0.241094,-0.790985,1.230952
6.986000,1,0.285897,0.727788,1.530428,-0.241566,-0.794180,1.230188
6.988000,1,0.285247,0.719650,1.524895,-0.242065,-0.797405,1.229463
6.990000,1,0.284577,0.711606,1.519110,-0.242590,-0.800660,1.228780
6.992000,1,0.283883,0.703682,1.513079,-0.243141,-0.803947,1.228142
6.994000,1,0.283166,0.695871,1.506814,-0.243717,-0.807267,1.227547
6.996000,1,0.282428,0.688174,1.500331,-0.244319,-0.810621,1.226997
6.998000,1,0.281666,0.680604,1.493633,-0.244948,-0.814010,1.226494
7.000000,1,0.280880,0.673172,1.486727,-0.245601,-0.817433,1.226038
7.002000,1,0.280070,0.665884,1.479621,-0.246279,-0.820896,1.225634
7.004000,1,0.279237,0.658750,1.472324,-0.246982,-0.824397,1.225284
7.006000,1,0.278380,0.651775,1.464842,-0.247708,-0.827937,1.224986
7.008000,1,0.277553,0.645019,1.457116,-0.248464,-0.831510,1.224736
7.010000,1,0.276758,0.638481,1.449164,-0.249248,-0.835116,1.224533
7.012000,1,0.275979,0.632209,1.440982,-0.250058,-0.838753,1.224378
7.014000,1,0.275221,0.626166,1.432601,-0.250894,-0.842425,1.224270
7.016000,1,0.274481,0.620350,1.424042,-0.251757,-0.846134,1.224209
7.018000,1,0.273760,0.614757,1.415320,-0.252644,-0.849880,1.224197
7.020000,1,0.273028,0.609439,1.406429,-0.253555,-0.853659,1.224233
7.022000,1,0.272298,0.604340,1.397405,-0.254488,-0.857478,1.224315
7.024000,1,0.271568,0.599452,1.388265,-0.255444,-0.861339,1.224451
7.026000,1,0.270830,0.594794,1.379020,-0.256420,-0.865241,1.224639
7.028000,1,0.270085,0.590363,1.369683,-0.257417,-0.869184,1.224879
7.030000,1,0.269331,0.586142,1.360258,-0.258435,-0.873167,1.225168
7.032000,1,0.268559,0.582146,1.350754,-0.259472,-0.877189,1.225505
7.034000,1,0.268070,0.578622,1.340766,-0.260554,-0.881210,1.225852
7.036000,1,0.267670,0.575476,1.330448,-0.261662,-0.885252,1.226228
7.038000,1,0.267324,0.572664,1.319935,-0.262791,-0.889324,1.226636
7.040000,1,0.267034,0.570185,1.309243,-0.263942,-0.893425,1.227078
7.042000,1,0.266666,0.567922,1.298580,-0.265101,-0.897573,1.227566
7.044000,1,0.266229,0.565688,1.288104,-0.266269,-0.901785,1.228113
7.046000,1,0.265654,0.563583,1.277735,-0.267441,-0.906049,1.228710
7.048000,1,0.264936,0.561562,1.267455,-0.268619,-0.910368,1.229363
7.050000,0,0.264374,0.561426,1.260910,-0.269861,-0.914883,1.230139
7.052000,0,0.263936,0.562895,1.257497,-0.271150,-0.919559,1.231019
7.054000,0,0.263405,0.565069,1.255389,-0.272421,-0.924363,1.232661
7.056000,0,0.262799,0.567772,1.254285,-0.273673,-0.929246,1.234998
7.058000,0,0.262133,0.570892,1.253992,-0.274917,-0.934214,1.238063
7.060000,0,0.261415,0.574331,1.254333,-0.276163,-0.939249,1.241853
7.062000,0,0.260651,0.577986,1.255132,-0.277406,-0.944329,1.246381
7.064000,0,0.259873,0.581812,1.256312,-0.278658,-0.949298,1.252457
7.066000,0,0.259082,0.585754,1.257772,-0.279916,-0.954135,1.259967
7.068000,0,0.258282,0.589769,1.259438,-0.281168,-0.958851,1.268688
7.070000,0,0.257475,0.593826,1.261247,-0.282404,-0.963447,1.278401
7.072000,0,0.256661,0.597896,1.263148,-0.283614,-0.967915,1.288906
7.074000,0,0.255839,0.601935,1.265055,-0.284796,-0.972242,1.300153
7.076000,0,0.255016,0.605953,1.266977,-0.285939,-0.976401,1.311862
7.078000,0,0.254194,0.609941,1.268884,-0.287038,-0.980370,1.323883
7.080000,0,0.253375,0.613888,1.270750,-0.288090,-0.984127,1.336105
7.082000,0,0.252558,0.617781,1.272555,-0.289069,-0.987698,1.348413
7.084000,0,0.251743,0.621615,1.274279,-0.289973,-0.991069,1.360727
7.086000,0,0.250928,0.625366,1.275885,-0.290801,-0.994236,1.373043
7.088000,0,0.250118,0.629053,1.277388,-0.291556,-0.997160,1.385251
7.090000,0,0.249316,0.632675,1.278780,-0.292239,-0.999820,1.397301
7.092000,0,0.248521,0.636231,1.280052,-0.292852,-1.002195,1.409158
7.094000,0,0.248521,0.636231,1.280052,-0.292852,-1.002195,1.409158
7.096000,0,0.246961,0.643142,1.282217,-0.293875,-1.006036,1.432172
7.098000,0,0.246193,0.646482,1.283078,-0.294287,-1.007448,1.443355
7.100000,0,0.245432,0.649731,1.283764,-0.294636,-1.008512,1.454359
7.102000,0,0.244685,0.652921,1.284327,-0.294924,-1.009240,1.465011
7.104000,0,0.243951,0.656061,1.284779,-0.295155,-1.009628,1.475281
7.106000,0,0.243230,0.659153,1.285120,-0.295331,-1.009668,1.485163
7.108000,0,0.242521,0.662195,1.285350,-0.295443,-1.009363,1.494675
7.110000,0,0.241825,0.665189,1.285469,-0.295491,-1.008709,1.503812
7.112000,0,0.241143,0.668137,1.285480,-0.295477,-1.007704,1.512564
7.114000,0,0.240475,0.671034,1.285373,-0.295403,-1.006351,1.520958
7.116000,0,0.239823,0.673890,1.285166,-0.295271,-1.004641,1.528954
7.118000,0,0.239187,0.676709,1.284862,-0.295083,-1.002574,1.536540
7.120000,0,0.238569,0.679492,1.284466,-0.294840,-1.000157,1.543687
7.122000,0,0.237969,0.682236,1.283972,-0.294546,-0.997395,1.550425
7.124000,0,0.237389,0.684950,1.283393,-0.294201,-0.994284,1.556746
7.126000,0,0.237389,0.684950,1.283393,-0.294201,-0.994284,1.556746
7.128000,0,0.236285,0.690297,1.282005,-0.293367,-0.987033,1.568121
7.130000,0,0.235765,0.692937,1.281197,-0.292878,-0.982846,1.573195
7.132000,0,0.235265,0.695556,1.280325,-0.292350,-0.978324,1.577841
7.134000,0,0.234788,0.698154,1.279387,-0.291789,-0.973473,1.582087
7.136000,0,0.234335,0.700733,1.278385,-0.291194,-0.968304,1.585927
7.138000,0,0.233903,0.703298,1.277333,-0.290566,-0.962839,1.589329
7.140000,0,0.233903,0.703298,1.277333,-0.290566,-0.962839,1.589329
7.142000,0,0.233108,0.708390,1.275092,-0.289214,-0.951073,1.594815
7.144000,0,0.232746,0.710921,1.273909,-0.288495,-0.944790,1.596930
7.146000,0,0.232407,0.713447,1.272694,-0.287749,-0.938264,1.598626
7.148000,0,0.232092,0.715970,1.271454,-0.286978,-0.931513,1.599925
7.150000,0,0.231801,0.718493,1.270192,-0.286183,-0.924552,1.600830
7.152000,0,0.231536,0.721016,1.268908,-0.285367,-0.917384,1.601364
7.154000,0,0.231295,0.723543,1.267613,-0.284527,-0.910029,1.601514
7.156000,0,0.231078,0.726077,1.266310,-0.283664,-0.902510,1.601279
7.158000,0,0.230890,0.728623,1.265001,-0.282790,-0.894736,1.600633
7.160000,0,0.230730,0.731183,1.263688,-0.281907,-0.886723,1.599581
7.162000,0,0.230595,0.733752,1.262372,-0.281021,-0.878556,1.598167
7.164000,0,0.230487,0.736329,1.261058,-0.280131,-0.870260,1.596398
7.166000,0,0.230403,0.738917,1.259747,-0.279238,-0.861843,1.594283
7.168000,0,0.230345,0.741518,1.258445,-0.278338,-0.853331,1.591823
7.170000,0,0.230312,0.744131,1.257154,-0.277431,-0.844742,1.589017
7.172000,0,0.230304,0.746764,1.255881,-0.276516,-0.836079,1.585884
7.174000,0,0.230322,0.749419,1.254632,-0.275586,-0.827318,1.582388
7.176000,0,0.230366,0.752098,1.253407,-0.274640,-0.818476,1.578537
7.178000,0,0.230435,0.754797,1.252208,-0.273684,-0.809624,1.574386
7.180000,0,0.230532,0.757519,1.251037,-0.272736,-0.800757,1.569869
7.182000,0,0.230658,0.760265,1.249898,-0.271794,-0.791904,1.564990
7.184000,0,0.230809,0.763033,1.248790,-0.270863,-0.783125,1.559817
7.186000,0,0.230987,0.765828,1.247719,-0.269934,-0.774398,1.554318
7.188000,0,0.231191,0.768655,1.246691,-0.269010,-0.765718,1.548511
7.190000,0,0.231421,0.771513,1.245706,-0.268094,-0.757134,1.542461
7.190000,0,0.231421,0.771513,1.245706,-0.268094,-0.757134,1.542461
7.192000,0,0.231675,0.774403,1.244767,-0.267183,-0.748658,1.536181
7.196000,0,0.232261,0.780289,1.243032,-0.265345,-0.732014,1.522797
7.198000,0,0.232261,0.780289,1.243032,-0.265345,-0.732014,1.522797
7.200000,0,0.232952,0.786320,1.241496,-0.263490,-0.715840,1.508445
7.202000,0,0.233334,0.789392,1.240805,-0.262552,-0.707959,1.500939
7.204000,0,0.233741,0.792506,1.240171,-0.261605,-0.700219,1.493200
7.206000,0,0.234171,0.795661,1.239594,-0.260652,-0.692649,1.485291
7.208000,0,0.234623,0.798857,1.239072,-0.259694,-0.685248,1.477225
7.210000,0,0.235105,0.802094,1.238603,-0.258814,-0.678010,1.468945
7.212000,0,0.235615,0.805370,1.238185,-0.258006,-0.670955,1.460439
7.214000,0,0.236152,0.808688,1.237821,-0.257271,-0.664055,1.451733
7.216000,0,0.236716,0.812049,1.237511,-0.256606,-0.657310,1.442837
7.218000,0,0.237305,0.815451,1.237254,-0.255987,-0.650752,1.433693
7.220000,0,0.237917,0.818895,1.237049,-0.255403,-0.644378,1.424383
7.222000,0,0.238549,0.822385,1.236902,-0.254845,-0.638193,1.414925
7.224000,0,0.239200,0.825919,1.236811,-0.254305,-0.632187,1.405328
7.226000,0,0.239200,0.825919,1.236811,-0.254305,-0.632187,1.405328
7.228000,0,0.239870,0.829498,1.236774,-0.253774,-0.626366,1.395595
7.230000,0,0.241265,0.836788,1.236859,-0.252691,-0.615345,1.375691
7.232000,0,0.241987,0.840491,1.236975,-0.252093,-0.610237,1.365423
7.234000,0,0.242755,0.844191,1.237083,-0.251783,-0.605710,1.354440
7.236000,0,0.243557,0.847906,1.237201,-0.251663,-0.601693,1.342922
7.238000,0,0.244390,0.851641,1.237332,-0.251732,-0.598182,1.330901
7.240000,0,0.245242,0.855413,1.237496,-0.251868,-0.595087,1.318620
7.242000,0,0.246107,0.859245,1.237719,-0.252021,-0.592203,1.306350
7.244000,0,0.246971,0.863152,1.238016,-0.252052,-0.589399,1.294323
7.246000,0,0.247837,0.867127,1.238383,-0.251962,-0.586673,1.282537
7.248000,0,0.248702,0.871159,1.238810,-0.251672,-0.584114,1.270931
7.250000,0,0.249618,0.875345,1.239352,-0.251434,-0.583123,1.262668
7.252000,1,0.250571,0.879661,1.239989,-0.251201,-0.583682,1.257384
7.254000,1,0.251552,0.884088,1.240712,-0.250952,-0.585558,1.254583
7.256000,1,0.252518,0.888573,1.241467,-0.250716,-0.588550,1.253865
7.258000,1,0.253527,0.893270,1.243256,-0.250387,-0.591935,1.253886
7.260000,1,0.254587,0.898160,1.246073,-0.249981,-0.595605,1.254452
7.262000,1,0.255692,0.903224,1.249890,-0.249511,-0.599473,1.255413
7.264000,1,0.256843,0.908437,1.254666,-0.248990,-0.603485,1.256669
7.266000,1,0.258060,0.913638,1.261052,-0.248447,-0.607603,1.258171
7.268000,1,0.259335,0.918793,1.268896,-0.247888,-0.611790,1.259846
7.270000,1,0.260653,0.923887,1.277947,-0.247319,-0.616017,1.261642
7.272000,1,0.262011,0.928906,1.288134,-0.246736,-0.620238,1.263476
7.274000,1,0.263384,0.933815,1.299062,-0.246151,-0.624461,1.265350
7.276000,1,0.263384,0.933815,1.299062,-0.246151,-0.624461,1.265350
7.278000,1,0.266132,0.943181,1.322345,-0.244986,-0.632858,1.269103
7.280000,1,0.267500,0.947600,1.334523,-0.244406,-0.636992,1.270901
7.282000,1,0.268855,0.951787,1.346830,-0.243835,-0.641085,1.272640
7.284000,1,0.270178,0.955735,1.359156,-0.243272,-0.645132,1.274303
7.286000,1,0.271470,0.959444,1.371501,-0.242714,-0.649109,1.275853
7.288000,1,0.272726,0.962870,1.383732,-0.242168,-0.653031,1.277304
7.290000,1,0.273946,0.966006,1.395773,-0.241634,-0.656900,1.278654
7.292000,1,0.275132,0.968823,1.407604,-0.241112,-0.660714,1.279894
7.294000,1,0.276283,0.971325,1.419241,-0.240601,-0.664457,1.281000
7.296000,1,0.277400,0.973478,1.430611,-0.240104,-0.668143,1.281985
7.298000,1,0.278483,0.975272,1.441683,-0.239621,-0.671774,1.282854
7.300000,1,0.279533,0.976698,1.452438,-0.239153,-0.675352,1.283604
7.302000,1,0.280550,0.977750,1.462861,-0.238700,-0.678877,1.284236
7.304000,1,0.281537,0.978433,1.472980,-0.238263,-0.682339,1.284733
7.306000,1,0.282491,0.978739,1.482720,-0.237842,-0.685752,1.285115
7.308000,1,0.283401,0.978664,1.492088,-0.237437,-0.689115,1.285382
7.310000,1,0.284266,0.978207,1.501078,-0.237049,-0.692431,1.285537
7.312000,1,0.285086,0.977366,1.509683,-0.236679,-0.695702,1.285581
7.314000,1,0.285864,0.976146,1.517932,-0.236326,-0.698922,1.285507
7.316000,1,0.286598,0.974542,1.525780,-0.235993,-0.702101,1.285331
7.318000,1,0.287288,0.972558,1.533219,-0.235678,-0.705246,1.285062
7.320000,1,0.287937,0.970197,1.540243,-0.235383,-0.708357,1.284705
7.322000,1,0.288544,0.967405,1.546854,-0.235110,-0.711441,1.284259
7.324000,1,0.289108,0.964197,1.553027,-0.234858,-0.714498,1.283729
7.326000,1,0.289632,0.960637,1.558777,-0.234628,-0.717526,1.283120
7.328000,1,0.290114,0.956739,1.564105,-0.234418,-0.720526,1.282438
7.330000,1,0.290555,0.952512,1.569010,-0.234231,-0.723500,1.281685
7.332000,1,0.290959,0.947960,1.573517,-0.234067,-0.726448,1.280860
7.334000,1,0.291327,0.943097,1.577587,-0.233927,-0.729376,1.279973
7.336000,1,0.291661,0.937921,1.581235,-0.233811,-0.732286,1.279029
7.338000,1,0.291962,0.932454,1.584449,-0.233719,-0.735180,1.278033
7.340000,1,0.292230,0.926697,1.587249,-0.233651,-0.738064,1.276995
7.342000,1,0.292469,0.920655,1.589658,-0.233609,-0.740939,1.275912
7.344000,1,0.292677,0.914352,1.591665,-0.233592,-0.743804,1.274789
7.346000,1,0.292854,0.907801,1.593274,-0.233600,-0.746664,1.273636
7.348000,1,0.293000,0.901019,1.594502,-0.233633,-0.749521,1.272455
7.350000,1,0.293116,0.894019,1.595356,-0.233691,-0.752377,1.271251
7.352000,1,0.293204,0.886806,1.595853,-0.233777,-0.755232,1.270024
7.354000,1,0.293261,0.879408,1.595979,-0.233889,-0.758089,1.268781
7.356000,1,0.293288,0.871827,1.595751,-0.234027,-0.760952,1.267528
7.358000,1,0.293298,0.864060,1.595154,-0.234193,-0.763824,1.266271
7.360000,1,0.293289,0.856121,1.594190,-0.234385,-0.766708,1.265013
7.362000,1,0.293259,0.848027,1.592865,-0.234604,-0.769602,1.263756
7.364000,1,0.293212,0.839782,1.591195,-0.234853,-0.772509,1.262500
7.366000,1,0.293140,0.831416,1.589174,-0.235127,-0.775429,1.261251
7.368000,1,0.293042,0.822950,1.586808,-0.235428,-0.778363,1.260011
7.370000,1,0.292915,0.814399,1.584104,-0.235756,-0.781312,1.258784
7.372000,1,0.292756,0.805798,1.581064,-0.236109,-0.784277,1.257573
7.374000,1,0.292567,0.797150,1.577704,-0.236490,-0.787259,1.256380
7.376000,1,0.292346,0.788464,1.574034,-0.236897,-0.790262,1.255209
7.378000,1,0.292091,0.779758,1.570063,-0.237330,-0.793286,1.254063
7.380000,1,0.291799,0.771063,1.565794,-0.237789,-0.796332,1.252943
7.382000,1,0.291472,0.762383,1.561244,-0.238276,-0.799404,1.251859
7.384000,1,0.291124,0.753744,1.556405,-0.238790,-0.802504,1.250809
7.386000,1,0.290759,0.745160,1.551278,-0.239331,-0.805632,1.249799
7.388000,1,0.290374,0.736641,1.545878,-0.239898,-0.808789,1.248828
7.390000,1,0.289963,0.728216,1.540212,-0.240492,-0.811976,1.247898
7.392000,1,0.289528,0.719880,1.534295,-0.241113,-0.815194,1.247011
7.394000,1,0.289071,0.711633,1.528144,-0.241761,-0.818444,1.246167
7.396000,1,0.288587,0.703492,1.521764,-0.242435,-0.821728,1.245369
7.398000,1,0.288074,0.695470,1.515163,-0.243134,-0.825047,1.244617
7.400000,1,0.287531,0.687575,1.508351,-0.243860,-0.828400,1.243913
7.402000,1,0.286960,0.679808,1.501342,-0.244612,-0.831788,1.243256
7.404000,1,0.286351,0.672193,1.494132,-0.245389,-0.835212,1.242647
7.406000,1,0.285700,0.664761,1.486729,-0.246189,-0.838673,1.242093
7.408000,1,0.285070,0.657528,1.479087,-0.247019,-0.842168,1.241588
7.410000,1,0.284458,0.650520,1.471217,-0.247876,-0.845697,1.241133
7.412000,1,0.283866,0.643736,1.463136,-0.248762,-0.849261,1.240728
7.414000,1,0.283283,0.637168,1.454862,-0.249673,-0.852862,1.240374
7.416000,1,0.282702,0.630835,1.446411,-0.250610,-0.856500,1.240071
7.418000,1,0.282114,0.624741,1.437800,-0.251571,-0.860175,1.239819
7.420000,1,0.281522,0.618885,1.429043,-0.252556,-0.863888,1.239618
7.422000,1,0.280914,0.613269,1.420151,-0.253565,-0.867639,1.239467
7.424000,1,0.280284,0.607895,1.411135,-0.254597,-0.871428,1.239366
7.426000,1,0.279628,0.602761,1.402006,-0.255651,-0.875255,1.239314
7.428000,1,0.278943,0.597870,1.392773,-0.256725,-0.879124,1.239315
7.430000,1,0.278466,0.593383,1.383133,-0.257843,-0.883007,1.239346
7.432000,1,0.278203,0.589299,1.373159,-0.258998,-0.886908,1.239407
7.434000,1,0.278059,0.585697,1.362877,-0.260182,-0.890827,1.239500
7.436000,1,0.277946,0.582369,1.352450,-0.261387,-0.894789,1.239641
7.438000,1,0.277848,0.579274,1.341985,-0.262610,-0.898796,1.239831
7.440000,1,0.277685,0.576393,1.331546,-0.263844,-0.902853,1.240073
7.442000,1,0.277460,0.573723,1.321140,-0.265091,-0.906959,1.240369
7.444000,1,0.277084,0.571202,1.310823,-0.266343,-0.911119,1.240721
7.446000,1,0.276488,0.568923,1.300536,-0.267598,-0.915323,1.241122
7.448000,1,0.275692,0.566838,1.290308,-0.268857,-0.919571,1.241568
7.450000,1,0.274778,0.564783,1.280257,-0.270128,-0.923874,1.242064
7.452000,0,0.274056,0.564568,1.273829,-0.271464,-0.928385,1.242688
7.454000,0,0.273494,0.565968,1.270501,-0.272848,-0.933072,1.243424
7.456000,0,0.272846,0.568074,1.268406,-0.274203,-0.937874,1.244895
7.458000,0,0.272127,0.570708,1.267251,-0.275529,-0.942734,1.247012
7.460000,0,0.271350,0.573758,1.266846,-0.276825,-0.947615,1.249689
7.462000,0,0.270522,0.577104,1.266994,-0.278086,-0.952495,1.252915
7.464000,0,0.269652,0.580669,1.267565,-0.279318,-0.957367,1.256725
7.466000,0,0.268770,0.584398,1.268484,-0.280552,-0.962093,1.262158
7.468000,0,0.267876,0.588235,1.269655,-0.281786,-0.966661,1.269123
7.470000,0,0.266972,0.592139,1.271008,-0.283012,-0.971091,1.277392
7.472000,0,0.266055,0.596049,1.272439,-0.284223,-0.975366,1.286888
7.474000,0,0.265133,0.599970,1.273953,-0.285405,-0.979513,1.297247
7.476000,0,0.264207,0.603887,1.275516,-0.286548,-0.983529,1.308265
7.478000,0,0.263279,0.607784,1.277096,-0.287646,-0.987396,1.319779
7.480000,0,0.262352,0.611650,1.278662,-0.288695,-0.991090,1.331656
7.482000,0,0.261422,0.615450,1.280154,-0.289695,-0.994604,1.343872
7.484000,0,0.260488,0.619173,1.281551,-0.290625,-0.997928,1.356343
7.486000,0,0.259558,0.622845,1.282883,-0.291478,-1.001059,1.368831
7.488000,0,0.258633,0.626464,1.284142,-0.292252,-1.003977,1.381250
7.490000,0,0.257716,0.630027,1.285312,-0.292950,-1.006661,1.393548
7.492000,0,0.256807,0.633531,1.286377,-0.293572,-1.009051,1.405724
7.494000,0,0.255902,0.636954,1.287303,-0.294119,-1.011148,1.417786
7.496000,0,0.255009,0.640316,1.288119,-0.294596,-1.012958,1.429607
7.498000,0,0.254126,0.643622,1.288828,-0.295004,-1.014469,1.441149
7.500000,0,0.253255,0.646870,1.289426,-0.295347,-1.015666,1.452389
7.502000,0,0.252397,0.650064,1.289904,-0.295624,-1.016492,1.463344
7.504000,0,0.251551,0.653207,1.290266,-0.295841,-1.016938,1.473974
7.506000,0,0.250719,0.656298,1.290518,-0.296002,-1.017045,1.484256
7.508000,0,0.249897,0.659336,1.290661,-0.296093,-1.016831,1.494171
7.510000,0,0.249088,0.662326,1.290700,-0.296115,-1.016293,1.503708
7.512000,0,0.248291,0.665260,1.290623,-0.296071,-1.015434,1.512891
7.514000,0,0.247509,0.668150,1.290446,-0.295963,-1.014236,1.521681
7.516000,0,0.246742,0.671002,1.290174,-0.295793,-1.012693,1.530066
7.518000,0,0.245993,0.673815,1.289810,-0.295565,-1.010806,1.538017
7.520000,0,0.245261,0.676593,1.289355,-0.295279,-1.008570,1.545555
7.522000,0,0.244547,0.679338,1.288813,-0.294938,-1.005987,1.552676
7.524000,0,0.243852,0.682046,1.288179,-0.294547,-1.003062,1.559408
7.526000,0,0.243177,0.684719,1.287455,-0.294106,-0.999793,1.565748
7.528000,0,0.242522,0.687367,1.286658,-0.293616,-0.996184,1.571655
7.530000,0,0.241889,0.689990,1.285791,-0.293080,-0.992244,1.577100
7.532000,0,0.241278,0.692593,1.284857,-0.292503,-0.987953,1.582112
7.534000,0,0.240690,0.695174,1.283852,-0.291891,-0.983316,1.586718
7.536000,0,0.240127,0.697734,1.282781,-0.291244,-0.978340,1.590921
7.538000,0,0.239586,0.700281,1.281660,-0.290565,-0.973043,1.594685
7.540000,0,0.239067,0.702814,1.280491,-0.289853,-0.967438,1.598007
7.542000,0,0.238572,0.705336,1.279279,-0.289110,-0.961532,1.600891
7.544000,0,0.238102,0.707847,1.278022,-0.288340,-0.955333,1.603363
7.546000,0,0.237659,0.710354,1.276722,-0.287535,-0.948796,1.605388
7.548000,0,0.237241,0.712854,1.275390,-0.286704,-0.942006,1.607008
7.550000,0,0.236849,0.715348,1.274024,-0.285852,-0.934968,1.608244
7.552000,0,0.236481,0.717839,1.272639,-0.284978,-0.927724,1.609063
7.554000,0,0.236138,0.720330,1.271239,-0.284082,-0.920283,1.609484
7.556000,0,0.235822,0.722827,1.269825,-0.283172,-0.912578,1.609463
7.558000,0,0.235537,0.725334,1.268400,-0.282251,-0.904616,1.609025
7.560000,0,0.235277,0.727845,1.266970,-0.281328,-0.896491,1.608195
7.562000,0,0.235042,0.730361,1.265538,-0.280400,-0.888229,1.606984
7.564000,0,0.234833,0.732886,1.264108,-0.279467,-0.879835,1.605413
7.566000,0,0.234651,0.735420,1.262680,-0.278532,-0.871312,1.603503
7.568000,0,0.234495,0.737965,1.261260,-0.277590,-0.862697,1.601232
7.570000,0,0.234365,0.740521,1.259851,-0.276639,-0.854009,1.598607
7.572000,0,0.234261,0.743093,1.258458,-0.275679,-0.845250,1.595650
7.574000,0,0.234184,0.745682,1.257080,-0.274712,-0.836421,1.592376
7.576000,0,0.234132,0.748290,1.255729,-0.273734,-0.827564,1.588773
7.578000,0,0.234105,0.750921,1.254406,-0.272746,-0.818681,1.584858
7.580000,0,0.234103,0.753576,1.253115,-0.271746,-0.809785,1.580640
7.582000,0,0.234128,0.756254,1.251857,-0.270759,-0.800920,1.576089
7.584000,0,0.234181,0.758958,1.250635,-0.269787,-0.792086,1.571222
7.586000,0,0.234261,0.761689,1.249451,-0.268829,-0.783295,1.566052
7.588000,0,0.234370,0.764451,1.248308,-0.267876,-0.774523,1.560542
7.590000,0,0.234506,0.767245,1.247208,-0.266926,-0.765797,1.554695
7.592000,0,0.234668,0.770071,1.246156,-0.265984,-0.757157,1.548588
7.594000,0,0.234856,0.772933,1.245153,-0.265041,-0.748598,1.542179
7.596000,0,0.235071,0.775830,1.244201,-0.264100,-0.740120,1.535486
7.598000,0,0.235314,0.778764,1.243300,-0.263157,-0.731737,1.528518
7.600000,0,0.235581,0.781734,1.242450,-0.262216,-0.723486,1.521343
7.602000,0,0.235871,0.784739,1.241653,-0.261274,-0.715393,1.513968
7.604000,0,0.236186,0.787781,1.240908,-0.260331,-0.707456,1.506406
7.606000,0,0.236524,0.790862,1.240218,-0.259386,-0.699673,1.498654
7.608000,0,0.236891,0.793985,1.239585,-0.258499,-0.692046,1.490667
7.610000,0,0.237286,0.797148,1.239009,-0.257673,-0.684584,1.482447
7.612000,0,0.237709,0.800354,1.238489,-0.256906,-0.677284,1.474007
7.614000,0,0.238156,0.803602,1.238027,-0.256181,-0.670176,1.465353
7.616000,0,0.238628,0.806893,1.237624,-0.255488,-0.663237,1.456445
7.618000,0,0.239125,0.810229,1.237278,-0.254828,-0.656465,1.447299
7.620000,0,0.239645,0.813607,1.236989,-0.254194,-0.649892,1.437982
7.622000,0,0.240186,0.817028,1.236756,-0.253577,-0.643512,1.428515
7.624000,0,0.240748,0.820493,1.236578,-0.252960,-0.637336,1.418848
7.626000,0,0.241331,0.824003,1.236458,-0.252339,-0.631356,1.408990
7.628000,0,0.241934,0.827559,1.236397,-0.251717,-0.625570,1.398958
7.630000,0,0.242554,0.831160,1.236389,-0.251085,-0.620006,1.388820
7.632000,0,0.243218,0.834783,1.236409,-0.250716,-0.614759,1.378221
7.634000,0,0.243922,0.838434,1.236460,-0.250609,-0.609826,1.367180
7.636000,0,0.244655,0.842117,1.236544,-0.250699,-0.605195,1.355841
7.638000,0,0.245405,0.845841,1.236670,-0.250855,-0.600840,1.344329
7.640000,0,0.246173,0.849605,1.236838,-0.251077,-0.596758,1.332659
7.642000,0,0.246944,0.853421,1.237061,-0.251194,-0.592923,1.320988
7.644000,0,0.247713,0.857294,1.237345,-0.251131,-0.589286,1.309360
7.646000,0,0.248483,0.861223,1.237689,-0.250899,-0.585838,1.297825
7.648000,0,0.249256,0.865209,1.238095,-0.250496,-0.582533,1.286375
7.650000,0,0.250033,0.869248,1.238555,-0.249944,-0.579367,1.275043
7.652000,1,0.250816,0.873338,1.239067,-0.249264,-0.576322,1.263827
7.654000,1,0.251659,0.877577,1.239683,-0.248715,-0.575189,1.256162
7.656000,1,0.252570,0.881666,1.240004,-0.248244,-0.575501,1.250519
7.658000,1,0.253528,0.886044,1.241443,-0.247732,-0.576652,1.246404
7.660000,1,0.254541,0.890731,1.244133,-0.247183,-0.578479,1.243553
7.662000,1,0.254541,0.890731,1.244133,-0.247183,-0.578479,1.243553
7.664000,1,0.256693,0.900819,1.252775,-0.246016,-0.583686,1.240813
7.666000,1,0.257855,0.906081,1.259310,-0.245423,-0.586840,1.240551
7.668000,1,0.259061,0.911364,1.267185,-0.244833,-0.590266,1.240850
7.670000,1,0.260294,0.916642,1.276133,-0.244250,-0.593904,1.241598
7.672000,1,0.260294,0.916642,1.276133,-0.244250,-0.593904,1.241598
7.674000,1,0.262799,0.927071,1.296412,-0.243108,-0.601619,1.244070
7.676000,1,0.264067,0.932171,1.307560,-0.242546,-0.605594,1.245605
7.678000,1,0.265323,0.937154,1.319018,-0.241997,-0.609624,1.247283
7.680000,1,0.265323,0.937154,1.319018,-0.241997,-0.609624,1.247283
7.682000,1,0.267775,0.946646,1.342345,-0.240939,-0.617757,1.250878
7.684000,1,0.268966,0.951087,1.354153,-0.240427,-0.621804,1.252681
7.686000,1,0.270146,0.955305,1.366112,-0.239921,-0.625803,1.254422
7.688000,1,0.271299,0.959255,1.377946,-0.239432,-0.629771,1.256117
7.690000,1,0.272425,0.962904,1.389599,-0.238959,-0.633701,1.257744
7.692000,1,0.273522,0.966254,1.401087,-0.238500,-0.637570,1.259268
7.694000,1,0.274593,0.969288,1.412377,-0.238054,-0.641375,1.260674
7.696000,1,0.275637,0.971981,1.423395,-0.237625,-0.645127,1.261978
7.698000,1,0.275637,0.971981,1.423395,-0.237625,-0.645127,1.261978
7.700000,1,0.277653,0.976305,1.444532,-0.236811,-0.652473,1.264261
7.702000,1,0.278626,0.977931,1.454660,-0.236425,-0.656050,1.265212
7.704000,1,0.279576,0.979185,1.464458,-0.236055,-0.659570,1.266041
7.706000,1,0.280499,0.980060,1.473914,-0.235701,-0.663034,1.266746
7.708000,1,0.281391,0.980520,1.483035,-0.235364,-0.666442,1.267322
7.710000,1,0.282245,0.980613,1.491793,-0.235042,-0.669792,1.267775
7.712000,1,0.283062,0.980342,1.500180,-0.234736,-0.673088,1.268108
7.714000,1,0.283841,0.979704,1.508190,-0.234447,-0.676330,1.268323
7.716000,1,0.284583,0.978697,1.515822,-0.234174,-0.679520,1.268421
7.718000,1,0.285287,0.977323,1.523072,-0.233919,-0.682663,1.268408
7.720000,1,0.285955,0.975583,1.529937,-0.233683,-0.685759,1.268286
7.722000,1,0.286588,0.973481,1.536442,-0.233466,-0.688806,1.268051
7.724000,1,0.287186,0.971022,1.542553,-0.233267,-0.691816,1.267723
7.726000,1,0.287745,0.968221,1.548246,-0.233088,-0.694790,1.267307
7.728000,1,0.288269,0.965071,1.553538,-0.232928,-0.697732,1.266806
7.730000,1,0.288760,0.961513,1.558425,-0.232790,-0.700649,1.266222
7.732000,1,0.289223,0.957553,1.562933,-0.232676,-0.703538,1.265553
7.734000,1,0.289653,0.953270,1.567038,-0.232582,-0.706400,1.264811
7.736000,1,0.290049,0.948677,1.570737,-0.232509,-0.709236,1.264003
7.738000,1,0.290410,0.943783,1.574030,-0.232457,-0.712050,1.263133
7.740000,1,0.290738,0.938596,1.576918,-0.232426,-0.714844,1.262205
7.742000,1,0.291035,0.933123,1.579426,-0.232419,-0.717619,1.261219
7.744000,1,0.291302,0.927374,1.581553,-0.232434,-0.720380,1.260185
7.746000,1,0.291533,0.921373,1.583280,-0.232471,-0.723131,1.259112
7.748000,1,0.291733,0.915131,1.584630,-0.232530,-0.725873,1.258005
7.750000,1,0.291900,0.908665,1.585606,-0.232613,-0.728609,1.256867
7.752000,1,0.292035,0.901988,1.586212,-0.232719,-0.731341,1.255702
7.754000,1,0.292140,0.895107,1.586468,-0.232850,-0.734070,1.254510
7.756000,1,0.292213,0.887972,1.586343,-0.233009,-0.736801,1.253295
7.758000,1,0.292254,0.880658,1.585872,-0.233193,-0.739532,1.252061
7.760000,1,0.292272,0.873188,1.585025,-0.233401,-0.742264,1.250813
7.762000,1,0.292265,0.865576,1.583809,-0.233634,-0.745003,1.249563
7.764000,1,0.292233,0.857835,1.582231,-0.233890,-0.747749,1.248311
7.766000,1,0.292177,0.849970,1.580309,-0.234172,-0.750505,1.247059
7.768000,1,0.292097,0.841995,1.578053,-0.234481,-0.753271,1.245809
7.770000,1,0.291987,0.833933,1.575461,-0.234813,-0.756049,1.244568
7.772000,1,0.291846,0.825802,1.572541,-0.235169,-0.758841,1.243337
7.774000,1,0.291672,0.817614,1.569302,-0.235550,-0.761648,1.242120
7.776000,1,0.291466,0.809373,1.565756,-0.235954,-0.764472,1.240920
7.778000,1,0.291231,0.801081,1.561919,-0.236385,-0.767316,1.239739
7.780000,1,0.290962,0.792762,1.557795,-0.236842,-0.770179,1.238580
7.782000,1,0.290674,0.784426,1.553374,-0.237324,-0.773064,1.237446
7.784000,1,0.290367,0.776088,1.548664,-0.237831,-0.775972,1.236341
7.786000,1,0.290043,0.767746,1.543675,-0.238364,-0.778904,1.235265
7.788000,1,0.289695,0.759428,1.538415,-0.238921,-0.781866,1.234229
7.790000,1,0.289326,0.751135,1.532899,-0.239504,-0.784858,1.233232
7.792000,1,0.288937,0.742867,1.527138,-0.240112,-0.787882,1.232275
7.794000,1,0.288522,0.734645,1.521132,-0.240744,-0.790937,1.231360
7.796000,1,0.288078,0.726485,1.514887,-0.241400,-0.794024,1.230489
7.798000,1,0.287602,0.718400,1.508410,-0.242078,-0.797143,1.229662
7.800000,1,0.287087,0.710420,1.501707,-0.242780,-0.800293,1.228880
7.802000,1,0.286537,0.702546,1.494793,-0.243506,-0.803476,1.228145
7.804000,1,0.285948,0.694790,1.487677,-0.244255,-0.806693,1.227457
7.806000,1,0.285319,0.687171,1.480358,-0.245028,-0.809943,1.226817
7.808000,1,0.284687,0.679723,1.472796,-0.245826,-0.813224,1.226224
7.810000,1,0.284053,0.672457,1.464999,-0.246650,-0.816536,1.225678
7.812000,1,0.283414,0.665380,1.456983,-0.247499,-0.819881,1.225179
7.814000,1,0.282770,0.658492,1.448764,-0.248372,-0.823263,1.224733
7.816000,1,0.282115,0.651816,1.440360,-0.249269,-0.826680,1.224341
7.818000,1,0.281439,0.645363,1.431780,-0.250188,-0.830135,1.224004
7.820000,1,0.280741,0.639117,1.423037,-0.251129,-0.833629,1.223719
7.822000,1,0.280021,0.633081,1.414140,-0.252091,-0.837161,1.223486
7.824000,1,0.279277,0.627251,1.405105,-0.253076,-0.840730,1.223305
7.826000,1,0.278507,0.621632,1.395941,-0.254083,-0.844337,1.223173
7.828000,1,0.277706,0.616231,1.386650,-0.255110,-0.847981,1.223091
7.830000,1,0.276869,0.611049,1.377238,-0.256158,-0.851662,1.223056
7.832000,1,0.276220,0.606202,1.367470,-0.257245,-0.855358,1.223049
7.834000,1,0.275758,0.601687,1.357363,-0.258369,-0.859073,1.223072
7.836000,1,0.275470,0.597505,1.346943,-0.259525,-0.862812,1.223130
7.838000,1,0.275311,0.593637,1.336276,-0.260707,-0.866580,1.223228
7.840000,1,0.275226,0.590059,1.325432,-0.261910,-0.870382,1.223369
7.842000,1,0.275037,0.586722,1.314575,-0.263119,-0.874232,1.223563
7.844000,1,0.274689,0.583591,1.303768,-0.264332,-0.878131,1.223813
7.846000,1,0.274186,0.580665,1.293023,-0.265550,-0.882077,1.224116
7.848000,1,0.273510,0.577916,1.282368,-0.266773,-0.886070,1.224470
7.850000,1,0.272672,0.575293,1.271823,-0.268003,-0.890110,1.224873
7.852000,1,0.271691,0.572775,1.261393,-0.269241,-0.894200,1.225325
7.854000,0,0.270840,0.572007,1.254314,-0.270537,-0.898466,1.225888
7.856000,0,0.270086,0.572871,1.250195,-0.271875,-0.902891,1.226551
7.858000,0,0.269348,0.574732,1.247435,-0.273159,-0.907076,1.226848
7.860000,0,0.268565,0.577152,1.245712,-0.274402,-0.911438,1.227991
7.862000,0,0.267741,0.580003,1.244825,-0.275617,-0.916003,1.230105
7.864000,0,0.266885,0.583191,1.244612,-0.276810,-0.920751,1.233166
7.866000,0,0.266001,0.586614,1.244898,-0.277973,-0.925656,1.237164
7.868000,0,0.265112,0.590224,1.245604,-0.279126,-0.930584,1.242779
7.870000,0,0.264216,0.593942,1.246592,-0.280261,-0.935512,1.249913
7.872000,0,0.263320,0.597753,1.247829,-0.281377,-0.940429,1.258282
7.874000,0,0.262423,0.601626,1.249254,-0.282464,-0.945323,1.267651
7.876000,0,0.261528,0.605535,1.250813,-0.283517,-0.950176,1.277817
7.878000,0,0.260636,0.609446,1.252443,-0.284524,-0.954955,1.288600
7.880000,0,0.259745,0.613357,1.254129,-0.285489,-0.959640,1.299849
7.882000,0,0.258857,0.617253,1.255834,-0.286407,-0.964198,1.311446
7.884000,0,0.257967,0.621099,1.257498,-0.287277,-0.968622,1.323364
7.886000,0,0.257083,0.624908,1.259129,-0.288095,-0.972860,1.335420
7.888000,0,0.256205,0.628675,1.260705,-0.288860,-0.976884,1.347524
7.890000,0,0.255334,0.632392,1.262211,-0.289572,-0.980670,1.359608
7.892000,0,0.254466,0.636035,1.263608,-0.290231,-0.984216,1.371674
7.894000,0,0.253602,0.639605,1.264882,-0.290838,-0.987470,1.383718
7.896000,0,0.252746,0.643120,1.266060,-0.291393,-0.990421,1.395591
7.898000,0,0.251900,0.646578,1.267135,-0.291897,-0.993063,1.407226
7.900000,0,0.251065,0.649978,1.268103,-0.292350,-0.995382,1.418596
7.902000,0,0.250241,0.653320,1.268958,-0.292753,-0.997362,1.429683
7.904000,0,0.249426,0.656591,1.269681,-0.293108,-0.999007,1.440510
7.906000,0,0.248622,0.659793,1.270271,-0.293416,-1.000306,1.451064
7.908000,0,0.247828,0.662929,1.270729,-0.293677,-1.001243,1.461353
7.910000,0,0.247046,0.666013,1.271078,-0.293878,-1.001829,1.471293
7.912000,0,0.246277,0.669047,1.271319,-0.294018,-1.002058,1.480865
7.914000,0,0.245521,0.672033,1.271453,-0.294099,-1.001926,1.490063
7.916000,0,0.244778,0.674965,1.271472,-0.294123,-1.001436,1.498914
7.918000,0,0.244050,0.677847,1.271373,-0.294087,-1.000536,1.507430
7.920000,0,0.243338,0.680690,1.271179,-0.293996,-0.999266,1.515552
7.922000,0,0.242642,0.683494,1.270894,-0.293853,-0.997632,1.523268
7.924000,0,0.241964,0.686264,1.270521,-0.293659,-0.995637,1.530574
7.926000,0,0.241303,0.688996,1.270055,-0.293417,-0.993285,1.537498
7.928000,0,0.240662,0.691694,1.269505,-0.293130,-0.990580,1.544038
7.930000,0,0.240039,0.694368,1.268884,-0.292796,-0.987518,1.550162
7.932000,0,0.239435,0.697020,1.268195,-0.292419,-0.984092,1.555874
7.934000,0,0.238851,0.699653,1.267443,-0.291999,-0.980310,1.561170
7.936000,0,0.238288,0.702269,1.266630,-0.291538,-0.976172,1.566072
7.938000,0,0.237746,0.704868,1.265760,-0.291038,-0.971696,1.570559
7.940000,0,0.237226,0.707451,1.264831,-0.290502,-0.966885,1.574656
7.942000,0,0.236728,0.710021,1.263853,-0.289932,-0.961743,1.578378
7.944000,0,0.236252,0.712583,1.262835,-0.289327,-0.956288,1.581695
7.946000,0,0.235798,0.715138,1.261782,-0.288688,-0.950531,1.584603
7.948000,0,0.235367,0.717689,1.260697,-0.288017,-0.944481,1.587125
7.950000,0,0.234960,0.720237,1.259581,-0.287316,-0.938144,1.589262
7.952000,0,0.234577,0.722785,1.258438,-0.286586,-0.931535,1.591016
7.954000,0,0.234220,0.725333,1.257272,-0.285830,-0.924671,1.592405
7.956000,0,0.233887,0.727883,1.256090,-0.285045,-0.917581,1.593406
7.958000,0,0.233580,0.730439,1.254896,-0.284245,-0.910257,1.594017
7.960000,0,0.233301,0.733000,1.253687,-0.283430,-0.902704,1.594260
7.962000,0,0.233051,0.735568,1.252469,-0.282603,-0.894947,1.594121
7.964000,0,0.232828,0.738145,1.251244,-0.281764,-0.886991,1.593619
7.966000,0,0.232631,0.740732,1.250022,-0.280910,-0.878880,1.592727
7.968000,0,0.232459,0.743332,1.248808,-0.280041,-0.870642,1.591446
7.970000,0,0.232315,0.745946,1.247602,-0.279159,-0.862280,1.589798
7.972000,0,0.232199,0.748576,1.246407,-0.278263,-0.853813,1.587791
7.974000,0,0.232110,0.751223,1.245225,-0.277355,-0.845243,1.585449
7.976000,0,0.232046,0.753889,1.244064,-0.276430,-0.836613,1.582760
7.978000,0,0.232007,0.756575,1.242925,-0.275489,-0.827918,1.579746
7.980000,0,0.231996,0.759284,1.241809,-0.274535,-0.819163,1.576423
7.982000,0,0.232012,0.762019,1.240725,-0.273566,-0.810370,1.572797
7.984000,0,0.232056,0.764780,1.239673,-0.272601,-0.801572,1.568852
7.986000,0,0.232127,0.767569,1.238659,-0.271641,-0.792804,1.564582
7.988000,0,0.232223,0.770385,1.237683,-0.270682,-0.784095,1.559989
7.990000,0,0.232346,0.773230,1.236749,-0.269724,-0.775457,1.555087
7.992000,0,0.232497,0.776107,1.235857,-0.268766,-0.766892,1.549893
7.994000,0,0.232675,0.779017,1.235008,-0.267809,-0.758410,1.544424
7.996000,0,0.232879,0.781961,1.234207,-0.266848,-0.750029,1.538688
7.998000,0,0.233109,0.784941,1.233455,-0.265881,-0.741759,1.532696
8.000000,0,0.233365,0.787964,1.232758,-0.264906,-0.733560,1.526416
8.002000,0,0.233646,0.791027,1.232117,-0.263928,-0.725469,1.519911
8.004000,0,0.233952,0.794133,1.231532,-0.262944,-0.717504,1.513189
8.006000,0,0.234282,0.797279,1.231002,-0.261954,-0.709672,1.506255
8.008000,0,0.234638,0.800468,1.230527,-0.260958,-0.701974,1.499124
8.010000,0,0.235024,0.803697,1.230107,-0.260020,-0.694418,1.491750
8.012000,0,0.235024,0.803697,1.230107,-0.260020,-0.694418,1.491750
8.014000,0,0.235881,0.810282,1.229426,-0.258316,-0.679746,1.476290
8.016000,0,0.236351,0.813637,1.229167,-0.257538,-0.672664,1.468219
8.018000,0,0.236848,0.817034,1.228959,-0.256805,-0.665729,1.459877
8.020000,0,0.237369,0.820476,1.228810,-0.256105,-0.658969,1.451351
8.022000,0,0.237912,0.823963,1.228718,-0.255422,-0.652428,1.442642
8.024000,0,0.238478,0.827495,1.228684,-0.254744,-0.646091,1.433701
8.026000,0,0.239067,0.831073,1.228707,-0.254071,-0.639959,1.424544
8.028000,0,0.239677,0.834695,1.228785,-0.253404,-0.634055,1.415241
8.030000,0,0.240307,0.838362,1.228918,-0.252733,-0.628388,1.405806
8.032000,0,0.240977,0.842058,1.229081,-0.252291,-0.623033,1.395997
8.034000,0,0.241684,0.845784,1.229278,-0.252062,-0.618006,1.385831
8.036000,0,0.242423,0.849547,1.229515,-0.252048,-0.613305,1.375327
8.038000,0,0.243188,0.853357,1.229802,-0.252173,-0.608823,1.364653
8.040000,0,0.243969,0.857212,1.230136,-0.252344,-0.604654,1.353786
8.042000,0,0.244760,0.861116,1.230521,-0.252471,-0.600785,1.342801
8.044000,0,0.245563,0.865067,1.230957,-0.252558,-0.597213,1.331716
8.046000,0,0.246370,0.869076,1.231453,-0.252509,-0.593887,1.320591
8.048000,0,0.247183,0.873151,1.232016,-0.252342,-0.590636,1.309629
8.050000,0,0.248000,0.877291,1.232646,-0.252048,-0.587453,1.298837
8.052000,0,0.248822,0.881483,1.233328,-0.251592,-0.584448,1.288080
8.054000,0,0.249648,0.885725,1.234059,-0.250974,-0.581620,1.277368
8.056000,0,0.250482,0.890017,1.234840,-0.250217,-0.578920,1.266682
8.058000,1,0.251473,0.894397,1.235645,-0.250087,-0.578187,1.260456
8.060000,1,0.252536,0.898818,1.236430,-0.250483,-0.579124,1.257984
8.062000,1,0.253599,0.903466,1.238201,-0.250673,-0.580827,1.256558
8.064000,1,0.254660,0.908320,1.240932,-0.250695,-0.583134,1.255965
8.066000,1,0.255728,0.913363,1.244608,-0.250582,-0.585910,1.256021
8.068000,1,0.256811,0.918565,1.249184,-0.250362,-0.589055,1.256592
8.070000,1,0.257925,0.923801,1.255341,-0.250067,-0.592450,1.257530
8.072000,1,0.259072,0.929044,1.262940,-0.249713,-0.596031,1.258744
8.074000,1,0.260245,0.934269,1.271687,-0.249315,-0.599768,1.260196
8.076000,1,0.261432,0.939457,1.281353,-0.248885,-0.603618,1.261825
8.078000,1,0.262631,0.944598,1.291879,-0.248426,-0.607525,1.263544
8.080000,1,0.263834,0.949670,1.303071,-0.247943,-0.611461,1.265312
8.082000,1,0.265033,0.954645,1.314761,-0.247444,-0.615405,1.267094
8.084000,1,0.266222,0.959445,1.326698,-0.246941,-0.619365,1.268890
8.086000,1,0.267397,0.964050,1.338758,-0.246437,-0.623326,1.270675
8.088000,1,0.268559,0.968456,1.350931,-0.245931,-0.627255,1.272397
8.090000,1,0.269706,0.972625,1.363151,-0.245426,-0.631143,1.274037
8.092000,1,0.270836,0.976534,1.375355,-0.244924,-0.634983,1.275578
8.094000,1,0.271946,0.980137,1.387415,-0.244431,-0.638787,1.277033
8.096000,1,0.273039,0.983434,1.399347,-0.243946,-0.642534,1.278368
8.098000,1,0.274113,0.986405,1.411105,-0.243470,-0.646221,1.279578
8.100000,1,0.275165,0.989019,1.422606,-0.243006,-0.649862,1.280677
8.102000,1,0.276196,0.991265,1.433821,-0.242557,-0.653454,1.281661
8.104000,1,0.277205,0.993132,1.444733,-0.242122,-0.656996,1.282524
8.106000,1,0.278196,0.994626,1.455370,-0.241700,-0.660477,1.283254
8.108000,1,0.279168,0.995739,1.465718,-0.241291,-0.663900,1.283852
8.110000,1,0.280102,0.996483,1.475713,-0.240895,-0.667275,1.284334
8.112000,1,0.281001,0.996861,1.485384,-0.240512,-0.670593,1.284687
8.114000,1,0.281863,0.996871,1.494709,-0.240143,-0.673860,1.284921
8.116000,1,0.282686,0.996501,1.503644,-0.239789,-0.677086,1.285053
8.118000,1,0.283469,0.995747,1.512178,-0.239451,-0.680274,1.285084
8.120000,1,0.284216,0.994613,1.520340,-0.239129,-0.683418,1.285004
8.122000,1,0.284926,0.993099,1.528127,-0.238824,-0.686520,1.284817
8.124000,1,0.285597,0.991201,1.535498,-0.238538,-0.689589,1.284538
8.126000,1,0.286227,0.988921,1.542448,-0.238270,-0.692627,1.284170
8.128000,1,0.286819,0.986263,1.548976,-0.238021,-0.695635,1.283717
8.130000,1,0.287374,0.983233,1.555109,-0.237793,-0.698611,1.283172
8.132000,1,0.287894,0.979835,1.560846,-0.237585,-0.701560,1.282546
8.134000,1,0.288380,0.976061,1.566159,-0.237398,-0.704488,1.281851
8.136000,1,0.288833,0.971917,1.571042,-0.237232,-0.707398,1.281088
8.138000,1,0.289255,0.967410,1.575523,-0.237089,-0.710287,1.280255
8.140000,1,0.289644,0.962552,1.579574,-0.236967,-0.713160,1.279363
8.142000,1,0.289998,0.957356,1.583193,-0.236867,-0.716017,1.278414
8.144000,1,0.290318,0.951834,1.586382,-0.236789,-0.718861,1.277412
8.146000,1,0.290607,0.945992,1.589164,-0.236736,-0.721691,1.276357
8.148000,1,0.290865,0.939837,1.591542,-0.236706,-0.724509,1.275251
8.150000,1,0.291087,0.933403,1.593481,-0.236699,-0.727317,1.274103
8.152000,1,0.291277,0.926698,1.595021,-0.236714,-0.730120,1.272923
8.154000,1,0.291439,0.919727,1.596182,-0.236755,-0.732919,1.271711
8.156000,1,0.291570,0.912515,1.596955,-0.236822,-0.735714,1.270468
8.158000,1,0.291679,0.905068,1.597331,-0.236913,-0.738509,1.269203
8.160000,1,0.291769,0.897393,1.597313,-0.237029,-0.741306,1.267919
8.162000,1,0.291842,0.889495,1.596924,-0.237173,-0.744106,1.266617
8.164000,1,0.291891,0.881418,1.596140,-0.237340,-0.746908,1.265301
8.166000,1,0.291915,0.873176,1.594974,-0.237532,-0.749715,1.263977
8.168000,1,0.291914,0.864785,1.593434,-0.237749,-0.752527,1.262648
8.170000,1,0.291882,0.856209,1.591484,-0.237991,-0.755355,1.261322
8.172000,1,0.291823,0.847453,1.589141,-0.238261,-0.758197,1.259998
8.174000,1,0.291733,0.838613,1.586449,-0.238555,-0.761048,1.258682
8.176000,1,0.291610,0.829726,1.583419,-0.238871,-0.763910,1.257375
8.178000,1,0.291451,0.820808,1.580060,-0.239210,-0.766783,1.256081
8.180000,1,0.291257,0.811860,1.576391,-0.239576,-0.769671,1.254801
8.182000,1,0.291029,0.802896,1.572419,-0.239967,-0.772574,1.253538
8.184000,1,0.290774,0.793938,1.568137,-0.240383,-0.775494,1.252297
8.186000,1,0.290492,0.785001,1.563553,-0.240824,-0.778435,1.251082
8.188000,1,0.290184,0.776086,1.558683,-0.241292,-0.781398,1.249895
8.190000,1,0.289853,0.767192,1.553540,-0.241786,-0.784385,1.248738
8.192000,1,0.289490,0.758355,1.548123,-0.242306,-0.787396,1.247615
8.194000,1,0.289096,0.749575,1.542444,-0.242849,-0.790439,1.246535
8.196000,1,0.288666,0.740880,1.536510,-0.243415,-0.793513,1.245499
8.198000,1,0.288202,0.732269,1.530337,-0.244007,-0.796618,1.244507
8.200000,1,0.287702,0.723756,1.523932,-0.244623,-0.799754,1.243560
8.202000,1,0.287162,0.715362,1.517297,-0.245263,-0.802923,1.242659
8.204000,1,0.286588,0.707074,1.510441,-0.245927,-0.806127,1.241807
8.206000,1,0.285980,0.698894,1.503382,-0.246615,-0.809365,1.241001
8.208000,1,0.285373,0.690843,1.496088,-0.247331,-0.812636,1.240243
8.210000,1,0.284768,0.682920,1.488575,-0.248074,-0.815942,1.239532
8.212000,1,0.284164,0.675129,1.480844,-0.248843,-0.819283,1.238870
8.214000,1,0.283547,0.667510,1.472896,-0.249637,-0.822657,1.238257
8.216000,1,0.282913,0.660073,1.464744,-0.250454,-0.826066,1.237693
8.218000,1,0.282263,0.652819,1.456402,-0.251295,-0.829509,1.237179
8.220000,1,0.281606,0.645721,1.447890,-0.252160,-0.832992,1.236719
8.222000,1,0.280935,0.638793,1.439214,-0.253047,-0.836514,1.236313
8.224000,1,0.280232,0.632086,1.430366,-0.253956,-0.840074,1.235961
8.226000,1,0.280232,0.632086,1.430366,-0.253956,-0.840074,1.235961
8.228000,1,0.278726,0.619345,1.412217,-0.255835,-0.847301,1.235412
8.230000,1,0.277919,0.613324,1.402931,-0.256805,-0.850968,1.235214
8.232000,1,0.277070,0.607545,1.393507,-0.257796,-0.854671,1.235064
8.234000,1,0.276182,0.602006,1.383962,-0.258808,-0.858409,1.234962
8.236000,1,0.275383,0.596938,1.374007,-0.259852,-0.862155,1.234890
8.238000,1,0.274682,0.592339,1.363715,-0.260926,-0.865915,1.234846
8.240000,1,0.274082,0.588206,1.353115,-0.262029,-0.869691,1.234834
8.242000,1,0.273581,0.584315,1.342385,-0.263158,-0.873508,1.234866
8.244000,1,0.273097,0.580640,1.331610,-0.264305,-0.877372,1.234948
8.246000,1,0.272560,0.577190,1.320836,-0.265464,-0.881283,1.235082
8.248000,1,0.271879,0.574070,1.310022,-0.266629,-0.885231,1.235266
8.250000,1,0.271050,0.571231,1.299205,-0.267801,-0.889220,1.235497
8.252000,1,0.270142,0.568479,1.288502,-0.268985,-0.893263,1.235779
8.254000,1,0.269162,0.565797,1.277923,-0.270181,-0.897357,1.236109
8.256000,1,0.268109,0.563184,1.267468,-0.271390,-0.901498,1.236486
8.258000,0,0.267756,0.562537,1.261441,-0.272733,-0.905796,1.236940
8.258000,0,0.267756,0.562537,1.261441,-0.272733,-0.905796,1.236940
8.260000,0,0.267963,0.563542,1.259095,-0.274169,-0.910247,1.237483
8.264000,0,0.267938,0.565268,1.257714,-0.275560,-0.914864,1.238914
8.266000,0,0.267353,0.570202,1.256945,-0.278193,-0.924470,1.244280
8.268000,0,0.266855,0.573155,1.257209,-0.279431,-0.929370,1.248063
8.270000,0,0.266260,0.576351,1.257814,-0.280637,-0.934316,1.252554
8.272000,0,0.265603,0.579715,1.258670,-0.281828,-0.939174,1.258538
8.274000,0,0.264897,0.583193,1.259705,-0.283007,-0.943944,1.265900
8.276000,0,0.264150,0.586743,1.260861,-0.284163,-0.948612,1.274424
8.278000,0,0.263371,0.590334,1.262098,-0.285290,-0.953196,1.283889
8.280000,0,0.262569,0.593941,1.263377,-0.286379,-0.957668,1.294111
8.282000,0,0.261747,0.597547,1.264671,-0.287425,-0.962026,1.304908
8.284000,0,0.260914,0.601137,1.265954,-0.288424,-0.966252,1.316132
8.286000,0,0.260071,0.604699,1.267203,-0.289374,-0.970325,1.327660
8.288000,0,0.259220,0.608199,1.268368,-0.290273,-0.974238,1.339470
8.290000,0,0.258367,0.611657,1.269468,-0.291119,-0.977952,1.351384
8.292000,0,0.257515,0.615069,1.270492,-0.291913,-0.981443,1.363315
8.294000,0,0.257515,0.615069,1.270492,-0.291913,-0.981443,1.363315
8.296000,0,0.255822,0.621719,1.272247,-0.293338,-0.987693,1.387040
8.298000,0,0.254980,0.624934,1.272939,-0.293972,-0.990432,1.398785
8.300000,0,0.254146,0.628100,1.273534,-0.294554,-0.992874,1.410337
8.302000,0,0.254146,0.628100,1.273534,-0.294554,-0.992874,1.410337
8.304000,0,0.252500,0.634251,1.274380,-0.295571,-0.996838,1.432824
8.306000,0,0.251690,0.637239,1.274623,-0.296007,-0.998287,1.443727
8.308000,0,0.250888,0.640151,1.274718,-0.296396,-0.999371,1.454444
8.310000,0,0.250097,0.643017,1.274717,-0.296719,-1.000139,1.464806
8.312000,0,0.249318,0.645842,1.274629,-0.296977,-1.000592,1.474784
8.314000,0,0.248552,0.648627,1.274454,-0.297171,-1.000723,1.484370
8.316000,0,0.247797,0.651364,1.274176,-0.297303,-1.000535,1.493592
8.318000,0,0.247057,0.654055,1.273797,-0.297376,-1.000020,1.502444
8.320000,0,0.246332,0.656702,1.273321,-0.297390,-0.999174,1.510924
8.322000,0,0.245623,0.659309,1.272751,-0.297350,-0.997990,1.519024
8.324000,0,0.244932,0.661888,1.272105,-0.297254,-0.996457,1.526703
8.326000,0,0.244260,0.664434,1.271372,-0.297108,-0.994580,1.533989
8.328000,0,0.244260,0.664434,1.271372,-0.297108,-0.994580,1.533989
8.330000,0,0.243606,0.666948,1.270558,-0.296911,-0.992357,1.540875
8.332000,0,0.242360,0.671893,1.268701,-0.296375,-0.986882,1.553437
8.336000,0,0.241769,0.674324,1.267657,-0.296041,-0.983636,1.559132
8.336000,0,0.241769,0.674324,1.267657,-0.296041,-0.983636,1.559132
8.338000,0,0.240657,0.679124,1.265356,-0.295242,-0.976003,1.569335
8.340000,0,0.240134,0.681503,1.264125,-0.294785,-0.971684,1.573800
8.342000,0,0.239637,0.683870,1.262839,-0.294287,-0.966978,1.577857
8.344000,0,0.239162,0.686230,1.261516,-0.293752,-0.961971,1.581450
8.346000,0,0.238709,0.688582,1.260160,-0.293182,-0.956684,1.584577
8.348000,0,0.238280,0.690926,1.258768,-0.292579,-0.951122,1.587266
8.350000,0,0.237876,0.693263,1.257343,-0.291944,-0.945305,1.589503
8.352000,0,0.237495,0.695596,1.255891,-0.291277,-0.939244,1.591304
8.354000,0,0.237138,0.697926,1.254417,-0.290583,-0.932954,1.592701
8.356000,0,0.236806,0.700258,1.252929,-0.289862,-0.926449,1.593703
8.358000,0,0.236499,0.702592,1.251425,-0.289118,-0.919733,1.594331
8.360000,0,0.236220,0.704933,1.249912,-0.288365,-0.912782,1.594592
8.362000,0,0.235967,0.707284,1.248395,-0.287602,-0.905621,1.594467
8.364000,0,0.235740,0.709643,1.246876,-0.286828,-0.898276,1.593943
8.366000,0,0.235538,0.712011,1.245358,-0.286043,-0.890747,1.593045
8.368000,0,0.235365,0.714392,1.243840,-0.285249,-0.883038,1.591790
8.370000,0,0.235219,0.716784,1.242325,-0.284445,-0.875170,1.590185
8.372000,0,0.235098,0.719188,1.240820,-0.283627,-0.867178,1.588220
8.374000,0,0.235002,0.721604,1.239325,-0.282792,-0.859090,1.585889
8.376000,0,0.234931,0.724035,1.237845,-0.281942,-0.850901,1.583216
8.378000,0,0.234886,0.726487,1.236386,-0.281079,-0.842617,1.580217
8.380000,0,0.234866,0.728958,1.234951,-0.280200,-0.834262,1.576894
8.382000,0,0.234872,0.731450,1.233542,-0.279325,-0.825866,1.573227
8.384000,0,0.234905,0.733966,1.232163,-0.278455,-0.817419,1.569236
8.386000,0,0.234965,0.736506,1.230816,-0.277590,-0.808946,1.564932
8.388000,0,0.235050,0.739070,1.229503,-0.276723,-0.800477,1.560312
8.390000,0,0.235162,0.741661,1.228226,-0.275855,-0.792013,1.555398
8.392000,0,0.235299,0.744279,1.226988,-0.274985,-0.783566,1.550200
8.394000,0,0.235461,0.746930,1.225796,-0.274110,-0.775151,1.544728
8.396000,0,0.235648,0.749613,1.224652,-0.273229,-0.766780,1.538989
8.398000,0,0.235860,0.752330,1.223556,-0.272340,-0.758465,1.532991
8.400000,0,0.236096,0.755081,1.222510,-0.271442,-0.750217,1.526740
8.402000,0,0.236358,0.757868,1.221515,-0.270534,-0.742048,1.520246
8.404000,0,0.236645,0.760691,1.220572,-0.269616,-0.733960,1.513524
8.406000,0,0.236958,0.763551,1.219682,-0.268686,-0.725963,1.506581
8.408000,0,0.237299,0.766447,1.218846,-0.267784,-0.718111,1.499362
8.410000,0,0.237667,0.769378,1.218064,-0.266904,-0.710441,1.491864
8.412000,0,0.238060,0.772348,1.217342,-0.266043,-0.702960,1.484105
8.414000,0,0.238480,0.775360,1.216681,-0.265201,-0.695668,1.476102
8.416000,0,0.238923,0.778414,1.216082,-0.264372,-0.688573,1.467871
8.418000,0,0.239391,0.781511,1.215544,-0.263550,-0.681676,1.459427
8.420000,0,0.239882,0.784653,1.215067,-0.262732,-0.674978,1.450784
8.422000,0,0.240398,0.787840,1.214653,-0.261918,-0.668479,1.441957
8.424000,0,0.240935,0.791071,1.214299,-0.261104,-0.662182,1.432953
8.426000,0,0.241495,0.794348,1.214006,-0.260284,-0.656086,1.423780
8.428000,0,0.242077,0.797670,1.213772,-0.259457,-0.650192,1.414447
8.430000,0,0.242681,0.801040,1.213602,-0.258616,-0.644493,1.404908
8.432000,0,0.243307,0.804458,1.213495,-0.257761,-0.638987,1.395177
8.434000,0,0.243973,0.807910,1.213431,-0.257116,-0.633734,1.385090
8.436000,0,0.244675,0.811397,1.213410,-0.256671,-0.628733,1.374672
8.438000,0,0.245407,0.814923,1.213436,-0.256382,-0.623976,1.363979
8.440000,0,0.246168,0.818489,1.213509,-0.256249,-0.619462,1.353023
8.442000,0,0.246952,0.822099,1.213635,-0.256200,-0.615175,1.341825
8.444000,0,0.247746,0.825758,1.213815,-0.256124,-0.611109,1.330548
8.446000,0,0.248547,0.829467,1.214054,-0.255957,-0.607250,1.319258
8.448000,0,0.249356,0.833225,1.214348,-0.255704,-0.603598,1.307967
8.450000,0,0.250170,0.837037,1.214704,-0.255313,-0.600116,1.296728
8.450000,0,0.250170,0.837037,1.214704,-0.255313,-0.600116,1.296728
8.454000,0,0.251813,0.844820,1.215591,-0.254115,-0.593576,1.274467
8.456000,0,0.252646,0.848789,1.216120,-0.253317,-0.590478,1.263427
8.458000,0,0.253527,0.852791,1.216679,-0.252873,-0.587392,1.252186
8.460000,1,0.254524,0.856912,1.217312,-0.252976,-0.586006,1.244974
8.462000,1,0.255600,0.861142,1.218021,-0.253476,-0.586234,1.241292
8.464000,1,0.256656,0.865676,1.219918,-0.253739,-0.587269,1.238725
8.466000,1,0.257691,0.870509,1.223047,-0.253815,-0.588932,1.237036
8.468000,1,0.258711,0.875606,1.227327,-0.253741,-0.591101,1.236071
8.470000,1,0.259712,0.880941,1.232744,-0.253546,-0.593655,1.235667
8.472000,1,0.260720,0.886356,1.239620,-0.253271,-0.596526,1.235741
8.474000,1,0.261735,0.891808,1.247771,-0.252934,-0.599646,1.236201
8.476000,1,0.262751,0.897277,1.256960,-0.252549,-0.602961,1.236969
8.478000,1,0.263765,0.902747,1.267119,-0.252122,-0.606403,1.237946
8.480000,1,0.264768,0.908195,1.278033,-0.251664,-0.609937,1.239080
8.482000,1,0.265759,0.913608,1.289510,-0.251183,-0.613535,1.240331
8.484000,1,0.266753,0.918856,1.301293,-0.250692,-0.617204,1.241690
8.486000,1,0.267751,0.923932,1.313362,-0.250191,-0.620901,1.243094
8.488000,1,0.268751,0.928788,1.325502,-0.249690,-0.624630,1.244539
8.490000,1,0.269752,0.933384,1.337633,-0.249192,-0.628373,1.245996
8.492000,1,0.270751,0.937699,1.349696,-0.248699,-0.632117,1.247438
8.494000,1,0.271749,0.941716,1.361641,-0.248214,-0.635848,1.248844
8.496000,1,0.272745,0.945435,1.373482,-0.247733,-0.639545,1.250179
8.498000,1,0.273740,0.948839,1.385178,-0.247260,-0.643200,1.251429
8.500000,1,0.274730,0.951901,1.396638,-0.246799,-0.646824,1.252603
8.502000,1,0.275715,0.954607,1.407833,-0.246349,-0.650413,1.253698
8.504000,1,0.276694,0.956946,1.418742,-0.245911,-0.653966,1.254706
8.506000,1,0.277670,0.958922,1.429391,-0.245485,-0.657469,1.255606
8.508000,1,0.278622,0.960549,1.439703,-0.245071,-0.660928,1.256411
8.510000,1,0.279547,0.961827,1.449664,-0.244671,-0.664343,1.257119
8.512000,1,0.280445,0.962748,1.459266,-0.244285,-0.667716,1.257727
8.514000,1,0.281315,0.963309,1.468506,-0.243914,-0.671046,1.258235
8.516000,1,0.282161,0.963512,1.477411,-0.243559,-0.674327,1.258633
8.518000,1,0.282980,0.963349,1.485945,-0.243220,-0.677571,1.258938
8.520000,1,0.283772,0.962807,1.494115,-0.242896,-0.680780,1.259150
8.522000,1,0.284539,0.961890,1.501948,-0.242590,-0.683950,1.259263
8.524000,1,0.285277,0.960604,1.509389,-0.242301,-0.687088,1.259289
8.526000,1,0.285985,0.958951,1.516426,-0.242032,-0.690194,1.259230
8.528000,1,0.286661,0.956937,1.523056,-0.241781,-0.693271,1.259091
8.530000,1,0.287310,0.954567,1.529307,-0.241551,-0.696316,1.258864
8.532000,1,0.287930,0.951842,1.535150,-0.241341,-0.699336,1.258563
8.534000,1,0.288522,0.948755,1.540596,-0.241152,-0.702333,1.258190
8.536000,1,0.289088,0.945312,1.545671,-0.240986,-0.705305,1.257743
8.538000,1,0.289625,0.941535,1.550330,-0.240841,-0.708257,1.257230
8.540000,1,0.290130,0.937428,1.554570,-0.240718,-0.711190,1.256658
8.542000,1,0.290606,0.932998,1.558416,-0.240618,-0.714108,1.256028
8.544000,1,0.291051,0.928258,1.561848,-0.240540,-0.717014,1.255349
8.546000,1,0.291463,0.923226,1.564864,-0.240484,-0.719909,1.254626
8.548000,1,0.291842,0.917907,1.567470,-0.240450,-0.722795,1.253861
8.550000,1,0.292189,0.912239,1.569662,-0.240440,-0.725678,1.253055
8.552000,1,0.292501,0.906249,1.571430,-0.240454,-0.728559,1.252212
8.554000,1,0.292783,0.899943,1.572819,-0.240495,-0.731436,1.251331
8.556000,1,0.293034,0.893423,1.573839,-0.240559,-0.734306,1.250419
8.558000,1,0.293258,0.886691,1.574491,-0.240648,-0.737171,1.249480
8.560000,1,0.293459,0.879744,1.574786,-0.240760,-0.740039,1.248523
8.562000,1,0.293634,0.872608,1.574717,-0.240896,-0.742909,1.247551
8.564000,1,0.293780,0.865297,1.574285,-0.241056,-0.745782,1.246566
8.566000,1,0.293901,0.857815,1.573508,-0.241243,-0.748661,1.245568
8.568000,1,0.293992,0.850186,1.572379,-0.241454,-0.751546,1.244565
8.570000,1,0.294053,0.842424,1.570900,-0.241690,-0.754440,1.243559
8.572000,1,0.294081,0.834544,1.569079,-0.241949,-0.757344,1.242552
8.574000,1,0.294078,0.826544,1.566928,-0.242234,-0.760260,1.241548
8.576000,1,0.294040,0.818455,1.564446,-0.242544,-0.763189,1.240550
8.578000,1,0.293969,0.810279,1.561651,-0.242880,-0.766131,1.239557
8.580000,1,0.293869,0.801973,1.558492,-0.243244,-0.769093,1.238575
8.582000,1,0.293743,0.793605,1.555018,-0.243633,-0.772073,1.237608
8.584000,1,0.293590,0.785192,1.551244,-0.244047,-0.775071,1.236659
8.586000,1,0.293405,0.776705,1.547130,-0.244487,-0.778096,1.235736
8.588000,1,0.293188,0.768161,1.542684,-0.244953,-0.781149,1.234842
8.590000,1,0.292936,0.759581,1.537919,-0.245443,-0.784228,1.233978
8.592000,1,0.292651,0.750968,1.532852,-0.245962,-0.787334,1.233142
8.594000,1,0.292332,0.742400,1.527539,-0.246503,-0.790464,1.232337
8.596000,1,0.291975,0.733912,1.521987,-0.247067,-0.793618,1.231564
8.598000,1,0.291577,0.725515,1.516202,-0.247654,-0.796797,1.230826
8.600000,1,0.291137,0.717216,1.510189,-0.248265,-0.800002,1.230124
8.602000,1,0.290657,0.709017,1.503965,-0.248900,-0.803235,1.229458
8.604000,1,0.290140,0.700914,1.497529,-0.249560,-0.806500,1.228832
8.606000,1,0.289586,0.692914,1.490886,-0.250244,-0.809797,1.228248
8.608000,1,0.289009,0.685039,1.483951,-0.250956,-0.813124,1.227704
8.610000,1,0.288411,0.677346,1.476785,-0.251693,-0.816480,1.227203
8.612000,1,0.287795,0.669796,1.469360,-0.252457,-0.819870,1.226745
8.614000,1,0.287164,0.662417,1.461743,-0.253245,-0.823295,1.226336
8.616000,1,0.286517,0.655214,1.453950,-0.254057,-0.826755,1.225976
8.618000,1,0.285852,0.648194,1.445989,-0.254893,-0.830253,1.225665
8.620000,1,0.285161,0.641345,1.437813,-0.255753,-0.833788,1.225403
8.622000,1,0.284445,0.634669,1.429438,-0.256638,-0.837361,1.225191
8.624000,1,0.283702,0.628169,1.420875,-0.257548,-0.840971,1.225026
8.626000,1,0.282935,0.621873,1.412186,-0.258480,-0.844616,1.224907
8.628000,1,0.282147,0.615769,1.403379,-0.259435,-0.848297,1.224833
8.630000,1,0.281332,0.609878,1.394459,-0.260412,-0.852014,1.224804
8.632000,1,0.280601,0.604283,1.385227,-0.261421,-0.855752,1.224809
8.634000,1,0.279955,0.598984,1.375705,-0.262461,-0.859515,1.224848
8.636000,1,0.279379,0.593999,1.365984,-0.263527,-0.863307,1.224929
8.638000,1,0.278851,0.589318,1.356104,-0.264616,-0.867132,1.225053
8.640000,1,0.278338,0.584906,1.346044,-0.265726,-0.870992,1.225220
8.642000,1,0.277833,0.580751,1.335878,-0.266857,-0.874889,1.225428
8.644000,1,0.277316,0.576858,1.325642,-0.268004,-0.878823,1.225680
8.646000,1,0.276787,0.573227,1.315348,-0.269169,-0.882794,1.225975
8.648000,1,0.276201,0.569854,1.305025,-0.270348,-0.886806,1.226318
8.650000,1,0.275458,0.566825,1.294637,-0.271532,-0.890853,1.226706
8.652000,1,0.274569,0.564063,1.284218,-0.272726,-0.894938,1.227136
8.654000,1,0.273558,0.561509,1.273813,-0.273930,-0.899065,1.227605
8.656000,1,0.272427,0.559160,1.263433,-0.275146,-0.903231,1.228113
8.658000,0,0.271493,0.558740,1.256730,-0.276431,-0.907579,1.228730
8.660000,0,0.271177,0.559965,1.253841,-0.277841,-0.912025,1.229388
8.662000,0,0.270730,0.561890,1.252087,-0.279224,-0.916639,1.230904
8.664000,0,0.270176,0.564337,1.251182,-0.280558,-0.921354,1.233154
8.666000,0,0.269537,0.567189,1.250954,-0.281849,-0.926154,1.236114
8.668000,0,0.268826,0.570330,1.251220,-0.283091,-0.931019,1.239769
8.670000,0,0.268054,0.573678,1.251851,-0.284295,-0.935931,1.244151
8.672000,0,0.267255,0.577189,1.252792,-0.285485,-0.940766,1.250054
8.674000,0,0.266432,0.580804,1.253948,-0.286663,-0.945493,1.257432
8.676000,0,0.265590,0.584484,1.255253,-0.287822,-0.950117,1.266061
8.678000,0,0.264733,0.588202,1.256670,-0.288947,-0.954657,1.275648
8.680000,0,0.263862,0.591905,1.258108,-0.290036,-0.959098,1.286133
8.682000,0,0.262978,0.595576,1.259540,-0.291081,-0.963437,1.297317
8.684000,0,0.262092,0.599234,1.260985,-0.292075,-0.967661,1.308895
8.686000,0,0.261207,0.602867,1.262413,-0.293020,-0.971735,1.320770
8.688000,0,0.260318,0.606439,1.263766,-0.293915,-0.975653,1.332920
8.690000,0,0.259430,0.609949,1.265037,-0.294755,-0.979413,1.345189
8.692000,0,0.258548,0.613415,1.266244,-0.295537,-0.982963,1.357429
8.694000,0,0.257675,0.616834,1.267372,-0.296260,-0.986276,1.369575
8.696000,0,0.256811,0.620199,1.268400,-0.296925,-0.989295,1.381628
8.698000,0,0.255951,0.623493,1.269301,-0.297536,-0.992019,1.393595
8.700000,0,0.255096,0.626714,1.270075,-0.298092,-0.994466,1.405396
8.702000,0,0.254250,0.629865,1.270722,-0.298593,-0.996623,1.416992
8.704000,0,0.253415,0.632964,1.271263,-0.299040,-0.998460,1.428299
8.706000,0,0.252592,0.636012,1.271696,-0.299434,-0.999962,1.439292
8.708000,0,0.251781,0.638996,1.272001,-0.299777,-1.001134,1.449996
8.710000,0,0.250978,0.641917,1.272177,-0.300049,-1.001965,1.460414
8.712000,0,0.250186,0.644790,1.272252,-0.300250,-1.002483,1.470464
8.714000,0,0.249406,0.647615,1.272225,-0.300382,-1.002686,1.480130
8.716000,0,0.248640,0.650396,1.272097,-0.300447,-1.002565,1.489409
8.718000,0,0.247888,0.653133,1.271870,-0.300447,-1.002114,1.498297
8.720000,0,0.247150,0.655819,1.271532,-0.300383,-1.001337,1.506820
8.722000,0,0.246428,0.658458,1.271087,-0.300259,-1.000229,1.514975
8.724000,0,0.245723,0.661062,1.270552,-0.300077,-0.998778,1.522724
8.726000,0,0.245036,0.663633,1.269930,-0.299837,-0.996983,1.530061
8.728000,0,0.244367,0.666166,1.269215,-0.299543,-0.994847,1.537014
8.730000,0,0.243718,0.668670,1.268420,-0.299196,-0.992370,1.543549
8.732000,0,0.243088,0.671149,1.267549,-0.298799,-0.989544,1.549666
8.734000,0,0.242480,0.673598,1.266597,-0.298356,-0.986373,1.555392
8.736000,0,0.241893,0.676026,1.265577,-0.297868,-0.982862,1.560697
8.738000,0,0.241328,0.678433,1.264493,-0.297335,-0.979017,1.565576
8.740000,0,0.240784,0.680822,1.263347,-0.296763,-0.974844,1.570058
8.742000,0,0.240262,0.683196,1.262149,-0.296150,-0.970356,1.574114
8.744000,0,0.239763,0.685559,1.260904,-0.295499,-0.965562,1.577745
8.746000,0,0.239287,0.687914,1.259612,-0.294803,-0.960413,1.580933
8.748000,0,0.238833,0.690258,1.258279,-0.294071,-0.954982,1.583702
8.750000,0,0.238403,0.692592,1.256906,-0.293306,-0.949296,1.586035
8.752000,0,0.237996,0.694918,1.255498,-0.292509,-0.943356,1.587960
8.754000,0,0.237616,0.697241,1.254057,-0.291675,-0.937123,1.589463
8.756000,0,0.237260,0.699560,1.252593,-0.290815,-0.930672,1.590575
8.758000,0,0.236929,0.701879,1.251108,-0.289943,-0.923994,1.591301
8.760000,0,0.236627,0.704201,1.249607,-0.289063,-0.917094,1.591664
8.762000,0,0.236352,0.706529,1.248094,-0.288176,-0.909973,1.591684
8.764000,0,0.236352,0.706529,1.248094,-0.288176,-0.909973,1.591684
8.766000,0,0.235880,0.711202,1.245049,-0.286368,-0.895192,1.590589
8.768000,0,0.235684,0.713549,1.243522,-0.285448,-0.887560,1.589491
8.770000,0,0.235519,0.715908,1.241986,-0.284515,-0.879714,1.588014
8.772000,0,0.235379,0.718276,1.240456,-0.283568,-0.871752,1.586177
8.774000,0,0.235264,0.720654,1.238937,-0.282606,-0.863702,1.583989
8.776000,0,0.235174,0.723048,1.237431,-0.281630,-0.855557,1.581473
8.778000,0,0.235109,0.725459,1.235945,-0.280641,-0.847342,1.578626
8.780000,0,0.235068,0.727889,1.234484,-0.279638,-0.839072,1.575454
8.782000,0,0.235055,0.730341,1.233048,-0.278639,-0.830765,1.571948
8.784000,0,0.235070,0.732814,1.231640,-0.277645,-0.822422,1.568125
8.786000,0,0.235112,0.735313,1.230263,-0.276657,-0.814057,1.563998
8.788000,0,0.235181,0.737836,1.228921,-0.275671,-0.805696,1.559564
8.790000,0,0.235276,0.740386,1.227615,-0.274684,-0.797353,1.554831
8.792000,0,0.235399,0.742963,1.226347,-0.273699,-0.789032,1.549816
8.794000,0,0.235549,0.745572,1.225122,-0.272713,-0.780743,1.544528
8.796000,0,0.235725,0.748213,1.223946,-0.271723,-0.772510,1.538969
8.798000,0,0.235925,0.750888,1.222819,-0.270724,-0.764360,1.533144
8.800000,0,0.236150,0.753598,1.221743,-0.269718,-0.756289,1.527066
8.802000,0,0.236400,0.756343,1.220720,-0.268701,-0.748320,1.520739
8.804000,0,0.236677,0.759125,1.219749,-0.267673,-0.740455,1.514181
8.806000,0,0.236981,0.761947,1.218834,-0.266633,-0.732655,1.507351
8.808000,0,0.237314,0.764807,1.217972,-0.265632,-0.724954,1.500269
8.810000,0,0.237676,0.767706,1.217165,-0.264673,-0.717364,1.492945
8.812000,0,0.238064,0.770647,1.216418,-0.263751,-0.709896,1.485391
8.814000,0,0.238480,0.773630,1.215732,-0.262867,-0.702550,1.477619
8.816000,0,0.238924,0.776658,1.215107,-0.262010,-0.695314,1.469585
8.818000,0,0.239391,0.779729,1.214544,-0.261175,-0.688225,1.461350
8.820000,0,0.239882,0.782842,1.214041,-0.260353,-0.681295,1.452929
8.822000,0,0.240395,0.785999,1.213599,-0.259542,-0.674531,1.444328
8.824000,0,0.240929,0.789198,1.213217,-0.258725,-0.667976,1.435540
8.826000,0,0.241486,0.792442,1.212896,-0.257912,-0.661597,1.426588
8.828000,0,0.242065,0.795730,1.212635,-0.257102,-0.655391,1.417485
8.830000,0,0.242666,0.799065,1.212438,-0.256292,-0.649361,1.408235
8.832000,0,0.243304,0.802435,1.212288,-0.255669,-0.643572,1.398630
8.834000,0,0.243978,0.805842,1.212187,-0.255230,-0.638022,1.388685
8.836000,0,0.244684,0.809283,1.212134,-0.254947,-0.632783,1.378381
8.838000,0,0.245419,0.812767,1.212132,-0.254813,-0.627763,1.367807
8.840000,0,0.245419,0.812767,1.212132,-0.254813,-0.627763,1.367807
8.842000,0,0.246955,0.819868,1.212289,-0.254786,-0.618351,1.346108
8.844000,0,0.247749,0.823491,1.212452,-0.254814,-0.613938,1.335098
8.846000,0,0.248554,0.827156,1.212670,-0.254768,-0.609851,1.323906
8.848000,0,0.249364,0.830875,1.212949,-0.254597,-0.605924,1.312755
8.850000,0,0.250176,0.834645,1.213287,-0.254238,-0.602260,1.301596
8.852000,0,0.250993,0.838465,1.213681,-0.253704,-0.598814,1.290448
8.854000,0,0.251815,0.842334,1.214130,-0.252996,-0.595585,1.279326
8.856000,0,0.252645,0.846251,1.214633,-0.252136,-0.592546,1.268256
8.858000,0,0.253488,0.850228,1.215199,-0.251190,-0.589551,1.257352
8.860000,0,0.254379,0.854223,1.215777,-0.250574,-0.586782,1.245978
8.862000,1,0.255335,0.858276,1.216357,-0.250324,-0.585914,1.238646
8.864000,1,0.256313,0.862390,1.216957,-0.250288,-0.586632,1.234526
8.866000,1,0.257302,0.866551,1.217574,-0.250427,-0.588681,1.233084
8.868000,1,0.258280,0.871031,1.219395,-0.250410,-0.591282,1.232536
8.870000,1,0.259256,0.875821,1.222449,-0.250267,-0.594301,1.232675
8.872000,1,0.260247,0.880913,1.226752,-0.250024,-0.597640,1.233351
8.874000,1,0.261253,0.886248,1.232170,-0.249701,-0.601232,1.234452
8.876000,1,0.262283,0.891724,1.239191,-0.249324,-0.604985,1.235848
8.878000,1,0.263338,0.897274,1.247530,-0.248909,-0.608874,1.237495
8.880000,1,0.264406,0.902865,1.256930,-0.248465,-0.612864,1.239332
8.882000,1,0.265488,0.908485,1.267322,-0.247992,-0.616907,1.241281
8.884000,1,0.266588,0.914007,1.278403,-0.247505,-0.621001,1.243321
8.886000,1,0.267704,0.919382,1.289986,-0.247010,-0.625127,1.245412
8.888000,1,0.268827,0.924577,1.301922,-0.246510,-0.629266,1.247520
8.890000,1,0.269959,0.929585,1.314192,-0.246004,-0.633382,1.249590
8.892000,1,0.271091,0.934353,1.326582,-0.245499,-0.637483,1.251623
8.894000,1,0.272221,0.938853,1.338992,-0.244997,-0.641562,1.253607
8.896000,1,0.273346,0.943061,1.351350,-0.244500,-0.645610,1.255522
8.898000,1,0.274467,0.946977,1.363666,-0.244005,-0.649606,1.257334
8.900000,1,0.275580,0.950562,1.375825,-0.243518,-0.653558,1.259051
8.902000,1,0.276681,0.953797,1.387776,-0.243040,-0.657464,1.260663
8.904000,1,0.277769,0.956667,1.399489,-0.242572,-0.661320,1.262163
8.906000,1,0.278844,0.959162,1.410937,-0.242116,-0.665123,1.263544
8.908000,1,0.279884,0.961300,1.422093,-0.241669,-0.668870,1.264804
8.910000,1,0.280891,0.963083,1.432983,-0.241231,-0.672550,1.265926
8.912000,1,0.281863,0.964507,1.443585,-0.240803,-0.676165,1.266910
8.914000,1,0.282796,0.965555,1.453840,-0.240388,-0.679727,1.267774
8.916000,1,0.283690,0.966221,1.463732,-0.239989,-0.683240,1.268518
8.918000,1,0.284547,0.966509,1.473291,-0.239603,-0.686696,1.269133
8.920000,1,0.285370,0.966415,1.482505,-0.239233,-0.690101,1.269627
8.922000,1,0.286156,0.965931,1.491326,-0.238878,-0.693466,1.270017
8.924000,1,0.286904,0.965055,1.499744,-0.238540,-0.696794,1.270305
8.926000,1,0.287617,0.963791,1.507788,-0.238220,-0.700078,1.270484
8.928000,1,0.288293,0.962138,1.515420,-0.237918,-0.703329,1.270568
8.930000,1,0.288930,0.960099,1.522634,-0.237636,-0.706546,1.270561
8.932000,1,0.289531,0.957670,1.529431,-0.237373,-0.709734,1.270465
8.934000,1,0.290098,0.954855,1.535841,-0.237130,-0.712890,1.270276
8.936000,1,0.290628,0.951661,1.541831,-0.236909,-0.716018,1.270006
8.938000,1,0.291121,0.948096,1.547396,-0.236708,-0.719123,1.269660
8.940000,1,0.291580,0.944164,1.552563,-0.236531,-0.722203,1.269234
8.942000,1,0.292003,0.939879,1.557305,-0.236374,-0.725265,1.268746
8.944000,1,0.292388,0.935254,1.561616,-0.236239,-0.728311,1.268199
8.946000,1,0.292737,0.930297,1.565500,-0.236127,-0.731343,1.267597
8.948000,1,0.293048,0.924961,1.568945,-0.236039,-0.734367,1.266942
8.950000,1,0.293323,0.919319,1.571967,-0.235972,-0.737379,1.266238
8.952000,1,0.293562,0.913393,1.574572,-0.235929,-0.740379,1.265489
8.954000,1,0.293767,0.907190,1.576780,-0.235910,-0.743370,1.264695
8.956000,1,0.293935,0.900731,1.578579,-0.235914,-0.746353,1.263864
8.958000,1,0.294076,0.893951,1.579970,-0.235946,-0.749337,1.262998
8.960000,1,0.294192,0.886926,1.580981,-0.236003,-0.752317,1.262103
8.962000,1,0.294284,0.879679,1.581619,-0.236084,-0.755300,1.261186
8.964000,1,0.294352,0.872228,1.581883,-0.236191,-0.758285,1.260253
8.966000,1,0.294396,0.864575,1.581793,-0.236324,-0.761273,1.259302
8.968000,1,0.294411,0.856763,1.581325,-0.236482,-0.764267,1.258339
8.970000,1,0.294394,0.848808,1.580480,-0.236665,-0.767266,1.257369
8.972000,1,0.294343,0.840659,1.579236,-0.236875,-0.770277,1.256395
8.974000,1,0.294257,0.832324,1.577607,-0.237113,-0.773303,1.255420
8.976000,1,0.294139,0.823883,1.575640,-0.237375,-0.776339,1.254445
8.978000,1,0.293988,0.815361,1.573343,-0.237663,-0.779387,1.253477
8.980000,1,0.293807,0.806761,1.570735,-0.237978,-0.782448,1.252515
8.982000,1,0.293598,0.798125,1.567795,-0.238319,-0.785523,1.251564
8.984000,1,0.293362,0.789472,1.564528,-0.238685,-0.788614,1.250629
8.986000,1,0.293094,0.780768,1.560901,-0.239079,-0.791731,1.249719
8.988000,1,0.292792,0.772031,1.556926,-0.239500,-0.794874,1.248837
8.990000,1,0.292461,0.763323,1.552662,-0.239946,-0.798040,1.247982
8.992000,1,0.292093,0.754621,1.548078,-0.240418,-0.801233,1.247157
8.994000,1,0.291692,0.745928,1.543191,-0.240919,-0.804453,1.246362
8.996000,1,0.291261,0.737296,1.538056,-0.241445,-0.807699,1.245599
8.998000,1,0.290796,0.728756,1.532680,-0.241996,-0.810972,1.244868
9.000000,1,0.290295,0.720319,1.527067,-0.242572,-0.814271,1.244173
9.002000,1,0.289758,0.711993,1.521225,-0.243174,-0.817599,1.243516
9.004000,1,0.289178,0.703757,1.515110,-0.243802,-0.820961,1.242899
9.006000,1,0.288561,0.695648,1.508781,-0.244455,-0.824354,1.242322
9.008000,1,0.287937,0.687657,1.502173,-0.245138,-0.827778,1.241785
9.010000,1,0.287306,0.679792,1.495292,-0.245850,-0.831236,1.241289
9.012000,1,0.286667,0.672068,1.488158,-0.246589,-0.834729,1.240841
9.014000,1,0.286018,0.664496,1.480786,-0.247355,-0.838260,1.240439
9.016000,1,0.285356,0.657085,1.473191,-0.248148,-0.841826,1.240085
9.018000,1,0.284684,0.649863,1.465442,-0.248965,-0.845428,1.239777
9.020000,1,0.283999,0.642835,1.457547,-0.249806,-0.849065,1.239514
9.022000,1,0.283299,0.636006,1.449510,-0.250670,-0.852739,1.239298
9.024000,1,0.282580,0.629380,1.441333,-0.251559,-0.856448,1.239128
9.026000,1,0.281841,0.622960,1.433021,-0.252472,-0.860194,1.239002
9.028000,1,0.281080,0.616751,1.424576,-0.253408,-0.863975,1.238922
9.030000,1,0.280299,0.610751,1.416013,-0.254368,-0.867793,1.238886
9.032000,1,0.279493,0.604983,1.407337,-0.255350,-0.871646,1.238897
9.034000,1,0.278787,0.599578,1.398387,-0.256364,-0.875521,1.238944
9.036000,1,0.278155,0.594600,1.389148,-0.257407,-0.879416,1.239028
9.038000,1,0.277606,0.589963,1.379692,-0.258478,-0.883341,1.239151
9.040000,1,0.277092,0.585716,1.370046,-0.259573,-0.887299,1.239321
9.042000,1,0.276587,0.581840,1.360233,-0.260690,-0.891288,1.239532
9.044000,1,0.276080,0.578286,1.350283,-0.261826,-0.895312,1.239781
9.046000,1,0.275571,0.575053,1.340213,-0.262981,-0.899371,1.240068
9.048000,1,0.275002,0.572096,1.330102,-0.264152,-0.903472,1.240399
9.050000,1,0.274347,0.569377,1.319995,-0.265334,-0.907620,1.240779
9.052000,1,0.273644,0.566745,1.309999,-0.266531,-0.911825,1.241212
9.054000,1,0.272831,0.564315,1.300032,-0.267738,-0.916073,1.241689
9.056000,1,0.271911,0.562069,1.290096,-0.268956,-0.920364,1.242209
9.058000,1,0.270888,0.560006,1.280198,-0.270185,-0.924699,1.242774
9.060000,0,0.270711,0.559838,1.274923,-0.271560,-0.929209,1.243426
9.062000,0,0.270983,0.561293,1.273186,-0.273023,-0.933855,1.244156
9.064000,0,0.271019,0.563399,1.272318,-0.274430,-0.938560,1.245510
9.066000,0,0.270856,0.565986,1.272089,-0.275779,-0.943284,1.247425
9.068000,0,0.270534,0.568942,1.272360,-0.277087,-0.948047,1.249970
9.070000,0,0.270078,0.572152,1.272976,-0.278349,-0.952832,1.253132
9.072000,0,0.269516,0.575566,1.273871,-0.279581,-0.957624,1.256907
9.074000,0,0.268884,0.579112,1.274961,-0.280807,-0.962278,1.262292
9.076000,0,0.268195,0.582736,1.276172,-0.282025,-0.966781,1.269191
9.078000,0,0.267459,0.586403,1.277458,-0.283226,-0.971156,1.277385
9.080000,0,0.266684,0.590083,1.278784,-0.284402,-0.975432,1.286646
9.082000,0,0.265874,0.593728,1.280074,-0.285552,-0.979595,1.296908
9.084000,0,0.265039,0.597354,1.281357,-0.286658,-0.983659,1.307827
9.086000,0,0.264187,0.600952,1.282616,-0.287715,-0.987613,1.319224
9.088000,0,0.263322,0.604515,1.283832,-0.288718,-0.991435,1.330964
9.090000,0,0.262444,0.608009,1.284952,-0.289667,-0.995117,1.343024
9.092000,0,0.261561,0.611457,1.286003,-0.290558,-0.998618,1.355217
9.094000,0,0.260677,0.614858,1.286974,-0.291392,-1.001910,1.367454
9.096000,0,0.259795,0.618207,1.287857,-0.292168,-1.004971,1.379666
9.098000,0,0.258912,0.621482,1.288615,-0.292885,-1.007797,1.391854
9.100000,0,0.258031,0.624684,1.289247,-0.293547,-1.010376,1.403943
9.102000,0,0.257154,0.627815,1.289750,-0.294152,-1.012681,1.415908
9.104000,0,0.256286,0.630899,1.290152,-0.294702,-1.014668,1.427652
9.106000,0,0.255429,0.633935,1.290452,-0.295198,-1.016321,1.439137
9.108000,0,0.254580,0.636908,1.290625,-0.295642,-1.017643,1.450382
9.110000,0,0.253739,0.639817,1.290675,-0.296012,-1.018668,1.461346
9.112000,0,0.252906,0.642665,1.290607,-0.296308,-1.019390,1.472008
9.114000,0,0.252085,0.645472,1.290445,-0.296531,-1.019790,1.482306
9.116000,0,0.251277,0.648242,1.290195,-0.296684,-1.019863,1.492200
9.118000,0,0.250482,0.650977,1.289857,-0.296769,-1.019597,1.501709
9.120000,0,0.249700,0.653666,1.289415,-0.296787,-1.018994,1.510859
9.122000,0,0.248933,0.656315,1.288878,-0.296744,-1.018052,1.519622
9.124000,0,0.248181,0.658937,1.288263,-0.296640,-1.016754,1.527980
9.126000,0,0.247446,0.661532,1.287571,-0.296478,-1.015097,1.535926
9.128000,0,0.246729,0.664102,1.286805,-0.296260,-1.013080,1.543455
9.130000,0,0.246030,0.666641,1.285956,-0.295989,-1.010707,1.550594
9.132000,0,0.245350,0.669151,1.285027,-0.295667,-1.007983,1.557336
9.134000,0,0.244690,0.671635,1.284023,-0.295296,-1.004907,1.563678
9.136000,0,0.244050,0.674101,1.282958,-0.294877,-1.001486,1.569573
9.138000,0,0.243432,0.676550,1.281835,-0.294411,-0.997729,1.574994
9.140000,0,0.242835,0.678984,1.280656,-0.293901,-0.993637,1.579966
9.142000,0,0.242261,0.681400,1.279418,-0.293348,-0.989214,1.584518
9.144000,0,0.241712,0.683799,1.278124,-0.292757,-0.984477,1.588629
9.146000,0,0.241186,0.686183,1.276776,-0.292129,-0.979437,1.592301
9.148000,0,0.240685,0.688555,1.275381,-0.291465,-0.974095,1.595557
9.150000,0,0.240206,0.690919,1.273951,-0.290766,-0.968466,1.598375
9.152000,0,0.239751,0.693277,1.272490,-0.290034,-0.962577,1.600734
9.154000,0,0.239321,0.695630,1.270996,-0.289271,-0.956434,1.602659
9.156000,0,0.238916,0.697980,1.269477,-0.288480,-0.950057,1.604166
9.158000,0,0.238538,0.700332,1.267935,-0.287676,-0.943405,1.605288
9.160000,0,0.238186,0.702687,1.266371,-0.286861,-0.936488,1.606029
9.162000,0,0.237860,0.705043,1.264789,-0.286033,-0.929330,1.606368
9.164000,0,0.237563,0.707404,1.263194,-0.285197,-0.921939,1.606327
9.166000,0,0.237294,0.709771,1.261588,-0.284352,-0.914330,1.605904
9.168000,0,0.237050,0.712145,1.259979,-0.283495,-0.906525,1.605103
9.170000,0,0.236831,0.714528,1.258375,-0.282625,-0.898552,1.603926
9.172000,0,0.236637,0.716922,1.256777,-0.281742,-0.890429,1.602378
9.174000,0,0.236467,0.719328,1.255188,-0.280845,-0.882174,1.600465
9.176000,0,0.236325,0.721746,1.253609,-0.279936,-0.873791,1.598204
9.178000,0,0.236208,0.724179,1.252043,-0.279012,-0.865311,1.595593
9.180000,0,0.236116,0.726625,1.250494,-0.278071,-0.856752,1.592635
9.182000,0,0.236051,0.729089,1.248962,-0.277116,-0.848118,1.589348
9.184000,0,0.236013,0.731571,1.247454,-0.276169,-0.839418,1.585719
9.186000,0,0.236002,0.734074,1.245974,-0.275228,-0.830681,1.581743
9.188000,0,0.236017,0.736602,1.244526,-0.274295,-0.821899,1.577444
9.190000,0,0.236059,0.739155,1.243112,-0.273366,-0.813098,1.572832
9.192000,0,0.236126,0.741731,1.241733,-0.272437,-0.804310,1.567906
9.194000,0,0.236218,0.744334,1.240393,-0.271506,-0.795535,1.562680
9.196000,0,0.236336,0.746964,1.239091,-0.270574,-0.786787,1.557166
9.198000,0,0.236479,0.749623,1.237832,-0.269638,-0.778077,1.551374
9.200000,0,0.236648,0.752313,1.236617,-0.268698,-0.769406,1.545322
9.202000,0,0.236844,0.755038,1.235452,-0.267757,-0.760775,1.539025
9.204000,0,0.237063,0.757797,1.234339,-0.266807,-0.752221,1.532475
9.206000,0,0.237307,0.760590,1.233278,-0.265846,-0.743761,1.525677
9.208000,0,0.237578,0.763417,1.232270,-0.264912,-0.735423,1.518600
9.210000,0,0.237876,0.766280,1.231316,-0.264003,-0.727218,1.511253
9.212000,0,0.238201,0.769179,1.230416,-0.263122,-0.719146,1.503651
9.214000,0,0.238553,0.772114,1.229571,-0.262258,-0.711239,1.495801
9.216000,0,0.238930,0.775088,1.228784,-0.261405,-0.703502,1.487719
9.218000,0,0.239331,0.778102,1.228054,-0.260562,-0.695927,1.479421
9.220000,0,0.239757,0.781159,1.227388,-0.259732,-0.688513,1.470923
9.222000,0,0.240205,0.784258,1.226783,-0.258903,-0.681297,1.462226
9.224000,0,0.240677,0.787401,1.226242,-0.258074,-0.674268,1.453342
9.226000,0,0.241170,0.790586,1.225761,-0.257235,-0.667456,1.444268
9.228000,0,0.241684,0.793815,1.225342,-0.256382,-0.660866,1.435012
9.230000,0,0.242219,0.797088,1.224984,-0.255518,-0.654496,1.425589
9.232000,0,0.242775,0.800404,1.224687,-0.254640,-0.648346,1.416009
9.234000,0,0.243365,0.803751,1.224434,-0.253895,-0.642526,1.406066
9.236000,0,0.243987,0.807130,1.224227,-0.253277,-0.637037,1.395774
9.238000,0,0.244635,0.810548,1.224070,-0.252757,-0.631879,1.385180
9.240000,0,0.245309,0.814013,1.223969,-0.252335,-0.626948,1.374386
9.242000,0,0.246008,0.817524,1.223923,-0.252009,-0.622242,1.363403
9.244000,0,0.246726,0.821077,1.223929,-0.251696,-0.617838,1.352172
9.246000,0,0.247455,0.824676,1.223989,-0.251327,-0.613729,1.340819
9.248000,0,0.248193,0.828323,1.224105,-0.250870,-0.609878,1.329412
9.250000,0,0.248942,0.832029,1.224285,-0.250352,-0.606140,1.318083
9.252000,0,0.249703,0.835789,1.224526,-0.249774,-0.602513,1.306833
9.254000,0,0.250474,0.839602,1.224827,-0.249125,-0.598975,1.295673
9.256000,0,0.251254,0.843457,1.225174,-0.248360,-0.595635,1.284497
9.256000,0,0.251254,0.843457,1.225174,-0.248360,-0.595635,1.284497
9.260000,0,0.252886,0.851305,1.226019,-0.247119,-0.589076,1.262082
9.262000,0,0.253837,0.855354,1.226523,-0.247166,-0.587449,1.254547
9.264000,1,0.254804,0.859478,1.227057,-0.247508,-0.587459,1.250345
9.266000,1,0.255775,0.863661,1.227619,-0.248100,-0.588839,1.248925
9.268000,1,0.256744,0.867894,1.228218,-0.248756,-0.591366,1.249573
9.270000,1,0.257705,0.871952,1.228547,-0.249261,-0.594575,1.250646
9.272000,1,0.258674,0.876301,1.230090,-0.249550,-0.598004,1.251882
9.274000,1,0.259661,0.880962,1.232947,-0.249660,-0.601582,1.253226
9.276000,1,0.260661,0.885910,1.237092,-0.249622,-0.605244,1.254605
9.278000,1,0.261679,0.891114,1.242472,-0.249466,-0.608955,1.255991
9.280000,1,0.262728,0.896457,1.249446,-0.249225,-0.612677,1.257355
9.282000,1,0.263805,0.901900,1.257820,-0.248918,-0.616392,1.258682
9.284000,1,0.264925,0.907309,1.267274,-0.248565,-0.620117,1.259987
9.286000,1,0.266080,0.912638,1.277573,-0.248178,-0.623839,1.261260
9.288000,1,0.267269,0.917878,1.288667,-0.247760,-0.627526,1.262457
9.290000,1,0.268483,0.922994,1.300362,-0.247319,-0.631172,1.263572
9.292000,1,0.268483,0.922994,1.300362,-0.247319,-0.631172,1.263572
9.294000,1,0.270956,0.932723,1.324891,-0.246392,-0.638325,1.265544
9.296000,1,0.272201,0.937266,1.337428,-0.245918,-0.641831,1.266396
9.298000,1,0.273451,0.941584,1.350099,-0.245434,-0.645274,1.267137
9.300000,1,0.273451,0.941584,1.350099,-0.245434,-0.645274,1.267137
9.302000,1,0.275933,0.949308,1.375066,-0.244477,-0.652055,1.268387
9.304000,1,0.277166,0.952628,1.387274,-0.244009,-0.655393,1.268885
9.306000,1,0.278387,0.955576,1.399181,-0.243552,-0.658701,1.269308
9.308000,1,0.279596,0.958153,1.410815,-0.243105,-0.661965,1.269636
9.310000,1,0.280768,0.960387,1.422131,-0.242665,-0.665184,1.269870
9.312000,1,0.281897,0.962267,1.433069,-0.242236,-0.668370,1.270032
9.314000,1,0.282981,0.963782,1.443622,-0.241818,-0.671525,1.270118
9.316000,1,0.284025,0.964938,1.453822,-0.241411,-0.674639,1.270115
9.318000,1,0.285027,0.965722,1.463633,-0.241019,-0.677723,1.270035
9.320000,1,0.285992,0.966082,1.473071,-0.240643,-0.680780,1.269874
9.320000,1,0.285992,0.966082,1.473071,-0.240643,-0.680780,1.269874
9.324000,1,0.287809,0.965566,1.490785,-0.239942,-0.686809,1.269315
9.326000,1,0.288660,0.964749,1.499067,-0.239615,-0.689777,1.268918
9.328000,1,0.289472,0.963559,1.506938,-0.239306,-0.692721,1.268454
9.330000,1,0.290244,0.962000,1.514392,-0.239016,-0.695642,1.267925
9.332000,1,0.290977,0.960067,1.521432,-0.238744,-0.698543,1.267333
9.334000,1,0.291671,0.957761,1.528059,-0.238493,-0.701424,1.266678
9.336000,1,0.292328,0.955028,1.534275,-0.238263,-0.704291,1.265962
9.338000,1,0.292328,0.955028,1.534275,-0.238263,-0.704291,1.265962
9.340000,1,0.293528,0.948486,1.545463,-0.237867,-0.709972,1.264359
9.342000,1,0.294075,0.944637,1.550458,-0.237704,-0.712789,1.263470
9.344000,1,0.294584,0.940453,1.555035,-0.237563,-0.715593,1.262532
9.346000,1,0.294584,0.940453,1.555035,-0.237563,-0.715593,1.262532
9.348000,1,0.295497,0.931120,1.562987,-0.237351,-0.721162,1.260516
9.350000,1,0.295900,0.925935,1.566344,-0.237281,-0.723939,1.259450
9.352000,1,0.296273,0.920390,1.569315,-0.237239,-0.726711,1.258342
9.354000,1,0.296611,0.914565,1.571886,-0.237221,-0.729476,1.257201
9.356000,1,0.296913,0.908478,1.574057,-0.237227,-0.732237,1.256032
9.358000,1,0.297185,0.902137,1.575805,-0.237257,-0.734996,1.254841
9.360000,1,0.297427,0.895556,1.577157,-0.237312,-0.737755,1.253632
9.362000,1,0.297640,0.888747,1.578122,-0.237392,-0.740516,1.252407
9.364000,1,0.297827,0.881716,1.578718,-0.237500,-0.743280,1.251166
9.366000,1,0.297987,0.874475,1.578950,-0.237636,-0.746051,1.249917
9.368000,1,0.298119,0.867037,1.578819,-0.237798,-0.748831,1.248662
9.370000,1,0.298221,0.859429,1.578314,-0.237985,-0.751620,1.247408
9.372000,1,0.298290,0.851665,1.577438,-0.238197,-0.754421,1.246158
9.374000,1,0.298325,0.843761,1.576199,-0.238434,-0.757234,1.244913
9.376000,1,0.298329,0.835720,1.574614,-0.238699,-0.760060,1.243673
9.378000,1,0.298300,0.827557,1.572691,-0.238991,-0.762900,1.242441
9.380000,1,0.298233,0.819300,1.570424,-0.239308,-0.765755,1.241222
9.382000,1,0.298140,0.810959,1.567814,-0.239651,-0.768627,1.240018
9.384000,1,0.298019,0.802550,1.564869,-0.240021,-0.771518,1.238833
9.386000,1,0.297872,0.794076,1.561606,-0.240419,-0.774428,1.237668
9.388000,1,0.297698,0.785550,1.558033,-0.240845,-0.777359,1.236524
9.390000,1,0.297492,0.777003,1.554151,-0.241296,-0.780317,1.235414
9.392000,1,0.297253,0.768449,1.549969,-0.241771,-0.783302,1.234339
9.394000,1,0.296979,0.759902,1.545497,-0.242271,-0.786315,1.233299
9.396000,1,0.296668,0.751375,1.540743,-0.242797,-0.789356,1.232296
9.398000,1,0.296320,0.742881,1.535718,-0.243348,-0.792426,1.231332
9.400000,1,0.295933,0.734433,1.530429,-0.243923,-0.795525,1.230406
9.402000,1,0.295509,0.726031,1.524894,-0.244526,-0.798656,1.229519
9.404000,1,0.295044,0.717699,1.519112,-0.245154,-0.801817,1.228674
9.406000,1,0.294538,0.709449,1.513092,-0.245807,-0.805010,1.227872
9.408000,1,0.294009,0.701320,1.506814,-0.246487,-0.808234,1.227114
9.410000,1,0.293458,0.693327,1.500287,-0.247193,-0.811488,1.226401
9.412000,1,0.292885,0.685470,1.493528,-0.247927,-0.814774,1.225732
9.414000,1,0.292290,0.677756,1.486549,-0.248688,-0.818094,1.225109
9.416000,1,0.291671,0.670194,1.479362,-0.249474,-0.821450,1.224538
9.418000,1,0.291024,0.662799,1.471973,-0.250285,-0.824844,1.224020
9.420000,1,0.290348,0.655579,1.464390,-0.251121,-0.828276,1.223555
9.422000,1,0.289640,0.648539,1.456625,-0.251980,-0.831746,1.223142
9.424000,1,0.288904,0.641678,1.448692,-0.252865,-0.835254,1.222782
9.426000,1,0.288131,0.634986,1.440547,-0.253774,-0.838802,1.222474
9.428000,1,0.287327,0.628490,1.432247,-0.254708,-0.842389,1.222219
9.430000,1,0.286491,0.622196,1.423805,-0.255664,-0.846013,1.222013
9.432000,1,0.285716,0.616186,1.415120,-0.256653,-0.849664,1.221850
9.434000,1,0.285004,0.610466,1.406202,-0.257671,-0.853345,1.221729
9.436000,1,0.284355,0.605036,1.397067,-0.258718,-0.857055,1.221652
9.438000,1,0.283758,0.599890,1.387742,-0.259792,-0.860799,1.221623
9.440000,1,0.283198,0.595022,1.378254,-0.260890,-0.864581,1.221644
9.442000,1,0.282646,0.590415,1.368639,-0.262009,-0.868403,1.221714
9.444000,1,0.282086,0.586061,1.358916,-0.263149,-0.872264,1.221835
9.446000,1,0.281505,0.581951,1.349104,-0.264308,-0.876167,1.222004
9.448000,1,0.280904,0.578083,1.339215,-0.265486,-0.880109,1.222222
9.450000,1,0.280273,0.574449,1.329264,-0.266682,-0.884093,1.222490
9.452000,1,0.279568,0.571046,1.319271,-0.267892,-0.888122,1.222809
9.454000,1,0.278768,0.567866,1.309251,-0.269116,-0.892193,1.223176
9.456000,1,0.277869,0.564893,1.299221,-0.270352,-0.896306,1.223590
9.458000,1,0.276873,0.562126,1.289191,-0.271601,-0.900460,1.224049
9.460000,1,0.276190,0.559711,1.278783,-0.272898,-0.904619,1.224515
9.462000,1,0.275640,0.557536,1.268217,-0.274222,-0.908804,1.225006
9.464000,1,0.275117,0.555527,1.257629,-0.275561,-0.913032,1.225537
9.466000,0,0.274865,0.555443,1.251181,-0.276976,-0.917451,1.226183
9.468000,0,0.274773,0.556989,1.248105,-0.278439,-0.922037,1.226933
9.470000,0,0.274507,0.559216,1.246278,-0.279850,-0.926735,1.228416
9.472000,0,0.274104,0.561955,1.245409,-0.281202,-0.931494,1.230537
9.474000,0,0.273589,0.565093,1.245302,-0.282501,-0.936307,1.233292
9.476000,0,0.272984,0.568538,1.245796,-0.283755,-0.941171,1.236690
9.478000,0,0.272984,0.568538,1.245796,-0.283755,-0.941171,1.236690
9.480000,0,0.271585,0.576029,1.248038,-0.286166,-0.950863,1.246475
9.482000,0,0.270823,0.579914,1.249517,-0.287335,-0.955523,1.253751
9.484000,0,0.270034,0.583861,1.251177,-0.288485,-0.960085,1.262260
9.486000,0,0.269225,0.587840,1.252964,-0.289607,-0.964563,1.271778
9.488000,0,0.268400,0.591828,1.254829,-0.290694,-0.968949,1.282105
9.490000,0,0.267562,0.595805,1.256730,-0.291741,-0.973228,1.293070
9.492000,0,0.266711,0.599729,1.258593,-0.292745,-0.977388,1.304629
9.494000,0,0.265849,0.603592,1.260394,-0.293705,-0.981410,1.316636
9.496000,0,0.264986,0.607414,1.262150,-0.294612,-0.985251,1.328863
9.498000,0,0.264124,0.611188,1.263844,-0.295467,-0.988885,1.341203
9.500000,0,0.264124,0.611188,1.263844,-0.295467,-0.988885,1.341203
9.502000,0,0.262409,0.618573,1.266971,-0.297014,-0.995435,1.365923
9.504000,0,0.261553,0.622158,1.268356,-0.297708,-0.998326,1.378242
9.506000,0,0.260695,0.625652,1.269584,-0.298355,-1.000928,1.390594
9.508000,0,0.259842,0.629083,1.270701,-0.298929,-1.003263,1.402738
9.510000,0,0.258994,0.632454,1.271705,-0.299424,-1.005321,1.414614
9.512000,0,0.258155,0.635764,1.272591,-0.299842,-1.007086,1.426199
9.514000,0,0.257324,0.639013,1.273356,-0.300187,-1.008547,1.437475
9.516000,0,0.256500,0.642188,1.273979,-0.300461,-1.009704,1.448465
9.518000,0,0.255685,0.645295,1.274463,-0.300668,-1.010549,1.459157
9.520000,0,0.254881,0.648350,1.274833,-0.300811,-1.011056,1.469500
9.522000,0,0.254090,0.651358,1.275091,-0.300891,-1.011212,1.479481
9.524000,0,0.253312,0.654320,1.275232,-0.300907,-1.010963,1.489106
9.526000,0,0.252548,0.657238,1.275258,-0.300860,-1.010302,1.498363
9.528000,0,0.251798,0.660104,1.275158,-0.300753,-1.009233,1.507280
9.530000,0,0.251063,0.662921,1.274938,-0.300587,-1.007756,1.515840
9.532000,0,0.250343,0.665697,1.274621,-0.300365,-1.005934,1.523974
9.534000,0,0.249639,0.668436,1.274213,-0.300088,-1.003773,1.531668
9.536000,0,0.248953,0.671139,1.273716,-0.299757,-1.001273,1.538921
9.538000,0,0.248286,0.673813,1.273130,-0.299369,-0.998374,1.545736
9.540000,0,0.247638,0.676453,1.272450,-0.298926,-0.995083,1.552141
9.542000,0,0.247012,0.679063,1.271679,-0.298431,-0.991402,1.558114
9.544000,0,0.246405,0.681646,1.270836,-0.297892,-0.987404,1.563637
9.546000,0,0.245818,0.684203,1.269925,-0.297312,-0.983103,1.568711
9.548000,0,0.245253,0.686744,1.268954,-0.296686,-0.978443,1.573327
9.550000,0,0.244709,0.689267,1.267926,-0.296023,-0.973491,1.577501
9.552000,0,0.244188,0.691772,1.266839,-0.295327,-0.968254,1.581258
9.554000,0,0.243688,0.694262,1.265704,-0.294597,-0.962748,1.584579
9.556000,0,0.243211,0.696739,1.264524,-0.293836,-0.956983,1.587464
9.558000,0,0.242759,0.699208,1.263302,-0.293053,-0.950940,1.589922
9.560000,0,0.242333,0.701668,1.262036,-0.292252,-0.944625,1.591976
9.562000,0,0.241934,0.704122,1.260731,-0.291435,-0.938044,1.593630
9.564000,0,0.241563,0.706570,1.259390,-0.290605,-0.931211,1.594908
9.566000,0,0.241217,0.709016,1.258022,-0.289759,-0.924151,1.595790
9.568000,0,0.240898,0.711465,1.256638,-0.288901,-0.916868,1.596294
9.570000,0,0.240607,0.713922,1.255239,-0.288023,-0.909315,1.596390
9.572000,0,0.240343,0.716385,1.253830,-0.287131,-0.901571,1.596109
9.574000,0,0.240106,0.718852,1.252413,-0.286226,-0.893650,1.595450
9.576000,0,0.239893,0.721326,1.250995,-0.285304,-0.885592,1.594402
9.578000,0,0.239707,0.723808,1.249575,-0.284367,-0.877400,1.592985
9.580000,0,0.239548,0.726299,1.248157,-0.283414,-0.869091,1.591204
9.582000,0,0.239416,0.728801,1.246744,-0.282444,-0.860681,1.589067
9.584000,0,0.239311,0.731316,1.245342,-0.281476,-0.852174,1.586562
9.586000,0,0.239233,0.733853,1.243964,-0.280511,-0.843584,1.583699
9.588000,0,0.239186,0.736413,1.242611,-0.279550,-0.834916,1.580495
9.590000,0,0.239168,0.738997,1.241283,-0.278592,-0.826185,1.576959
9.592000,0,0.239174,0.741601,1.239980,-0.277633,-0.817420,1.573090
9.594000,0,0.239206,0.744225,1.238704,-0.276669,-0.808637,1.568898
9.596000,0,0.239264,0.746875,1.237457,-0.275693,-0.799806,1.564346
9.598000,0,0.239350,0.749552,1.236242,-0.274708,-0.790929,1.559454
9.600000,0,0.239465,0.752256,1.235059,-0.273711,-0.782023,1.554231
9.602000,0,0.239605,0.754987,1.233915,-0.272709,-0.773152,1.548742
9.604000,0,0.239769,0.757749,1.232814,-0.271693,-0.764316,1.542946
9.606000,0,0.239957,0.760539,1.231757,-0.270667,-0.755567,1.536900
9.608000,0,0.240171,0.763359,1.230745,-0.269662,-0.746931,1.530585
9.610000,0,0.240413,0.766209,1.229778,-0.268678,-0.738408,1.524017
9.612000,0,0.240683,0.769095,1.228860,-0.267711,-0.729978,1.517148
9.614000,0,0.240980,0.772014,1.227992,-0.266763,-0.721679,1.510044
9.616000,0,0.241303,0.774971,1.227176,-0.265822,-0.713506,1.502657
9.618000,0,0.241650,0.777964,1.226414,-0.264888,-0.705492,1.495053
9.620000,0,0.242021,0.780998,1.225709,-0.263961,-0.697645,1.487245
9.622000,0,0.242416,0.784072,1.225064,-0.263040,-0.689966,1.479248
9.624000,0,0.242836,0.787190,1.224478,-0.262119,-0.682438,1.471015
9.626000,0,0.243278,0.790351,1.223952,-0.261197,-0.675094,1.462598
9.628000,0,0.243743,0.793554,1.223485,-0.260273,-0.667938,1.454007
9.630000,0,0.244230,0.796801,1.223077,-0.259344,-0.660976,1.445248
9.632000,0,0.244748,0.800084,1.222719,-0.258521,-0.654260,1.436202
9.634000,0,0.245298,0.803405,1.222413,-0.257804,-0.647790,1.426885
9.636000,0,0.245876,0.806764,1.222160,-0.257189,-0.641587,1.417301
9.638000,0,0.246479,0.810167,1.221963,-0.256648,-0.635632,1.407490
9.640000,0,0.247105,0.813614,1.221822,-0.256162,-0.629922,1.397481
9.642000,0,0.247752,0.817108,1.221738,-0.255713,-0.624450,1.387297
9.644000,0,0.248419,0.820647,1.221710,-0.255285,-0.619213,1.376958
9.646000,0,0.249106,0.824232,1.221738,-0.254880,-0.614208,1.366477
9.648000,0,0.249809,0.827864,1.221820,-0.254466,-0.609430,1.355878
9.650000,0,0.250528,0.831542,1.221956,-0.254026,-0.604871,1.345175
9.652000,0,0.251260,0.835265,1.222144,-0.253531,-0.600545,1.334382
9.654000,0,0.252005,0.839034,1.222383,-0.252960,-0.596448,1.323514
9.656000,0,0.252762,0.842848,1.222673,-0.252317,-0.592579,1.312584
9.658000,0,0.253531,0.846708,1.223015,-0.251594,-0.588928,1.301609
9.660000,0,0.254340,0.850596,1.223381,-0.251118,-0.585499,1.290295
9.662000,0,0.255186,0.854513,1.223773,-0.250888,-0.582290,1.278655
9.664000,0,0.256046,0.858478,1.224212,-0.250711,-0.579234,1.266932
9.666000,0,0.256912,0.862496,1.224704,-0.250498,-0.576292,1.255246
9.668000,1,0.257840,0.866666,1.225301,-0.250438,-0.575228,1.247397
9.670000,1,0.258811,0.870959,1.225988,-0.250469,-0.575756,1.242715
9.672000,1,0.259805,0.875536,1.227828,-0.250359,-0.577091,1.239450
9.674000,1,0.260819,0.880370,1.230802,-0.250135,-0.579056,1.237311
9.676000,1,0.261856,0.885431,1.234843,-0.249823,-0.581532,1.236096
9.678000,1,0.262908,0.890691,1.239939,-0.249440,-0.584397,1.235602
9.680000,1,0.263995,0.896017,1.246500,-0.249017,-0.587577,1.235718
9.682000,1,0.265132,0.901328,1.254386,-0.248567,-0.591009,1.236317
9.684000,1,0.266313,0.906605,1.263518,-0.248092,-0.594610,1.237263
9.686000,1,0.267520,0.911816,1.273517,-0.247605,-0.598358,1.238508
9.688000,1,0.268741,0.916933,1.284167,-0.247109,-0.602215,1.239982
9.690000,1,0.269976,0.921946,1.295427,-0.246606,-0.606126,1.241590
9.692000,1,0.271217,0.926825,1.307134,-0.246098,-0.610066,1.243282
9.694000,1,0.271217,0.926825,1.307134,-0.246098,-0.610066,1.243282
9.696000,1,0.273678,0.935992,1.331026,-0.245098,-0.618016,1.246839
9.698000,1,0.274895,0.940245,1.343097,-0.244605,-0.621973,1.248607
9.700000,1,0.276100,0.944243,1.355097,-0.244124,-0.625911,1.250346
9.702000,1,0.277293,0.947963,1.366968,-0.243653,-0.629824,1.252039
9.704000,1,0.278475,0.951404,1.378721,-0.243190,-0.633687,1.253644
9.706000,1,0.279652,0.954513,1.390361,-0.242736,-0.637496,1.255141
9.708000,1,0.280818,0.957307,1.401808,-0.242293,-0.641246,1.256524
9.710000,1,0.281942,0.959795,1.412962,-0.241862,-0.644942,1.257805
9.712000,1,0.283022,0.961966,1.423796,-0.241443,-0.648584,1.258975
9.714000,1,0.284058,0.963811,1.434299,-0.241036,-0.652173,1.260034
9.716000,1,0.285054,0.965333,1.444497,-0.240640,-0.655696,1.260963
9.718000,1,0.286015,0.966485,1.454411,-0.240258,-0.659156,1.261756
9.720000,1,0.286938,0.967292,1.464021,-0.239889,-0.662554,1.262415
9.722000,1,0.287820,0.967746,1.473260,-0.239536,-0.665901,1.262957
9.724000,1,0.288661,0.967844,1.482113,-0.239198,-0.669197,1.263385
9.726000,1,0.289462,0.967581,1.490579,-0.238878,-0.672446,1.263699
9.728000,1,0.290225,0.966962,1.498686,-0.238574,-0.675640,1.263889
9.730000,1,0.290951,0.965983,1.506432,-0.238288,-0.678784,1.263960
9.732000,1,0.291637,0.964643,1.513780,-0.238021,-0.681884,1.263926
9.734000,1,0.292284,0.962932,1.520744,-0.237770,-0.684949,1.263796
9.736000,1,0.292890,0.960863,1.527303,-0.237539,-0.687979,1.263572
9.738000,1,0.293460,0.958440,1.533487,-0.237326,-0.690970,1.263250
9.740000,1,0.293993,0.955612,1.539290,-0.237135,-0.693929,1.262832
9.742000,1,0.294485,0.952440,1.544680,-0.236964,-0.696858,1.262333
9.744000,1,0.294936,0.948876,1.549646,-0.236813,-0.699763,1.261754
9.746000,1,0.295346,0.944927,1.554187,-0.236685,-0.702645,1.261101
9.748000,1,0.295715,0.940603,1.558319,-0.236577,-0.705507,1.260376
9.750000,1,0.296048,0.935909,1.562066,-0.236494,-0.708346,1.259579
9.752000,1,0.296340,0.930945,1.565399,-0.236430,-0.711161,1.258720
9.754000,1,0.296590,0.925725,1.568316,-0.236385,-0.713954,1.257806
9.756000,1,0.296799,0.920260,1.570825,-0.236362,-0.716732,1.256847
9.758000,1,0.296976,0.914540,1.572933,-0.236360,-0.719499,1.255844
9.760000,1,0.297122,0.908511,1.574624,-0.236382,-0.722260,1.254802
9.762000,1,0.297241,0.902178,1.575941,-0.236432,-0.725017,1.253718
9.764000,1,0.297334,0.895619,1.576911,-0.236504,-0.727767,1.252602
9.766000,1,0.297400,0.888860,1.577521,-0.236599,-0.730511,1.251458
9.768000,1,0.297438,0.881901,1.577782,-0.236718,-0.733253,1.250290
9.770000,1,0.297444,0.874766,1.577683,-0.236861,-0.735993,1.249101
9.772000,1,0.297423,0.867459,1.577241,-0.237029,-0.738733,1.247893
9.774000,1,0.297371,0.859995,1.576458,-0.237223,-0.741477,1.246674
9.776000,1,0.297286,0.852395,1.575321,-0.237440,-0.744229,1.245451
9.778000,1,0.297169,0.844663,1.573848,-0.237683,-0.746989,1.244224
9.780000,1,0.297017,0.836822,1.572039,-0.237952,-0.749758,1.242997
9.782000,1,0.296834,0.828861,1.569912,-0.238247,-0.752539,1.241773
9.784000,1,0.296624,0.820820,1.567442,-0.238567,-0.755333,1.240557
9.786000,1,0.296389,0.812699,1.564640,-0.238912,-0.758142,1.239353
9.788000,1,0.296125,0.804528,1.561509,-0.239282,-0.760966,1.238162
9.790000,1,0.295833,0.796309,1.558066,-0.239679,-0.763806,1.236986
9.792000,1,0.295518,0.788031,1.554327,-0.240104,-0.766667,1.235828
9.794000,1,0.295175,0.779719,1.550299,-0.240555,-0.769549,1.234693
9.796000,1,0.294800,0.771404,1.545975,-0.241030,-0.772452,1.233583
9.798000,1,0.294390,0.763098,1.541365,-0.241530,-0.775378,1.232502
9.800000,1,0.293948,0.754803,1.536486,-0.242054,-0.778332,1.231456
9.802000,1,0.293472,0.746534,1.531347,-0.242604,-0.781316,1.230448
9.804000,1,0.292962,0.738302,1.525954,-0.243179,-0.784329,1.229479
9.806000,1,0.292415,0.730121,1.520315,-0.243779,-0.787372,1.228549
9.808000,1,0.291846,0.722037,1.514405,-0.244404,-0.790443,1.227660
9.810000,1,0.291257,0.714050,1.508240,-0.245055,-0.793544,1.226813
9.812000,1,0.290647,0.706174,1.501826,-0.245732,-0.796674,1.226008
9.814000,1,0.290015,0.698419,1.495177,-0.246435,-0.799836,1.225247
9.816000,1,0.289358,0.690794,1.488302,-0.247163,-0.803031,1.224533
9.818000,1,0.288676,0.683309,1.481212,-0.247915,-0.806258,1.223864
9.820000,1,0.287964,0.675980,1.473913,-0.248691,-0.809519,1.223244
9.822000,1,0.287223,0.668806,1.466418,-0.249492,-0.812814,1.222671
9.824000,1,0.286452,0.661796,1.458739,-0.250317,-0.816145,1.222147
9.826000,1,0.285650,0.654953,1.450884,-0.251164,-0.819513,1.221677
9.828000,1,0.284818,0.648286,1.442861,-0.252035,-0.822920,1.221261
9.830000,1,0.283966,0.641771,1.434678,-0.252929,-0.826368,1.220898
9.832000,1,0.283094,0.635409,1.426348,-0.253846,-0.829855,1.220588
9.834000,1,0.282190,0.629242,1.417868,-0.254785,-0.833380,1.220330
9.836000,1,0.281337,0.623345,1.409139,-0.255753,-0.836933,1.220117
9.838000,1,0.280534,0.617731,1.400167,-0.256748,-0.840513,1.219948
9.840000,1,0.279771,0.612402,1.390970,-0.257770,-0.844123,1.219822
9.842000,1,0.279060,0.607288,1.381600,-0.258818,-0.847769,1.219741
9.844000,1,0.278402,0.602387,1.372070,-0.259891,-0.851451,1.219705
9.846000,1,0.277772,0.597689,1.362354,-0.260989,-0.855170,1.219716
9.848000,1,0.277168,0.593198,1.352526,-0.262107,-0.858930,1.219776
9.850000,1,0.276532,0.588934,1.342568,-0.263243,-0.862730,1.219890
9.852000,1,0.275864,0.584898,1.332544,-0.264394,-0.866570,1.220055
9.854000,1,0.275163,0.581088,1.322467,-0.265562,-0.870450,1.220268
9.856000,1,0.274402,0.577504,1.312346,-0.266744,-0.874367,1.220527
9.858000,1,0.273504,0.574271,1.302128,-0.267936,-0.878313,1.220828
9.860000,1,0.272724,0.571555,1.291468,-0.269160,-0.882258,1.221140
9.862000,1,0.272012,0.569240,1.280527,-0.270409,-0.886223,1.221478
9.864000,1,0.271301,0.567199,1.269488,-0.271675,-0.890224,1.221851
9.866000,1,0.270593,0.565429,1.258364,-0.272959,-0.894262,1.222260
9.868000,0,0.270097,0.565452,1.251198,-0.274323,-0.898463,1.222768
9.870000,0,0.269719,0.566994,1.247264,-0.275738,-0.902811,1.223369
9.872000,0,0.269393,0.569816,1.245957,-0.277185,-0.907295,1.224059
9.874000,0,0.268936,0.573074,1.245594,-0.278582,-0.911968,1.225693
9.876000,0,0.268370,0.576641,1.245931,-0.279930,-0.916796,1.228225
9.878000,0,0.267717,0.580431,1.246789,-0.281230,-0.921725,1.231541
9.880000,0,0.266990,0.584358,1.248008,-0.282479,-0.926736,1.235630
9.882000,0,0.266203,0.588373,1.249488,-0.283682,-0.931813,1.240493
9.884000,0,0.265388,0.592454,1.251182,-0.284870,-0.936808,1.246900
9.886000,0,0.264546,0.596539,1.252978,-0.286038,-0.941701,1.254761
9.888000,0,0.263687,0.600632,1.254866,-0.287184,-0.946491,1.263819
9.890000,0,0.262816,0.604713,1.256807,-0.288302,-0.951176,1.273849
9.892000,0,0.261929,0.608741,1.258724,-0.289388,-0.955740,1.284791
9.894000,0,0.261032,0.612707,1.260592,-0.290437,-0.960172,1.296449
9.896000,0,0.260132,0.616633,1.262435,-0.291439,-0.964438,1.308514
9.898000,0,0.259226,0.620492,1.264201,-0.292397,-0.968530,1.320963
9.900000,0,0.258322,0.624307,1.265912,-0.293303,-0.972404,1.333560
9.902000,0,0.257422,0.628074,1.267554,-0.294158,-0.976030,1.346202
9.904000,0,0.256523,0.631768,1.269083,-0.294961,-0.979405,1.358884
9.906000,0,0.255631,0.635408,1.270517,-0.295711,-0.982484,1.371475
9.908000,0,0.254746,0.638987,1.271850,-0.296386,-0.985298,1.383895
9.910000,0,0.253864,0.642488,1.273051,-0.296985,-0.987844,1.396154
9.912000,0,0.252986,0.645907,1.274110,-0.297506,-0.990108,1.408204
9.914000,0,0.252118,0.649270,1.275061,-0.297954,-0.992062,1.419974
9.916000,0,0.251260,0.652579,1.275900,-0.298333,-0.993691,1.431437
9.918000,0,0.250412,0.655821,1.276607,-0.298642,-0.994998,1.442615
9.920000,0,0.249576,0.659000,1.277186,-0.298889,-0.995978,1.453473
9.922000,0,0.248751,0.662118,1.277637,-0.299075,-0.996617,1.464020
9.924000,0,0.247942,0.665191,1.277980,-0.299202,-0.996895,1.474175
9.926000,0,0.247148,0.668221,1.278218,-0.299270,-0.996802,1.483946
9.928000,0,0.246369,0.671199,1.278337,-0.299284,-0.996340,1.493361
9.930000,0,0.245606,0.674129,1.278341,-0.299243,-0.995504,1.502412
9.932000,0,0.244860,0.677015,1.278228,-0.299140,-0.994247,1.511110
9.934000,0,0.244131,0.679856,1.278010,-0.298981,-0.992622,1.519401
9.936000,0,0.243421,0.682665,1.277703,-0.298767,-0.990633,1.527232
9.938000,0,0.242731,0.685442,1.277312,-0.298498,-0.988276,1.534620
9.940000,0,0.242060,0.688186,1.276829,-0.298177,-0.985557,1.541597
9.942000,0,0.241410,0.690898,1.276259,-0.297807,-0.982482,1.548143
9.944000,0,0.240780,0.693584,1.275611,-0.297390,-0.979049,1.554282
9.946000,0,0.240172,0.696251,1.274898,-0.296927,-0.975275,1.559954
9.948000,0,0.239585,0.698899,1.274124,-0.296419,-0.971168,1.565158
9.950000,0,0.239022,0.701528,1.273285,-0.295870,-0.966734,1.569921
9.952000,0,0.238481,0.704141,1.272385,-0.295281,-0.961972,1.574272
9.954000,0,0.237965,0.706738,1.271427,-0.294654,-0.956893,1.578214
9.956000,0,0.237471,0.709324,1.270422,-0.293987,-0.951517,1.581719
9.958000,0,0.237003,0.711898,1.269368,-0.293285,-0.945848,1.584814
9.960000,0,0.236560,0.714464,1.268269,-0.292556,-0.939876,1.587499
9.962000,0,0.236144,0.717026,1.267134,-0.291804,-0.933605,1.589780
9.964000,0,0.235751,0.719588,1.265976,-0.291028,-0.927075,1.591613
9.966000,0,0.235384,0.722150,1.264797,-0.290231,-0.920305,1.593024
9.968000,0,0.235041,0.724714,1.263601,-0.289414,-0.913311,1.594023
9.970000,0,0.234727,0.727280,1.262385,-0.288579,-0.906098,1.594631
9.972000,0,0.234439,0.729850,1.261153,-0.287727,-0.898683,1.594857
9.974000,0,0.234178,0.732426,1.259911,-0.286854,-0.891092,1.594690
9.976000,0,0.233942,0.735009,1.258665,-0.285959,-0.883334,1.594151
9.978000,0,0.233731,0.737599,1.257415,-0.285043,-0.875435,1.593233
9.980000,0,0.233548,0.740199,1.256164,-0.284107,-0.867399,1.591956
9.982000,0,0.233395,0.742818,1.254918,-0.283145,-0.859177,1.590304
9.984000,0,0.233269,0.745452,1.253682,-0.282164,-0.850841,1.588320
9.986000,0,0.233170,0.748101,1.252458,-0.281182,-0.842426,1.585977
9.988000,0,0.233100,0.750767,1.251249,-0.280202,-0.833936,1.583291
9.990000,0,0.233056,0.753452,1.250060,-0.279220,-0.825396,1.580267
9.992000,0,0.233038,0.756157,1.248893,-0.278236,-0.816826,1.576907
9.994000,0,0.233049,0.758884,1.247750,-0.277251,-0.808230,1.573229
9.996000,0,0.233088,0.761633,1.246633,-0.276263,-0.799621,1.569240
9.998000,0,0.233152,0.764410,1.245552,-0.275268,-0.791038,1.564943
10.000000,0,0.233241,0.767216,1.244509,-0.274265,-0.782484,1.560350
10.002000,0,0.233358,0.770051,1.243504,-0.273255,-0.773960,1.555477
10.004000,0,0.233501,0.772918,1.242539,-0.272237,-0.765477,1.550336
10.006000,0,0.233670,0.775817,1.241617,-0.271209,-0.757058,1.544927
10.008000,0,0.233866,0.778750,1.240739,-0.270203,-0.748686,1.539245
10.010000,0,0.234093,0.781719,1.239906,-0.269219,-0.740363,1.533303
10.012000,0,0.234347,0.784722,1.239119,-0.268254,-0.732131,1.527097
10.014000,0,0.234628,0.787761,1.238380,-0.267303,-0.724001,1.520633
10.016000,0,0.234936,0.790839,1.237694,-0.266366,-0.715975,1.513925
10.018000,0,0.235270,0.793956,1.237062,-0.265440,-0.708063,1.506984
10.020000,0,0.235628,0.797115,1.236484,-0.264519,-0.700286,1.499811
10.022000,0,0.236010,0.800314,1.235962,-0.263601,-0.692653,1.492415
10.024000,0,0.236416,0.803555,1.235495,-0.262685,-0.685163,1.484810
10.026000,0,0.236848,0.806837,1.235082,-0.261771,-0.677826,1.477005
10.028000,0,0.237302,0.810163,1.234727,-0.260859,-0.670643,1.469010
10.030000,0,0.237780,0.813532,1.234427,-0.259949,-0.663619,1.460833
10.032000,0,0.238282,0.816944,1.234183,-0.259041,-0.656755,1.452487
10.034000,0,0.238815,0.820395,1.233991,-0.258232,-0.650099,1.443864
10.036000,0,0.239377,0.823884,1.233847,-0.257512,-0.643699,1.434952
10.038000,0,0.239968,0.827412,1.233753,-0.256891,-0.637525,1.425777
10.040000,0,0.240584,0.830982,1.233711,-0.256338,-0.631594,1.416376
10.042000,0,0.241223,0.834596,1.233719,-0.255840,-0.625890,1.406777
10.044000,0,0.241885,0.838253,1.233779,-0.255396,-0.620411,1.396992
10.046000,0,0.242568,0.841955,1.233890,-0.254990,-0.615156,1.387045
10.048000,0,0.243271,0.845701,1.234051,-0.254610,-0.610124,1.376953
10.050000,0,0.243992,0.849492,1.234262,-0.254238,-0.605314,1.366734
10.052000,0,0.244727,0.853321,1.234515,-0.253807,-0.600837,1.356324
10.054000,0,0.245475,0.857192,1.234815,-0.253320,-0.596693,1.345746
10.056000,0,0.246236,0.861107,1.235162,-0.252759,-0.592870,1.335026
10.058000,0,0.247009,0.865067,1.235555,-0.252117,-0.589334,1.324209
10.060000,0,0.247827,0.869043,1.235954,-0.251745,-0.586199,1.312904
10.062000,0,0.248674,0.873054,1.236379,-0.251551,-0.583378,1.301287
10.064000,0,0.249539,0.877115,1.236849,-0.251420,-0.580779,1.289560
10.066000,0,0.250421,0.881225,1.237364,-0.251353,-0.578399,1.277732
10.068000,1,0.251311,0.885393,1.237934,-0.251268,-0.576165,1.265955
10.070000,1,0.252276,0.889718,1.238609,-0.251368,-0.575763,1.258295
10.072000,1,0.253294,0.893872,1.238950,-0.251412,-0.576705,1.252730
10.074000,1,0.254348,0.898273,1.240287,-0.251311,-0.578407,1.248761
10.076000,1,0.255424,0.902895,1.242600,-0.251094,-0.580711,1.246078
10.078000,1,0.256523,0.907756,1.245998,-0.250781,-0.583490,1.244443
10.080000,1,0.257650,0.912828,1.250415,-0.250396,-0.586675,1.243702
10.082000,1,0.258837,0.917930,1.256462,-0.249971,-0.590171,1.243675
10.084000,1,0.260077,0.923017,1.263979,-0.249516,-0.593911,1.244218
10.086000,1,0.261357,0.928091,1.272711,-0.249038,-0.597836,1.245215
10.088000,1,0.262670,0.933134,1.282584,-0.248540,-0.601877,1.246531
10.090000,1,0.264002,0.938108,1.293368,-0.248026,-0.605996,1.248082
10.092000,1,0.265341,0.942983,1.304855,-0.247501,-0.610165,1.249801
10.094000,1,0.266676,0.947725,1.316846,-0.246971,-0.614359,1.251633
10.096000,1,0.267994,0.952282,1.329029,-0.246446,-0.618584,1.253565
10.098000,1,0.269291,0.956621,1.341282,-0.245929,-0.622819,1.255551
10.100000,1,0.270566,0.960740,1.353602,-0.245417,-0.627030,1.257528
10.102000,1,0.271819,0.964609,1.365914,-0.244912,-0.631204,1.259463
10.104000,1,0.273050,0.968167,1.378105,-0.244420,-0.635349,1.261350
10.106000,1,0.274257,0.971393,1.390126,-0.243942,-0.639455,1.263167
10.108000,1,0.275422,0.974320,1.401913,-0.243474,-0.643513,1.264902
10.110000,1,0.276541,0.976927,1.413455,-0.243018,-0.647518,1.266537
10.112000,1,0.277617,0.979218,1.424771,-0.242570,-0.651452,1.268046
10.114000,1,0.278650,0.981189,1.435822,-0.242134,-0.655315,1.269420
10.116000,1,0.279644,0.982822,1.446606,-0.241709,-0.659108,1.270659
10.118000,1,0.280601,0.984094,1.457064,-0.241299,-0.662844,1.271777
10.120000,1,0.281519,0.985000,1.467161,-0.240904,-0.666523,1.272771
10.122000,1,0.282400,0.985528,1.476906,-0.240525,-0.670145,1.273637
10.124000,1,0.283246,0.985672,1.486294,-0.240163,-0.673710,1.274376
10.126000,1,0.284058,0.985435,1.495352,-0.239816,-0.677211,1.274975
10.128000,1,0.284838,0.984818,1.504069,-0.239486,-0.680651,1.275439
10.130000,1,0.285584,0.983812,1.512396,-0.239174,-0.684041,1.275783
10.132000,1,0.286297,0.982419,1.520363,-0.238880,-0.687375,1.276000
10.134000,1,0.286976,0.980652,1.527938,-0.238604,-0.690657,1.276095
10.136000,1,0.287617,0.978500,1.535097,-0.238348,-0.693895,1.276084
10.138000,1,0.288220,0.975976,1.541818,-0.238110,-0.697095,1.275974
10.140000,1,0.288787,0.973073,1.548121,-0.237892,-0.700260,1.275770
10.142000,1,0.289321,0.969796,1.554034,-0.237694,-0.703386,1.275467
10.144000,1,0.289819,0.966155,1.559528,-0.237517,-0.706481,1.275077
10.146000,1,0.290281,0.962159,1.564597,-0.237360,-0.709545,1.274605
10.148000,1,0.290710,0.957812,1.569268,-0.237225,-0.712579,1.274049
10.150000,1,0.291105,0.953135,1.573522,-0.237112,-0.715583,1.273413
10.152000,1,0.291464,0.948133,1.577347,-0.237022,-0.718564,1.272709
10.154000,1,0.291786,0.942815,1.580744,-0.236953,-0.721524,1.271942
10.154000,1,0.291786,0.942815,1.580744,-0.236953,-0.721524,1.271942
10.158000,1,0.292340,0.931250,1.586313,-0.236884,-0.727391,1.270230
10.160000,1,0.292582,0.924939,1.588475,-0.236887,-0.730310,1.269297
10.162000,1,0.292797,0.918342,1.590221,-0.236913,-0.733219,1.268322
10.164000,1,0.292987,0.911422,1.591548,-0.236964,-0.736123,1.267307
10.166000,1,0.293152,0.904260,1.592486,-0.237038,-0.739018,1.266256
10.168000,1,0.293289,0.896879,1.593039,-0.237136,-0.741905,1.265173
10.170000,1,0.293402,0.889284,1.593224,-0.237259,-0.744786,1.264060
10.172000,1,0.293490,0.881491,1.593047,-0.237409,-0.747663,1.262920
10.174000,1,0.293549,0.873526,1.592492,-0.237582,-0.750538,1.261761
10.176000,1,0.293581,0.865393,1.591578,-0.237781,-0.753414,1.260584
10.178000,1,0.293581,0.857120,1.590294,-0.238003,-0.756295,1.259403
10.180000,1,0.293547,0.848725,1.588646,-0.238248,-0.759183,1.258219
10.182000,1,0.293482,0.840210,1.586649,-0.238520,-0.762080,1.257034
10.184000,1,0.293397,0.831579,1.584308,-0.238818,-0.764988,1.255850
10.186000,1,0.293290,0.822845,1.581628,-0.239144,-0.767908,1.254670
10.188000,1,0.293157,0.814038,1.578605,-0.239495,-0.770842,1.253500
10.190000,1,0.292997,0.805176,1.575246,-0.239870,-0.773790,1.252343
10.192000,1,0.292810,0.796261,1.571569,-0.240272,-0.776754,1.251199
10.194000,1,0.292595,0.787309,1.567581,-0.240700,-0.779736,1.250073
10.196000,1,0.292347,0.778349,1.563285,-0.241153,-0.782737,1.248970
10.198000,1,0.292063,0.769397,1.558689,-0.241630,-0.785759,1.247892
10.200000,1,0.291743,0.760467,1.553802,-0.242130,-0.788803,1.246842
10.202000,1,0.291388,0.751561,1.548642,-0.242656,-0.791875,1.245827
10.204000,1,0.290997,0.742693,1.543218,-0.243207,-0.794975,1.244848
10.206000,1,0.290567,0.733888,1.537530,-0.243782,-0.798105,1.243909
10.208000,1,0.290113,0.725180,1.531565,-0.244381,-0.801262,1.243010
10.210000,1,0.289635,0.716584,1.525331,-0.245005,-0.804447,1.242151
10.212000,1,0.289136,0.708100,1.518845,-0.245655,-0.807661,1.241332
10.214000,1,0.288612,0.699738,1.512120,-0.246331,-0.810906,1.240556
10.216000,1,0.288062,0.691507,1.505168,-0.247032,-0.814183,1.239824
10.218000,1,0.287488,0.683407,1.498005,-0.247760,-0.817492,1.239136
10.220000,1,0.286881,0.675465,1.490627,-0.248511,-0.820835,1.238495
10.222000,1,0.286243,0.667682,1.483051,-0.249286,-0.824211,1.237900
10.224000,1,0.285572,0.660066,1.475284,-0.250086,-0.827622,1.237353
10.226000,1,0.284865,0.652632,1.467328,-0.250908,-0.831067,1.236854
10.228000,1,0.284123,0.645386,1.459191,-0.251753,-0.834551,1.236408
10.230000,1,0.284123,0.645386,1.459191,-0.251753,-0.834551,1.236408
10.232000,1,0.282588,0.631600,1.442310,-0.253514,-0.841623,1.235670
10.234000,1,0.281853,0.625180,1.433496,-0.254434,-0.845200,1.235369
10.236000,1,0.281149,0.619027,1.424413,-0.255381,-0.848810,1.235117
10.238000,1,0.280453,0.613192,1.415130,-0.256353,-0.852451,1.234911
10.240000,1,0.279757,0.607670,1.405676,-0.257347,-0.856126,1.234750
10.242000,1,0.279053,0.602450,1.396072,-0.258364,-0.859835,1.234636
10.244000,1,0.278344,0.597530,1.386334,-0.259402,-0.863579,1.234568
10.246000,1,0.277616,0.592886,1.376485,-0.260461,-0.867360,1.234546
10.248000,1,0.277616,0.592886,1.376485,-0.260461,-0.867360,1.234546
10.250000,1,0.276084,0.584389,1.356525,-0.262638,-0.875042,1.234651
10.252000,1,0.275276,0.580532,1.346456,-0.263755,-0.878949,1.234790
10.254000,1,0.274429,0.576902,1.336327,-0.264890,-0.882896,1.234975
10.256000,1,0.274429,0.576902,1.336327,-0.264890,-0.882896,1.234975
10.258000,1,0.273525,0.573493,1.326149,-0.266039,-0.886883,1.235202
10.260000,1,0.272851,0.567229,1.304917,-0.268486,-0.894925,1.235723
10.262000,1,0.272926,0.564361,1.293896,-0.269761,-0.898986,1.236020
10.264000,1,0.272989,0.561630,1.282873,-0.271043,-0.903094,1.236364
10.266000,1,0.272936,0.559015,1.271930,-0.272324,-0.907253,1.236758
10.268000,1,0.273003,0.558122,1.264688,-0.273663,-0.911591,1.237265
10.270000,0,0.273138,0.558920,1.260750,-0.275042,-0.916102,1.237880
10.272000,0,0.273278,0.561135,1.259490,-0.276455,-0.920767,1.238600
10.274000,0,0.273379,0.564544,1.260398,-0.277892,-0.925563,1.239416
10.276000,0,0.273277,0.568252,1.261725,-0.279281,-0.930378,1.240848
10.278000,0,0.273009,0.572142,1.263294,-0.280621,-0.935178,1.242840
10.280000,0,0.272605,0.576148,1.265021,-0.281922,-0.939972,1.245416
10.282000,0,0.272086,0.580197,1.266795,-0.283180,-0.944747,1.248565
10.284000,0,0.271479,0.584275,1.268608,-0.284431,-0.949533,1.252399
10.286000,0,0.270816,0.588337,1.270405,-0.285689,-0.954173,1.257852
10.288000,0,0.270109,0.592357,1.272147,-0.286951,-0.958653,1.264822
10.290000,0,0.269361,0.596288,1.273763,-0.288214,-0.962956,1.273227
10.292000,0,0.268582,0.600151,1.275294,-0.289460,-0.967134,1.282696
10.294000,0,0.267774,0.603910,1.276682,-0.290687,-0.971173,1.293166
10.296000,0,0.266944,0.607565,1.277929,-0.291886,-0.975081,1.304418
10.298000,0,0.266101,0.611150,1.279083,-0.293042,-0.978840,1.316132
10.300000,0,0.265251,0.614668,1.280141,-0.294150,-0.982429,1.328156
10.302000,0,0.264396,0.618118,1.281095,-0.295205,-0.985820,1.340376
10.304000,0,0.263537,0.621476,1.281908,-0.296209,-0.989008,1.352780
10.306000,0,0.262679,0.624768,1.282609,-0.297158,-0.991947,1.365207
10.308000,0,0.261822,0.627973,1.283168,-0.298053,-0.994632,1.377655
10.310000,0,0.260965,0.631095,1.283594,-0.298877,-0.997111,1.389991
10.312000,0,0.260114,0.634159,1.283919,-0.299623,-0.999349,1.402112
10.314000,0,0.259270,0.637171,1.284148,-0.300294,-1.001327,1.413981
10.316000,0,0.258432,0.640114,1.284255,-0.300890,-1.003045,1.425612
10.318000,0,0.257603,0.643010,1.284263,-0.301416,-1.004466,1.436942
10.320000,0,0.256787,0.645859,1.284173,-0.301874,-1.005577,1.447953
10.322000,0,0.255984,0.648665,1.283984,-0.302266,-1.006363,1.458626
10.324000,0,0.255196,0.651428,1.283691,-0.302592,-1.006766,1.468969
10.326000,0,0.255196,0.651428,1.283691,-0.302592,-1.006766,1.468969
10.328000,0,0.253661,0.656821,1.282802,-0.303063,-1.006540,1.488587
10.330000,0,0.253661,0.656821,1.282802,-0.303063,-1.006540,1.488587
10.332000,0,0.252186,0.662038,1.281501,-0.303299,-1.004833,1.506781
10.334000,0,0.251473,0.664589,1.280707,-0.303325,-1.003404,1.515304
10.336000,0,0.250777,0.667094,1.279803,-0.303293,-1.001579,1.523487
10.338000,0,0.250100,0.669573,1.278830,-0.303205,-0.999407,1.531222
10.340000,0,0.249442,0.672027,1.277791,-0.303062,-0.996900,1.538467
10.342000,0,0.248805,0.674460,1.276688,-0.302868,-0.994056,1.545226
10.344000,0,0.248189,0.676871,1.275523,-0.302624,-0.990873,1.551531
10.346000,0,0.247595,0.679263,1.274298,-0.302333,-0.987356,1.557387
10.348000,0,0.247022,0.681637,1.273015,-0.301998,-0.983510,1.562795
10.350000,0,0.246473,0.683993,1.271678,-0.301620,-0.979346,1.567733
10.352000,0,0.245946,0.686337,1.270293,-0.301200,-0.974872,1.572207
10.354000,0,0.245443,0.688667,1.268858,-0.300744,-0.970094,1.576242
10.356000,0,0.244964,0.690987,1.267382,-0.300250,-0.965017,1.579846
10.358000,0,0.244509,0.693301,1.265866,-0.299731,-0.959617,1.583026
10.358000,0,0.244509,0.693301,1.265866,-0.299731,-0.959617,1.583026
10.362000,0,0.244081,0.695607,1.264307,-0.299188,-0.953899,1.585808
10.364000,0,0.243306,0.700205,1.261084,-0.298028,-0.941536,1.590035
10.366000,0,0.242964,0.702502,1.259414,-0.297415,-0.934839,1.591532
10.368000,0,0.242964,0.702502,1.259414,-0.297415,-0.934839,1.591532
10.370000,0,0.242358,0.707081,1.256005,-0.296132,-0.920757,1.593310
10.372000,0,0.242358,0.707081,1.256005,-0.296132,-0.920757,1.593310
10.374000,0,0.241860,0.711668,1.252537,-0.294766,-0.905755,1.593429
10.376000,0,0.241652,0.713967,1.250790,-0.294058,-0.897980,1.592923
10.378000,0,0.241469,0.716273,1.249047,-0.293333,-0.890051,1.592040
10.380000,0,0.241311,0.718587,1.247308,-0.292590,-0.881985,1.590784
10.382000,0,0.241180,0.720911,1.245576,-0.291841,-0.873780,1.589140
10.384000,0,0.241076,0.723247,1.243854,-0.291088,-0.865451,1.587118
10.386000,0,0.241002,0.725595,1.242140,-0.290333,-0.857001,1.584734
10.388000,0,0.240959,0.727965,1.240444,-0.289569,-0.848387,1.581957
10.390000,0,0.240959,0.727965,1.240444,-0.289569,-0.848387,1.581957
10.392000,0,0.240956,0.732760,1.237112,-0.288031,-0.830882,1.575417
10.394000,0,0.240996,0.735187,1.235482,-0.287253,-0.822033,1.571671
10.396000,0,0.241067,0.737638,1.233878,-0.286463,-0.813083,1.567585
10.398000,0,0.241067,0.737638,1.233878,-0.286463,-0.813083,1.567585
10.400000,0,0.241287,0.742605,1.230766,-0.284844,-0.795153,1.558505
10.402000,0,0.241438,0.745126,1.229262,-0.284006,-0.786165,1.553478
10.404000,0,0.241614,0.747673,1.227798,-0.283152,-0.777204,1.548179
10.406000,0,0.241813,0.750248,1.226382,-0.282275,-0.768332,1.542606
10.408000,0,0.242039,0.752853,1.225014,-0.281403,-0.759558,1.536743
10.410000,0,0.242293,0.755492,1.223698,-0.280532,-0.750854,1.530547
10.412000,0,0.242574,0.758164,1.222434,-0.279665,-0.742265,1.524085
10.414000,0,0.242881,0.760870,1.221224,-0.278799,-0.733803,1.517375
10.416000,0,0.243214,0.763613,1.220069,-0.277932,-0.725477,1.510428
10.418000,0,0.243572,0.766393,1.218971,-0.277060,-0.717292,1.503253
10.420000,0,0.243957,0.769212,1.217930,-0.276186,-0.709249,1.495866
10.422000,0,0.244369,0.772073,1.216953,-0.275306,-0.701355,1.488274
10.424000,0,0.244804,0.774978,1.216039,-0.274417,-0.693623,1.480477
10.426000,0,0.245265,0.777926,1.215190,-0.273518,-0.686052,1.472489
10.428000,0,0.245750,0.780918,1.214406,-0.272606,-0.678664,1.464313
10.430000,0,0.246260,0.783955,1.213686,-0.271686,-0.671426,1.455960
10.432000,0,0.246800,0.787033,1.213026,-0.270830,-0.664420,1.447333
10.434000,0,0.247371,0.790152,1.212427,-0.270036,-0.657646,1.438450
10.436000,0,0.247969,0.793312,1.211889,-0.269301,-0.651130,1.429314
10.438000,0,0.248595,0.796516,1.211412,-0.268619,-0.644857,1.419949
10.440000,0,0.249245,0.799767,1.211003,-0.267965,-0.638842,1.410386
10.442000,0,0.249918,0.803070,1.210660,-0.267348,-0.633010,1.400665
10.444000,0,0.250615,0.806423,1.210382,-0.266768,-0.627361,1.390798
10.446000,0,0.251334,0.809825,1.210169,-0.266212,-0.621905,1.380804
10.448000,0,0.252075,0.813276,1.210018,-0.265670,-0.616631,1.370690
10.450000,0,0.252835,0.816775,1.209929,-0.265114,-0.611564,1.360465
10.452000,0,0.253612,0.820321,1.209901,-0.264529,-0.606710,1.350133
10.454000,0,0.254406,0.823915,1.209931,-0.263910,-0.602055,1.339703
10.456000,0,0.255217,0.827558,1.210020,-0.263258,-0.597598,1.329188
10.458000,0,0.256077,0.831222,1.210136,-0.262941,-0.593438,1.318176
10.460000,0,0.256969,0.834913,1.210283,-0.262793,-0.589675,1.306720
10.462000,0,0.257879,0.838647,1.210479,-0.262687,-0.586242,1.295009
10.464000,0,0.258799,0.842433,1.210734,-0.262534,-0.583063,1.283210
10.466000,0,0.259730,0.846270,1.211045,-0.262337,-0.580137,1.271336
10.468000,0,0.260666,0.850168,1.211422,-0.262007,-0.577366,1.259515
10.470000,0,0.261607,0.854123,1.211860,-0.261548,-0.574735,1.247809
10.472000,0,0.262551,0.858137,1.212360,-0.260942,-0.572199,1.236276
10.474000,1,0.263544,0.862300,1.212968,-0.260411,-0.571487,1.228341
10.476000,1,0.264533,0.866545,1.213618,-0.259995,-0.572346,1.223528
10.478000,1,0.265507,0.870856,1.214307,-0.259651,-0.574529,1.221275
10.480000,1,0.266467,0.875452,1.216125,-0.259247,-0.577281,1.220143
10.482000,1,0.267422,0.880312,1.219074,-0.258793,-0.580466,1.219881
10.484000,1,0.268421,0.885364,1.222994,-0.258298,-0.583996,1.220297
10.486000,1,0.269466,0.890567,1.227808,-0.257773,-0.587798,1.221251
10.488000,1,0.270577,0.895781,1.234298,-0.257236,-0.591768,1.222586
10.490000,1,0.271748,0.900952,1.242270,-0.256696,-0.595876,1.224231
10.492000,1,0.272965,0.906064,1.251464,-0.256152,-0.600088,1.226119
10.494000,1,0.274215,0.911096,1.261634,-0.255605,-0.604368,1.228182
10.496000,1,0.275483,0.916021,1.272561,-0.255059,-0.608690,1.230364
10.498000,1,0.276769,0.920828,1.284200,-0.254508,-0.613009,1.232584
10.500000,1,0.278063,0.925485,1.296367,-0.253956,-0.617308,1.234805
10.502000,1,0.279356,0.929963,1.308903,-0.253405,-0.621576,1.236996
10.504000,1,0.280635,0.934197,1.321538,-0.252862,-0.625824,1.239161
10.506000,1,0.281894,0.938157,1.334164,-0.252330,-0.630041,1.241278
10.508000,1,0.283136,0.941843,1.346786,-0.251804,-0.634203,1.243300
10.510000,1,0.284336,0.945264,1.359323,-0.251284,-0.638301,1.245213
10.512000,1,0.285489,0.948388,1.371653,-0.250774,-0.642345,1.247027
10.514000,1,0.286593,0.951196,1.383733,-0.250275,-0.646333,1.248729
10.516000,1,0.287649,0.953674,1.395538,-0.249789,-0.650261,1.250311
10.518000,1,0.288660,0.955809,1.407048,-0.249315,-0.654126,1.251765
10.520000,1,0.289627,0.957607,1.418284,-0.248852,-0.657918,1.253076
10.522000,1,0.290554,0.959055,1.429230,-0.248400,-0.661640,1.254241
10.524000,1,0.291438,0.960136,1.439827,-0.247962,-0.665302,1.255277
10.526000,1,0.292282,0.960840,1.450059,-0.247539,-0.668908,1.256183
10.528000,1,0.293084,0.961162,1.459915,-0.247132,-0.672457,1.256960
10.530000,1,0.293849,0.961109,1.469427,-0.246739,-0.675945,1.257601
10.532000,1,0.294578,0.960676,1.478583,-0.246361,-0.679376,1.258110
10.534000,1,0.295258,0.959871,1.487334,-0.245998,-0.682758,1.258504
10.536000,1,0.295887,0.958697,1.495669,-0.245651,-0.686093,1.258785
10.538000,1,0.296467,0.957153,1.503586,-0.245321,-0.689384,1.258958
10.540000,1,0.296998,0.955243,1.511083,-0.245009,-0.692632,1.259024
10.542000,1,0.297484,0.952971,1.518190,-0.244715,-0.695835,1.258979
10.544000,1,0.297925,0.950340,1.524902,-0.244440,-0.698995,1.258828
10.546000,1,0.298323,0.947354,1.531218,-0.244185,-0.702115,1.258575
10.548000,1,0.298677,0.944019,1.537131,-0.243951,-0.705199,1.258228
10.550000,1,0.298986,0.940343,1.542603,-0.243738,-0.708254,1.257800
10.552000,1,0.299252,0.936331,1.547661,-0.243548,-0.711278,1.257287
10.554000,1,0.299477,0.931992,1.552301,-0.243379,-0.714278,1.256703
10.556000,1,0.299662,0.927336,1.556525,-0.243233,-0.717256,1.256049
10.558000,1,0.299808,0.922372,1.560335,-0.243110,-0.720215,1.255333
10.560000,1,0.299920,0.917089,1.563712,-0.243010,-0.723160,1.254562
10.562000,1,0.300003,0.911492,1.566680,-0.242934,-0.726091,1.253736
10.564000,1,0.300055,0.905589,1.569240,-0.242883,-0.729010,1.252859
10.566000,1,0.300079,0.899396,1.571395,-0.242857,-0.731919,1.251935
10.568000,1,0.300068,0.892938,1.573124,-0.242854,-0.734820,1.250972
10.570000,1,0.300028,0.886223,1.574472,-0.242877,-0.737714,1.249971
10.572000,1,0.299959,0.879267,1.575440,-0.242926,-0.740602,1.248936
10.574000,1,0.299861,0.872087,1.576033,-0.243001,-0.743491,1.247876
10.576000,1,0.299728,0.864713,1.576233,-0.243100,-0.746380,1.246800
10.578000,1,0.299560,0.857162,1.576044,-0.243224,-0.749273,1.245710
10.580000,1,0.299359,0.849438,1.575485,-0.243373,-0.752169,1.244606
10.582000,1,0.299123,0.841558,1.574564,-0.243551,-0.755074,1.243496
10.584000,1,0.298860,0.833536,1.573271,-0.243755,-0.757986,1.242382
10.586000,1,0.298571,0.825374,1.571624,-0.243987,-0.760907,1.241263
10.588000,1,0.298258,0.817090,1.569630,-0.244247,-0.763839,1.240142
10.590000,1,0.297915,0.808715,1.567284,-0.244532,-0.766781,1.239026
10.592000,1,0.297540,0.800266,1.564595,-0.244844,-0.769737,1.237918
10.594000,1,0.297137,0.791747,1.561581,-0.245183,-0.772707,1.236819
10.596000,1,0.296699,0.783122,1.558208,-0.245552,-0.775698,1.235734
10.598000,1,0.296231,0.774460,1.554529,-0.245947,-0.778712,1.234673
10.600000,1,0.295732,0.765777,1.550553,-0.246368,-0.781748,1.233638
10.602000,1,0.295199,0.757110,1.546282,-0.246814,-0.784809,1.232632
10.604000,1,0.294631,0.748460,1.541734,-0.247286,-0.787893,1.231657
10.606000,1,0.294029,0.739843,1.536917,-0.247786,-0.791008,1.230720
10.608000,1,0.293402,0.731301,1.531812,-0.248313,-0.794147,1.229817
10.610000,1,0.292747,0.722810,1.526379,-0.248866,-0.797315,1.228951
10.612000,1,0.292069,0.714418,1.520680,-0.249446,-0.800511,1.228122
10.614000,1,0.291367,0.706126,1.514732,-0.250053,-0.803735,1.227330
10.616000,1,0.290640,0.697955,1.508548,-0.250686,-0.806989,1.226580
10.618000,1,0.289886,0.689916,1.502138,-0.251345,-0.810274,1.225872
10.620000,1,0.289096,0.682007,1.495459,-0.252030,-0.813593,1.225210
10.622000,1,0.288274,0.674220,1.488523,-0.252742,-0.816948,1.224595
10.624000,1,0.287424,0.666589,1.481399,-0.253480,-0.820336,1.224025
10.626000,1,0.286550,0.659113,1.474101,-0.254243,-0.823762,1.223506
10.628000,1,0.285650,0.651808,1.466633,-0.255031,-0.827226,1.223040
10.630000,1,0.284725,0.644681,1.458999,-0.255844,-0.830729,1.222625
10.632000,1,0.283825,0.637805,1.451136,-0.256685,-0.834263,1.222258
10.634000,1,0.282954,0.631189,1.443049,-0.257554,-0.837829,1.221940
10.636000,1,0.282111,0.624831,1.434755,-0.258452,-0.841428,1.221670
10.638000,1,0.281291,0.618732,1.426273,-0.259376,-0.845062,1.221449
10.640000,1,0.280482,0.612887,1.417622,-0.260326,-0.848732,1.221277
10.642000,1,0.279677,0.607294,1.408817,-0.261301,-0.852439,1.221155
10.644000,1,0.278872,0.601949,1.399873,-0.262300,-0.856185,1.221081
10.646000,1,0.278067,0.596852,1.390802,-0.263323,-0.859971,1.221061
10.648000,1,0.277259,0.591998,1.381618,-0.264368,-0.863797,1.221093
10.650000,1,0.276442,0.587384,1.372330,-0.265434,-0.867664,1.221177
10.652000,1,0.275606,0.583005,1.362945,-0.266522,-0.871571,1.221311
10.654000,1,0.274747,0.578856,1.353472,-0.267630,-0.875519,1.221494
10.656000,1,0.273860,0.574934,1.343919,-0.268757,-0.879510,1.221728
10.658000,1,0.272948,0.571237,1.334298,-0.269903,-0.883543,1.222013
10.660000,1,0.272426,0.567918,1.324242,-0.271102,-0.887581,1.222311
10.662000,1,0.272163,0.564951,1.313865,-0.272338,-0.891638,1.222634
10.664000,1,0.271933,0.562248,1.303376,-0.273590,-0.895734,1.223000
10.666000,1,0.271641,0.559751,1.292877,-0.274851,-0.899877,1.223413
10.668000,1,0.271234,0.557436,1.282435,-0.276118,-0.904069,1.223879
10.670000,1,0.270716,0.555301,1.272058,-0.277393,-0.908308,1.224394
10.672000,0,0.270059,0.553284,1.261800,-0.278672,-0.912601,1.224964
10.674000,0,0.269574,0.553202,1.255423,-0.280014,-0.917095,1.225659
10.676000,0,0.269286,0.553769,1.250522,-0.281199,-0.920660,1.225567
10.678000,0,0.269192,0.554741,1.246711,-0.282206,-0.923311,1.224678
10.680000,0,0.268980,0.556265,1.244062,-0.283217,-0.926271,1.224864
10.682000,0,0.268661,0.558258,1.242387,-0.284258,-0.929647,1.226428
10.684000,0,0.268253,0.560631,1.241509,-0.285332,-0.933413,1.229336
10.686000,0,0.267768,0.563283,1.241233,-0.286429,-0.937536,1.233586
10.688000,0,0.267236,0.566171,1.241466,-0.287550,-0.941831,1.239607
10.690000,0,0.266666,0.569245,1.242098,-0.288686,-0.946231,1.247191
10.692000,0,0.266062,0.572462,1.243040,-0.289823,-0.950700,1.256069
10.694000,0,0.265431,0.575786,1.244217,-0.290948,-0.955194,1.265993
10.696000,0,0.264769,0.579162,1.245526,-0.292057,-0.959699,1.276894
10.698000,0,0.264081,0.582567,1.246916,-0.293139,-0.964160,1.288567
10.700000,0,0.263371,0.585986,1.248345,-0.294184,-0.968535,1.300826
10.702000,0,0.262649,0.589433,1.249821,-0.295181,-0.972746,1.313370
10.704000,0,0.261919,0.592895,1.251312,-0.296124,-0.976752,1.326069
10.706000,0,0.261176,0.596339,1.252760,-0.297013,-0.980548,1.338910
10.708000,0,0.260423,0.599757,1.254147,-0.297847,-0.984100,1.351805
10.710000,0,0.259664,0.603162,1.255488,-0.298602,-0.987414,1.364564
10.712000,0,0.258901,0.606544,1.256765,-0.299274,-0.990463,1.377146
10.714000,0,0.258135,0.609898,1.257957,-0.299866,-0.993190,1.389538
10.716000,0,0.257362,0.613205,1.259032,-0.300378,-0.995598,1.401757
10.718000,0,0.256587,0.616465,1.259994,-0.300812,-0.997703,1.413728
10.720000,0,0.255808,0.619676,1.260837,-0.301170,-0.999489,1.425448
10.722000,0,0.255033,0.622857,1.261584,-0.301457,-1.000930,1.436821
10.724000,0,0.254262,0.626008,1.262233,-0.301675,-1.002016,1.447831
10.726000,0,0.253493,0.629117,1.262765,-0.301828,-1.002750,1.458506
10.728000,0,0.252729,0.632185,1.263180,-0.301917,-1.003117,1.468859
10.730000,0,0.251969,0.635212,1.263478,-0.301944,-1.003107,1.478882
10.732000,0,0.251213,0.638192,1.263646,-0.301913,-1.002725,1.488599
10.734000,0,0.250467,0.641145,1.263720,-0.301811,-1.001962,1.497889
10.736000,0,0.249728,0.644063,1.263688,-0.301639,-1.000824,1.506780
10.738000,0,0.249000,0.646951,1.263556,-0.301400,-0.999307,1.515254
10.740000,0,0.248283,0.649811,1.263326,-0.301095,-0.997406,1.523332
10.742000,0,0.247578,0.652649,1.263013,-0.300727,-0.995116,1.530975
10.744000,0,0.246887,0.655468,1.262619,-0.300298,-0.992441,1.538174
10.746000,0,0.246211,0.658265,1.262141,-0.299813,-0.989385,1.544960
10.748000,0,0.245551,0.661041,1.261580,-0.299273,-0.985956,1.551307
10.750000,0,0.244907,0.663803,1.260954,-0.298681,-0.982160,1.557180
10.752000,0,0.244279,0.666553,1.260266,-0.298041,-0.978004,1.562598
10.754000,0,0.243669,0.669291,1.259517,-0.297356,-0.973498,1.567567
10.756000,0,0.243077,0.672018,1.258711,-0.296627,-0.968651,1.572087
10.758000,0,0.242505,0.674739,1.257847,-0.295850,-0.963387,1.576159
10.760000,0,0.241955,0.677454,1.256921,-0.295031,-0.957713,1.579811
10.762000,0,0.241424,0.680159,1.255946,-0.294178,-0.951718,1.583026
10.764000,0,0.240913,0.682858,1.254929,-0.293295,-0.945421,1.585803
10.766000,0,0.240421,0.685552,1.253876,-0.292381,-0.938838,1.588143
10.768000,0,0.239951,0.688245,1.252791,-0.291441,-0.931981,1.590053
10.770000,0,0.239503,0.690937,1.251674,-0.290478,-0.924860,1.591577
10.772000,0,0.239081,0.693629,1.250527,-0.289495,-0.917504,1.592695
10.774000,0,0.238681,0.696325,1.249363,-0.288491,-0.909925,1.593412
10.776000,0,0.238304,0.699029,1.248182,-0.287456,-0.902085,1.593683
10.778000,0,0.237955,0.701742,1.246985,-0.286394,-0.893992,1.593534
10.780000,0,0.237628,0.704460,1.245777,-0.285314,-0.885742,1.592986
10.782000,0,0.237326,0.707186,1.244564,-0.284232,-0.877320,1.592061
10.784000,0,0.237050,0.709920,1.243346,-0.283149,-0.868749,1.590751
10.786000,0,0.236801,0.712666,1.242126,-0.282069,-0.860033,1.589078
10.788000,0,0.236578,0.715424,1.240910,-0.280987,-0.851189,1.587048
10.790000,0,0.236381,0.718202,1.239705,-0.279894,-0.842190,1.584617
10.792000,0,0.236213,0.721000,1.238512,-0.278794,-0.833040,1.581805
10.794000,0,0.236069,0.723815,1.237336,-0.277690,-0.823820,1.578663
10.796000,0,0.235950,0.726648,1.236181,-0.276583,-0.814556,1.575201
10.798000,0,0.235855,0.729501,1.235049,-0.275469,-0.805274,1.571421
10.800000,0,0.235784,0.732375,1.233945,-0.274348,-0.795989,1.567328
10.802000,0,0.235739,0.735273,1.232869,-0.273220,-0.786703,1.562940
10.804000,0,0.235720,0.738195,1.231827,-0.272084,-0.777443,1.558247
10.806000,0,0.235726,0.741147,1.230822,-0.270939,-0.768210,1.553267
10.808000,0,0.235758,0.744129,1.229859,-0.269786,-0.759019,1.548007
10.810000,0,0.235818,0.747145,1.228942,-0.268640,-0.749857,1.542399
10.812000,0,0.235905,0.750194,1.228070,-0.267509,-0.740777,1.536499
10.814000,0,0.236020,0.753276,1.227246,-0.266391,-0.731779,1.530324
10.816000,0,0.236163,0.756395,1.226471,-0.265282,-0.722846,1.523841
10.818000,0,0.236332,0.759549,1.225745,-0.264183,-0.714022,1.517109
10.820000,0,0.236528,0.762739,1.225071,-0.263092,-0.705318,1.510138
10.822000,0,0.236748,0.765966,1.224450,-0.262005,-0.696759,1.502930
10.824000,0,0.236992,0.769233,1.223887,-0.260918,-0.688352,1.495492
10.826000,0,0.237260,0.772542,1.223383,-0.259835,-0.680098,1.487840
10.828000,0,0.237552,0.775892,1.222938,-0.258750,-0.672019,1.479977
10.830000,0,0.237867,0.779284,1.222553,-0.257664,-0.664113,1.471904
10.832000,0,0.238212,0.782715,1.222222,-0.256651,-0.656422,1.463539
10.834000,0,0.238586,0.786185,1.221945,-0.255714,-0.648956,1.454888
10.836000,0,0.238988,0.789695,1.221723,-0.254846,-0.641717,1.445974
10.838000,0,0.239417,0.793246,1.221555,-0.254044,-0.634703,1.436812
10.840000,0,0.239871,0.796838,1.221441,-0.253292,-0.627920,1.427428
10.842000,0,0.240347,0.800476,1.221387,-0.252579,-0.621367,1.417838
10.844000,0,0.240846,0.804162,1.221392,-0.251909,-0.614998,1.408084
10.846000,0,0.241367,0.807896,1.221457,-0.251275,-0.608812,1.398179
10.848000,0,0.241909,0.811677,1.221579,-0.250666,-0.602812,1.388130
10.850000,0,0.242471,0.815504,1.221758,-0.250085,-0.596998,1.377948
10.852000,0,0.243052,0.819377,1.221992,-0.249520,-0.591374,1.367638
10.854000,0,0.243650,0.823287,1.222273,-0.248930,-0.586035,1.357135
10.856000,0,0.244264,0.827243,1.222605,-0.248335,-0.580885,1.346518
10.858000,0,0.244934,0.831215,1.222949,-0.248171,-0.576007,1.335360
10.860000,0,0.245642,0.835211,1.223315,-0.248295,-0.571417,1.323772
10.862000,0,0.246384,0.839236,1.223709,-0.248706,-0.567112,1.311770
10.864000,0,0.247144,0.843301,1.224143,-0.249238,-0.563077,1.299518
10.866000,0,0.247902,0.847419,1.224632,-0.249659,-0.559256,1.287258
10.868000,0,0.248655,0.851595,1.225180,-0.249906,-0.555616,1.275076
10.870000,0,0.249402,0.855829,1.225788,-0.249957,-0.552128,1.263012
10.872000,0,0.250149,0.860118,1.226454,-0.249816,-0.548794,1.251076
10.874000,1,0.250947,0.864555,1.227224,-0.249761,-0.547294,1.242789
10.876000,1,0.251781,0.869122,1.228088,-0.249760,-0.547495,1.237694
10.878000,1,0.252635,0.873800,1.229038,-0.249756,-0.549130,1.235188
10.880000,1,0.253543,0.878662,1.230965,-0.249638,-0.551385,1.233686
10.882000,1,0.254539,0.883664,1.233805,-0.249423,-0.554112,1.232947
10.884000,1,0.255616,0.888786,1.237533,-0.249129,-0.557189,1.232783
10.886000,1,0.256770,0.894021,1.242124,-0.248777,-0.560559,1.233116
10.888000,1,0.258026,0.899222,1.248320,-0.248395,-0.564138,1.233830
10.890000,1,0.259374,0.904334,1.255974,-0.247991,-0.567869,1.234828
10.892000,1,0.260793,0.909350,1.264837,-0.247571,-0.571706,1.236038
10.894000,1,0.262281,0.914255,1.274837,-0.247136,-0.575588,1.237358
10.896000,1,0.263804,0.919047,1.285571,-0.246694,-0.579514,1.238784
10.898000,1,0.265347,0.923702,1.296823,-0.246250,-0.583462,1.240278
10.900000,1,0.266899,0.928190,1.308436,-0.245807,-0.587414,1.241799
10.902000,1,0.266899,0.928190,1.308436,-0.245807,-0.587414,1.241799
10.904000,1,0.270015,0.936471,1.332329,-0.244937,-0.595268,1.244786
10.906000,1,0.271584,0.940205,1.344548,-0.244509,-0.599125,1.246165
10.908000,1,0.273167,0.943671,1.356948,-0.244084,-0.602910,1.247424
10.910000,1,0.274717,0.946895,1.369272,-0.243665,-0.606626,1.248575
10.912000,1,0.276213,0.949862,1.381320,-0.243257,-0.610290,1.249639
10.914000,1,0.276213,0.949862,1.381320,-0.243257,-0.610290,1.249639
10.916000,1,0.279049,0.954929,1.404496,-0.242480,-0.617454,1.251466
10.918000,1,0.280392,0.957012,1.415632,-0.242112,-0.620934,1.252190
10.920000,1,0.281686,0.958780,1.426410,-0.241758,-0.624357,1.252800
10.922000,1,0.282937,0.960212,1.436835,-0.241420,-0.627723,1.253293
10.924000,1,0.284146,0.961304,1.446902,-0.241097,-0.631032,1.253665
10.926000,1,0.285314,0.962047,1.456605,-0.240792,-0.634286,1.253916
10.928000,1,0.286443,0.962445,1.465970,-0.240502,-0.637473,1.254028
10.930000,1,0.287532,0.962486,1.474952,-0.240231,-0.640607,1.254021
10.932000,1,0.288576,0.962177,1.483538,-0.239977,-0.643687,1.253896
10.934000,1,0.289573,0.961523,1.491702,-0.239741,-0.646715,1.253657
10.936000,1,0.290527,0.960531,1.499473,-0.239523,-0.649687,1.253298
10.938000,1,0.291439,0.959188,1.506838,-0.239324,-0.652614,1.252836
10.940000,1,0.292310,0.957492,1.513794,-0.239144,-0.655500,1.252276
10.942000,1,0.293139,0.955450,1.520337,-0.238983,-0.658345,1.251619
10.944000,1,0.293930,0.953010,1.526460,-0.238843,-0.661156,1.250867
10.946000,1,0.294681,0.950233,1.532165,-0.238724,-0.663930,1.250027
10.948000,1,0.295389,0.947133,1.537453,-0.238624,-0.666671,1.249108
10.950000,1,0.296059,0.943658,1.542309,-0.238546,-0.669386,1.248112
10.952000,1,0.296694,0.939814,1.546760,-0.238491,-0.672072,1.247034
10.954000,1,0.297288,0.935675,1.550791,-0.238455,-0.674730,1.245889
10.956000,1,0.297839,0.931259,1.554401,-0.238440,-0.677362,1.244681
10.958000,1,0.298356,0.926555,1.557592,-0.238446,-0.679971,1.243414
10.960000,1,0.298841,0.921568,1.560388,-0.238477,-0.682558,1.242085
10.962000,1,0.299297,0.916304,1.562790,-0.238532,-0.685124,1.240699
10.964000,1,0.299721,0.910709,1.564753,-0.238612,-0.687679,1.239265
10.966000,1,0.300114,0.904861,1.566326,-0.238715,-0.690220,1.237788
10.968000,1,0.300479,0.898766,1.567530,-0.238845,-0.692750,1.236273
10.970000,1,0.300812,0.892459,1.568350,-0.238997,-0.695271,1.234729
10.972000,1,0.301109,0.885954,1.568783,-0.239173,-0.697786,1.233159
10.974000,1,0.301370,0.879264,1.568834,-0.239372,-0.700295,1.231567
10.976000,1,0.301597,0.872392,1.568522,-0.239598,-0.702800,1.229952
10.978000,1,0.301791,0.865290,1.567812,-0.239852,-0.705306,1.228317
10.980000,1,0.301946,0.858043,1.566734,-0.240130,-0.707811,1.226670
10.982000,1,0.302075,0.850651,1.565290,-0.240434,-0.710318,1.225014
10.984000,1,0.302179,0.843068,1.563445,-0.240765,-0.712833,1.223353
10.986000,1,0.302262,0.835298,1.561219,-0.241124,-0.715359,1.221691
10.988000,1,0.302318,0.827433,1.558657,-0.241507,-0.717892,1.220036
10.990000,1,0.302343,0.819498,1.555768,-0.241914,-0.720433,1.218388
10.992000,1,0.302336,0.811504,1.552560,-0.242345,-0.722985,1.216753
10.994000,1,0.302297,0.803455,1.549049,-0.242801,-0.725547,1.215128
10.996000,1,0.302225,0.795309,1.545192,-0.243286,-0.728127,1.213519
10.998000,1,0.302115,0.787143,1.541035,-0.243794,-0.730720,1.211929
11.000000,1,0.301959,0.778994,1.536585,-0.244326,-0.733328,1.210361
11.002000,1,0.301760,0.770863,1.531859,-0.244884,-0.735951,1.208816
11.004000,1,0.301519,0.762748,1.526864,-0.245468,-0.738592,1.207296
11.006000,1,0.301240,0.754647,1.521608,-0.246076,-0.741255,1.205807
11.008000,1,0.300933,0.746579,1.516084,-0.246711,-0.743942,1.204353
11.010000,1,0.300601,0.738546,1.510308,-0.247371,-0.746658,1.202943
11.012000,1,0.300238,0.730575,1.504282,-0.248058,-0.749403,1.201578
11.014000,1,0.299836,0.722692,1.498010,-0.248768,-0.752178,1.200260
11.016000,1,0.299400,0.714888,1.491501,-0.249502,-0.754985,1.198991
11.018000,1,0.298929,0.707163,1.484770,-0.250262,-0.757823,1.197770
11.020000,1,0.298417,0.699510,1.477770,-0.251048,-0.760695,1.196599
11.022000,1,0.297864,0.691963,1.470561,-0.251858,-0.763600,1.195479
11.024000,1,0.297272,0.684535,1.463157,-0.252692,-0.766539,1.194411
11.026000,1,0.296641,0.677225,1.455573,-0.253550,-0.769511,1.193394
11.028000,1,0.295966,0.670051,1.447807,-0.254432,-0.772517,1.192431
11.030000,1,0.295278,0.663072,1.439750,-0.255341,-0.775555,1.191524
11.032000,1,0.294574,0.656302,1.431412,-0.256278,-0.778625,1.190674
11.034000,1,0.293853,0.649747,1.422820,-0.257240,-0.781729,1.189880
11.036000,1,0.293116,0.643421,1.414059,-0.258228,-0.784867,1.189142
11.038000,1,0.292360,0.637326,1.405150,-0.259238,-0.788042,1.188466
11.040000,1,0.291586,0.631460,1.396108,-0.260272,-0.791257,1.187852
11.042000,1,0.290777,0.625813,1.386882,-0.261329,-0.794511,1.187301
11.044000,1,0.289937,0.620392,1.377538,-0.262408,-0.797806,1.186810
11.046000,1,0.289063,0.615195,1.368091,-0.263508,-0.801140,1.186380
11.048000,1,0.288152,0.610219,1.358549,-0.264630,-0.804515,1.186009
11.050000,1,0.287200,0.605463,1.348917,-0.265772,-0.807930,1.185697
11.052000,1,0.286203,0.600922,1.339203,-0.266934,-0.811385,1.185444
11.054000,1,0.286203,0.600922,1.339203,-0.266934,-0.811385,1.185444
11.056000,1,0.284067,0.592479,1.319545,-0.269319,-0.818411,1.185102
11.058000,1,0.283245,0.588675,1.309202,-0.270570,-0.821956,1.184990
11.060000,1,0.282586,0.585194,1.298560,-0.271855,-0.825523,1.184919
11.062000,1,0.282586,0.585194,1.298560,-0.271855,-0.825523,1.184919
11.064000,1,0.281505,0.578658,1.277042,-0.274491,-0.832793,1.184937
11.066000,1,0.280976,0.575592,1.266269,-0.275833,-0.836501,1.185035
11.068000,1,0.280976,0.575592,1.266269,-0.275833,-0.836501,1.185035
11.070000,1,0.280282,0.572750,1.255523,-0.277177,-0.840254,1.185195
11.072000,1,0.278380,0.567549,1.234287,-0.279878,-0.847906,1.185705
11.074000,1,0.277229,0.565040,1.223848,-0.281243,-0.851809,1.186049
11.076000,1,0.277229,0.565040,1.223848,-0.281243,-0.851809,1.186049
11.078000,1,0.276204,0.564169,1.216626,-0.282657,-0.855864,1.186498
11.080000,0,0.274414,0.567007,1.210353,-0.285469,-0.864198,1.187525
11.082000,0,0.273626,0.570239,1.210459,-0.286856,-0.868441,1.188086
11.084000,0,0.272792,0.573809,1.211211,-0.288165,-0.872953,1.189722
11.086000,0,0.272792,0.573809,1.211211,-0.288165,-0.872953,1.189722
11.088000,0,0.271004,0.581568,1.213957,-0.290550,-0.882650,1.196038
11.090000,0,0.270055,0.585617,1.215714,-0.291630,-0.887799,1.200692
11.092000,0,0.269085,0.589746,1.217669,-0.292655,-0.893120,1.206293
11.094000,0,0.269085,0.589746,1.217669,-0.292655,-0.893120,1.206293
11.096000,0,0.267135,0.598099,1.221925,-0.294550,-0.903853,1.221718
11.098000,0,0.266147,0.602254,1.224103,-0.295419,-0.909219,1.231307
11.100000,0,0.265157,0.606391,1.226301,-0.296230,-0.914559,1.241757
11.102000,0,0.264166,0.610501,1.228500,-0.296981,-0.919854,1.252858
11.104000,0,0.263176,0.614576,1.230675,-0.297670,-0.925075,1.264445
11.106000,0,0.262187,0.618607,1.232807,-0.298295,-0.930194,1.276383
11.108000,0,0.261195,0.622567,1.234850,-0.298858,-0.935204,1.288644
11.110000,0,0.260200,0.626451,1.236779,-0.299365,-0.940011,1.301208
11.112000,0,0.259212,0.630283,1.238621,-0.299820,-0.944574,1.313840
11.114000,0,0.258229,0.634057,1.240360,-0.300222,-0.948842,1.326504
11.116000,0,0.257253,0.637774,1.242001,-0.300576,-0.952832,1.339070
11.118000,0,0.256285,0.641430,1.243528,-0.300878,-0.956496,1.351529
11.120000,0,0.255324,0.645024,1.244937,-0.301128,-0.959816,1.363842
11.122000,0,0.254370,0.648557,1.246231,-0.301327,-0.962806,1.375942
11.124000,0,0.253424,0.652027,1.247401,-0.301474,-0.965420,1.387839
11.126000,0,0.252486,0.655437,1.248446,-0.301568,-0.967643,1.399506
11.128000,0,0.251558,0.658788,1.249375,-0.301615,-0.969510,1.410879
11.130000,0,0.250639,0.662083,1.250190,-0.301615,-0.971017,1.421932
11.132000,0,0.249730,0.665322,1.250886,-0.301547,-0.972146,1.432681
11.134000,0,0.248830,0.668506,1.251473,-0.301416,-0.972934,1.443082
11.136000,0,0.247941,0.671644,1.251959,-0.301226,-0.973381,1.453122
11.138000,0,0.247064,0.674739,1.252348,-0.300978,-0.973481,1.462795
11.140000,0,0.246199,0.677793,1.252642,-0.300675,-0.973229,1.472095
11.142000,0,0.245347,0.680809,1.252844,-0.300317,-0.972621,1.481017
11.144000,0,0.244511,0.683789,1.252956,-0.299906,-0.971653,1.489555
11.146000,0,0.243690,0.686737,1.252984,-0.299443,-0.970326,1.497705
11.148000,0,0.242885,0.689654,1.252929,-0.298931,-0.968637,1.505461
11.150000,0,0.242098,0.692538,1.252787,-0.298371,-0.966594,1.512854
11.152000,0,0.241328,0.695398,1.252572,-0.297765,-0.964193,1.519844
11.154000,0,0.240578,0.698235,1.252288,-0.297114,-0.961446,1.526405
11.156000,0,0.239848,0.701052,1.251938,-0.296419,-0.958349,1.532557
11.158000,0,0.239139,0.703857,1.251529,-0.295673,-0.954837,1.538290
11.160000,0,0.238449,0.706653,1.251066,-0.294877,-0.950911,1.543623
11.162000,0,0.237780,0.709438,1.250547,-0.294034,-0.946575,1.548582
11.164000,0,0.237132,0.712212,1.249983,-0.293158,-0.941920,1.553120
11.166000,0,0.236506,0.714977,1.249379,-0.292249,-0.936965,1.557228
11.168000,0,0.235901,0.717735,1.248739,-0.291309,-0.931716,1.560927
11.170000,0,0.235319,0.720487,1.248064,-0.290336,-0.926183,1.564222
11.172000,0,0.234761,0.723240,1.247356,-0.289322,-0.920312,1.567104
11.174000,0,0.234228,0.725993,1.246615,-0.288269,-0.914108,1.569597
11.176000,0,0.233722,0.728747,1.245843,-0.287181,-0.907598,1.571682
11.178000,0,0.233241,0.731499,1.245047,-0.286070,-0.900853,1.573391
11.180000,0,0.232788,0.734259,1.244238,-0.284939,-0.893849,1.574692
11.182000,0,0.232360,0.737024,1.243419,-0.283799,-0.886660,1.575608
11.184000,0,0.231959,0.739800,1.242593,-0.282639,-0.879235,1.576136
11.186000,0,0.231588,0.742588,1.241760,-0.281462,-0.871581,1.576296
11.188000,0,0.231244,0.745386,1.240927,-0.280277,-0.863782,1.576103
11.190000,0,0.230926,0.748194,1.240097,-0.279084,-0.855860,1.575558
11.192000,0,0.230635,0.751019,1.239274,-0.277873,-0.847787,1.574624
11.194000,0,0.230373,0.753858,1.238461,-0.276656,-0.839630,1.573338
11.196000,0,0.230139,0.756717,1.237664,-0.275433,-0.831392,1.571719
11.198000,0,0.229934,0.759596,1.236884,-0.274206,-0.823093,1.569777
11.200000,0,0.229756,0.762499,1.236128,-0.272970,-0.814731,1.567523
11.202000,0,0.229606,0.765431,1.235399,-0.271715,-0.806270,1.564929
11.204000,0,0.229483,0.768389,1.234698,-0.270452,-0.797785,1.562026
11.206000,0,0.229390,0.771373,1.234026,-0.269183,-0.789277,1.558829
11.208000,0,0.229327,0.774388,1.233387,-0.267921,-0.780734,1.555284
11.210000,0,0.229294,0.777432,1.232782,-0.266676,-0.772213,1.551431
11.212000,0,0.229289,0.780506,1.232214,-0.265446,-0.763743,1.547279
11.214000,0,0.229311,0.783614,1.231691,-0.264230,-0.755336,1.542837
11.216000,0,0.229361,0.786757,1.231212,-0.263030,-0.746992,1.538121
11.218000,0,0.229442,0.789940,1.230780,-0.261836,-0.738686,1.533099
11.220000,0,0.229549,0.793161,1.230396,-0.260651,-0.730471,1.527816
11.222000,0,0.229683,0.796420,1.230061,-0.259475,-0.722345,1.522291
11.224000,0,0.229843,0.799720,1.229775,-0.258305,-0.714317,1.516529
11.226000,0,0.230031,0.803060,1.229540,-0.257144,-0.706387,1.510546
11.228000,0,0.230245,0.806442,1.229355,-0.255990,-0.698568,1.504342
11.230000,0,0.230492,0.809860,1.229218,-0.254895,-0.690903,1.497788
11.232000,0,0.230770,0.813320,1.229133,-0.253861,-0.683409,1.490892
11.234000,0,0.231076,0.816820,1.229099,-0.252889,-0.676124,1.483729
11.236000,0,0.231410,0.820363,1.229118,-0.251972,-0.669056,1.476327
11.238000,0,0.231771,0.823948,1.229189,-0.251105,-0.662205,1.468701
11.240000,0,0.232158,0.827579,1.229315,-0.250280,-0.655561,1.460812
11.242000,0,0.232572,0.831256,1.229494,-0.249497,-0.649123,1.452676
11.244000,0,0.233011,0.834978,1.229726,-0.248749,-0.642905,1.444366
11.246000,0,0.233474,0.838745,1.230010,-0.248020,-0.636939,1.435820
11.248000,0,0.233961,0.842559,1.230346,-0.247314,-0.631183,1.427076
11.250000,0,0.234469,0.846423,1.230737,-0.246634,-0.625639,1.418211
11.252000,0,0.235000,0.850336,1.231184,-0.245980,-0.620307,1.409236
11.254000,0,0.235551,0.854298,1.231684,-0.245349,-0.615184,1.400160
11.256000,0,0.236122,0.858309,1.232236,-0.244730,-0.610272,1.390976
11.258000,0,0.236739,0.862352,1.232816,-0.244434,-0.605571,1.381481
11.260000,0,0.237395,0.866432,1.233431,-0.244441,-0.601085,1.371690
11.262000,0,0.238082,0.870552,1.234084,-0.244682,-0.596811,1.361653
11.264000,0,0.238797,0.874714,1.234775,-0.245155,-0.592748,1.351376
11.266000,0,0.239523,0.878926,1.235516,-0.245662,-0.588907,1.340969
11.268000,0,0.240262,0.883188,1.236307,-0.246205,-0.585285,1.330442
11.270000,0,0.241000,0.887506,1.237149,-0.246622,-0.581855,1.319891
11.272000,0,0.241737,0.891879,1.238043,-0.246870,-0.578600,1.309358
11.274000,0,0.242474,0.896307,1.238986,-0.246938,-0.575504,1.298867
11.276000,0,0.243213,0.900786,1.239977,-0.246831,-0.572564,1.288430
11.278000,0,0.243955,0.905308,1.241002,-0.246527,-0.569878,1.277948
11.280000,1,0.244769,0.909982,1.242118,-0.246383,-0.569156,1.271236
11.282000,1,0.245724,0.914733,1.243251,-0.246838,-0.570106,1.268543
11.284000,1,0.246718,0.919628,1.245183,-0.247092,-0.571847,1.266962
11.286000,1,0.247744,0.924644,1.247886,-0.247181,-0.574207,1.266259
11.288000,1,0.248803,0.929768,1.251348,-0.247140,-0.577045,1.266235
11.290000,1,0.249896,0.934983,1.255551,-0.246993,-0.580258,1.266748
11.292000,1,0.251027,0.940268,1.260485,-0.246763,-0.583760,1.267680
11.294000,1,0.252225,0.945486,1.266966,-0.246477,-0.587443,1.268891
11.296000,1,0.253485,0.950616,1.274882,-0.246146,-0.591251,1.270299
11.298000,1,0.254795,0.955651,1.283957,-0.245783,-0.595162,1.271875
11.300000,1,0.256136,0.960581,1.293959,-0.245396,-0.599142,1.273568
11.302000,1,0.257499,0.965393,1.304686,-0.244990,-0.603167,1.275339
11.304000,1,0.258872,0.970063,1.315961,-0.244569,-0.607213,1.277150
11.306000,1,0.260254,0.974583,1.327751,-0.244133,-0.611239,1.278933
11.308000,1,0.261638,0.978930,1.339908,-0.243688,-0.615233,1.280665
11.310000,1,0.263010,0.983082,1.352309,-0.243235,-0.619184,1.282325
11.312000,1,0.264359,0.986993,1.364735,-0.242785,-0.623108,1.283928
11.314000,1,0.265680,0.990636,1.377099,-0.242340,-0.626997,1.285458
11.316000,1,0.266973,0.994012,1.389407,-0.241898,-0.630826,1.286875
11.318000,1,0.268249,0.997067,1.401654,-0.241462,-0.634594,1.288165
11.320000,1,0.269495,0.999796,1.413685,-0.241036,-0.638313,1.289349
11.322000,1,0.270710,1.002189,1.425454,-0.240623,-0.641982,1.290422
11.324000,1,0.271901,1.004190,1.436972,-0.240223,-0.645598,1.291371
11.326000,1,0.271901,1.004190,1.436972,-0.240223,-0.645598,1.291371
11.328000,1,0.273072,1.005802,1.448262,-0.239835,-0.649148,1.292173
11.330000,1,0.275353,1.007818,1.470066,-0.239101,-0.656053,1.293340
11.332000,1,0.276465,1.008219,1.480577,-0.238754,-0.659401,1.293692
11.334000,1,0.277525,1.008269,1.490679,-0.238420,-0.662697,1.293932
11.336000,1,0.278527,1.007978,1.500325,-0.238102,-0.665945,1.294064
11.338000,1,0.279475,1.007350,1.509546,-0.237800,-0.669136,1.294075
11.340000,1,0.280372,1.006369,1.518319,-0.237514,-0.672287,1.293986
11.342000,1,0.281222,1.005034,1.526643,-0.237245,-0.675401,1.293805
11.344000,1,0.282030,1.003286,1.534532,-0.236994,-0.678484,1.293530
11.346000,1,0.282797,1.001132,1.541965,-0.236763,-0.681536,1.293161
11.348000,1,0.283525,0.998577,1.548974,-0.236552,-0.684550,1.292691
11.350000,1,0.284211,0.995684,1.555549,-0.236360,-0.687526,1.292126
11.352000,1,0.284859,0.992459,1.561716,-0.236189,-0.690459,1.291460
11.354000,1,0.285465,0.988903,1.567441,-0.236037,-0.693364,1.290718
11.356000,1,0.286029,0.985024,1.572703,-0.235906,-0.696242,1.289904
11.358000,1,0.286554,0.980827,1.577529,-0.235796,-0.699092,1.289013
11.360000,1,0.286554,0.980827,1.577529,-0.235796,-0.699092,1.289013
11.362000,1,0.287049,0.976280,1.581928,-0.235710,-0.701923,1.288054
11.364000,1,0.287965,0.966153,1.589471,-0.235604,-0.707540,1.285962
11.366000,1,0.287965,0.966153,1.589471,-0.235604,-0.707540,1.285962
11.368000,1,0.288783,0.954628,1.595358,-0.235593,-0.713105,1.283643
11.370000,1,0.289155,0.948298,1.597648,-0.235626,-0.715877,1.282408
11.372000,1,0.289497,0.941689,1.599506,-0.235681,-0.718635,1.281130
11.374000,1,0.289806,0.934834,1.600941,-0.235758,-0.721381,1.279812
11.376000,1,0.290082,0.927752,1.601957,-0.235857,-0.724115,1.278459
11.378000,1,0.290324,0.920457,1.602562,-0.235980,-0.726840,1.277073
11.380000,1,0.290534,0.912954,1.602775,-0.236128,-0.729556,1.275655
11.382000,1,0.290730,0.905155,1.602569,-0.236303,-0.732280,1.274218
11.384000,1,0.290912,0.897139,1.601981,-0.236503,-0.735006,1.272765
11.386000,1,0.291078,0.888859,1.600982,-0.236731,-0.737740,1.271298
11.388000,1,0.291224,0.880345,1.599561,-0.236984,-0.740480,1.269819
11.390000,1,0.291349,0.871676,1.597777,-0.237262,-0.743221,1.268331
11.392000,1,0.291452,0.862875,1.595638,-0.237563,-0.745965,1.266837
11.394000,1,0.291452,0.862875,1.595638,-0.237563,-0.745965,1.266837
11.396000,1,0.291580,0.844792,1.590188,-0.238243,-0.751479,1.263843
11.398000,1,0.291610,0.835518,1.586909,-0.238624,-0.754256,1.262353
11.400000,1,0.291614,0.826119,1.583277,-0.239030,-0.757049,1.260877
11.402000,1,0.291583,0.816708,1.579329,-0.239457,-0.759850,1.259413
11.404000,1,0.291515,0.807308,1.575074,-0.239905,-0.762660,1.257966
11.406000,1,0.291409,0.797921,1.570530,-0.240377,-0.765483,1.256536
11.408000,1,0.291278,0.788561,1.565689,-0.240874,-0.768321,1.255129
11.410000,1,0.291121,0.779241,1.560553,-0.241394,-0.771177,1.253747
11.412000,1,0.290935,0.769973,1.555131,-0.241939,-0.774052,1.252394
11.414000,1,0.290712,0.760739,1.549383,-0.242509,-0.776951,1.251076
11.416000,1,0.290453,0.751540,1.543326,-0.243107,-0.779876,1.249792
11.418000,1,0.290156,0.742445,1.537021,-0.243727,-0.782824,1.248544
11.420000,1,0.289822,0.733413,1.530434,-0.244373,-0.785801,1.247337
11.422000,1,0.289452,0.724489,1.523625,-0.245043,-0.788804,1.246169
11.424000,1,0.289048,0.715675,1.516611,-0.245736,-0.791839,1.245050
11.426000,1,0.289048,0.715675,1.516611,-0.245736,-0.791839,1.245050
11.428000,1,0.288607,0.706991,1.509393,-0.246453,-0.794908,1.243981
11.430000,1,0.288124,0.698447,1.501974,-0.247191,-0.798009,1.242963
11.432000,1,0.287035,0.681683,1.486436,-0.248744,-0.804322,1.241083
11.434000,1,0.287035,0.681683,1.486436,-0.248744,-0.804322,1.241083
11.436000,1,0.285792,0.665332,1.470049,-0.250401,-0.810782,1.239407
11.438000,1,0.285144,0.657420,1.461561,-0.251268,-0.814058,1.238643
11.440000,1,0.284484,0.649702,1.452837,-0.252161,-0.817366,1.237929
11.442000,1,0.283820,0.642211,1.443929,-0.253079,-0.820703,1.237262
11.444000,1,0.283143,0.634971,1.434847,-0.254019,-0.824071,1.236645
11.446000,1,0.282438,0.628011,1.425600,-0.254980,-0.827469,1.236078
11.448000,1,0.281701,0.621332,1.416202,-0.255962,-0.830900,1.235562
11.450000,1,0.280934,0.614931,1.406670,-0.256963,-0.834366,1.235102
11.452000,1,0.280127,0.608801,1.396962,-0.257986,-0.837870,1.234700
11.454000,1,0.279282,0.602942,1.387138,-0.259028,-0.841412,1.234352
11.456000,1,0.278400,0.597351,1.377210,-0.260089,-0.844992,1.234057
11.458000,1,0.277661,0.592136,1.366916,-0.261186,-0.848590,1.233798
11.460000,1,0.277067,0.587296,1.356281,-0.262316,-0.852209,1.233575
11.462000,1,0.276600,0.582824,1.345331,-0.263477,-0.855850,1.233390
11.464000,1,0.276200,0.578676,1.334226,-0.264660,-0.859523,1.233246
11.466000,1,0.275775,0.574830,1.323058,-0.265858,-0.863234,1.233148
11.468000,1,0.275221,0.571246,1.311871,-0.267062,-0.866989,1.233104
11.470000,1,0.274515,0.567891,1.300704,-0.268272,-0.870793,1.233118
11.472000,1,0.273659,0.564762,1.289571,-0.269490,-0.874643,1.233188
11.474000,1,0.272655,0.561828,1.278494,-0.270717,-0.878539,1.233312
11.476000,1,0.271530,0.559062,1.267513,-0.271952,-0.882478,1.233483
11.478000,0,0.270306,0.556427,1.256644,-0.273199,-0.886460,1.233698
11.480000,0,0.269271,0.555716,1.249418,-0.274506,-0.890626,1.234025
11.482000,0,0.268362,0.556425,1.244182,-0.275750,-0.894633,1.234010
11.484000,0,0.267571,0.558294,1.240554,-0.276918,-0.898478,1.233636
11.486000,0,0.266741,0.560694,1.238050,-0.278088,-0.902555,1.234259
11.488000,0,0.265877,0.563504,1.236466,-0.279275,-0.906882,1.236005
11.490000,0,0.264986,0.566636,1.235627,-0.280476,-0.911431,1.238829
11.492000,0,0.264071,0.569987,1.235345,-0.281684,-0.916172,1.242727
11.494000,0,0.263155,0.573517,1.235534,-0.282900,-0.920949,1.248315
11.496000,0,0.262239,0.577174,1.236087,-0.284116,-0.925724,1.255421
11.498000,0,0.261318,0.580888,1.236875,-0.285326,-0.930478,1.263950
11.500000,0,0.260398,0.584659,1.237878,-0.286508,-0.935186,1.273493
11.502000,0,0.259481,0.588462,1.239043,-0.287652,-0.939844,1.283801
11.504000,0,0.258567,0.592278,1.240321,-0.288752,-0.944427,1.294684
11.506000,0,0.257653,0.596062,1.241630,-0.289804,-0.948922,1.306101
11.508000,0,0.256739,0.599802,1.242940,-0.290803,-0.953301,1.317898
11.510000,0,0.255831,0.603516,1.244259,-0.291737,-0.957511,1.329848
11.512000,0,0.254928,0.607197,1.245561,-0.292602,-0.961517,1.341865
11.514000,0,0.254026,0.610815,1.246797,-0.293399,-0.965314,1.353940
11.516000,0,0.253132,0.614385,1.247975,-0.294127,-0.968865,1.365926
11.518000,0,0.252246,0.617903,1.249080,-0.294786,-0.972147,1.377761
11.520000,0,0.251366,0.621346,1.250077,-0.295377,-0.975160,1.389456
11.522000,0,0.250490,0.624715,1.250954,-0.295901,-0.977851,1.401011
11.524000,0,0.249620,0.628008,1.251712,-0.296360,-0.980232,1.412376
11.526000,0,0.248760,0.631245,1.252368,-0.296754,-0.982282,1.423444
11.528000,0,0.247912,0.634425,1.252921,-0.297086,-0.983988,1.434187
11.530000,0,0.247073,0.637535,1.253349,-0.297358,-0.985354,1.444629
11.532000,0,0.246244,0.640578,1.253654,-0.297572,-0.986371,1.454760
11.534000,0,0.245423,0.643553,1.253835,-0.297714,-0.987065,1.464585
11.536000,0,0.244614,0.646475,1.253912,-0.297781,-0.987423,1.474049
11.538000,0,0.243817,0.649345,1.253887,-0.297778,-0.987449,1.483114
11.540000,0,0.243032,0.652158,1.253749,-0.297705,-0.987146,1.491806
11.542000,0,0.242261,0.654916,1.253502,-0.297564,-0.986503,1.500144
11.544000,0,0.241505,0.657632,1.253160,-0.297360,-0.985516,1.508071
11.546000,0,0.240765,0.660307,1.252729,-0.297094,-0.984180,1.515602
11.548000,0,0.240042,0.662938,1.252200,-0.296770,-0.982503,1.522763
11.550000,0,0.239336,0.665531,1.251574,-0.296383,-0.980431,1.529558
11.552000,0,0.238648,0.668090,1.250871,-0.295943,-0.978020,1.535921
11.554000,0,0.237979,0.670621,1.250098,-0.295452,-0.975281,1.541846
11.556000,0,0.237329,0.673126,1.249260,-0.294912,-0.972215,1.547358
11.558000,0,0.236698,0.675608,1.248358,-0.294327,-0.968814,1.552447
11.560000,0,0.236089,0.678064,1.247388,-0.293700,-0.965083,1.557140
11.562000,0,0.235501,0.680498,1.246355,-0.293034,-0.961026,1.561438
11.564000,0,0.234934,0.682914,1.245269,-0.292327,-0.956655,1.565316
11.566000,0,0.234389,0.685316,1.244135,-0.291582,-0.951974,1.568795
11.568000,0,0.233865,0.687707,1.242961,-0.290801,-0.946994,1.571879
11.570000,0,0.233364,0.690089,1.241749,-0.289987,-0.941721,1.574591
11.572000,0,0.232886,0.692463,1.240502,-0.289143,-0.936173,1.576909
11.574000,0,0.232431,0.694832,1.239224,-0.288269,-0.930356,1.578853
11.576000,0,0.232000,0.697201,1.237928,-0.287367,-0.924303,1.580404
11.578000,0,0.231593,0.699572,1.236617,-0.286440,-0.918022,1.581580
11.580000,0,0.231209,0.701945,1.235294,-0.285486,-0.911533,1.582366
11.582000,0,0.230851,0.704321,1.233959,-0.284510,-0.904842,1.582784
11.584000,0,0.230522,0.706705,1.232613,-0.283525,-0.897937,1.582836
11.586000,0,0.230220,0.709097,1.231260,-0.282533,-0.890821,1.582541
11.588000,0,0.229945,0.711497,1.229908,-0.281534,-0.883534,1.581869
11.590000,0,0.229696,0.713909,1.228559,-0.280525,-0.876088,1.580822
11.592000,0,0.229473,0.716331,1.227216,-0.279508,-0.868507,1.579408
11.594000,0,0.229278,0.718770,1.225886,-0.278485,-0.860794,1.577646
11.596000,0,0.229111,0.721230,1.224570,-0.277449,-0.852904,1.575510
11.598000,0,0.228973,0.723709,1.223271,-0.276406,-0.844895,1.573059
11.600000,0,0.228859,0.726205,1.221995,-0.275353,-0.836824,1.570278
11.602000,0,0.228770,0.728721,1.220745,-0.274290,-0.828710,1.567168
11.604000,0,0.228706,0.731259,1.219524,-0.273217,-0.820566,1.563740
11.606000,0,0.228668,0.733821,1.218333,-0.272134,-0.812395,1.560010
11.608000,0,0.228658,0.736409,1.217175,-0.271042,-0.804199,1.555991
11.610000,0,0.228675,0.739028,1.216059,-0.269965,-0.795981,1.551677
11.612000,0,0.228718,0.741678,1.214987,-0.268903,-0.787769,1.547064
11.614000,0,0.228788,0.744361,1.213961,-0.267854,-0.779576,1.542159
11.616000,0,0.228885,0.747077,1.212982,-0.266815,-0.771415,1.536974
11.618000,0,0.229009,0.749828,1.212051,-0.265787,-0.763288,1.531522
11.620000,0,0.229162,0.752618,1.211171,-0.264763,-0.755169,1.525765
11.622000,0,0.229342,0.755445,1.210343,-0.263748,-0.747093,1.519770
11.624000,0,0.229547,0.758308,1.209568,-0.262735,-0.739101,1.513532
11.626000,0,0.229777,0.761209,1.208848,-0.261723,-0.731205,1.507059
11.628000,0,0.230032,0.764152,1.208188,-0.260714,-0.723408,1.500363
11.630000,0,0.230313,0.767139,1.207591,-0.259700,-0.715688,1.493402
11.632000,0,0.230626,0.770168,1.207054,-0.258743,-0.708069,1.486121
11.634000,0,0.230968,0.773239,1.206577,-0.257846,-0.700587,1.478582
11.636000,0,0.231337,0.776350,1.206158,-0.257004,-0.693280,1.470795
11.638000,0,0.231732,0.779505,1.205802,-0.256206,-0.686141,1.462717
11.640000,0,0.232156,0.782705,1.205507,-0.255452,-0.679167,1.454366
11.642000,0,0.232606,0.785949,1.205274,-0.254736,-0.672365,1.445760
11.644000,0,0.233079,0.789237,1.205101,-0.254046,-0.665760,1.436982
11.646000,0,0.233574,0.792572,1.204993,-0.253377,-0.659356,1.428049
11.648000,0,0.234090,0.795955,1.204948,-0.252723,-0.653155,1.418969
11.650000,0,0.234628,0.799388,1.204969,-0.252072,-0.647148,1.409690
11.652000,0,0.235188,0.802869,1.205054,-0.251426,-0.641335,1.400227
11.654000,0,0.235770,0.806399,1.205202,-0.250781,-0.635718,1.390589
11.656000,0,0.236371,0.809977,1.205410,-0.250131,-0.630309,1.380844
11.658000,0,0.237013,0.813587,1.205656,-0.249721,-0.625165,1.370728
11.660000,0,0.237689,0.817226,1.205937,-0.249506,-0.620378,1.360204
11.662000,0,0.238394,0.820907,1.206266,-0.249436,-0.615841,1.349373
11.664000,0,0.239128,0.824632,1.206644,-0.249510,-0.611553,1.338252
11.666000,0,0.239878,0.828407,1.207081,-0.249621,-0.607503,1.326957
11.668000,0,0.240635,0.832237,1.207579,-0.249669,-0.603671,1.315660
11.670000,0,0.241396,0.836124,1.208140,-0.249600,-0.600041,1.304418
11.672000,0,0.242159,0.840069,1.208766,-0.249372,-0.596575,1.293235
11.674000,0,0.242927,0.844070,1.209451,-0.248997,-0.593270,1.282154
11.676000,0,0.243700,0.848125,1.210199,-0.248480,-0.590126,1.271180
11.678000,0,0.244480,0.852236,1.211007,-0.247823,-0.587105,1.260291
11.680000,0,0.245310,0.856370,1.211833,-0.247518,-0.584231,1.249003
11.682000,1,0.246266,0.860599,1.212707,-0.247757,-0.582991,1.241745
11.684000,1,0.247267,0.864873,1.213575,-0.248368,-0.583393,1.238103
11.686000,1,0.248246,0.868998,1.214182,-0.248824,-0.584847,1.235680
11.688000,1,0.249195,0.872972,1.214499,-0.249160,-0.587157,1.234234
11.690000,1,0.250134,0.877259,1.215990,-0.249317,-0.589873,1.233450
11.692000,1,0.251084,0.881888,1.218796,-0.249325,-0.592911,1.233225
11.694000,1,0.252049,0.886827,1.222849,-0.249213,-0.596205,1.233454
11.696000,1,0.253029,0.892026,1.228062,-0.249008,-0.599700,1.234048
11.698000,1,0.254044,0.897357,1.234881,-0.248741,-0.603336,1.234927
11.700000,1,0.255086,0.902799,1.243210,-0.248420,-0.607055,1.235994
11.702000,1,0.256147,0.908291,1.252679,-0.248064,-0.610850,1.237232
11.704000,1,0.257216,0.913792,1.263026,-0.247680,-0.614700,1.238600
11.706000,1,0.258285,0.919264,1.274040,-0.247276,-0.618590,1.240069
11.708000,1,0.259371,0.924613,1.285585,-0.246860,-0.622504,1.241597
11.710000,1,0.260469,0.929794,1.297516,-0.246436,-0.626429,1.243154
11.712000,1,0.261581,0.934800,1.309810,-0.246003,-0.630332,1.244691
11.714000,1,0.262698,0.939571,1.322240,-0.245570,-0.634223,1.246212
11.716000,1,0.263823,0.944105,1.334801,-0.245134,-0.638082,1.247684
11.718000,1,0.264949,0.948346,1.347308,-0.244702,-0.641918,1.249114
11.720000,1,0.266074,0.952279,1.359671,-0.244277,-0.645727,1.250493
11.722000,1,0.267196,0.955883,1.371841,-0.243861,-0.649504,1.251806
11.724000,1,0.268318,0.959161,1.383839,-0.243451,-0.653232,1.253029
11.726000,1,0.269434,0.962068,1.395591,-0.243053,-0.656921,1.254167
11.728000,1,0.270545,0.964587,1.407067,-0.242666,-0.660569,1.255216
11.730000,1,0.271649,0.966709,1.418243,-0.242292,-0.664175,1.256171
11.732000,1,0.272729,0.968448,1.429095,-0.241930,-0.667736,1.257028
11.734000,1,0.273783,0.969804,1.439611,-0.241581,-0.671252,1.257788
11.736000,1,0.274814,0.970732,1.449787,-0.241247,-0.674726,1.258444
11.738000,1,0.275818,0.971272,1.459586,-0.240928,-0.678156,1.259001
11.740000,1,0.276795,0.971428,1.468996,-0.240623,-0.681546,1.259467
11.742000,1,0.277746,0.971188,1.478025,-0.240335,-0.684898,1.259841
11.744000,1,0.278670,0.970551,1.486669,-0.240063,-0.688215,1.260126
11.746000,1,0.279568,0.969526,1.494905,-0.239808,-0.691497,1.260323
11.748000,1,0.280439,0.968114,1.502726,-0.239571,-0.694746,1.260435
11.750000,1,0.281285,0.966320,1.510162,-0.239354,-0.697959,1.260457
11.752000,1,0.282105,0.964142,1.517178,-0.239156,-0.701144,1.260399
11.754000,1,0.282897,0.961573,1.523784,-0.238978,-0.704302,1.260265
11.756000,1,0.283661,0.958617,1.529977,-0.238820,-0.707436,1.260058
11.758000,1,0.284400,0.955269,1.535759,-0.238684,-0.710548,1.259780
11.760000,1,0.285118,0.951533,1.541156,-0.238571,-0.713638,1.259429
11.762000,1,0.285808,0.947420,1.546133,-0.238480,-0.716708,1.259014
11.764000,1,0.286472,0.942940,1.550682,-0.238411,-0.719765,1.258545
11.766000,1,0.287111,0.938040,1.554788,-0.238365,-0.722814,1.258024
11.768000,1,0.287722,0.932731,1.558451,-0.238342,-0.725855,1.257452
11.770000,1,0.288305,0.927034,1.561667,-0.238343,-0.728889,1.256834
11.772000,1,0.288857,0.920984,1.564425,-0.238368,-0.731913,1.256170
11.774000,1,0.289381,0.914587,1.566750,-0.238418,-0.734930,1.255461
11.776000,1,0.289877,0.907915,1.568671,-0.238492,-0.737934,1.254712
11.778000,1,0.290345,0.901006,1.570204,-0.238591,-0.740928,1.253925
11.780000,1,0.290779,0.893882,1.571335,-0.238713,-0.743915,1.253109
11.782000,1,0.291179,0.886556,1.572065,-0.238858,-0.746899,1.252273
11.784000,1,0.291548,0.879034,1.572415,-0.239029,-0.749884,1.251417
11.786000,1,0.291893,0.871304,1.572391,-0.239227,-0.752871,1.250543
11.788000,1,0.292215,0.863362,1.572009,-0.239453,-0.755865,1.249654
11.790000,1,0.292508,0.855250,1.571243,-0.239703,-0.758864,1.248757
11.792000,1,0.292770,0.846978,1.570097,-0.239978,-0.761870,1.247853
11.794000,1,0.292998,0.838499,1.568542,-0.240280,-0.764890,1.246946
11.796000,1,0.293196,0.829818,1.566598,-0.240612,-0.767924,1.246035
11.798000,1,0.293363,0.821012,1.564308,-0.240970,-0.770967,1.245124
11.800000,1,0.293494,0.812124,1.561677,-0.241352,-0.774021,1.244216
11.802000,1,0.293589,0.803171,1.558710,-0.241758,-0.777087,1.243319
11.804000,1,0.293646,0.794166,1.555417,-0.242188,-0.780167,1.242433
11.806000,1,0.293663,0.785124,1.551806,-0.242641,-0.783265,1.241563
11.808000,1,0.293644,0.776048,1.547893,-0.243120,-0.786384,1.240715
11.810000,1,0.293593,0.766956,1.543678,-0.243625,-0.789527,1.239892
11.812000,1,0.293515,0.757844,1.539171,-0.244157,-0.792695,1.239095
11.814000,1,0.293399,0.748758,1.534365,-0.244712,-0.795887,1.238328
11.816000,1,0.293245,0.739713,1.529268,-0.245292,-0.799105,1.237591
11.818000,1,0.293051,0.730721,1.523890,-0.245896,-0.802348,1.236886
11.820000,1,0.292817,0.721784,1.518248,-0.246525,-0.805619,1.236214
11.822000,1,0.292541,0.712924,1.512345,-0.247179,-0.808918,1.235578
11.824000,1,0.292221,0.704152,1.506191,-0.247857,-0.812247,1.234978
11.826000,1,0.291857,0.695479,1.499795,-0.248559,-0.815606,1.234418
11.828000,1,0.291450,0.686906,1.493173,-0.249286,-0.818997,1.233895
11.830000,1,0.290998,0.678452,1.486327,-0.250037,-0.822419,1.233414
11.832000,1,0.290521,0.670174,1.479226,-0.250814,-0.825869,1.232972
11.834000,1,0.290022,0.662084,1.471880,-0.251616,-0.829352,1.232575
11.836000,1,0.289499,0.654189,1.464305,-0.252442,-0.832868,1.232225
11.838000,1,0.288951,0.646493,1.456514,-0.253293,-0.836419,1.231922
11.840000,1,0.288378,0.638997,1.448527,-0.254168,-0.840004,1.231664
11.842000,1,0.287777,0.631708,1.440352,-0.255067,-0.843626,1.231454
11.844000,1,0.287146,0.624631,1.432000,-0.255990,-0.847283,1.231289
11.846000,1,0.286484,0.617770,1.423481,-0.256936,-0.850976,1.231169
11.848000,1,0.285791,0.611128,1.414804,-0.257905,-0.854705,1.231095
11.850000,1,0.285068,0.604688,1.405975,-0.258898,-0.858470,1.231064
11.852000,1,0.284318,0.598450,1.397008,-0.259913,-0.862272,1.231075
11.854000,1,0.283535,0.592439,1.387909,-0.260951,-0.866110,1.231131
11.856000,1,0.282719,0.586663,1.378683,-0.262010,-0.869985,1.231235
11.858000,1,0.282022,0.581221,1.369179,-0.263101,-0.873883,1.231373
11.860000,1,0.281443,0.576097,1.359406,-0.264224,-0.877806,1.231542
11.862000,1,0.280952,0.571296,1.349414,-0.265374,-0.881757,1.231746
11.864000,1,0.280551,0.566815,1.339217,-0.266549,-0.885736,1.231986
11.866000,1,0.280181,0.562624,1.328882,-0.267745,-0.889750,1.232265
11.868000,1,0.279810,0.558705,1.318446,-0.268957,-0.893805,1.232589
11.870000,1,0.279384,0.555028,1.307945,-0.270183,-0.897902,1.232956
11.872000,1,0.278862,0.551595,1.297421,-0.271418,-0.902042,1.233369
11.874000,1,0.278227,0.548366,1.286894,-0.272662,-0.906226,1.233824
11.876000,1,0.277483,0.545340,1.276374,-0.273917,-0.910450,1.234319
11.878000,1,0.276624,0.542469,1.265892,-0.275182,-0.914716,1.234851
11.880000,0,0.276001,0.541532,1.259177,-0.276515,-0.919175,1.235493
11.882000,0,0.276038,0.542353,1.256459,-0.277974,-0.923738,1.236183
11.884000,0,0.276668,0.544648,1.257164,-0.279542,-0.928379,1.236910
11.886000,0,0.276988,0.547385,1.258228,-0.281043,-0.933027,1.238212
11.888000,0,0.277053,0.550407,1.259454,-0.282465,-0.937619,1.239966
11.890000,0,0.276908,0.553603,1.260727,-0.283808,-0.942144,1.242160
11.892000,0,0.276597,0.556933,1.262044,-0.285102,-0.946663,1.244931
11.894000,0,0.276151,0.560341,1.263355,-0.286358,-0.951177,1.248335
11.896000,0,0.275614,0.563769,1.264608,-0.287593,-0.955518,1.253404
11.898000,0,0.275001,0.567183,1.265775,-0.288812,-0.959700,1.260040
11.900000,0,0.274323,0.570568,1.266856,-0.290010,-0.963755,1.268020
11.902000,0,0.273587,0.573877,1.267788,-0.291186,-0.967670,1.277268
11.904000,0,0.272808,0.577133,1.268623,-0.292322,-0.971471,1.287418
11.906000,0,0.271994,0.580333,1.269359,-0.293406,-0.975157,1.298262
11.908000,0,0.271155,0.583477,1.270008,-0.294444,-0.978761,1.309590
11.910000,0,0.270297,0.586564,1.270565,-0.295429,-0.982257,1.321270
11.912000,0,0.269425,0.589592,1.271019,-0.296363,-0.985599,1.333219
11.914000,0,0.268544,0.592563,1.271377,-0.297242,-0.988790,1.345286
11.916000,0,0.267659,0.595476,1.271634,-0.298061,-0.991798,1.357402
11.918000,0,0.266771,0.598333,1.271781,-0.298821,-0.994565,1.369537
11.920000,0,0.265879,0.601109,1.271784,-0.299522,-0.997086,1.381689
11.922000,0,0.264992,0.603833,1.271687,-0.300161,-0.999365,1.393673
11.924000,0,0.264110,0.606508,1.271486,-0.300739,-1.001340,1.405485
11.926000,0,0.263236,0.609134,1.271187,-0.301256,-1.003037,1.417035
11.928000,0,0.262368,0.611696,1.270765,-0.301713,-1.004456,1.428339
11.930000,0,0.261510,0.614196,1.270223,-0.302109,-1.005580,1.439387
11.932000,0,0.260662,0.616654,1.269593,-0.302430,-1.006427,1.450076
11.934000,0,0.259824,0.619076,1.268882,-0.302681,-1.006987,1.460410
11.936000,0,0.258998,0.621463,1.268090,-0.302862,-1.007249,1.470379
11.938000,0,0.258185,0.623818,1.267219,-0.302976,-1.007203,1.479971
11.940000,0,0.257386,0.626141,1.266270,-0.303026,-1.006839,1.489175
11.942000,0,0.256602,0.628423,1.265227,-0.303012,-1.006163,1.498016
11.944000,0,0.255834,0.630678,1.264112,-0.302936,-1.005160,1.506425
11.946000,0,0.255085,0.632909,1.262926,-0.302801,-1.003826,1.514390
11.948000,0,0.254354,0.635118,1.261678,-0.302611,-1.002158,1.521936
11.950000,0,0.253642,0.637307,1.260367,-0.302368,-1.000155,1.529062
11.952000,0,0.252949,0.639477,1.258996,-0.302074,-0.997817,1.535763
11.954000,0,0.252275,0.641623,1.257557,-0.301731,-0.995150,1.542065
11.956000,0,0.251623,0.643752,1.256063,-0.301341,-0.992158,1.547907
11.958000,0,0.250994,0.645867,1.254519,-0.300907,-0.988838,1.553283
11.960000,0,0.250994,0.645867,1.254519,-0.300907,-0.988838,1.553283
11.962000,0,0.249805,0.650055,1.251277,-0.299924,-0.981242,1.562671
11.964000,0,0.249249,0.652130,1.249575,-0.299373,-0.976918,1.566701
11.966000,0,0.248719,0.654192,1.247816,-0.298785,-0.972233,1.570311
11.968000,0,0.248216,0.656245,1.246011,-0.298160,-0.967193,1.573474
11.970000,0,0.247735,0.658291,1.244178,-0.297507,-0.961887,1.576204
11.972000,0,0.247277,0.660332,1.242322,-0.296826,-0.956338,1.578502
11.974000,0,0.246844,0.662373,1.240443,-0.296114,-0.950501,1.580345
11.976000,0,0.246436,0.664411,1.238545,-0.295380,-0.944448,1.581786
11.978000,0,0.246053,0.666445,1.236629,-0.294625,-0.938197,1.582829
11.980000,0,0.245697,0.668478,1.234695,-0.293851,-0.931753,1.583498
11.982000,0,0.245369,0.670514,1.232749,-0.293072,-0.925097,1.583771
11.984000,0,0.245069,0.672554,1.230795,-0.292288,-0.918238,1.583648
11.986000,0,0.244797,0.674600,1.228834,-0.291499,-0.911191,1.583133
11.988000,0,0.244553,0.676652,1.226870,-0.290704,-0.903969,1.582230
11.990000,0,0.244337,0.678719,1.224911,-0.289897,-0.896528,1.580902
11.992000,0,0.244152,0.680801,1.222956,-0.289081,-0.888874,1.579172
11.994000,0,0.243997,0.682898,1.221008,-0.288255,-0.881022,1.577042
11.996000,0,0.243867,0.685005,1.219076,-0.287422,-0.873077,1.574558
11.998000,0,0.243763,0.687124,1.217162,-0.286581,-0.865063,1.571729
12.000000,0,0.243684,0.689260,1.215270,-0.285725,-0.856939,1.568514
12.002000,0,0.243631,0.691410,1.213402,-0.284859,-0.848771,1.564971
12.004000,0,0.243604,0.693580,1.211560,-0.283975,-0.840528,1.561063
12.006000,0,0.243601,0.695770,1.209752,-0.283080,-0.832273,1.556849
12.008000,0,0.243626,0.697984,1.207979,-0.282200,-0.823982,1.552333
12.010000,0,0.243679,0.700224,1.206242,-0.281335,-0.815661,1.547518
12.012000,0,0.243759,0.702489,1.204544,-0.280482,-0.807324,1.542412
12.014000,0,0.243866,0.704781,1.202888,-0.279638,-0.798983,1.537021
12.016000,0,0.244000,0.707102,1.201274,-0.278799,-0.790651,1.531350
12.018000,0,0.244160,0.709452,1.199706,-0.277961,-0.782342,1.525408
12.020000,0,0.244346,0.711832,1.198185,-0.277122,-0.774067,1.519200
12.022000,0,0.244558,0.714243,1.196714,-0.276278,-0.765838,1.512735
12.024000,0,0.244797,0.716692,1.195300,-0.275425,-0.757631,1.505965
12.026000,0,0.245062,0.719179,1.193943,-0.274559,-0.749460,1.498899
12.028000,0,0.245353,0.721703,1.192645,-0.273679,-0.741342,1.491553
12.030000,0,0.245673,0.724264,1.191406,-0.272829,-0.733308,1.483895
12.032000,0,0.246022,0.726861,1.190227,-0.272012,-0.725404,1.475997
12.034000,0,0.246398,0.729496,1.189110,-0.271219,-0.717616,1.467816
12.036000,0,0.246803,0.732171,1.188054,-0.270450,-0.709942,1.459370
12.038000,0,0.247234,0.734884,1.187061,-0.269698,-0.702426,1.450731
12.040000,0,0.247688,0.737637,1.186132,-0.268954,-0.695077,1.441911
12.042000,0,0.248165,0.740434,1.185273,-0.268216,-0.687900,1.432917
12.044000,0,0.248665,0.743276,1.184483,-0.267476,-0.680899,1.423754
12.046000,0,0.249188,0.746162,1.183763,-0.266731,-0.674078,1.414426
12.048000,0,0.249733,0.749094,1.183113,-0.265976,-0.667442,1.404938
12.050000,0,0.250300,0.752072,1.182533,-0.265212,-0.660989,1.395304
12.052000,0,0.250889,0.755095,1.182021,-0.264430,-0.654727,1.385520
12.054000,0,0.251499,0.758164,1.181578,-0.263626,-0.648660,1.375589
12.056000,0,0.252130,0.761280,1.181202,-0.262797,-0.642790,1.365516
12.058000,0,0.252782,0.764441,1.180894,-0.261945,-0.637117,1.355314
12.060000,0,0.253474,0.767642,1.180640,-0.261283,-0.631602,1.344791
12.062000,0,0.254198,0.770882,1.180445,-0.260757,-0.626352,1.333920
12.064000,0,0.254949,0.774163,1.180310,-0.260320,-0.621370,1.322756
12.066000,0,0.255717,0.777488,1.180238,-0.259888,-0.616660,1.311393
12.068000,0,0.256499,0.780861,1.180231,-0.259402,-0.612211,1.299908
12.070000,0,0.257292,0.784284,1.180290,-0.258826,-0.608003,1.288361
12.072000,0,0.258095,0.787756,1.180413,-0.258144,-0.604008,1.276791
12.074000,0,0.258908,0.791281,1.180601,-0.257345,-0.600178,1.265200
12.076000,0,0.259733,0.794855,1.180850,-0.256443,-0.596507,1.253637
12.078000,0,0.260570,0.798478,1.181156,-0.255454,-0.592970,1.242117
12.080000,0,0.261420,0.802150,1.181523,-0.254378,-0.589569,1.230647
12.082000,0,0.262281,0.805870,1.181948,-0.253229,-0.586279,1.219232
12.084000,0,0.263159,0.809588,1.182361,-0.252393,-0.583538,1.208450
12.086000,1,0.264076,0.813364,1.182801,-0.251879,-0.582593,1.201291
12.088000,1,0.265021,0.817187,1.183265,-0.251651,-0.583166,1.197226
12.090000,1,0.265947,0.821450,1.185187,-0.251332,-0.584507,1.194467
12.092000,1,0.266859,0.826159,1.188654,-0.250942,-0.586453,1.192760
12.094000,1,0.267748,0.831283,1.193630,-0.250493,-0.588874,1.191900
12.096000,1,0.268624,0.836723,1.199863,-0.250005,-0.591699,1.191763
12.098000,1,0.269496,0.842374,1.207478,-0.249496,-0.594846,1.192219
12.100000,1,0.270362,0.848183,1.216262,-0.248972,-0.598251,1.193157
12.102000,1,0.271218,0.854135,1.226134,-0.248434,-0.601838,1.194454
12.104000,1,0.272057,0.860156,1.236711,-0.247891,-0.605585,1.196061
12.106000,1,0.272876,0.866201,1.247790,-0.247350,-0.609454,1.197909
12.108000,1,0.273705,0.872136,1.259285,-0.246814,-0.613415,1.199927
12.110000,1,0.274545,0.877903,1.271075,-0.246285,-0.617433,1.202049
12.112000,1,0.275395,0.883478,1.283058,-0.245765,-0.621489,1.204239
12.114000,1,0.276254,0.888832,1.295142,-0.245253,-0.625563,1.206461
12.116000,1,0.277121,0.893942,1.307250,-0.244750,-0.629640,1.208685
12.118000,1,0.277996,0.898806,1.319386,-0.244252,-0.633694,1.210868
12.120000,1,0.278875,0.903380,1.331424,-0.243763,-0.637726,1.213004
12.122000,1,0.279754,0.907644,1.343310,-0.243285,-0.641727,1.215074
12.124000,1,0.280631,0.911581,1.355007,-0.242818,-0.645690,1.217062
12.126000,1,0.281506,0.915178,1.366485,-0.242362,-0.649608,1.218956
12.128000,1,0.282379,0.918435,1.377767,-0.241916,-0.653468,1.220733
12.130000,1,0.283247,0.921329,1.388781,-0.241482,-0.657277,1.222399
12.132000,1,0.284090,0.923872,1.399503,-0.241060,-0.661032,1.223950
12.134000,1,0.284905,0.926061,1.409915,-0.240650,-0.664732,1.225384
12.136000,1,0.285694,0.927899,1.420045,-0.240250,-0.668369,1.226687
12.138000,1,0.286455,0.929370,1.429843,-0.239865,-0.671952,1.227871
12.140000,1,0.287186,0.930471,1.439299,-0.239494,-0.675484,1.228937
12.142000,1,0.287890,0.931207,1.448441,-0.239138,-0.678959,1.229877
12.144000,1,0.288566,0.931575,1.457260,-0.238798,-0.682381,1.230693
12.146000,1,0.289210,0.931566,1.465709,-0.238474,-0.685758,1.231400
12.148000,1,0.289822,0.931180,1.473779,-0.238168,-0.689095,1.232006
12.150000,1,0.290401,0.930419,1.481466,-0.237878,-0.692395,1.232513
12.152000,1,0.290951,0.929288,1.488800,-0.237607,-0.695656,1.232918
12.154000,1,0.291467,0.927788,1.495745,-0.237353,-0.698884,1.233233
12.156000,1,0.291950,0.925922,1.502296,-0.237119,-0.702081,1.233461
12.158000,1,0.292396,0.923692,1.508455,-0.236903,-0.705250,1.233606
12.160000,1,0.292807,0.921102,1.514222,-0.236708,-0.708394,1.233672
12.162000,1,0.293182,0.918160,1.519596,-0.236532,-0.711513,1.233661
12.164000,1,0.293520,0.914874,1.524577,-0.236378,-0.714610,1.233580
12.166000,1,0.293821,0.911252,1.529165,-0.236244,-0.717687,1.233431
12.168000,1,0.294085,0.907305,1.533360,-0.236133,-0.720746,1.233219
12.170000,1,0.294315,0.903038,1.537186,-0.236044,-0.723788,1.232943
12.172000,1,0.294508,0.898467,1.540619,-0.235977,-0.726819,1.232618
12.174000,1,0.294665,0.893605,1.543657,-0.235932,-0.729842,1.232249
12.176000,1,0.294785,0.888464,1.546306,-0.235908,-0.732858,1.231839
12.178000,1,0.294870,0.883057,1.548567,-0.235906,-0.735869,1.231391
12.180000,1,0.294921,0.877390,1.550464,-0.235928,-0.738875,1.230906
12.182000,1,0.294940,0.871494,1.551984,-0.235975,-0.741880,1.230391
12.184000,1,0.294929,0.865373,1.553145,-0.236046,-0.744884,1.229849
12.186000,1,0.294887,0.859040,1.553950,-0.236141,-0.747891,1.229284
12.188000,1,0.294812,0.852508,1.554401,-0.236262,-0.750901,1.228698
12.190000,1,0.294707,0.845781,1.554515,-0.236409,-0.753915,1.228094
12.192000,1,0.294570,0.838890,1.554286,-0.236584,-0.756937,1.227476
12.194000,1,0.294399,0.831846,1.553708,-0.236783,-0.759967,1.226851
12.196000,1,0.294191,0.824679,1.552776,-0.237007,-0.763006,1.226223
12.198000,1,0.293947,0.817388,1.551504,-0.237257,-0.766058,1.225592
12.200000,1,0.293669,0.809980,1.549911,-0.237533,-0.769128,1.224969
12.202000,1,0.293357,0.802465,1.548005,-0.237837,-0.772220,1.224360
12.204000,1,0.293009,0.794873,1.545778,-0.238165,-0.775331,1.223763
12.206000,1,0.292622,0.787218,1.543234,-0.238519,-0.778462,1.223180
12.208000,1,0.292208,0.779513,1.540375,-0.238898,-0.781614,1.222613
12.210000,1,0.291769,0.771763,1.537216,-0.239305,-0.784788,1.222063
12.212000,1,0.291306,0.763962,1.533771,-0.239740,-0.787986,1.221530
12.214000,1,0.290817,0.756133,1.530037,-0.240201,-0.791208,1.221019
12.216000,1,0.290300,0.748293,1.526020,-0.240688,-0.794457,1.220533
12.218000,1,0.289755,0.740456,1.521728,-0.241201,-0.797731,1.220073
12.220000,1,0.289181,0.732623,1.517175,-0.241740,-0.801033,1.219638
12.222000,1,0.288578,0.724819,1.512362,-0.242306,-0.804362,1.219233
12.224000,1,0.287938,0.717023,1.507248,-0.242898,-0.807723,1.218860
12.226000,1,0.287267,0.709285,1.501888,-0.243515,-0.811116,1.218523
12.228000,1,0.286567,0.701605,1.496298,-0.244158,-0.814540,1.218223
12.230000,1,0.285839,0.693998,1.490490,-0.244827,-0.817998,1.217961
12.232000,1,0.285104,0.686523,1.484426,-0.245522,-0.821485,1.217736
12.234000,1,0.284365,0.679180,1.478121,-0.246245,-0.825002,1.217549
12.236000,1,0.283618,0.672000,1.471582,-0.246995,-0.828550,1.217400
12.238000,1,0.282872,0.664951,1.464826,-0.247772,-0.832130,1.217289
12.240000,1,0.282118,0.658063,1.457858,-0.248576,-0.835742,1.217218
12.242000,1,0.281356,0.651341,1.450694,-0.249405,-0.839389,1.217188
12.244000,1,0.280577,0.644801,1.443335,-0.250259,-0.843070,1.217199
12.246000,1,0.279784,0.638442,1.435795,-0.251138,-0.846785,1.217251
12.248000,1,0.278972,0.632288,1.428086,-0.252041,-0.850537,1.217351
12.250000,1,0.278141,0.626331,1.420209,-0.252968,-0.854327,1.217496
12.252000,1,0.277291,0.620573,1.412174,-0.253917,-0.858156,1.217687
12.254000,1,0.276422,0.615015,1.403989,-0.254890,-0.862022,1.217921
12.256000,1,0.275534,0.609658,1.395667,-0.255885,-0.865926,1.218199
12.258000,1,0.274627,0.604505,1.387217,-0.256903,-0.869867,1.218520
12.260000,1,0.273840,0.599647,1.378495,-0.257954,-0.873831,1.218871
12.262000,1,0.273166,0.595095,1.369509,-0.259037,-0.877820,1.219252
12.264000,1,0.272581,0.590837,1.360300,-0.260147,-0.881838,1.219665
12.266000,1,0.272061,0.586859,1.350908,-0.261281,-0.885890,1.220117
12.268000,1,0.271605,0.583159,1.341347,-0.262439,-0.889977,1.220606
12.270000,1,0.271200,0.579614,1.331734,-0.263618,-0.894110,1.221137
12.272000,1,0.270732,0.576372,1.322023,-0.264810,-0.898279,1.221710
12.274000,1,0.270183,0.573310,1.312274,-0.266014,-0.902499,1.222336
12.276000,1,0.269556,0.570425,1.302498,-0.267230,-0.906766,1.223012
12.278000,1,0.268840,0.567687,1.292713,-0.268459,-0.911079,1.223733
12.280000,1,0.268042,0.565087,1.282974,-0.269700,-0.915437,1.224492
12.282000,1,0.267534,0.562942,1.272787,-0.270985,-0.919788,1.225249
12.284000,0,0.267619,0.562775,1.267183,-0.272418,-0.924242,1.226051
12.286000,0,0.268047,0.564248,1.265156,-0.273929,-0.928841,1.226929
12.288000,0,0.268204,0.566388,1.264142,-0.275386,-0.933571,1.228577
12.290000,0,0.268139,0.569038,1.263915,-0.276784,-0.938412,1.230969
12.292000,0,0.267892,0.572047,1.264242,-0.278115,-0.943322,1.234045
12.294000,0,0.267497,0.575324,1.264986,-0.279384,-0.948264,1.237731
12.296000,0,0.266983,0.578821,1.266078,-0.280616,-0.953236,1.242054
12.298000,0,0.266392,0.582464,1.267425,-0.281835,-0.958130,1.247947
12.300000,0,0.265732,0.586179,1.268912,-0.283034,-0.962928,1.255317
12.302000,0,0.265020,0.589951,1.270519,-0.284213,-0.967635,1.263937
12.304000,0,0.264267,0.593752,1.272199,-0.285359,-0.972233,1.273592
12.306000,0,0.263479,0.597561,1.273918,-0.286470,-0.976732,1.284076
12.308000,0,0.262665,0.601347,1.275628,-0.287525,-0.981122,1.295199
12.310000,0,0.261829,0.605110,1.277321,-0.288526,-0.985390,1.306806
12.312000,0,0.260979,0.608842,1.278979,-0.289473,-0.989516,1.318767
12.314000,0,0.260113,0.612507,1.280546,-0.290366,-0.993494,1.331055
12.316000,0,0.259241,0.616129,1.282044,-0.291201,-0.997280,1.343485
12.318000,0,0.258366,0.619703,1.283463,-0.291980,-1.000849,1.355965
12.320000,0,0.257486,0.623204,1.284762,-0.292701,-1.004198,1.368491
12.322000,0,0.256609,0.626653,1.285962,-0.293364,-1.007284,1.380940
12.324000,0,0.255737,0.630049,1.287061,-0.293974,-1.010092,1.393236
12.326000,0,0.254871,0.633391,1.288051,-0.294528,-1.012603,1.405339
12.328000,0,0.254009,0.636663,1.288910,-0.295031,-1.014818,1.417263
12.330000,0,0.253155,0.639883,1.289655,-0.295481,-1.016697,1.428952
12.332000,0,0.252308,0.643047,1.290289,-0.295861,-1.018272,1.440342
12.334000,0,0.251470,0.646157,1.290810,-0.296168,-1.019535,1.451409
12.336000,0,0.250640,0.649203,1.291203,-0.296406,-1.020492,1.462177
12.338000,0,0.249818,0.652190,1.291463,-0.296575,-1.021088,1.472662
12.340000,0,0.249005,0.655120,1.291603,-0.296678,-1.021353,1.482846
12.342000,0,0.248204,0.658015,1.291644,-0.296714,-1.021225,1.492667
12.344000,0,0.247416,0.660875,1.291593,-0.296690,-1.020744,1.502089
12.346000,0,0.246642,0.663692,1.291439,-0.296607,-1.019916,1.511139
12.348000,0,0.246642,0.663692,1.291439,-0.296607,-1.019916,1.511139
12.350000,0,0.245140,0.669234,1.290866,-0.296267,-1.017138,1.527993
12.352000,0,0.244414,0.671957,1.290438,-0.296007,-1.015137,1.535829
12.354000,0,0.243705,0.674645,1.289910,-0.295694,-1.012736,1.543309
12.356000,0,0.243705,0.674645,1.289910,-0.295694,-1.012736,1.543309
12.358000,0,0.242342,0.679920,1.288592,-0.294924,-1.006897,1.557067
12.360000,0,0.242342,0.679920,1.288592,-0.294924,-1.006897,1.557067
12.362000,0,0.241691,0.682515,1.287813,-0.294473,-1.003465,1.563324
12.364000,0,0.240451,0.687657,1.286069,-0.293433,-0.995504,1.574507
12.366000,0,0.239865,0.690206,1.285098,-0.292842,-0.990925,1.579455
12.368000,0,0.239303,0.692742,1.284065,-0.292209,-0.985953,1.583998
12.370000,0,0.238763,0.695269,1.282987,-0.291532,-0.980617,1.588064
12.372000,0,0.238244,0.697784,1.281867,-0.290821,-0.974998,1.591658
12.374000,0,0.237748,0.700287,1.280704,-0.290080,-0.969100,1.594807
12.376000,0,0.237278,0.702784,1.279500,-0.289302,-0.962882,1.597502
12.378000,0,0.236831,0.705272,1.278262,-0.288494,-0.956429,1.599725
12.380000,0,0.236410,0.707758,1.276992,-0.287666,-0.949679,1.601483
12.382000,0,0.236017,0.710244,1.275693,-0.286820,-0.942640,1.602802
12.384000,0,0.235654,0.712732,1.274368,-0.285959,-0.935320,1.603691
12.386000,0,0.235314,0.715219,1.273027,-0.285090,-0.927811,1.604187
12.388000,0,0.235000,0.717708,1.271670,-0.284216,-0.920116,1.604308
12.390000,0,0.234713,0.720199,1.270301,-0.283335,-0.912256,1.604060
12.392000,0,0.234452,0.722696,1.268927,-0.282448,-0.904245,1.603445
12.394000,0,0.234214,0.725201,1.267554,-0.281549,-0.896116,1.602432
12.396000,0,0.234001,0.727715,1.266183,-0.280637,-0.887884,1.601027
12.398000,0,0.233815,0.730239,1.264817,-0.279714,-0.879551,1.599249
12.400000,0,0.233657,0.732779,1.263457,-0.278772,-0.871075,1.597073
12.402000,0,0.233527,0.735333,1.262107,-0.277819,-0.862513,1.594562
12.404000,0,0.233420,0.737901,1.260772,-0.276852,-0.853907,1.591706
12.406000,0,0.233337,0.740484,1.259454,-0.275869,-0.845272,1.588510
12.408000,0,0.233337,0.740484,1.259454,-0.275869,-0.845272,1.588510
12.412000,0,0.233282,0.743086,1.258156,-0.274898,-0.836585,1.584977
12.412000,0,0.233257,0.748372,1.255643,-0.272980,-0.818931,1.576816
12.414000,0,0.233289,0.751053,1.254423,-0.272038,-0.809970,1.572220
12.416000,0,0.233351,0.753759,1.253231,-0.271110,-0.800986,1.567341
12.418000,0,0.233439,0.756489,1.252073,-0.270191,-0.792004,1.562195
12.420000,0,0.233550,0.759244,1.250951,-0.269273,-0.783075,1.556773
12.422000,0,0.233685,0.762026,1.249869,-0.268354,-0.774198,1.551085
12.424000,0,0.233844,0.764836,1.248827,-0.267435,-0.765376,1.545147
12.426000,0,0.234027,0.767676,1.247832,-0.266509,-0.756649,1.538954
12.428000,0,0.234233,0.770551,1.246886,-0.265578,-0.748007,1.532512
12.430000,0,0.234462,0.773460,1.245990,-0.264639,-0.739458,1.525829
12.432000,0,0.234717,0.776401,1.245143,-0.263730,-0.731061,1.518854
12.434000,0,0.234999,0.779376,1.244346,-0.262853,-0.722816,1.511604
12.436000,0,0.235308,0.782384,1.243599,-0.262006,-0.714750,1.504078
12.436000,0,0.235308,0.782384,1.243599,-0.262006,-0.714750,1.504078
12.440000,0,0.236001,0.788509,1.242260,-0.260383,-0.699155,1.488271
12.442000,0,0.236385,0.791628,1.241672,-0.259593,-0.691633,1.479960
12.444000,0,0.236794,0.794790,1.241143,-0.258819,-0.684288,1.471383
12.446000,0,0.237226,0.797994,1.240672,-0.258055,-0.677147,1.462610
12.448000,0,0.237680,0.801241,1.240258,-0.257301,-0.670196,1.453662
12.450000,0,0.238154,0.804530,1.239901,-0.256546,-0.663459,1.444542
12.452000,0,0.238648,0.807861,1.239600,-0.255787,-0.656938,1.435259
12.454000,0,0.239161,0.811236,1.239355,-0.255021,-0.650632,1.425817
12.456000,0,0.239161,0.811236,1.239355,-0.255021,-0.650632,1.425817
12.458000,0,0.240268,0.818105,1.239015,-0.253675,-0.638630,1.406284
12.460000,0,0.240877,0.821594,1.238907,-0.253301,-0.632892,1.396047
12.462000,0,0.241514,0.825122,1.238846,-0.253083,-0.627339,1.385564
12.464000,0,0.242178,0.828691,1.238832,-0.253021,-0.621967,1.374846
12.466000,0,0.242860,0.832303,1.238867,-0.253006,-0.616794,1.363904
12.468000,0,0.243552,0.835957,1.238953,-0.252951,-0.611867,1.352788
12.470000,0,0.244253,0.839654,1.239088,-0.252848,-0.607182,1.341575
12.472000,0,0.244964,0.843393,1.239270,-0.252699,-0.602739,1.330282
12.474000,0,0.245683,0.847175,1.239501,-0.252465,-0.598527,1.318944
12.476000,0,0.246406,0.851002,1.239778,-0.252097,-0.594540,1.307594
12.478000,0,0.247135,0.854874,1.240103,-0.251593,-0.590757,1.296252
12.480000,0,0.247908,0.858752,1.240423,-0.251352,-0.587330,1.284317
12.482000,0,0.248720,0.862644,1.240747,-0.251377,-0.584255,1.271815
12.484000,0,0.249559,0.866565,1.241090,-0.251578,-0.581463,1.258928
12.486000,1,0.250521,0.870602,1.241494,-0.252169,-0.580563,1.250757
12.488000,1,0.251551,0.874751,1.241968,-0.252958,-0.581247,1.246291
12.490000,1,0.252602,0.879195,1.243644,-0.253460,-0.582690,1.243189
12.492000,1,0.253663,0.883908,1.246492,-0.253733,-0.584731,1.241183
12.494000,1,0.254732,0.888885,1.250557,-0.253825,-0.587224,1.240024
12.496000,1,0.255818,0.894078,1.255706,-0.253777,-0.590099,1.239585
12.498000,1,0.256935,0.899374,1.262271,-0.253631,-0.593268,1.239726
12.500000,1,0.258078,0.904732,1.270075,-0.253409,-0.596667,1.240328
12.502000,1,0.259241,0.910137,1.279042,-0.253125,-0.600220,1.241258
12.504000,1,0.260416,0.915565,1.288948,-0.252792,-0.603883,1.242437
12.506000,1,0.261587,0.920965,1.299432,-0.252431,-0.607646,1.243834
12.508000,1,0.262771,0.926246,1.310348,-0.252051,-0.611484,1.245385
12.510000,1,0.263968,0.931367,1.321572,-0.251662,-0.615369,1.247036
12.512000,1,0.265177,0.936323,1.333086,-0.251264,-0.619260,1.248716
12.514000,1,0.266398,0.941085,1.344787,-0.250861,-0.623143,1.250396
12.516000,1,0.267623,0.945602,1.356499,-0.250460,-0.627022,1.252068
12.518000,1,0.268850,0.949847,1.368148,-0.250065,-0.630884,1.253707
12.520000,1,0.270078,0.953788,1.379697,-0.249678,-0.634718,1.255285
12.522000,1,0.271308,0.957427,1.391157,-0.249297,-0.638501,1.256765
12.524000,1,0.272538,0.960745,1.402489,-0.248926,-0.642227,1.258133
12.526000,1,0.273768,0.963730,1.413656,-0.248565,-0.645891,1.259379
12.528000,1,0.274992,0.966360,1.424548,-0.248219,-0.649505,1.260515
12.530000,1,0.276208,0.968624,1.435137,-0.247888,-0.653066,1.261535
12.532000,1,0.277404,0.970543,1.445398,-0.247571,-0.656570,1.262435
12.534000,1,0.278583,0.972119,1.455356,-0.247270,-0.660006,1.263196
12.536000,1,0.279740,0.973344,1.464966,-0.246985,-0.663384,1.263834
12.538000,1,0.280878,0.974223,1.474256,-0.246716,-0.666699,1.264333
12.540000,1,0.281994,0.974739,1.483180,-0.246464,-0.669959,1.264710
12.542000,1,0.283089,0.974887,1.491730,-0.246230,-0.673171,1.264972
12.544000,1,0.284163,0.974656,1.499920,-0.246014,-0.676335,1.265120
12.546000,1,0.285219,0.974050,1.507776,-0.245815,-0.679450,1.265149
12.548000,1,0.286256,0.973080,1.515276,-0.245633,-0.682517,1.265064
12.550000,1,0.287273,0.971736,1.522430,-0.245471,-0.685539,1.264868
12.552000,1,0.288263,0.970024,1.529173,-0.245328,-0.688525,1.264576
12.554000,1,0.289224,0.967947,1.535497,-0.245204,-0.691475,1.264191
12.556000,1,0.290155,0.965510,1.541402,-0.245100,-0.694393,1.263718
12.558000,1,0.291058,0.962719,1.546918,-0.245018,-0.697275,1.263151
12.560000,1,0.291942,0.959547,1.552064,-0.244958,-0.700127,1.262494
12.562000,1,0.292808,0.955998,1.556841,-0.244921,-0.702951,1.261752
12.564000,1,0.292808,0.955998,1.556841,-0.244921,-0.702951,1.261752
12.566000,1,0.294457,0.947837,1.565123,-0.244911,-0.708528,1.260054
12.568000,1,0.295242,0.943241,1.568648,-0.244941,-0.711284,1.259099
12.570000,1,0.296011,0.938245,1.571781,-0.244996,-0.714023,1.258076
12.572000,1,0.296755,0.932918,1.574529,-0.245075,-0.716748,1.256996
12.574000,1,0.297471,0.927284,1.576875,-0.245177,-0.719457,1.255864
12.576000,1,0.298150,0.921380,1.578790,-0.245300,-0.722154,1.254688
12.578000,1,0.298794,0.915219,1.580300,-0.245446,-0.724839,1.253474
12.580000,1,0.299406,0.908806,1.581425,-0.245616,-0.727516,1.252219
12.582000,1,0.299993,0.902075,1.582145,-0.245816,-0.730189,1.250927
12.584000,1,0.300551,0.895114,1.582473,-0.246039,-0.732857,1.249605
12.586000,1,0.301080,0.887932,1.582425,-0.246286,-0.735522,1.248257
12.588000,1,0.301577,0.880559,1.581995,-0.246555,-0.738186,1.246893
12.590000,1,0.302039,0.873011,1.581187,-0.246849,-0.740852,1.245514
12.592000,1,0.302469,0.865292,1.580020,-0.247168,-0.743520,1.244121
12.594000,1,0.302866,0.857417,1.578499,-0.247513,-0.746193,1.242718
12.596000,1,0.303224,0.849411,1.576621,-0.247882,-0.748871,1.241309
12.598000,1,0.303542,0.841291,1.574390,-0.248274,-0.751555,1.239898
12.600000,1,0.303818,0.833014,1.571771,-0.248693,-0.754253,1.238488
12.602000,1,0.304055,0.824584,1.568784,-0.249141,-0.756963,1.237079
12.604000,1,0.304252,0.816016,1.565436,-0.249616,-0.759688,1.235674
12.606000,1,0.304411,0.807319,1.561747,-0.250120,-0.762428,1.234275
12.608000,1,0.304537,0.798588,1.557763,-0.250648,-0.765178,1.232887
12.610000,1,0.304628,0.789844,1.553495,-0.251199,-0.767941,1.231513
12.612000,1,0.304683,0.781102,1.548948,-0.251772,-0.770725,1.230167
12.614000,1,0.304703,0.772363,1.544139,-0.252370,-0.773530,1.228847
12.616000,1,0.304684,0.763647,1.539063,-0.252991,-0.776358,1.227558
12.618000,1,0.304622,0.754967,1.533728,-0.253635,-0.779211,1.226302
12.620000,1,0.304515,0.746333,1.528140,-0.254302,-0.782089,1.225081
12.622000,1,0.304367,0.737740,1.522309,-0.254994,-0.784995,1.223896
12.624000,1,0.304179,0.729188,1.516248,-0.255711,-0.787930,1.222746
12.626000,1,0.303939,0.720723,1.509963,-0.256453,-0.790891,1.221634
12.628000,1,0.303651,0.712341,1.503461,-0.257220,-0.793882,1.220562
12.630000,1,0.303318,0.704071,1.496663,-0.258013,-0.796901,1.219533
12.632000,1,0.302945,0.695958,1.489632,-0.258831,-0.799949,1.218548
12.634000,1,0.302525,0.687987,1.482334,-0.259674,-0.803029,1.217609
12.636000,1,0.302061,0.680157,1.474788,-0.260543,-0.806141,1.216717
12.638000,1,0.301554,0.672510,1.467063,-0.261436,-0.809285,1.215873
12.640000,1,0.301003,0.665056,1.459176,-0.262353,-0.812462,1.215078
12.642000,1,0.300409,0.657799,1.451132,-0.263293,-0.815676,1.214338
12.644000,1,0.299770,0.650743,1.442939,-0.264256,-0.818929,1.213654
12.646000,1,0.299086,0.643891,1.434604,-0.265242,-0.822219,1.213025
12.648000,1,0.298359,0.637243,1.426139,-0.266251,-0.825548,1.212451
12.650000,1,0.297586,0.630769,1.417494,-0.267285,-0.828916,1.211930
12.652000,1,0.296749,0.624556,1.408717,-0.268340,-0.832321,1.211466
12.654000,1,0.295851,0.618603,1.399826,-0.269417,-0.835763,1.211057
12.656000,1,0.294912,0.612866,1.390832,-0.270516,-0.839244,1.210702
12.658000,1,0.293934,0.607344,1.381747,-0.271638,-0.842764,1.210399
12.660000,1,0.293023,0.602124,1.372455,-0.272791,-0.846314,1.210145
12.662000,1,0.292181,0.597191,1.362958,-0.273974,-0.849896,1.209938
12.664000,1,0.291407,0.592550,1.353264,-0.275184,-0.853513,1.209782
12.666000,1,0.290648,0.588184,1.343381,-0.276417,-0.857170,1.209682
12.668000,1,0.289907,0.584093,1.333325,-0.277674,-0.860867,1.209638
12.670000,1,0.289103,0.580379,1.323089,-0.278948,-0.864597,1.209648
12.672000,1,0.288259,0.576890,1.312836,-0.280239,-0.868374,1.209712
12.674000,1,0.287351,0.573591,1.302598,-0.281546,-0.872196,1.209826
12.676000,1,0.286362,0.570475,1.292387,-0.282865,-0.876063,1.209990
12.678000,1,0.285278,0.567551,1.282216,-0.284198,-0.879973,1.210204
12.680000,1,0.284102,0.564818,1.272093,-0.285545,-0.883925,1.210467
12.682000,1,0.283134,0.562575,1.261512,-0.286932,-0.887874,1.210747
12.684000,0,0.282316,0.560717,1.250650,-0.288351,-0.891839,1.211049
12.686000,0,0.281840,0.560699,1.243924,-0.289867,-0.895951,1.211436
12.688000,0,0.281445,0.561717,1.238964,-0.291269,-0.899633,1.211307
12.690000,0,0.280930,0.563376,1.235389,-0.292588,-0.903508,1.211984
12.692000,0,0.280319,0.565528,1.232907,-0.293814,-0.907553,1.213450
12.694000,0,0.279621,0.568062,1.231307,-0.294963,-0.911830,1.215929
12.696000,0,0.278853,0.570900,1.230424,-0.296042,-0.916318,1.219384
12.698000,0,0.278031,0.574001,1.230155,-0.297073,-0.920990,1.223792
12.700000,0,0.277183,0.577293,1.230371,-0.298063,-0.925712,1.229845
12.702000,0,0.276310,0.580730,1.230969,-0.299011,-0.930449,1.237393
12.704000,0,0.275411,0.584243,1.231816,-0.299911,-0.935180,1.246345
12.706000,0,0.274488,0.587794,1.232835,-0.300754,-0.939882,1.256530
12.708000,0,0.273547,0.591367,1.233984,-0.301535,-0.944554,1.267650
12.710000,0,0.272602,0.594982,1.235278,-0.302268,-0.949154,1.279314
12.712000,0,0.271656,0.598623,1.236673,-0.302952,-0.953648,1.291348
12.714000,0,0.270711,0.602274,1.238130,-0.303583,-0.958003,1.303628
12.716000,0,0.269763,0.605898,1.239581,-0.304162,-0.962212,1.316134
12.718000,0,0.268813,0.609485,1.241002,-0.304686,-0.966244,1.328767
12.720000,0,0.267864,0.613028,1.242370,-0.305156,-0.970071,1.341443
12.722000,0,0.266921,0.616544,1.243696,-0.305570,-0.973637,1.354018
12.724000,0,0.265987,0.620027,1.244964,-0.305929,-0.976915,1.366434
12.726000,0,0.265060,0.623473,1.246163,-0.306235,-0.979888,1.378653
12.728000,0,0.264141,0.626876,1.247279,-0.306489,-0.982538,1.390643
12.730000,0,0.263228,0.630220,1.248283,-0.306692,-0.984866,1.402424
12.732000,0,0.262320,0.633502,1.249163,-0.306845,-0.986818,1.414004
12.734000,0,0.261420,0.636733,1.249943,-0.306929,-0.988445,1.425269
12.736000,0,0.260528,0.639914,1.250621,-0.306943,-0.989748,1.436187
12.738000,0,0.259646,0.643046,1.251195,-0.306889,-0.990719,1.446749
12.740000,0,0.258775,0.646129,1.251664,-0.306767,-0.991350,1.456948
12.742000,0,0.257913,0.649156,1.252016,-0.306583,-0.991647,1.466810
12.744000,0,0.257063,0.652130,1.252251,-0.306338,-0.991603,1.476325
12.746000,0,0.256227,0.655062,1.252389,-0.306034,-0.991204,1.485446
12.748000,0,0.255406,0.657956,1.252429,-0.305673,-0.990444,1.494166
12.750000,0,0.254599,0.660806,1.252365,-0.305257,-0.989327,1.502514
12.752000,0,0.253808,0.663614,1.252200,-0.304790,-0.987854,1.510482
12.754000,0,0.253034,0.666388,1.251944,-0.304275,-0.986025,1.518065
12.756000,0,0.252276,0.669130,1.251602,-0.303712,-0.983841,1.525255
12.758000,0,0.251538,0.671843,1.251180,-0.303107,-0.981309,1.532019
12.760000,0,0.250819,0.674534,1.250687,-0.302454,-0.978416,1.538326
12.762000,0,0.250120,0.677201,1.250120,-0.301759,-0.975167,1.544206
12.764000,0,0.249441,0.679848,1.249481,-0.301021,-0.971562,1.549681
12.766000,0,0.248784,0.682474,1.248776,-0.300243,-0.967605,1.554752
12.768000,0,0.248148,0.685082,1.248008,-0.299425,-0.963305,1.559419
12.770000,0,0.247534,0.687677,1.247186,-0.298568,-0.958677,1.563646
12.772000,0,0.246941,0.690260,1.246316,-0.297672,-0.953732,1.567432
12.774000,0,0.246372,0.692830,1.245395,-0.296741,-0.948476,1.570802
12.776000,0,0.245827,0.695390,1.244427,-0.295777,-0.942921,1.573759
12.778000,0,0.245306,0.697945,1.243422,-0.294783,-0.937081,1.576307
12.780000,0,0.244807,0.700496,1.242388,-0.293757,-0.930979,1.578425
12.782000,0,0.244333,0.703047,1.241327,-0.292712,-0.924605,1.580124
12.784000,0,0.243886,0.705599,1.240242,-0.291652,-0.917965,1.581442
12.786000,0,0.243464,0.708153,1.239140,-0.290579,-0.911092,1.582351
12.788000,0,0.243067,0.710710,1.238022,-0.289492,-0.904003,1.582853
12.790000,0,0.242696,0.713271,1.236893,-0.288390,-0.896713,1.582955
12.792000,0,0.242350,0.715839,1.235754,-0.287275,-0.889229,1.582682
12.794000,0,0.242032,0.718414,1.234608,-0.286147,-0.881555,1.582053
12.796000,0,0.241742,0.721002,1.233461,-0.285009,-0.873707,1.581075
12.798000,0,0.241479,0.723602,1.232316,-0.283858,-0.865702,1.579750
12.800000,0,0.241241,0.726216,1.231180,-0.282693,-0.857573,1.578066
12.802000,0,0.241028,0.728844,1.230054,-0.281513,-0.849339,1.576026
12.804000,0,0.240842,0.731488,1.228940,-0.280319,-0.841002,1.573649
12.806000,0,0.240685,0.734150,1.227841,-0.279112,-0.832580,1.570941
12.808000,0,0.240555,0.736831,1.226759,-0.277892,-0.824089,1.567910
12.810000,0,0.240453,0.739533,1.225700,-0.276675,-0.815546,1.564541
12.812000,0,0.240378,0.742257,1.224667,-0.275463,-0.806967,1.560840
12.814000,0,0.240329,0.745007,1.223667,-0.274256,-0.798369,1.556818
12.816000,0,0.240308,0.747785,1.222700,-0.273054,-0.789753,1.552491
12.818000,0,0.240314,0.750592,1.221769,-0.271857,-0.781134,1.547868
12.820000,0,0.240347,0.753428,1.220878,-0.270661,-0.772540,1.542952
12.822000,0,0.240405,0.756295,1.220027,-0.269463,-0.763985,1.537751
12.824000,0,0.240488,0.759194,1.219220,-0.268264,-0.755481,1.532274
12.826000,0,0.240599,0.762126,1.218457,-0.267063,-0.747031,1.526537
12.828000,0,0.240736,0.765092,1.217740,-0.265860,-0.738660,1.520541
12.830000,0,0.240900,0.768095,1.217074,-0.264655,-0.730365,1.514302
12.832000,0,0.241091,0.771135,1.216461,-0.263484,-0.722205,1.507771
12.834000,0,0.241310,0.774213,1.215902,-0.262349,-0.714178,1.500958
12.836000,0,0.241557,0.777329,1.215396,-0.261250,-0.706285,1.493880
12.838000,0,0.241832,0.780485,1.214944,-0.260184,-0.698547,1.486548
12.840000,0,0.242132,0.783681,1.214549,-0.259143,-0.690978,1.478974
12.842000,0,0.242457,0.786919,1.214211,-0.258122,-0.683585,1.471172
12.844000,0,0.242807,0.790200,1.213929,-0.257119,-0.676370,1.463154
12.846000,0,0.243182,0.793523,1.213704,-0.256135,-0.669333,1.454935
12.848000,0,0.243582,0.796889,1.213536,-0.255167,-0.662477,1.446526
12.850000,0,0.244006,0.800301,1.213428,-0.254214,-0.655790,1.437937
12.852000,0,0.244453,0.803759,1.213379,-0.253271,-0.649281,1.429170
12.854000,0,0.244922,0.807264,1.213387,-0.252337,-0.642953,1.420229
12.856000,0,0.245414,0.810814,1.213454,-0.251412,-0.636805,1.411127
12.858000,0,0.245927,0.814409,1.213578,-0.250493,-0.630859,1.401870
12.860000,0,0.246476,0.818040,1.213746,-0.249750,-0.625128,1.392313
12.862000,0,0.247058,0.821709,1.213957,-0.249175,-0.619615,1.382467
12.864000,0,0.247669,0.825418,1.214213,-0.248740,-0.614305,1.372367
12.866000,0,0.248308,0.829167,1.214513,-0.248444,-0.609198,1.362026
12.868000,0,0.248969,0.832952,1.214856,-0.248233,-0.604371,1.351425
12.870000,0,0.249645,0.836781,1.215248,-0.248039,-0.599833,1.340623
12.872000,0,0.250333,0.840655,1.215690,-0.247810,-0.595576,1.329679
12.874000,0,0.251030,0.844577,1.216185,-0.247512,-0.591577,1.318641
12.876000,0,0.251738,0.848546,1.216730,-0.247148,-0.587837,1.307526
12.878000,0,0.252456,0.852567,1.217330,-0.246701,-0.584330,1.296375
12.880000,0,0.253182,0.856642,1.217983,-0.246164,-0.580999,1.285237
12.882000,0,0.253960,0.860737,1.218646,-0.246031,-0.577873,1.273672
12.884000,0,0.254773,0.864866,1.219335,-0.246179,-0.574915,1.261826
12.886000,0,0.255709,0.869107,1.220086,-0.246833,-0.573669,1.254343
12.888000,1,0.256722,0.873464,1.220912,-0.247794,-0.574046,1.250578
12.890000,1,0.257771,0.877925,1.221814,-0.248890,-0.575776,1.249680
12.892000,1,0.258813,0.882610,1.223765,-0.249654,-0.578040,1.249404
12.894000,1,0.259847,0.887498,1.226748,-0.250152,-0.580695,1.249574
12.896000,1,0.260873,0.892571,1.230740,-0.250433,-0.583635,1.250059
12.898000,1,0.261897,0.897806,1.235706,-0.250539,-0.586788,1.250781
12.900000,1,0.262943,0.903091,1.242196,-0.250519,-0.590086,1.251673
12.902000,1,0.264020,0.908408,1.250004,-0.250401,-0.593507,1.252719
12.904000,1,0.265116,0.913741,1.258895,-0.250208,-0.597018,1.253880
12.906000,1,0.266230,0.919077,1.268803,-0.249949,-0.600564,1.255082
12.908000,1,0.267350,0.924394,1.279514,-0.249640,-0.604126,1.256298
12.910000,1,0.268494,0.929608,1.290865,-0.249295,-0.607691,1.257502
12.912000,1,0.269654,0.934667,1.302541,-0.248930,-0.611271,1.258713
12.914000,1,0.270823,0.939525,1.314418,-0.248551,-0.614855,1.259909
12.916000,1,0.271999,0.944157,1.326400,-0.248165,-0.618431,1.261070
12.918000,1,0.273183,0.948560,1.338486,-0.247772,-0.621969,1.262155
12.920000,1,0.274370,0.952710,1.350601,-0.247375,-0.625466,1.263154
12.922000,1,0.275561,0.956588,1.362681,-0.246978,-0.628915,1.264057
12.924000,1,0.276751,0.960173,1.374663,-0.246585,-0.632315,1.264860
12.926000,1,0.277937,0.963427,1.386432,-0.246201,-0.635682,1.265580
12.928000,1,0.279116,0.966332,1.397952,-0.245826,-0.639016,1.266218
12.930000,1,0.280289,0.968879,1.409199,-0.245462,-0.642314,1.266767
12.932000,1,0.281458,0.971070,1.420197,-0.245108,-0.645562,1.267207
12.934000,1,0.282603,0.972932,1.430912,-0.244763,-0.648758,1.267538
12.936000,1,0.283716,0.974455,1.441281,-0.244430,-0.651913,1.267776
12.938000,1,0.284795,0.975632,1.451292,-0.244110,-0.655029,1.267921
12.940000,1,0.285843,0.976467,1.460971,-0.243804,-0.658097,1.267958
12.942000,1,0.286861,0.976954,1.470310,-0.243512,-0.661118,1.267890
12.944000,1,0.287848,0.977087,1.479305,-0.243237,-0.664095,1.267717
12.946000,1,0.288804,0.976854,1.487905,-0.242979,-0.667042,1.267464
12.948000,1,0.289727,0.976252,1.496103,-0.242737,-0.669960,1.267131
12.950000,1,0.290618,0.975280,1.503897,-0.242514,-0.672851,1.266719
12.952000,1,0.291479,0.973943,1.511315,-0.242310,-0.675708,1.266219
12.954000,1,0.292309,0.972241,1.518353,-0.242125,-0.678534,1.265636
12.956000,1,0.293110,0.970178,1.525010,-0.241960,-0.681334,1.264976
12.958000,1,0.293880,0.967738,1.531250,-0.241814,-0.684116,1.264252
12.960000,1,0.294619,0.964924,1.537067,-0.241690,-0.686881,1.263468
12.962000,1,0.295326,0.961742,1.542462,-0.241586,-0.689630,1.262623
12.964000,1,0.296004,0.958198,1.547462,-0.241504,-0.692360,1.261714
12.966000,1,0.296653,0.954297,1.552063,-0.241445,-0.695072,1.260743
12.968000,1,0.297268,0.950053,1.556236,-0.241406,-0.697772,1.259722
12.970000,1,0.297848,0.945477,1.559978,-0.241390,-0.700459,1.258652
12.972000,1,0.298393,0.940579,1.563292,-0.241395,-0.703136,1.257537
12.974000,1,0.298906,0.935365,1.566203,-0.241424,-0.705800,1.256375
12.976000,1,0.299387,0.929847,1.568712,-0.241477,-0.708458,1.255173
12.978000,1,0.299831,0.924046,1.570800,-0.241552,-0.711111,1.253940
12.980000,1,0.300239,0.917976,1.572475,-0.241649,-0.713759,1.252678
12.982000,1,0.300623,0.911627,1.573759,-0.241771,-0.716407,1.251389
12.984000,1,0.300623,0.911627,1.573759,-0.241771,-0.716407,1.251389
12.986000,1,0.301321,0.898127,1.575199,-0.242094,-0.721700,1.248732
12.988000,1,0.301636,0.890936,1.575327,-0.242297,-0.724352,1.247369
12.990000,1,0.301922,0.883525,1.575067,-0.242524,-0.727006,1.245988
12.992000,1,0.302182,0.875898,1.574440,-0.242779,-0.729661,1.244591
12.994000,1,0.302409,0.868094,1.573433,-0.243058,-0.732318,1.243183
12.996000,1,0.302602,0.860132,1.572049,-0.243359,-0.734982,1.241773
12.998000,1,0.302760,0.852029,1.570298,-0.243685,-0.737654,1.240364
13.000000,1,0.302883,0.843800,1.568189,-0.244034,-0.740335,1.238958
13.002000,1,0.302973,0.835449,1.565739,-0.244409,-0.743027,1.237556
13.004000,1,0.303029,0.826992,1.562956,-0.244810,-0.745731,1.236160
13.006000,1,0.303049,0.818445,1.559847,-0.245238,-0.748448,1.234772
13.008000,1,0.303037,0.809828,1.556403,-0.245690,-0.751179,1.233398
13.010000,1,0.302992,0.801159,1.552629,-0.246167,-0.753925,1.232040
13.012000,1,0.302912,0.792453,1.548536,-0.246668,-0.756688,1.230701
13.014000,1,0.302799,0.783713,1.544141,-0.247197,-0.759470,1.229380
13.016000,1,0.302651,0.774952,1.539452,-0.247752,-0.762270,1.228081
13.018000,1,0.302462,0.766200,1.534472,-0.248332,-0.765090,1.226808
13.020000,1,0.302232,0.757473,1.529208,-0.248935,-0.767938,1.225574
13.022000,1,0.301960,0.748784,1.523672,-0.249561,-0.770814,1.224379
13.024000,1,0.301647,0.740135,1.517879,-0.250212,-0.773718,1.223223
13.026000,1,0.301292,0.731538,1.511839,-0.250888,-0.776651,1.222106
13.028000,1,0.300892,0.723005,1.505559,-0.251589,-0.779614,1.221030
13.030000,1,0.300445,0.714561,1.499040,-0.252314,-0.782606,1.219998
13.032000,1,0.299964,0.706248,1.492264,-0.253063,-0.785627,1.219010
13.034000,1,0.299451,0.698078,1.485241,-0.253837,-0.788677,1.218068
13.036000,1,0.298905,0.690053,1.477989,-0.254637,-0.791757,1.217170
13.038000,1,0.298324,0.682186,1.470516,-0.255461,-0.794868,1.216320
13.040000,1,0.297706,0.674486,1.462834,-0.256309,-0.798013,1.215520
13.042000,1,0.297050,0.666959,1.454954,-0.257182,-0.801192,1.214770
13.044000,1,0.296348,0.659592,1.446832,-0.258079,-0.804407,1.214071
13.046000,1,0.295601,0.652392,1.438482,-0.259002,-0.807658,1.213424
13.048000,1,0.294812,0.645359,1.429921,-0.259948,-0.810949,1.212834
13.050000,1,0.293985,0.638526,1.421221,-0.260917,-0.814277,1.212298
13.052000,1,0.293985,0.638526,1.421221,-0.260917,-0.814277,1.212298
13.054000,1,0.292216,0.625480,1.403443,-0.262922,-0.821047,1.211390
13.056000,1,0.291269,0.619260,1.394328,-0.263958,-0.824489,1.211017
13.058000,1,0.290379,0.613325,1.384986,-0.265024,-0.827959,1.210691
13.060000,1,0.289546,0.607676,1.375435,-0.266118,-0.831458,1.210410
13.062000,1,0.288756,0.602313,1.365694,-0.267239,-0.834988,1.210177
13.064000,1,0.287993,0.597230,1.355791,-0.268384,-0.838551,1.209990
13.066000,1,0.287258,0.592424,1.345738,-0.269554,-0.842146,1.209850
13.068000,1,0.286520,0.587879,1.335570,-0.270744,-0.845777,1.209757
13.070000,1,0.285761,0.583585,1.325307,-0.271954,-0.849445,1.209711
13.072000,1,0.284984,0.579540,1.314963,-0.273182,-0.853152,1.209717
13.074000,1,0.284174,0.575736,1.304557,-0.274427,-0.856901,1.209778
13.076000,1,0.283297,0.572177,1.294111,-0.275687,-0.860692,1.209894
13.078000,1,0.282314,0.568841,1.283652,-0.276957,-0.864528,1.210063
13.080000,1,0.281225,0.565705,1.273196,-0.278239,-0.868406,1.210282
13.082000,1,0.280030,0.562768,1.262754,-0.279534,-0.872325,1.210549
13.084000,1,0.279087,0.560177,1.251923,-0.280870,-0.876249,1.210830
13.086000,1,0.278252,0.557813,1.240927,-0.282233,-0.880201,1.211139
13.088000,0,0.277790,0.557367,1.234089,-0.283691,-0.884299,1.211533
13.090000,0,0.277543,0.558536,1.230595,-0.285208,-0.888531,1.212010
13.092000,0,0.277402,0.561058,1.229787,-0.286757,-0.892885,1.212567
13.094000,0,0.277086,0.564034,1.229752,-0.288222,-0.897407,1.214011
13.096000,0,0.276627,0.567324,1.230266,-0.289599,-0.902061,1.216293
13.098000,0,0.276050,0.570825,1.231163,-0.290884,-0.906831,1.219390
13.100000,0,0.275377,0.574471,1.232339,-0.292086,-0.911705,1.223297
13.102000,0,0.274626,0.578212,1.233708,-0.293215,-0.916669,1.228026
13.104000,0,0.273828,0.582025,1.235246,-0.294300,-0.921607,1.234304
13.106000,0,0.272993,0.585876,1.236892,-0.295341,-0.926498,1.242005
13.108000,0,0.272123,0.589710,1.238554,-0.296335,-0.931323,1.251042
13.110000,0,0.271226,0.593512,1.240206,-0.297300,-0.936059,1.261194
13.112000,0,0.270309,0.597270,1.241822,-0.298233,-0.940696,1.272244
13.114000,0,0.269382,0.601007,1.243434,-0.299125,-0.945213,1.283831
13.116000,0,0.268450,0.604715,1.245022,-0.299972,-0.949587,1.295785
13.118000,0,0.267516,0.608387,1.246565,-0.300771,-0.953788,1.307982
13.120000,0,0.266577,0.611991,1.248014,-0.301521,-0.957812,1.320405
13.122000,0,0.265641,0.615547,1.249387,-0.302221,-0.961609,1.332881
13.124000,0,0.264709,0.619052,1.250674,-0.302870,-0.965152,1.345328
13.126000,0,0.263783,0.622501,1.251856,-0.303466,-0.968382,1.357729
13.128000,0,0.262864,0.625893,1.252933,-0.304012,-0.971314,1.369990
13.130000,0,0.261953,0.629225,1.253891,-0.304505,-0.973895,1.382100
13.132000,0,0.261050,0.632499,1.254740,-0.304949,-0.976149,1.393984
13.134000,0,0.260154,0.635712,1.255478,-0.305322,-0.978122,1.405588
13.136000,0,0.259264,0.638851,1.256086,-0.305626,-0.979814,1.416930
13.138000,0,0.258382,0.641933,1.256582,-0.305861,-0.981206,1.427947
13.140000,0,0.257512,0.644961,1.256969,-0.306029,-0.982286,1.438625
13.142000,0,0.256653,0.647939,1.257241,-0.306128,-0.983001,1.448973
13.144000,0,0.255807,0.650866,1.257406,-0.306163,-0.983384,1.458959
13.146000,0,0.254973,0.653735,1.257449,-0.306137,-0.983440,1.468607
13.148000,0,0.254154,0.656560,1.257391,-0.306052,-0.983158,1.477869
13.150000,0,0.253351,0.659342,1.257235,-0.305909,-0.982533,1.486731
13.152000,0,0.252565,0.662086,1.256984,-0.305710,-0.981562,1.495190
13.154000,0,0.251796,0.664784,1.256628,-0.305458,-0.980248,1.503272
13.156000,0,0.251046,0.667444,1.256170,-0.305148,-0.978537,1.510981
13.158000,0,0.250313,0.670068,1.255623,-0.304789,-0.976482,1.518302
13.160000,0,0.249599,0.672660,1.254993,-0.304381,-0.974082,1.525229
13.162000,0,0.248905,0.675228,1.254294,-0.303925,-0.971349,1.531693
13.164000,0,0.248233,0.677770,1.253521,-0.303423,-0.968289,1.537724
13.166000,0,0.247581,0.680289,1.252680,-0.302876,-0.964899,1.543338
13.168000,0,0.246952,0.682791,1.251781,-0.302284,-0.961186,1.548512
13.170000,0,0.246344,0.685277,1.250827,-0.301649,-0.957156,1.553245
13.172000,0,0.245760,0.687746,1.249816,-0.300974,-0.952815,1.557565
13.174000,0,0.245198,0.690203,1.248757,-0.300259,-0.948176,1.561451
13.176000,0,0.244660,0.692648,1.247653,-0.299505,-0.943249,1.564901
13.178000,0,0.244147,0.695083,1.246504,-0.298716,-0.938040,1.567943
13.180000,0,0.243658,0.697513,1.245323,-0.297892,-0.932569,1.570559
13.182000,0,0.243193,0.699941,1.244112,-0.297044,-0.926812,1.572758
13.184000,0,0.242754,0.702369,1.242873,-0.296173,-0.920779,1.574546
13.186000,0,0.242343,0.704797,1.241606,-0.295286,-0.914478,1.575966
13.188000,0,0.241958,0.707228,1.240322,-0.294382,-0.907934,1.577004
13.190000,0,0.241599,0.709661,1.239025,-0.293459,-0.901164,1.577655
13.192000,0,0.241266,0.712100,1.237716,-0.292517,-0.894184,1.577922
13.194000,0,0.240959,0.714544,1.236400,-0.291558,-0.887010,1.577808
13.196000,0,0.240680,0.716995,1.235075,-0.290582,-0.879646,1.577335
13.198000,0,0.240431,0.719460,1.233749,-0.289582,-0.872051,1.576471
13.200000,0,0.240207,0.721937,1.232427,-0.288565,-0.864314,1.575239
13.202000,0,0.240009,0.724425,1.231114,-0.287529,-0.856461,1.573649
13.204000,0,0.239837,0.726926,1.229811,-0.286476,-0.848507,1.571706
13.206000,0,0.239691,0.729443,1.228523,-0.285406,-0.840468,1.569420
13.208000,0,0.239573,0.731976,1.227248,-0.284319,-0.832347,1.566807
13.210000,0,0.239487,0.734531,1.225990,-0.283225,-0.824091,1.563826
13.212000,0,0.239428,0.737107,1.224755,-0.282133,-0.815779,1.560515
13.214000,0,0.239397,0.739703,1.223544,-0.281040,-0.807434,1.556885
13.216000,0,0.239392,0.742324,1.222367,-0.279947,-0.799071,1.552946
13.218000,0,0.239413,0.744972,1.221224,-0.278852,-0.790704,1.548706
13.220000,0,0.239463,0.747649,1.220117,-0.277757,-0.782336,1.544181
13.222000,0,0.239539,0.750354,1.219049,-0.276656,-0.773990,1.539372
13.224000,0,0.239641,0.753090,1.218022,-0.275551,-0.765667,1.534290
13.226000,0,0.239770,0.755858,1.217039,-0.274439,-0.757393,1.528939
13.228000,0,0.239925,0.758659,1.216101,-0.273319,-0.749179,1.523324
13.230000,0,0.240110,0.761493,1.215210,-0.272216,-0.741046,1.517359
13.232000,0,0.240327,0.764363,1.214368,-0.271132,-0.732993,1.511063
13.234000,0,0.240573,0.767269,1.213579,-0.270074,-0.725066,1.504497
13.236000,0,0.240847,0.770214,1.212845,-0.269038,-0.717281,1.497683
13.238000,0,0.241147,0.773197,1.212167,-0.268017,-0.709657,1.490632
13.240000,0,0.241472,0.776222,1.211547,-0.267008,-0.702200,1.483357
13.242000,0,0.241823,0.779287,1.210984,-0.266009,-0.694915,1.475866
13.244000,0,0.242200,0.782395,1.210480,-0.265021,-0.687801,1.468174
13.246000,0,0.242603,0.785547,1.210034,-0.264041,-0.680862,1.460289
13.248000,0,0.243032,0.788742,1.209648,-0.263068,-0.674100,1.452221
13.250000,0,0.243484,0.791982,1.209322,-0.262097,-0.667524,1.443966
13.252000,0,0.243961,0.795269,1.209058,-0.261126,-0.661135,1.435531
13.254000,0,0.244460,0.798603,1.208858,-0.260154,-0.654953,1.426921
13.256000,0,0.244983,0.801984,1.208720,-0.259180,-0.648976,1.418152
13.258000,0,0.245529,0.805411,1.208642,-0.258205,-0.643189,1.409230
13.260000,0,0.246111,0.808880,1.208615,-0.257381,-0.637584,1.400040
13.262000,0,0.246726,0.812390,1.208639,-0.256700,-0.632180,1.390590
13.264000,0,0.247372,0.815943,1.208714,-0.256163,-0.626975,1.380893
13.266000,0,0.248047,0.819541,1.208842,-0.255763,-0.621895,1.371011
13.268000,0,0.248744,0.823184,1.209022,-0.255423,-0.617015,1.360949
13.270000,0,0.249462,0.826870,1.209254,-0.255142,-0.612334,1.350718
13.272000,0,0.250196,0.830599,1.209536,-0.254856,-0.607885,1.340332
13.274000,0,0.250940,0.834379,1.209877,-0.254518,-0.603681,1.329820
13.276000,0,0.251698,0.838208,1.210277,-0.254130,-0.599720,1.319197
13.278000,0,0.252464,0.842088,1.210734,-0.253649,-0.595999,1.308508
13.280000,0,0.253243,0.846025,1.211253,-0.253106,-0.592377,1.297872
13.282000,0,0.254033,0.850017,1.211830,-0.252504,-0.588852,1.287293
13.284000,0,0.254863,0.854037,1.212432,-0.252139,-0.585514,1.276404
13.286000,0,0.255717,0.858085,1.213060,-0.251884,-0.582460,1.265194
13.288000,0,0.256595,0.862162,1.213714,-0.251740,-0.579690,1.253680
13.290000,1,0.257547,0.866371,1.214454,-0.251753,-0.578757,1.245988
13.292000,1,0.258506,0.870656,1.215223,-0.251892,-0.579413,1.241510
13.294000,1,0.259461,0.875004,1.216024,-0.252112,-0.581403,1.239667
13.296000,1,0.260424,0.879629,1.217959,-0.252164,-0.583934,1.238735
13.298000,1,0.261407,0.884535,1.221091,-0.252080,-0.586871,1.238501
13.300000,1,0.262404,0.889698,1.225393,-0.251885,-0.590107,1.238797
13.302000,1,0.263417,0.895054,1.230694,-0.251603,-0.593599,1.239540
13.304000,1,0.264466,0.900496,1.237515,-0.251267,-0.597274,1.240635
13.306000,1,0.265546,0.906007,1.245764,-0.250885,-0.601065,1.241968
13.308000,1,0.266667,0.911463,1.255157,-0.250472,-0.604959,1.243497
13.310000,1,0.267820,0.916827,1.265460,-0.250038,-0.608927,1.245171
13.312000,1,0.269004,0.922089,1.276618,-0.249583,-0.612920,1.246908
13.314000,1,0.270201,0.927200,1.288297,-0.249118,-0.616940,1.248705
13.316000,1,0.271402,0.932129,1.300324,-0.248648,-0.620970,1.250529
13.318000,1,0.272601,0.936843,1.312575,-0.248176,-0.624997,1.252350
13.320000,1,0.273795,0.941330,1.324939,-0.247705,-0.629007,1.254144
13.322000,1,0.274983,0.945563,1.337329,-0.247236,-0.632993,1.255896
13.324000,1,0.276162,0.949519,1.349678,-0.246772,-0.636948,1.257585
13.326000,1,0.277335,0.953195,1.361991,-0.246309,-0.640850,1.259176
13.328000,1,0.278496,0.956549,1.374152,-0.245855,-0.644708,1.260676
13.330000,1,0.279643,0.959559,1.386111,-0.245411,-0.648520,1.262077
13.332000,1,0.280780,0.962228,1.397886,-0.244973,-0.652273,1.263359
13.334000,1,0.281877,0.964557,1.409400,-0.244542,-0.655976,1.264533
13.336000,1,0.282929,0.966546,1.420606,-0.244120,-0.659626,1.265597
13.338000,1,0.283937,0.968185,1.431483,-0.243709,-0.663224,1.266548
13.340000,1,0.284900,0.969459,1.442039,-0.243309,-0.666770,1.267382
13.342000,1,0.285820,0.970370,1.452245,-0.242922,-0.670266,1.268100
13.344000,1,0.286697,0.970912,1.462090,-0.242549,-0.673712,1.268703
13.346000,1,0.287532,0.971078,1.471565,-0.242191,-0.677109,1.269190
13.348000,1,0.288326,0.970865,1.480663,-0.241849,-0.680459,1.269566
13.350000,1,0.289079,0.970271,1.489377,-0.241522,-0.683765,1.269831
13.352000,1,0.289794,0.969300,1.497737,-0.241212,-0.687022,1.269978
13.354000,1,0.290470,0.967946,1.505700,-0.240919,-0.690242,1.270027
13.356000,1,0.291106,0.966214,1.513254,-0.240644,-0.693427,1.269983
13.358000,1,0.291702,0.964099,1.520400,-0.240387,-0.696579,1.269847
13.360000,1,0.292261,0.961537,1.527154,-0.240150,-0.699704,1.269621
13.362000,1,0.292780,0.958602,1.533492,-0.239933,-0.702800,1.269309
13.364000,1,0.293260,0.955299,1.539422,-0.239735,-0.705866,1.268917
13.366000,1,0.293702,0.951635,1.544941,-0.239557,-0.708907,1.268448
13.368000,1,0.294104,0.947619,1.550047,-0.239400,-0.711924,1.267907
13.370000,1,0.294468,0.943259,1.554735,-0.239265,-0.714918,1.267297
13.372000,1,0.294797,0.938560,1.559032,-0.239153,-0.717889,1.266616
13.374000,1,0.295088,0.933535,1.562909,-0.239062,-0.720846,1.265880
13.376000,1,0.295341,0.928206,1.566348,-0.238993,-0.723788,1.265093
13.378000,1,0.295557,0.922579,1.569363,-0.238946,-0.726719,1.264260
13.380000,1,0.295734,0.916679,1.571944,-0.238922,-0.729638,1.263383
13.382000,1,0.295880,0.910497,1.574110,-0.238921,-0.732549,1.262465
13.384000,1,0.295998,0.904044,1.575869,-0.238944,-0.735455,1.261511
13.386000,1,0.296090,0.897347,1.577237,-0.238992,-0.738354,1.260523
13.388000,1,0.296157,0.890409,1.578233,-0.239066,-0.741249,1.259501
13.390000,1,0.296157,0.890409,1.578233,-0.239066,-0.741249,1.259501
13.392000,1,0.296207,0.875892,1.579085,-0.239293,-0.747032,1.257379
13.394000,1,0.296207,0.875892,1.579085,-0.239293,-0.747032,1.257379
13.396000,1,0.296141,0.860486,1.578393,-0.239629,-0.752835,1.255188
13.398000,1,0.296063,0.852538,1.577494,-0.239836,-0.755744,1.254077
13.400000,1,0.295951,0.844464,1.576228,-0.240067,-0.758659,1.252962
13.402000,1,0.295804,0.836283,1.574599,-0.240323,-0.761582,1.251846
13.404000,1,0.295624,0.827997,1.572627,-0.240606,-0.764514,1.250730
13.406000,1,0.295409,0.819618,1.570317,-0.240914,-0.767459,1.249619
13.408000,1,0.295162,0.811148,1.567687,-0.241250,-0.770417,1.248514
13.410000,1,0.294889,0.802623,1.564719,-0.241612,-0.773389,1.247420
13.412000,1,0.294593,0.794044,1.561423,-0.242000,-0.776379,1.246341
13.414000,1,0.294266,0.785392,1.557760,-0.242417,-0.779390,1.245282
13.416000,1,0.293910,0.776734,1.553785,-0.242859,-0.782420,1.244243
13.418000,1,0.293525,0.768089,1.549514,-0.243325,-0.785473,1.243234
13.420000,1,0.293109,0.759471,1.544958,-0.243817,-0.788551,1.242256
13.422000,1,0.292665,0.750882,1.540131,-0.244335,-0.791655,1.241310
13.424000,1,0.292665,0.750882,1.540131,-0.244335,-0.791655,1.241310
13.426000,1,0.291685,0.733826,1.529710,-0.245453,-0.797944,1.239516
13.428000,1,0.291148,0.725384,1.524129,-0.246052,-0.801131,1.238671
13.430000,1,0.291148,0.725384,1.524129,-0.246052,-0.801131,1.238671
13.432000,1,0.289981,0.708673,1.512143,-0.247335,-0.807595,1.237094
13.434000,1,0.289369,0.700498,1.505769,-0.248017,-0.810869,1.236365
13.436000,1,0.288740,0.692455,1.499160,-0.248726,-0.814178,1.235686
13.438000,1,0.288091,0.684551,1.492321,-0.249460,-0.817519,1.235049
13.440000,1,0.287425,0.676788,1.485265,-0.250220,-0.820892,1.234455
13.442000,1,0.286743,0.669166,1.478009,-0.251006,-0.824298,1.233905
13.444000,1,0.286035,0.661708,1.470550,-0.251817,-0.827737,1.233399
13.446000,1,0.285299,0.654424,1.462896,-0.252651,-0.831213,1.232943
13.448000,1,0.284535,0.647320,1.455056,-0.253508,-0.834726,1.232538
13.450000,1,0.283743,0.640396,1.447045,-0.254390,-0.838276,1.232183
13.452000,1,0.282919,0.633683,1.438867,-0.255294,-0.841863,1.231878
13.454000,1,0.282919,0.633683,1.438867,-0.255294,-0.841863,1.231878
13.456000,1,0.281180,0.620854,1.422042,-0.257172,-0.849147,1.231415
13.458000,1,0.280267,0.614739,1.413416,-0.258147,-0.852844,1.231255
13.460000,1,0.280267,0.614739,1.413416,-0.258147,-0.852844,1.231255
13.462000,1,0.278593,0.603404,1.395325,-0.260186,-0.860312,1.231051
13.464000,1,0.277834,0.598205,1.385878,-0.261249,-0.864086,1.231007
13.466000,1,0.277133,0.593292,1.376179,-0.262339,-0.867893,1.231007
13.468000,1,0.276460,0.588646,1.366357,-0.263452,-0.871736,1.231052
13.470000,1,0.275797,0.584255,1.356442,-0.264586,-0.875618,1.231143
13.472000,1,0.275125,0.580130,1.346457,-0.265738,-0.879539,1.231281
13.474000,1,0.274445,0.576267,1.336412,-0.266909,-0.883498,1.231465
13.476000,1,0.274445,0.576267,1.336412,-0.266909,-0.883498,1.231465
13.478000,1,0.273745,0.572578,1.326323,-0.268098,-0.887502,1.231697
13.480000,1,0.272189,0.565771,1.306088,-0.270523,-0.895646,1.232316
13.482000,1,0.271338,0.562643,1.296006,-0.271757,-0.899782,1.232696
13.484000,1,0.270680,0.559935,1.285543,-0.273028,-0.903920,1.233083
13.486000,1,0.270133,0.557589,1.274828,-0.274324,-0.908074,1.233490
13.488000,0,0.269972,0.557000,1.268102,-0.275732,-0.912346,1.233960
13.490000,0,0.270006,0.558085,1.264795,-0.277216,-0.916728,1.234498
13.492000,0,0.269823,0.559857,1.262628,-0.278658,-0.921255,1.235839
13.494000,0,0.269466,0.562139,1.261320,-0.280051,-0.925886,1.237932
13.496000,0,0.268965,0.564797,1.260662,-0.281387,-0.930600,1.240757
13.498000,0,0.268352,0.567768,1.260548,-0.282683,-0.935372,1.244247
13.500000,0,0.267648,0.570977,1.260864,-0.283951,-0.940205,1.248467
13.502000,0,0.266888,0.574350,1.261503,-0.285204,-0.944961,1.254233
13.504000,0,0.266079,0.577809,1.262339,-0.286434,-0.949622,1.261455
13.506000,0,0.265229,0.581314,1.263301,-0.287642,-0.954166,1.270023
13.508000,0,0.264352,0.584866,1.264393,-0.288816,-0.958632,1.279562
13.510000,0,0.263453,0.588444,1.265578,-0.289949,-0.963018,1.289858
13.512000,0,0.262534,0.592000,1.266773,-0.291037,-0.967312,1.300861
13.514000,0,0.261599,0.595519,1.267944,-0.292078,-0.971473,1.312463
13.516000,0,0.260658,0.599024,1.269118,-0.293063,-0.975484,1.324350
13.518000,0,0.259716,0.602508,1.270277,-0.293990,-0.979320,1.336391
13.520000,0,0.258775,0.605962,1.271397,-0.294856,-0.982957,1.348502
13.522000,0,0.257838,0.609378,1.272461,-0.295663,-0.986368,1.360611
13.524000,0,0.256902,0.612729,1.273425,-0.296411,-0.989551,1.372717
13.526000,0,0.255974,0.616034,1.274306,-0.297099,-0.992465,1.384712
13.528000,0,0.255054,0.619291,1.275096,-0.297730,-0.995086,1.396546
13.530000,0,0.254143,0.622497,1.275786,-0.298304,-0.997397,1.408183
13.532000,0,0.253241,0.625645,1.276374,-0.298800,-0.999437,1.419571
13.534000,0,0.252344,0.628723,1.276837,-0.299221,-1.001210,1.430726
13.536000,0,0.251457,0.631748,1.277195,-0.299566,-1.002693,1.441584
13.538000,0,0.250580,0.634721,1.277450,-0.299839,-1.003875,1.452126
13.540000,0,0.249714,0.637647,1.277602,-0.300042,-1.004747,1.462343
13.542000,0,0.248861,0.640526,1.277651,-0.300178,-1.005302,1.472224
13.544000,0,0.248020,0.643360,1.277598,-0.300248,-1.005530,1.481756
13.546000,0,0.247194,0.646153,1.277449,-0.300256,-1.005426,1.490932
13.548000,0,0.246381,0.648906,1.277204,-0.300202,-1.004985,1.499740
13.550000,0,0.245584,0.651624,1.276861,-0.300084,-1.004151,1.508207
13.552000,0,0.244801,0.654297,1.276410,-0.299902,-1.002928,1.516357
13.554000,0,0.244034,0.656930,1.275855,-0.299660,-1.001311,1.524181
13.556000,0,0.243285,0.659530,1.275218,-0.299363,-0.999361,1.531583
13.558000,0,0.242554,0.662101,1.274505,-0.299011,-0.997078,1.538555
13.560000,0,0.241841,0.664644,1.273717,-0.298605,-0.994462,1.545118
13.562000,0,0.241147,0.667155,1.272848,-0.298148,-0.991516,1.551300
13.564000,0,0.240474,0.669644,1.271913,-0.297642,-0.988247,1.557046
13.566000,0,0.239821,0.672112,1.270914,-0.297087,-0.984650,1.562377
13.568000,0,0.239189,0.674561,1.269854,-0.296486,-0.980733,1.567290
13.570000,0,0.238579,0.676993,1.268739,-0.295841,-0.976504,1.571785
13.572000,0,0.237991,0.679408,1.267569,-0.295157,-0.971968,1.575887
13.574000,0,0.237426,0.681811,1.266354,-0.294432,-0.967137,1.579569
13.576000,0,0.236882,0.684204,1.265098,-0.293668,-0.962022,1.582826
13.578000,0,0.236363,0.686588,1.263803,-0.292868,-0.956640,1.585640
13.580000,0,0.235868,0.688962,1.262468,-0.292034,-0.950997,1.588037
13.582000,0,0.235398,0.691328,1.261097,-0.291167,-0.945104,1.590019
13.584000,0,0.234954,0.693693,1.259697,-0.290281,-0.938948,1.591608
13.586000,0,0.234537,0.696057,1.258276,-0.289380,-0.932555,1.592797
13.588000,0,0.234145,0.698425,1.256840,-0.288465,-0.925934,1.593590
13.590000,0,0.233781,0.700796,1.255388,-0.287537,-0.919091,1.594008
13.592000,0,0.233444,0.703172,1.253923,-0.286598,-0.912046,1.594052
13.594000,0,0.233132,0.705558,1.252457,-0.285644,-0.904811,1.593728
13.596000,0,0.232845,0.707954,1.250992,-0.284675,-0.897401,1.593038
13.598000,0,0.232585,0.710360,1.249528,-0.283693,-0.889822,1.592000
13.600000,0,0.232352,0.712778,1.248066,-0.282698,-0.882098,1.590601
13.602000,0,0.232144,0.715208,1.246613,-0.281685,-0.874250,1.588845
13.604000,0,0.231964,0.717652,1.245169,-0.280659,-0.866282,1.586749
13.606000,0,0.231810,0.720111,1.243738,-0.279618,-0.858209,1.584319
13.608000,0,0.231685,0.722588,1.242323,-0.278581,-0.850036,1.581531
13.610000,0,0.231588,0.725087,1.240928,-0.277545,-0.841711,1.578360
13.612000,0,0.231517,0.727607,1.239560,-0.276514,-0.833315,1.574848
13.614000,0,0.231471,0.730149,1.238219,-0.275488,-0.824872,1.571010
13.616000,0,0.231451,0.732715,1.236910,-0.274466,-0.816386,1.566866
13.618000,0,0.231458,0.735305,1.235632,-0.273449,-0.807858,1.562432
13.620000,0,0.231491,0.737920,1.234389,-0.272431,-0.799330,1.557698
13.622000,0,0.231491,0.737920,1.234389,-0.272431,-0.799330,1.557698
13.624000,0,0.231630,0.743233,1.232020,-0.270387,-0.782303,1.547375
13.626000,0,0.231739,0.745931,1.230896,-0.269359,-0.773833,1.541800
13.628000,0,0.231875,0.748661,1.229811,-0.268325,-0.765351,1.535920
13.630000,0,0.232036,0.751424,1.228777,-0.267283,-0.756936,1.529779
13.632000,0,0.232223,0.754221,1.227794,-0.266270,-0.748619,1.523354
13.634000,0,0.232223,0.754221,1.227794,-0.266270,-0.748619,1.523354
13.636000,0,0.232679,0.759919,1.225989,-0.264328,-0.732290,1.509628
13.638000,0,0.232949,0.762826,1.225168,-0.263393,-0.724261,1.502306
13.640000,0,0.233245,0.765771,1.224404,-0.262480,-0.716354,1.494761
13.642000,0,0.233565,0.768753,1.223695,-0.261582,-0.708597,1.487003
13.644000,0,0.233908,0.771775,1.223044,-0.260697,-0.700996,1.479038
13.646000,0,0.234275,0.774839,1.222454,-0.259824,-0.693552,1.470882
13.648000,0,0.234666,0.777946,1.221928,-0.258962,-0.686271,1.462540
13.650000,0,0.235078,0.781096,1.221463,-0.258103,-0.679164,1.454010
13.652000,0,0.235513,0.784291,1.221061,-0.257244,-0.672235,1.445297
13.654000,0,0.235969,0.787530,1.220721,-0.256386,-0.665486,1.436416
13.656000,0,0.236447,0.790813,1.220442,-0.255524,-0.658924,1.427364
13.658000,0,0.236447,0.790813,1.220442,-0.255524,-0.658924,1.427364
13.660000,0,0.237500,0.797490,1.220036,-0.254180,-0.646519,1.408319
13.662000,0,0.238073,0.800882,1.219902,-0.253679,-0.640660,1.398228
13.664000,0,0.238669,0.804318,1.219825,-0.253260,-0.635042,1.387909
13.666000,0,0.239287,0.807799,1.219805,-0.252899,-0.629661,1.377413
13.668000,0,0.239924,0.811327,1.219843,-0.252560,-0.624511,1.366716
13.670000,0,0.240581,0.814901,1.219940,-0.252243,-0.619591,1.355835
13.672000,0,0.241255,0.818522,1.220094,-0.251924,-0.614895,1.344799
13.674000,0,0.241941,0.822189,1.220303,-0.251555,-0.610435,1.333698
13.676000,0,0.242634,0.825895,1.220560,-0.251069,-0.606314,1.322476
13.678000,0,0.243336,0.829642,1.220863,-0.250469,-0.602530,1.311155
13.680000,0,0.244051,0.833440,1.221224,-0.249773,-0.598933,1.299818
13.682000,0,0.244822,0.837262,1.221601,-0.249506,-0.595502,1.288062
13.684000,0,0.245630,0.841121,1.222011,-0.249536,-0.592217,1.276039
13.686000,0,0.246472,0.845017,1.222456,-0.249859,-0.589076,1.263750
13.688000,1,0.247324,0.848965,1.222955,-0.250221,-0.586038,1.251424
13.690000,1,0.248248,0.853041,1.223546,-0.250765,-0.584695,1.243021
13.692000,1,0.249208,0.857240,1.224231,-0.251346,-0.584924,1.237882
13.694000,1,0.250178,0.861762,1.226174,-0.251683,-0.585958,1.234156
13.696000,1,0.251146,0.866579,1.229340,-0.251828,-0.587633,1.231576
13.698000,1,0.252115,0.871673,1.233731,-0.251818,-0.589802,1.229896
13.700000,1,0.253087,0.876989,1.239233,-0.251687,-0.592370,1.228952
13.702000,1,0.254082,0.882432,1.246251,-0.251471,-0.595247,1.228607
13.704000,1,0.255106,0.887943,1.254503,-0.251193,-0.598391,1.228782
13.706000,1,0.256147,0.893488,1.263744,-0.250870,-0.601749,1.229379
13.708000,1,0.257205,0.899058,1.273911,-0.250506,-0.605256,1.230287
13.710000,1,0.258298,0.904557,1.284834,-0.250114,-0.608878,1.231431
13.712000,1,0.259420,0.909930,1.296341,-0.249703,-0.612583,1.232747
13.714000,1,0.260570,0.915132,1.308262,-0.249279,-0.616345,1.234184
13.716000,1,0.261736,0.920116,1.320320,-0.248853,-0.620162,1.235728
13.718000,1,0.262924,0.924830,1.332458,-0.248431,-0.624014,1.237333
13.720000,1,0.264135,0.929272,1.344677,-0.248009,-0.627864,1.238941
13.722000,1,0.265356,0.933443,1.356851,-0.247592,-0.631701,1.240530
13.724000,1,0.266579,0.937310,1.368838,-0.247184,-0.635526,1.242097
13.726000,1,0.267804,0.940856,1.380593,-0.246787,-0.639334,1.243625
13.728000,1,0.269032,0.944065,1.392093,-0.246402,-0.643116,1.245095
13.730000,1,0.270263,0.946940,1.403361,-0.246027,-0.646852,1.246476
13.732000,1,0.271498,0.949467,1.414378,-0.245664,-0.650539,1.247757
13.734000,1,0.272717,0.951660,1.425130,-0.245311,-0.654171,1.248929
13.736000,1,0.273917,0.953511,1.435597,-0.244971,-0.657747,1.249987
13.738000,1,0.275094,0.955018,1.445755,-0.244643,-0.661266,1.250930
13.740000,1,0.276246,0.956163,1.455552,-0.244331,-0.664741,1.251768
13.742000,1,0.277374,0.956952,1.465015,-0.244035,-0.668162,1.252488
13.744000,1,0.278479,0.957390,1.474114,-0.243755,-0.671533,1.253097
13.746000,1,0.279562,0.957465,1.482862,-0.243493,-0.674856,1.253594
13.748000,1,0.280620,0.957166,1.491215,-0.243249,-0.678140,1.253992
13.750000,1,0.281655,0.956497,1.499204,-0.243023,-0.681380,1.254282
13.752000,1,0.282667,0.955459,1.506819,-0.242816,-0.684579,1.254468
13.754000,1,0.283656,0.954054,1.514056,-0.242629,-0.687737,1.254552
13.756000,1,0.284621,0.952284,1.520907,-0.242463,-0.690858,1.254539
13.758000,1,0.285559,0.950139,1.527340,-0.242317,-0.693948,1.254439
13.760000,1,0.286469,0.947622,1.533349,-0.242193,-0.697010,1.254256
13.762000,1,0.287355,0.944739,1.538965,-0.242091,-0.700042,1.253985
13.764000,1,0.288214,0.941506,1.544171,-0.242012,-0.703043,1.253632
13.766000,1,0.289049,0.937921,1.548983,-0.241955,-0.706019,1.253199
13.768000,1,0.289857,0.933991,1.553397,-0.241921,-0.708973,1.252697
13.770000,1,0.290632,0.929742,1.557372,-0.241908,-0.711909,1.252137
13.772000,1,0.291378,0.925179,1.560934,-0.241918,-0.714827,1.251514
13.774000,1,0.292094,0.920296,1.564097,-0.241952,-0.717730,1.250835
13.776000,1,0.292780,0.915108,1.566864,-0.242009,-0.720619,1.250101
13.778000,1,0.293431,0.909633,1.569216,-0.242089,-0.723497,1.249321
13.780000,1,0.294045,0.903886,1.571155,-0.242190,-0.726365,1.248499
13.782000,1,0.294626,0.897874,1.572710,-0.242317,-0.729224,1.247635
13.784000,1,0.295183,0.891595,1.573886,-0.242468,-0.732078,1.246734
13.786000,1,0.295714,0.885063,1.574684,-0.242645,-0.734928,1.245801
13.788000,1,0.296219,0.878294,1.575105,-0.242846,-0.737779,1.244844
13.790000,1,0.296695,0.871303,1.575151,-0.243071,-0.740631,1.243865
13.792000,1,0.297146,0.864094,1.574842,-0.243323,-0.743486,1.242865
13.794000,1,0.297569,0.856684,1.574178,-0.243601,-0.746344,1.241847
13.796000,1,0.297957,0.849101,1.573147,-0.243903,-0.749205,1.240816
13.798000,1,0.298308,0.841363,1.571751,-0.244230,-0.752073,1.239776
13.800000,1,0.298622,0.833487,1.569999,-0.244580,-0.754946,1.238729
13.802000,1,0.298895,0.825488,1.567897,-0.244955,-0.757828,1.237678
13.804000,1,0.299131,0.817369,1.565463,-0.245357,-0.760719,1.236625
13.806000,1,0.299321,0.809177,1.562689,-0.245783,-0.763619,1.235573
13.808000,1,0.299473,0.800931,1.559581,-0.246233,-0.766530,1.234528
13.810000,1,0.299586,0.792640,1.556150,-0.246708,-0.769454,1.233491
13.812000,1,0.299661,0.784317,1.552408,-0.247206,-0.772399,1.232475
13.814000,1,0.299697,0.775978,1.548364,-0.247728,-0.775366,1.231483
13.816000,1,0.299690,0.767637,1.544028,-0.248274,-0.778355,1.230515
13.818000,1,0.299641,0.759305,1.539409,-0.248844,-0.781367,1.229573
13.820000,1,0.299546,0.750998,1.534515,-0.249437,-0.784403,1.228658
13.822000,1,0.299401,0.742745,1.529354,-0.250055,-0.787463,1.227773
13.824000,1,0.299209,0.734540,1.523936,-0.250696,-0.790549,1.226919
13.826000,1,0.298971,0.726384,1.518278,-0.251363,-0.793662,1.226095
13.828000,1,0.298685,0.718297,1.512380,-0.252055,-0.796802,1.225305
13.830000,1,0.298349,0.710291,1.506249,-0.252771,-0.799971,1.224550
13.832000,1,0.297984,0.702375,1.499877,-0.253513,-0.803169,1.223831
13.834000,1,0.297591,0.694561,1.493269,-0.254280,-0.806397,1.223149
13.836000,1,0.297169,0.686857,1.486438,-0.255073,-0.809655,1.222506
13.838000,1,0.296715,0.679274,1.479391,-0.255892,-0.812944,1.221903
13.840000,1,0.296228,0.671821,1.472140,-0.256735,-0.816264,1.221341
13.842000,1,0.295706,0.664507,1.464693,-0.257601,-0.819621,1.220825
13.844000,1,0.295148,0.657339,1.457059,-0.258491,-0.823013,1.220356
13.846000,1,0.294555,0.650319,1.449253,-0.259405,-0.826441,1.219934
13.848000,1,0.293924,0.643460,1.441277,-0.260343,-0.829904,1.219558
13.850000,1,0.293253,0.636772,1.433136,-0.261303,-0.833404,1.219229
13.852000,1,0.292542,0.630260,1.424838,-0.262285,-0.836939,1.218947
13.854000,1,0.291791,0.623930,1.416390,-0.263291,-0.840510,1.218712
13.856000,1,0.290998,0.617789,1.407800,-0.264318,-0.844117,1.218522
13.858000,1,0.290166,0.611835,1.399082,-0.265369,-0.847759,1.218376
13.860000,1,0.289369,0.606158,1.390139,-0.266448,-0.851426,1.218269
13.862000,1,0.288607,0.600766,1.380980,-0.267555,-0.855120,1.218200
13.864000,1,0.287869,0.595653,1.371631,-0.268687,-0.858847,1.218176
13.866000,1,0.287145,0.590813,1.362120,-0.269842,-0.862607,1.218197
13.868000,1,0.286435,0.586242,1.352462,-0.271020,-0.866405,1.218266
13.870000,1,0.285715,0.581927,1.342688,-0.272218,-0.870243,1.218384
13.872000,1,0.284972,0.577859,1.332819,-0.273435,-0.874120,1.218550
13.874000,1,0.284195,0.574028,1.322872,-0.274669,-0.878037,1.218762
13.876000,1,0.283354,0.570439,1.312864,-0.275920,-0.881994,1.219019
13.878000,1,0.282434,0.567086,1.302813,-0.277184,-0.885989,1.219321
13.880000,1,0.281727,0.564282,1.292230,-0.278492,-0.889980,1.219634
13.882000,1,0.281249,0.562017,1.281187,-0.279838,-0.893970,1.219957
13.884000,1,0.280883,0.560135,1.269911,-0.281210,-0.897985,1.220305
13.886000,1,0.280527,0.558496,1.258596,-0.282597,-0.902041,1.220688
13.888000,1,0.280406,0.558662,1.251511,-0.284067,-0.906276,1.221175
13.890000,0,0.280452,0.560369,1.247937,-0.285598,-0.910659,1.221755
13.892000,0,0.280529,0.563355,1.247102,-0.287167,-0.915199,1.222440
13.894000,0,0.280393,0.566726,1.247079,-0.288657,-0.919817,1.223802
13.896000,0,0.280083,0.570357,1.247630,-0.290062,-0.924476,1.225785
13.898000,0,0.279632,0.574178,1.248619,-0.291392,-0.929184,1.228409
13.900000,0,0.279067,0.578128,1.249932,-0.292654,-0.933947,1.231698
13.902000,0,0.278410,0.582162,1.251474,-0.293857,-0.938760,1.235685
13.904000,0,0.277695,0.586224,1.253162,-0.295013,-0.943502,1.241229
13.906000,0,0.276933,0.590285,1.254929,-0.296124,-0.948159,1.248229
13.908000,0,0.276137,0.594325,1.256736,-0.297209,-0.952730,1.256472
13.910000,0,0.275313,0.598330,1.258549,-0.298263,-0.957220,1.265748
13.912000,0,0.274467,0.602287,1.260341,-0.299283,-0.961625,1.275866
13.914000,0,0.273606,0.606189,1.262088,-0.300261,-0.965930,1.286651
13.916000,0,0.272730,0.610033,1.263778,-0.301198,-0.970116,1.297954
13.918000,0,0.271846,0.613816,1.265394,-0.302089,-0.974159,1.309643
13.920000,0,0.270954,0.617535,1.266922,-0.302933,-0.978032,1.321603
13.922000,0,0.270060,0.621187,1.268351,-0.303728,-0.981711,1.333736
13.924000,0,0.269161,0.624747,1.269638,-0.304473,-0.985189,1.346030
13.926000,0,0.268259,0.628220,1.270783,-0.305167,-0.988443,1.358405
13.928000,0,0.267362,0.631628,1.271811,-0.305809,-0.991425,1.370718
13.930000,0,0.266470,0.634975,1.272722,-0.306397,-0.994112,1.382909
13.932000,0,0.265584,0.638255,1.273514,-0.306915,-0.996532,1.394915
13.934000,0,0.264704,0.641471,1.274185,-0.307360,-0.998675,1.406696
13.936000,0,0.263828,0.644609,1.274713,-0.307734,-1.000541,1.418268
13.938000,0,0.262960,0.647673,1.275101,-0.308039,-1.002115,1.429604
13.940000,0,0.262098,0.650669,1.275358,-0.308278,-1.003384,1.440683
13.942000,0,0.261248,0.653619,1.275507,-0.308454,-1.004319,1.451440
13.944000,0,0.260410,0.656524,1.275551,-0.308568,-1.004908,1.461853
13.946000,0,0.259586,0.659387,1.275492,-0.308623,-1.005143,1.471909
13.948000,0,0.258775,0.662197,1.275315,-0.308619,-1.005026,1.481634
13.950000,0,0.257978,0.664958,1.275024,-0.308558,-1.004550,1.491016
13.952000,0,0.257196,0.667674,1.274625,-0.308442,-1.003711,1.500043
13.954000,0,0.256431,0.670357,1.274137,-0.308272,-1.002496,1.508660
13.956000,0,0.255684,0.673011,1.273564,-0.308047,-1.000901,1.516854
13.958000,0,0.254956,0.675629,1.272897,-0.307772,-0.998933,1.524654
13.960000,0,0.254247,0.678220,1.272151,-0.307445,-0.996588,1.532025
13.962000,0,0.253557,0.680787,1.271329,-0.307065,-0.993869,1.538960
13.964000,0,0.252887,0.683333,1.270440,-0.306636,-0.990780,1.545455
13.966000,0,0.252237,0.685861,1.269487,-0.306161,-0.987327,1.551510
13.968000,0,0.251608,0.688367,1.268465,-0.305642,-0.983516,1.557154
13.970000,0,0.251002,0.690854,1.267377,-0.305081,-0.979354,1.562383
13.972000,0,0.250419,0.693323,1.266228,-0.304479,-0.974849,1.567196
13.974000,0,0.249858,0.695779,1.265028,-0.303838,-0.970013,1.571555
13.976000,0,0.249320,0.698223,1.263781,-0.303157,-0.964858,1.575459
13.978000,0,0.248807,0.700656,1.262486,-0.302440,-0.959391,1.578933
13.980000,0,0.248320,0.703078,1.261144,-0.301690,-0.953630,1.581960
13.982000,0,0.247859,0.705491,1.259761,-0.300907,-0.947581,1.584565
13.984000,0,0.247423,0.707903,1.258350,-0.300102,-0.941234,1.586734
13.986000,0,0.247014,0.710315,1.256908,-0.299278,-0.934595,1.588492
13.988000,0,0.246633,0.712727,1.255439,-0.298439,-0.927678,1.589861
13.990000,0,0.246279,0.715139,1.253951,-0.297584,-0.920513,1.590823
13.992000,0,0.245951,0.717553,1.252445,-0.296711,-0.913121,1.591363
13.994000,0,0.245652,0.719970,1.250920,-0.295822,-0.905508,1.591502
13.996000,0,0.245380,0.722389,1.249385,-0.294917,-0.897703,1.591233
13.998000,0,0.245134,0.724815,1.247846,-0.293994,-0.889725,1.590561
14.000000,0,0.244916,0.727248,1.246304,-0.293056,-0.881579,1.589508
14.002000,0,0.244727,0.729693,1.244767,-0.292104,-0.873283,1.588083
14.004000,0,0.244566,0.732152,1.243238,-0.291139,-0.864841,1.586309
14.006000,0,0.244430,0.734624,1.241721,-0.290156,-0.856299,1.584169
14.008000,0,0.244430,0.734624,1.241721,-0.290156,-0.856299,1.584169
14.010000,0,0.244323,0.737111,1.240217,-0.289157,-0.847660,1.581681
14.012000,0,0.244199,0.742140,1.237257,-0.287158,-0.830094,1.575670
14.014000,0,0.244184,0.744685,1.235805,-0.286160,-0.821183,1.572182
14.016000,0,0.244200,0.747252,1.234376,-0.285166,-0.812197,1.568386
14.018000,0,0.244244,0.749841,1.232975,-0.284168,-0.803180,1.564277
14.020000,0,0.244313,0.752456,1.231613,-0.283163,-0.794172,1.559848
14.022000,0,0.244407,0.755096,1.230290,-0.282145,-0.785205,1.555099
14.024000,0,0.244527,0.757765,1.229009,-0.281117,-0.776281,1.550049
14.026000,0,0.244676,0.760466,1.227771,-0.280072,-0.767356,1.544670
14.028000,0,0.244851,0.763198,1.226578,-0.279015,-0.758496,1.539019
14.030000,0,0.245050,0.765963,1.225434,-0.277944,-0.749720,1.533110
14.032000,0,0.245276,0.768760,1.224338,-0.276862,-0.741028,1.526959
14.034000,0,0.245533,0.771593,1.223292,-0.275792,-0.732420,1.520487
14.036000,0,0.245817,0.774462,1.222303,-0.274738,-0.723971,1.513741
14.038000,0,0.246127,0.777368,1.221371,-0.273700,-0.715693,1.506738
14.040000,0,0.246465,0.780313,1.220498,-0.272677,-0.707587,1.499496
14.042000,0,0.246828,0.783299,1.219684,-0.271663,-0.699661,1.492026
14.044000,0,0.247217,0.786328,1.218932,-0.270656,-0.691920,1.484340
14.046000,0,0.247631,0.789399,1.218241,-0.269652,-0.684369,1.476450
14.048000,0,0.248071,0.792515,1.217612,-0.268653,-0.677005,1.468370
14.050000,0,0.248537,0.795674,1.217045,-0.267657,-0.669832,1.460110
14.052000,0,0.249027,0.798880,1.216540,-0.266660,-0.662859,1.451670
14.054000,0,0.249542,0.802132,1.216098,-0.265669,-0.656052,1.443070
14.056000,0,0.250080,0.805434,1.215722,-0.264673,-0.649453,1.434303
14.058000,0,0.250641,0.808783,1.215413,-0.263674,-0.643060,1.425382
14.060000,0,0.251235,0.812172,1.215158,-0.262788,-0.636935,1.416169
14.062000,0,0.251860,0.815601,1.214958,-0.262009,-0.631096,1.406672
14.064000,0,0.252513,0.819072,1.214813,-0.261320,-0.625541,1.396925
14.066000,0,0.253193,0.822587,1.214724,-0.260702,-0.620259,1.386963
14.068000,0,0.253897,0.826150,1.214695,-0.260156,-0.615250,1.376801
14.070000,0,0.254624,0.829760,1.214725,-0.259662,-0.610504,1.366471
14.072000,0,0.255370,0.833421,1.214814,-0.259181,-0.606005,1.356014
14.074000,0,0.256133,0.837132,1.214962,-0.258692,-0.601740,1.345454
14.076000,0,0.256910,0.840897,1.215173,-0.258162,-0.597716,1.334813
14.078000,0,0.257702,0.844714,1.215446,-0.257593,-0.593930,1.324103
14.080000,0,0.258506,0.848583,1.215780,-0.256963,-0.590375,1.313345
14.082000,0,0.259361,0.852474,1.216134,-0.256689,-0.587122,1.302122
14.084000,0,0.260250,0.856399,1.216521,-0.256651,-0.584122,1.290583
14.086000,0,0.261158,0.860370,1.216953,-0.256705,-0.581315,1.278911
14.088000,0,0.262077,0.864402,1.217445,-0.256780,-0.578547,1.267342
14.090000,0,0.263007,0.868490,1.217995,-0.256874,-0.575817,1.255872
14.092000,1,0.264007,0.872726,1.218647,-0.257122,-0.574957,1.248371
14.094000,1,0.265007,0.877046,1.219343,-0.257453,-0.575695,1.244109
14.096000,1,0.266007,0.881647,1.221169,-0.257586,-0.577190,1.241167
14.098000,1,0.267014,0.886505,1.224120,-0.257560,-0.579274,1.239265
14.100000,1,0.268020,0.891597,1.228167,-0.257405,-0.581809,1.238179
14.102000,1,0.269028,0.896890,1.233256,-0.257148,-0.584704,1.237752
14.104000,1,0.270061,0.902251,1.239820,-0.256827,-0.587892,1.237886
14.106000,1,0.271115,0.907643,1.247693,-0.256456,-0.591311,1.238467
14.108000,1,0.272206,0.912973,1.256666,-0.256050,-0.594910,1.239396
14.110000,1,0.273328,0.918232,1.266525,-0.255619,-0.598645,1.240595
14.112000,1,0.274478,0.923407,1.277215,-0.255164,-0.602455,1.241964
14.114000,1,0.275639,0.928457,1.288423,-0.254696,-0.606335,1.243479
14.116000,1,0.276803,0.933349,1.299987,-0.254222,-0.610259,1.245094
14.118000,1,0.277965,0.938055,1.311785,-0.253745,-0.614206,1.246765
14.120000,1,0.279121,0.942546,1.323721,-0.253268,-0.618158,1.248454
14.122000,1,0.280273,0.946820,1.335788,-0.252788,-0.622086,1.250112
14.124000,1,0.281419,0.950853,1.347907,-0.252308,-0.625979,1.251716
14.126000,1,0.282553,0.954597,1.359937,-0.251834,-0.629847,1.253268
14.128000,1,0.283672,0.958018,1.371837,-0.251367,-0.633683,1.254749
14.130000,1,0.284775,0.961110,1.383551,-0.250911,-0.637477,1.256144
14.132000,1,0.285841,0.963897,1.395035,-0.250461,-0.641223,1.257444
14.134000,1,0.286872,0.966381,1.406307,-0.250019,-0.644903,1.258620
14.136000,1,0.287862,0.968539,1.417300,-0.249587,-0.648529,1.259685
14.138000,1,0.288813,0.970361,1.427991,-0.249167,-0.652099,1.260633
14.140000,1,0.289723,0.971828,1.438383,-0.248759,-0.655615,1.261462
14.142000,1,0.290595,0.972942,1.448449,-0.248365,-0.659076,1.262169
14.144000,1,0.291427,0.973699,1.458177,-0.247985,-0.662482,1.262754
14.146000,1,0.292225,0.974103,1.467591,-0.247618,-0.665829,1.263212
14.148000,1,0.292987,0.974133,1.476664,-0.247265,-0.669129,1.263556
14.150000,1,0.293711,0.973792,1.485364,-0.246928,-0.672383,1.263791
14.152000,1,0.294398,0.973079,1.493683,-0.246607,-0.675592,1.263917
14.154000,1,0.295047,0.971994,1.501614,-0.246302,-0.678758,1.263938
14.156000,1,0.295659,0.970538,1.509155,-0.246014,-0.681886,1.263861
14.158000,1,0.296233,0.968709,1.516303,-0.245743,-0.684978,1.263689
14.160000,1,0.296772,0.966512,1.523087,-0.245490,-0.688030,1.263415
14.162000,1,0.297273,0.963948,1.529471,-0.245256,-0.691050,1.263053
14.164000,1,0.297734,0.961018,1.535448,-0.245040,-0.694039,1.262607
14.166000,1,0.298157,0.957730,1.541015,-0.244844,-0.697000,1.262081
14.168000,1,0.298543,0.954090,1.546197,-0.244668,-0.699931,1.261471
14.170000,1,0.298893,0.950106,1.550992,-0.244515,-0.702834,1.260781
14.172000,1,0.299209,0.945775,1.555413,-0.244383,-0.705713,1.260018
14.174000,1,0.299486,0.941120,1.559409,-0.244272,-0.708571,1.259192
14.176000,1,0.299721,0.936155,1.562973,-0.244183,-0.711411,1.258308
14.178000,1,0.299920,0.930879,1.566125,-0.244114,-0.714238,1.257376
14.180000,1,0.300084,0.925298,1.568887,-0.244069,-0.717054,1.256394
14.182000,1,0.300212,0.919433,1.571243,-0.244045,-0.719860,1.255371
14.184000,1,0.300310,0.913297,1.573177,-0.244043,-0.722657,1.254310
14.186000,1,0.300379,0.906907,1.574715,-0.244064,-0.725447,1.253214
14.188000,1,0.300420,0.900278,1.575862,-0.244110,-0.728232,1.252086
14.190000,1,0.300432,0.893416,1.576624,-0.244180,-0.731013,1.250929
14.192000,1,0.300418,0.886327,1.577019,-0.244276,-0.733791,1.249744
14.194000,1,0.300372,0.879043,1.577033,-0.244397,-0.736568,1.248537
14.196000,1,0.300295,0.871581,1.576668,-0.244541,-0.739348,1.247318
14.198000,1,0.300188,0.863946,1.575942,-0.244711,-0.742133,1.246088
14.200000,1,0.300048,0.856164,1.574848,-0.244905,-0.744923,1.244852
14.202000,1,0.299873,0.848253,1.573392,-0.245123,-0.747721,1.243612
14.204000,1,0.299663,0.840229,1.571582,-0.245366,-0.750527,1.242373
14.206000,1,0.299419,0.832096,1.569435,-0.245636,-0.753343,1.241134
14.208000,1,0.299150,0.823852,1.566949,-0.245932,-0.756172,1.239900
14.210000,1,0.298858,0.815512,1.564129,-0.246254,-0.759014,1.238674
14.212000,1,0.298541,0.807093,1.560984,-0.246602,-0.761872,1.237458
14.214000,1,0.298199,0.798597,1.557530,-0.246978,-0.764746,1.236254
14.216000,1,0.297829,0.790054,1.553764,-0.247380,-0.767638,1.235067
14.218000,1,0.297428,0.781482,1.549695,-0.247807,-0.770547,1.233899
14.220000,1,0.297428,0.781482,1.549695,-0.247807,-0.770547,1.233899
14.222000,1,0.296533,0.764313,1.540681,-0.248735,-0.776443,1.231658
14.224000,1,0.296039,0.755733,1.535760,-0.249237,-0.779430,1.230587
14.226000,1,0.295513,0.747111,1.530533,-0.249768,-0.782444,1.229542
14.228000,1,0.294954,0.738517,1.525047,-0.250324,-0.785487,1.228534
14.230000,1,0.294358,0.729991,1.519309,-0.250903,-0.788556,1.227565
14.232000,1,0.293747,0.721536,1.513311,-0.251509,-0.791654,1.226635
14.234000,1,0.293122,0.713154,1.507068,-0.252142,-0.794781,1.225744
14.236000,1,0.292478,0.704875,1.500584,-0.252803,-0.797937,1.224894
14.238000,1,0.291812,0.696713,1.493868,-0.253490,-0.801123,1.224087
14.240000,1,0.291126,0.688670,1.486923,-0.254202,-0.804341,1.223325
14.242000,1,0.290410,0.680779,1.479755,-0.254939,-0.807591,1.222610
14.244000,1,0.289666,0.673041,1.472381,-0.255701,-0.810874,1.221941
14.246000,1,0.288890,0.665473,1.464804,-0.256488,-0.814190,1.221321
14.248000,1,0.288082,0.658085,1.457031,-0.257298,-0.817543,1.220755
14.250000,1,0.287241,0.650883,1.449075,-0.258132,-0.820934,1.220243
14.252000,1,0.286369,0.643865,1.440948,-0.258990,-0.824363,1.219785
14.254000,1,0.285466,0.637039,1.432662,-0.259872,-0.827830,1.219379
14.256000,1,0.284531,0.630414,1.424214,-0.260778,-0.831335,1.219027
14.258000,1,0.283640,0.624067,1.415519,-0.261712,-0.834869,1.218721
14.260000,1,0.282793,0.617996,1.406596,-0.262676,-0.838433,1.218462
14.262000,1,0.281991,0.612207,1.397454,-0.263667,-0.842029,1.218250
14.264000,1,0.281225,0.606698,1.388118,-0.264686,-0.845657,1.218085
14.266000,1,0.280485,0.601463,1.378609,-0.265729,-0.849319,1.217967
14.268000,1,0.279761,0.596496,1.368954,-0.266796,-0.853016,1.217895
14.270000,1,0.279040,0.591792,1.359171,-0.267885,-0.856752,1.217877
14.272000,1,0.278313,0.587342,1.349281,-0.268995,-0.860528,1.217909
14.274000,1,0.277557,0.583133,1.339303,-0.270123,-0.864344,1.217992
14.276000,1,0.276772,0.579164,1.329249,-0.271270,-0.868201,1.218125
14.278000,1,0.275926,0.575435,1.319133,-0.272432,-0.872101,1.218311
14.280000,1,0.274999,0.571962,1.308972,-0.273608,-0.876042,1.218549
14.282000,1,0.274410,0.568872,1.298371,-0.274834,-0.879990,1.218799
14.284000,1,0.274157,0.566163,1.287348,-0.276105,-0.883947,1.219065
14.286000,1,0.274124,0.563793,1.276045,-0.277407,-0.887927,1.219360
14.288000,1,0.274104,0.561493,1.264843,-0.278719,-0.891967,1.219708
14.290000,1,0.274096,0.559262,1.253737,-0.280043,-0.896060,1.220106
14.292000,0,0.274294,0.558941,1.246830,-0.281433,-0.900357,1.220632
14.294000,0,0.274579,0.560235,1.243303,-0.282860,-0.904828,1.221270
14.296000,0,0.274621,0.562217,1.241045,-0.284233,-0.909457,1.222763
14.298000,0,0.274468,0.564712,1.239754,-0.285550,-0.914198,1.225046
14.300000,0,0.274155,0.567586,1.239200,-0.286803,-0.919033,1.228092
14.302000,0,0.273714,0.570748,1.239224,-0.287999,-0.923947,1.231891
14.304000,0,0.273168,0.574124,1.239690,-0.289140,-0.928907,1.236398
14.306000,0,0.272558,0.577670,1.240528,-0.290254,-0.933811,1.242425
14.308000,0,0.271897,0.581337,1.241648,-0.291361,-0.938623,1.249856
14.310000,0,0.271198,0.585084,1.242974,-0.292458,-0.943345,1.258472
14.312000,0,0.270462,0.588850,1.244401,-0.293539,-0.947959,1.268203
14.314000,0,0.269698,0.592612,1.245884,-0.294598,-0.952466,1.278835
14.316000,0,0.268916,0.596383,1.247432,-0.295621,-0.956852,1.290033
14.318000,0,0.268120,0.600151,1.249018,-0.296604,-0.961097,1.301633
14.320000,0,0.267314,0.603904,1.250610,-0.297544,-0.965177,1.313509
14.322000,0,0.266502,0.607629,1.252176,-0.298436,-0.969052,1.325573
14.324000,0,0.265681,0.611293,1.253661,-0.299281,-0.972717,1.337814
14.326000,0,0.264856,0.614891,1.255042,-0.300080,-0.976124,1.350185
14.328000,0,0.264028,0.618420,1.256318,-0.300831,-0.979282,1.362559
14.330000,0,0.263205,0.621903,1.257509,-0.301531,-0.982152,1.374789
14.332000,0,0.262386,0.625315,1.258579,-0.302180,-0.984733,1.386887
14.334000,0,0.261569,0.628657,1.259530,-0.302761,-0.987058,1.398774
14.336000,0,0.260756,0.631926,1.260355,-0.303271,-0.989114,1.410436
14.338000,0,0.259949,0.635126,1.261053,-0.303708,-0.990888,1.421838
14.340000,0,0.259151,0.638276,1.261651,-0.304078,-0.992359,1.432893
14.342000,0,0.259151,0.638276,1.261651,-0.304078,-0.992359,1.432893
14.344000,0,0.257592,0.644435,1.262535,-0.304627,-0.994333,1.453958
14.346000,0,0.256829,0.647433,1.262797,-0.304809,-0.994791,1.463989
14.348000,0,0.256077,0.650365,1.262919,-0.304934,-0.994885,1.473727
14.350000,0,0.255338,0.653243,1.262924,-0.305005,-0.994643,1.483103
14.352000,0,0.254614,0.656082,1.262833,-0.305022,-0.994050,1.492083
14.354000,0,0.253907,0.658883,1.262648,-0.304987,-0.993105,1.500656
14.356000,0,0.253215,0.661651,1.262365,-0.304895,-0.991747,1.508830
14.358000,0,0.252541,0.664377,1.261976,-0.304748,-0.989983,1.516635
14.360000,0,0.251884,0.667069,1.261499,-0.304552,-0.987866,1.524020
14.362000,0,0.251245,0.669729,1.260939,-0.304309,-0.985406,1.530974
14.364000,0,0.250625,0.672359,1.260299,-0.304021,-0.982604,1.537495
14.366000,0,0.250025,0.674968,1.259585,-0.303683,-0.979407,1.543582
14.368000,0,0.249445,0.677552,1.258791,-0.303300,-0.975818,1.549264
14.370000,0,0.248885,0.680112,1.257932,-0.302877,-0.971909,1.554511
14.372000,0,0.248346,0.682655,1.257009,-0.302410,-0.967632,1.559309
14.374000,0,0.247828,0.685178,1.256028,-0.301906,-0.963063,1.563648
14.376000,0,0.247331,0.687682,1.254992,-0.301368,-0.958205,1.567557
14.378000,0,0.246857,0.690168,1.253898,-0.300798,-0.953064,1.571058
14.380000,0,0.246409,0.692641,1.252749,-0.300191,-0.947592,1.574124
14.382000,0,0.245985,0.695101,1.251551,-0.299555,-0.941852,1.576791
14.384000,0,0.245585,0.697550,1.250312,-0.298898,-0.935850,1.579022
14.386000,0,0.245210,0.699994,1.249042,-0.298224,-0.929595,1.580819
14.388000,0,0.244859,0.702435,1.247744,-0.297534,-0.923102,1.582211
14.390000,0,0.244536,0.704874,1.246417,-0.296831,-0.916376,1.583221
14.392000,0,0.244238,0.707312,1.245067,-0.296113,-0.909436,1.583839
14.394000,0,0.243965,0.709751,1.243699,-0.295379,-0.902297,1.584067
14.396000,0,0.243717,0.712195,1.242321,-0.294628,-0.894963,1.583924
14.398000,0,0.243495,0.714644,1.240936,-0.293860,-0.887448,1.583416
14.400000,0,0.243297,0.717099,1.239545,-0.293075,-0.879778,1.582530
14.402000,0,0.243128,0.719562,1.238150,-0.292273,-0.871957,1.581286
14.404000,0,0.242985,0.722033,1.236754,-0.291455,-0.864002,1.579687
14.406000,0,0.242870,0.724519,1.235364,-0.290621,-0.855917,1.577754
14.408000,0,0.242781,0.727021,1.233986,-0.289782,-0.847713,1.575461
14.410000,0,0.242718,0.729539,1.232623,-0.288939,-0.839402,1.572823
14.412000,0,0.242684,0.732076,1.231276,-0.288095,-0.830989,1.569855
14.414000,0,0.242678,0.734634,1.229945,-0.287241,-0.822438,1.566515
14.416000,0,0.242701,0.737213,1.228633,-0.286382,-0.813807,1.562863
14.418000,0,0.242749,0.739814,1.227347,-0.285508,-0.805097,1.558853
14.420000,0,0.242823,0.742434,1.226087,-0.284622,-0.796376,1.554537
14.422000,0,0.242921,0.745082,1.224862,-0.283718,-0.787619,1.549881
14.424000,0,0.243046,0.747757,1.223673,-0.282794,-0.778843,1.544896
14.426000,0,0.243194,0.750458,1.222523,-0.281858,-0.770110,1.539643
14.428000,0,0.243368,0.753189,1.221412,-0.280902,-0.761397,1.534085
14.430000,0,0.243570,0.755949,1.220343,-0.279952,-0.752733,1.528204
14.432000,0,0.243799,0.758738,1.219318,-0.279012,-0.744172,1.522062
14.434000,0,0.244055,0.761558,1.218337,-0.278083,-0.735713,1.515674
14.436000,0,0.244055,0.761558,1.218337,-0.278083,-0.735713,1.515674
14.438000,0,0.244339,0.764409,1.217401,-0.277164,-0.727372,1.509056
14.440000,0,0.244649,0.767294,1.216514,-0.276252,-0.719155,1.502215
14.442000,0,0.244985,0.770217,1.215682,-0.275343,-0.711071,1.495156
14.444000,0,0.245738,0.776180,1.214183,-0.273536,-0.695310,1.480434
14.446000,0,0.246154,0.779223,1.213519,-0.272627,-0.687622,1.472727
14.448000,0,0.246597,0.782307,1.212913,-0.271715,-0.680090,1.464834
14.450000,0,0.247063,0.785433,1.212365,-0.270800,-0.672700,1.456756
14.452000,0,0.247553,0.788602,1.211875,-0.269875,-0.665489,1.448494
14.454000,0,0.248066,0.791812,1.211445,-0.268937,-0.658463,1.440053
14.456000,0,0.248602,0.795065,1.211072,-0.267985,-0.651631,1.431437
14.458000,0,0.249160,0.798364,1.210764,-0.267017,-0.645014,1.422650
14.460000,0,0.249748,0.801705,1.210512,-0.266139,-0.638615,1.413595
14.462000,0,0.250366,0.805086,1.210314,-0.265352,-0.632432,1.404287
14.464000,0,0.251011,0.808508,1.210172,-0.264639,-0.626533,1.394716
14.466000,0,0.251681,0.811974,1.210086,-0.263989,-0.620861,1.384943
14.468000,0,0.252374,0.815487,1.210057,-0.263386,-0.615408,1.374997
14.470000,0,0.252374,0.815487,1.210057,-0.263386,-0.615408,1.374997
14.472000,0,0.253826,0.822651,1.210163,-0.262283,-0.605105,1.354658
14.474000,0,0.254581,0.826304,1.210301,-0.261767,-0.600269,1.344294
14.476000,0,0.255353,0.830006,1.210497,-0.261233,-0.595655,1.333822
14.478000,0,0.256138,0.833754,1.210747,-0.260652,-0.591284,1.323245
14.480000,0,0.256938,0.837552,1.211057,-0.260025,-0.587155,1.312577
14.482000,0,0.257774,0.841373,1.211393,-0.259574,-0.583434,1.301380
14.484000,0,0.257774,0.841373,1.211393,-0.259574,-0.583434,1.301380
14.486000,0,0.259533,0.849107,1.212157,-0.259115,-0.577118,1.277838
14.488000,0,0.260445,0.853034,1.212596,-0.259007,-0.574408,1.265723
14.490000,0,0.260445,0.853034,1.212596,-0.259007,-0.574408,1.265723
14.492000,0,0.262281,0.861070,1.213648,-0.258541,-0.569386,1.241816
14.494000,1,0.263259,0.865263,1.214304,-0.258310,-0.568747,1.233735
14.496000,1,0.264239,0.869536,1.214995,-0.258164,-0.569680,1.228889
14.498000,1,0.265229,0.874097,1.216828,-0.257907,-0.571365,1.225547
14.500000,1,0.266238,0.878942,1.219854,-0.257561,-0.573636,1.223403
14.502000,1,0.267261,0.884022,1.223949,-0.257147,-0.576383,1.222237
14.504000,1,0.268296,0.889298,1.229041,-0.256680,-0.579516,1.221870
14.506000,1,0.269355,0.894651,1.235752,-0.256183,-0.582915,1.222105
14.508000,1,0.269355,0.894651,1.235752,-0.256183,-0.582915,1.222105
14.510000,1,0.271599,0.905243,1.252956,-0.255155,-0.590365,1.224007
14.512000,1,0.272770,0.910444,1.263136,-0.254627,-0.594293,1.225440
14.514000,1,0.273961,0.915528,1.274054,-0.254099,-0.598317,1.227103
14.516000,1,0.275165,0.920464,1.285516,-0.253571,-0.602412,1.228941
14.518000,1,0.276365,0.925245,1.297303,-0.253046,-0.606552,1.230903
14.520000,1,0.277561,0.929865,1.309396,-0.252521,-0.610694,1.232911
14.522000,1,0.278743,0.934275,1.321586,-0.252003,-0.614842,1.234950
14.524000,1,0.279917,0.938415,1.333836,-0.251495,-0.618977,1.236979
14.526000,1,0.281072,0.942302,1.346015,-0.250997,-0.623087,1.238975
14.528000,1,0.282208,0.945908,1.358074,-0.250511,-0.627162,1.240912
14.530000,1,0.283325,0.949234,1.370023,-0.250033,-0.631178,1.242747
14.532000,1,0.284423,0.952271,1.381809,-0.249565,-0.635129,1.244467
14.534000,1,0.285480,0.955020,1.393334,-0.249109,-0.639022,1.246082
14.536000,1,0.286497,0.957483,1.404618,-0.248663,-0.642843,1.247563
14.538000,1,0.287472,0.959647,1.415632,-0.248229,-0.646591,1.248906
14.540000,1,0.288405,0.961470,1.426338,-0.247809,-0.650278,1.250120
14.542000,1,0.289299,0.962958,1.436760,-0.247401,-0.653895,1.251192
14.544000,1,0.290157,0.964102,1.446885,-0.247007,-0.657445,1.252123
14.546000,1,0.290982,0.964856,1.456711,-0.246628,-0.660931,1.252909
14.548000,1,0.291770,0.965240,1.466170,-0.246265,-0.664362,1.253570
14.550000,1,0.292520,0.965212,1.475249,-0.245919,-0.667743,1.254104
14.552000,1,0.293234,0.964811,1.483943,-0.245590,-0.671074,1.254522
14.554000,1,0.293913,0.964043,1.492281,-0.245276,-0.674351,1.254814
14.556000,1,0.294560,0.962857,1.500270,-0.244980,-0.677579,1.254981
14.558000,1,0.295173,0.961308,1.507891,-0.244701,-0.680757,1.255030
14.560000,1,0.295743,0.959405,1.515092,-0.244439,-0.683892,1.254976
14.562000,1,0.296268,0.957163,1.521850,-0.244196,-0.686987,1.254826
14.564000,1,0.296751,0.954588,1.528192,-0.243972,-0.690040,1.254574
14.566000,1,0.297194,0.951623,1.534122,-0.243770,-0.693057,1.254221
14.568000,1,0.297594,0.948326,1.539620,-0.243588,-0.696041,1.253782
14.570000,1,0.297954,0.944699,1.544701,-0.243425,-0.698996,1.253262
14.572000,1,0.298276,0.940749,1.549392,-0.243285,-0.701919,1.252658
14.574000,1,0.298560,0.936485,1.553692,-0.243168,-0.704814,1.251977
14.576000,1,0.298806,0.931915,1.557578,-0.243071,-0.707689,1.251233
14.578000,1,0.299012,0.927050,1.561048,-0.242995,-0.710547,1.250432
14.580000,1,0.299183,0.921893,1.564125,-0.242943,-0.713387,1.249573
14.582000,1,0.299318,0.916467,1.566797,-0.242913,-0.716211,1.248659
14.584000,1,0.299425,0.910756,1.569063,-0.242906,-0.719024,1.247698
14.586000,1,0.299506,0.904769,1.570926,-0.242923,-0.721829,1.246696
14.588000,1,0.299563,0.898513,1.572420,-0.242965,-0.724625,1.245652
14.590000,1,0.299596,0.892015,1.573542,-0.243033,-0.727414,1.244568
14.592000,1,0.299601,0.885288,1.574288,-0.243126,-0.730199,1.243454
14.594000,1,0.299577,0.878346,1.574658,-0.243243,-0.732980,1.242314
14.596000,1,0.299523,0.871212,1.574654,-0.243383,-0.735764,1.241157
14.598000,1,0.299441,0.863891,1.574293,-0.243550,-0.738550,1.239984
14.600000,1,0.299328,0.856401,1.573568,-0.243741,-0.741342,1.238800
14.602000,1,0.299182,0.848760,1.572481,-0.243956,-0.744139,1.237608
14.604000,1,0.299002,0.840983,1.571039,-0.244196,-0.746943,1.236412
14.606000,1,0.298792,0.833073,1.569259,-0.244462,-0.749756,1.235211
14.608000,1,0.298558,0.825032,1.567135,-0.244755,-0.752580,1.234011
14.610000,1,0.298299,0.816883,1.564672,-0.245074,-0.755416,1.232816
14.612000,1,0.298014,0.808645,1.561875,-0.245419,-0.758265,1.231627
14.614000,1,0.297701,0.800333,1.558753,-0.245790,-0.761129,1.230448
14.616000,1,0.297362,0.791951,1.555322,-0.246189,-0.764008,1.229280
14.618000,1,0.296991,0.783528,1.551582,-0.246614,-0.766905,1.228128
14.620000,1,0.296590,0.775081,1.547540,-0.247063,-0.769825,1.227005
14.622000,1,0.296156,0.766626,1.543205,-0.247536,-0.772770,1.225912
14.624000,1,0.295690,0.758165,1.538592,-0.248036,-0.775741,1.224849
14.626000,1,0.295193,0.749711,1.533710,-0.248563,-0.778737,1.223817
14.628000,1,0.294659,0.741293,1.528557,-0.249114,-0.781761,1.222820
14.630000,1,0.294087,0.732924,1.523142,-0.249690,-0.784812,1.221860
14.632000,1,0.293492,0.724638,1.517453,-0.250292,-0.787890,1.220937
14.634000,1,0.292874,0.716438,1.511507,-0.250922,-0.790995,1.220052
14.636000,1,0.292232,0.708346,1.505308,-0.251578,-0.794130,1.219207
14.638000,1,0.291564,0.700374,1.498866,-0.252259,-0.797295,1.218406
14.640000,1,0.290869,0.692531,1.492192,-0.252967,-0.800491,1.217649
14.642000,1,0.290148,0.684816,1.485303,-0.253700,-0.803720,1.216936
14.644000,1,0.289399,0.677238,1.478210,-0.254461,-0.806982,1.216269
14.646000,1,0.288621,0.669814,1.470914,-0.255246,-0.810278,1.215649
14.648000,1,0.287812,0.662552,1.463424,-0.256055,-0.813612,1.215083
14.650000,1,0.286975,0.655452,1.455756,-0.256890,-0.816984,1.214569
14.652000,1,0.286106,0.648526,1.447911,-0.257748,-0.820394,1.214109
14.654000,1,0.285207,0.641782,1.439896,-0.258631,-0.823843,1.213701
14.656000,1,0.284273,0.635243,1.431721,-0.259537,-0.827329,1.213348
14.658000,1,0.283379,0.628944,1.423326,-0.260472,-0.830848,1.213044
14.660000,1,0.282526,0.622882,1.414726,-0.261437,-0.834400,1.212789
14.662000,1,0.281706,0.617064,1.405934,-0.262428,-0.837987,1.212584
14.664000,1,0.280912,0.611489,1.396969,-0.263446,-0.841610,1.212427
14.666000,1,0.280133,0.606154,1.387849,-0.264489,-0.845268,1.212319
14.668000,1,0.279371,0.601059,1.378587,-0.265556,-0.848963,1.212260
14.670000,1,0.278611,0.596181,1.369142,-0.266647,-0.852698,1.212254
14.672000,1,0.277842,0.591540,1.359590,-0.267759,-0.856473,1.212301
14.674000,1,0.277053,0.587135,1.349948,-0.268891,-0.860289,1.212400
14.676000,1,0.276238,0.582964,1.340227,-0.270042,-0.864147,1.212553
14.678000,1,0.275397,0.579027,1.330440,-0.271211,-0.868048,1.212760
14.680000,1,0.274500,0.575340,1.320585,-0.272397,-0.871989,1.213019
14.682000,1,0.273914,0.572086,1.310281,-0.273630,-0.875934,1.213294
14.684000,1,0.273529,0.569213,1.299656,-0.274898,-0.879897,1.213595
14.686000,1,0.273215,0.566637,1.288876,-0.276186,-0.883894,1.213936
14.688000,1,0.272970,0.564357,1.277952,-0.277495,-0.887924,1.214315
14.690000,1,0.272700,0.562298,1.267014,-0.278817,-0.891998,1.214739
14.692000,1,0.272242,0.560463,1.256132,-0.280139,-0.896119,1.215214
14.694000,0,0.271905,0.560454,1.249130,-0.281519,-0.900439,1.215811
14.696000,0,0.271629,0.561998,1.245324,-0.282937,-0.904932,1.216521
14.698000,0,0.271367,0.564859,1.244138,-0.284380,-0.909571,1.217333
14.700000,0,0.270964,0.568173,1.243892,-0.285762,-0.914332,1.218919
14.702000,0,0.270445,0.571806,1.244336,-0.287084,-0.919174,1.221217
14.704000,0,0.269832,0.575666,1.245298,-0.288364,-0.924097,1.224259
14.706000,0,0.269138,0.579664,1.246612,-0.289597,-0.929082,1.228031
14.708000,0,0.268381,0.583777,1.248211,-0.290805,-0.934091,1.232467
14.710000,0,0.267588,0.587921,1.249965,-0.291991,-0.938975,1.238527
14.712000,0,0.266770,0.592087,1.251845,-0.293168,-0.943742,1.246098
14.714000,0,0.265924,0.596221,1.253753,-0.294330,-0.948374,1.255094
14.716000,0,0.265057,0.600305,1.255655,-0.295470,-0.952885,1.265287
14.718000,0,0.264176,0.604358,1.257568,-0.296569,-0.957270,1.276287
14.720000,0,0.263287,0.608372,1.259469,-0.297618,-0.961515,1.287890
14.722000,0,0.262387,0.612312,1.261293,-0.298618,-0.965610,1.300056
14.724000,0,0.261477,0.616170,1.263016,-0.299565,-0.969505,1.312691
14.726000,0,0.260566,0.619980,1.264679,-0.300454,-0.973182,1.325500
14.728000,0,0.259656,0.623739,1.266271,-0.301283,-0.976619,1.338361
14.730000,0,0.258744,0.627422,1.267749,-0.302052,-0.979815,1.351272
14.732000,0,0.257835,0.631045,1.269134,-0.302738,-0.982781,1.364066
14.734000,0,0.256931,0.634607,1.270420,-0.303341,-0.985501,1.376681
14.736000,0,0.256028,0.638089,1.271576,-0.303859,-0.987977,1.389126
14.738000,0,0.255130,0.641494,1.272597,-0.304295,-0.990188,1.401363
14.740000,0,0.254238,0.644824,1.273483,-0.304652,-0.992117,1.413364
14.742000,0,0.253353,0.648085,1.274239,-0.304936,-0.993748,1.425100
14.744000,0,0.252480,0.651296,1.274887,-0.305151,-0.995047,1.436501
14.746000,0,0.251617,0.654445,1.275408,-0.305299,-0.996019,1.447593
14.748000,0,0.250766,0.657536,1.275807,-0.305384,-0.996656,1.458332
14.750000,0,0.249929,0.660584,1.276100,-0.305408,-0.996932,1.468686
14.752000,0,0.249106,0.663578,1.276274,-0.305372,-0.996851,1.478682
14.754000,0,0.248299,0.666523,1.276332,-0.305280,-0.996408,1.488286
14.756000,0,0.247508,0.669430,1.276292,-0.305132,-0.995586,1.497473
14.758000,0,0.246734,0.672299,1.276155,-0.304922,-0.994395,1.506215
14.760000,0,0.245977,0.675126,1.275913,-0.304654,-0.992837,1.514543
14.762000,0,0.245238,0.677911,1.275569,-0.304327,-0.990910,1.522476
14.764000,0,0.244517,0.680658,1.275126,-0.303945,-0.988615,1.530011
14.766000,0,0.243815,0.683377,1.274601,-0.303507,-0.985951,1.537107
14.768000,0,0.243133,0.686069,1.273998,-0.303016,-0.982923,1.543756
14.770000,0,0.242472,0.688731,1.273312,-0.302474,-0.979537,1.549987
14.772000,0,0.241833,0.691373,1.272549,-0.301878,-0.975740,1.555798
14.774000,0,0.241215,0.693992,1.271716,-0.301238,-0.971600,1.561187
14.776000,0,0.240618,0.696594,1.270826,-0.300554,-0.967135,1.566117
14.778000,0,0.240043,0.699180,1.269882,-0.299827,-0.962356,1.570584
14.780000,0,0.239492,0.701749,1.268882,-0.299063,-0.957271,1.574618
14.782000,0,0.238965,0.704304,1.267829,-0.298262,-0.951887,1.578221
14.784000,0,0.238464,0.706848,1.266726,-0.297432,-0.946203,1.581398
14.786000,0,0.237987,0.709384,1.265583,-0.296576,-0.940236,1.584128
14.788000,0,0.237537,0.711911,1.264399,-0.295695,-0.933991,1.586435
14.792000,0,0.237113,0.714435,1.263185,-0.294792,-0.927484,1.588321
14.794000,0,0.237113,0.714435,1.263185,-0.294792,-0.927484,1.588321
14.794000,0,0.236716,0.716960,1.261948,-0.293872,-0.920732,1.589813
14.796000,0,0.236004,0.722015,1.259413,-0.291980,-0.906546,1.591641
14.798000,0,0.235691,0.724551,1.258122,-0.290999,-0.899087,1.591952
14.800000,0,0.235402,0.727092,1.256823,-0.289997,-0.891462,1.591856
14.802000,0,0.235139,0.729638,1.255521,-0.288974,-0.883699,1.591359
14.804000,0,0.234903,0.732191,1.254215,-0.287933,-0.875800,1.590484
14.806000,0,0.234694,0.734753,1.252909,-0.286873,-0.867782,1.589238
14.808000,0,0.234513,0.737328,1.251607,-0.285813,-0.859625,1.587624
14.810000,0,0.234360,0.739920,1.250318,-0.284753,-0.851349,1.585645
14.812000,0,0.234236,0.742530,1.249041,-0.283696,-0.842959,1.583321
14.814000,0,0.234138,0.745158,1.247782,-0.282637,-0.834483,1.580650
14.816000,0,0.234067,0.747806,1.246544,-0.281575,-0.825941,1.577638
14.818000,0,0.234022,0.750474,1.245329,-0.280509,-0.817346,1.574293
14.820000,0,0.234003,0.753165,1.244141,-0.279437,-0.808717,1.570626
14.822000,0,0.234012,0.755880,1.242979,-0.278360,-0.800054,1.566652
14.824000,0,0.234046,0.758618,1.241847,-0.277276,-0.791399,1.562365
14.826000,0,0.234106,0.761384,1.240754,-0.276181,-0.782770,1.557773
14.828000,0,0.234192,0.764182,1.239702,-0.275080,-0.774150,1.552901
14.830000,0,0.234305,0.767011,1.238690,-0.273972,-0.765541,1.547762
14.832000,0,0.234445,0.769873,1.237720,-0.272856,-0.756969,1.542363
14.834000,0,0.234614,0.772766,1.236795,-0.271761,-0.748495,1.536657
14.836000,0,0.234810,0.775690,1.235916,-0.270687,-0.740136,1.530649
14.838000,0,0.235035,0.778648,1.235084,-0.269636,-0.731893,1.524358
14.840000,0,0.235288,0.781640,1.234300,-0.268604,-0.723775,1.517797
14.842000,0,0.235567,0.784673,1.233572,-0.267587,-0.715800,1.510979
14.844000,0,0.235873,0.787745,1.232899,-0.266584,-0.707968,1.503919
14.846000,0,0.236205,0.790859,1.232283,-0.265597,-0.700265,1.496637
14.848000,0,0.236562,0.794016,1.231723,-0.264622,-0.692703,1.489139
14.850000,0,0.236944,0.797216,1.231222,-0.263655,-0.685289,1.481433
14.852000,0,0.237351,0.800461,1.230778,-0.262690,-0.678012,1.473472
14.854000,0,0.237784,0.803750,1.230393,-0.261728,-0.670872,1.465273
14.856000,0,0.238243,0.807084,1.230066,-0.260768,-0.663879,1.456846
14.858000,0,0.238733,0.810456,1.229789,-0.259918,-0.657063,1.448172
14.860000,0,0.239254,0.813871,1.229565,-0.259177,-0.650435,1.439264
14.862000,0,0.239803,0.817328,1.229396,-0.258526,-0.643991,1.430082
14.864000,0,0.240380,0.820829,1.229281,-0.257966,-0.637731,1.420642
14.866000,0,0.240983,0.824372,1.229221,-0.257482,-0.631684,1.411018
14.868000,0,0.241606,0.827959,1.229214,-0.257044,-0.625845,1.401242
14.870000,0,0.242248,0.831588,1.229257,-0.256615,-0.620279,1.391292
14.872000,0,0.242907,0.835258,1.229352,-0.256171,-0.615002,1.381125
14.874000,0,0.243586,0.838971,1.229498,-0.255712,-0.610012,1.370762
14.876000,0,0.244282,0.842727,1.229695,-0.255241,-0.605287,1.360275
14.878000,0,0.244996,0.846528,1.229940,-0.254752,-0.600818,1.349690
14.880000,0,0.245723,0.850377,1.230238,-0.254212,-0.596597,1.339030
14.882000,0,0.246464,0.854273,1.230587,-0.253624,-0.592621,1.328308
14.884000,0,0.247261,0.858183,1.230944,-0.253460,-0.588984,1.317047
14.886000,0,0.248095,0.862122,1.231323,-0.253579,-0.585647,1.305406
14.888000,0,0.248942,0.866110,1.231749,-0.253733,-0.582532,1.293677
14.890000,0,0.249802,0.870146,1.232223,-0.253922,-0.579639,1.281870
14.892000,0,0.250668,0.874251,1.232767,-0.254081,-0.576800,1.270220
14.894000,1,0.251534,0.878413,1.233371,-0.254112,-0.574102,1.258671
14.896000,1,0.252453,0.882736,1.234088,-0.254216,-0.573295,1.250977
14.898000,1,0.253407,0.887193,1.234904,-0.254329,-0.574089,1.246427
14.900000,1,0.254406,0.891447,1.235352,-0.254395,-0.576043,1.243431
14.902000,1,0.255438,0.895953,1.236856,-0.254324,-0.578574,1.241563
14.904000,1,0.256500,0.900712,1.239468,-0.254140,-0.581560,1.240609
14.906000,1,0.257583,0.905699,1.243168,-0.253864,-0.584886,1.240361
14.908000,1,0.258687,0.910886,1.247922,-0.253514,-0.588474,1.240674
14.910000,1,0.259864,0.916080,1.254317,-0.253127,-0.592276,1.241458
14.912000,1,0.261108,0.921217,1.262186,-0.252713,-0.596238,1.242602
14.914000,1,0.262413,0.926279,1.271444,-0.252273,-0.600291,1.243983
14.916000,1,0.263766,0.931267,1.281834,-0.251813,-0.604402,1.245537
14.918000,1,0.265136,0.936129,1.292938,-0.251345,-0.608567,1.247245
14.920000,1,0.266521,0.940856,1.304711,-0.250866,-0.612741,1.249022
14.922000,1,0.267909,0.945415,1.316948,-0.250382,-0.616908,1.250830
14.924000,1,0.269287,0.949750,1.329364,-0.249902,-0.621075,1.252667
14.926000,1,0.270653,0.953856,1.341951,-0.249423,-0.625210,1.254473
14.928000,1,0.272001,0.957680,1.354511,-0.248953,-0.629320,1.256249
14.930000,1,0.273332,0.961196,1.366965,-0.248493,-0.633402,1.257978
14.932000,1,0.274645,0.964405,1.379324,-0.248040,-0.637431,1.259619
14.934000,1,0.275917,0.967343,1.391501,-0.247592,-0.641397,1.261160
14.936000,1,0.277141,0.969985,1.403394,-0.247156,-0.645311,1.262609
14.938000,1,0.278319,0.972334,1.415021,-0.246729,-0.649157,1.263939
14.940000,1,0.279452,0.974344,1.426338,-0.246316,-0.652946,1.265157
14.942000,1,0.280542,0.975999,1.437327,-0.245917,-0.656678,1.266257
14.944000,1,0.281591,0.977295,1.447978,-0.245534,-0.660352,1.267234
14.946000,1,0.282602,0.978232,1.458262,-0.245167,-0.663967,1.268086
14.948000,1,0.283576,0.978798,1.468184,-0.244816,-0.667526,1.268818
14.950000,1,0.284515,0.978986,1.477739,-0.244481,-0.671029,1.269428
14.952000,1,0.285422,0.978801,1.486955,-0.244162,-0.674471,1.269904
14.954000,1,0.286296,0.978231,1.495786,-0.243860,-0.677862,1.270263
14.956000,1,0.287137,0.977274,1.504219,-0.243576,-0.681203,1.270506
14.958000,1,0.287947,0.975935,1.512283,-0.243311,-0.684490,1.270626
14.960000,1,0.288724,0.974152,1.519949,-0.243065,-0.687734,1.270633
14.962000,1,0.289466,0.971933,1.527185,-0.242839,-0.690942,1.270537
14.964000,1,0.290171,0.969349,1.533981,-0.242631,-0.694108,1.270344
14.966000,1,0.290842,0.966405,1.540365,-0.242443,-0.697231,1.270050
14.968000,1,0.291476,0.963106,1.546323,-0.242275,-0.700319,1.269667
14.970000,1,0.292074,0.959456,1.551854,-0.242127,-0.703373,1.269200
14.972000,1,0.292636,0.955463,1.556956,-0.241999,-0.706396,1.268652
14.974000,1,0.293163,0.951134,1.561631,-0.241893,-0.709391,1.268028
14.976000,1,0.293654,0.946478,1.565878,-0.241809,-0.712360,1.267332
14.978000,1,0.294111,0.941503,1.569697,-0.241746,-0.715304,1.266569
14.980000,1,0.294535,0.936216,1.573115,-0.241707,-0.718224,1.265736
14.982000,1,0.294928,0.930627,1.576129,-0.241692,-0.721123,1.264840
14.984000,1,0.295293,0.924741,1.578717,-0.241699,-0.724008,1.263895
14.986000,1,0.295631,0.918571,1.580878,-0.241730,-0.726881,1.262906
14.988000,1,0.295939,0.912145,1.582611,-0.241785,-0.729742,1.261875
14.990000,1,0.296223,0.905470,1.583952,-0.241866,-0.732593,1.260802
14.992000,1,0.296483,0.898480,1.584894,-0.241975,-0.735441,1.259690
14.994000,1,0.296719,0.891256,1.585465,-0.242111,-0.738281,1.258544
14.996000,1,0.296930,0.883804,1.585668,-0.242274,-0.741117,1.257368
14.998000,1,0.297110,0.876168,1.585482,-0.242461,-0.743949,1.256169
15.000000,1,0.297255,0.868365,1.584907,-0.242672,-0.746778,1.254952
15.002000,1,0.297371,0.860401,1.583966,-0.242909,-0.749611,1.253723
15.004000,1,0.297455,0.852298,1.582656,-0.243171,-0.752447,1.252484
15.006000,1,0.297509,0.844056,1.580994,-0.243460,-0.755289,1.251240
15.008000,1,0.297541,0.835679,1.578971,-0.243773,-0.758142,1.249996
15.010000,1,0.297551,0.827172,1.576605,-0.244114,-0.761004,1.248752
15.012000,1,0.297540,0.818549,1.573899,-0.244483,-0.763879,1.247511
15.014000,1,0.297505,0.809828,1.570860,-0.244879,-0.766766,1.246275
15.016000,1,0.297442,0.801030,1.567485,-0.245299,-0.769668,1.245051
15.018000,1,0.297344,0.792183,1.563779,-0.245744,-0.772584,1.243840
15.020000,1,0.297216,0.783291,1.559760,-0.246216,-0.775516,1.242644
15.022000,1,0.297046,0.774399,1.555424,-0.246712,-0.778463,1.241467
15.024000,1,0.296841,0.765495,1.550789,-0.247232,-0.781432,1.240314
15.026000,1,0.296603,0.756582,1.545870,-0.247778,-0.784427,1.239193
15.028000,1,0.296328,0.747683,1.540670,-0.248347,-0.787449,1.238107
15.030000,1,0.296015,0.738813,1.535198,-0.248941,-0.790499,1.237058
15.030000,1,0.296015,0.738813,1.535198,-0.248941,-0.790499,1.237058
15.034000,1,0.295278,0.721243,1.523462,-0.250203,-0.796680,1.235069
15.036000,1,0.294855,0.712586,1.517143,-0.250873,-0.799813,1.234133
15.038000,1,0.294395,0.704064,1.510568,-0.251568,-0.802972,1.233238
15.040000,1,0.293890,0.695712,1.503752,-0.252286,-0.806158,1.232385
15.042000,1,0.293340,0.687538,1.496709,-0.253028,-0.809373,1.231576
15.044000,1,0.292745,0.679547,1.489452,-0.253793,-0.812619,1.230813
15.046000,1,0.292106,0.671740,1.481997,-0.254583,-0.815897,1.230096
15.048000,1,0.291427,0.664118,1.474355,-0.255398,-0.819209,1.229428
15.050000,1,0.290710,0.656683,1.466534,-0.256237,-0.822556,1.228808
15.052000,1,0.289943,0.649468,1.458537,-0.257100,-0.825937,1.228239
15.054000,1,0.289130,0.642474,1.450384,-0.257985,-0.829357,1.227725
15.056000,1,0.288286,0.635653,1.442082,-0.258895,-0.832816,1.227265
15.058000,1,0.287471,0.629092,1.433558,-0.259834,-0.836309,1.226854
15.060000,1,0.286686,0.622799,1.424819,-0.260801,-0.839834,1.226493
15.062000,1,0.285926,0.616773,1.415885,-0.261794,-0.843394,1.226183
15.064000,1,0.285181,0.611009,1.406777,-0.262812,-0.846991,1.225922
15.066000,1,0.284445,0.605503,1.397513,-0.263854,-0.850624,1.225712
15.068000,1,0.283708,0.600250,1.388112,-0.264920,-0.854295,1.225551
15.070000,1,0.282965,0.595244,1.378586,-0.266007,-0.858003,1.225439
15.072000,1,0.282208,0.590482,1.368949,-0.267116,-0.861749,1.225376
15.074000,1,0.281431,0.585960,1.359214,-0.268246,-0.865533,1.225360
15.076000,1,0.280627,0.581671,1.349393,-0.269395,-0.869358,1.225397
15.078000,1,0.279790,0.577612,1.339495,-0.270562,-0.873223,1.225483
15.080000,1,0.278923,0.573783,1.329531,-0.271747,-0.877128,1.225619
15.082000,1,0.278366,0.570351,1.319153,-0.272979,-0.881041,1.225774
15.084000,1,0.278001,0.567277,1.308475,-0.274243,-0.884976,1.225960
15.086000,1,0.277697,0.564493,1.297646,-0.275527,-0.888947,1.226187
15.088000,1,0.277455,0.561996,1.286679,-0.276829,-0.892952,1.226454
15.090000,1,0.277180,0.559723,1.275690,-0.278143,-0.897000,1.226768
15.092000,1,0.276709,0.557688,1.264738,-0.279455,-0.901095,1.227133
15.094000,0,0.276304,0.557317,1.257365,-0.280827,-0.905358,1.227602
15.096000,0,0.275960,0.558547,1.253213,-0.282244,-0.909786,1.228175
15.098000,0,0.275621,0.561134,1.251699,-0.283691,-0.914351,1.228837
15.100000,0,0.275442,0.563926,1.250785,-0.284956,-0.918026,1.228743
15.102000,0,0.275131,0.566987,1.250483,-0.286175,-0.921767,1.229270
15.104000,0,0.274701,0.570264,1.250681,-0.287371,-0.925716,1.230787
15.106000,0,0.274174,0.573701,1.251264,-0.288550,-0.929873,1.233306
15.108000,0,0.273568,0.577253,1.252135,-0.289730,-0.934195,1.236749
15.110000,0,0.272894,0.580857,1.253172,-0.290907,-0.938657,1.241128
15.112000,0,0.272178,0.584470,1.254307,-0.292088,-0.943122,1.247183
15.114000,0,0.271432,0.588097,1.255529,-0.293275,-0.947559,1.254724
15.116000,0,0.270660,0.591719,1.256797,-0.294454,-0.951943,1.263516
15.118000,0,0.269868,0.595322,1.258079,-0.295613,-0.956259,1.273326
15.120000,0,0.269054,0.598867,1.259305,-0.296750,-0.960493,1.284094
15.122000,0,0.268222,0.602350,1.260464,-0.297859,-0.964637,1.295603
15.124000,0,0.267381,0.605800,1.261586,-0.298925,-0.968640,1.307534
15.126000,0,0.266536,0.609215,1.262658,-0.299942,-0.972469,1.319735
15.128000,0,0.265687,0.612593,1.263671,-0.300908,-0.976090,1.332096
15.130000,0,0.264830,0.615909,1.264580,-0.301822,-0.979499,1.344609
15.132000,0,0.263969,0.619164,1.265379,-0.302684,-0.982665,1.357184
15.134000,0,0.263103,0.622351,1.266063,-0.303470,-0.985610,1.369738
15.136000,0,0.262238,0.625496,1.266661,-0.304172,-0.988293,1.382125
15.138000,0,0.261376,0.628598,1.267166,-0.304792,-0.990694,1.394295
15.140000,0,0.260520,0.631657,1.267577,-0.305332,-0.992798,1.406193
15.142000,0,0.259668,0.634659,1.267869,-0.305793,-0.994606,1.417837
15.144000,0,0.258821,0.637605,1.268042,-0.306178,-0.996102,1.429201
15.146000,0,0.257983,0.640515,1.268120,-0.306490,-0.997257,1.440228
15.148000,0,0.257155,0.643389,1.268104,-0.306734,-0.998057,1.450926
15.150000,0,0.256337,0.646229,1.267992,-0.306912,-0.998492,1.461281
15.152000,0,0.255528,0.649024,1.267769,-0.307025,-0.998565,1.471318
15.154000,0,0.254730,0.651777,1.267439,-0.307076,-0.998270,1.480999
15.156000,0,0.253946,0.654499,1.267019,-0.307065,-0.997588,1.490291
15.158000,0,0.253175,0.657193,1.266512,-0.306984,-0.996523,1.499184
15.160000,0,0.252418,0.659851,1.265906,-0.306836,-0.995078,1.507708
15.162000,0,0.251675,0.662475,1.265208,-0.306622,-0.993258,1.515827
15.164000,0,0.250950,0.665076,1.264433,-0.306345,-0.991058,1.523494
15.166000,0,0.250242,0.667655,1.263585,-0.306006,-0.988483,1.530705
15.168000,0,0.249552,0.670209,1.262657,-0.305609,-0.985536,1.537489
15.170000,0,0.248882,0.672743,1.261658,-0.305158,-0.982224,1.543847
15.172000,0,0.248229,0.675263,1.260602,-0.304655,-0.978550,1.549770
15.174000,0,0.247597,0.677767,1.259483,-0.304103,-0.974520,1.555285
15.176000,0,0.246986,0.680260,1.258312,-0.303503,-0.970146,1.560357
15.178000,0,0.246395,0.682742,1.257092,-0.302858,-0.965438,1.564960
15.180000,0,0.245828,0.685213,1.255820,-0.302170,-0.960403,1.569124
15.182000,0,0.245284,0.687675,1.254500,-0.301443,-0.955050,1.572867
15.184000,0,0.244763,0.690130,1.253140,-0.300683,-0.949385,1.576151
15.186000,0,0.244268,0.692579,1.251739,-0.299893,-0.943413,1.579002
15.188000,0,0.243799,0.695023,1.250300,-0.299075,-0.937148,1.581419
15.190000,0,0.243354,0.697468,1.248837,-0.298231,-0.930610,1.583391
15.192000,0,0.242934,0.699915,1.247352,-0.297362,-0.923817,1.584944
15.194000,0,0.242540,0.702365,1.245851,-0.296474,-0.916774,1.586100
15.196000,0,0.242172,0.704820,1.244338,-0.295564,-0.909509,1.586850
15.198000,0,0.241828,0.707280,1.242817,-0.294634,-0.902046,1.587194
15.200000,0,0.241510,0.709747,1.241291,-0.293683,-0.894402,1.587137
15.202000,0,0.241220,0.712222,1.239760,-0.292713,-0.886582,1.586701
15.204000,0,0.240958,0.714706,1.238227,-0.291725,-0.878603,1.585892
15.206000,0,0.240721,0.717200,1.236697,-0.290717,-0.870495,1.584705
15.208000,0,0.240513,0.719711,1.235179,-0.289703,-0.862238,1.583146
15.210000,0,0.240331,0.722239,1.233674,-0.288686,-0.853844,1.581225
15.212000,0,0.240177,0.724787,1.232186,-0.287666,-0.845319,1.578963
15.214000,0,0.240053,0.727355,1.230715,-0.286644,-0.836666,1.576377
15.216000,0,0.239958,0.729943,1.229263,-0.285618,-0.827916,1.573459
15.218000,0,0.239889,0.732553,1.227836,-0.284585,-0.819091,1.570211
15.220000,0,0.239846,0.735186,1.226438,-0.283543,-0.810211,1.566640
15.222000,0,0.239846,0.735186,1.226438,-0.283543,-0.810211,1.566640
15.224000,0,0.239840,0.740528,1.223741,-0.281420,-0.792319,1.558502
15.226000,0,0.239880,0.743245,1.222450,-0.280334,-0.783294,1.553908
15.228000,0,0.239946,0.745989,1.221200,-0.279238,-0.774286,1.549027
15.230000,0,0.240038,0.748763,1.219993,-0.278129,-0.765330,1.543868
15.232000,0,0.240155,0.751567,1.218833,-0.277010,-0.756425,1.538448
15.234000,0,0.240300,0.754405,1.217719,-0.275880,-0.747573,1.532782
15.236000,0,0.240475,0.757275,1.216655,-0.274761,-0.738818,1.526843
15.238000,0,0.240678,0.760179,1.215643,-0.273655,-0.730189,1.520622
15.240000,0,0.240908,0.763122,1.214690,-0.272559,-0.721698,1.514129
15.242000,0,0.241165,0.766105,1.213797,-0.271472,-0.713354,1.507378
15.244000,0,0.241448,0.769129,1.212966,-0.270392,-0.705162,1.500381
15.246000,0,0.241760,0.772195,1.212196,-0.269318,-0.697123,1.493154
15.248000,0,0.242099,0.775305,1.211488,-0.268250,-0.689243,1.485709
15.250000,0,0.242463,0.778459,1.210844,-0.267182,-0.681535,1.478048
15.252000,0,0.242854,0.781657,1.210263,-0.266114,-0.674004,1.470179
15.254000,0,0.243270,0.784901,1.209746,-0.265044,-0.666657,1.462111
15.256000,0,0.243711,0.788191,1.209293,-0.263974,-0.659491,1.453858
15.258000,0,0.244178,0.791529,1.208908,-0.262903,-0.652512,1.445430
15.260000,0,0.244677,0.794913,1.208585,-0.261921,-0.645731,1.436746
15.262000,0,0.245206,0.798342,1.208325,-0.261029,-0.639154,1.427814
15.264000,0,0.245764,0.801817,1.208126,-0.260213,-0.632800,1.418653
15.266000,0,0.246350,0.805338,1.207988,-0.259472,-0.626668,1.409276
15.268000,0,0.246961,0.808905,1.207913,-0.258780,-0.620763,1.399711
15.270000,0,0.247595,0.812519,1.207898,-0.258123,-0.615085,1.389975
15.272000,0,0.248252,0.816182,1.207943,-0.257493,-0.609618,1.380085
15.274000,0,0.248930,0.819891,1.208047,-0.256889,-0.604359,1.370052
15.276000,0,0.249630,0.823648,1.208211,-0.256298,-0.599326,1.359891
15.278000,0,0.250348,0.827454,1.208434,-0.255694,-0.594525,1.349598
15.280000,0,0.251083,0.831308,1.208716,-0.255067,-0.589953,1.339183
15.282000,0,0.251872,0.835182,1.209020,-0.254849,-0.585750,1.328181
15.284000,0,0.252698,0.839088,1.209358,-0.254904,-0.581889,1.316740
15.286000,0,0.253560,0.843027,1.209732,-0.255230,-0.578367,1.304876
15.288000,0,0.254441,0.847013,1.210154,-0.255666,-0.575129,1.292791
15.290000,0,0.255322,0.851063,1.210644,-0.255988,-0.572087,1.280769
15.292000,0,0.256200,0.855179,1.211202,-0.256135,-0.569176,1.268903
15.294000,0,0.257077,0.859366,1.211834,-0.256123,-0.566262,1.257335
15.296000,1,0.257956,0.863620,1.212536,-0.255953,-0.563345,1.246057
15.298000,1,0.258881,0.868027,1.213351,-0.255834,-0.562343,1.238425
15.300000,1,0.259856,0.872231,1.213771,-0.255692,-0.562766,1.232770
15.302000,1,0.260845,0.876680,1.215169,-0.255443,-0.564011,1.228629
15.304000,1,0.261851,0.881418,1.217722,-0.255106,-0.565914,1.225745
15.306000,1,0.262865,0.886416,1.221405,-0.254700,-0.568330,1.223864
15.308000,1,0.263921,0.891593,1.226035,-0.254243,-0.571188,1.222836
15.310000,1,0.265043,0.896787,1.232309,-0.253764,-0.574387,1.222498
15.312000,1,0.266228,0.901956,1.240069,-0.253270,-0.577850,1.222712
15.314000,1,0.267459,0.907079,1.249057,-0.252765,-0.581519,1.223368
15.316000,1,0.268731,0.912141,1.259196,-0.252249,-0.585319,1.224333
15.318000,1,0.270030,0.917119,1.270245,-0.251724,-0.589213,1.225534
15.320000,1,0.271344,0.921968,1.281997,-0.251195,-0.593170,1.226905
15.322000,1,0.272652,0.926632,1.294097,-0.250671,-0.597189,1.228428
15.324000,1,0.273948,0.931079,1.306389,-0.250154,-0.601247,1.230057
15.326000,1,0.275232,0.935306,1.318863,-0.249639,-0.605310,1.231726
15.328000,1,0.276503,0.939288,1.331419,-0.249128,-0.609360,1.233399
15.330000,1,0.277756,0.942976,1.343895,-0.248629,-0.613403,1.235072
15.332000,1,0.278965,0.946392,1.356211,-0.248138,-0.617424,1.236718
15.334000,1,0.280126,0.949526,1.368322,-0.247657,-0.621411,1.238315
15.336000,1,0.281242,0.952377,1.380243,-0.247184,-0.625343,1.239823
15.338000,1,0.282313,0.954916,1.391901,-0.246723,-0.629228,1.241248
15.340000,1,0.283341,0.957128,1.403269,-0.246275,-0.633063,1.242577
15.342000,1,0.284328,0.959001,1.414332,-0.245841,-0.636843,1.243800
15.344000,1,0.285277,0.960541,1.425110,-0.245419,-0.640558,1.244902
15.346000,1,0.286188,0.961738,1.435536,-0.245012,-0.644219,1.245893
15.348000,1,0.287065,0.962596,1.445637,-0.244618,-0.647815,1.246756
15.350000,1,0.287905,0.963086,1.455380,-0.244240,-0.651357,1.247503
15.352000,1,0.288712,0.963213,1.464793,-0.243878,-0.654838,1.248121
15.354000,1,0.289487,0.962977,1.473846,-0.243532,-0.658259,1.248614
15.356000,1,0.290227,0.962360,1.482508,-0.243204,-0.661632,1.248995
15.358000,1,0.290929,0.961373,1.490753,-0.242893,-0.664958,1.249267
15.360000,1,0.291596,0.960022,1.498609,-0.242599,-0.668234,1.249428
15.362000,1,0.292232,0.958254,1.506083,-0.242325,-0.671465,1.249476
15.364000,1,0.292834,0.956115,1.513179,-0.242069,-0.674652,1.249419
15.366000,1,0.293400,0.953611,1.519857,-0.241832,-0.677802,1.249271
15.368000,1,0.293932,0.950748,1.526144,-0.241614,-0.680911,1.249026
15.370000,1,0.294431,0.947471,1.532030,-0.241419,-0.683988,1.248686
15.372000,1,0.294897,0.943845,1.537513,-0.241244,-0.687029,1.248260
15.374000,1,0.295324,0.939881,1.542555,-0.241089,-0.690041,1.247759
15.376000,1,0.295716,0.935585,1.547183,-0.240956,-0.693023,1.247181
15.378000,1,0.296072,0.930970,1.551391,-0.240846,-0.695978,1.246530
15.380000,1,0.296389,0.926060,1.555140,-0.240758,-0.698909,1.245817
15.382000,1,0.296675,0.920836,1.558451,-0.240691,-0.701824,1.245052
15.384000,1,0.296933,0.915304,1.561349,-0.240648,-0.704724,1.244233
15.386000,1,0.297162,0.909477,1.563822,-0.240627,-0.707610,1.243366
15.388000,1,0.297361,0.903368,1.565874,-0.240628,-0.710484,1.242457
15.390000,1,0.297532,0.896994,1.567518,-0.240652,-0.713349,1.241508
15.392000,1,0.297676,0.890359,1.568789,-0.240703,-0.716204,1.240518
15.394000,1,0.297796,0.883479,1.569689,-0.240779,-0.719051,1.239493
15.396000,1,0.297883,0.876392,1.570190,-0.240879,-0.721891,1.238438
15.398000,1,0.297939,0.869107,1.570295,-0.241003,-0.724727,1.237360
15.400000,1,0.297960,0.861575,1.569978,-0.241152,-0.727566,1.236259
15.402000,1,0.297950,0.853802,1.569261,-0.241329,-0.730410,1.235143
15.404000,1,0.297908,0.845883,1.568176,-0.241529,-0.733255,1.234017
15.406000,1,0.297831,0.837841,1.566730,-0.241751,-0.736104,1.232884
15.408000,1,0.297726,0.829619,1.564890,-0.242000,-0.738962,1.231748
15.410000,1,0.297596,0.821288,1.562704,-0.242273,-0.741827,1.230611
15.412000,1,0.297438,0.812870,1.560182,-0.242571,-0.744700,1.229476
15.414000,1,0.297252,0.804379,1.557332,-0.242893,-0.747582,1.228347
15.416000,1,0.297033,0.795774,1.554119,-0.243242,-0.750480,1.227226
15.418000,1,0.296784,0.787057,1.550559,-0.243620,-0.753395,1.226115
15.420000,1,0.296502,0.778315,1.546701,-0.244022,-0.756323,1.225019
15.422000,1,0.296187,0.769569,1.542553,-0.244447,-0.759266,1.223942
15.424000,1,0.295839,0.760821,1.538132,-0.244899,-0.762227,1.222885
15.426000,1,0.295459,0.752083,1.533444,-0.245376,-0.765212,1.221859
15.428000,1,0.295045,0.743361,1.528489,-0.245877,-0.768224,1.220868
15.430000,1,0.294593,0.734683,1.523267,-0.246402,-0.771262,1.219912
15.432000,1,0.294104,0.726050,1.517796,-0.246952,-0.774327,1.218993
15.434000,1,0.293587,0.717493,1.512063,-0.247528,-0.777418,1.218111
15.436000,1,0.293047,0.709007,1.506079,-0.248131,-0.780538,1.217268
15.438000,1,0.293047,0.709007,1.506079,-0.248131,-0.780538,1.217268
15.440000,1,0.292480,0.700612,1.499840,-0.248759,-0.783688,1.216467
15.444000,1,0.291888,0.692311,1.493363,-0.249414,-0.786868,1.215707
15.444000,1,0.291272,0.684103,1.486664,-0.250096,-0.790079,1.214989
15.446000,1,0.290625,0.676018,1.479748,-0.250804,-0.793321,1.214316
15.448000,1,0.289951,0.668055,1.472631,-0.251539,-0.796595,1.213687
15.450000,1,0.288511,0.652517,1.457814,-0.253088,-0.803241,1.212567
15.452000,1,0.287732,0.644993,1.450116,-0.253899,-0.806613,1.212078
15.454000,1,0.286907,0.637622,1.442173,-0.254733,-0.810019,1.211636
15.456000,1,0.286050,0.630423,1.434039,-0.255590,-0.813463,1.211249
15.458000,1,0.285161,0.623397,1.425731,-0.256469,-0.816947,1.210916
15.460000,1,0.284277,0.616648,1.417183,-0.257375,-0.820460,1.210633
15.462000,1,0.283400,0.610187,1.408405,-0.258305,-0.824005,1.210401
15.464000,1,0.282530,0.604010,1.399415,-0.259260,-0.827582,1.210219
15.466000,1,0.281659,0.598109,1.390240,-0.260239,-0.831193,1.210085
15.468000,1,0.281659,0.598109,1.390240,-0.260239,-0.831193,1.210085
15.470000,1,0.279955,0.586954,1.371458,-0.262271,-0.838532,1.209967
15.472000,1,0.279112,0.581687,1.361828,-0.263323,-0.842261,1.209982
15.474000,1,0.278266,0.576630,1.352089,-0.264396,-0.846028,1.210045
15.476000,1,0.277417,0.571783,1.342253,-0.265489,-0.849835,1.210161
15.478000,1,0.276556,0.567154,1.332338,-0.266602,-0.853684,1.210328
15.480000,1,0.275675,0.562744,1.322349,-0.267733,-0.857573,1.210547
15.482000,1,0.275024,0.558701,1.311948,-0.268904,-0.861473,1.210790
15.484000,1,0.274603,0.555022,1.301154,-0.270113,-0.865389,1.211060
15.486000,1,0.274603,0.555022,1.301154,-0.270113,-0.865389,1.211060
15.488000,1,0.274070,0.548621,1.278992,-0.272599,-0.873309,1.211710
15.490000,1,0.273803,0.545964,1.267697,-0.273862,-0.877319,1.212099
15.492000,1,0.273419,0.543441,1.256506,-0.275129,-0.881384,1.212543
15.494000,1,0.272889,0.541021,1.245478,-0.276399,-0.885507,1.213041
15.496000,0,0.272210,0.538668,1.234618,-0.277672,-0.889684,1.213590
15.498000,0,0.271682,0.538266,1.227669,-0.278995,-0.894059,1.214258
15.500000,0,0.271376,0.538654,1.222315,-0.280144,-0.897665,1.214231
15.502000,0,0.270978,0.539781,1.218445,-0.281260,-0.901421,1.214944
15.504000,0,0.270495,0.541521,1.215821,-0.282367,-0.905441,1.216716
15.506000,0,0.269942,0.543754,1.214215,-0.283471,-0.909702,1.219529
15.508000,0,0.269336,0.546385,1.213437,-0.284586,-0.914161,1.223305
15.510000,0,0.268683,0.549303,1.213282,-0.285705,-0.918787,1.228052
15.512000,0,0.268004,0.552426,1.213605,-0.286846,-0.923455,1.234488
15.514000,0,0.267309,0.555728,1.214340,-0.287999,-0.928115,1.242323
15.516000,0,0.266602,0.559164,1.215395,-0.289153,-0.932747,1.251303
15.518000,0,0.266602,0.559164,1.215395,-0.289153,-0.932747,1.251303
15.520000,0,0.265152,0.566265,1.218123,-0.291425,-0.941845,1.271955
15.522000,0,0.264409,0.569847,1.219636,-0.292531,-0.946269,1.283371
15.524000,0,0.264409,0.569847,1.219636,-0.292531,-0.946269,1.283371
15.526000,0,0.262909,0.577076,1.222874,-0.294631,-0.954636,1.307180
15.528000,0,0.262152,0.580669,1.224493,-0.295620,-0.958549,1.319402
15.530000,0,0.261394,0.584243,1.226091,-0.296562,-0.962227,1.331658
15.532000,0,0.260638,0.587790,1.227641,-0.297454,-0.965639,1.343868
15.534000,0,0.259881,0.591282,1.229098,-0.298298,-0.968784,1.356037
15.536000,0,0.259119,0.594696,1.230422,-0.299093,-0.971661,1.368167
15.538000,0,0.258359,0.598061,1.231656,-0.299812,-0.974282,1.380062
15.540000,0,0.257602,0.601375,1.232794,-0.300451,-0.976635,1.391675
15.542000,0,0.256847,0.604624,1.233810,-0.301012,-0.978720,1.403023
15.544000,0,0.256094,0.607809,1.234699,-0.301497,-0.980523,1.414086
15.546000,0,0.255347,0.610941,1.235474,-0.301909,-0.982007,1.424839
15.548000,0,0.254609,0.614023,1.236134,-0.302252,-0.983166,1.435248
15.550000,0,0.253877,0.617044,1.236660,-0.302527,-0.984003,1.445337
15.552000,0,0.253877,0.617044,1.236660,-0.302527,-0.984003,1.445337
15.554000,0,0.252437,0.622909,1.237322,-0.302890,-0.984674,1.464536
15.556000,0,0.251731,0.625760,1.237462,-0.302982,-0.984495,1.473624
15.558000,0,0.251035,0.628551,1.237462,-0.303016,-0.983928,1.482403
15.560000,0,0.250351,0.631303,1.237359,-0.302985,-0.983011,1.490787
15.562000,0,0.249679,0.634017,1.237159,-0.302890,-0.981746,1.498759
15.564000,0,0.249021,0.636690,1.236853,-0.302733,-0.980138,1.506348
15.566000,0,0.248377,0.639329,1.236456,-0.302517,-0.978182,1.513518
15.568000,0,0.247748,0.641938,1.235972,-0.302243,-0.975886,1.520262
15.570000,0,0.247135,0.644518,1.235406,-0.301915,-0.973251,1.526579
15.572000,0,0.246539,0.647071,1.234759,-0.301535,-0.970283,1.532469
15.574000,0,0.245960,0.649603,1.234043,-0.301105,-0.966988,1.537933
15.576000,0,0.245399,0.652111,1.233253,-0.300630,-0.963371,1.542998
15.578000,0,0.244856,0.654601,1.232400,-0.300110,-0.959441,1.547637
15.580000,0,0.244332,0.657075,1.231487,-0.299546,-0.955206,1.551847
15.582000,0,0.243828,0.659531,1.230514,-0.298942,-0.950671,1.555654
15.584000,0,0.243346,0.661974,1.229483,-0.298302,-0.945836,1.559060
15.586000,0,0.242884,0.664405,1.228405,-0.297627,-0.940714,1.562042
15.588000,0,0.242444,0.666827,1.227282,-0.296917,-0.935324,1.564579
15.590000,0,0.242025,0.669240,1.226119,-0.296175,-0.929672,1.566697
15.592000,0,0.241630,0.671649,1.224923,-0.295404,-0.923764,1.568417
15.594000,0,0.241256,0.674059,1.223703,-0.294607,-0.917618,1.569755
15.596000,0,0.240905,0.676468,1.222463,-0.293785,-0.911263,1.570692
15.598000,0,0.240577,0.678879,1.221205,-0.292937,-0.904708,1.571232
15.600000,0,0.240274,0.681294,1.219929,-0.292066,-0.897957,1.571398
15.602000,0,0.239996,0.683713,1.218639,-0.291172,-0.891030,1.571192
15.604000,0,0.239741,0.686138,1.217342,-0.290254,-0.883941,1.570621
15.606000,0,0.239511,0.688571,1.216041,-0.289313,-0.876706,1.569689
15.608000,0,0.239305,0.691015,1.214738,-0.288365,-0.869299,1.568401
15.610000,0,0.239128,0.693471,1.213432,-0.287410,-0.861723,1.566776
15.612000,0,0.238978,0.695944,1.212133,-0.286452,-0.853991,1.564817
15.614000,0,0.238855,0.698433,1.210843,-0.285489,-0.846119,1.562527
15.616000,0,0.238757,0.700939,1.209566,-0.284517,-0.838138,1.559894
15.618000,0,0.238684,0.703463,1.208304,-0.283538,-0.830052,1.556934
15.620000,0,0.238638,0.706007,1.207061,-0.282550,-0.821880,1.553650
15.622000,0,0.238616,0.708570,1.205840,-0.281550,-0.813652,1.550039
15.624000,0,0.238617,0.711154,1.204644,-0.280536,-0.805386,1.546100
15.626000,0,0.238643,0.713760,1.203477,-0.279507,-0.797097,1.541852
15.628000,0,0.238695,0.716390,1.202340,-0.278466,-0.788785,1.537309
15.630000,0,0.238772,0.719049,1.201239,-0.277412,-0.780465,1.532483
15.632000,0,0.238875,0.721736,1.200180,-0.276365,-0.772175,1.527345
15.634000,0,0.239003,0.724453,1.199163,-0.275325,-0.763930,1.521901
15.636000,0,0.239159,0.727201,1.198190,-0.274294,-0.755731,1.516169
15.638000,0,0.239341,0.729983,1.197264,-0.273269,-0.747584,1.510166
15.640000,0,0.239547,0.732798,1.196387,-0.272245,-0.739514,1.503896
15.642000,0,0.239778,0.735649,1.195560,-0.271222,-0.731517,1.497374
15.644000,0,0.240035,0.738536,1.194783,-0.270203,-0.723594,1.490617
15.646000,0,0.240319,0.741460,1.194059,-0.269184,-0.715755,1.483632
15.648000,0,0.240625,0.744425,1.193394,-0.268162,-0.708019,1.476418
15.650000,0,0.240956,0.747432,1.192788,-0.267135,-0.700398,1.468981
15.652000,0,0.241309,0.750479,1.192242,-0.266102,-0.692899,1.461329
15.654000,0,0.241687,0.753569,1.191756,-0.265065,-0.685523,1.453475
15.656000,0,0.242088,0.756701,1.191331,-0.264019,-0.678293,1.445424
15.658000,0,0.242518,0.759872,1.190965,-0.263034,-0.671266,1.437081
15.660000,0,0.242976,0.763081,1.190657,-0.262101,-0.664483,1.428442
15.662000,0,0.243461,0.766332,1.190408,-0.261224,-0.657911,1.419544
15.664000,0,0.243971,0.769624,1.190218,-0.260384,-0.651583,1.410398
15.666000,0,0.244507,0.772960,1.190092,-0.259583,-0.645498,1.401021
15.668000,0,0.245065,0.776343,1.190028,-0.258807,-0.639637,1.391441
15.670000,0,0.245645,0.779773,1.190026,-0.258045,-0.634009,1.381674
15.672000,0,0.246247,0.783252,1.190087,-0.257310,-0.628554,1.371769
15.674000,0,0.246869,0.786777,1.190207,-0.256573,-0.623329,1.361704
15.676000,0,0.247512,0.790349,1.190388,-0.255837,-0.618333,1.351493
15.678000,0,0.248174,0.793966,1.190628,-0.255094,-0.613566,1.341144
15.680000,0,0.248856,0.797632,1.190926,-0.254367,-0.608924,1.330718
15.682000,0,0.249558,0.801348,1.191280,-0.253651,-0.604402,1.320225
15.684000,0,0.250304,0.805094,1.191666,-0.253218,-0.600043,1.309351
15.686000,0,0.251088,0.808871,1.192086,-0.253065,-0.595844,1.298106
15.688000,0,0.251899,0.812688,1.192551,-0.253082,-0.591844,1.286576
15.690000,0,0.252727,0.816554,1.193070,-0.253192,-0.587924,1.274964
15.692000,0,0.253555,0.820469,1.193646,-0.253178,-0.584198,1.263342
15.694000,0,0.254380,0.824434,1.194277,-0.252998,-0.580638,1.251752
15.696000,0,0.255206,0.828448,1.194966,-0.252658,-0.577244,1.240208
15.698000,0,0.256033,0.832513,1.195711,-0.252149,-0.574006,1.228743
15.700000,1,0.256898,0.836724,1.196567,-0.251722,-0.572594,1.220658
15.702000,1,0.257751,0.841010,1.197463,-0.251388,-0.572793,1.215512
15.704000,1,0.258582,0.845358,1.198399,-0.251111,-0.574347,1.212783
15.706000,1,0.259434,0.850034,1.200593,-0.250774,-0.576524,1.211139
15.708000,1,0.260341,0.854980,1.203952,-0.250387,-0.579187,1.210342
15.710000,1,0.261297,0.860171,1.208446,-0.249957,-0.582220,1.210205
15.712000,1,0.262312,0.865587,1.214051,-0.249492,-0.585549,1.210609
15.714000,1,0.263404,0.871044,1.221235,-0.249019,-0.589118,1.211466
15.716000,1,0.264569,0.876514,1.229816,-0.248540,-0.592871,1.212682
15.718000,1,0.265801,0.881979,1.239706,-0.248052,-0.596741,1.214143
15.720000,1,0.267086,0.887409,1.250651,-0.247559,-0.600692,1.215786
15.722000,1,0.267086,0.887409,1.250651,-0.247559,-0.600692,1.215786
15.724000,1,0.269754,0.897959,1.274582,-0.246564,-0.608764,1.219459
15.726000,1,0.271121,0.902998,1.287200,-0.246068,-0.612842,1.221401
15.728000,1,0.272514,0.907863,1.300239,-0.245567,-0.616898,1.223327
15.730000,1,0.273908,0.912505,1.313364,-0.245070,-0.620942,1.225245
15.732000,1,0.275263,0.916891,1.326329,-0.244583,-0.624980,1.227155
15.734000,1,0.276574,0.921000,1.339063,-0.244107,-0.628999,1.229033
15.736000,1,0.277842,0.924811,1.351539,-0.243642,-0.632990,1.230856
15.738000,1,0.279069,0.928327,1.363776,-0.243186,-0.636931,1.232588
15.740000,1,0.280255,0.931532,1.375753,-0.242740,-0.640817,1.234215
15.742000,1,0.281402,0.934387,1.387426,-0.242308,-0.644655,1.235742
15.744000,1,0.282510,0.936881,1.398779,-0.241890,-0.648443,1.237160
15.746000,1,0.283581,0.939007,1.409798,-0.241486,-0.652176,1.238462
15.748000,1,0.284616,0.940768,1.420512,-0.241095,-0.655845,1.239629
15.750000,1,0.285617,0.942169,1.430893,-0.240718,-0.659452,1.240667
15.752000,1,0.286583,0.943200,1.440892,-0.240357,-0.663008,1.241590
15.754000,1,0.287513,0.943854,1.450502,-0.240012,-0.666514,1.242395
15.756000,1,0.288407,0.944130,1.459719,-0.239684,-0.669969,1.243085
15.758000,1,0.289269,0.944033,1.468572,-0.239373,-0.673367,1.243648
15.760000,1,0.290087,0.943567,1.477028,-0.239079,-0.676718,1.244098
15.762000,1,0.290860,0.942732,1.485081,-0.238802,-0.680024,1.244439
15.764000,1,0.291590,0.941529,1.492731,-0.238543,-0.683285,1.244673
15.766000,1,0.292276,0.939950,1.499994,-0.238302,-0.686506,1.244804
15.768000,1,0.292922,0.938001,1.506896,-0.238081,-0.689683,1.244826
15.770000,1,0.293529,0.935685,1.513434,-0.237879,-0.692819,1.244744
15.772000,1,0.294097,0.933011,1.519600,-0.237699,-0.695916,1.244564
15.774000,1,0.294624,0.929984,1.525384,-0.237539,-0.698979,1.244292
15.776000,1,0.295109,0.926618,1.530743,-0.237400,-0.702017,1.243947
15.778000,1,0.295551,0.922920,1.535672,-0.237282,-0.705032,1.243535
15.780000,1,0.295953,0.918897,1.540198,-0.237187,-0.708023,1.243050
15.782000,1,0.296315,0.914557,1.544321,-0.237114,-0.710992,1.242500
15.784000,1,0.296641,0.909906,1.548043,-0.237065,-0.713942,1.241886
15.786000,1,0.296932,0.904954,1.551364,-0.237039,-0.716876,1.241214
15.788000,1,0.296932,0.904954,1.551364,-0.237039,-0.716876,1.241214
15.790000,1,0.297404,0.894204,1.556775,-0.237060,-0.722701,1.239720
15.792000,1,0.297584,0.888434,1.558867,-0.237106,-0.725597,1.238906
15.794000,1,0.297730,0.882347,1.560560,-0.237182,-0.728488,1.238046
15.796000,1,0.297844,0.876030,1.561884,-0.237282,-0.731374,1.237156
15.798000,1,0.297922,0.869516,1.562824,-0.237406,-0.734258,1.236243
15.800000,1,0.297960,0.862836,1.563371,-0.237553,-0.737140,1.235311
15.802000,1,0.297962,0.855994,1.563546,-0.237725,-0.740021,1.234360
15.804000,1,0.297927,0.848997,1.563356,-0.237923,-0.742905,1.233393
15.806000,1,0.297854,0.841862,1.562809,-0.238147,-0.745791,1.232413
15.808000,1,0.297751,0.834585,1.561900,-0.238397,-0.748685,1.231425
15.810000,1,0.297620,0.827176,1.560638,-0.238673,-0.751588,1.230434
15.812000,1,0.297460,0.819641,1.559032,-0.238975,-0.754501,1.229442
15.814000,1,0.297274,0.811983,1.557101,-0.239306,-0.757427,1.228448
15.816000,1,0.297061,0.804217,1.554850,-0.239663,-0.760366,1.227460
15.818000,1,0.296820,0.796354,1.552287,-0.240049,-0.763321,1.226478
15.820000,1,0.296545,0.788436,1.549404,-0.240458,-0.766296,1.225517
15.822000,1,0.296233,0.780478,1.546207,-0.240891,-0.769292,1.224577
15.824000,1,0.295887,0.772483,1.542709,-0.241350,-0.772311,1.223661
15.826000,1,0.295507,0.764453,1.538925,-0.241834,-0.775353,1.222769
15.828000,1,0.295095,0.756399,1.534864,-0.242346,-0.778419,1.221901
15.830000,1,0.294647,0.748332,1.530535,-0.242884,-0.781511,1.221059
15.832000,1,0.294174,0.740296,1.525916,-0.243447,-0.784627,1.220248
15.834000,1,0.293675,0.732308,1.521015,-0.244037,-0.787768,1.219469
15.836000,1,0.293150,0.724380,1.515843,-0.244653,-0.790936,1.218723
15.838000,1,0.292600,0.716512,1.510415,-0.245296,-0.794132,1.218012
15.840000,1,0.292020,0.708725,1.504739,-0.245964,-0.797357,1.217338
15.842000,1,0.291411,0.701030,1.498824,-0.246658,-0.800612,1.216704
15.844000,1,0.290773,0.693427,1.492684,-0.247378,-0.803898,1.216109
15.846000,1,0.290103,0.685934,1.486325,-0.248124,-0.807216,1.215556
15.848000,1,0.289404,0.678552,1.479760,-0.248895,-0.810569,1.215050
15.850000,1,0.288675,0.671291,1.472997,-0.249692,-0.813958,1.214591
15.852000,1,0.287913,0.664168,1.466037,-0.250513,-0.817384,1.214180
15.854000,1,0.287119,0.657191,1.458886,-0.251358,-0.820846,1.213819
15.856000,1,0.286282,0.650397,1.451546,-0.252226,-0.824344,1.213506
15.858000,1,0.285455,0.643842,1.443963,-0.253122,-0.827871,1.213240
15.860000,1,0.284637,0.637525,1.436154,-0.254046,-0.831430,1.213019
15.862000,1,0.283843,0.631421,1.428136,-0.254998,-0.835022,1.212844
15.864000,1,0.283074,0.625510,1.419927,-0.255978,-0.838648,1.212712
15.866000,1,0.282299,0.619854,1.411537,-0.256983,-0.842308,1.212627
15.868000,1,0.281514,0.614438,1.402977,-0.258012,-0.846004,1.212587
15.870000,1,0.280722,0.609260,1.394263,-0.259065,-0.849737,1.212598
15.872000,1,0.279918,0.604319,1.385409,-0.260140,-0.853508,1.212659
15.874000,1,0.279099,0.599611,1.376430,-0.261238,-0.857318,1.212768
15.876000,1,0.278253,0.595149,1.367341,-0.262356,-0.861167,1.212927
15.878000,1,0.277380,0.590912,1.358148,-0.263496,-0.865056,1.213133
15.880000,1,0.276474,0.586912,1.348868,-0.264655,-0.868982,1.213386
15.882000,1,0.275537,0.583149,1.339513,-0.265834,-0.872951,1.213691
15.884000,1,0.274922,0.579678,1.329807,-0.267061,-0.876937,1.214018
15.886000,1,0.274600,0.576477,1.319786,-0.268329,-0.880945,1.214370
15.888000,1,0.274457,0.573555,1.309543,-0.269626,-0.884983,1.214757
15.890000,1,0.274264,0.570851,1.299269,-0.270932,-0.889066,1.215192
15.892000,1,0.273947,0.568330,1.289037,-0.272243,-0.893198,1.215680
15.894000,1,0.273508,0.565988,1.278856,-0.273560,-0.897377,1.216217
15.896000,1,0.272915,0.563757,1.268770,-0.274882,-0.901607,1.216806
15.898000,1,0.272168,0.561633,1.258801,-0.276209,-0.905889,1.217445
15.900000,0,0.271543,0.561435,1.252495,-0.277592,-0.910363,1.218205
15.902000,0,0.270998,0.562872,1.249243,-0.279017,-0.914999,1.219067
15.904000,0,0.270485,0.565692,1.248507,-0.280471,-0.919768,1.220018
15.906000,0,0.269883,0.569022,1.248694,-0.281865,-0.924647,1.221688
15.908000,0,0.269204,0.572716,1.249554,-0.283202,-0.929592,1.224014
15.910000,0,0.268461,0.576670,1.250909,-0.284507,-0.934589,1.227007
15.912000,0,0.267665,0.580810,1.252636,-0.285788,-0.939633,1.230663
15.914000,0,0.266821,0.585054,1.254592,-0.287040,-0.944700,1.234999
15.916000,0,0.265955,0.589340,1.256690,-0.288278,-0.949651,1.240996
15.918000,0,0.265073,0.593653,1.258893,-0.289504,-0.954470,1.248543
15.920000,0,0.264178,0.597964,1.261155,-0.290710,-0.959169,1.257401
15.922000,0,0.263271,0.602252,1.263436,-0.291887,-0.963752,1.267335
15.924000,0,0.262356,0.606503,1.265705,-0.293025,-0.968211,1.278127
15.926000,0,0.261428,0.610676,1.267892,-0.294123,-0.972532,1.289724
15.928000,0,0.260496,0.614794,1.270021,-0.295171,-0.976687,1.301816
15.930000,0,0.259562,0.618852,1.272077,-0.296163,-0.980651,1.314243
15.932000,0,0.258626,0.622843,1.274046,-0.297075,-0.984441,1.326866
15.934000,0,0.257690,0.626763,1.275914,-0.297904,-0.988035,1.339584
15.936000,0,0.256748,0.630590,1.277644,-0.298651,-0.991431,1.352388
15.938000,0,0.255810,0.634345,1.279257,-0.299315,-0.994585,1.365137
15.940000,0,0.254876,0.638031,1.280749,-0.299899,-0.997473,1.377768
15.942000,0,0.253946,0.641645,1.282107,-0.300402,-1.000040,1.390275
15.944000,0,0.253019,0.645170,1.283301,-0.300823,-1.002284,1.402669
15.946000,0,0.252098,0.648628,1.284362,-0.301166,-1.004173,1.414851
15.948000,0,0.251185,0.652023,1.285296,-0.301437,-1.005738,1.426742
15.950000,0,0.250280,0.655358,1.286111,-0.301638,-1.006975,1.438317
15.952000,0,0.249386,0.658636,1.286804,-0.301772,-1.007872,1.449556
15.954000,0,0.248499,0.661845,1.287359,-0.301841,-1.008431,1.460483
15.956000,0,0.247625,0.665003,1.287797,-0.301847,-1.008630,1.471045
15.958000,0,0.246761,0.668108,1.288119,-0.301778,-1.008483,1.481220
15.960000,0,0.245909,0.671163,1.288329,-0.301634,-1.007987,1.490996
15.962000,0,0.245071,0.674171,1.288430,-0.301418,-1.007139,1.500368
15.964000,0,0.244246,0.677134,1.288423,-0.301133,-1.005934,1.509329
15.966000,0,0.243436,0.680047,1.288301,-0.300782,-1.004377,1.517908
15.968000,0,0.242642,0.682921,1.288081,-0.300367,-1.002461,1.526064
15.970000,0,0.241865,0.685759,1.287766,-0.299890,-1.000185,1.533789
15.972000,0,0.241107,0.688564,1.287362,-0.299355,-0.997551,1.541080
15.974000,0,0.240367,0.691338,1.286873,-0.298764,-0.994563,1.547934
15.976000,0,0.239647,0.694077,1.286293,-0.298120,-0.991227,1.554380
15.978000,0,0.238946,0.696791,1.285636,-0.297425,-0.987541,1.560408
15.980000,0,0.238266,0.699482,1.284912,-0.296682,-0.983524,1.565985
15.982000,0,0.237608,0.702154,1.284123,-0.295897,-0.979153,1.571121
15.984000,0,0.236971,0.704809,1.283273,-0.295073,-0.974434,1.575819
15.986000,0,0.236358,0.707452,1.282362,-0.294201,-0.969320,1.580066
15.988000,0,0.235770,0.710081,1.281390,-0.293287,-0.963817,1.583891
15.990000,0,0.235205,0.712699,1.280365,-0.292329,-0.957945,1.587282
15.992000,0,0.234662,0.715302,1.279293,-0.291342,-0.951796,1.590231
15.994000,0,0.234143,0.717894,1.278184,-0.290329,-0.945394,1.592740
15.996000,0,0.233646,0.720478,1.277043,-0.289290,-0.938747,1.594818
15.998000,0,0.233175,0.723058,1.275870,-0.288228,-0.931862,1.596488
16.000000,0,0.232731,0.725633,1.274668,-0.287148,-0.924758,1.597776
16.002000,0,0.232312,0.728208,1.273447,-0.286048,-0.917453,1.598671
16.004000,0,0.231917,0.730786,1.272214,-0.284929,-0.909970,1.599173
16.006000,0,0.231550,0.733369,1.270969,-0.283794,-0.902312,1.599301
16.008000,0,0.231211,0.735959,1.269715,-0.282642,-0.894496,1.599059
16.010000,0,0.230899,0.738558,1.268459,-0.281488,-0.886509,1.598436
16.012000,0,0.230615,0.741169,1.267204,-0.280334,-0.878367,1.597436
16.014000,0,0.230359,0.743793,1.265952,-0.279179,-0.870086,1.596066
16.016000,0,0.230132,0.746430,1.264705,-0.278024,-0.861671,1.594345
16.018000,0,0.229932,0.749082,1.263468,-0.276867,-0.853151,1.592267
16.020000,0,0.229759,0.751753,1.262249,-0.275706,-0.844546,1.589838
16.022000,0,0.229613,0.754443,1.261051,-0.274541,-0.835873,1.587067
16.024000,0,0.229495,0.757154,1.259874,-0.273374,-0.827136,1.583971
16.026000,0,0.229403,0.759888,1.258724,-0.272201,-0.818363,1.580548
16.028000,0,0.229337,0.762645,1.257602,-0.271022,-0.809571,1.576805
16.030000,0,0.229297,0.765427,1.256512,-0.269835,-0.800777,1.572752
16.032000,0,0.229285,0.768235,1.255454,-0.268644,-0.791981,1.568404
16.034000,0,0.229304,0.771070,1.254430,-0.267474,-0.783218,1.563737
16.036000,0,0.229304,0.771070,1.254430,-0.267474,-0.783218,1.563737
16.038000,0,0.229350,0.773935,1.253448,-0.266331,-0.774507,1.558756
16.040000,0,0.229530,0.779764,1.251617,-0.264120,-0.757272,1.547904
16.042000,0,0.229663,0.782728,1.250770,-0.263047,-0.748773,1.542054
16.044000,0,0.229825,0.785729,1.249970,-0.261996,-0.740355,1.535945
16.046000,0,0.230013,0.788765,1.249219,-0.260957,-0.732050,1.529572
16.048000,0,0.230226,0.791838,1.248520,-0.259926,-0.723871,1.522943
16.050000,0,0.230463,0.794948,1.247872,-0.258901,-0.715843,1.516062
16.052000,0,0.230725,0.798099,1.247280,-0.257884,-0.707964,1.508947
16.054000,0,0.231012,0.801292,1.246746,-0.256870,-0.700250,1.501603
16.056000,0,0.231321,0.804527,1.246269,-0.255859,-0.692706,1.494038
16.058000,0,0.231662,0.807802,1.245846,-0.254932,-0.685336,1.486199
16.060000,0,0.232033,0.811118,1.245475,-0.254090,-0.678138,1.478102
16.062000,0,0.232432,0.814476,1.245159,-0.253324,-0.671126,1.469757
16.064000,0,0.232857,0.817876,1.244896,-0.252625,-0.664305,1.461181
16.066000,0,0.233307,0.821319,1.244686,-0.251982,-0.657663,1.452394
16.068000,0,0.233783,0.824805,1.244528,-0.251397,-0.651200,1.443408
16.070000,0,0.234282,0.828336,1.244429,-0.250858,-0.644936,1.434235
16.072000,0,0.234804,0.831913,1.244386,-0.250356,-0.638859,1.424890
16.074000,0,0.235344,0.835536,1.244397,-0.249871,-0.632982,1.415379
16.076000,0,0.235903,0.839198,1.244458,-0.249374,-0.627385,1.405670
16.078000,0,0.236479,0.842902,1.244569,-0.248866,-0.622069,1.395782
16.080000,0,0.237073,0.846654,1.244733,-0.248354,-0.616943,1.385778
16.082000,0,0.237717,0.850417,1.244904,-0.248191,-0.612229,1.375204
16.084000,0,0.238405,0.854208,1.245098,-0.248369,-0.607794,1.364195
16.086000,0,0.239134,0.858028,1.245316,-0.248887,-0.603635,1.352763
16.088000,0,0.239885,0.861888,1.245571,-0.249575,-0.599732,1.341081
16.090000,0,0.240635,0.865807,1.245888,-0.250165,-0.596053,1.329394
16.092000,0,0.241380,0.869787,1.246268,-0.250579,-0.592555,1.317789
16.094000,0,0.242123,0.873824,1.246708,-0.250821,-0.589236,1.306278
16.096000,0,0.242864,0.877922,1.247213,-0.250837,-0.586067,1.294884
16.098000,0,0.243603,0.882077,1.247775,-0.250649,-0.583009,1.283642
16.100000,1,0.244345,0.886288,1.248395,-0.250279,-0.580059,1.272550
16.102000,1,0.245148,0.890657,1.249122,-0.250030,-0.579029,1.265103
16.104000,1,0.245993,0.895155,1.249943,-0.249833,-0.579625,1.260633
16.106000,1,0.246903,0.899476,1.250443,-0.249672,-0.581417,1.257699
16.108000,1,0.247885,0.904010,1.251908,-0.249424,-0.583823,1.255855
16.110000,1,0.248934,0.908749,1.254370,-0.249103,-0.586713,1.254892
16.112000,1,0.250042,0.913669,1.257808,-0.248721,-0.589966,1.254607
16.114000,1,0.251210,0.918743,1.262194,-0.248289,-0.593501,1.254860
16.116000,1,0.252466,0.923815,1.268279,-0.247840,-0.597256,1.255565
16.118000,1,0.253802,0.928845,1.275899,-0.247378,-0.601173,1.256617
16.120000,1,0.255211,0.933818,1.284967,-0.246902,-0.605183,1.257896
16.122000,1,0.256676,0.938714,1.295219,-0.246415,-0.609251,1.259338
16.124000,1,0.256676,0.938714,1.295219,-0.246415,-0.609251,1.259338
16.126000,1,0.259657,0.948105,1.317713,-0.245444,-0.617532,1.262615
16.128000,1,0.261157,0.952575,1.329693,-0.244960,-0.621681,1.264330
16.130000,1,0.262673,0.956862,1.342187,-0.244473,-0.625783,1.266002
16.132000,1,0.264159,0.960932,1.354738,-0.243994,-0.629870,1.267671
16.134000,1,0.265604,0.964758,1.367213,-0.243527,-0.633933,1.269314
16.136000,1,0.267007,0.968314,1.379551,-0.243072,-0.637962,1.270907
16.138000,1,0.268369,0.971600,1.391760,-0.242628,-0.641933,1.272409
16.140000,1,0.269691,0.974597,1.403797,-0.242195,-0.645840,1.273803
16.142000,1,0.270975,0.977286,1.415627,-0.241774,-0.649681,1.275080
16.144000,1,0.272222,0.979632,1.427163,-0.241371,-0.653467,1.276250
16.146000,1,0.273435,0.981621,1.438379,-0.240984,-0.657201,1.277313
16.148000,1,0.274616,0.983256,1.449300,-0.240612,-0.660868,1.278244
16.150000,1,0.275767,0.984532,1.459910,-0.240257,-0.664468,1.279042
16.152000,1,0.276890,0.985433,1.470215,-0.239917,-0.668003,1.279704
16.154000,1,0.277985,0.985939,1.480155,-0.239596,-0.671488,1.280250
16.156000,1,0.279054,0.986053,1.489758,-0.239291,-0.674912,1.280668
16.158000,1,0.280099,0.985773,1.499004,-0.239003,-0.678280,1.280960
16.160000,1,0.281110,0.985108,1.507883,-0.238733,-0.681591,1.281127
16.162000,1,0.282082,0.984056,1.516336,-0.238480,-0.684856,1.281188
16.164000,1,0.283014,0.982618,1.524354,-0.238247,-0.688076,1.281143
16.166000,1,0.283908,0.980799,1.531967,-0.238033,-0.691247,1.280985
16.168000,1,0.284767,0.978603,1.539173,-0.237839,-0.694371,1.280717
16.170000,1,0.285591,0.976032,1.545970,-0.237666,-0.697451,1.280345
16.172000,1,0.286375,0.973100,1.552303,-0.237513,-0.700496,1.279886
16.174000,1,0.287122,0.969801,1.558187,-0.237381,-0.703511,1.279346
16.176000,1,0.287836,0.966140,1.563653,-0.237271,-0.706493,1.278719
16.178000,1,0.288514,0.962138,1.568684,-0.237183,-0.709442,1.278008
16.180000,1,0.289157,0.957792,1.573273,-0.237117,-0.712366,1.277226
16.182000,1,0.289773,0.953090,1.577424,-0.237073,-0.715267,1.276377
16.184000,1,0.290363,0.948042,1.581141,-0.237053,-0.718148,1.275463
16.186000,1,0.290930,0.942653,1.584449,-0.237058,-0.721008,1.274483
16.188000,1,0.291474,0.936940,1.587347,-0.237087,-0.723848,1.273441
16.190000,1,0.291994,0.930916,1.589835,-0.237142,-0.726670,1.272341
16.192000,1,0.292483,0.924607,1.591888,-0.237219,-0.729480,1.271200
16.194000,1,0.292946,0.918025,1.593530,-0.237319,-0.732280,1.270020
16.196000,1,0.293384,0.911176,1.594785,-0.237446,-0.735071,1.268801
16.198000,1,0.293796,0.904080,1.595653,-0.237599,-0.737854,1.267546
16.200000,1,0.294176,0.896757,1.596118,-0.237776,-0.740632,1.266263
16.202000,1,0.294520,0.889246,1.596169,-0.237976,-0.743403,1.264956
16.204000,1,0.294830,0.881550,1.595827,-0.238203,-0.746170,1.263624
16.206000,1,0.295106,0.873679,1.595099,-0.238457,-0.748934,1.262272
16.208000,1,0.295357,0.865646,1.593987,-0.238736,-0.751700,1.260907
16.210000,1,0.295579,0.857483,1.592488,-0.239040,-0.754471,1.259537
16.212000,1,0.295776,0.849183,1.590623,-0.239368,-0.757249,1.258166
16.214000,1,0.295950,0.840750,1.588410,-0.239725,-0.760038,1.256795
16.216000,1,0.296094,0.832222,1.585847,-0.240106,-0.762835,1.255428
16.218000,1,0.296202,0.823632,1.582936,-0.240510,-0.765643,1.254068
16.220000,1,0.296278,0.814984,1.579694,-0.240942,-0.768462,1.252717
16.222000,1,0.296318,0.806290,1.576131,-0.241397,-0.771295,1.251379
16.224000,1,0.296318,0.797581,1.572250,-0.241877,-0.774143,1.250058
16.226000,1,0.296279,0.788859,1.568068,-0.242383,-0.777006,1.248753
16.228000,1,0.296203,0.780123,1.563599,-0.242916,-0.779889,1.247469
16.230000,1,0.296085,0.771396,1.558845,-0.243473,-0.782792,1.246212
16.232000,1,0.295938,0.762702,1.553799,-0.244055,-0.785717,1.244983
16.234000,1,0.295763,0.754042,1.548477,-0.244664,-0.788669,1.243791
16.234000,1,0.295763,0.754042,1.548477,-0.244664,-0.788669,1.243791
16.236000,1,0.295763,0.754042,1.548477,-0.244664,-0.788669,1.243791
16.240000,1,0.295066,0.728372,1.530957,-0.246647,-0.797695,1.240441
16.242000,1,0.294773,0.719895,1.524586,-0.247363,-0.800767,1.239404
16.244000,1,0.294454,0.711436,1.517949,-0.248109,-0.803871,1.238408
16.246000,1,0.294101,0.703064,1.511091,-0.248878,-0.807007,1.237455
16.248000,1,0.293707,0.694816,1.504022,-0.249670,-0.810173,1.236546
16.250000,1,0.293274,0.686685,1.496749,-0.250485,-0.813371,1.235683
16.252000,1,0.292793,0.678704,1.489276,-0.251321,-0.816601,1.234868
16.254000,1,0.292261,0.670883,1.481612,-0.252180,-0.819864,1.234100
16.256000,1,0.291679,0.663232,1.473763,-0.253061,-0.823161,1.233381
16.258000,1,0.291085,0.655808,1.465688,-0.253968,-0.826486,1.232708
16.260000,1,0.290480,0.648609,1.457405,-0.254901,-0.829841,1.232082
16.262000,1,0.289867,0.641647,1.448922,-0.255858,-0.833231,1.231508
16.264000,1,0.289232,0.634945,1.440255,-0.256838,-0.836656,1.230990
16.266000,1,0.288571,0.628506,1.431420,-0.257841,-0.840117,1.230525
16.268000,1,0.287886,0.622327,1.422435,-0.258866,-0.843615,1.230115
16.270000,1,0.287188,0.616358,1.413322,-0.259915,-0.847155,1.229760
16.272000,1,0.286476,0.610599,1.404094,-0.260987,-0.850735,1.229457
16.274000,1,0.285729,0.605100,1.394750,-0.262079,-0.854352,1.229208
16.276000,1,0.284934,0.599868,1.385289,-0.263191,-0.858006,1.229009
16.278000,1,0.284092,0.594901,1.375725,-0.264324,-0.861696,1.228862
16.280000,1,0.283205,0.590174,1.366059,-0.265477,-0.865423,1.228761
16.282000,1,0.282583,0.585740,1.356066,-0.266675,-0.869172,1.228691
16.284000,1,0.282226,0.581595,1.345758,-0.267913,-0.872942,1.228653
16.286000,1,0.282045,0.577709,1.335218,-0.269182,-0.876744,1.228651
16.288000,1,0.281896,0.574093,1.324556,-0.270468,-0.880583,1.228697
16.290000,1,0.281565,0.570832,1.313773,-0.271755,-0.884461,1.228796
16.292000,1,0.281058,0.567924,1.302898,-0.273048,-0.888379,1.228951
16.294000,1,0.280366,0.565283,1.292046,-0.274345,-0.892343,1.229159
16.296000,1,0.279499,0.562843,1.281273,-0.275648,-0.896357,1.229418
16.298000,1,0.278473,0.560571,1.270615,-0.276958,-0.900419,1.229728
16.300000,1,0.277290,0.558464,1.260079,-0.278278,-0.904527,1.230087
16.300000,0,0.277290,0.558464,1.260079,-0.278278,-0.904527,1.230087
16.302000,0,0.277290,0.558464,1.260079,-0.278278,-0.904527,1.230087
16.306000,0,0.276326,0.558237,1.253281,-0.279660,-0.908844,1.230572
16.308000,0,0.274268,0.565234,1.247905,-0.283825,-0.921575,1.231709
16.310000,0,0.273711,0.568437,1.248056,-0.285038,-0.925371,1.232387
16.312000,0,0.273081,0.571874,1.248705,-0.286243,-0.929380,1.234071
16.314000,0,0.272391,0.575482,1.249729,-0.287448,-0.933583,1.236731
16.316000,0,0.271646,0.579205,1.251023,-0.288659,-0.937965,1.240373
16.318000,0,0.270870,0.582965,1.252461,-0.289878,-0.942376,1.245906
16.320000,0,0.270071,0.586755,1.254013,-0.291100,-0.946759,1.253133
16.322000,0,0.269253,0.590552,1.255636,-0.292312,-0.951109,1.261778
16.324000,0,0.268417,0.594340,1.257293,-0.293501,-0.955409,1.271577
16.326000,0,0.267560,0.598074,1.258905,-0.294664,-0.959645,1.282460
16.328000,0,0.266694,0.601782,1.260507,-0.295779,-0.963791,1.293990
16.330000,0,0.265822,0.605460,1.262082,-0.296840,-0.967827,1.305960
16.332000,0,0.264943,0.609098,1.263609,-0.297826,-0.971743,1.318225
16.334000,0,0.264060,0.612691,1.265070,-0.298736,-0.975508,1.330672
16.336000,0,0.263175,0.616234,1.266449,-0.299567,-0.979091,1.343207
16.338000,0,0.262288,0.619730,1.267744,-0.300323,-0.982470,1.355737
16.340000,0,0.261396,0.623154,1.268914,-0.301004,-0.985645,1.368258
16.342000,0,0.260502,0.626507,1.269953,-0.301608,-0.988579,1.380728
16.344000,0,0.259610,0.629811,1.270882,-0.302136,-0.991222,1.393036
16.346000,0,0.258723,0.633064,1.271699,-0.302590,-0.993553,1.405134
16.348000,0,0.257839,0.636251,1.272378,-0.302970,-0.995571,1.417036
16.350000,0,0.256958,0.639374,1.272919,-0.303279,-0.997262,1.428708
16.352000,0,0.256082,0.642435,1.273325,-0.303520,-0.998611,1.440125
16.354000,0,0.255215,0.645457,1.273626,-0.303695,-0.999591,1.451210
16.356000,0,0.254358,0.648441,1.273822,-0.303808,-1.000196,1.461915
16.358000,0,0.253510,0.651376,1.273898,-0.303860,-1.000427,1.472268
16.360000,0,0.252670,0.654261,1.273855,-0.303838,-1.000301,1.482251
16.362000,0,0.251840,0.657099,1.273696,-0.303741,-0.999810,1.491880
16.364000,0,0.251022,0.659903,1.273441,-0.303571,-0.998947,1.501075
16.366000,0,0.250216,0.662667,1.273080,-0.303330,-0.997718,1.509868
16.368000,0,0.249424,0.665392,1.272616,-0.303019,-0.996113,1.518271
16.370000,0,0.248646,0.668083,1.272055,-0.302642,-0.994131,1.526283
16.372000,0,0.247884,0.670750,1.271412,-0.302200,-0.991768,1.533855
16.374000,0,0.247140,0.673394,1.270692,-0.301698,-0.989030,1.540957
16.376000,0,0.246414,0.676011,1.269889,-0.301139,-0.985924,1.547618
16.378000,0,0.245708,0.678608,1.269015,-0.300526,-0.982459,1.553809
16.380000,0,0.245021,0.681191,1.268079,-0.299861,-0.978635,1.559554
16.382000,0,0.244353,0.683760,1.267084,-0.299151,-0.974449,1.564839
16.384000,0,0.243707,0.686313,1.266024,-0.298400,-0.969906,1.569693
16.386000,0,0.243083,0.688855,1.264910,-0.297607,-0.965016,1.574093
16.388000,0,0.242480,0.691387,1.263744,-0.296775,-0.959791,1.578039
16.390000,0,0.241899,0.693909,1.262530,-0.295907,-0.954242,1.581535
16.392000,0,0.241341,0.696423,1.261272,-0.295004,-0.948377,1.584607
16.394000,0,0.240806,0.698929,1.259973,-0.294068,-0.942218,1.587238
16.396000,0,0.240296,0.701429,1.258632,-0.293103,-0.935770,1.589454
16.398000,0,0.239811,0.703926,1.257259,-0.292111,-0.929049,1.591254
16.400000,0,0.239350,0.706426,1.255869,-0.291096,-0.922078,1.592663
16.402000,0,0.238913,0.708928,1.254463,-0.290058,-0.914883,1.593666
16.404000,0,0.238503,0.711435,1.253041,-0.289000,-0.907468,1.594283
16.406000,0,0.238118,0.713946,1.251609,-0.287921,-0.899862,1.594499
16.408000,0,0.237760,0.716466,1.250170,-0.286835,-0.892054,1.594317
16.410000,0,0.237432,0.718995,1.248724,-0.285745,-0.884047,1.593756
16.412000,0,0.237133,0.721535,1.247274,-0.284652,-0.875856,1.592823
16.414000,0,0.236863,0.724089,1.245825,-0.283558,-0.867488,1.591540
16.416000,0,0.236620,0.726655,1.244383,-0.282457,-0.858977,1.589894
16.418000,0,0.236403,0.729238,1.242956,-0.281349,-0.850356,1.587874
16.420000,0,0.236215,0.731838,1.241543,-0.280236,-0.841630,1.585498
16.422000,0,0.236055,0.734458,1.240149,-0.279117,-0.832818,1.582772
16.424000,0,0.235924,0.737099,1.238777,-0.277993,-0.823923,1.579721
16.426000,0,0.235819,0.739761,1.237432,-0.276859,-0.814980,1.576341
16.428000,0,0.235739,0.742448,1.236117,-0.275716,-0.806006,1.572637
16.430000,0,0.235686,0.745159,1.234837,-0.274561,-0.797030,1.568615
16.432000,0,0.235661,0.747896,1.233591,-0.273398,-0.788054,1.564290
16.434000,0,0.235665,0.750663,1.232387,-0.272247,-0.779113,1.559644
16.436000,0,0.235698,0.753461,1.231227,-0.271110,-0.770222,1.554686
16.438000,0,0.235759,0.756291,1.230115,-0.269985,-0.761414,1.549415
16.440000,0,0.235847,0.759154,1.229053,-0.268870,-0.752700,1.543845
16.442000,0,0.235962,0.762053,1.228043,-0.267765,-0.744089,1.537988
16.444000,0,0.236105,0.764988,1.227084,-0.266669,-0.735583,1.531859
16.446000,0,0.236277,0.767960,1.226178,-0.265581,-0.727189,1.525473
16.448000,0,0.236476,0.770973,1.225328,-0.264501,-0.718902,1.518849
16.450000,0,0.236702,0.774027,1.224540,-0.263424,-0.710762,1.511984
16.452000,0,0.236954,0.777124,1.223814,-0.262347,-0.702770,1.504887
16.454000,0,0.237230,0.780266,1.223151,-0.261272,-0.694930,1.497567
16.456000,0,0.237532,0.783452,1.222551,-0.260197,-0.687242,1.490040
16.458000,0,0.237860,0.786684,1.222014,-0.259124,-0.679712,1.482315
16.460000,0,0.238218,0.789958,1.221538,-0.258111,-0.672381,1.474324
16.462000,0,0.238606,0.793276,1.221120,-0.257170,-0.665214,1.466088
16.464000,0,0.239023,0.796640,1.220764,-0.256290,-0.658226,1.457624
16.466000,0,0.239466,0.800050,1.220468,-0.255466,-0.651410,1.448948
16.468000,0,0.239936,0.803507,1.220237,-0.254698,-0.644764,1.440074
16.470000,0,0.240430,0.807010,1.220068,-0.253965,-0.638349,1.430996
16.472000,0,0.240947,0.810558,1.219961,-0.253250,-0.632165,1.421719
16.474000,0,0.241486,0.814153,1.219914,-0.252554,-0.626214,1.412260
16.476000,0,0.242047,0.817793,1.219928,-0.251870,-0.620493,1.402632
16.478000,0,0.242628,0.821481,1.220000,-0.251186,-0.615004,1.392847
16.480000,0,0.243229,0.825215,1.220129,-0.250494,-0.609761,1.382916
16.482000,0,0.243879,0.828979,1.220291,-0.250143,-0.604765,1.372562
16.484000,0,0.244571,0.832768,1.220481,-0.250076,-0.600111,1.361754
16.486000,0,0.245301,0.836588,1.220703,-0.250292,-0.595797,1.350510
16.488000,0,0.246059,0.840446,1.220967,-0.250713,-0.591809,1.338918
16.490000,0,0.246823,0.844359,1.221292,-0.251085,-0.588098,1.327245
16.492000,0,0.247587,0.848333,1.221683,-0.251325,-0.584607,1.315600
16.494000,0,0.248355,0.852364,1.222136,-0.251436,-0.581334,1.303998
16.496000,0,0.249123,0.856458,1.222657,-0.251365,-0.578215,1.292515
16.498000,0,0.249892,0.860614,1.223246,-0.251111,-0.575236,1.281175
16.500000,0,0.250664,0.864832,1.223900,-0.250688,-0.572359,1.269982
16.502000,0,0.251441,0.869108,1.224618,-0.250101,-0.569585,1.258940
16.504000,1,0.252270,0.873534,1.225446,-0.249601,-0.568636,1.251310
16.506000,1,0.253106,0.878045,1.226314,-0.249261,-0.569303,1.246755
16.508000,1,0.253978,0.882797,1.228210,-0.248861,-0.570776,1.243594
16.510000,1,0.254874,0.887766,1.231101,-0.248416,-0.572888,1.241560
16.512000,1,0.255818,0.892948,1.235022,-0.247934,-0.575507,1.240436
16.514000,1,0.256811,0.898311,1.239921,-0.247426,-0.578534,1.240057
16.516000,1,0.257871,0.903726,1.246335,-0.246912,-0.581872,1.240274
16.518000,1,0.258998,0.909152,1.254172,-0.246393,-0.585448,1.240958
16.520000,1,0.260168,0.914555,1.263123,-0.245874,-0.589209,1.242013
16.522000,1,0.261375,0.919919,1.273117,-0.245352,-0.593084,1.243319
16.524000,1,0.262604,0.925227,1.283922,-0.244827,-0.597038,1.244812
16.526000,1,0.263834,0.930441,1.295197,-0.244309,-0.601064,1.246469
16.528000,1,0.265064,0.935553,1.306910,-0.243793,-0.605114,1.248207
16.530000,1,0.266281,0.940527,1.318800,-0.243288,-0.609190,1.250018
16.532000,1,0.267486,0.945360,1.330854,-0.242788,-0.613254,1.251835
16.534000,1,0.268674,0.949970,1.342922,-0.242301,-0.617311,1.253649
16.536000,1,0.269845,0.954327,1.354935,-0.241827,-0.621349,1.255430
16.538000,1,0.270996,0.958409,1.366841,-0.241367,-0.625357,1.257153
16.540000,1,0.272130,0.962216,1.378651,-0.240918,-0.629309,1.258778
16.542000,1,0.273245,0.965718,1.390339,-0.240480,-0.633200,1.260290
16.544000,1,0.274339,0.968894,1.401801,-0.240056,-0.637041,1.261698
16.546000,1,0.275411,0.971720,1.413023,-0.239646,-0.640832,1.262998
16.548000,1,0.276462,0.974187,1.423984,-0.239250,-0.644569,1.264182
16.550000,1,0.277494,0.976297,1.434704,-0.238865,-0.648242,1.265233
16.552000,1,0.277494,0.976297,1.434704,-0.238865,-0.648242,1.265233
16.554000,1,0.279502,0.979422,1.455351,-0.238131,-0.655394,1.266928
16.556000,1,0.280475,0.980420,1.465242,-0.237784,-0.658877,1.267572
16.558000,1,0.281430,0.981042,1.474864,-0.237451,-0.662290,1.268068
16.560000,1,0.282345,0.981278,1.484108,-0.237132,-0.665655,1.268449
16.562000,1,0.283223,0.981132,1.493003,-0.236828,-0.668965,1.268704
16.564000,1,0.284060,0.980609,1.501510,-0.236540,-0.672223,1.268839
16.566000,1,0.284853,0.979700,1.509589,-0.236269,-0.675439,1.268868
16.568000,1,0.285601,0.978399,1.517256,-0.236016,-0.678615,1.268793
16.570000,1,0.285601,0.978399,1.517256,-0.236016,-0.678615,1.268793
16.572000,1,0.286970,0.974641,1.531344,-0.235565,-0.684852,1.268345
16.574000,1,0.287597,0.972143,1.537784,-0.235369,-0.687919,1.267973
16.576000,1,0.288184,0.969264,1.543818,-0.235192,-0.690955,1.267515
16.578000,1,0.288728,0.966029,1.549423,-0.235033,-0.693961,1.266975
16.580000,1,0.289233,0.962441,1.554626,-0.234895,-0.696934,1.266348
16.582000,1,0.289700,0.958506,1.559399,-0.234778,-0.699882,1.265647
16.584000,1,0.289700,0.958506,1.559399,-0.234778,-0.699882,1.265647
16.586000,1,0.290528,0.949611,1.567688,-0.234610,-0.705707,1.264033
16.588000,1,0.290893,0.944669,1.571228,-0.234559,-0.708585,1.263122
16.590000,1,0.291228,0.939406,1.574389,-0.234534,-0.711441,1.262143
16.592000,1,0.291528,0.933830,1.577141,-0.234531,-0.714284,1.261111
16.594000,1,0.291793,0.927965,1.579468,-0.234549,-0.717116,1.260038
16.596000,1,0.292024,0.921749,1.581364,-0.234592,-0.719946,1.258926
16.598000,1,0.292224,0.915264,1.582881,-0.234657,-0.722768,1.257779
16.600000,1,0.292390,0.908475,1.583992,-0.234747,-0.725589,1.256599
16.602000,1,0.292524,0.901463,1.584727,-0.234860,-0.728403,1.255390
16.604000,1,0.292630,0.894232,1.585106,-0.234998,-0.731213,1.254153
16.606000,1,0.292701,0.886816,1.585113,-0.235159,-0.734020,1.252896
16.608000,1,0.292748,0.879208,1.584739,-0.235345,-0.736827,1.251620
16.610000,1,0.292771,0.871412,1.583991,-0.235556,-0.739636,1.250329
16.612000,1,0.292774,0.863433,1.582889,-0.235794,-0.742452,1.249029
16.614000,1,0.292756,0.855281,1.581435,-0.236057,-0.745278,1.247728
16.616000,1,0.292711,0.846987,1.579624,-0.236344,-0.748113,1.246426
16.618000,1,0.292642,0.838555,1.577472,-0.236659,-0.750959,1.245126
16.620000,1,0.292546,0.830000,1.574983,-0.236998,-0.753818,1.243831
16.622000,1,0.292419,0.821355,1.572154,-0.237362,-0.756689,1.242547
16.624000,1,0.292262,0.812622,1.568999,-0.237751,-0.759576,1.241274
16.626000,1,0.292077,0.803803,1.565533,-0.238167,-0.762479,1.240015
16.628000,1,0.291860,0.794929,1.561756,-0.238608,-0.765401,1.238776
16.630000,1,0.291605,0.786031,1.557669,-0.239073,-0.768341,1.237561
16.632000,1,0.291314,0.777110,1.553290,-0.239565,-0.771301,1.236369
16.634000,1,0.290994,0.768225,1.548599,-0.240082,-0.774281,1.235205
16.636000,1,0.290647,0.759381,1.543606,-0.240624,-0.777287,1.234078
16.638000,1,0.290275,0.750578,1.538329,-0.241192,-0.780320,1.232989
16.640000,1,0.289869,0.741858,1.532771,-0.241785,-0.783380,1.231941
16.642000,1,0.289428,0.733233,1.526945,-0.242402,-0.786468,1.230935
16.644000,1,0.288944,0.724732,1.520859,-0.243044,-0.789585,1.229972
16.646000,1,0.288421,0.716356,1.514531,-0.243710,-0.792731,1.229053
16.648000,1,0.287860,0.708104,1.507970,-0.244402,-0.795909,1.228180
16.650000,1,0.287259,0.699983,1.501186,-0.245118,-0.799121,1.227356
16.652000,1,0.286621,0.691993,1.494194,-0.245861,-0.802366,1.226579
16.654000,1,0.285942,0.684161,1.487004,-0.246628,-0.805645,1.225851
16.656000,1,0.285218,0.676504,1.479615,-0.247419,-0.808959,1.225175
16.658000,1,0.284452,0.669022,1.472043,-0.248235,-0.812307,1.224549
16.660000,1,0.283707,0.661684,1.464252,-0.249081,-0.815691,1.223971
16.662000,1,0.282976,0.654529,1.456242,-0.249955,-0.819113,1.223448
16.664000,1,0.282253,0.647566,1.448025,-0.250854,-0.822571,1.222979
16.666000,1,0.281531,0.640803,1.439615,-0.251778,-0.826068,1.222563
16.668000,1,0.280799,0.634233,1.430971,-0.252728,-0.829603,1.222203
16.670000,1,0.280067,0.627834,1.422125,-0.253703,-0.833180,1.221898
16.672000,1,0.279330,0.621611,1.413097,-0.254703,-0.836797,1.221648
16.674000,1,0.278582,0.615575,1.403902,-0.255727,-0.840453,1.221450
16.676000,1,0.277818,0.609735,1.394555,-0.256774,-0.844147,1.221304
16.678000,1,0.277002,0.604174,1.385041,-0.257842,-0.847875,1.221209
16.680000,1,0.276164,0.598815,1.375403,-0.258931,-0.851641,1.221164
16.682000,1,0.275306,0.593658,1.365655,-0.260043,-0.855445,1.221168
16.684000,1,0.274617,0.588977,1.355527,-0.261192,-0.859256,1.221200
16.686000,1,0.274049,0.584777,1.345021,-0.262371,-0.863080,1.221264
16.688000,1,0.273583,0.581020,1.334256,-0.263578,-0.866925,1.221363
16.690000,1,0.273072,0.577612,1.323369,-0.264799,-0.870809,1.221511
16.692000,1,0.272461,0.574483,1.312454,-0.266032,-0.874739,1.221713
16.694000,1,0.271754,0.571632,1.301525,-0.267277,-0.878712,1.221966
16.696000,1,0.270957,0.569036,1.290652,-0.268535,-0.882728,1.222267
16.698000,1,0.270061,0.566630,1.279873,-0.269803,-0.886792,1.222619
16.700000,1,0.269023,0.564392,1.269171,-0.271080,-0.890907,1.223023
16.702000,0,0.267845,0.562320,1.258554,-0.272367,-0.895067,1.223477
16.704000,0,0.266815,0.562117,1.251564,-0.273714,-0.899410,1.224042
16.706000,0,0.266089,0.562630,1.246105,-0.274898,-0.902963,1.223910
16.708000,0,0.265646,0.563617,1.241792,-0.275897,-0.905737,1.223074
16.710000,0,0.265139,0.565166,1.238705,-0.276899,-0.908853,1.223392
16.712000,0,0.264566,0.567190,1.236657,-0.277928,-0.912419,1.225181
16.714000,0,0.263937,0.569597,1.235449,-0.278983,-0.916392,1.228377
16.716000,0,0.263264,0.572318,1.234940,-0.280056,-0.920717,1.232880
16.718000,0,0.262561,0.575257,1.234955,-0.281142,-0.925290,1.239211
16.720000,0,0.261838,0.578391,1.235416,-0.282232,-0.930007,1.247050
16.722000,0,0.261098,0.581679,1.236235,-0.283313,-0.934817,1.256116
16.724000,0,0.260345,0.585089,1.237336,-0.284375,-0.939674,1.266158
16.726000,0,0.259579,0.588589,1.238651,-0.285408,-0.944530,1.276961
16.728000,0,0.258797,0.592129,1.240087,-0.286409,-0.949372,1.288469
16.730000,0,0.258000,0.595691,1.241598,-0.287371,-0.954155,1.300500
16.732000,0,0.257197,0.599281,1.243173,-0.288275,-0.958793,1.312799
16.734000,0,0.256389,0.602885,1.244776,-0.289114,-0.963243,1.325244
16.736000,0,0.255578,0.606488,1.246376,-0.289887,-0.967474,1.337744
16.738000,0,0.254765,0.610079,1.247948,-0.290594,-0.971465,1.350209
16.740000,0,0.253943,0.613636,1.249455,-0.291238,-0.975213,1.362643
16.742000,0,0.253115,0.617154,1.250879,-0.291818,-0.978689,1.375006
16.744000,0,0.252286,0.620643,1.252228,-0.292331,-0.981847,1.387196
16.746000,0,0.251458,0.624101,1.253492,-0.292782,-0.984670,1.399149
16.748000,0,0.250632,0.627521,1.254660,-0.293167,-0.987139,1.410860
16.750000,0,0.250632,0.627521,1.254660,-0.293167,-0.987139,1.410860
16.752000,0,0.249808,0.630900,1.255723,-0.293489,-0.989241,1.422305
16.754000,0,0.248162,0.637498,1.257462,-0.293949,-0.992298,1.444480
16.756000,0,0.247340,0.640707,1.258115,-0.294091,-0.993204,1.455251
16.758000,0,0.246523,0.643875,1.258662,-0.294159,-0.993737,1.465659
16.760000,0,0.245712,0.647005,1.259107,-0.294151,-0.993897,1.475672
16.762000,0,0.244909,0.650100,1.259445,-0.294064,-0.993633,1.485305
16.764000,0,0.244114,0.653160,1.259677,-0.293902,-0.992940,1.494552
16.766000,0,0.243328,0.656187,1.259806,-0.293668,-0.991820,1.503402
16.768000,0,0.242551,0.659177,1.259829,-0.293364,-0.990278,1.511885
16.770000,0,0.241785,0.662133,1.259750,-0.292996,-0.988319,1.519989
16.772000,0,0.241030,0.665061,1.259589,-0.292570,-0.986004,1.527652
16.774000,0,0.240290,0.667967,1.259346,-0.292083,-0.983285,1.534871
16.776000,0,0.239564,0.670850,1.259024,-0.291538,-0.980165,1.541643
16.778000,0,0.238854,0.673714,1.258627,-0.290938,-0.976654,1.547969
16.780000,0,0.238161,0.676556,1.258150,-0.290286,-0.972755,1.553877
16.782000,0,0.237486,0.679378,1.257598,-0.289587,-0.968481,1.559364
16.784000,0,0.236829,0.682183,1.256986,-0.288847,-0.963899,1.564404
16.786000,0,0.236190,0.684976,1.256318,-0.288064,-0.958961,1.568989
16.788000,0,0.235570,0.687758,1.255600,-0.287247,-0.953742,1.573110
16.790000,0,0.234969,0.690530,1.254840,-0.286400,-0.948258,1.576774
16.792000,0,0.234390,0.693295,1.254035,-0.285527,-0.942514,1.580009
16.794000,0,0.233835,0.696057,1.253188,-0.284618,-0.936450,1.582813
16.796000,0,0.233299,0.698817,1.252307,-0.283683,-0.930132,1.585211
16.798000,0,0.232785,0.701576,1.251401,-0.282724,-0.923591,1.587185
16.800000,0,0.232293,0.704338,1.250472,-0.281744,-0.916837,1.588766
16.802000,0,0.231824,0.707103,1.249524,-0.280743,-0.909880,1.589961
16.804000,0,0.231381,0.709874,1.248557,-0.279726,-0.902725,1.590793
16.806000,0,0.230964,0.712657,1.247576,-0.278696,-0.895302,1.591220
16.808000,0,0.230575,0.715452,1.246584,-0.277655,-0.887622,1.591245
16.810000,0,0.230211,0.718256,1.245585,-0.276613,-0.879769,1.590899
16.812000,0,0.229872,0.721070,1.244582,-0.275568,-0.871765,1.590189
16.814000,0,0.229560,0.723895,1.243577,-0.274523,-0.863615,1.589134
16.816000,0,0.229273,0.726737,1.242580,-0.273475,-0.855331,1.587740
16.818000,0,0.229012,0.729596,1.241596,-0.272422,-0.846950,1.585993
16.820000,0,0.228775,0.732473,1.240626,-0.271364,-0.838485,1.583896
16.822000,0,0.228565,0.735373,1.239675,-0.270292,-0.829891,1.581427
16.824000,0,0.228381,0.738295,1.238744,-0.269213,-0.821235,1.578630
16.826000,0,0.228223,0.741241,1.237837,-0.268120,-0.812484,1.575486
16.828000,0,0.228094,0.744215,1.236955,-0.267014,-0.803641,1.572012
16.830000,0,0.227994,0.747217,1.236102,-0.265920,-0.794710,1.568198
16.832000,0,0.227921,0.750249,1.235284,-0.264839,-0.785724,1.564043
16.834000,0,0.227874,0.753308,1.234503,-0.263775,-0.776765,1.559591
16.836000,0,0.227852,0.756395,1.233760,-0.262728,-0.767839,1.554857
16.838000,0,0.227856,0.759513,1.233057,-0.261694,-0.758956,1.549849
16.840000,0,0.227887,0.762666,1.232399,-0.260667,-0.750072,1.544538
16.842000,0,0.227944,0.765855,1.231786,-0.259641,-0.741228,1.538917
16.844000,0,0.228026,0.769076,1.231219,-0.258622,-0.732480,1.533042
16.846000,0,0.228134,0.772334,1.230701,-0.257605,-0.723790,1.526886
16.848000,0,0.228266,0.775631,1.230236,-0.256594,-0.715200,1.520503
16.850000,0,0.228424,0.778970,1.229827,-0.255584,-0.706693,1.513857
16.852000,0,0.228608,0.782351,1.229474,-0.254576,-0.698269,1.506962
16.854000,0,0.228818,0.785772,1.229176,-0.253573,-0.689967,1.499871
16.856000,0,0.229052,0.789235,1.228932,-0.252575,-0.681781,1.492597
16.858000,0,0.229314,0.792734,1.228739,-0.251631,-0.673785,1.485060
16.860000,0,0.229606,0.796272,1.228597,-0.250739,-0.665973,1.477206
16.862000,0,0.229927,0.799849,1.228509,-0.249900,-0.658345,1.469053
16.864000,0,0.230275,0.803470,1.228478,-0.249110,-0.650892,1.460623
16.866000,0,0.230648,0.807135,1.228503,-0.248367,-0.643635,1.451993
16.868000,0,0.231044,0.810843,1.228583,-0.247656,-0.636601,1.443182
16.870000,0,0.231462,0.814595,1.228719,-0.246971,-0.629791,1.434200
16.872000,0,0.231900,0.818392,1.228910,-0.246306,-0.623209,1.425052
16.874000,0,0.232359,0.822231,1.229153,-0.245646,-0.616899,1.415717
16.876000,0,0.232838,0.826112,1.229447,-0.244987,-0.610862,1.406202
16.878000,0,0.233336,0.830038,1.229791,-0.244327,-0.605093,1.396521
16.880000,0,0.233853,0.834008,1.230186,-0.243663,-0.599587,1.386685
16.882000,0,0.234417,0.838000,1.230601,-0.243300,-0.594423,1.376397
16.884000,0,0.235020,0.842023,1.231045,-0.243221,-0.589597,1.365687
16.886000,0,0.235659,0.846078,1.231519,-0.243425,-0.585105,1.354573
16.888000,0,0.236326,0.850170,1.232029,-0.243847,-0.580926,1.343141
16.890000,0,0.237004,0.854312,1.232587,-0.244288,-0.577017,1.331587
16.892000,0,0.237686,0.858518,1.233209,-0.244678,-0.573241,1.320116
16.894000,0,0.238368,0.862780,1.233888,-0.244924,-0.569701,1.308658
16.896000,0,0.239051,0.867094,1.234621,-0.245030,-0.566395,1.297226
16.898000,0,0.239734,0.871465,1.235408,-0.244961,-0.563269,1.285869
16.900000,0,0.240418,0.875890,1.236248,-0.244722,-0.560277,1.274611
16.902000,0,0.241107,0.880368,1.237138,-0.244329,-0.557408,1.263464
16.904000,1,0.241857,0.885003,1.238133,-0.244111,-0.556487,1.256113
16.906000,1,0.242650,0.889769,1.239218,-0.243994,-0.557217,1.251876
16.908000,1,0.243509,0.894738,1.241282,-0.243790,-0.558768,1.249019
16.910000,1,0.244439,0.899879,1.244298,-0.243519,-0.560956,1.247247
16.912000,1,0.245440,0.905171,1.248218,-0.243194,-0.563657,1.246361
16.914000,1,0.246509,0.910586,1.253001,-0.242828,-0.566766,1.246193
16.916000,1,0.247671,0.915992,1.259278,-0.242446,-0.570182,1.246594
16.918000,1,0.248921,0.921373,1.266959,-0.242046,-0.573813,1.247415
16.920000,1,0.250252,0.926702,1.275907,-0.241632,-0.577603,1.248553
16.922000,1,0.251634,0.931968,1.285731,-0.241212,-0.581528,1.249968
16.924000,1,0.253049,0.937150,1.296210,-0.240790,-0.585551,1.251591
16.926000,1,0.254485,0.942218,1.307178,-0.240370,-0.589638,1.253357
16.928000,1,0.255941,0.947166,1.318604,-0.239948,-0.593740,1.255184
16.930000,1,0.257404,0.951946,1.330252,-0.239532,-0.597857,1.257056
16.932000,1,0.258856,0.956531,1.342021,-0.239124,-0.601970,1.258935
16.934000,1,0.260292,0.960896,1.353828,-0.238724,-0.606063,1.260787
16.936000,1,0.260292,0.960896,1.353828,-0.238724,-0.606063,1.260787
16.938000,1,0.263113,0.968859,1.377404,-0.237949,-0.614122,1.264272
16.940000,1,0.264496,0.972437,1.389123,-0.237573,-0.618055,1.265844
16.942000,1,0.265862,0.975738,1.400786,-0.237203,-0.621900,1.267263
16.944000,1,0.267203,0.978714,1.412231,-0.236846,-0.625690,1.268567
16.946000,1,0.268520,0.981364,1.423476,-0.236502,-0.629406,1.269727
16.948000,1,0.269809,0.983671,1.434419,-0.236173,-0.633061,1.270760
16.950000,1,0.271067,0.985622,1.445034,-0.235860,-0.636656,1.271663
16.952000,1,0.272296,0.987201,1.455331,-0.235563,-0.640188,1.272430
16.954000,1,0.273505,0.988353,1.465330,-0.235283,-0.643661,1.273054
16.956000,1,0.274686,0.989119,1.474996,-0.235020,-0.647073,1.273541
16.958000,1,0.275829,0.989525,1.484305,-0.234770,-0.650425,1.273898
16.960000,1,0.276936,0.989575,1.493283,-0.234533,-0.653714,1.274118
16.962000,1,0.278004,0.989260,1.501885,-0.234310,-0.656949,1.274220
16.964000,1,0.278004,0.989260,1.501885,-0.234310,-0.656949,1.274220
16.966000,1,0.280019,0.987531,1.517924,-0.233911,-0.663272,1.274074
16.968000,1,0.280968,0.986118,1.525384,-0.233736,-0.666356,1.273820
16.970000,1,0.281877,0.984339,1.532445,-0.233578,-0.669396,1.273460
16.972000,1,0.282745,0.982193,1.539099,-0.233439,-0.672395,1.272997
16.974000,1,0.283575,0.979687,1.545373,-0.233318,-0.675349,1.272425
16.976000,1,0.284365,0.976823,1.551235,-0.233216,-0.678267,1.271759
16.978000,1,0.285113,0.973607,1.556680,-0.233134,-0.681151,1.271005
16.980000,1,0.285817,0.970052,1.561687,-0.233071,-0.684003,1.270166
16.982000,1,0.286488,0.966150,1.566276,-0.233028,-0.686829,1.269252
16.984000,1,0.287126,0.961907,1.570452,-0.233005,-0.689632,1.268268
16.986000,1,0.287732,0.957326,1.574217,-0.233004,-0.692412,1.267216
16.988000,1,0.288308,0.952415,1.577594,-0.233024,-0.695170,1.266094
16.990000,1,0.288853,0.947186,1.580580,-0.233068,-0.697907,1.264907
16.992000,1,0.289363,0.941661,1.583148,-0.233132,-0.700626,1.263666
16.994000,1,0.289837,0.935852,1.585295,-0.233219,-0.703330,1.262376
16.996000,1,0.290277,0.929765,1.587045,-0.233329,-0.706018,1.261035
16.998000,1,0.290684,0.923425,1.588405,-0.233462,-0.708695,1.259653
17.000000,1,0.291056,0.916847,1.589375,-0.233619,-0.711361,1.258234
17.002000,1,0.291393,0.910045,1.589959,-0.233798,-0.714023,1.256788
17.004000,1,0.291695,0.903034,1.590159,-0.234000,-0.716681,1.255319
17.006000,1,0.291963,0.895818,1.589994,-0.234228,-0.719336,1.253824
17.008000,1,0.292211,0.888383,1.589453,-0.234481,-0.721993,1.252312
17.010000,1,0.292441,0.880734,1.588540,-0.234760,-0.724653,1.250785
17.012000,1,0.292650,0.872893,1.587255,-0.235064,-0.727316,1.249246
17.014000,1,0.292834,0.864881,1.585605,-0.235393,-0.729984,1.247698
17.016000,1,0.292992,0.856716,1.583593,-0.235747,-0.732657,1.246146
17.018000,1,0.293124,0.848415,1.581228,-0.236125,-0.735340,1.244597
17.020000,1,0.293228,0.839997,1.578518,-0.236526,-0.738034,1.243056
17.022000,1,0.293302,0.831479,1.575471,-0.236951,-0.740740,1.241524
17.024000,1,0.293345,0.822878,1.572095,-0.237401,-0.743459,1.240004
17.026000,1,0.293354,0.814157,1.568350,-0.237876,-0.746196,1.238499
17.028000,1,0.293327,0.805387,1.564293,-0.238374,-0.748948,1.237012
17.030000,1,0.293263,0.796592,1.559937,-0.238897,-0.751715,1.235545
17.032000,1,0.293173,0.787788,1.555277,-0.239444,-0.754498,1.234100
17.034000,1,0.293056,0.778989,1.550322,-0.240017,-0.757300,1.232680
17.036000,1,0.292912,0.770210,1.545080,-0.240614,-0.760122,1.231291
17.038000,1,0.292736,0.761466,1.539562,-0.241236,-0.762965,1.229934
17.040000,1,0.292526,0.752770,1.533776,-0.241883,-0.765833,1.228611
17.042000,1,0.292280,0.744134,1.527731,-0.242554,-0.768725,1.227326
17.044000,1,0.291996,0.735572,1.521439,-0.243249,-0.771647,1.226088
17.046000,1,0.291673,0.727097,1.514908,-0.243967,-0.774601,1.224897
17.048000,1,0.291308,0.718720,1.508146,-0.244708,-0.777587,1.223754
17.050000,1,0.290900,0.710452,1.501162,-0.245474,-0.780606,1.222661
17.052000,1,0.290449,0.702293,1.493971,-0.246264,-0.783656,1.221617
17.054000,1,0.289955,0.694255,1.486583,-0.247078,-0.786740,1.220623
17.056000,1,0.289955,0.694255,1.486583,-0.247078,-0.786740,1.220623
17.058000,1,0.289416,0.686346,1.479003,-0.247917,-0.789858,1.219680
17.060000,1,0.288286,0.671082,1.463089,-0.249675,-0.796186,1.217949
17.062000,1,0.287694,0.663706,1.454736,-0.250595,-0.799399,1.217162
17.064000,1,0.287080,0.656548,1.446192,-0.251540,-0.802645,1.216427
17.066000,1,0.286439,0.649617,1.437476,-0.252508,-0.805925,1.215747
17.068000,1,0.285772,0.642910,1.428604,-0.253499,-0.809239,1.215120
17.070000,1,0.285772,0.642910,1.428604,-0.253499,-0.809239,1.215120
17.072000,1,0.284327,0.630227,1.410427,-0.255546,-0.815983,1.214046
17.074000,1,0.283553,0.624234,1.401143,-0.256603,-0.819413,1.213598
17.076000,1,0.282737,0.618474,1.391739,-0.257680,-0.822883,1.213207
17.078000,1,0.281878,0.612948,1.382218,-0.258778,-0.826391,1.212873
17.080000,1,0.280969,0.607675,1.372593,-0.259896,-0.829938,1.212596
17.082000,1,0.280011,0.602654,1.362878,-0.261034,-0.833523,1.212375
17.084000,1,0.279133,0.598103,1.352771,-0.262205,-0.837120,1.212194
17.086000,1,0.278339,0.593991,1.342340,-0.263406,-0.840734,1.212050
17.088000,1,0.277599,0.590271,1.331669,-0.264634,-0.844373,1.211947
17.090000,1,0.276842,0.586884,1.320870,-0.265881,-0.848047,1.211889
17.092000,1,0.276072,0.583829,1.309962,-0.267146,-0.851758,1.211883
17.094000,1,0.275204,0.580999,1.299080,-0.268423,-0.855518,1.211935
17.096000,1,0.274221,0.578344,1.288276,-0.269710,-0.859329,1.212043
17.098000,1,0.273122,0.575827,1.277573,-0.271007,-0.863191,1.212207
17.100000,1,0.271978,0.573305,1.267053,-0.272318,-0.867110,1.212427
17.102000,1,0.270725,0.570901,1.256622,-0.273639,-0.871076,1.212700
17.104000,0,0.269372,0.568606,1.246269,-0.274969,-0.875085,1.213021
17.106000,0,0.269372,0.568606,1.246269,-0.274969,-0.875085,1.213021
17.108000,0,0.267036,0.568958,1.234293,-0.277694,-0.883239,1.213541
17.110000,0,0.265954,0.570731,1.230691,-0.278979,-0.886978,1.213235
17.112000,0,0.264867,0.573078,1.228285,-0.280233,-0.891024,1.214061
17.114000,0,0.264867,0.573078,1.228285,-0.280233,-0.891024,1.214061
17.116000,0,0.262678,0.579027,1.226217,-0.282682,-0.900054,1.219404
17.118000,0,0.261575,0.582435,1.226189,-0.283870,-0.904970,1.223855
17.120000,0,0.260486,0.586054,1.226678,-0.285041,-0.909986,1.230008
17.122000,0,0.259410,0.589828,1.227572,-0.286189,-0.915052,1.237671
17.124000,0,0.258343,0.593720,1.228789,-0.287307,-0.920147,1.246578
17.126000,0,0.257280,0.597664,1.230213,-0.288389,-0.925252,1.256647
17.128000,0,0.256226,0.601663,1.231826,-0.289427,-0.930324,1.267478
17.130000,0,0.255177,0.605691,1.233566,-0.290403,-0.935301,1.278949
17.132000,0,0.254135,0.609727,1.235386,-0.291313,-0.940141,1.290896
17.134000,0,0.253092,0.613732,1.237213,-0.292155,-0.944836,1.303284
17.136000,0,0.252051,0.617695,1.239024,-0.292929,-0.949362,1.315955
17.138000,0,0.251020,0.621634,1.240830,-0.293630,-0.953677,1.328646
17.140000,0,0.249999,0.625540,1.242608,-0.294257,-0.957756,1.341263
17.142000,0,0.248985,0.629387,1.244314,-0.294812,-0.961597,1.353809
17.144000,0,0.247977,0.633167,1.245922,-0.295293,-0.965145,1.366282
17.146000,0,0.246981,0.636896,1.247450,-0.295704,-0.968387,1.378540
17.148000,0,0.245997,0.640571,1.248886,-0.296049,-0.971308,1.390540
17.150000,0,0.245025,0.644186,1.250213,-0.296323,-0.973855,1.402302
17.152000,0,0.244061,0.647727,1.251408,-0.296532,-0.976029,1.413846
17.154000,0,0.243109,0.651206,1.252484,-0.296676,-0.977808,1.425103
17.156000,0,0.242170,0.654625,1.253449,-0.296763,-0.979229,1.436013
17.158000,0,0.241242,0.657982,1.254300,-0.296776,-0.980318,1.446560
17.160000,0,0.240326,0.661269,1.255024,-0.296717,-0.981081,1.456768
17.162000,0,0.239421,0.664489,1.255616,-0.296578,-0.981468,1.466659
17.164000,0,0.238530,0.667655,1.256099,-0.296371,-0.981506,1.476165
17.166000,0,0.237653,0.670772,1.256482,-0.296098,-0.981195,1.485274
17.168000,0,0.236792,0.673843,1.256765,-0.295762,-0.980532,1.493985
17.170000,0,0.235946,0.676872,1.256946,-0.295358,-0.979464,1.502310
17.172000,0,0.235116,0.679853,1.257019,-0.294887,-0.977995,1.510278
17.174000,0,0.234303,0.682791,1.256988,-0.294353,-0.976124,1.517885
17.176000,0,0.233507,0.685691,1.256872,-0.293766,-0.973910,1.525073
17.178000,0,0.232731,0.688558,1.256677,-0.293129,-0.971364,1.531833
17.180000,0,0.231974,0.691389,1.256398,-0.292446,-0.968490,1.538194
17.182000,0,0.231237,0.694188,1.256041,-0.291717,-0.965291,1.544155
17.184000,0,0.230521,0.696965,1.255621,-0.290945,-0.961768,1.549693
17.186000,0,0.229826,0.699722,1.255141,-0.290130,-0.957926,1.554807
17.188000,0,0.229153,0.702460,1.254604,-0.289277,-0.953770,1.559525
17.190000,0,0.228502,0.705183,1.254012,-0.288387,-0.949307,1.563847
17.192000,0,0.227873,0.707893,1.253376,-0.287459,-0.944550,1.567752
17.194000,0,0.227267,0.710594,1.252699,-0.286495,-0.939508,1.571239
17.196000,0,0.226683,0.713289,1.251988,-0.285496,-0.934194,1.574315
17.198000,0,0.226123,0.715979,1.251243,-0.284467,-0.928611,1.577003
17.200000,0,0.225587,0.718667,1.250472,-0.283406,-0.922779,1.579289
17.202000,0,0.225074,0.721354,1.249677,-0.282315,-0.916711,1.581177
17.204000,0,0.224586,0.724042,1.248862,-0.281197,-0.910423,1.582690
17.206000,0,0.224126,0.726733,1.248027,-0.280055,-0.903921,1.583853
17.208000,0,0.223692,0.729430,1.247179,-0.278902,-0.897188,1.584659
17.210000,0,0.223286,0.732135,1.246320,-0.277740,-0.890234,1.585108
17.212000,0,0.222909,0.734850,1.245451,-0.276571,-0.883065,1.585220
17.214000,0,0.222559,0.737577,1.244583,-0.275394,-0.875708,1.584977
17.216000,0,0.222235,0.740318,1.243720,-0.274207,-0.868188,1.584374
17.218000,0,0.221937,0.743074,1.242865,-0.273012,-0.860514,1.583420
17.220000,0,0.221669,0.745848,1.242017,-0.271810,-0.852690,1.582132
17.222000,0,0.221429,0.748639,1.241180,-0.270600,-0.844733,1.580515
17.224000,0,0.221216,0.751449,1.240361,-0.269381,-0.836680,1.578556
17.226000,0,0.221029,0.754279,1.239560,-0.268153,-0.828541,1.576264
17.228000,0,0.220869,0.757132,1.238783,-0.266916,-0.820332,1.573647
