time,roll,pitch,yaw,roll_d,pitch_d,yaw_d
0.008000,3.140752,3.141320,3.140863,3.141064,3.141431,3.141132
0.010000,3.140387,3.141179,3.140550,3.141064,3.141431,3.141132
0.012000,3.140387,3.141179,3.140550,3.141064,3.141431,3.141132
0.014000,3.139525,3.140806,3.139824,3.141064,3.141431,3.141132
0.016000,3.139038,3.140573,3.139422,3.141064,3.141431,3.141132
0.018000,3.138520,3.140307,3.138999,3.141064,3.141431,3.141132
0.020000,3.137973,3.140010,3.138560,3.141064,3.141431,3.141132
0.022000,3.137401,3.139680,3.138106,3.141064,3.141431,3.141132
0.024000,3.137401,3.139680,3.138106,3.141064,3.141431,3.141132
0.026000,3.136188,3.138923,3.137168,3.141064,3.141431,3.141132
0.028000,3.135552,3.138495,3.136686,3.141064,3.141431,3.141132
0.030000,3.134896,3.138034,3.136198,3.141064,3.141431,3.141132
0.032000,3.134222,3.137540,3.135704,3.141064,3.141431,3.141132
0.034000,3.133531,3.137013,3.135206,3.141064,3.141431,3.141132
0.036000,3.132824,3.136452,3.134703,3.141064,3.141431,3.141132
0.038000,3.132099,3.135858,3.134196,3.141064,3.141431,3.141132
0.040000,3.131357,3.135231,3.133686,3.141064,3.141431,3.141132
0.042000,3.130666,3.135071,3.133086,3.141064,3.141431,3.141132
0.044000,3.130017,3.135368,3.132393,3.141064,3.141431,3.141132
0.046000,3.129483,3.135936,3.131654,3.141064,3.141431,3.141132
0.048000,3.129056,3.136768,3.130865,3.141064,3.141431,3.141132
0.050000,3.128784,3.137685,3.130071,3.141064,3.141431,3.141132
0.052000,3.128697,3.138554,3.129303,3.141064,3.141431,3.141132
0.054000,3.128806,3.139200,3.128603,3.141064,3.141431,3.141132
0.056000,3.129073,3.139615,3.127975,3.141064,3.141431,3.141132
0.058000,3.129496,3.139801,3.127414,3.141064,3.141431,3.141132
0.060000,3.129961,3.139876,3.126893,3.141064,3.141431,3.141132
0.062000,3.130418,3.139904,3.126400,3.141064,3.141431,3.141132
0.064000,3.130418,3.139904,3.126400,3.141064,3.141431,3.141132
0.066000,3.131297,3.139842,3.125481,3.141064,3.141431,3.141132
0.068000,3.131757,3.139721,3.125060,3.141064,3.141431,3.141132
0.070000,3.132239,3.139528,3.124666,3.141064,3.141431,3.141132
0.070000,3.132239,3.139528,3.124666,3.141064,3.141431,3.141132
0.074000,3.133269,3.138933,3.123955,3.141064,3.141431,3.141132
0.076000,3.133269,3.138933,3.123955,3.141064,3.141431,3.141132
0.078000,3.134364,3.138079,3.123344,3.141064,3.141431,3.141132
0.080000,3.134935,3.137558,3.123075,3.141064,3.141431,3.141132
0.082000,3.135506,3.136987,3.122830,3.141064,3.141431,3.141132
0.084000,3.135506,3.136987,3.122830,3.141064,3.141431,3.141132
0.086000,3.136628,3.135727,3.122407,3.141064,3.141431,3.141132
0.088000,3.137183,3.135035,3.122229,3.141064,3.141431,3.141132
0.090000,3.137725,3.134311,3.122074,3.141064,3.141431,3.141132
0.092000,3.137725,3.134311,3.122074,3.141064,3.141431,3.141132
0.094000,3.138748,3.132791,3.121829,3.141064,3.141431,3.141132
0.096000,3.139227,3.131997,3.121741,3.141064,3.141431,3.141132
0.098000,3.139679,3.131189,3.121675,3.141064,3.141431,3.141132
0.100000,3.140100,3.130373,3.121630,3.141064,3.141431,3.141132
0.102000,3.140490,3.129549,3.121608,3.141064,3.141431,3.141132
0.104000,3.140847,3.128724,3.121607,3.141064,3.141431,3.141132
0.106000,3.141177,3.127893,3.121629,3.141064,3.141431,3.141132
0.108000,3.141472,3.127067,3.121673,3.141064,3.141431,3.141132
0.110000,0.000142,0.015348,-0.019854,3.141064,3.141431,3.141132
0.112000,0.000365,0.016157,-0.019766,3.141064,3.141431,3.141132
0.114000,0.000546,0.016950,-0.019657,3.141064,3.141431,3.141132
0.116000,0.000684,0.017722,-0.019527,3.141064,3.141431,3.141132
0.118000,0.000773,0.018470,-0.019376,3.141064,3.141431,3.141132
0.120000,0.000818,0.019198,-0.019201,3.141064,3.141431,3.141132
0.122000,0.000818,0.019900,-0.019005,3.141064,3.141431,3.141132
0.124000,0.000772,0.020571,-0.018788,3.141064,3.141431,3.141132
0.126000,0.000681,0.021210,-0.018549,3.141064,3.141431,3.141132
0.128000,0.000547,0.021813,-0.018290,3.141064,3.141431,3.141132
0.130000,0.000374,0.022380,-0.018011,3.141064,3.141431,3.141132
0.132000,0.000163,0.022908,-0.017713,3.141064,3.141431,3.141132
0.134000,3.141508,3.118195,3.124197,3.141064,3.141431,3.141132
0.136000,3.141226,3.117748,3.124533,3.141064,3.141431,3.141132
0.138000,3.140908,3.117344,3.124887,3.141064,3.141431,3.141132
0.140000,3.140560,3.116979,3.125261,3.141064,3.141431,3.141132
0.142000,3.140178,3.116660,3.125652,3.141064,3.141431,3.141132
0.144000,3.140178,3.116660,3.125652,3.141064,3.141431,3.141132
0.146000,3.139309,3.116132,3.126496,3.141064,3.141431,3.141132
0.148000,3.138823,3.115923,3.126949,3.141064,3.141431,3.141132
0.150000,3.138306,3.115760,3.127419,3.141064,3.141431,3.141132
0.152000,3.137765,3.115642,3.127905,3.141064,3.141431,3.141132
0.154000,3.137206,3.115569,3.128408,3.141064,3.141431,3.141132
0.156000,3.136631,3.115540,3.128926,3.141064,3.141431,3.141132
0.158000,3.136045,3.115556,3.129458,3.141064,3.141431,3.141132
0.160000,3.135451,3.115612,3.130004,3.141064,3.141431,3.141132
0.162000,3.134850,3.115713,3.130563,3.141064,3.141431,3.141132
0.164000,3.134242,3.115860,3.131134,3.141064,3.141431,3.141132
0.166000,3.133631,3.116052,3.131716,3.141064,3.141431,3.141132
0.168000,3.133021,3.116283,3.132309,3.141064,3.141431,3.141132
0.170000,3.132419,3.116498,3.132930,3.141064,3.141431,3.141132
0.172000,3.131834,3.116685,3.133580,3.141064,3.141431,3.141132
0.174000,3.131259,3.116864,3.134255,3.141064,3.141431,3.141132
0.176000,3.130689,3.117057,3.134950,3.141064,3.141431,3.141132
0.178000,3.130119,3.117281,3.135661,3.141064,3.141431,3.141132
0.180000,3.129551,3.117545,3.136383,3.141064,3.141431,3.141132
0.182000,3.128989,3.117852,3.137115,3.141064,3.141431,3.141132
0.184000,3.128429,3.118212,3.137852,3.141064,3.141431,3.141132
0.186000,3.127877,3.118624,3.138593,3.141064,3.141431,3.141132
0.188000,3.127351,3.119068,3.139340,3.141064,3.141431,3.141132
0.190000,3.126856,3.119534,3.140093,3.141064,3.141431,3.141132
0.192000,3.126392,3.120024,3.140853,3.141064,3.141431,3.141132
0.194000,3.125975,3.120516,-3.141563,3.141064,3.141431,3.141132
0.196000,3.125601,3.120749,-3.140695,3.141064,3.141431,3.141132
0.198000,3.125260,3.120749,-3.139735,3.141064,3.141431,3.141132
0.200000,3.125260,3.120749,-3.139735,3.141064,3.141431,3.141132
0.202000,3.124522,3.120725,-3.137715,3.141064,3.141431,3.141132
0.204000,3.124128,3.120890,-3.136719,3.141064,3.141431,3.141132
0.206000,3.123719,3.121187,-3.135738,3.141064,3.141431,3.141132
0.208000,3.123277,3.121768,-3.134907,3.141064,3.141431,3.141132
0.210000,3.122834,3.122608,-3.134216,3.141064,3.141431,3.141132
0.212000,3.122387,3.123678,-3.133678,3.141064,3.141431,3.141132
0.214000,3.121949,3.124968,-3.133277,3.141064,3.141431,3.141132
0.216000,3.121520,3.126399,-3.132991,3.141064,3.141431,3.141132
0.218000,3.121520,3.126399,-3.132991,3.141064,3.141431,3.141132
0.220000,3.120779,3.129553,-3.132700,3.141064,3.141431,3.141132
0.222000,3.120502,3.131251,-3.132671,3.141064,3.141431,3.141132
0.224000,3.120330,3.133033,-3.132704,3.141064,3.141431,3.141132
0.226000,3.120269,3.134850,-3.132789,3.141064,3.141431,3.141132
0.228000,3.120306,3.136663,-3.132922,3.141064,3.141431,3.141132
0.230000,3.120424,3.138460,-3.133102,3.141064,3.141431,3.141132
0.232000,3.120424,3.138460,-3.133102,3.141064,3.141431,3.141132
0.234000,3.120841,-3.141222,-3.133587,3.141064,3.141431,3.141132
0.236000,3.121126,-3.139531,-3.133888,3.141064,3.141431,3.141132
0.238000,3.121462,-3.137880,-3.134225,3.141064,3.141431,3.141132
0.240000,3.121828,-3.136300,-3.134593,3.141064,3.141431,3.141132
0.242000,3.122204,-3.134811,-3.134988,3.141064,3.141431,3.141132
0.244000,3.122585,-3.133424,-3.135407,3.141064,3.141431,3.141132
0.246000,3.122966,-3.132149,-3.135847,3.141064,3.141431,3.141132
0.248000,3.123347,-3.130985,-3.136306,3.141064,3.141431,3.141132
0.250000,3.123728,-3.129941,-3.136782,3.141064,3.141431,3.141132
0.252000,3.124109,-3.129021,-3.137272,3.141064,3.141431,3.141132
0.254000,3.124490,-3.128234,-3.137770,3.141064,3.141431,3.141132
0.256000,3.124876,-3.127581,-3.138272,3.141064,3.141431,3.141132
0.258000,3.125266,-3.127061,-3.138777,3.141064,3.141431,3.141132
0.260000,3.125661,-3.126673,-3.139284,3.141064,3.141431,3.141132
0.262000,3.126061,-3.126416,-3.139792,3.141064,3.141431,3.141132
0.264000,3.126469,-3.126287,-3.140297,3.141064,3.141431,3.141132
0.266000,3.126469,-3.126287,-3.140297,3.141064,3.141431,3.141132
0.268000,3.127332,-3.126378,-3.141286,3.141064,3.141431,3.141132
0.270000,3.127790,-3.126593,3.141417,3.141064,3.141431,3.141132
0.274000,3.127790,-3.126593,3.141417,3.141064,3.141431,3.141132
0.274000,3.128262,-3.126927,3.140948,3.141064,3.141431,3.141132
0.276000,3.129266,-3.127897,3.140051,3.141064,3.141431,3.141132
0.278000,3.129266,-3.127897,3.140051,3.141064,3.141431,3.141132
0.280000,3.130366,-3.129232,3.139219,3.141064,3.141431,3.141132
0.282000,3.130963,-3.130016,3.138836,3.141064,3.141431,3.141132
0.284000,3.131593,-3.130860,3.138476,3.141064,3.141431,3.141132
0.286000,3.132257,-3.131763,3.138138,3.141064,3.141431,3.141132
0.288000,3.132955,-3.132723,3.137825,3.141064,3.141431,3.141132
0.290000,3.132955,-3.132723,3.137825,3.141064,3.141431,3.141132
0.292000,3.134444,-3.134765,3.137272,3.141064,3.141431,3.141132
0.294000,3.135232,-3.135832,3.137033,3.141064,3.141431,3.141132
0.296000,3.136046,-3.136934,3.136820,3.141064,3.141431,3.141132
0.298000,3.136882,-3.138060,3.136642,3.141064,3.141431,3.141132
0.300000,3.137740,-3.139211,3.136499,3.141064,3.141431,3.141132
0.302000,3.138613,-3.140367,3.136382,3.141064,3.141431,3.141132
0.304000,3.138613,-3.140367,3.136382,3.141064,3.141431,3.141132
0.306000,3.140384,3.140535,3.136227,3.141064,3.141431,3.141132
0.308000,3.141280,3.139412,3.136189,3.141064,3.141431,3.141132
0.310000,0.000587,0.003286,-0.005415,3.141064,3.141431,3.141132
0.312000,0.000587,0.003286,-0.005415,3.141064,3.141431,3.141132
0.314000,0.002376,0.005431,-0.005355,3.141064,3.141431,3.141132
0.316000,0.003264,0.006469,-0.005285,3.141064,3.141431,3.141132
0.318000,0.003264,0.006469,-0.005285,3.141064,3.141431,3.141132
0.320000,0.004994,0.008450,-0.005063,3.141064,3.141431,3.141132
0.322000,0.005828,0.009390,-0.004911,3.141064,3.141431,3.141132
0.324000,0.006647,0.010299,-0.004731,3.141064,3.141431,3.141132
0.326000,0.006647,0.010299,-0.004731,3.141064,3.141431,3.141132
0.328000,0.008200,0.011999,-0.004287,3.141064,3.141431,3.141132
0.330000,0.008939,0.012795,-0.004021,3.141064,3.141431,3.141132
0.332000,0.009641,0.013546,-0.003729,3.141064,3.141431,3.141132
0.334000,0.010305,0.014252,-0.003409,3.141064,3.141431,3.141132
0.336000,0.010932,0.014916,-0.003062,3.141064,3.141431,3.141132
0.338000,0.011520,0.015535,-0.002687,3.141064,3.141431,3.141132
0.340000,0.012066,0.016107,-0.002286,3.141064,3.141431,3.141132
0.342000,0.012567,0.016633,-0.001857,3.141064,3.141431,3.141132
0.344000,0.013013,0.017108,-0.001400,3.141064,3.141431,3.141132
0.346000,0.013406,0.017535,-0.000915,3.141064,3.141431,3.141132
0.348000,0.013743,0.017912,-0.000401,3.141064,3.141431,3.141132
0.350000,0.014027,0.018242,0.000141,3.141064,3.141431,3.141132
0.352000,0.014259,0.018526,0.000713,3.141064,3.141431,3.141132
0.354000,0.014447,0.018781,0.001323,3.141064,3.141431,3.141132
0.356000,0.014585,0.018992,0.001962,3.141064,3.141431,3.141132
0.358000,0.014674,0.019158,0.002629,3.141064,3.141431,3.141132
0.360000,0.014674,0.019158,0.002629,3.141064,3.141431,3.141132
0.362000,0.014707,0.019351,0.004042,3.141064,3.141431,3.141132
0.364000,0.014655,0.019379,0.004787,3.141064,3.141431,3.141132
0.366000,0.014562,0.019365,0.005560,3.141064,3.141431,3.141132
0.368000,0.014426,0.019310,0.006359,3.141064,3.141431,3.141132
0.370000,0.014249,0.019214,0.007182,3.141064,3.141431,3.141132
0.372000,0.014249,0.019214,0.007182,3.141064,3.141431,3.141132
0.374000,0.013777,0.018959,0.008926,3.141064,3.141431,3.141132
0.376000,0.013483,0.018799,0.009844,3.141064,3.141431,3.141132
0.378000,0.013159,0.018623,0.010797,3.141064,3.141431,3.141132
0.380000,0.012798,0.018422,0.011777,3.141064,3.141431,3.141132
0.382000,0.012410,0.018195,0.012784,3.141064,3.141431,3.141132
0.384000,0.011996,0.017942,0.013815,3.141064,3.141431,3.141132
0.386000,0.011553,0.017656,0.014867,3.141064,3.141431,3.141132
0.388000,0.011098,0.017349,0.015943,3.141064,3.141431,3.141132
0.390000,0.010618,0.017012,0.017038,3.141064,3.141431,3.141132
0.392000,0.010112,0.016646,0.018149,3.141064,3.141431,3.141132
0.394000,0.009626,0.016338,0.019312,3.141064,3.141431,3.141132
0.396000,0.009626,0.016338,0.019312,3.141064,3.141431,3.141132
0.398000,0.008696,0.015813,0.021746,3.141064,3.141431,3.141132
0.400000,0.008239,0.015558,0.023002,3.141064,3.141431,3.141132
0.402000,0.007768,0.015265,0.024266,3.141064,3.141431,3.141132
0.404000,0.007287,0.014934,0.025537,3.141064,3.141431,3.141132
0.406000,0.006796,0.014564,0.026813,3.141064,3.141431,3.141132
0.408000,0.005923,0.014388,0.027960,3.141064,3.141431,3.141132
0.410000,0.004695,0.014387,0.028990,3.141064,3.141431,3.141132
0.412000,0.002864,0.014000,0.029825,3.141064,3.141431,3.141132
0.414000,0.000527,0.013153,0.030459,3.141064,3.141431,3.141132
0.416000,3.139318,3.129760,-3.110692,3.141064,3.141431,3.141132
0.418000,3.136267,3.131412,-3.110417,3.141064,3.141431,3.141132
0.420000,3.133186,3.133195,-3.110274,3.141064,3.141431,3.141132
0.422000,3.130403,3.134727,-3.110196,3.141064,3.141431,3.141132
0.424000,3.127929,3.136020,-3.110173,3.141064,3.141431,3.141132
0.426000,3.125831,3.136981,-3.110179,3.141064,3.141431,3.141132
0.428000,3.125831,3.136981,-3.110179,3.141064,3.141431,3.141132
0.430000,3.122233,3.138344,-3.110269,3.141064,3.141431,3.141132
0.432000,3.120647,3.138850,-3.110352,3.141064,3.141431,3.141132
0.434000,3.119160,3.139292,-3.110456,3.141064,3.141431,3.141132
0.436000,3.117758,3.139689,-3.110578,3.141064,3.141431,3.141132
0.438000,3.117758,3.139689,-3.110578,3.141064,3.141431,3.141132
0.440000,3.115281,3.140296,-3.110854,3.141064,3.141431,3.141132
0.442000,3.114218,3.140498,-3.111002,3.141064,3.141431,3.141132
0.444000,3.113285,3.140612,-3.111146,3.141064,3.141431,3.141132
0.446000,3.112488,3.140627,-3.111283,3.141064,3.141431,3.141132
0.448000,3.111830,3.140545,-3.111414,3.141064,3.141431,3.141132
0.450000,3.111302,3.140374,-3.111536,3.141064,3.141431,3.141132
0.452000,3.110899,3.140120,-3.111648,3.141064,3.141431,3.141132
0.454000,3.110609,3.139791,-3.111751,3.141064,3.141431,3.141132
0.456000,3.110417,3.139401,-3.111841,3.141064,3.141431,3.141132
0.458000,3.110322,3.138950,-3.111921,3.141064,3.141431,3.141132
0.460000,3.110319,3.138441,-3.111988,3.141064,3.141431,3.141132
0.462000,3.110405,3.137877,-3.112042,3.141064,3.141431,3.141132
0.464000,3.110574,3.137258,-3.112082,3.141064,3.141431,3.141132
0.466000,3.110822,3.136588,-3.112106,3.141064,3.141431,3.141132
0.468000,3.111148,3.135867,-3.112115,3.141064,3.141431,3.141132
0.470000,3.111537,3.135096,-3.112107,3.141064,3.141431,3.141132
0.472000,3.111980,3.134282,-3.112079,3.141064,3.141431,3.141132
0.474000,3.112473,3.133429,-3.112033,3.141064,3.141431,3.141132
0.476000,3.113013,3.132539,-3.111969,3.141064,3.141431,3.141132
0.478000,3.113603,3.131612,-3.111887,3.141064,3.141431,3.141132
0.480000,3.114230,3.130661,-3.111786,3.141064,3.141431,3.141132
0.482000,3.114888,3.129693,-3.111668,3.141064,3.141431,3.141132
0.484000,3.115575,3.128714,-3.111532,3.141064,3.141431,3.141132
0.486000,3.116288,3.127725,-3.111379,3.141064,3.141431,3.141132
0.488000,3.116288,3.127725,-3.111379,3.141064,3.141431,3.141132
0.490000,3.117724,3.125765,-3.111018,3.141064,3.141431,3.141132
0.492000,3.118437,3.124801,-3.110810,3.141064,3.141431,3.141132
0.494000,3.118437,3.124801,-3.110810,3.141064,3.141431,3.141132
0.496000,3.119795,3.122887,-3.110317,3.141064,3.141431,3.141132
0.498000,3.120431,3.121926,-3.110027,3.141064,3.141431,3.141132
0.500000,3.121053,3.120981,-3.109714,3.141064,3.141431,3.141132
0.502000,3.121656,3.120067,-3.109380,3.141064,3.141431,3.141132
0.504000,3.122237,3.119189,-3.109026,3.141064,3.141431,3.141132
0.506000,3.122793,3.118348,-3.108650,3.141064,3.141431,3.141132
0.508000,3.123324,3.117545,-3.108253,3.141064,3.141431,3.141132
0.510000,3.123827,3.116780,-3.107834,3.141064,3.141431,3.141132
0.512000,3.124310,3.116050,-3.107392,3.141064,3.141431,3.141132
0.514000,3.124769,3.115356,-3.106929,3.141064,3.141431,3.141132
0.516000,3.125194,3.114710,-3.106443,3.141064,3.141431,3.141132
0.518000,3.125587,3.114112,-3.105936,3.141064,3.141431,3.141132
0.520000,3.125924,3.113548,-3.105398,3.141064,3.141431,3.141132
0.522000,3.126197,3.113026,-3.104830,3.141064,3.141431,3.141132
0.524000,3.126409,3.112547,-3.104232,3.141064,3.141431,3.141132
0.526000,3.126568,3.112116,-3.103607,3.141064,3.141431,3.141132
0.528000,3.126681,3.111733,-3.102954,3.141064,3.141431,3.141132
0.530000,3.126746,3.111400,-3.102274,3.141064,3.141431,3.141132
0.532000,3.126772,3.111091,-3.101560,3.141064,3.141431,3.141132
0.534000,3.126765,3.110837,-3.100822,3.141064,3.141431,3.141132
0.536000,3.126723,3.110648,-3.100065,3.141064,3.141431,3.141132
0.538000,3.126646,3.110525,-3.099286,3.141064,3.141431,3.141132
0.540000,3.126547,3.110443,-3.098482,3.141064,3.141431,3.141132
0.542000,3.126423,3.110425,-3.097659,3.141064,3.141431,3.141132
0.544000,3.126423,3.110425,-3.097659,3.141064,3.141431,3.141132
0.546000,3.126003,3.110430,-3.095895,3.141064,3.141431,3.141132
0.548000,3.125708,3.110449,-3.094953,3.141064,3.141431,3.141132
0.550000,3.125375,3.110503,-3.093980,3.141064,3.141431,3.141132
0.552000,3.125016,3.110604,-3.092983,3.141064,3.141431,3.141132
0.554000,3.125016,3.110604,-3.092983,3.141064,3.141431,3.141132
0.556000,3.124246,3.110962,-3.090926,3.141064,3.141431,3.141132
0.558000,3.123839,3.111221,-3.089869,3.141064,3.141431,3.141132
0.560000,3.123427,3.111507,-3.088784,3.141064,3.141431,3.141132
0.562000,3.123427,3.111507,-3.088784,3.141064,3.141431,3.141132
0.564000,3.122604,3.112247,-3.086579,3.141064,3.141431,3.141132
0.566000,3.122203,3.112707,-3.085466,3.141064,3.141431,3.141132
0.568000,3.121808,3.113235,-3.084349,3.141064,3.141431,3.141132
0.570000,3.121368,3.113638,-3.083154,3.141064,3.141431,3.141132
0.572000,3.121368,3.113638,-3.083154,3.141064,3.141431,3.141132
0.574000,3.120383,3.114084,-3.080543,3.141064,3.141431,3.141132
0.576000,3.119844,3.114186,-3.079141,3.141064,3.141431,3.141132
0.578000,3.119293,3.114322,-3.077714,3.141064,3.141431,3.141132
0.580000,3.118745,3.114544,-3.076281,3.141064,3.141431,3.141132
0.582000,3.118221,3.114843,-3.074845,3.141064,3.141431,3.141132
0.584000,3.117721,3.115220,-3.073407,3.141064,3.141431,3.141132
0.586000,3.117260,3.115703,-3.071985,3.141064,3.141431,3.141132
0.588000,3.116876,3.116276,-3.070587,3.141064,3.141431,3.141132
0.590000,3.116587,3.116942,-3.069225,3.141064,3.141431,3.141132
0.592000,3.116389,3.117699,-3.067898,3.141064,3.141431,3.141132
0.594000,3.116002,3.117806,-3.066267,3.141064,3.141431,3.141132
0.596000,3.115533,3.117417,-3.064412,3.141064,3.141431,3.141132
0.598000,3.114974,3.116542,-3.062328,3.141064,3.141431,3.141132
0.600000,3.114480,3.116089,-3.060557,3.141064,3.141431,3.141132
0.602000,3.114094,3.116307,-3.059107,3.141064,3.141431,3.141132
0.604000,3.113819,3.117166,-3.057940,3.141064,3.141431,3.141132
0.606000,3.113819,3.117166,-3.057940,3.141064,3.141431,3.141132
0.608000,3.113631,3.118323,-3.057010,3.141064,3.141431,3.141132
0.610000,3.113328,3.121196,-3.055713,3.141064,3.141431,3.141132
0.612000,3.113194,3.122842,-3.055294,3.141064,3.141431,3.141132
0.614000,3.113086,3.124543,-3.054988,3.141064,3.141431,3.141132
0.616000,3.113014,3.126297,-3.054780,3.141064,3.141431,3.141132
0.618000,3.113175,3.128140,-3.054612,3.141064,3.141431,3.141132
0.620000,3.113582,3.130039,-3.054475,3.141064,3.141431,3.141132
0.622000,3.114198,3.131994,-3.054368,3.141064,3.141431,3.141132
0.624000,3.114984,3.134006,-3.054290,3.141064,3.141431,3.141132
0.626000,3.115939,3.136074,-3.054234,3.141064,3.141431,3.141132
0.628000,3.116992,3.138168,-3.054199,3.141064,3.141431,3.141132
0.630000,3.116992,3.138168,-3.054199,3.141064,3.141431,3.141132
0.632000,3.119259,-3.140824,-3.054182,3.141064,3.141431,3.141132
0.634000,3.120450,-3.138748,-3.054193,3.141064,3.141431,3.141132
0.636000,3.121642,-3.136727,-3.054212,3.141064,3.141431,3.141132
0.638000,3.122821,-3.134780,-3.054236,3.141064,3.141431,3.141132
0.640000,3.123976,-3.132924,-3.054261,3.141064,3.141431,3.141132
0.642000,3.125099,-3.131171,-3.054287,3.141064,3.141431,3.141132
0.644000,3.126175,-3.129528,-3.054309,3.141064,3.141431,3.141132
0.646000,3.127207,-3.128007,-3.054326,3.141064,3.141431,3.141132
0.648000,3.128196,-3.126614,-3.054336,3.141064,3.141431,3.141132
0.650000,3.129140,-3.125354,-3.054338,3.141064,3.141431,3.141132
0.652000,3.130041,-3.124223,-3.054332,3.141064,3.141431,3.141132
0.654000,3.130899,-3.123228,-3.054314,3.141064,3.141431,3.141132
0.656000,3.131713,-3.122369,-3.054285,3.141064,3.141431,3.141132
0.658000,3.132487,-3.121641,-3.054243,3.141064,3.141431,3.141132
0.660000,3.133221,-3.121046,-3.054188,3.141064,3.141431,3.141132
0.662000,3.133221,-3.121046,-3.054188,3.141064,3.141431,3.141132
0.664000,3.134581,-3.120239,-3.054032,3.141064,3.141431,3.141132
0.666000,3.135210,-3.120023,-3.053931,3.141064,3.141431,3.141132
0.668000,3.135806,-3.119928,-3.053810,3.141064,3.141431,3.141132
0.670000,3.136375,-3.119946,-3.053668,3.141064,3.141431,3.141132
0.672000,3.136920,-3.120074,-3.053504,3.141064,3.141431,3.141132
0.674000,3.136920,-3.120074,-3.053504,3.141064,3.141431,3.141132
0.676000,3.137953,-3.120629,-3.053112,3.141064,3.141431,3.141132
0.678000,3.138444,-3.121050,-3.052884,3.141064,3.141431,3.141132
0.680000,3.138924,-3.121555,-3.052633,3.141064,3.141431,3.141132
0.682000,3.139396,-3.122139,-3.052356,3.141064,3.141431,3.141132
0.684000,3.139863,-3.122795,-3.052055,3.141064,3.141431,3.141132
0.686000,3.140325,-3.123517,-3.051728,3.141064,3.141431,3.141132
0.688000,3.140325,-3.123517,-3.051728,3.141064,3.141431,3.141132
0.690000,3.140325,-3.123517,-3.051728,3.141064,3.141431,3.141132
0.692000,0.000120,-0.015561,0.091003,3.141064,3.141431,3.141132
0.694000,0.000584,-0.014606,0.091437,3.141064,3.141431,3.141132
0.696000,0.001042,-0.013615,0.091899,3.141064,3.141431,3.141132
0.698000,0.001495,-0.012595,0.092390,3.141064,3.141431,3.141132
0.700000,0.001941,-0.011554,0.092910,3.141064,3.141431,3.141132
0.702000,0.002384,-0.010493,0.093458,3.141064,3.141431,3.141132
0.704000,0.002825,-0.009419,0.094036,3.141064,3.141431,3.141132
0.706000,0.003262,-0.008336,0.094644,3.141064,3.141431,3.141132
0.708000,0.003698,-0.007245,0.095280,3.141064,3.141431,3.141132
0.710000,0.004132,-0.006151,0.095946,3.141064,3.141431,3.141132
0.712000,0.004563,-0.005058,0.096641,3.141064,3.141431,3.141132
0.714000,0.004988,-0.003972,0.097366,3.141064,3.141431,3.141132
0.716000,0.005407,-0.002896,0.098119,3.141064,3.141431,3.141132
0.718000,0.005819,-0.001833,0.098902,3.141064,3.141431,3.141132
0.720000,0.006214,-0.000786,0.099718,3.141064,3.141431,3.141132
0.722000,0.006593,0.000242,0.100566,3.141064,3.141431,3.141132
0.724000,0.006955,0.001250,0.101447,3.141064,3.141431,3.141132
0.726000,0.007306,0.002237,0.102364,3.141064,3.141431,3.141132
0.728000,0.007640,0.003196,0.103314,3.141064,3.141431,3.141132
0.730000,0.007953,0.004122,0.104296,3.141064,3.141431,3.141132
0.732000,0.008245,0.005013,0.105312,3.141064,3.141431,3.141132
0.734000,0.008245,0.005013,0.105312,3.141064,3.141431,3.141132
0.736000,0.008770,0.006689,0.107443,3.141064,3.141431,3.141132
0.738000,0.009007,0.007475,0.108561,3.141064,3.141431,3.141132
0.740000,0.009222,0.008222,0.109712,3.141064,3.141431,3.141132
0.742000,0.009414,0.008924,0.110895,3.141064,3.141431,3.141132
0.744000,0.009574,0.009588,0.112117,3.141064,3.141431,3.141132
0.746000,0.009574,0.009588,0.112117,3.141064,3.141431,3.141132
0.748000,0.009796,0.010801,0.114679,3.141064,3.141431,3.141132
0.750000,0.009865,0.011355,0.116021,3.141064,3.141431,3.141132
0.752000,0.009905,0.011865,0.117402,3.141064,3.141431,3.141132
0.754000,0.009919,0.012330,0.118819,3.141064,3.141431,3.141132
0.756000,0.009905,0.012748,0.120272,3.141064,3.141431,3.141132
0.758000,0.009905,0.012748,0.120272,3.141064,3.141431,3.141132
0.760000,0.009795,0.013436,0.123283,3.141064,3.141431,3.141132
0.762000,0.009706,0.013709,0.124842,3.141064,3.141431,3.141132
0.764000,0.009592,0.013932,0.126434,3.141064,3.141431,3.141132
0.766000,0.009454,0.014114,0.128063,3.141064,3.141431,3.141132
0.768000,0.009293,0.014243,0.129720,3.141064,3.141431,3.141132
0.770000,0.009092,0.014345,0.131425,3.141064,3.141431,3.141132
0.772000,0.008851,0.014423,0.133178,3.141064,3.141431,3.141132
0.774000,0.008584,0.014477,0.134979,3.141064,3.141431,3.141132
0.776000,0.008292,0.014500,0.136821,3.141064,3.141431,3.141132
0.778000,0.007979,0.014483,0.138699,3.141064,3.141431,3.141132
0.780000,0.007653,0.014425,0.140609,3.141064,3.141431,3.141132
0.782000,0.007653,0.014425,0.140609,3.141064,3.141431,3.141132
0.784000,0.006981,0.014154,0.144495,3.141064,3.141431,3.141132
0.786000,0.006658,0.013928,0.146454,3.141064,3.141431,3.141132
0.788000,0.006350,0.013629,0.148406,3.141064,3.141431,3.141132
0.790000,0.006056,0.013264,0.150349,3.141064,3.141431,3.141132
0.792000,0.005772,0.012841,0.152280,3.141064,3.141431,3.141132
0.794000,0.005772,0.012841,0.152280,3.141064,3.141431,3.141132
0.796000,0.003509,0.012857,0.155751,3.141064,3.141431,3.141132
0.798000,0.001466,0.012625,0.157231,3.141064,3.141431,3.141132
0.800000,3.140555,3.129743,-2.983107,3.141064,3.141431,3.141132
0.802000,3.137822,3.130938,-2.982055,3.141064,3.141431,3.141132
0.804000,3.137822,3.130938,-2.982055,3.141064,3.141431,3.141132
0.806000,3.132416,3.133811,-2.980383,3.141064,3.141431,3.141132
0.808000,3.129904,3.135330,-2.979709,3.141064,3.141431,3.141132
0.810000,3.127556,3.136835,-2.979107,3.141064,3.141431,3.141132
0.812000,3.125409,3.138207,-2.978544,3.141064,3.141431,3.141132
0.814000,3.123454,3.139432,-2.978007,3.141064,3.141431,3.141132
0.816000,3.121670,3.140536,-2.977487,3.141064,3.141431,3.141132
0.818000,3.121670,3.140536,-2.977487,3.141064,3.141431,3.141132
0.820000,3.118557,-3.140695,-2.976496,3.141064,3.141431,3.141132
0.822000,3.117236,-3.139824,-2.976020,3.141064,3.141431,3.141132
0.824000,3.116067,-3.139022,-2.975549,3.141064,3.141431,3.141132
0.826000,3.115048,-3.138296,-2.975079,3.141064,3.141431,3.141132
0.828000,3.115048,-3.138296,-2.975079,3.141064,3.141431,3.141132
0.830000,3.113450,-3.137085,-2.974128,3.141064,3.141431,3.141132
0.832000,3.112872,-3.136601,-2.973642,3.141064,3.141431,3.141132
0.834000,3.112437,-3.136198,-2.973145,3.141064,3.141431,3.141132
0.836000,3.112135,-3.135883,-2.972636,3.141064,3.141431,3.141132
0.838000,3.111961,-3.135660,-2.972112,3.141064,3.141431,3.141132
0.840000,3.111910,-3.135527,-2.971572,3.141064,3.141431,3.141132
0.842000,3.111982,-3.135484,-2.971017,3.141064,3.141431,3.141132
0.844000,3.112169,-3.135527,-2.970446,3.141064,3.141431,3.141132
0.846000,3.112452,-3.135663,-2.969855,3.141064,3.141431,3.141132
0.848000,3.112821,-3.135889,-2.969242,3.141064,3.141431,3.141132
0.850000,3.113271,-3.136202,-2.968609,3.141064,3.141431,3.141132
0.852000,3.113795,-3.136595,-2.967957,3.141064,3.141431,3.141132
0.854000,3.114387,-3.137062,-2.967285,3.141064,3.141431,3.141132
0.856000,3.115046,-3.137603,-2.966595,3.141064,3.141431,3.141132
0.858000,3.115760,-3.138210,-2.965887,3.141064,3.141431,3.141132
0.860000,3.116522,-3.138879,-2.965161,3.141064,3.141431,3.141132
0.862000,3.117327,-3.139606,-2.964418,3.141064,3.141431,3.141132
0.864000,3.118165,-3.140384,-2.963657,3.141064,3.141431,3.141132
0.866000,3.119030,-3.141211,-2.962879,3.141064,3.141431,3.141132
0.868000,3.119915,3.141106,-2.962084,3.141064,3.141431,3.141132
0.870000,3.120803,3.140192,-2.961268,3.141064,3.141431,3.141132
0.872000,3.121685,3.139237,-2.960430,3.141064,3.141431,3.141132
0.874000,3.122559,3.138248,-2.959571,3.141064,3.141431,3.141132
0.876000,3.123419,3.137233,-2.958692,3.141064,3.141431,3.141132
0.878000,3.124262,3.136197,-2.957792,3.141064,3.141431,3.141132
0.880000,3.125082,3.135148,-2.956872,3.141064,3.141431,3.141132
0.882000,3.125876,3.134091,-2.955933,3.141064,3.141431,3.141132
0.884000,3.126639,3.133033,-2.954973,3.141064,3.141431,3.141132
0.886000,3.126639,3.133033,-2.954973,3.141064,3.141431,3.141132
0.890000,3.127368,3.131979,-2.953994,3.141064,3.141431,3.141132
0.890000,3.128059,3.130933,-2.952995,3.141064,3.141431,3.141132
0.894000,3.128713,3.129896,-2.951976,3.141064,3.141431,3.141132
0.896000,3.129326,3.128846,-2.950930,3.141064,3.141431,3.141132
0.898000,3.129896,3.127810,-2.949862,3.141064,3.141431,3.141132
0.900000,3.130421,3.126795,-2.948774,3.141064,3.141431,3.141132
0.900000,3.130878,3.125799,-2.947659,3.141064,3.141431,3.141132
0.902000,3.131266,3.124821,-2.946516,3.141064,3.141431,3.141132
0.904000,3.131817,3.122974,-2.944149,3.141064,3.141431,3.141132
0.906000,3.131983,3.122128,-2.942928,3.141064,3.141431,3.141132
0.908000,3.131983,3.122128,-2.942928,3.141064,3.141431,3.141132
0.910000,3.132157,3.120617,-2.940419,3.141064,3.141431,3.141132
0.912000,3.132170,3.119925,-2.939122,3.141064,3.141431,3.141132
0.914000,3.132137,3.119296,-2.937802,3.141064,3.141431,3.141132
0.916000,3.132056,3.118741,-2.936464,3.141064,3.141431,3.141132
0.918000,3.131928,3.118262,-2.935107,3.141064,3.141431,3.141132
0.920000,3.131928,3.118262,-2.935107,3.141064,3.141431,3.141132
0.922000,3.131460,3.117452,-2.932290,3.141064,3.141431,3.141132
0.924000,3.131122,3.117086,-2.930819,3.141064,3.141431,3.141132
0.926000,3.130730,3.116782,-2.929318,3.141064,3.141431,3.141132
0.928000,3.130291,3.116562,-2.927796,3.141064,3.141431,3.141132
0.930000,3.129812,3.116429,-2.926254,3.141064,3.141431,3.141132
0.930000,3.129812,3.116429,-2.926254,3.141064,3.141431,3.141132
0.934000,3.128774,3.116404,-2.923114,3.141064,3.141431,3.141132
0.936000,3.128222,3.116509,-2.921517,3.141064,3.141431,3.141132
0.938000,3.127662,3.116686,-2.919906,3.141064,3.141431,3.141132
0.940000,3.127100,3.116934,-2.918282,3.141064,3.141431,3.141132
0.942000,3.126542,3.117249,-2.916647,3.141064,3.141431,3.141132
0.944000,3.126542,3.117249,-2.916647,3.141064,3.141431,3.141132
0.946000,3.125303,3.117802,-2.913216,3.141064,3.141431,3.141132
0.948000,3.124627,3.118006,-2.911408,3.141064,3.141431,3.141132
0.950000,3.123929,3.118245,-2.909568,3.141064,3.141431,3.141132
0.952000,3.123214,3.118566,-2.907712,3.141064,3.141431,3.141132
0.954000,3.122498,3.118978,-2.905847,3.141064,3.141431,3.141132
0.956000,3.122498,3.118978,-2.905847,3.141064,3.141431,3.141132
0.958000,3.121131,3.120054,-2.902107,3.141064,3.141431,3.141132
0.960000,3.120499,3.120715,-2.900240,3.141064,3.141431,3.141132
0.962000,3.119923,3.121447,-2.898381,3.141064,3.141431,3.141132
0.964000,3.119413,3.122239,-2.896534,3.141064,3.141431,3.141132
0.966000,3.118974,3.123088,-2.894703,3.141064,3.141431,3.141132
0.968000,3.118974,3.123088,-2.894703,3.141064,3.141431,3.141132
0.970000,3.117948,3.123856,-2.890582,3.141064,3.141431,3.141132
0.972000,3.117384,3.123779,-2.888295,3.141064,3.141431,3.141132
0.974000,3.116803,3.123697,-2.885960,3.141064,3.141431,3.141132
0.976000,3.116216,3.123777,-2.883636,3.141064,3.141431,3.141132
0.978000,3.115668,3.124078,-2.881360,3.141064,3.141431,3.141132
0.980000,3.115668,3.124078,-2.881360,3.141064,3.141431,3.141132
0.982000,3.115013,3.125578,-2.877156,3.141064,3.141431,3.141132
0.984000,3.115000,3.126957,-2.875410,3.141064,3.141431,3.141132
0.986000,3.115217,3.128656,-2.873918,3.141064,3.141431,3.141132
0.988000,3.115500,3.130486,-2.872621,3.141064,3.141431,3.141132
0.990000,3.115500,3.130486,-2.872621,3.141064,3.141431,3.141132
0.992000,3.116065,3.134310,-2.870491,3.141064,3.141431,3.141132
0.994000,3.116362,3.136269,-2.869614,3.141064,3.141431,3.141132
0.996000,3.116714,3.138232,-2.868833,3.141064,3.141431,3.141132
0.998000,3.116714,3.138232,-2.868833,3.141064,3.141431,3.141132
1.000000,3.117786,-3.141051,-2.867457,3.141064,3.141431,3.141132
1.002000,3.118662,-3.139103,-2.866800,3.141064,3.141431,3.141132
1.004000,3.118662,-3.139103,-2.866800,3.141064,3.141431,3.141132
1.006000,3.120927,-3.135208,-2.865538,3.141064,3.141431,3.141132
1.008000,3.122280,-3.133257,-2.864926,3.141064,3.141431,3.141132
1.010000,3.122280,-3.133257,-2.864926,3.141064,3.141431,3.141132
1.012000,3.125236,-3.129372,-2.863747,3.141064,3.141431,3.141132
1.014000,3.126810,-3.127449,-2.863175,3.141064,3.141431,3.141132
1.016000,3.126810,-3.127449,-2.863175,3.141064,3.141431,3.141132
1.018000,3.130008,-3.123760,-2.862046,3.141064,3.141431,3.141132
1.020000,3.131609,-3.122019,-2.861483,3.141064,3.141431,3.141132
1.022000,3.133185,-3.120370,-2.860916,3.141064,3.141431,3.141132
1.024000,3.133185,-3.120370,-2.860916,3.141064,3.141431,3.141132
1.026000,3.136226,-3.117371,-2.859769,3.141064,3.141431,3.141132
1.028000,3.137681,-3.116029,-2.859186,3.141064,3.141431,3.141132
1.030000,3.139080,-3.114807,-2.858594,3.141064,3.141431,3.141132
1.032000,3.139080,-3.114807,-2.858594,3.141064,3.141431,3.141132
1.034000,0.000103,-0.028870,0.284214,3.141064,3.141431,3.141132
1.036000,0.001317,-0.029737,0.284835,3.141064,3.141431,3.141132
1.038000,0.002463,-0.030482,0.285469,3.141064,3.141431,3.141132
1.040000,0.002463,-0.030482,0.285469,3.141064,3.141431,3.141132
1.042000,0.004555,-0.031613,0.286777,3.141064,3.141431,3.141132
1.044000,0.005498,-0.032002,0.287450,3.141064,3.141431,3.141132
1.046000,0.006370,-0.032269,0.288140,3.141064,3.141431,3.141132
1.048000,0.007171,-0.032422,0.288846,3.141064,3.141431,3.141132
1.050000,0.007171,-0.032422,0.288846,3.141064,3.141431,3.141132
1.052000,0.007912,-0.032471,0.289571,3.141064,3.141431,3.141132
1.054000,0.009216,-0.032264,0.291081,3.141064,3.141431,3.141132
1.056000,0.009777,-0.032005,0.291867,3.141064,3.141431,3.141132
1.058000,0.010288,-0.031660,0.292674,3.141064,3.141431,3.141132
1.060000,0.010755,-0.031237,0.293503,3.141064,3.141431,3.141132
1.062000,0.011181,-0.030740,0.294355,3.141064,3.141431,3.141132
1.062000,0.011181,-0.030740,0.294355,3.141064,3.141431,3.141132
1.066000,0.011914,-0.029544,0.296129,3.141064,3.141431,3.141132
1.068000,0.012226,-0.028843,0.297054,3.141064,3.141431,3.141132
1.070000,0.012226,-0.028843,0.297054,3.141064,3.141431,3.141132
1.072000,0.012743,-0.027273,0.298985,3.141064,3.141431,3.141132
1.074000,0.012948,-0.026411,0.299990,3.141064,3.141431,3.141132
1.076000,0.013126,-0.025509,0.301023,3.141064,3.141431,3.141132
1.078000,0.013279,-0.024571,0.302085,3.141064,3.141431,3.141132
1.080000,0.013411,-0.023603,0.303175,3.141064,3.141431,3.141132
1.082000,0.013411,-0.023603,0.303175,3.141064,3.141431,3.141132
1.084000,0.013622,-0.021592,0.305445,3.141064,3.141431,3.141132
1.086000,0.013709,-0.020550,0.306626,3.141064,3.141431,3.141132
1.088000,0.013776,-0.019495,0.307836,3.141064,3.141431,3.141132
1.090000,0.013825,-0.018436,0.309075,3.141064,3.141431,3.141132
1.092000,0.013857,-0.017378,0.310342,3.141064,3.141431,3.141132
1.094000,0.013857,-0.017378,0.310342,3.141064,3.141431,3.141132
1.096000,0.013869,-0.015258,0.312969,3.141064,3.141431,3.141132
1.098000,0.013850,-0.014201,0.314329,3.141064,3.141431,3.141132
1.100000,0.013819,-0.013152,0.315721,3.141064,3.141431,3.141132
1.102000,0.013779,-0.012121,0.317144,3.141064,3.141431,3.141132
1.104000,0.013731,-0.011111,0.318599,3.141064,3.141431,3.141132
1.106000,0.013674,-0.010121,0.320085,3.141064,3.141431,3.141132
1.108000,0.013611,-0.009157,0.321602,3.141064,3.141431,3.141132
1.110000,0.013541,-0.008223,0.323151,3.141064,3.141431,3.141132
1.112000,0.013464,-0.007291,0.324749,3.141064,3.141431,3.141132
1.114000,0.013464,-0.007291,0.324749,3.141064,3.141431,3.141132
1.116000,0.013289,-0.005538,0.328037,3.141064,3.141431,3.141132
1.118000,0.013196,-0.004715,0.329729,3.141064,3.141431,3.141132
1.120000,0.013090,-0.003937,0.331453,3.141064,3.141431,3.141132
1.122000,0.012971,-0.003177,0.333226,3.141064,3.141431,3.141132
1.124000,0.012840,-0.002465,0.335031,3.141064,3.141431,3.141132
1.126000,0.012840,-0.002465,0.335031,3.141064,3.141431,3.141132
1.128000,0.012548,-0.001195,0.338734,3.141064,3.141431,3.141132
1.130000,0.012395,-0.000631,0.340634,3.141064,3.141431,3.141132
1.132000,0.012237,-0.000118,0.342565,3.141064,3.141431,3.141132
1.134000,0.012070,0.000342,0.344526,3.141064,3.141431,3.141132
1.136000,0.012070,0.000342,0.344526,3.141064,3.141431,3.141132
1.138000,0.011719,0.001106,0.348535,3.141064,3.141431,3.141132
1.140000,0.011535,0.001411,0.350583,3.141064,3.141431,3.141132
1.142000,0.011345,0.001663,0.352658,3.141064,3.141431,3.141132
1.144000,0.011149,0.001879,0.354769,3.141064,3.141431,3.141132
1.146000,0.011149,0.001879,0.354769,3.141064,3.141431,3.141132
1.148000,0.010946,0.002059,0.356915,3.141064,3.141431,3.141132
1.150000,0.010525,0.002322,0.361318,3.141064,3.141431,3.141132
1.152000,0.010313,0.002405,0.363575,3.141064,3.141431,3.141132
1.154000,0.010094,0.002437,0.365858,3.141064,3.141431,3.141132
1.156000,0.010094,0.002437,0.365858,3.141064,3.141431,3.141132
1.158000,0.009640,0.002339,0.370492,3.141064,3.141431,3.141132
1.160000,0.009406,0.002210,0.372841,3.141064,3.141431,3.141132
1.162000,0.009173,0.002035,0.375210,3.141064,3.141431,3.141132
1.164000,0.008945,0.001815,0.377597,3.141064,3.141431,3.141132
1.166000,0.008945,0.001815,0.377597,3.141064,3.141431,3.141132
1.168000,0.008510,0.001245,0.382413,3.141064,3.141431,3.141132
1.170000,0.008316,0.000961,0.384869,3.141064,3.141431,3.141132
1.172000,0.008136,0.000679,0.387350,3.141064,3.141431,3.141132
1.174000,0.007432,0.000484,0.389657,3.141064,3.141431,3.141132
1.176000,0.007432,0.000484,0.389657,3.141064,3.141431,3.141132
1.178000,0.004852,-0.000356,0.393719,3.141064,3.141431,3.141132
1.180000,0.003088,-0.001554,0.395402,3.141064,3.141431,3.141132
1.182000,0.001230,-0.003129,0.396887,3.141064,3.141431,3.141132
1.184000,3.141022,-3.136714,-2.743370,3.141064,3.141431,3.141132
1.186000,3.141022,-3.136714,-2.743370,3.141064,3.141431,3.141132
1.188000,3.137860,-3.133223,-2.740986,3.141064,3.141431,3.141132
1.190000,3.136545,-3.131560,-2.739896,3.141064,3.141431,3.141132
1.192000,3.135397,-3.130017,-2.738844,3.141064,3.141431,3.141132
1.194000,3.134402,-3.128610,-2.737814,3.141064,3.141431,3.141132
1.196000,3.133545,-3.127330,-2.736801,3.141064,3.141431,3.141132
1.198000,3.133545,-3.127330,-2.736801,3.141064,3.141431,3.141132
1.200000,3.132186,-3.125068,-2.734811,3.141064,3.141431,3.141132
1.202000,3.131682,-3.124078,-2.733825,3.141064,3.141431,3.141132
1.204000,3.131300,-3.123176,-2.732842,3.141064,3.141431,3.141132
1.206000,3.131033,-3.122380,-2.731854,3.141064,3.141431,3.141132
1.208000,3.131033,-3.122380,-2.731854,3.141064,3.141431,3.141132
1.210000,3.130800,-3.121182,-2.729839,3.141064,3.141431,3.141132
1.212000,3.130832,-3.120786,-2.728806,3.141064,3.141431,3.141132
1.214000,3.130963,-3.120525,-2.727755,3.141064,3.141431,3.141132
1.216000,3.131168,-3.120391,-2.726684,3.141064,3.141431,3.141132
1.218000,3.131443,-3.120380,-2.725595,3.141064,3.141431,3.141132
1.220000,3.131778,-3.120491,-2.724486,3.141064,3.141431,3.141132
1.222000,3.132165,-3.120721,-2.723355,3.141064,3.141431,3.141132
1.224000,3.132606,-3.121068,-2.722204,3.141064,3.141431,3.141132
1.226000,3.133082,-3.121529,-2.721031,3.141064,3.141431,3.141132
1.228000,3.133599,-3.122101,-2.719837,3.141064,3.141431,3.141132
1.230000,3.134149,-3.122773,-2.718624,3.141064,3.141431,3.141132
1.232000,3.134149,-3.122773,-2.718624,3.141064,3.141431,3.141132
1.234000,3.135327,-3.124404,-2.716143,3.141064,3.141431,3.141132
1.236000,3.135950,-3.125361,-2.714875,3.141064,3.141431,3.141132
1.238000,3.136592,-3.126420,-2.713587,3.141064,3.141431,3.141132
1.240000,3.137225,-3.127544,-2.712281,3.141064,3.141431,3.141132
1.242000,3.137841,-3.128720,-2.710960,3.141064,3.141431,3.141132
1.244000,3.137841,-3.128720,-2.710960,3.141064,3.141431,3.141132
1.246000,3.138995,-3.131214,-2.708266,3.141064,3.141431,3.141132
1.248000,3.139536,-3.132534,-2.706894,3.141064,3.141431,3.141132
1.250000,3.140047,-3.133892,-2.705504,3.141064,3.141431,3.141132
1.252000,3.140516,-3.135272,-2.704097,3.141064,3.141431,3.141132
1.254000,3.140943,-3.136671,-2.702674,3.141064,3.141431,3.141132
1.256000,3.141326,-3.138087,-2.701234,3.141064,3.141431,3.141132
1.258000,0.000067,-0.002087,0.441815,3.141064,3.141431,3.141132
1.260000,0.000343,-0.000682,0.443288,3.141064,3.141431,3.141132
1.262000,0.000558,0.000702,0.444777,3.141064,3.141431,3.141132
1.264000,0.000558,0.000702,0.444777,3.141064,3.141431,3.141132
1.266000,0.000809,0.003387,0.447804,3.141064,3.141431,3.141132
1.268000,0.000849,0.004693,0.449344,3.141064,3.141431,3.141132
1.270000,0.000820,0.005942,0.450899,3.141064,3.141431,3.141132
1.272000,0.000721,0.007127,0.452471,3.141064,3.141431,3.141132
1.274000,0.000556,0.008248,0.454060,3.141064,3.141431,3.141132
1.276000,0.000331,0.009304,0.455666,3.141064,3.141431,3.141132
1.278000,0.000331,0.009304,0.455666,3.141064,3.141431,3.141132
1.280000,3.141306,3.130378,-2.682662,3.141064,3.141431,3.141132
1.282000,3.140919,3.129521,-2.681002,3.141064,3.141431,3.141132
1.284000,3.140487,3.128737,-2.679325,3.141064,3.141431,3.141132
1.286000,3.140013,3.128031,-2.677631,3.141064,3.141431,3.141132
1.288000,3.139499,3.127406,-2.675921,3.141064,3.141431,3.141132
1.290000,3.138950,3.126865,-2.674195,3.141064,3.141431,3.141132
1.292000,3.138371,3.126404,-2.672453,3.141064,3.141431,3.141132
1.294000,3.138371,3.126404,-2.672453,3.141064,3.141431,3.141132
1.296000,3.137094,3.125750,-2.668913,3.141064,3.141431,3.141132
1.298000,3.136394,3.125540,-2.667109,3.141064,3.141431,3.141132
1.300000,3.135672,3.125418,-2.665288,3.141064,3.141431,3.141132
1.302000,3.134935,3.125393,-2.663454,3.141064,3.141431,3.141132
1.304000,3.134189,3.125461,-2.661606,3.141064,3.141431,3.141132
1.306000,3.134189,3.125461,-2.661606,3.141064,3.141431,3.141132
1.308000,3.132706,3.125909,-2.657887,3.141064,3.141431,3.141132
1.310000,3.131970,3.126236,-2.656002,3.141064,3.141431,3.141132
1.312000,3.131251,3.126627,-2.654102,3.141064,3.141431,3.141132
1.314000,3.130555,3.127086,-2.652191,3.141064,3.141431,3.141132
1.316000,3.129884,3.127619,-2.650271,3.141064,3.141431,3.141132
1.318000,3.129245,3.128191,-2.648336,3.141064,3.141431,3.141132
1.320000,3.128638,3.128806,-2.646384,3.141064,3.141431,3.141132
1.322000,3.128046,3.129483,-2.644420,3.141064,3.141431,3.141132
1.324000,3.127472,3.130221,-2.642446,3.141064,3.141431,3.141132
1.326000,3.126925,3.131018,-2.640462,3.141064,3.141431,3.141132
1.328000,3.126416,3.131866,-2.638470,3.141064,3.141431,3.141132
1.330000,3.125954,3.132756,-2.636472,3.141064,3.141431,3.141132
1.332000,3.125539,3.133688,-2.634468,3.141064,3.141431,3.141132
1.334000,3.125185,3.134633,-2.632456,3.141064,3.141431,3.141132
1.336000,3.124898,3.135574,-2.630436,3.141064,3.141431,3.141132
1.338000,3.124680,3.136537,-2.628417,3.141064,3.141431,3.141132
1.340000,3.124530,3.137522,-2.626402,3.141064,3.141431,3.141132
1.342000,3.124451,3.138494,-2.624384,3.141064,3.141431,3.141132
1.344000,3.124441,3.139456,-2.622363,3.141064,3.141431,3.141132
1.346000,3.124428,3.140312,-2.620295,3.141064,3.141431,3.141132
1.348000,3.124415,3.141064,-2.618182,3.141064,3.141431,3.141132
1.350000,3.124415,-3.141439,-2.616039,3.141064,3.141431,3.141132
1.352000,3.124415,-3.141439,-2.616039,3.141064,3.141431,3.141132
1.354000,3.124514,-3.140142,-2.611719,3.141064,3.141431,3.141132
1.356000,3.124634,-3.139568,-2.609537,3.141064,3.141431,3.141132
1.358000,3.124832,-3.138980,-2.607372,3.141064,3.141431,3.141132
1.360000,3.125121,-3.138392,-2.605228,3.141064,3.141431,3.141132
1.362000,3.125121,-3.138392,-2.605228,3.141064,3.141431,3.141132
1.364000,3.126040,-3.137112,-2.601164,3.141064,3.141431,3.141132
1.366000,3.126675,-3.136378,-2.599341,3.141064,3.141431,3.141132
1.368000,3.127434,-3.135612,-2.597631,3.141064,3.141431,3.141132
1.370000,3.128207,-3.134690,-2.596056,3.141064,3.141431,3.141132
1.372000,3.128932,-3.133633,-2.594601,3.141064,3.141431,3.141132
1.374000,3.128932,-3.133633,-2.594601,3.141064,3.141431,3.141132
1.376000,3.130340,-3.131215,-2.591985,3.141064,3.141431,3.141132
1.378000,3.131070,-3.129884,-2.590797,3.141064,3.141431,3.141132
1.380000,3.131904,-3.128478,-2.589646,3.141064,3.141431,3.141132
1.382000,3.132878,-3.127038,-2.588521,3.141064,3.141431,3.141132
1.384000,3.134014,-3.125606,-2.587415,3.141064,3.141431,3.141132
1.384000,3.134014,-3.125606,-2.587415,3.141064,3.141431,3.141132
1.388000,3.136707,-3.122835,-2.585235,3.141064,3.141431,3.141132
1.390000,3.138227,-3.121509,-2.584154,3.141064,3.141431,3.141132
1.392000,3.139825,-3.120257,-2.583072,3.141064,3.141431,3.141132
1.394000,3.141485,-3.119071,-2.581999,3.141064,3.141431,3.141132
1.396000,0.001589,-0.023633,0.560660,3.141064,3.141431,3.141132
1.398000,0.001589,-0.023633,0.560660,3.141064,3.141431,3.141132
1.400000,0.005007,-0.025618,0.562774,3.141064,3.141431,3.141132
1.402000,0.006707,-0.026486,0.563824,3.141064,3.141431,3.141132
1.404000,0.008365,-0.027263,0.564869,3.141064,3.141431,3.141132
1.406000,0.009962,-0.027942,0.565914,3.141064,3.141431,3.141132
1.408000,0.011486,-0.028524,0.566957,3.141064,3.141431,3.141132
1.410000,0.011486,-0.028524,0.566957,3.141064,3.141431,3.141132
1.412000,0.014290,-0.029401,0.569041,3.141064,3.141431,3.141132
1.414000,0.015562,-0.029695,0.570083,3.141064,3.141431,3.141132
1.416000,0.016739,-0.029899,0.571125,3.141064,3.141431,3.141132
1.418000,0.017814,-0.030019,0.572168,3.141064,3.141431,3.141132
1.420000,0.017814,-0.030019,0.572168,3.141064,3.141431,3.141132
1.422000,0.019663,-0.030026,0.574259,3.141064,3.141431,3.141132
1.424000,0.020434,-0.029912,0.575309,3.141064,3.141431,3.141132
1.426000,0.021107,-0.029728,0.576364,3.141064,3.141431,3.141132
1.426000,0.021107,-0.029728,0.576364,3.141064,3.141431,3.141132
1.430000,0.022178,-0.029165,0.578491,3.141064,3.141431,3.141132
1.432000,0.022577,-0.028789,0.579565,3.141064,3.141431,3.141132
1.434000,0.022577,-0.028789,0.579565,3.141064,3.141431,3.141132
1.436000,0.023131,-0.027878,0.581742,3.141064,3.141431,3.141132
1.438000,0.023288,-0.027351,0.582845,3.141064,3.141431,3.141132
1.440000,0.023377,-0.026782,0.583961,3.141064,3.141431,3.141132
1.442000,0.023402,-0.026176,0.585092,3.141064,3.141431,3.141132
1.444000,0.023402,-0.026176,0.585092,3.141064,3.141431,3.141132
1.446000,0.023272,-0.024884,0.587400,3.141064,3.141431,3.141132
1.448000,0.023122,-0.024199,0.588580,3.141064,3.141431,3.141132
1.450000,0.022926,-0.023495,0.589779,3.141064,3.141431,3.141132
1.452000,0.022690,-0.022775,0.590999,3.141064,3.141431,3.141132
1.454000,0.022417,-0.022041,0.592239,3.141064,3.141431,3.141132
1.456000,0.022417,-0.022041,0.592239,3.141064,3.141431,3.141132
1.458000,0.021785,-0.020543,0.594787,3.141064,3.141431,3.141132
1.460000,0.021429,-0.019784,0.596095,3.141064,3.141431,3.141132
1.462000,0.021057,-0.019026,0.597427,3.141064,3.141431,3.141132
1.464000,0.020673,-0.018268,0.598783,3.141064,3.141431,3.141132
1.466000,0.020673,-0.018268,0.598783,3.141064,3.141431,3.141132
1.468000,0.020280,-0.017514,0.600164,3.141064,3.141431,3.141132
1.470000,0.019475,-0.016026,0.603005,3.141064,3.141431,3.141132
1.472000,0.019065,-0.015295,0.604465,3.141064,3.141431,3.141132
1.474000,0.018655,-0.014584,0.605951,3.141064,3.141431,3.141132
1.476000,0.018249,-0.013896,0.607462,3.141064,3.141431,3.141132
1.478000,0.017849,-0.013235,0.608998,3.141064,3.141431,3.141132
1.480000,0.017457,-0.012583,0.610573,3.141064,3.141431,3.141132
1.482000,0.017078,-0.011956,0.612173,3.141064,3.141431,3.141132
1.484000,0.016716,-0.011359,0.613800,3.141064,3.141431,3.141132
1.486000,0.016369,-0.010788,0.615452,3.141064,3.141431,3.141132
1.488000,0.016042,-0.010246,0.617130,3.141064,3.141431,3.141132
1.490000,0.016042,-0.010246,0.617130,3.141064,3.141431,3.141132
1.492000,0.015441,-0.009244,0.620565,3.141064,3.141431,3.141132
1.494000,0.015168,-0.008791,0.622321,3.141064,3.141431,3.141132
1.496000,0.014911,-0.008383,0.624101,3.141064,3.141431,3.141132
1.498000,0.014911,-0.008383,0.624101,3.141064,3.141431,3.141132
1.500000,0.014448,-0.007690,0.627731,3.141064,3.141431,3.141132
1.502000,0.014243,-0.007385,0.629593,3.141064,3.141431,3.141132
1.504000,0.014056,-0.007102,0.631489,3.141064,3.141431,3.141132
1.506000,0.013890,-0.006853,0.633409,3.141064,3.141431,3.141132
1.508000,0.013746,-0.006644,0.635352,3.141064,3.141431,3.141132
1.510000,0.013746,-0.006644,0.635352,3.141064,3.141431,3.141132
1.512000,0.013512,-0.006335,0.639311,3.141064,3.141431,3.141132
1.514000,0.013429,-0.006220,0.641331,3.141064,3.141431,3.141132
1.516000,0.013369,-0.006135,0.643373,3.141064,3.141431,3.141132
1.518000,0.013329,-0.006083,0.645438,3.141064,3.141431,3.141132
1.520000,0.013304,-0.006087,0.647519,3.141064,3.141431,3.141132
1.522000,0.013304,-0.006087,0.647519,3.141064,3.141431,3.141132
1.524000,0.013304,-0.006245,0.651733,3.141064,3.141431,3.141132
1.526000,0.013330,-0.006390,0.653866,3.141064,3.141431,3.141132
1.528000,0.013378,-0.006563,0.656018,3.141064,3.141431,3.141132
1.530000,0.013448,-0.006756,0.658190,3.141064,3.141431,3.141132
1.532000,0.013538,-0.006966,0.660383,3.141064,3.141431,3.141132
1.534000,0.013538,-0.006966,0.660383,3.141064,3.141431,3.141132
1.536000,0.013774,-0.007424,0.664830,3.141064,3.141431,3.141132
1.538000,0.013917,-0.007670,0.667083,3.141064,3.141431,3.141132
1.540000,0.014072,-0.007925,0.669356,3.141064,3.141431,3.141132
1.542000,0.014239,-0.008185,0.671647,3.141064,3.141431,3.141132
1.544000,0.014403,-0.008519,0.673941,3.141064,3.141431,3.141132
1.546000,0.014563,-0.008920,0.676241,3.141064,3.141431,3.141132
1.548000,0.014726,-0.009359,0.678550,3.141064,3.141431,3.141132
1.550000,0.014911,-0.009803,0.680872,3.141064,3.141431,3.141132
1.552000,0.014745,-0.010232,0.683091,3.141064,3.141431,3.141132
1.554000,0.014279,-0.010632,0.685225,3.141064,3.141431,3.141132
1.556000,0.013736,-0.011506,0.687141,3.141064,3.141431,3.141132
1.558000,0.013189,-0.012905,0.688829,3.141064,3.141431,3.141132
1.560000,0.012701,-0.014639,0.690333,3.141064,3.141431,3.141132
1.562000,0.012314,-0.016487,0.691703,3.141064,3.141431,3.141132
1.564000,0.012049,-0.018269,0.692982,3.141064,3.141431,3.141132
1.566000,0.012049,-0.018269,0.692982,3.141064,3.141431,3.141132
1.568000,0.011859,-0.021350,0.695366,3.141064,3.141431,3.141132
1.570000,0.011909,-0.022598,0.696502,3.141064,3.141431,3.141132
1.572000,0.011909,-0.022598,0.696502,3.141064,3.141431,3.141132
1.574000,0.011997,-0.023618,0.697626,3.141064,3.141431,3.141132
1.576000,0.012239,-0.025059,0.699843,3.141064,3.141431,3.141132
1.578000,0.012407,-0.025492,0.700940,3.141064,3.141431,3.141132
1.580000,0.012562,-0.025769,0.702035,3.141064,3.141431,3.141132
1.582000,0.012694,-0.025903,0.703129,3.141064,3.141431,3.141132
1.584000,0.012808,-0.025893,0.704225,3.141064,3.141431,3.141132
1.586000,0.012893,-0.025739,0.705327,3.141064,3.141431,3.141132
1.588000,0.012893,-0.025739,0.705327,3.141064,3.141431,3.141132
1.590000,0.012975,-0.024996,0.707559,3.141064,3.141431,3.141132
1.592000,0.012970,-0.024410,0.708692,3.141064,3.141431,3.141132
1.594000,0.012970,-0.024410,0.708692,3.141064,3.141431,3.141132
1.596000,0.012838,-0.022880,0.710993,3.141064,3.141431,3.141132
1.598000,0.012705,-0.021951,0.712162,3.141064,3.141431,3.141132
1.600000,0.012529,-0.020917,0.713344,3.141064,3.141431,3.141132
1.602000,0.012297,-0.019794,0.714542,3.141064,3.141431,3.141132
1.604000,0.012007,-0.018582,0.715756,3.141064,3.141431,3.141132
1.606000,0.011655,-0.017292,0.716990,3.141064,3.141431,3.141132
1.608000,0.011655,-0.017292,0.716990,3.141064,3.141431,3.141132
1.610000,0.010750,-0.014513,0.719519,3.141064,3.141431,3.141132
1.612000,0.010193,-0.013030,0.720816,3.141064,3.141431,3.141132
1.614000,0.009563,-0.011527,0.722133,3.141064,3.141431,3.141132
1.616000,0.009563,-0.011527,0.722133,3.141064,3.141431,3.141132
1.618000,0.008079,-0.008524,0.724828,3.141064,3.141431,3.141132
1.620000,0.008079,-0.008524,0.724828,3.141064,3.141431,3.141132
1.622000,0.006305,-0.005599,0.727601,3.141064,3.141431,3.141132
1.624000,0.005318,-0.004173,0.729019,3.141064,3.141431,3.141132
1.626000,0.004267,-0.002772,0.730456,3.141064,3.141431,3.141132
1.628000,0.003158,-0.001431,0.731915,3.141064,3.141431,3.141132
1.630000,0.001993,-0.000145,0.733398,3.141064,3.141431,3.141132
1.632000,0.000776,0.001078,0.734905,3.141064,3.141431,3.141132
1.634000,3.141101,3.139362,-2.405156,3.141064,3.141431,3.141132
1.636000,3.139794,3.138303,-2.403604,3.141064,3.141431,3.141132
1.638000,3.138456,3.137346,-2.402031,3.141064,3.141431,3.141132
1.640000,3.137091,3.136491,-2.400438,3.141064,3.141431,3.141132
1.642000,3.135699,3.135740,-2.398824,3.141064,3.141431,3.141132
1.644000,3.135699,3.135740,-2.398824,3.141064,3.141431,3.141132
1.646000,3.134297,3.135118,-2.397193,3.141064,3.141431,3.141132
1.648000,3.131475,3.134252,-2.393880,3.141064,3.141431,3.141132
1.650000,3.130056,3.134006,-2.392196,3.141064,3.141431,3.141132
1.652000,3.130056,3.134006,-2.392196,3.141064,3.141431,3.141132
1.654000,3.127297,3.133851,-2.388779,3.141064,3.141431,3.141132
1.656000,3.125967,3.133938,-2.387044,3.141064,3.141431,3.141132
1.658000,3.124686,3.134133,-2.385295,3.141064,3.141431,3.141132
1.660000,3.124686,3.134133,-2.385295,3.141064,3.141431,3.141132
1.662000,3.122284,3.134816,-2.381749,3.141064,3.141431,3.141132
1.664000,3.121169,3.135298,-2.379953,3.141064,3.141431,3.141132
1.666000,3.120106,3.135865,-2.378136,3.141064,3.141431,3.141132
1.668000,3.119116,3.136514,-2.376305,3.141064,3.141431,3.141132
1.670000,3.119116,3.136514,-2.376305,3.141064,3.141431,3.141132
1.672000,3.117378,3.138137,-2.372620,3.141064,3.141431,3.141132
1.674000,3.116632,3.139104,-2.370764,3.141064,3.141431,3.141132
1.676000,3.115967,3.140174,-2.368898,3.141064,3.141431,3.141132
1.678000,3.115406,3.141288,-2.367021,3.141064,3.141431,3.141132
1.680000,3.114955,-3.140759,-2.365133,3.141064,3.141431,3.141132
1.682000,3.114617,-3.139608,-2.363234,3.141064,3.141431,3.141132
1.684000,3.114390,-3.138451,-2.361324,3.141064,3.141431,3.141132
1.686000,3.114272,-3.137293,-2.359403,3.141064,3.141431,3.141132
1.688000,3.114263,-3.136142,-2.357472,3.141064,3.141431,3.141132
1.690000,3.114359,-3.135004,-2.355531,3.141064,3.141431,3.141132
1.692000,3.114563,-3.133880,-2.353580,3.141064,3.141431,3.141132
1.694000,3.114861,-3.132759,-2.351620,3.141064,3.141431,3.141132
1.696000,3.115248,-3.131651,-2.349652,3.141064,3.141431,3.141132
1.698000,3.115727,-3.130575,-2.347676,3.141064,3.141431,3.141132
1.700000,3.115727,-3.130575,-2.347676,3.141064,3.141431,3.141132
1.702000,3.116296,-3.129551,-2.345690,3.141064,3.141431,3.141132
1.704000,3.116957,-3.128579,-2.343694,3.141064,3.141431,3.141132
1.706000,3.118527,-3.126868,-2.339661,3.141064,3.141431,3.141132
1.708000,3.119438,-3.126125,-2.337628,3.141064,3.141431,3.141132
1.710000,3.120422,-3.125493,-2.335588,3.141064,3.141431,3.141132
1.712000,3.120422,-3.125493,-2.335588,3.141064,3.141431,3.141132
1.714000,3.122590,-3.124583,-2.331494,3.141064,3.141431,3.141132
1.716000,3.123762,-3.124304,-2.329441,3.141064,3.141431,3.141132
1.718000,3.124977,-3.124151,-2.327385,3.141064,3.141431,3.141132
1.720000,3.126169,-3.124078,-2.325317,3.141064,3.141431,3.141132
1.722000,3.127309,-3.124087,-2.323229,3.141064,3.141431,3.141132
1.724000,3.128405,-3.124201,-2.321121,3.141064,3.141431,3.141132
1.726000,3.129471,-3.124435,-2.318996,3.141064,3.141431,3.141132
1.728000,3.130531,-3.124797,-2.316865,3.141064,3.141431,3.141132
1.730000,3.131587,-3.125289,-2.314728,3.141064,3.141431,3.141132
1.732000,3.132631,-3.125918,-2.312586,3.141064,3.141431,3.141132
1.734000,3.133656,-3.126690,-2.310438,3.141064,3.141431,3.141132
1.736000,3.134655,-3.127620,-2.308283,3.141064,3.141431,3.141132
1.738000,3.135613,-3.128758,-2.306110,3.141064,3.141431,3.141132
1.740000,3.136526,-3.130062,-2.303927,3.141064,3.141431,3.141132
1.742000,3.137370,-3.131495,-2.301736,3.141064,3.141431,3.141132
1.744000,3.137911,-3.132633,-2.299620,3.141064,3.141431,3.141132
1.746000,3.138208,-3.133553,-2.297573,3.141064,3.141431,3.141132
1.748000,3.138395,-3.134036,-2.295676,3.141064,3.141431,3.141132
1.750000,3.138530,-3.134131,-2.293914,3.141064,3.141431,3.141132
1.752000,3.138530,-3.134131,-2.293914,3.141064,3.141431,3.141132
1.754000,3.138933,-3.133569,-2.290717,3.141064,3.141431,3.141132
1.756000,3.139266,-3.133012,-2.289255,3.141064,3.141431,3.141132
1.758000,3.139763,-3.132406,-2.287855,3.141064,3.141431,3.141132
1.760000,3.140447,-3.131807,-2.286507,3.141064,3.141431,3.141132
1.762000,3.141309,-3.131243,-2.285199,3.141064,3.141431,3.141132
1.764000,0.000727,-0.010874,0.857665,3.141064,3.141431,3.141132
1.766000,0.001872,-0.011340,0.858906,3.141064,3.141431,3.141132
1.768000,0.001872,-0.011340,0.858906,3.141064,3.141431,3.141132
1.770000,0.004482,-0.012059,0.861315,3.141064,3.141431,3.141132
1.772000,0.005927,-0.012301,0.862484,3.141064,3.141431,3.141132
1.774000,0.007414,-0.012460,0.863633,3.141064,3.141431,3.141132
1.776000,0.008914,-0.012538,0.864766,3.141064,3.141431,3.141132
1.778000,0.010397,-0.012536,0.865885,3.141064,3.141431,3.141132
1.780000,0.011847,-0.012459,0.866990,3.141064,3.141431,3.141132
1.782000,0.013239,-0.012312,0.868084,3.141064,3.141431,3.141132
1.784000,0.014562,-0.012098,0.869168,3.141064,3.141431,3.141132
1.786000,0.015800,-0.011821,0.870243,3.141064,3.141431,3.141132
1.788000,0.016942,-0.011488,0.871310,3.141064,3.141431,3.141132
1.790000,0.017978,-0.011102,0.872370,3.141064,3.141431,3.141132
1.792000,0.017978,-0.011102,0.872370,3.141064,3.141431,3.141132
1.794000,0.019703,-0.010197,0.874475,3.141064,3.141431,3.141132
1.796000,0.020385,-0.009691,0.875520,3.141064,3.141431,3.141132
1.798000,0.020943,-0.009157,0.876565,3.141064,3.141431,3.141132
1.800000,0.020943,-0.009157,0.876565,3.141064,3.141431,3.141132
1.802000,0.021682,-0.008021,0.878655,3.141064,3.141431,3.141132
1.804000,0.021867,-0.007424,0.879703,3.141064,3.141431,3.141132
1.806000,0.021934,-0.006813,0.880756,3.141064,3.141431,3.141132
1.808000,0.021889,-0.006192,0.881816,3.141064,3.141431,3.141132
1.810000,0.021737,-0.005566,0.882885,3.141064,3.141431,3.141132
1.812000,0.021737,-0.005566,0.882885,3.141064,3.141431,3.141132
1.814000,0.021139,-0.004307,0.885055,3.141064,3.141431,3.141132
1.816000,0.020699,-0.003677,0.886159,3.141064,3.141431,3.141132
1.818000,0.020180,-0.003050,0.887280,3.141064,3.141431,3.141132
1.820000,0.020180,-0.003050,0.887280,3.141064,3.141431,3.141132
1.822000,0.018939,-0.001850,0.889568,3.141064,3.141431,3.141132
1.824000,0.018227,-0.001282,0.890736,3.141064,3.141431,3.141132
1.826000,0.017473,-0.000734,0.891924,3.141064,3.141431,3.141132
1.828000,0.016686,-0.000202,0.893133,3.141064,3.141431,3.141132
1.830000,0.015865,0.000313,0.894363,3.141064,3.141431,3.141132
1.832000,0.015027,0.000813,0.895616,3.141064,3.141431,3.141132
1.834000,0.015027,0.000813,0.895616,3.141064,3.141431,3.141132
1.836000,0.013339,0.001758,0.898195,3.141064,3.141431,3.141132
1.838000,0.012493,0.002207,0.899523,3.141064,3.141431,3.141132
1.840000,0.011659,0.002642,0.900877,3.141064,3.141431,3.141132
1.842000,0.010844,0.003060,0.902257,3.141064,3.141431,3.141132
1.844000,0.010051,0.003449,0.903663,3.141064,3.141431,3.141132
1.846000,0.009287,0.003808,0.905093,3.141064,3.141431,3.141132
1.848000,0.008554,0.004138,0.906549,3.141064,3.141431,3.141132
1.850000,0.008554,0.004138,0.906549,3.141064,3.141431,3.141132
1.852000,0.007202,0.004731,0.909539,3.141064,3.141431,3.141132
1.854000,0.006589,0.004998,0.911075,3.141064,3.141431,3.141132
1.856000,0.006022,0.005249,0.912637,3.141064,3.141431,3.141132
1.858000,0.006022,0.005249,0.912637,3.141064,3.141431,3.141132
1.860000,0.005041,0.005702,0.915843,3.141064,3.141431,3.141132
1.862000,0.004629,0.005909,0.917487,3.141064,3.141431,3.141132
1.864000,0.004267,0.006106,0.919158,3.141064,3.141431,3.141132
1.866000,0.003955,0.006290,0.920857,3.141064,3.141431,3.141132
1.868000,0.003693,0.006463,0.922582,3.141064,3.141431,3.141132
1.870000,0.003479,0.006607,0.924331,3.141064,3.141431,3.141132
1.872000,0.003312,0.006723,0.926103,3.141064,3.141431,3.141132
1.874000,0.003191,0.006814,0.927899,3.141064,3.141431,3.141132
1.876000,0.003117,0.006882,0.929720,3.141064,3.141431,3.141132
1.878000,0.003089,0.006934,0.931565,3.141064,3.141431,3.141132
1.880000,0.003106,0.006975,0.933435,3.141064,3.141431,3.141132
1.882000,0.003166,0.007008,0.935331,3.141064,3.141431,3.141132
1.884000,0.003266,0.007033,0.937251,3.141064,3.141431,3.141132
1.886000,0.003402,0.007052,0.939198,3.141064,3.141431,3.141132
1.888000,0.003572,0.007067,0.941169,3.141064,3.141431,3.141132
1.890000,0.003772,0.007078,0.943166,3.141064,3.141431,3.141132
1.892000,0.003998,0.007082,0.945188,3.141064,3.141431,3.141132
1.894000,0.003998,0.007082,0.945188,3.141064,3.141431,3.141132
1.896000,0.004529,0.006979,0.949287,3.141064,3.141431,3.141132
1.898000,0.004832,0.006875,0.951365,3.141064,3.141431,3.141132
1.900000,0.005160,0.006750,0.953464,3.141064,3.141431,3.141132
1.902000,0.005160,0.006750,0.953464,3.141064,3.141431,3.141132
1.904000,0.005882,0.006472,0.957726,3.141064,3.141431,3.141132
1.906000,0.006278,0.006333,0.959891,3.141064,3.141431,3.141132
1.908000,0.006689,0.006197,0.962079,3.141064,3.141431,3.141132
1.910000,0.007112,0.006064,0.964289,3.141064,3.141431,3.141132
1.912000,0.007542,0.005934,0.966522,3.141064,3.141431,3.141132
1.914000,0.007977,0.005808,0.968776,3.141064,3.141431,3.141132
1.916000,0.008416,0.005687,0.971053,3.141064,3.141431,3.141132
1.918000,0.008416,0.005687,0.971053,3.141064,3.141431,3.141132
1.920000,0.008855,0.005577,0.973354,3.141064,3.141431,3.141132
1.922000,0.009759,0.005152,0.977977,3.141064,3.141431,3.141132
1.924000,0.010222,0.004841,0.980298,3.141064,3.141431,3.141132
1.926000,0.010691,0.004526,0.982635,3.141064,3.141431,3.141132
1.928000,0.011170,0.004236,0.984990,3.141064,3.141431,3.141132
1.930000,0.011654,0.004006,0.987371,3.141064,3.141431,3.141132
1.932000,0.011654,0.004006,0.987371,3.141064,3.141431,3.141132
1.934000,0.012603,0.003781,0.992216,3.141064,3.141431,3.141132
1.936000,0.012656,0.003660,0.994577,3.141064,3.141431,3.141132
1.938000,0.012599,0.002916,0.996701,3.141064,3.141431,3.141132
1.940000,0.012540,0.001496,0.998577,3.141064,3.141431,3.141132
1.942000,0.012540,0.001496,0.998577,3.141064,3.141431,3.141132
1.944000,0.012528,-0.002438,1.001767,3.141064,3.141431,3.141132
1.946000,0.012577,-0.004655,1.003157,3.141064,3.141431,3.141132
1.948000,0.012632,-0.006738,1.004477,3.141064,3.141431,3.141132
1.950000,0.012683,-0.008583,1.005755,3.141064,3.141431,3.141132
1.952000,0.012722,-0.010199,1.007000,3.141064,3.141431,3.141132
1.954000,0.012722,-0.010199,1.007000,3.141064,3.141431,3.141132
1.956000,0.012756,-0.012926,1.009392,3.141064,3.141431,3.141132
1.958000,0.012762,-0.014089,1.010543,3.141064,3.141431,3.141132
1.960000,0.012740,-0.015135,1.011671,3.141064,3.141431,3.141132
1.962000,0.012684,-0.016062,1.012785,3.141064,3.141431,3.141132
1.964000,0.012587,-0.016866,1.013888,3.141064,3.141431,3.141132
1.966000,0.012448,-0.017542,1.014986,3.141064,3.141431,3.141132
1.968000,0.012269,-0.018109,1.016077,3.141064,3.141431,3.141132
1.970000,0.012045,-0.018553,1.017168,3.141064,3.141431,3.141132
1.972000,0.011771,-0.018867,1.018262,3.141064,3.141431,3.141132
1.974000,0.011440,-0.019053,1.019363,3.141064,3.141431,3.141132
1.976000,0.011051,-0.019116,1.020470,3.141064,3.141431,3.141132
1.978000,0.010599,-0.019064,1.021587,3.141064,3.141431,3.141132
1.980000,0.010084,-0.018919,1.022713,3.141064,3.141431,3.141132
1.982000,0.009500,-0.018673,1.023851,3.141064,3.141431,3.141132
1.984000,0.008844,-0.018326,1.025004,3.141064,3.141431,3.141132
1.986000,0.008113,-0.017887,1.026172,3.141064,3.141431,3.141132
1.988000,0.007305,-0.017368,1.027356,3.141064,3.141431,3.141132
1.990000,0.006419,-0.016778,1.028558,3.141064,3.141431,3.141132
1.992000,0.005455,-0.016130,1.029778,3.141064,3.141431,3.141132
1.994000,0.004418,-0.015444,1.031015,3.141064,3.141431,3.141132
1.996000,0.003308,-0.014732,1.032269,3.141064,3.141431,3.141132
1.998000,0.002125,-0.014001,1.033542,3.141064,3.141431,3.141132
2.000000,0.000872,-0.013256,1.034835,3.141064,3.141431,3.141132
2.002000,3.141142,-3.129087,-2.105443,3.141064,3.141431,3.141132
2.004000,3.139753,-3.129835,-2.104106,3.141064,3.141431,3.141132
2.006000,3.138299,-3.130556,-2.102747,3.141064,3.141431,3.141132
2.008000,3.136786,-3.131254,-2.101365,3.141064,3.141431,3.141132
2.010000,3.135218,-3.131924,-2.099959,3.141064,3.141431,3.141132
2.012000,3.133600,-3.132558,-2.098528,3.141064,3.141431,3.141132
2.014000,3.133600,-3.132558,-2.098528,3.141064,3.141431,3.141132
2.016000,3.130232,-3.133677,-2.095595,3.141064,3.141431,3.141132
2.018000,3.128486,-3.134153,-2.094091,3.141064,3.141431,3.141132
2.020000,3.126724,-3.134532,-2.092566,3.141064,3.141431,3.141132
2.022000,3.124954,-3.134804,-2.091021,3.141064,3.141431,3.141132
2.024000,3.123185,-3.134971,-2.089455,3.141064,3.141431,3.141132
2.026000,3.121426,-3.135033,-2.087867,3.141064,3.141431,3.141132
2.028000,3.119682,-3.134986,-2.086258,3.141064,3.141431,3.141132
2.030000,3.117966,-3.134836,-2.084627,3.141064,3.141431,3.141132
2.032000,3.116285,-3.134584,-2.082975,3.141064,3.141431,3.141132
2.034000,3.114652,-3.134230,-2.081302,3.141064,3.141431,3.141132
2.036000,3.113074,-3.133772,-2.079609,3.141064,3.141431,3.141132
2.038000,3.111559,-3.133211,-2.077897,3.141064,3.141431,3.141132
2.040000,3.110117,-3.132553,-2.076164,3.141064,3.141431,3.141132
2.042000,3.108759,-3.131795,-2.074414,3.141064,3.141431,3.141132
2.044000,3.107505,-3.130914,-2.072652,3.141064,3.141431,3.141132
2.046000,3.106362,-3.129912,-2.070878,3.141064,3.141431,3.141132
2.048000,3.105338,-3.128807,-2.069092,3.141064,3.141431,3.141132
2.050000,3.104441,-3.127616,-2.067294,3.141064,3.141431,3.141132
2.052000,3.103673,-3.126360,-2.065481,3.141064,3.141431,3.141132
2.054000,3.103043,-3.125047,-2.063655,3.141064,3.141431,3.141132
2.056000,3.102558,-3.123686,-2.061818,3.141064,3.141431,3.141132
2.058000,3.102221,-3.122291,-2.059969,3.141064,3.141431,3.141132
2.060000,3.102036,-3.120874,-2.058108,3.141064,3.141431,3.141132
2.062000,3.102003,-3.119442,-2.056236,3.141064,3.141431,3.141132
2.064000,3.102124,-3.117997,-2.054352,3.141064,3.141431,3.141132
2.066000,3.102401,-3.116563,-2.052458,3.141064,3.141431,3.141132
2.068000,3.102834,-3.115165,-2.050555,3.141064,3.141431,3.141132
2.070000,3.103414,-3.113795,-2.048641,3.141064,3.141431,3.141132
2.072000,3.104137,-3.112463,-2.046716,3.141064,3.141431,3.141132
2.074000,3.104997,-3.111196,-2.044779,3.141064,3.141431,3.141132
2.076000,3.105995,-3.109992,-2.042830,3.141064,3.141431,3.141132
2.078000,3.107125,-3.108887,-2.040870,3.141064,3.141431,3.141132
2.080000,3.108379,-3.107897,-2.038902,3.141064,3.141431,3.141132
2.082000,3.109751,-3.107035,-2.036927,3.141064,3.141431,3.141132
2.084000,3.111238,-3.106303,-2.034948,3.141064,3.141431,3.141132
2.086000,3.112824,-3.105721,-2.032964,3.141064,3.141431,3.141132
2.088000,3.114489,-3.105319,-2.030973,3.141064,3.141431,3.141132
2.090000,3.116238,-3.105084,-2.028982,3.141064,3.141431,3.141132
2.092000,3.118057,-3.105020,-2.026995,3.141064,3.141431,3.141132
2.094000,3.119859,-3.105138,-2.024986,3.141064,3.141431,3.141132
2.096000,3.121627,-3.105449,-2.022954,3.141064,3.141431,3.141132
2.098000,3.123374,-3.105950,-2.020910,3.141064,3.141431,3.141132
2.100000,3.125100,-3.106638,-2.018853,3.141064,3.141431,3.141132
2.102000,3.126778,-3.107518,-2.016787,3.141064,3.141431,3.141132
2.104000,3.128401,-3.108588,-2.014714,3.141064,3.141431,3.141132
2.106000,3.129960,-3.109848,-2.012637,3.141064,3.141431,3.141132
2.108000,3.131471,-3.111310,-2.010569,3.141064,3.141431,3.141132
2.110000,3.132894,-3.112954,-2.008501,3.141064,3.141431,3.141132
2.112000,3.134192,-3.114801,-2.006424,3.141064,3.141431,3.141132
2.114000,3.135372,-3.116820,-2.004349,3.141064,3.141431,3.141132
2.116000,3.136428,-3.118987,-2.002279,3.141064,3.141431,3.141132
2.118000,3.137348,-3.121291,-2.000214,3.141064,3.141431,3.141132
2.120000,3.138133,-3.123731,-1.998156,3.141064,3.141431,3.141132
2.122000,3.138133,-3.123731,-1.998156,3.141064,3.141431,3.141132
2.124000,3.138525,-3.128966,-1.993764,3.141064,3.141431,3.141132
2.126000,3.138525,-3.128966,-1.993764,3.141064,3.141431,3.141132
2.128000,3.137950,-3.134322,-1.989580,3.141064,3.141431,3.141132
2.130000,3.137446,-3.136327,-1.987714,3.141064,3.141431,3.141132
2.132000,3.136788,-3.137661,-1.986008,3.141064,3.141431,3.141132
2.134000,3.136064,-3.138464,-1.984443,3.141064,3.141431,3.141132
2.136000,3.135365,-3.138906,-1.982998,3.141064,3.141431,3.141132
2.138000,3.134690,-3.138997,-1.981661,3.141064,3.141431,3.141132
2.140000,3.134110,-3.138869,-1.980419,3.141064,3.141431,3.141132
2.142000,3.133716,-3.138711,-1.979247,3.141064,3.141431,3.141132
2.144000,3.133542,-3.138606,-1.978139,3.141064,3.141431,3.141132
2.146000,3.133542,-3.138606,-1.978139,3.141064,3.141431,3.141132
2.148000,3.133824,-3.138646,-1.976076,3.141064,3.141431,3.141132
2.150000,3.134260,-3.138799,-1.975111,3.141064,3.141431,3.141132
2.152000,3.134848,-3.139042,-1.974180,3.141064,3.141431,3.141132
2.154000,3.135560,-3.139377,-1.973273,3.141064,3.141431,3.141132
2.156000,3.136395,-3.139806,-1.972390,3.141064,3.141431,3.141132
2.158000,3.137302,-3.140320,-1.971523,3.141064,3.141431,3.141132
2.160000,3.138256,-3.140915,-1.970666,3.141064,3.141431,3.141132
2.162000,3.139231,-3.141585,-1.969816,3.141064,3.141431,3.141132
2.164000,3.140208,3.140862,-1.968971,3.141064,3.141431,3.141132
2.166000,3.141166,3.140062,-1.968128,3.141064,3.141431,3.141132
2.168000,0.000491,0.002384,1.174308,3.141064,3.141431,3.141132
2.170000,0.001351,0.003278,1.175155,3.141064,3.141431,3.141132
2.172000,0.002136,0.004203,1.176006,3.141064,3.141431,3.141132
2.174000,0.002834,0.005150,1.176864,3.141064,3.141431,3.141132
2.176000,0.003432,0.006111,1.177730,3.141064,3.141431,3.141132
2.178000,0.003920,0.007077,1.178606,3.141064,3.141431,3.141132
2.180000,0.004291,0.008039,1.179492,3.141064,3.141431,3.141132
2.182000,0.004537,0.008988,1.180390,3.141064,3.141431,3.141132
2.184000,0.004656,0.009917,1.181302,3.141064,3.141431,3.141132
2.186000,0.004645,0.010817,1.182228,3.141064,3.141431,3.141132
2.188000,0.004503,0.011683,1.183169,3.141064,3.141431,3.141132
2.190000,0.004232,0.012507,1.184126,3.141064,3.141431,3.141132
2.192000,0.004232,0.012507,1.184126,3.141064,3.141431,3.141132
2.194000,0.003319,0.014002,1.186092,3.141064,3.141431,3.141132
2.196000,0.002683,0.014662,1.187102,3.141064,3.141431,3.141132
2.198000,0.001940,0.015261,1.188132,3.141064,3.141431,3.141132
2.200000,0.001940,0.015261,1.188132,3.141064,3.141431,3.141132
2.202000,0.000175,0.016268,1.190251,3.141064,3.141431,3.141132
2.204000,3.140756,3.124918,-1.950252,3.141064,3.141431,3.141132
2.206000,3.140756,3.124918,-1.950252,3.141064,3.141431,3.141132
2.208000,3.138555,3.124286,-1.948006,3.141064,3.141431,3.141132
2.210000,3.137373,3.124060,-1.946851,3.141064,3.141431,3.141132
2.212000,3.137373,3.124060,-1.946851,3.141064,3.141431,3.141132
2.214000,3.136164,3.123890,-1.945673,3.141064,3.141431,3.141132
2.216000,3.133691,3.123704,-1.943248,3.141064,3.141431,3.141132
2.218000,3.133691,3.123704,-1.943248,3.141064,3.141431,3.141132
2.220000,3.132427,3.123688,-1.942001,3.141064,3.141431,3.141132
2.222000,3.129966,3.123799,-1.939440,3.141064,3.141431,3.141132
2.224000,3.128769,3.123928,-1.938129,3.141064,3.141431,3.141132
2.226000,3.127594,3.124107,-1.936797,3.141064,3.141431,3.141132
2.228000,3.126461,3.124287,-1.935425,3.141064,3.141431,3.141132
2.230000,3.125404,3.124483,-1.934030,3.141064,3.141431,3.141132
2.232000,3.124428,3.124694,-1.932612,3.141064,3.141431,3.141132
2.234000,3.123533,3.124919,-1.931174,3.141064,3.141431,3.141132
2.236000,3.122725,3.125152,-1.929714,3.141064,3.141431,3.141132
2.238000,3.122012,3.125387,-1.928232,3.141064,3.141431,3.141132
2.240000,3.121397,3.125612,-1.926726,3.141064,3.141431,3.141132
2.242000,3.120884,3.125821,-1.925198,3.141064,3.141431,3.141132
2.244000,3.120472,3.126014,-1.923645,3.141064,3.141431,3.141132
2.246000,3.120162,3.126191,-1.922069,3.141064,3.141431,3.141132
2.248000,3.119952,3.126347,-1.920469,3.141064,3.141431,3.141132
2.250000,3.119838,3.126477,-1.918845,3.141064,3.141431,3.141132
2.252000,3.119819,3.126577,-1.917194,3.141064,3.141431,3.141132
2.254000,3.119819,3.126577,-1.917194,3.141064,3.141431,3.141132
2.256000,3.120040,3.126683,-1.913817,3.141064,3.141431,3.141132
2.258000,3.120274,3.126686,-1.912089,3.141064,3.141431,3.141132
2.260000,3.120579,3.126658,-1.910334,3.141064,3.141431,3.141132
2.262000,3.120954,3.126597,-1.908552,3.141064,3.141431,3.141132
2.264000,3.121391,3.126505,-1.906743,3.141064,3.141431,3.141132
2.266000,3.121884,3.126382,-1.904907,3.141064,3.141431,3.141132
2.268000,3.122426,3.126231,-1.903044,3.141064,3.141431,3.141132
2.270000,3.123008,3.126054,-1.901153,3.141064,3.141431,3.141132
2.272000,3.123623,3.125850,-1.899235,3.141064,3.141431,3.141132
2.274000,3.124262,3.125621,-1.897290,3.141064,3.141431,3.141132
2.276000,3.124911,3.125364,-1.895312,3.141064,3.141431,3.141132
2.278000,3.124911,3.125364,-1.895312,3.141064,3.141431,3.141132
2.280000,3.126212,3.124824,-1.891279,3.141064,3.141431,3.141132
2.282000,3.126860,3.124546,-1.889225,3.141064,3.141431,3.141132
2.284000,3.127495,3.124273,-1.887148,3.141064,3.141431,3.141132
2.286000,3.128114,3.124008,-1.885048,3.141064,3.141431,3.141132
2.288000,3.128710,3.123750,-1.882923,3.141064,3.141431,3.141132
2.290000,3.129283,3.123506,-1.880776,3.141064,3.141431,3.141132
2.292000,3.129830,3.123279,-1.878608,3.141064,3.141431,3.141132
2.294000,3.130339,3.123033,-1.876416,3.141064,3.141431,3.141132
2.296000,3.130809,3.122768,-1.874200,3.141064,3.141431,3.141132
2.298000,3.131238,3.122502,-1.871961,3.141064,3.141431,3.141132
2.300000,3.131623,3.122250,-1.869703,3.141064,3.141431,3.141132
2.302000,3.131968,3.122024,-1.867427,3.141064,3.141431,3.141132
2.304000,3.132273,3.121837,-1.865136,3.141064,3.141431,3.141132
2.306000,3.132539,3.121696,-1.862828,3.141064,3.141431,3.141132
2.308000,3.132770,3.121604,-1.860506,3.141064,3.141431,3.141132
2.310000,3.132974,3.121567,-1.858171,3.141064,3.141431,3.141132
2.312000,3.133159,3.121584,-1.855827,3.141064,3.141431,3.141132
2.314000,3.133332,3.121655,-1.853475,3.141064,3.141431,3.141132
2.316000,3.133494,3.121780,-1.851115,3.141064,3.141431,3.141132
2.318000,3.133651,3.121958,-1.848747,3.141064,3.141431,3.141132
2.320000,3.133503,3.122418,-1.846474,3.141064,3.141431,3.141132
2.322000,3.133043,3.123071,-1.844285,3.141064,3.141431,3.141132
2.324000,3.132802,3.124447,-1.842349,3.141064,3.141431,3.141132
2.326000,3.132879,3.126554,-1.840678,3.141064,3.141431,3.141132
2.328000,3.133296,3.129357,-1.839260,3.141064,3.141431,3.141132
2.330000,3.133947,3.132439,-1.838001,3.141064,3.141431,3.141132
2.332000,3.134755,3.135554,-1.836841,3.141064,3.141431,3.141132
2.332000,3.134755,3.135554,-1.836841,3.141064,3.141431,3.141132
2.336000,3.136702,3.141534,-1.834693,3.141064,3.141431,3.141132
2.338000,3.137837,-3.138821,-1.833684,3.141064,3.141431,3.141132
2.340000,3.139089,-3.136106,-1.832711,3.141064,3.141431,3.141132
2.342000,3.140454,-3.133531,-1.831773,3.141064,3.141431,3.141132
2.344000,0.000322,-0.010554,1.310736,3.141064,3.141431,3.141132
2.346000,0.001797,-0.012958,1.311658,3.141064,3.141431,3.141132
2.348000,0.003271,-0.015255,1.312593,3.141064,3.141431,3.141132
2.350000,0.004754,-0.017444,1.313540,3.141064,3.141431,3.141132
2.352000,0.006251,-0.019518,1.314500,3.141064,3.141431,3.141132
2.354000,0.007746,-0.021426,1.315472,3.141064,3.141431,3.141132
2.356000,0.009242,-0.023159,1.316456,3.141064,3.141431,3.141132
2.358000,0.010729,-0.024695,1.317451,3.141064,3.141431,3.141132
2.360000,0.012200,-0.026025,1.318455,3.141064,3.141431,3.141132
2.362000,0.013655,-0.027153,1.319464,3.141064,3.141431,3.141132
2.364000,0.015084,-0.028072,1.320478,3.141064,3.141431,3.141132
2.366000,0.016478,-0.028771,1.321494,3.141064,3.141431,3.141132
2.368000,0.017821,-0.029243,1.322512,3.141064,3.141431,3.141132
2.370000,0.019094,-0.029467,1.323532,3.141064,3.141431,3.141132
2.372000,0.020283,-0.029439,1.324554,3.141064,3.141431,3.141132
2.374000,0.021373,-0.029160,1.325575,3.141064,3.141431,3.141132
2.376000,0.022364,-0.028629,1.326596,3.141064,3.141431,3.141132
2.378000,0.023233,-0.027847,1.327618,3.141064,3.141431,3.141132
2.380000,0.023969,-0.026825,1.328638,3.141064,3.141431,3.141132
2.382000,0.024558,-0.025572,1.329656,3.141064,3.141431,3.141132
2.384000,0.024558,-0.025572,1.329656,3.141064,3.141431,3.141132
2.386000,0.025187,-0.022421,1.331685,3.141064,3.141431,3.141132
2.388000,0.025203,-0.020535,1.332700,3.141064,3.141431,3.141132
2.390000,0.025024,-0.018434,1.333714,3.141064,3.141431,3.141132
2.392000,0.024613,-0.016167,1.334729,3.141064,3.141431,3.141132
2.394000,0.023951,-0.013744,1.335749,3.141064,3.141431,3.141132
2.396000,0.023023,-0.011181,1.336776,3.141064,3.141431,3.141132
2.398000,0.021820,-0.008504,1.337814,3.141064,3.141431,3.141132
2.400000,0.020341,-0.005716,1.338865,3.141064,3.141431,3.141132
2.402000,0.018573,-0.002878,1.339933,3.141064,3.141431,3.141132
2.404000,0.016517,-0.000042,1.341023,3.141064,3.141431,3.141132
2.406000,0.014174,0.002759,1.342136,3.141064,3.141431,3.141132
2.408000,0.011537,0.005508,1.343280,3.141064,3.141431,3.141132
2.410000,0.008595,0.008200,1.344461,3.141064,3.141431,3.141132
2.412000,0.005346,0.010788,1.345687,3.141064,3.141431,3.141132
2.414000,0.001803,0.013245,1.346959,3.141064,3.141431,3.141132
2.416000,3.139577,3.126066,-1.793315,3.141064,3.141431,3.141132
2.418000,3.135500,3.124004,-1.791948,3.141064,3.141431,3.141132
2.420000,3.131183,3.122202,-1.790530,3.141064,3.141431,3.141132
2.422000,3.126663,3.120709,-1.789065,3.141064,3.141431,3.141132
2.424000,3.121939,3.119527,-1.787554,3.141064,3.141431,3.141132
2.426000,3.117012,3.118670,-1.785990,3.141064,3.141431,3.141132
2.428000,3.111955,3.118206,-1.784375,3.141064,3.141431,3.141132
2.430000,3.106776,3.118157,-1.782704,3.141064,3.141431,3.141132
2.432000,3.101519,3.118557,-1.780982,3.141064,3.141431,3.141132
2.434000,3.096227,3.119436,-1.779214,3.141064,3.141431,3.141132
2.436000,3.090943,3.120819,-1.777403,3.141064,3.141431,3.141132
2.438000,3.085712,3.122728,-1.775555,3.141064,3.141431,3.141132
2.440000,3.080583,3.125177,-1.773675,3.141064,3.141431,3.141132
2.442000,3.075602,3.128175,-1.771768,3.141064,3.141431,3.141132
2.444000,3.070856,3.131749,-1.769852,3.141064,3.141431,3.141132
2.446000,3.066386,3.135905,-1.767928,3.141064,3.141431,3.141132
2.448000,3.062191,3.140641,-1.765999,3.141064,3.141431,3.141132
2.450000,3.058421,-3.137307,-1.764089,3.141064,3.141431,3.141132
2.452000,3.055146,-3.131616,-1.762206,3.141064,3.141431,3.141132
2.454000,3.052368,-3.125477,-1.760349,3.141064,3.141431,3.141132
2.456000,3.050149,-3.118965,-1.758526,3.141064,3.141431,3.141132
2.458000,3.048522,-3.112114,-1.756730,3.141064,3.141431,3.141132
2.460000,3.047527,-3.104970,-1.754957,3.141064,3.141431,3.141132
2.462000,3.047198,-3.097566,-1.753198,3.141064,3.141431,3.141132
2.464000,3.047526,-3.089943,-1.751439,3.141064,3.141431,3.141132
2.466000,3.047526,-3.089943,-1.751439,3.141064,3.141431,3.141132
2.468000,3.048494,-3.082194,-1.749656,3.141064,3.141431,3.141132
2.470000,3.052347,-3.066458,-1.745970,3.141064,3.141431,3.141132
2.470000,3.052347,-3.066458,-1.745970,3.141064,3.141431,3.141132
2.474000,3.058759,-3.050557,-1.742063,3.141064,3.141431,3.141132
2.476000,3.062964,-3.042703,-1.740004,3.141064,3.141431,3.141132
2.478000,3.067842,-3.034869,-1.737864,3.141064,3.141431,3.141132
2.480000,3.073461,-3.027168,-1.735644,3.141064,3.141431,3.141132
2.482000,3.079839,-3.019664,-1.733342,3.141064,3.141431,3.141132
2.484000,3.086968,-3.012359,-1.730950,3.141064,3.141431,3.141132
2.486000,3.094913,-3.005204,-1.728481,3.141064,3.141431,3.141132
2.488000,3.103564,-2.998516,-1.725934,3.141064,3.141431,3.141132
2.490000,3.112866,-2.992374,-1.723307,3.141064,3.141431,3.141132
2.492000,3.122775,-2.986778,-1.720607,3.141064,3.141431,3.141132
2.494000,3.132818,-2.982214,-1.717759,3.141064,3.141431,3.141132
2.496000,0.001398,-0.162917,1.426826,3.141064,3.141431,3.141132
2.498000,0.011800,-0.165568,1.429877,3.141064,3.141431,3.141132
2.500000,0.022158,-0.167185,1.432994,3.141064,3.141431,3.141132
2.502000,0.032553,-0.168051,1.435747,3.141064,3.141431,3.141132
2.504000,0.042942,-0.168311,1.438120,3.141064,3.141431,3.141132
2.506000,0.053521,-0.168910,1.440276,3.141064,3.141431,3.141132
2.508000,0.064047,-0.170053,1.442507,3.141064,3.141431,3.141132
2.510000,0.074514,-0.171676,1.444754,3.141064,3.141431,3.141132
2.512000,0.084892,-0.173232,1.446875,3.141064,3.141431,3.141132
2.514000,0.095218,-0.174275,1.448725,3.141064,3.141431,3.141132
2.516000,0.105525,-0.174801,1.450232,3.141064,3.141431,3.141132
2.518000,0.115813,-0.174456,1.451315,3.141064,3.141431,3.141132
2.520000,0.126044,-0.173368,1.451925,3.141064,3.141431,3.141132
2.522000,0.136178,-0.170789,1.452197,3.141064,3.141431,3.141132
2.524000,0.146069,-0.166550,1.452429,3.141064,3.141431,3.141132
2.526000,0.155470,-0.160357,1.453158,3.141064,3.141431,3.141132
2.528000,0.164329,-0.152544,1.454449,3.141064,3.141431,3.141132
2.530000,0.172713,-0.143173,1.456112,3.141064,3.141431,3.141132
2.532000,0.180731,-0.133016,1.457718,3.141064,3.141431,3.141132
2.534000,0.187895,-0.124808,1.458781,3.141064,3.141431,3.141132
2.536000,0.193771,-0.120181,1.459336,3.141064,3.141431,3.141132
2.538000,0.198257,-0.119209,1.459611,3.141064,3.141431,3.141132
2.538000,0.198257,-0.119209,1.459611,3.141064,3.141431,3.141132
2.542000,0.201601,-0.120856,1.459778,3.141064,3.141431,3.141132
2.544000,0.203827,-0.124930,1.459925,3.141064,3.141431,3.141132
2.546000,0.206581,-0.135737,1.460194,3.141064,3.141431,3.141132
2.548000,0.207876,-0.140819,1.460305,3.141064,3.141431,3.141132
2.550000,0.209280,-0.145427,1.460401,3.141064,3.141431,3.141132
2.552000,0.211133,-0.149165,1.460425,3.141064,3.141431,3.141132
2.554000,0.213138,-0.152978,1.460426,3.141064,3.141431,3.141132
2.556000,0.215032,-0.157531,1.460443,3.141064,3.141431,3.141132
2.558000,0.215032,-0.157531,1.460443,3.141064,3.141431,3.141132
2.560000,0.216703,-0.162974,1.460514,3.141064,3.141431,3.141132
2.562000,0.219417,-0.175805,1.460991,3.141064,3.141431,3.141132
2.564000,0.220375,-0.183020,1.461479,3.141064,3.141431,3.141132
2.566000,0.221486,-0.190080,1.462089,3.141064,3.141431,3.141132
2.568000,0.222886,-0.196819,1.462820,3.141064,3.141431,3.141132
2.570000,0.224530,-0.203299,1.463694,3.141064,3.141431,3.141132
2.572000,0.226353,-0.209668,1.464726,3.141064,3.141431,3.141132
2.574000,0.228354,-0.215922,1.465915,3.141064,3.141431,3.141132
2.576000,0.230478,-0.222166,1.467273,3.141064,3.141431,3.141132
2.578000,0.232699,-0.228440,1.468808,3.141064,3.141431,3.141132
2.580000,0.234993,-0.234778,1.470527,3.141064,3.141431,3.141132
2.582000,0.237394,-0.241198,1.472447,3.141064,3.141431,3.141132
2.584000,0.237394,-0.241198,1.472447,3.141064,3.141431,3.141132
2.586000,0.242561,-0.254121,1.476902,3.141064,3.141431,3.141132
2.588000,0.245356,-0.260571,1.479428,3.141064,3.141431,3.141132
2.590000,0.248284,-0.266978,1.482145,3.141064,3.141431,3.141132
2.592000,0.251383,-0.273335,1.485054,3.141064,3.141431,3.141132
2.594000,0.251383,-0.273335,1.485054,3.141064,3.141431,3.141132
2.596000,0.258276,-0.285937,1.491453,3.141064,3.141431,3.141132
2.598000,0.262082,-0.292156,1.494942,3.141064,3.141431,3.141132
2.600000,0.266127,-0.298300,1.498617,3.141064,3.141431,3.141132
2.602000,0.270476,-0.304398,1.502478,3.141064,3.141431,3.141132
2.604000,0.275160,-0.310451,1.506526,3.141064,3.141431,3.141132
2.606000,0.280219,-0.316470,1.510762,3.141064,3.141431,3.141132
2.608000,0.285718,-0.322455,1.515188,3.141064,3.141431,3.141132
2.610000,0.291660,-0.328401,1.519809,3.141064,3.141431,3.141132
2.612000,0.298042,-0.334298,1.524638,3.141064,3.141431,3.141132
2.614000,0.304984,-0.340158,1.529679,3.141064,3.141431,3.141132
2.616000,0.312468,-0.345966,1.534939,3.141064,3.141431,3.141132
2.618000,0.312468,-0.345966,1.534939,3.141064,3.141431,3.141132
2.620000,0.320498,-0.351719,1.540430,3.141064,3.141431,3.141132
2.622000,0.329126,-0.357432,1.546172,3.141064,3.141431,3.141132
2.624000,0.338323,-0.363105,1.552179,3.141064,3.141431,3.141132
2.626000,0.358492,-0.374423,1.565063,3.141064,3.141431,3.141132
2.628000,0.369447,-0.380066,1.571981,3.141064,3.141431,3.141132
2.630000,0.380927,-0.385743,1.579245,3.141064,3.141431,3.141132
2.632000,0.392923,-0.391475,1.586875,3.141064,3.141431,3.141132
2.634000,0.405438,-0.397275,1.594885,3.141064,3.141431,3.141132
2.636000,0.418481,-0.403145,1.603288,3.141064,3.141431,3.141132
2.636000,0.418481,-0.403145,1.603288,3.141064,3.141431,3.141132
2.640000,0.446181,-0.415068,1.621325,3.141064,3.141431,3.141132
2.642000,0.446181,-0.415068,1.621325,3.141064,3.141431,3.141132
2.644000,0.476002,-0.427101,1.641071,3.141064,3.141431,3.141132
2.646000,0.491633,-0.433065,1.651583,3.141064,3.141431,3.141132
2.648000,0.507742,-0.438964,1.662548,3.141064,3.141431,3.141132
2.650000,0.524277,-0.444806,1.673937,3.141064,3.141431,3.141132
2.652000,0.541211,-0.450601,1.685753,3.141064,3.141431,3.141132
2.654000,0.558508,-0.456362,1.697996,3.141064,3.141431,3.141132
2.656000,0.576103,-0.462086,1.710653,3.141064,3.141431,3.141132
2.658000,0.593994,-0.467754,1.723734,3.141064,3.141431,3.141132
2.660000,0.612255,-0.473425,1.737286,3.141064,3.141431,3.141132
2.662000,0.630731,-0.479123,1.751218,3.141064,3.141431,3.141132
2.664000,0.649330,-0.484827,1.765485,3.141064,3.141431,3.141132
2.666000,0.667915,-0.490462,1.780002,3.141064,3.141431,3.141132
2.668000,0.686692,-0.496167,1.794847,3.141064,3.141431,3.141132
2.670000,0.705657,-0.501918,1.810021,3.141064,3.141431,3.141132
2.672000,0.724121,-0.507410,1.825208,3.141064,3.141431,3.141132
2.674000,0.741828,-0.512562,1.840194,3.141064,3.141431,3.141132
2.676000,0.758984,-0.517485,1.855034,3.141064,3.141431,3.141132
2.678000,0.775685,-0.522234,1.869701,3.141064,3.141431,3.141132
2.680000,0.792015,-0.526853,1.884162,3.141064,3.141431,3.141132
2.682000,0.807972,-0.531355,1.898396,3.141064,3.141431,3.141132
2.684000,0.823709,-0.535837,1.912314,3.141064,3.141431,3.141132
2.686000,0.839256,-0.540319,1.925919,3.141064,3.141431,3.141132
2.688000,0.854263,-0.544659,1.939001,3.141064,3.141431,3.141132
2.690000,0.854263,-0.544659,1.939001,3.141064,3.141431,3.141132
2.692000,0.883462,-0.553600,1.963867,3.141064,3.141431,3.141132
2.694000,0.897590,-0.558250,1.975586,3.141064,3.141431,3.141132
2.696000,0.911400,-0.563035,1.986795,3.141064,3.141431,3.141132
2.698000,0.924298,-0.567513,1.996844,3.141064,3.141431,3.141132
2.700000,0.935279,-0.571638,2.005608,3.141064,3.141431,3.141132
2.702000,0.944553,-0.575651,2.013367,3.141064,3.141431,3.141132
2.704000,0.952471,-0.579633,2.020271,3.141064,3.141431,3.141132
2.706000,0.959087,-0.583634,2.026359,3.141064,3.141431,3.141132
2.708000,0.964718,-0.587567,2.031626,3.141064,3.141431,3.141132
2.710000,0.969504,-0.591365,2.036092,3.141064,3.141431,3.141132
2.712000,0.973717,-0.595011,2.039872,3.141064,3.141431,3.141132
2.714000,0.973717,-0.595011,2.039872,3.141064,3.141431,3.141132
2.716000,0.980474,-0.601616,2.045458,3.141064,3.141431,3.141132
2.718000,0.983032,-0.604546,2.047309,3.141064,3.141431,3.141132
2.720000,0.984979,-0.607158,2.048566,3.141064,3.141431,3.141132
2.722000,0.986462,-0.609421,2.049277,3.141064,3.141431,3.141132
2.724000,0.987671,-0.611451,2.049591,3.141064,3.141431,3.141132
2.726000,0.988775,-0.613361,2.049640,3.141064,3.141431,3.141132
2.728000,0.989848,-0.615183,2.049502,3.141064,3.141431,3.141132
2.730000,0.991161,-0.617145,2.049379,3.141064,3.141431,3.141132
2.732000,0.992797,-0.619374,2.049447,3.141064,3.141431,3.141132
2.734000,0.992797,-0.619374,2.049447,3.141064,3.141431,3.141132
2.736000,0.997150,-0.624684,2.050225,3.141064,3.141431,3.141132
2.738000,1.000032,-0.627972,2.051235,3.141064,3.141431,3.141132
2.740000,1.003030,-0.632321,2.053463,3.141064,3.141431,3.141132
2.742000,1.006256,-0.637656,2.056786,3.141064,3.141431,3.141132
2.744000,1.009655,-0.643854,2.061141,3.141064,3.141431,3.141132
2.746000,1.013401,-0.650907,2.066539,3.141064,3.141431,3.141132
2.748000,1.017678,-0.658855,2.073022,3.141064,3.141431,3.141132
2.750000,1.022648,-0.667739,2.080639,3.141064,3.141431,3.141132
2.752000,1.028465,-0.677626,2.089452,3.141064,3.141431,3.141132
2.754000,1.035188,-0.688525,2.099504,3.141064,3.141431,3.141132
2.756000,1.043086,-0.700598,2.111039,3.141064,3.141431,3.141132
2.758000,1.052318,-0.713822,2.124222,3.141064,3.141431,3.141132
2.760000,1.062954,-0.728113,2.139127,3.141064,3.141431,3.141132
2.762000,1.075283,-0.743370,2.156008,3.141064,3.141431,3.141132
2.764000,1.089476,-0.759532,2.175031,3.141064,3.141431,3.141132
2.766000,1.105817,-0.776443,2.196423,3.141064,3.141431,3.141132
2.768000,1.124481,-0.794001,2.220312,3.141064,3.141431,3.141132
2.770000,1.146122,-0.812108,2.247215,3.141064,3.141431,3.141132
2.772000,1.170927,-0.830591,2.277306,3.141064,3.141431,3.141132
2.774000,1.199086,-0.849251,2.310766,3.141064,3.141431,3.141132
2.776000,1.230982,-0.867865,2.347936,3.141064,3.141431,3.141132
2.778000,1.266741,-0.886185,2.388927,3.141064,3.141431,3.141132
2.780000,1.306632,-0.903927,2.433977,3.141064,3.141431,3.141132
2.782000,1.351276,-0.920814,2.483572,3.141064,3.141431,3.141132
2.784000,1.351276,-0.920814,2.483572,3.141064,3.141431,3.141132
2.786000,1.455157,-0.950324,2.596699,3.141064,3.141431,3.141132
2.788000,1.514932,-0.962074,2.660547,3.141064,3.141431,3.141132
2.790000,1.579361,-0.971165,2.728693,3.141064,3.141431,3.141132
2.792000,1.648415,-0.977077,2.800915,3.141064,3.141431,3.141132
2.794000,1.721032,-0.979455,2.876147,3.141064,3.141431,3.141132
2.796000,1.721032,-0.979455,2.876147,3.141064,3.141431,3.141132
2.798000,1.870401,-0.973991,3.026061,3.141064,3.141431,3.141132
2.800000,1.944120,-0.969619,3.099717,3.141064,3.141431,3.141132
2.802000,2.018026,-0.964056,-3.108429,3.141064,3.141431,3.141132
2.804000,2.092244,-0.956728,-3.032071,3.141064,3.141431,3.141132
2.806000,2.166751,-0.946865,-2.954645,3.141064,3.141431,3.141132
2.808000,2.166751,-0.946865,-2.954645,3.141064,3.141431,3.141132
2.810000,2.314191,-0.916860,-2.799733,3.141064,3.141431,3.141132
2.812000,2.385206,-0.895702,-2.724489,3.141064,3.141431,3.141132
2.814000,2.453034,-0.871033,-2.655841,3.141064,3.141431,3.141132
2.816000,2.517767,-0.843582,-2.593477,3.141064,3.141431,3.141132
2.818000,2.579884,-0.813886,-2.536704,3.141064,3.141431,3.141132
2.820000,2.579884,-0.813886,-2.536704,3.141064,3.141431,3.141132
2.822000,2.700267,-0.751202,-2.434397,3.141064,3.141431,3.141132
2.824000,2.758001,-0.715699,-2.388149,3.141064,3.141431,3.141132
2.826000,2.810443,-0.673812,-2.346168,3.141064,3.141431,3.141132
2.828000,2.852841,-0.628354,-2.306179,3.141064,3.141431,3.141132
2.830000,2.889471,-0.584138,-2.267180,3.141064,3.141431,3.141132
2.832000,2.923400,-0.541117,-2.228943,3.141064,3.141431,3.141132
2.834000,2.923400,-0.541117,-2.228943,3.141064,3.141431,3.141132
2.836000,2.979185,-0.459190,-2.159051,3.141064,3.141431,3.141132
2.838000,3.002080,-0.421573,-2.126267,3.141064,3.141431,3.141132
2.840000,3.022072,-0.385433,-2.094707,3.141064,3.141431,3.141132
2.842000,3.039246,-0.350385,-2.064288,3.141064,3.141431,3.141132
2.844000,3.051096,-0.316881,-2.037677,3.141064,3.141431,3.141132
2.846000,3.051096,-0.316881,-2.037677,3.141064,3.141431,3.141132
2.848000,3.061530,-0.254902,-1.992932,3.141064,3.141431,3.141132
2.850000,3.060086,-0.226671,-1.973590,3.141064,3.141431,3.141132
2.852000,3.055313,-0.200590,-1.954768,3.141064,3.141431,3.141132
2.854000,3.050455,-0.176466,-1.935414,3.141064,3.141431,3.141132
2.856000,3.045840,-0.154059,-1.915622,3.141064,3.141431,3.141132
2.858000,3.041951,-0.133129,-1.895429,3.141064,3.141431,3.141132
2.860000,3.037624,-0.113738,-1.874657,3.141064,3.141431,3.141132
2.862000,3.032017,-0.096190,-1.853116,3.141064,3.141431,3.141132
2.864000,3.024975,-0.081239,-1.830888,3.141064,3.141431,3.141132
2.866000,3.015829,-0.069505,-1.808028,3.141064,3.141431,3.141132
2.868000,3.004139,-0.060757,-1.784923,3.141064,3.141431,3.141132
2.870000,3.004139,-0.060757,-1.784923,3.141064,3.141431,3.141132
2.872000,3.004139,-0.060757,-1.784923,3.141064,3.141431,3.141132
2.874000,2.988789,-0.054338,-1.761785,3.141064,3.141431,3.141132
2.876000,2.969030,-0.048286,-1.738470,3.141064,3.141431,3.141132
2.880000,2.947339,-0.040612,-1.714915,3.141064,3.141431,3.141132
2.882000,2.925751,-0.031119,-1.690559,3.141064,3.141431,3.141132
2.884000,2.906094,-0.019357,-1.664972,3.141064,3.141431,3.141132
2.886000,2.890462,-0.004983,-1.637718,3.141064,3.141431,3.141132
2.888000,2.881913,0.012417,-1.608114,3.141064,3.141431,3.141132
2.890000,2.963386,0.114070,-1.440239,3.141064,3.141431,3.141132
2.892000,2.969391,0.142990,-1.386451,3.141064,3.141431,3.141132
2.894000,2.956623,0.173565,-1.332117,3.141064,3.141431,3.141132
2.896000,2.933875,0.205375,-1.283625,3.141064,3.141431,3.141132
2.898000,2.905765,0.237256,-1.241065,3.141064,3.141431,3.141132
2.900000,2.871099,0.267243,-1.204143,3.141064,3.141431,3.141132
2.902000,2.834096,0.292964,-1.172620,3.141064,3.141431,3.141132
2.904000,2.796638,0.315563,-1.145647,3.141064,3.141431,3.141132
2.906000,2.759337,0.336041,-1.122268,3.141064,3.141431,3.141132
2.908000,2.725412,0.354500,-1.101461,3.141064,3.141431,3.141132
2.910000,2.725412,0.354500,-1.101461,3.141064,3.141431,3.141132
2.912000,2.694020,0.373169,-1.083262,3.141064,3.141431,3.141132
2.918000,2.663653,0.391702,-1.067533,3.141064,3.141431,3.141132
2.922000,2.633542,0.408168,-1.053958,3.141064,3.141431,3.141132
2.926000,2.606934,0.422831,-1.043315,3.141064,3.141431,3.141132
2.928000,2.584122,0.435974,-1.035680,3.141064,3.141431,3.141132
2.930000,2.565837,0.448030,-1.031084,3.141064,3.141431,3.141132
2.930000,2.548744,0.457113,-1.027789,3.141064,3.141431,3.141132
2.932000,2.481074,0.472648,-1.038786,3.141064,3.141431,3.141132
2.934000,2.469870,0.470957,-1.043085,3.141064,3.141431,3.141132
2.936000,2.469870,0.470957,-1.043085,3.141064,3.141431,3.141132
2.938000,2.448127,0.463852,-1.047644,3.141064,3.141431,3.141132
2.940000,2.437650,0.458355,-1.048364,3.141064,3.141431,3.141132
2.942000,2.427527,0.451561,-1.048192,3.141064,3.141431,3.141132
2.944000,2.417830,0.443463,-1.047232,3.141064,3.141431,3.141132
2.946000,2.417830,0.443463,-1.047232,3.141064,3.141431,3.141132
2.948000,2.400006,0.426965,-1.042863,3.141064,3.141431,3.141132
2.950000,2.389464,0.420696,-1.037954,3.141064,3.141431,3.141132
2.952000,2.389464,0.420696,-1.037954,3.141064,3.141431,3.141132
2.954000,2.364852,0.411217,-1.023888,3.141064,3.141431,3.141132
2.956000,2.364852,0.411217,-1.023888,3.141064,3.141431,3.141132
2.958000,2.336303,0.404376,-1.009060,3.141064,3.141431,3.141132
2.960000,2.320868,0.401412,-1.002229,3.141064,3.141431,3.141132
2.962000,2.304730,0.398677,-0.995807,3.141064,3.141431,3.141132
2.964000,2.287948,0.396139,-0.989775,3.141064,3.141431,3.141132
2.966000,2.270578,0.393758,-0.984157,3.141064,3.141431,3.141132
2.968000,2.270578,0.393758,-0.984157,3.141064,3.141431,3.141132
2.970000,2.234323,0.389342,-0.974361,3.141064,3.141431,3.141132
2.972000,2.215612,0.387775,-0.970264,3.141064,3.141431,3.141132
2.974000,2.196572,0.386685,-0.966705,3.141064,3.141431,3.141132
2.976000,2.196572,0.386685,-0.966705,3.141064,3.141431,3.141132
2.978000,2.157532,0.385823,-0.961171,3.141064,3.141431,3.141132
2.980000,2.137535,0.386110,-0.959128,3.141064,3.141431,3.141132
2.982000,2.117227,0.386895,-0.957547,3.141064,3.141431,3.141132
2.984000,2.096617,0.388188,-0.956429,3.141064,3.141431,3.141132
2.986000,2.075723,0.390006,-0.955763,3.141064,3.141431,3.141132
2.988000,2.054056,0.393763,-0.952939,3.141064,3.141431,3.141132
2.990000,2.031559,0.399289,-0.947945,3.141064,3.141431,3.141132
2.992000,2.008550,0.406424,-0.940290,3.141064,3.141431,3.141132
2.994000,1.984579,0.415536,-0.930343,3.141064,3.141431,3.141132
2.996000,1.959194,0.426167,-0.918370,3.141064,3.141431,3.141132
2.998000,1.932264,0.438170,-0.904316,3.141064,3.141431,3.141132
3.000000,1.932264,0.438170,-0.904316,3.141064,3.141431,3.141132
3.002000,1.903891,0.451781,-0.887782,3.141064,3.141431,3.141132
3.004000,1.842156,0.482473,-0.847785,3.141064,3.141431,3.141132
3.006000,1.812635,0.494888,-0.827813,3.141064,3.141431,3.141132
3.008000,1.785118,0.504780,-0.808387,3.141064,3.141431,3.141132
3.010000,1.785118,0.504780,-0.808387,3.141064,3.141431,3.141132
3.012000,1.739315,0.522752,-0.781410,3.141064,3.141431,3.141132
3.014000,1.719147,0.529490,-0.773468,3.141064,3.141431,3.141132
3.016000,1.700576,0.535151,-0.768867,3.141064,3.141431,3.141132
3.018000,1.683200,0.540016,-0.766399,3.141064,3.141431,3.141132
3.020000,1.666792,0.544222,-0.765484,3.141064,3.141431,3.141132
3.022000,1.651176,0.547888,-0.765810,3.141064,3.141431,3.141132
3.024000,1.636239,0.551118,-0.767212,3.141064,3.141431,3.141132
3.026000,1.621833,0.554021,-0.769497,3.141064,3.141431,3.141132
3.028000,1.607854,0.556698,-0.772556,3.141064,3.141431,3.141132
3.030000,1.594221,0.559232,-0.776295,3.141064,3.141431,3.141132
3.032000,1.580866,0.561698,-0.780631,3.141064,3.141431,3.141132
3.034000,1.567737,0.564138,-0.785460,3.141064,3.141431,3.141132
3.036000,1.554832,0.566580,-0.790741,3.141064,3.141431,3.141132
3.038000,1.542103,0.569113,-0.796487,3.141064,3.141431,3.141132
3.040000,1.529517,0.571757,-0.802626,3.141064,3.141431,3.141132
3.042000,1.517043,0.574551,-0.809134,3.141064,3.141431,3.141132
3.044000,1.504658,0.577513,-0.815954,3.141064,3.141431,3.141132
3.046000,1.492362,0.580737,-0.823060,3.141064,3.141431,3.141132
3.048000,1.480152,0.584252,-0.830506,3.141064,3.141431,3.141132
3.050000,1.468010,0.588051,-0.838258,3.141064,3.141431,3.141132
3.052000,1.455930,0.592130,-0.846327,3.141064,3.141431,3.141132
3.054000,1.443901,0.596492,-0.854655,3.141064,3.141431,3.141132
3.056000,1.431921,0.601144,-0.863231,3.141064,3.141431,3.141132
3.058000,1.431921,0.601144,-0.863231,3.141064,3.141431,3.141132
3.060000,1.408131,0.611329,-0.881196,3.141064,3.141431,3.141132
3.062000,1.396313,0.616877,-0.890558,3.141064,3.141431,3.141132
3.062000,1.396313,0.616877,-0.890558,3.141064,3.141431,3.141132
3.062000,1.396313,0.616877,-0.890558,3.141064,3.141431,3.141132
3.062000,1.396313,0.616877,-0.890558,3.141064,3.141431,3.141132
3.062000,1.396313,0.616877,-0.890558,3.141064,3.141431,3.141132
3.062000,1.396313,0.616877,-0.890558,3.141064,3.141431,3.141132
3.062000,1.396313,0.616877,-0.890558,3.141064,3.141431,3.141132
3.062000,1.396313,0.616877,-0.890558,3.141064,3.141431,3.141132
3.062000,1.396313,0.616877,-0.890558,3.141064,3.141431,3.141132
3.062000,1.396313,0.616877,-0.890558,3.141064,3.141431,3.141132
3.062000,1.396313,0.616877,-0.890558,3.141064,3.141431,3.141132
3.062000,1.396313,0.616877,-0.890558,3.141064,3.141431,3.141132
3.062000,1.396313,0.616877,-0.890558,3.141064,3.141431,3.141132
3.062000,1.396313,0.616877,-0.890558,3.141064,3.141431,3.141132
3.062000,1.396313,0.616877,-0.890558,3.141064,3.141431,3.141132
3.062000,1.396313,0.616877,-0.890558,3.141064,3.141431,3.141132
3.062000,1.396313,0.616877,-0.890558,3.141064,3.141431,3.141132
3.062000,1.396313,0.616877,-0.890558,3.141064,3.141431,3.141132
3.062000,1.396313,0.616877,-0.890558,3.141064,3.141431,3.141132
3.062000,1.396313,0.616877,-0.890558,3.141064,3.141431,3.141132
3.062000,1.396313,0.616877,-0.890558,3.141064,3.141431,3.141132
3.062000,1.396313,0.616877,-0.890558,3.141064,3.141431,3.141132
3.062000,1.396313,0.616877,-0.890558,3.141064,3.141431,3.141132
3.062000,1.396313,0.616877,-0.890558,3.141064,3.141431,3.141132
3.062000,1.396313,0.616877,-0.890558,3.141064,3.141431,3.141132
3.062000,1.396313,0.616877,-0.890558,3.141064,3.141431,3.141132
3.062000,1.396313,0.616877,-0.890558,3.141064,3.141431,3.141132
3.062000,1.396313,0.616877,-0.890558,3.141064,3.141431,3.141132
3.062000,1.396313,0.616877,-0.890558,3.141064,3.141431,3.141132
3.062000,1.396313,0.616877,-0.890558,3.141064,3.141431,3.141132
3.062000,1.396313,0.616877,-0.890558,3.141064,3.141431,3.141132
3.062000,1.396313,0.616877,-0.890558,3.141064,3.141431,3.141132
3.062000,1.396313,0.616877,-0.890558,3.141064,3.141431,3.141132
3.062000,1.396313,0.616877,-0.890558,3.141064,3.141431,3.141132
3.062000,1.396313,0.616877,-0.890558,3.141064,3.141431,3.141132
3.062000,1.396313,0.616877,-0.890558,3.141064,3.141431,3.141132
3.062000,1.396313,0.616877,-0.890558,3.141064,3.141431,3.141132
3.062000,1.396313,0.616877,-0.890558,3.141064,3.141431,3.141132
3.062000,1.396313,0.616877,-0.890558,3.141064,3.141431,3.141132
3.062000,1.396313,0.616877,-0.890558,3.141064,3.141431,3.141132
3.062000,1.396313,0.616877,-0.890558,3.141064,3.141431,3.141132
3.062000,1.396313,0.616877,-0.890558,3.141064,3.141431,3.141132
3.062000,1.396313,0.616877,-0.890558,3.141064,3.141431,3.141132
3.062000,1.396313,0.616877,-0.890558,3.141064,3.141431,3.141132
3.062000,1.396313,0.616877,-0.890558,3.141064,3.141431,3.141132
3.062000,1.396313,0.616877,-0.890558,3.141064,3.141431,3.141132
3.062000,1.396313,0.616877,-0.890558,3.141064,3.141431,3.141132
3.062000,1.396313,0.616877,-0.890558,3.141064,3.141431,3.141132
3.062000,1.396313,0.616877,-0.890558,3.141064,3.141431,3.141132
3.062000,1.396313,0.616877,-0.890558,3.141064,3.141431,3.141132
3.062000,1.396313,0.616877,-0.890558,3.141064,3.141431,3.141132
3.062000,1.396313,0.616877,-0.890558,3.141064,3.141431,3.141132
3.062000,1.396313,0.616877,-0.890558,3.141064,3.141431,3.141132
3.062000,1.396313,0.616877,-0.890558,3.141064,3.141431,3.141132
3.062000,1.396313,0.616877,-0.890558,3.141064,3.141431,3.141132
3.062000,1.396313,0.616877,-0.890558,3.141064,3.141431,3.141132
3.062000,1.396313,0.616877,-0.890558,3.141064,3.141431,3.141132
3.062000,1.396313,0.616877,-0.890558,3.141064,3.141431,3.141132
3.062000,1.396313,0.616877,-0.890558,3.141064,3.141431,3.141132
3.062000,1.396313,0.616877,-0.890558,3.141064,3.141431,3.141132
3.062000,1.396313,0.616877,-0.890558,3.141064,3.141431,3.141132
3.062000,1.396313,0.616877,-0.890558,3.141064,3.141431,3.141132
3.062000,1.396313,0.616877,-0.890558,3.141064,3.141431,3.141132
3.062000,1.396313,0.616877,-0.890558,3.141064,3.141431,3.141132
3.062000,1.396313,0.616877,-0.890558,3.141064,3.141431,3.141132
3.062000,1.396313,0.616877,-0.890558,3.141064,3.141431,3.141132
3.062000,1.396313,0.616877,-0.890558,3.141064,3.141431,3.141132
3.062000,1.396313,0.616877,-0.890558,3.141064,3.141431,3.141132
3.062000,1.396313,0.616877,-0.890558,3.141064,3.141431,3.141132
3.062000,1.396313,0.616877,-0.890558,3.141064,3.141431,3.141132
3.062000,1.396313,0.616877,-0.890558,3.141064,3.141431,3.141132
3.062000,1.396313,0.616877,-0.890558,3.141064,3.141431,3.141132
3.062000,1.396313,0.616877,-0.890558,3.141064,3.141431,3.141132
3.062000,1.396313,0.616877,-0.890558,3.141064,3.141431,3.141132
3.062000,1.396313,0.616877,-0.890558,3.141064,3.141431,3.141132
3.062000,1.396313,0.616877,-0.890558,3.141064,3.141431,3.141132
3.062000,1.396313,0.616877,-0.890558,3.141064,3.141431,3.141132
3.062000,1.396313,0.616877,-0.890558,3.141064,3.141431,3.141132
3.062000,1.396313,0.616877,-0.890558,3.141064,3.141431,3.141132
3.062000,1.396313,0.616877,-0.890558,3.141064,3.141431,3.141132
3.062000,1.396313,0.616877,-0.890558,3.141064,3.141431,3.141132
3.062000,1.396313,0.616877,-0.890558,3.141064,3.141431,3.141132
3.062000,1.396313,0.616877,-0.890558,3.141064,3.141431,3.141132
3.062000,1.396313,0.616877,-0.890558,3.141064,3.141431,3.141132
3.062000,1.396313,0.616877,-0.890558,3.141064,3.141431,3.141132
3.062000,1.396313,0.616877,-0.890558,3.141064,3.141431,3.141132
3.062000,1.396313,0.616877,-0.890558,3.141064,3.141431,3.141132
3.062000,1.396313,0.616877,-0.890558,3.141064,3.141431,3.141132
3.062000,1.396313,0.616877,-0.890558,3.141064,3.141431,3.141132
3.062000,1.396313,0.616877,-0.890558,3.141064,3.141431,3.141132
3.062000,1.396313,0.616877,-0.890558,3.141064,3.141431,3.141132
3.062000,1.396313,0.616877,-0.890558,3.141064,3.141431,3.141132
3.062000,1.396313,0.616877,-0.890558,3.141064,3.141431,3.141132
3.062000,1.396313,0.616877,-0.890558,3.141064,3.141431,3.141132
3.062000,1.396313,0.616877,-0.890558,3.141064,3.141431,3.141132
3.062000,1.396313,0.616877,-0.890558,3.141064,3.141431,3.141132
3.062000,1.396313,0.616877,-0.890558,3.141064,3.141431,3.141132
3.062000,1.396313,0.616877,-0.890558,3.141064,3.141431,3.141132
3.062000,1.396313,0.616877,-0.890558,3.141064,3.141431,3.141132
3.062000,1.396313,0.616877,-0.890558,3.141064,3.141431,3.141132
3.062000,1.396313,0.616877,-0.890558,3.141064,3.141431,3.141132
3.062000,1.396313,0.616877,-0.890558,3.141064,3.141431,3.141132
3.062000,1.396313,0.616877,-0.890558,3.141064,3.141431,3.141132
3.062000,1.396313,0.616877,-0.890558,3.141064,3.141431,3.141132
3.062000,1.396313,0.616877,-0.890558,3.141064,3.141431,3.141132
3.062000,1.396313,0.616877,-0.890558,3.141064,3.141431,3.141132
3.062000,1.396313,0.616877,-0.890558,3.141064,3.141431,3.141132
3.062000,1.396313,0.616877,-0.890558,3.141064,3.141431,3.141132
3.062000,1.396313,0.616877,-0.890558,3.141064,3.141431,3.141132
3.062000,1.396313,0.616877,-0.890558,3.141064,3.141431,3.141132
3.062000,1.396313,0.616877,-0.890558,3.141064,3.141431,3.141132
3.062000,1.396313,0.616877,-0.890558,3.141064,3.141431,3.141132
3.062000,1.396313,0.616877,-0.890558,3.141064,3.141431,3.141132
3.062000,1.396313,0.616877,-0.890558,3.141064,3.141431,3.141132
3.062000,1.396313,0.616877,-0.890558,3.141064,3.141431,3.141132
3.062000,1.396313,0.616877,-0.890558,3.141064,3.141431,3.141132
3.062000,1.396313,0.616877,-0.890558,3.141064,3.141431,3.141132
3.062000,1.396313,0.616877,-0.890558,3.141064,3.141431,3.141132
3.062000,1.396313,0.616877,-0.890558,3.141064,3.141431,3.141132
3.062000,1.396313,0.616877,-0.890558,3.141064,3.141431,3.141132
3.062000,1.396313,0.616877,-0.890558,3.141064,3.141431,3.141132
3.062000,1.396313,0.616877,-0.890558,3.141064,3.141431,3.141132
3.062000,1.396313,0.616877,-0.890558,3.141064,3.141431,3.141132
3.062000,1.396313,0.616877,-0.890558,3.141064,3.141431,3.141132
3.062000,1.396313,0.616877,-0.890558,3.141064,3.141431,3.141132
3.062000,1.396313,0.616877,-0.890558,3.141064,3.141431,3.141132
3.062000,1.396313,0.616877,-0.890558,3.141064,3.141431,3.141132
3.062000,1.396313,0.616877,-0.890558,3.141064,3.141431,3.141132
3.062000,1.396313,0.616877,-0.890558,3.141064,3.141431,3.141132
3.062000,1.396313,0.616877,-0.890558,3.141064,3.141431,3.141132
3.062000,1.396313,0.616877,-0.890558,3.141064,3.141431,3.141132
3.062000,1.396313,0.616877,-0.890558,3.141064,3.141431,3.141132
3.062000,1.396313,0.616877,-0.890558,3.141064,3.141431,3.141132
3.062000,1.396313,0.616877,-0.890558,3.141064,3.141431,3.141132
3.062000,1.396313,0.616877,-0.890558,3.141064,3.141431,3.141132
3.062000,1.396313,0.616877,-0.890558,3.141064,3.141431,3.141132
3.062000,1.396313,0.616877,-0.890558,3.141064,3.141431,3.141132
3.062000,1.396313,0.616877,-0.890558,3.141064,3.141431,3.141132
3.062000,1.396313,0.616877,-0.890558,3.141064,3.141431,3.141132
3.062000,1.396313,0.616877,-0.890558,3.141064,3.141431,3.141132
3.062000,1.396313,0.616877,-0.890558,3.141064,3.141431,3.141132
3.062000,1.396313,0.616877,-0.890558,3.141064,3.141431,3.141132
3.062000,1.396313,0.616877,-0.890558,3.141064,3.141431,3.141132
3.062000,1.396313,0.616877,-0.890558,3.141064,3.141431,3.141132
3.062000,1.396313,0.616877,-0.890558,3.141064,3.141431,3.141132
3.062000,1.396313,0.616877,-0.890558,3.141064,3.141431,3.141132
3.062000,1.396313,0.616877,-0.890558,3.141064,3.141431,3.141132
3.062000,1.396313,0.616877,-0.890558,3.141064,3.141431,3.141132
3.062000,1.396313,0.616877,-0.890558,3.141064,3.141431,3.141132
3.062000,1.396313,0.616877,-0.890558,3.141064,3.141431,3.141132
3.062000,1.396313,0.616877,-0.890558,3.141064,3.141431,3.141132
3.062000,1.396313,0.616877,-0.890558,3.141064,3.141431,3.141132
3.062000,1.396313,0.616877,-0.890558,3.141064,3.141431,3.141132
3.062000,1.396313,0.616877,-0.890558,3.141064,3.141431,3.141132
3.062000,1.396313,0.616877,-0.890558,3.141064,3.141431,3.141132
3.062000,1.396313,0.616877,-0.890558,3.141064,3.141431,3.141132
3.062000,1.396313,0.616877,-0.890558,3.141064,3.141431,3.141132
3.062000,1.396313,0.616877,-0.890558,3.141064,3.141431,3.141132
3.062000,1.396313,0.616877,-0.890558,3.141064,3.141431,3.141132
3.062000,1.396313,0.616877,-0.890558,3.141064,3.141431,3.141132
3.062000,1.396313,0.616877,-0.890558,3.141064,3.141431,3.141132
3.062000,1.396313,0.616877,-0.890558,3.141064,3.141431,3.141132
3.062000,1.396313,0.616877,-0.890558,3.141064,3.141431,3.141132
3.062000,1.396313,0.616877,-0.890558,3.141064,3.141431,3.141132
3.062000,1.396313,0.616877,-0.890558,3.141064,3.141431,3.141132
3.062000,1.396313,0.616877,-0.890558,3.141064,3.141431,3.141132
3.062000,1.396313,0.616877,-0.890558,3.141064,3.141431,3.141132
3.062000,1.396313,0.616877,-0.890558,3.141064,3.141431,3.141132
3.062000,1.396313,0.616877,-0.890558,3.141064,3.141431,3.141132
3.062000,1.396313,0.616877,-0.890558,3.141064,3.141431,3.141132
3.062000,1.396313,0.616877,-0.890558,3.141064,3.141431,3.141132
3.062000,1.396313,0.616877,-0.890558,3.141064,3.141431,3.141132
3.062000,1.396313,0.616877,-0.890558,3.141064,3.141431,3.141132
3.062000,1.396313,0.616877,-0.890558,3.141064,3.141431,3.141132
3.062000,1.396313,0.616877,-0.890558,3.141064,3.141431,3.141132
3.062000,1.396313,0.616877,-0.890558,3.141064,3.141431,3.141132
3.062000,1.396313,0.616877,-0.890558,3.141064,3.141431,3.141132
3.062000,1.396313,0.616877,-0.890558,3.141064,3.141431,3.141132
3.062000,1.396313,0.616877,-0.890558,3.141064,3.141431,3.141132
3.062000,1.396313,0.616877,-0.890558,3.141064,3.141431,3.141132
3.062000,1.396313,0.616877,-0.890558,3.141064,3.141431,3.141132
3.062000,1.396313,0.616877,-0.890558,3.141064,3.141431,3.141132
3.062000,1.396313,0.616877,-0.890558,3.141064,3.141431,3.141132
3.062000,1.396313,0.616877,-0.890558,3.141064,3.141431,3.141132
3.062000,1.396313,0.616877,-0.890558,3.141064,3.141431,3.141132
3.062000,1.396313,0.616877,-0.890558,3.141064,3.141431,3.141132
3.062000,1.396313,0.616877,-0.890558,3.141064,3.141431,3.141132
3.062000,1.396313,0.616877,-0.890558,3.141064,3.141431,3.141132
3.062000,1.396313,0.616877,-0.890558,3.141064,3.141431,3.141132
3.062000,1.396313,0.616877,-0.890558,3.141064,3.141431,3.141132
3.062000,1.396313,0.616877,-0.890558,3.141064,3.141431,3.141132
3.062000,1.396313,0.616877,-0.890558,3.141064,3.141431,3.141132
3.062000,1.396313,0.616877,-0.890558,3.141064,3.141431,3.141132
3.062000,1.396313,0.616877,-0.890558,3.141064,3.141431,3.141132
3.062000,1.396313,0.616877,-0.890558,3.141064,3.141431,3.141132
3.062000,1.396313,0.616877,-0.890558,3.141064,3.141431,3.141132
3.062000,1.396313,0.616877,-0.890558,3.141064,3.141431,3.141132
3.062000,1.396313,0.616877,-0.890558,3.141064,3.141431,3.141132
3.062000,1.396313,0.616877,-0.890558,3.141064,3.141431,3.141132
3.062000,1.396313,0.616877,-0.890558,3.141064,3.141431,3.141132
3.062000,1.396313,0.616877,-0.890558,3.141064,3.141431,3.141132
3.062000,1.396313,0.616877,-0.890558,3.141064,3.141431,3.141132
3.062000,1.396313,0.616877,-0.890558,3.141064,3.141431,3.141132
3.062000,1.396313,0.616877,-0.890558,3.141064,3.141431,3.141132
3.062000,1.396313,0.616877,-0.890558,3.141064,3.141431,3.141132
3.062000,1.396313,0.616877,-0.890558,3.141064,3.141431,3.141132
3.062000,1.396313,0.616877,-0.890558,3.141064,3.141431,3.141132
3.062000,1.396313,0.616877,-0.890558,3.141064,3.141431,3.141132
3.062000,1.396313,0.616877,-0.890558,3.141064,3.141431,3.141132
3.062000,1.396313,0.616877,-0.890558,3.141064,3.141431,3.141132
3.062000,1.396313,0.616877,-0.890558,3.141064,3.141431,3.141132
3.062000,1.396313,0.616877,-0.890558,3.141064,3.141431,3.141132
3.062000,1.396313,0.616877,-0.890558,3.141064,3.141431,3.141132
3.062000,1.396313,0.616877,-0.890558,3.141064,3.141431,3.141132
3.062000,1.396313,0.616877,-0.890558,3.141064,3.141431,3.141132
3.062000,1.396313,0.616877,-0.890558,3.141064,3.141431,3.141132
3.062000,1.396313,0.616877,-0.890558,3.141064,3.141431,3.141132
3.062000,1.396313,0.616877,-0.890558,3.141064,3.141431,3.141132
3.062000,1.396313,0.616877,-0.890558,3.141064,3.141431,3.141132
3.062000,1.396313,0.616877,-0.890558,3.141064,3.141431,3.141132
3.062000,1.396313,0.616877,-0.890558,3.141064,3.141431,3.141132
3.062000,1.396313,0.616877,-0.890558,3.141064,3.141431,3.141132
3.062000,1.396313,0.616877,-0.890558,3.141064,3.141431,3.141132
3.062000,1.396313,0.616877,-0.890558,3.141064,3.141431,3.141132
3.062000,1.396313,0.616877,-0.890558,3.141064,3.141431,3.141132
3.062000,1.396313,0.616877,-0.890558,3.141064,3.141431,3.141132
3.062000,1.396313,0.616877,-0.890558,3.141064,3.141431,3.141132
3.062000,1.396313,0.616877,-0.890558,3.141064,3.141431,3.141132
3.062000,1.396313,0.616877,-0.890558,3.141064,3.141431,3.141132
3.062000,1.396313,0.616877,-0.890558,3.141064,3.141431,3.141132
3.062000,1.396313,0.616877,-0.890558,3.141064,3.141431,3.141132
3.062000,1.396313,0.616877,-0.890558,3.141064,3.141431,3.141132
3.062000,1.396313,0.616877,-0.890558,3.141064,3.141431,3.141132
3.062000,1.396313,0.616877,-0.890558,3.141064,3.141431,3.141132
3.062000,1.396313,0.616877,-0.890558,3.141064,3.141431,3.141132
3.062000,1.396313,0.616877,-0.890558,3.141064,3.141431,3.141132
3.062000,1.396313,0.616877,-0.890558,3.141064,3.141431,3.141132
3.062000,1.396313,0.616877,-0.890558,3.141064,3.141431,3.141132
3.062000,1.396313,0.616877,-0.890558,3.141064,3.141431,3.141132
3.062000,1.396313,0.616877,-0.890558,3.141064,3.141431,3.141132
3.062000,1.396313,0.616877,-0.890558,3.141064,3.141431,3.141132
3.062000,1.396313,0.616877,-0.890558,3.141064,3.141431,3.141132
3.062000,1.396313,0.616877,-0.890558,3.141064,3.141431,3.141132
3.062000,1.396313,0.616877,-0.890558,3.141064,3.141431,3.141132
3.062000,1.396313,0.616877,-0.890558,3.141064,3.141431,3.141132
3.062000,1.396313,0.616877,-0.890558,3.141064,3.141431,3.141132
3.062000,1.396313,0.616877,-0.890558,3.141064,3.141431,3.141132
3.062000,1.396313,0.616877,-0.890558,3.141064,3.141431,3.141132
3.062000,1.396313,0.616877,-0.890558,3.141064,3.141431,3.141132
3.062000,1.396313,0.616877,-0.890558,3.141064,3.141431,3.141132
3.062000,1.396313,0.616877,-0.890558,3.141064,3.141431,3.141132
3.062000,1.396313,0.616877,-0.890558,3.141064,3.141431,3.141132
3.062000,1.396313,0.616877,-0.890558,3.141064,3.141431,3.141132
3.062000,1.396313,0.616877,-0.890558,3.141064,3.141431,3.141132
3.062000,1.396313,0.616877,-0.890558,3.141064,3.141431,3.141132
3.062000,1.396313,0.616877,-0.890558,3.141064,3.141431,3.141132
3.062000,1.396313,0.616877,-0.890558,3.141064,3.141431,3.141132
3.062000,1.396313,0.616877,-0.890558,3.141064,3.141431,3.141132
3.062000,1.396313,0.616877,-0.890558,3.141064,3.141431,3.141132
3.062000,1.396313,0.616877,-0.890558,3.141064,3.141431,3.141132
3.062000,1.396313,0.616877,-0.890558,3.141064,3.141431,3.141132
3.062000,1.396313,0.616877,-0.890558,3.141064,3.141431,3.141132
3.062000,1.396313,0.616877,-0.890558,3.141064,3.141431,3.141132
3.062000,1.396313,0.616877,-0.890558,3.141064,3.141431,3.141132
3.062000,1.396313,0.616877,-0.890558,3.141064,3.141431,3.141132
3.062000,1.396313,0.616877,-0.890558,3.141064,3.141431,3.141132
3.062000,1.396313,0.616877,-0.890558,3.141064,3.141431,3.141132
3.062000,1.396313,0.616877,-0.890558,3.141064,3.141431,3.141132
3.062000,1.396313,0.616877,-0.890558,3.141064,3.141431,3.141132
3.062000,1.396313,0.616877,-0.890558,3.141064,3.141431,3.141132
3.062000,1.396313,0.616877,-0.890558,3.141064,3.141431,3.141132
3.062000,1.396313,0.616877,-0.890558,3.141064,3.141431,3.141132
3.062000,1.396313,0.616877,-0.890558,3.141064,3.141431,3.141132
3.062000,1.396313,0.616877,-0.890558,3.141064,3.141431,3.141132
3.062000,1.396313,0.616877,-0.890558,3.141064,3.141431,3.141132
3.062000,1.396313,0.616877,-0.890558,3.141064,3.141431,3.141132
3.062000,1.396313,0.616877,-0.890558,3.141064,3.141431,3.141132
3.062000,1.396313,0.616877,-0.890558,3.141064,3.141431,3.141132
3.062000,1.396313,0.616877,-0.890558,3.141064,3.141431,3.141132
3.062000,1.396313,0.616877,-0.890558,3.141064,3.141431,3.141132
3.062000,1.396313,0.616877,-0.890558,3.141064,3.141431,3.141132
3.062000,1.396313,0.616877,-0.890558,3.141064,3.141431,3.141132
3.062000,1.396313,0.616877,-0.890558,3.141064,3.141431,3.141132
3.062000,1.396313,0.616877,-0.890558,3.141064,3.141431,3.141132
3.062000,1.396313,0.616877,-0.890558,3.141064,3.141431,3.141132
3.062000,1.396313,0.616877,-0.890558,3.141064,3.141431,3.141132
3.062000,1.396313,0.616877,-0.890558,3.141064,3.141431,3.141132
3.062000,1.396313,0.616877,-0.890558,3.141064,3.141431,3.141132
3.062000,1.396313,0.616877,-0.890558,3.141064,3.141431,3.141132
3.062000,1.396313,0.616877,-0.890558,3.141064,3.141431,3.141132
3.062000,1.396313,0.616877,-0.890558,3.141064,3.141431,3.141132
3.062000,1.396313,0.616877,-0.890558,3.141064,3.141431,3.141132
3.062000,1.396313,0.616877,-0.890558,3.141064,3.141431,3.141132
3.062000,1.396313,0.616877,-0.890558,3.141064,3.141431,3.141132
3.062000,1.396313,0.616877,-0.890558,3.141064,3.141431,3.141132
3.062000,1.396313,0.616877,-0.890558,3.141064,3.141431,3.141132
3.062000,1.396313,0.616877,-0.890558,3.141064,3.141431,3.141132
3.062000,1.396313,0.616877,-0.890558,3.141064,3.141431,3.141132
3.062000,1.396313,0.616877,-0.890558,3.141064,3.141431,3.141132
3.062000,1.396313,0.616877,-0.890558,3.141064,3.141431,3.141132
3.062000,1.396313,0.616877,-0.890558,3.141064,3.141431,3.141132
3.062000,1.396313,0.616877,-0.890558,3.141064,3.141431,3.141132
3.062000,1.396313,0.616877,-0.890558,3.141064,3.141431,3.141132
3.062000,1.396313,0.616877,-0.890558,3.141064,3.141431,3.141132
3.062000,1.396313,0.616877,-0.890558,3.141064,3.141431,3.141132
3.062000,1.396313,0.616877,-0.890558,3.141064,3.141431,3.141132
3.062000,1.396313,0.616877,-0.890558,3.141064,3.141431,3.141132
3.062000,1.396313,0.616877,-0.890558,3.141064,3.141431,3.141132
3.062000,1.396313,0.616877,-0.890558,3.141064,3.141431,3.141132
3.062000,1.396313,0.616877,-0.890558,3.141064,3.141431,3.141132
3.062000,1.396313,0.616877,-0.890558,3.141064,3.141431,3.141132
3.062000,1.396313,0.616877,-0.890558,3.141064,3.141431,3.141132
3.062000,1.396313,0.616877,-0.890558,3.141064,3.141431,3.141132
3.062000,1.396313,0.616877,-0.890558,3.141064,3.141431,3.141132
3.062000,1.396313,0.616877,-0.890558,3.141064,3.141431,3.141132
3.062000,1.396313,0.616877,-0.890558,3.141064,3.141431,3.141132
3.062000,1.396313,0.616877,-0.890558,3.141064,3.141431,3.141132
3.062000,1.396313,0.616877,-0.890558,3.141064,3.141431,3.141132
3.062000,1.396313,0.616877,-0.890558,3.141064,3.141431,3.141132
3.062000,1.396313,0.616877,-0.890558,3.141064,3.141431,3.141132
3.062000,1.396313,0.616877,-0.890558,3.141064,3.141431,3.141132
3.062000,1.396313,0.616877,-0.890558,3.141064,3.141431,3.141132
3.062000,1.396313,0.616877,-0.890558,3.141064,3.141431,3.141132
3.062000,1.396313,0.616877,-0.890558,3.141064,3.141431,3.141132
3.062000,1.396313,0.616877,-0.890558,3.141064,3.141431,3.141132
3.062000,1.396313,0.616877,-0.890558,3.141064,3.141431,3.141132
3.062000,1.396313,0.616877,-0.890558,3.141064,3.141431,3.141132
3.062000,1.396313,0.616877,-0.890558,3.141064,3.141431,3.141132
3.062000,1.396313,0.616877,-0.890558,3.141064,3.141431,3.141132
3.062000,1.396313,0.616877,-0.890558,3.141064,3.141431,3.141132
3.062000,1.396313,0.616877,-0.890558,3.141064,3.141431,3.141132
3.062000,1.396313,0.616877,-0.890558,3.141064,3.141431,3.141132
3.062000,1.396313,0.616877,-0.890558,3.141064,3.141431,3.141132
3.062000,1.396313,0.616877,-0.890558,3.141064,3.141431,3.141132
3.062000,1.396313,0.616877,-0.890558,3.141064,3.141431,3.141132
3.062000,1.396313,0.616877,-0.890558,3.141064,3.141431,3.141132
3.062000,1.396313,0.616877,-0.890558,3.141064,3.141431,3.141132
3.062000,1.396313,0.616877,-0.890558,3.141064,3.141431,3.141132
3.062000,1.396313,0.616877,-0.890558,3.141064,3.141431,3.141132
3.062000,1.396313,0.616877,-0.890558,3.141064,3.141431,3.141132
3.062000,1.396313,0.616877,-0.890558,3.141064,3.141431,3.141132
3.062000,1.396313,0.616877,-0.890558,3.141064,3.141431,3.141132
3.062000,1.396313,0.616877,-0.890558,3.141064,3.141431,3.141132
3.062000,1.396313,0.616877,-0.890558,3.141064,3.141431,3.141132
3.062000,1.396313,0.616877,-0.890558,3.141064,3.141431,3.141132
3.062000,1.396313,0.616877,-0.890558,3.141064,3.141431,3.141132
3.062000,1.396313,0.616877,-0.890558,3.141064,3.141431,3.141132
3.062000,1.396313,0.616877,-0.890558,3.141064,3.141431,3.141132
3.062000,1.396313,0.616877,-0.890558,3.141064,3.141431,3.141132
3.062000,1.396313,0.616877,-0.890558,3.141064,3.141431,3.141132
3.062000,1.396313,0.616877,-0.890558,3.141064,3.141431,3.141132
3.062000,1.396313,0.616877,-0.890558,3.141064,3.141431,3.141132
3.062000,1.396313,0.616877,-0.890558,3.141064,3.141431,3.141132
3.062000,1.396313,0.616877,-0.890558,3.141064,3.141431,3.141132
3.062000,1.396313,0.616877,-0.890558,3.141064,3.141431,3.141132
3.062000,1.396313,0.616877,-0.890558,3.141064,3.141431,3.141132
3.062000,1.396313,0.616877,-0.890558,3.141064,3.141431,3.141132
3.062000,1.396313,0.616877,-0.890558,3.141064,3.141431,3.141132
3.062000,1.396313,0.616877,-0.890558,3.141064,3.141431,3.141132
3.062000,1.396313,0.616877,-0.890558,3.141064,3.141431,3.141132
3.062000,1.396313,0.616877,-0.890558,3.141064,3.141431,3.141132
3.062000,1.396313,0.616877,-0.890558,3.141064,3.141431,3.141132
3.062000,1.396313,0.616877,-0.890558,3.141064,3.141431,3.141132
3.062000,1.396313,0.616877,-0.890558,3.141064,3.141431,3.141132
3.062000,1.396313,0.616877,-0.890558,3.141064,3.141431,3.141132
3.062000,1.396313,0.616877,-0.890558,3.141064,3.141431,3.141132
3.062000,1.396313,0.616877,-0.890558,3.141064,3.141431,3.141132
3.062000,1.396313,0.616877,-0.890558,3.141064,3.141431,3.141132
3.062000,1.396313,0.616877,-0.890558,3.141064,3.141431,3.141132
3.062000,1.396313,0.616877,-0.890558,3.141064,3.141431,3.141132
3.062000,1.396313,0.616877,-0.890558,3.141064,3.141431,3.141132
3.062000,1.396313,0.616877,-0.890558,3.141064,3.141431,3.141132
3.062000,1.396313,0.616877,-0.890558,3.141064,3.141431,3.141132
3.062000,1.396313,0.616877,-0.890558,3.141064,3.141431,3.141132
3.062000,1.396313,0.616877,-0.890558,3.141064,3.141431,3.141132
3.062000,1.396313,0.616877,-0.890558,3.141064,3.141431,3.141132
3.062000,1.396313,0.616877,-0.890558,3.141064,3.141431,3.141132
3.062000,1.396313,0.616877,-0.890558,3.141064,3.141431,3.141132
3.062000,1.396313,0.616877,-0.890558,3.141064,3.141431,3.141132
3.062000,1.396313,0.616877,-0.890558,3.141064,3.141431,3.141132
3.062000,1.396313,0.616877,-0.890558,3.141064,3.141431,3.141132
3.062000,1.396313,0.616877,-0.890558,3.141064,3.141431,3.141132
3.062000,1.396313,0.616877,-0.890558,3.141064,3.141431,3.141132
3.062000,1.396313,0.616877,-0.890558,3.141064,3.141431,3.141132
3.062000,1.396313,0.616877,-0.890558,3.141064,3.141431,3.141132
3.062000,1.396313,0.616877,-0.890558,3.141064,3.141431,3.141132
3.062000,1.396313,0.616877,-0.890558,3.141064,3.141431,3.141132
3.062000,1.396313,0.616877,-0.890558,3.141064,3.141431,3.141132
3.062000,1.396313,0.616877,-0.890558,3.141064,3.141431,3.141132
3.062000,1.396313,0.616877,-0.890558,3.141064,3.141431,3.141132
3.062000,1.396313,0.616877,-0.890558,3.141064,3.141431,3.141132
3.062000,1.396313,0.616877,-0.890558,3.141064,3.141431,3.141132
3.062000,1.396313,0.616877,-0.890558,3.141064,3.141431,3.141132
3.062000,1.396313,0.616877,-0.890558,3.141064,3.141431,3.141132
3.062000,1.396313,0.616877,-0.890558,3.141064,3.141431,3.141132
3.062000,1.396313,0.616877,-0.890558,3.141064,3.141431,3.141132
3.062000,1.396313,0.616877,-0.890558,3.141064,3.141431,3.141132
3.062000,1.396313,0.616877,-0.890558,3.141064,3.141431,3.141132
3.062000,1.396313,0.616877,-0.890558,3.141064,3.141431,3.141132
3.062000,1.396313,0.616877,-0.890558,3.141064,3.141431,3.141132
3.062000,1.396313,0.616877,-0.890558,3.141064,3.141431,3.141132
3.062000,1.396313,0.616877,-0.890558,3.141064,3.141431,3.141132
3.062000,1.396313,0.616877,-0.890558,3.141064,3.141431,3.141132
3.062000,1.396313,0.616877,-0.890558,3.141064,3.141431,3.141132
3.062000,1.396313,0.616877,-0.890558,3.141064,3.141431,3.141132
3.062000,1.396313,0.616877,-0.890558,3.141064,3.141431,3.141132
3.062000,1.396313,0.616877,-0.890558,3.141064,3.141431,3.141132
3.062000,1.396313,0.616877,-0.890558,3.141064,3.141431,3.141132
3.062000,1.396313,0.616877,-0.890558,3.141064,3.141431,3.141132
3.062000,1.396313,0.616877,-0.890558,3.141064,3.141431,3.141132
3.062000,1.396313,0.616877,-0.890558,3.141064,3.141431,3.141132
3.062000,1.396313,0.616877,-0.890558,3.141064,3.141431,3.141132
3.062000,1.396313,0.616877,-0.890558,3.141064,3.141431,3.141132
3.062000,1.396313,0.616877,-0.890558,3.141064,3.141431,3.141132
3.062000,1.396313,0.616877,-0.890558,3.141064,3.141431,3.141132
3.062000,1.396313,0.616877,-0.890558,3.141064,3.141431,3.141132
3.062000,1.396313,0.616877,-0.890558,3.141064,3.141431,3.141132
3.062000,1.396313,0.616877,-0.890558,3.141064,3.141431,3.141132
3.062000,1.396313,0.616877,-0.890558,3.141064,3.141431,3.141132
3.062000,1.396313,0.616877,-0.890558,3.141064,3.141431,3.141132
3.062000,1.396313,0.616877,-0.890558,3.141064,3.141431,3.141132
3.062000,1.396313,0.616877,-0.890558,3.141064,3.141431,3.141132
3.062000,1.396313,0.616877,-0.890558,3.141064,3.141431,3.141132
3.062000,1.396313,0.616877,-0.890558,3.141064,3.141431,3.141132
3.062000,1.396313,0.616877,-0.890558,3.141064,3.141431,3.141132
3.062000,1.396313,0.616877,-0.890558,3.141064,3.141431,3.141132
3.062000,1.396313,0.616877,-0.890558,3.141064,3.141431,3.141132
3.062000,1.396313,0.616877,-0.890558,3.141064,3.141431,3.141132
3.062000,1.396313,0.616877,-0.890558,3.141064,3.141431,3.141132
3.062000,1.396313,0.616877,-0.890558,3.141064,3.141431,3.141132
3.062000,1.396313,0.616877,-0.890558,3.141064,3.141431,3.141132
3.062000,1.396313,0.616877,-0.890558,3.141064,3.141431,3.141132
3.062000,1.396313,0.616877,-0.890558,3.141064,3.141431,3.141132
3.062000,1.396313,0.616877,-0.890558,3.141064,3.141431,3.141132
3.062000,1.396313,0.616877,-0.890558,3.141064,3.141431,3.141132
3.062000,1.396313,0.616877,-0.890558,3.141064,3.141431,3.141132
3.062000,1.396313,0.616877,-0.890558,3.141064,3.141431,3.141132
3.062000,1.396313,0.616877,-0.890558,3.141064,3.141431,3.141132
3.062000,1.396313,0.616877,-0.890558,3.141064,3.141431,3.141132
3.062000,1.396313,0.616877,-0.890558,3.141064,3.141431,3.141132
3.062000,1.396313,0.616877,-0.890558,3.141064,3.141431,3.141132
3.062000,1.396313,0.616877,-0.890558,3.141064,3.141431,3.141132
3.062000,1.396313,0.616877,-0.890558,3.141064,3.141431,3.141132
3.062000,1.396313,0.616877,-0.890558,3.141064,3.141431,3.141132
3.062000,1.396313,0.616877,-0.890558,3.141064,3.141431,3.141132
3.062000,1.396313,0.616877,-0.890558,3.141064,3.141431,3.141132
3.062000,1.396313,0.616877,-0.890558,3.141064,3.141431,3.141132
3.062000,1.396313,0.616877,-0.890558,3.141064,3.141431,3.141132
3.062000,1.396313,0.616877,-0.890558,3.141064,3.141431,3.141132
3.062000,1.396313,0.616877,-0.890558,3.141064,3.141431,3.141132
3.062000,1.396313,0.616877,-0.890558,3.141064,3.141431,3.141132
3.062000,1.396313,0.616877,-0.890558,3.141064,3.141431,3.141132
3.062000,1.396313,0.616877,-0.890558,3.141064,3.141431,3.141132
3.062000,1.396313,0.616877,-0.890558,3.141064,3.141431,3.141132
3.062000,1.396313,0.616877,-0.890558,3.141064,3.141431,3.141132
3.062000,1.396313,0.616877,-0.890558,3.141064,3.141431,3.141132
3.062000,1.396313,0.616877,-0.890558,3.141064,3.141431,3.141132
3.062000,1.396313,0.616877,-0.890558,3.141064,3.141431,3.141132
3.062000,1.396313,0.616877,-0.890558,3.141064,3.141431,3.141132
3.062000,1.396313,0.616877,-0.890558,3.141064,3.141431,3.141132
3.062000,1.396313,0.616877,-0.890558,3.141064,3.141431,3.141132
3.062000,1.396313,0.616877,-0.890558,3.141064,3.141431,3.141132
3.062000,1.396313,0.616877,-0.890558,3.141064,3.141431,3.141132
3.062000,1.396313,0.616877,-0.890558,3.141064,3.141431,3.141132
3.062000,1.396313,0.616877,-0.890558,3.141064,3.141431,3.141132
3.062000,1.396313,0.616877,-0.890558,3.141064,3.141431,3.141132
3.062000,1.396313,0.616877,-0.890558,3.141064,3.141431,3.141132
3.062000,1.396313,0.616877,-0.890558,3.141064,3.141431,3.141132
3.062000,1.396313,0.616877,-0.890558,3.141064,3.141431,3.141132
3.062000,1.396313,0.616877,-0.890558,3.141064,3.141431,3.141132
3.062000,1.396313,0.616877,-0.890558,3.141064,3.141431,3.141132
3.062000,1.396313,0.616877,-0.890558,3.141064,3.141431,3.141132
3.062000,1.396313,0.616877,-0.890558,3.141064,3.141431,3.141132
3.062000,1.396313,0.616877,-0.890558,3.141064,3.141431,3.141132
3.062000,1.396313,0.616877,-0.890558,3.141064,3.141431,3.141132
3.062000,1.396313,0.616877,-0.890558,3.141064,3.141431,3.141132
3.062000,1.396313,0.616877,-0.890558,3.141064,3.141431,3.141132
3.062000,1.396313,0.616877,-0.890558,3.141064,3.141431,3.141132
3.062000,1.396313,0.616877,-0.890558,3.141064,3.141431,3.141132
3.062000,1.396313,0.616877,-0.890558,3.141064,3.141431,3.141132
3.062000,1.396313,0.616877,-0.890558,3.141064,3.141431,3.141132
3.062000,1.396313,0.616877,-0.890558,3.141064,3.141431,3.141132
3.062000,1.396313,0.616877,-0.890558,3.141064,3.141431,3.141132
3.062000,1.396313,0.616877,-0.890558,3.141064,3.141431,3.141132
3.062000,1.396313,0.616877,-0.890558,3.141064,3.141431,3.141132
3.062000,1.396313,0.616877,-0.890558,3.141064,3.141431,3.141132
3.062000,1.396313,0.616877,-0.890558,3.141064,3.141431,3.141132
3.062000,1.396313,0.616877,-0.890558,3.141064,3.141431,3.141132
3.062000,1.396313,0.616877,-0.890558,3.141064,3.141431,3.141132
3.062000,1.396313,0.616877,-0.890558,3.141064,3.141431,3.141132
3.062000,1.396313,0.616877,-0.890558,3.141064,3.141431,3.141132
3.062000,1.396313,0.616877,-0.890558,3.141064,3.141431,3.141132
3.062000,1.396313,0.616877,-0.890558,3.141064,3.141431,3.141132
3.062000,1.396313,0.616877,-0.890558,3.141064,3.141431,3.141132
3.062000,1.396313,0.616877,-0.890558,3.141064,3.141431,3.141132
3.062000,1.396313,0.616877,-0.890558,3.141064,3.141431,3.141132
3.062000,1.396313,0.616877,-0.890558,3.141064,3.141431,3.141132
3.062000,1.396313,0.616877,-0.890558,3.141064,3.141431,3.141132
3.062000,1.396313,0.616877,-0.890558,3.141064,3.141431,3.141132
3.062000,1.396313,0.616877,-0.890558,3.141064,3.141431,3.141132
3.062000,1.396313,0.616877,-0.890558,3.141064,3.141431,3.141132
3.062000,1.396313,0.616877,-0.890558,3.141064,3.141431,3.141132
3.062000,1.396313,0.616877,-0.890558,3.141064,3.141431,3.141132
3.062000,1.396313,0.616877,-0.890558,3.141064,3.141431,3.141132
3.062000,1.396313,0.616877,-0.890558,3.141064,3.141431,3.141132
3.062000,1.396313,0.616877,-0.890558,3.141064,3.141431,3.141132
3.062000,1.396313,0.616877,-0.890558,3.141064,3.141431,3.141132
3.062000,1.396313,0.616877,-0.890558,3.141064,3.141431,3.141132
3.062000,1.396313,0.616877,-0.890558,3.141064,3.141431,3.141132
3.062000,1.396313,0.616877,-0.890558,3.141064,3.141431,3.141132
3.062000,1.396313,0.616877,-0.890558,3.141064,3.141431,3.141132
3.062000,1.396313,0.616877,-0.890558,3.141064,3.141431,3.141132
3.062000,1.396313,0.616877,-0.890558,3.141064,3.141431,3.141132
3.062000,1.396313,0.616877,-0.890558,3.141064,3.141431,3.141132
3.062000,1.396313,0.616877,-0.890558,3.141064,3.141431,3.141132
3.062000,1.396313,0.616877,-0.890558,3.141064,3.141431,3.141132
3.062000,1.396313,0.616877,-0.890558,3.141064,3.141431,3.141132
3.062000,1.396313,0.616877,-0.890558,3.141064,3.141431,3.141132
3.062000,1.396313,0.616877,-0.890558,3.141064,3.141431,3.141132
3.062000,1.396313,0.616877,-0.890558,3.141064,3.141431,3.141132
3.062000,1.396313,0.616877,-0.890558,3.141064,3.141431,3.141132
3.062000,1.396313,0.616877,-0.890558,3.141064,3.141431,3.141132
3.062000,1.396313,0.616877,-0.890558,3.141064,3.141431,3.141132
3.062000,1.396313,0.616877,-0.890558,3.141064,3.141431,3.141132
3.062000,1.396313,0.616877,-0.890558,3.141064,3.141431,3.141132
3.062000,1.396313,0.616877,-0.890558,3.141064,3.141431,3.141132
3.062000,1.396313,0.616877,-0.890558,3.141064,3.141431,3.141132
3.062000,1.396313,0.616877,-0.890558,3.141064,3.141431,3.141132
3.062000,1.396313,0.616877,-0.890558,3.141064,3.141431,3.141132
3.062000,1.396313,0.616877,-0.890558,3.141064,3.141431,3.141132
3.062000,1.396313,0.616877,-0.890558,3.141064,3.141431,3.141132
3.062000,1.396313,0.616877,-0.890558,3.141064,3.141431,3.141132
3.062000,1.396313,0.616877,-0.890558,3.141064,3.141431,3.141132
3.062000,1.396313,0.616877,-0.890558,3.141064,3.141431,3.141132
3.062000,1.396313,0.616877,-0.890558,3.141064,3.141431,3.141132
3.062000,1.396313,0.616877,-0.890558,3.141064,3.141431,3.141132
3.062000,1.396313,0.616877,-0.890558,3.141064,3.141431,3.141132
3.062000,1.396313,0.616877,-0.890558,3.141064,3.141431,3.141132
3.062000,1.396313,0.616877,-0.890558,3.141064,3.141431,3.141132
3.062000,1.396313,0.616877,-0.890558,3.141064,3.141431,3.141132
3.062000,1.396313,0.616877,-0.890558,3.141064,3.141431,3.141132
3.062000,1.396313,0.616877,-0.890558,3.141064,3.141431,3.141132
3.062000,1.396313,0.616877,-0.890558,3.141064,3.141431,3.141132
3.062000,1.396313,0.616877,-0.890558,3.141064,3.141431,3.141132
3.062000,1.396313,0.616877,-0.890558,3.141064,3.141431,3.141132
3.062000,1.396313,0.616877,-0.890558,3.141064,3.141431,3.141132
3.062000,1.396313,0.616877,-0.890558,3.141064,3.141431,3.141132
3.062000,1.396313,0.616877,-0.890558,3.141064,3.141431,3.141132
3.062000,1.396313,0.616877,-0.890558,3.141064,3.141431,3.141132
3.062000,1.396313,0.616877,-0.890558,3.141064,3.141431,3.141132
3.062000,1.396313,0.616877,-0.890558,3.141064,3.141431,3.141132
3.062000,1.396313,0.616877,-0.890558,3.141064,3.141431,3.141132
3.062000,1.396313,0.616877,-0.890558,3.141064,3.141431,3.141132
3.062000,1.396313,0.616877,-0.890558,3.141064,3.141431,3.141132
3.062000,1.396313,0.616877,-0.890558,3.141064,3.141431,3.141132
3.062000,1.396313,0.616877,-0.890558,3.141064,3.141431,3.141132
3.062000,1.396313,0.616877,-0.890558,3.141064,3.141431,3.141132
3.062000,1.396313,0.616877,-0.890558,3.141064,3.141431,3.141132
3.062000,1.396313,0.616877,-0.890558,3.141064,3.141431,3.141132
3.062000,1.396313,0.616877,-0.890558,3.141064,3.141431,3.141132
3.062000,1.396313,0.616877,-0.890558,3.141064,3.141431,3.141132
3.062000,1.396313,0.616877,-0.890558,3.141064,3.141431,3.141132
3.062000,1.396313,0.616877,-0.890558,3.141064,3.141431,3.141132
3.062000,1.396313,0.616877,-0.890558,3.141064,3.141431,3.141132
3.062000,1.396313,0.616877,-0.890558,3.141064,3.141431,3.141132
3.062000,1.396313,0.616877,-0.890558,3.141064,3.141431,3.141132
3.062000,1.396313,0.616877,-0.890558,3.141064,3.141431,3.141132
3.062000,1.396313,0.616877,-0.890558,3.141064,3.141431,3.141132
3.062000,1.396313,0.616877,-0.890558,3.141064,3.141431,3.141132
3.062000,1.396313,0.616877,-0.890558,3.141064,3.141431,3.141132
3.062000,1.396313,0.616877,-0.890558,3.141064,3.141431,3.141132
3.062000,1.396313,0.616877,-0.890558,3.141064,3.141431,3.141132
3.062000,1.396313,0.616877,-0.890558,3.141064,3.141431,3.141132
3.062000,1.396313,0.616877,-0.890558,3.141064,3.141431,3.141132
3.062000,1.396313,0.616877,-0.890558,3.141064,3.141431,3.141132
3.062000,1.396313,0.616877,-0.890558,3.141064,3.141431,3.141132
3.062000,1.396313,0.616877,-0.890558,3.141064,3.141431,3.141132
3.062000,1.396313,0.616877,-0.890558,3.141064,3.141431,3.141132
3.062000,1.396313,0.616877,-0.890558,3.141064,3.141431,3.141132
3.062000,1.396313,0.616877,-0.890558,3.141064,3.141431,3.141132
3.062000,1.396313,0.616877,-0.890558,3.141064,3.141431,3.141132
3.062000,1.396313,0.616877,-0.890558,3.141064,3.141431,3.141132
3.062000,1.396313,0.616877,-0.890558,3.141064,3.141431,3.141132
3.062000,1.396313,0.616877,-0.890558,3.141064,3.141431,3.141132
3.062000,1.396313,0.616877,-0.890558,3.141064,3.141431,3.141132
3.062000,1.396313,0.616877,-0.890558,3.141064,3.141431,3.141132
3.062000,1.396313,0.616877,-0.890558,3.141064,3.141431,3.141132
3.062000,1.396313,0.616877,-0.890558,3.141064,3.141431,3.141132
3.062000,1.396313,0.616877,-0.890558,3.141064,3.141431,3.141132
3.062000,1.396313,0.616877,-0.890558,3.141064,3.141431,3.141132
3.062000,1.396313,0.616877,-0.890558,3.141064,3.141431,3.141132
3.062000,1.396313,0.616877,-0.890558,3.141064,3.141431,3.141132
3.062000,1.396313,0.616877,-0.890558,3.141064,3.141431,3.141132
3.062000,1.396313,0.616877,-0.890558,3.141064,3.141431,3.141132
3.062000,1.396313,0.616877,-0.890558,3.141064,3.141431,3.141132
3.062000,1.396313,0.616877,-0.890558,3.141064,3.141431,3.141132
3.062000,1.396313,0.616877,-0.890558,3.141064,3.141431,3.141132
3.062000,1.396313,0.616877,-0.890558,3.141064,3.141431,3.141132
3.062000,1.396313,0.616877,-0.890558,3.141064,3.141431,3.141132
3.062000,1.396313,0.616877,-0.890558,3.141064,3.141431,3.141132
3.062000,1.396313,0.616877,-0.890558,3.141064,3.141431,3.141132
3.062000,1.396313,0.616877,-0.890558,3.141064,3.141431,3.141132
3.062000,1.396313,0.616877,-0.890558,3.141064,3.141431,3.141132
3.062000,1.396313,0.616877,-0.890558,3.141064,3.141431,3.141132
3.062000,1.396313,0.616877,-0.890558,3.141064,3.141431,3.141132
3.062000,1.396313,0.616877,-0.890558,3.141064,3.141431,3.141132
3.062000,1.396313,0.616877,-0.890558,3.141064,3.141431,3.141132
3.062000,1.396313,0.616877,-0.890558,3.141064,3.141431,3.141132
3.062000,1.396313,0.616877,-0.890558,3.141064,3.141431,3.141132
3.062000,1.396313,0.616877,-0.890558,3.141064,3.141431,3.141132
3.062000,1.396313,0.616877,-0.890558,3.141064,3.141431,3.141132
3.062000,1.396313,0.616877,-0.890558,3.141064,3.141431,3.141132
3.062000,1.396313,0.616877,-0.890558,3.141064,3.141431,3.141132
3.062000,1.396313,0.616877,-0.890558,3.141064,3.141431,3.141132
3.062000,1.396313,0.616877,-0.890558,3.141064,3.141431,3.141132
3.062000,1.396313,0.616877,-0.890558,3.141064,3.141431,3.141132
3.062000,1.396313,0.616877,-0.890558,3.141064,3.141431,3.141132
3.062000,1.396313,0.616877,-0.890558,3.141064,3.141431,3.141132
3.062000,1.396313,0.616877,-0.890558,3.141064,3.141431,3.141132
3.062000,1.396313,0.616877,-0.890558,3.141064,3.141431,3.141132
3.062000,1.396313,0.616877,-0.890558,3.141064,3.141431,3.141132
3.062000,1.396313,0.616877,-0.890558,3.141064,3.141431,3.141132
3.062000,1.396313,0.616877,-0.890558,3.141064,3.141431,3.141132
3.062000,1.396313,0.616877,-0.890558,3.141064,3.141431,3.141132
3.062000,1.396313,0.616877,-0.890558,3.141064,3.141431,3.141132
3.062000,1.396313,0.616877,-0.890558,3.141064,3.141431,3.141132
3.062000,1.396313,0.616877,-0.890558,3.141064,3.141431,3.141132
3.062000,1.396313,0.616877,-0.890558,3.141064,3.141431,3.141132
3.062000,1.396313,0.616877,-0.890558,3.141064,3.141431,3.141132
3.062000,1.396313,0.616877,-0.890558,3.141064,3.141431,3.141132
3.062000,1.396313,0.616877,-0.890558,3.141064,3.141431,3.141132
3.062000,1.396313,0.616877,-0.890558,3.141064,3.141431,3.141132
3.062000,1.396313,0.616877,-0.890558,3.141064,3.141431,3.141132
3.062000,1.396313,0.616877,-0.890558,3.141064,3.141431,3.141132
3.062000,1.396313,0.616877,-0.890558,3.141064,3.141431,3.141132
3.062000,1.396313,0.616877,-0.890558,3.141064,3.141431,3.141132
3.062000,1.396313,0.616877,-0.890558,3.141064,3.141431,3.141132
3.062000,1.396313,0.616877,-0.890558,3.141064,3.141431,3.141132
3.062000,1.396313,0.616877,-0.890558,3.141064,3.141431,3.141132
3.062000,1.396313,0.616877,-0.890558,3.141064,3.141431,3.141132
3.062000,1.396313,0.616877,-0.890558,3.141064,3.141431,3.141132
3.062000,1.396313,0.616877,-0.890558,3.141064,3.141431,3.141132
3.062000,1.396313,0.616877,-0.890558,3.141064,3.141431,3.141132
3.062000,1.396313,0.616877,-0.890558,3.141064,3.141431,3.141132
3.062000,1.396313,0.616877,-0.890558,3.141064,3.141431,3.141132
3.062000,1.396313,0.616877,-0.890558,3.141064,3.141431,3.141132
3.062000,1.396313,0.616877,-0.890558,3.141064,3.141431,3.141132
3.062000,1.396313,0.616877,-0.890558,3.141064,3.141431,3.141132
3.062000,1.396313,0.616877,-0.890558,3.141064,3.141431,3.141132
3.062000,1.396313,0.616877,-0.890558,3.141064,3.141431,3.141132
3.062000,1.396313,0.616877,-0.890558,3.141064,3.141431,3.141132
3.062000,1.396313,0.616877,-0.890558,3.141064,3.141431,3.141132
3.062000,1.396313,0.616877,-0.890558,3.141064,3.141431,3.141132
3.062000,1.396313,0.616877,-0.890558,3.141064,3.141431,3.141132
3.062000,1.396313,0.616877,-0.890558,3.141064,3.141431,3.141132
3.062000,1.396313,0.616877,-0.890558,3.141064,3.141431,3.141132
3.062000,1.396313,0.616877,-0.890558,3.141064,3.141431,3.141132
3.062000,1.396313,0.616877,-0.890558,3.141064,3.141431,3.141132
3.062000,1.396313,0.616877,-0.890558,3.141064,3.141431,3.141132
3.062000,1.396313,0.616877,-0.890558,3.141064,3.141431,3.141132
3.062000,1.396313,0.616877,-0.890558,3.141064,3.141431,3.141132
3.062000,1.396313,0.616877,-0.890558,3.141064,3.141431,3.141132
3.062000,1.396313,0.616877,-0.890558,3.141064,3.141431,3.141132
3.062000,1.396313,0.616877,-0.890558,3.141064,3.141431,3.141132
3.062000,1.396313,0.616877,-0.890558,3.141064,3.141431,3.141132
3.062000,1.396313,0.616877,-0.890558,3.141064,3.141431,3.141132
3.062000,1.396313,0.616877,-0.890558,3.141064,3.141431,3.141132
3.062000,1.396313,0.616877,-0.890558,3.141064,3.141431,3.141132
3.062000,1.396313,0.616877,-0.890558,3.141064,3.141431,3.141132
3.062000,1.396313,0.616877,-0.890558,3.141064,3.141431,3.141132
3.062000,1.396313,0.616877,-0.890558,3.141064,3.141431,3.141132
3.062000,1.396313,0.616877,-0.890558,3.141064,3.141431,3.141132
3.062000,1.396313,0.616877,-0.890558,3.141064,3.141431,3.141132
3.062000,1.396313,0.616877,-0.890558,3.141064,3.141431,3.141132
3.062000,1.396313,0.616877,-0.890558,3.141064,3.141431,3.141132
3.062000,1.396313,0.616877,-0.890558,3.141064,3.141431,3.141132
3.062000,1.396313,0.616877,-0.890558,3.141064,3.141431,3.141132
3.062000,1.396313,0.616877,-0.890558,3.141064,3.141431,3.141132
3.062000,1.396313,0.616877,-0.890558,3.141064,3.141431,3.141132
3.062000,1.396313,0.616877,-0.890558,3.141064,3.141431,3.141132
3.062000,1.396313,0.616877,-0.890558,3.141064,3.141431,3.141132
3.062000,1.396313,0.616877,-0.890558,3.141064,3.141431,3.141132
3.062000,1.396313,0.616877,-0.890558,3.141064,3.141431,3.141132
3.062000,1.396313,0.616877,-0.890558,3.141064,3.141431,3.141132
3.062000,1.396313,0.616877,-0.890558,3.141064,3.141431,3.141132
3.062000,1.396313,0.616877,-0.890558,3.141064,3.141431,3.141132
3.062000,1.396313,0.616877,-0.890558,3.141064,3.141431,3.141132
3.062000,1.396313,0.616877,-0.890558,3.141064,3.141431,3.141132
3.062000,1.396313,0.616877,-0.890558,3.141064,3.141431,3.141132
3.062000,1.396313,0.616877,-0.890558,3.141064,3.141431,3.141132
3.062000,1.396313,0.616877,-0.890558,3.141064,3.141431,3.141132
3.062000,1.396313,0.616877,-0.890558,3.141064,3.141431,3.141132
3.062000,1.396313,0.616877,-0.890558,3.141064,3.141431,3.141132
3.062000,1.396313,0.616877,-0.890558,3.141064,3.141431,3.141132
3.062000,1.396313,0.616877,-0.890558,3.141064,3.141431,3.141132
3.062000,1.396313,0.616877,-0.890558,3.141064,3.141431,3.141132
3.062000,1.396313,0.616877,-0.890558,3.141064,3.141431,3.141132
3.062000,1.396313,0.616877,-0.890558,3.141064,3.141431,3.141132
3.062000,1.396313,0.616877,-0.890558,3.141064,3.141431,3.141132
3.062000,1.396313,0.616877,-0.890558,3.141064,3.141431,3.141132
3.062000,1.396313,0.616877,-0.890558,3.141064,3.141431,3.141132
3.062000,1.396313,0.616877,-0.890558,3.141064,3.141431,3.141132
3.062000,1.396313,0.616877,-0.890558,3.141064,3.141431,3.141132
3.062000,1.396313,0.616877,-0.890558,3.141064,3.141431,3.141132
3.062000,1.396313,0.616877,-0.890558,3.141064,3.141431,3.141132
3.062000,1.396313,0.616877,-0.890558,3.141064,3.141431,3.141132
3.062000,1.396313,0.616877,-0.890558,3.141064,3.141431,3.141132
3.062000,1.396313,0.616877,-0.890558,3.141064,3.141431,3.141132
3.062000,1.396313,0.616877,-0.890558,3.141064,3.141431,3.141132
3.062000,1.396313,0.616877,-0.890558,3.141064,3.141431,3.141132
3.062000,1.396313,0.616877,-0.890558,3.141064,3.141431,3.141132
3.062000,1.396313,0.616877,-0.890558,3.141064,3.141431,3.141132
3.062000,1.396313,0.616877,-0.890558,3.141064,3.141431,3.141132
3.062000,1.396313,0.616877,-0.890558,3.141064,3.141431,3.141132
3.062000,1.396313,0.616877,-0.890558,3.141064,3.141431,3.141132
3.062000,1.396313,0.616877,-0.890558,3.141064,3.141431,3.141132
3.062000,1.396313,0.616877,-0.890558,3.141064,3.141431,3.141132
3.062000,1.396313,0.616877,-0.890558,3.141064,3.141431,3.141132
3.062000,1.396313,0.616877,-0.890558,3.141064,3.141431,3.141132
3.062000,1.396313,0.616877,-0.890558,3.141064,3.141431,3.141132
3.062000,1.396313,0.616877,-0.890558,3.141064,3.141431,3.141132
3.062000,1.396313,0.616877,-0.890558,3.141064,3.141431,3.141132
3.062000,1.396313,0.616877,-0.890558,3.141064,3.141431,3.141132
3.062000,1.396313,0.616877,-0.890558,3.141064,3.141431,3.141132
3.062000,1.396313,0.616877,-0.890558,3.141064,3.141431,3.141132
3.062000,1.396313,0.616877,-0.890558,3.141064,3.141431,3.141132
3.062000,1.396313,0.616877,-0.890558,3.141064,3.141431,3.141132
3.062000,1.396313,0.616877,-0.890558,3.141064,3.141431,3.141132
3.062000,1.396313,0.616877,-0.890558,3.141064,3.141431,3.141132
3.062000,1.396313,0.616877,-0.890558,3.141064,3.141431,3.141132
3.062000,1.396313,0.616877,-0.890558,3.141064,3.141431,3.141132
3.062000,1.396313,0.616877,-0.890558,3.141064,3.141431,3.141132
3.062000,1.396313,0.616877,-0.890558,3.141064,3.141431,3.141132
3.062000,1.396313,0.616877,-0.890558,3.141064,3.141431,3.141132
3.062000,1.396313,0.616877,-0.890558,3.141064,3.141431,3.141132
3.062000,1.396313,0.616877,-0.890558,3.141064,3.141431,3.141132
3.062000,1.396313,0.616877,-0.890558,3.141064,3.141431,3.141132
3.062000,1.396313,0.616877,-0.890558,3.141064,3.141431,3.141132
3.062000,1.396313,0.616877,-0.890558,3.141064,3.141431,3.141132
3.062000,1.396313,0.616877,-0.890558,3.141064,3.141431,3.141132
3.062000,1.396313,0.616877,-0.890558,3.141064,3.141431,3.141132
3.062000,1.396313,0.616877,-0.890558,3.141064,3.141431,3.141132
3.062000,1.396313,0.616877,-0.890558,3.141064,3.141431,3.141132
3.062000,1.396313,0.616877,-0.890558,3.141064,3.141431,3.141132
3.062000,1.396313,0.616877,-0.890558,3.141064,3.141431,3.141132
3.062000,1.396313,0.616877,-0.890558,3.141064,3.141431,3.141132
3.062000,1.396313,0.616877,-0.890558,3.141064,3.141431,3.141132
3.062000,1.396313,0.616877,-0.890558,3.141064,3.141431,3.141132
3.062000,1.396313,0.616877,-0.890558,3.141064,3.141431,3.141132
3.062000,1.396313,0.616877,-0.890558,3.141064,3.141431,3.141132
3.062000,1.396313,0.616877,-0.890558,3.141064,3.141431,3.141132
3.062000,1.396313,0.616877,-0.890558,3.141064,3.141431,3.141132
3.062000,1.396313,0.616877,-0.890558,3.141064,3.141431,3.141132
3.062000,1.396313,0.616877,-0.890558,3.141064,3.141431,3.141132
3.062000,1.396313,0.616877,-0.890558,3.141064,3.141431,3.141132
3.062000,1.396313,0.616877,-0.890558,3.141064,3.141431,3.141132
3.062000,1.396313,0.616877,-0.890558,3.141064,3.141431,3.141132
3.062000,1.396313,0.616877,-0.890558,3.141064,3.141431,3.141132
3.062000,1.396313,0.616877,-0.890558,3.141064,3.141431,3.141132
3.062000,1.396313,0.616877,-0.890558,3.141064,3.141431,3.141132
3.062000,1.396313,0.616877,-0.890558,3.141064,3.141431,3.141132
3.062000,1.396313,0.616877,-0.890558,3.141064,3.141431,3.141132
3.062000,1.396313,0.616877,-0.890558,3.141064,3.141431,3.141132
3.062000,1.396313,0.616877,-0.890558,3.141064,3.141431,3.141132
3.062000,1.396313,0.616877,-0.890558,3.141064,3.141431,3.141132
3.062000,1.396313,0.616877,-0.890558,3.141064,3.141431,3.141132
3.062000,1.396313,0.616877,-0.890558,3.141064,3.141431,3.141132
3.062000,1.396313,0.616877,-0.890558,3.141064,3.141431,3.141132
3.062000,1.396313,0.616877,-0.890558,3.141064,3.141431,3.141132
3.062000,1.396313,0.616877,-0.890558,3.141064,3.141431,3.141132
3.062000,1.396313,0.616877,-0.890558,3.141064,3.141431,3.141132
3.062000,1.396313,0.616877,-0.890558,3.141064,3.141431,3.141132
3.062000,1.396313,0.616877,-0.890558,3.141064,3.141431,3.141132
3.062000,1.396313,0.616877,-0.890558,3.141064,3.141431,3.141132
3.062000,1.396313,0.616877,-0.890558,3.141064,3.141431,3.141132
3.062000,1.396313,0.616877,-0.890558,3.141064,3.141431,3.141132
3.062000,1.396313,0.616877,-0.890558,3.141064,3.141431,3.141132
3.062000,1.396313,0.616877,-0.890558,3.141064,3.141431,3.141132
3.062000,1.396313,0.616877,-0.890558,3.141064,3.141431,3.141132
3.062000,1.396313,0.616877,-0.890558,3.141064,3.141431,3.141132
3.062000,1.396313,0.616877,-0.890558,3.141064,3.141431,3.141132
3.062000,1.396313,0.616877,-0.890558,3.141064,3.141431,3.141132
3.062000,1.396313,0.616877,-0.890558,3.141064,3.141431,3.141132
3.062000,1.396313,0.616877,-0.890558,3.141064,3.141431,3.141132
3.062000,1.396313,0.616877,-0.890558,3.141064,3.141431,3.141132
3.062000,1.396313,0.616877,-0.890558,3.141064,3.141431,3.141132
3.062000,1.396313,0.616877,-0.890558,3.141064,3.141431,3.141132
3.062000,1.396313,0.616877,-0.890558,3.141064,3.141431,3.141132
3.062000,1.396313,0.616877,-0.890558,3.141064,3.141431,3.141132
3.062000,1.396313,0.616877,-0.890558,3.141064,3.141431,3.141132
3.062000,1.396313,0.616877,-0.890558,3.141064,3.141431,3.141132
3.062000,1.396313,0.616877,-0.890558,3.141064,3.141431,3.141132
3.062000,1.396313,0.616877,-0.890558,3.141064,3.141431,3.141132
3.062000,1.396313,0.616877,-0.890558,3.141064,3.141431,3.141132
3.062000,1.396313,0.616877,-0.890558,3.141064,3.141431,3.141132
3.062000,1.396313,0.616877,-0.890558,3.141064,3.141431,3.141132
3.062000,1.396313,0.616877,-0.890558,3.141064,3.141431,3.141132
3.062000,1.396313,0.616877,-0.890558,3.141064,3.141431,3.141132
3.062000,1.396313,0.616877,-0.890558,3.141064,3.141431,3.141132
3.062000,1.396313,0.616877,-0.890558,3.141064,3.141431,3.141132
3.062000,1.396313,0.616877,-0.890558,3.141064,3.141431,3.141132
3.062000,1.396313,0.616877,-0.890558,3.141064,3.141431,3.141132
3.062000,1.396313,0.616877,-0.890558,3.141064,3.141431,3.141132
3.062000,1.396313,0.616877,-0.890558,3.141064,3.141431,3.141132
3.062000,1.396313,0.616877,-0.890558,3.141064,3.141431,3.141132
3.062000,1.396313,0.616877,-0.890558,3.141064,3.141431,3.141132
3.062000,1.396313,0.616877,-0.890558,3.141064,3.141431,3.141132
3.062000,1.396313,0.616877,-0.890558,3.141064,3.141431,3.141132
3.062000,1.396313,0.616877,-0.890558,3.141064,3.141431,3.141132
3.062000,1.396313,0.616877,-0.890558,3.141064,3.141431,3.141132
3.062000,1.396313,0.616877,-0.890558,3.141064,3.141431,3.141132
3.062000,1.396313,0.616877,-0.890558,3.141064,3.141431,3.141132
3.062000,1.396313,0.616877,-0.890558,3.141064,3.141431,3.141132
3.062000,1.396313,0.616877,-0.890558,3.141064,3.141431,3.141132
3.062000,1.396313,0.616877,-0.890558,3.141064,3.141431,3.141132
3.062000,1.396313,0.616877,-0.890558,3.141064,3.141431,3.141132
3.062000,1.396313,0.616877,-0.890558,3.141064,3.141431,3.141132
3.062000,1.396313,0.616877,-0.890558,3.141064,3.141431,3.141132
3.062000,1.396313,0.616877,-0.890558,3.141064,3.141431,3.141132
3.062000,1.396313,0.616877,-0.890558,3.141064,3.141431,3.141132
3.062000,1.396313,0.616877,-0.890558,3.141064,3.141431,3.141132
3.062000,1.396313,0.616877,-0.890558,3.141064,3.141431,3.141132
3.062000,1.396313,0.616877,-0.890558,3.141064,3.141431,3.141132
3.062000,1.396313,0.616877,-0.890558,3.141064,3.141431,3.141132
3.062000,1.396313,0.616877,-0.890558,3.141064,3.141431,3.141132
3.062000,1.396313,0.616877,-0.890558,3.141064,3.141431,3.141132
3.062000,1.396313,0.616877,-0.890558,3.141064,3.141431,3.141132
3.062000,1.396313,0.616877,-0.890558,3.141064,3.141431,3.141132
3.062000,1.396313,0.616877,-0.890558,3.141064,3.141431,3.141132
3.062000,1.396313,0.616877,-0.890558,3.141064,3.141431,3.141132
3.062000,1.396313,0.616877,-0.890558,3.141064,3.141431,3.141132
3.062000,1.396313,0.616877,-0.890558,3.141064,3.141431,3.141132
3.062000,1.396313,0.616877,-0.890558,3.141064,3.141431,3.141132
3.062000,1.396313,0.616877,-0.890558,3.141064,3.141431,3.141132
3.062000,1.396313,0.616877,-0.890558,3.141064,3.141431,3.141132
3.062000,1.396313,0.616877,-0.890558,3.141064,3.141431,3.141132
3.062000,1.396313,0.616877,-0.890558,3.141064,3.141431,3.141132
3.062000,1.396313,0.616877,-0.890558,3.141064,3.141431,3.141132
3.062000,1.396313,0.616877,-0.890558,3.141064,3.141431,3.141132
3.062000,1.396313,0.616877,-0.890558,3.141064,3.141431,3.141132
3.062000,1.396313,0.616877,-0.890558,3.141064,3.141431,3.141132
3.062000,1.396313,0.616877,-0.890558,3.141064,3.141431,3.141132
3.062000,1.396313,0.616877,-0.890558,3.141064,3.141431,3.141132
3.062000,1.396313,0.616877,-0.890558,3.141064,3.141431,3.141132
3.062000,1.396313,0.616877,-0.890558,3.141064,3.141431,3.141132
3.062000,1.396313,0.616877,-0.890558,3.141064,3.141431,3.141132
3.062000,1.396313,0.616877,-0.890558,3.141064,3.141431,3.141132
3.062000,1.396313,0.616877,-0.890558,3.141064,3.141431,3.141132
3.062000,1.396313,0.616877,-0.890558,3.141064,3.141431,3.141132
3.062000,1.396313,0.616877,-0.890558,3.141064,3.141431,3.141132
3.062000,1.396313,0.616877,-0.890558,3.141064,3.141431,3.141132
3.062000,1.396313,0.616877,-0.890558,3.141064,3.141431,3.141132
3.062000,1.396313,0.616877,-0.890558,3.141064,3.141431,3.141132
3.062000,1.396313,0.616877,-0.890558,3.141064,3.141431,3.141132
3.062000,1.396313,0.616877,-0.890558,3.141064,3.141431,3.141132
3.062000,1.396313,0.616877,-0.890558,3.141064,3.141431,3.141132
3.062000,1.396313,0.616877,-0.890558,3.141064,3.141431,3.141132
3.062000,1.396313,0.616877,-0.890558,3.141064,3.141431,3.141132
3.062000,1.396313,0.616877,-0.890558,3.141064,3.141431,3.141132
3.062000,1.396313,0.616877,-0.890558,3.141064,3.141431,3.141132
3.062000,1.396313,0.616877,-0.890558,3.141064,3.141431,3.141132
3.062000,1.396313,0.616877,-0.890558,3.141064,3.141431,3.141132
3.062000,1.396313,0.616877,-0.890558,3.141064,3.141431,3.141132
3.062000,1.396313,0.616877,-0.890558,3.141064,3.141431,3.141132
3.062000,1.396313,0.616877,-0.890558,3.141064,3.141431,3.141132
3.062000,1.396313,0.616877,-0.890558,3.141064,3.141431,3.141132
3.062000,1.396313,0.616877,-0.890558,3.141064,3.141431,3.141132
3.062000,1.396313,0.616877,-0.890558,3.141064,3.141431,3.141132
3.062000,1.396313,0.616877,-0.890558,3.141064,3.141431,3.141132
3.062000,1.396313,0.616877,-0.890558,3.141064,3.141431,3.141132
3.062000,1.396313,0.616877,-0.890558,3.141064,3.141431,3.141132
3.062000,1.396313,0.616877,-0.890558,3.141064,3.141431,3.141132
3.062000,1.396313,0.616877,-0.890558,3.141064,3.141431,3.141132
3.062000,1.396313,0.616877,-0.890558,3.141064,3.141431,3.141132
3.062000,1.396313,0.616877,-0.890558,3.141064,3.141431,3.141132
3.062000,1.396313,0.616877,-0.890558,3.141064,3.141431,3.141132
3.062000,1.396313,0.616877,-0.890558,3.141064,3.141431,3.141132
3.062000,1.396313,0.616877,-0.890558,3.141064,3.141431,3.141132
3.062000,1.396313,0.616877,-0.890558,3.141064,3.141431,3.141132
3.062000,1.396313,0.616877,-0.890558,3.141064,3.141431,3.141132
3.062000,1.396313,0.616877,-0.890558,3.141064,3.141431,3.141132
3.062000,1.396313,0.616877,-0.890558,3.141064,3.141431,3.141132
3.062000,1.396313,0.616877,-0.890558,3.141064,3.141431,3.141132
3.062000,1.396313,0.616877,-0.890558,3.141064,3.141431,3.141132
3.062000,1.396313,0.616877,-0.890558,3.141064,3.141431,3.141132
3.062000,1.396313,0.616877,-0.890558,3.141064,3.141431,3.141132
3.062000,1.396313,0.616877,-0.890558,3.141064,3.141431,3.141132
3.062000,1.396313,0.616877,-0.890558,3.141064,3.141431,3.141132
3.062000,1.396313,0.616877,-0.890558,3.141064,3.141431,3.141132
3.062000,1.396313,0.616877,-0.890558,3.141064,3.141431,3.141132
3.062000,1.396313,0.616877,-0.890558,3.141064,3.141431,3.141132
3.062000,1.396313,0.616877,-0.890558,3.141064,3.141431,3.141132
3.062000,1.396313,0.616877,-0.890558,3.141064,3.141431,3.141132
3.062000,1.396313,0.616877,-0.890558,3.141064,3.141431,3.141132
3.062000,1.396313,0.616877,-0.890558,3.141064,3.141431,3.141132
3.062000,1.396313,0.616877,-0.890558,3.141064,3.141431,3.141132
3.062000,1.396313,0.616877,-0.890558,3.141064,3.141431,3.141132
3.062000,1.396313,0.616877,-0.890558,3.141064,3.141431,3.141132
3.062000,1.396313,0.616877,-0.890558,3.141064,3.141431,3.141132
3.062000,1.396313,0.616877,-0.890558,3.141064,3.141431,3.141132
3.062000,1.396313,0.616877,-0.890558,3.141064,3.141431,3.141132
3.062000,1.396313,0.616877,-0.890558,3.141064,3.141431,3.141132
3.062000,1.396313,0.616877,-0.890558,3.141064,3.141431,3.141132
3.062000,1.396313,0.616877,-0.890558,3.141064,3.141431,3.141132
3.062000,1.396313,0.616877,-0.890558,3.141064,3.141431,3.141132
3.062000,1.396313,0.616877,-0.890558,3.141064,3.141431,3.141132
3.062000,1.396313,0.616877,-0.890558,3.141064,3.141431,3.141132
3.062000,1.396313,0.616877,-0.890558,3.141064,3.141431,3.141132
3.062000,1.396313,0.616877,-0.890558,3.141064,3.141431,3.141132
3.062000,1.396313,0.616877,-0.890558,3.141064,3.141431,3.141132
3.062000,1.396313,0.616877,-0.890558,3.141064,3.141431,3.141132
3.062000,1.396313,0.616877,-0.890558,3.141064,3.141431,3.141132
3.062000,1.396313,0.616877,-0.890558,3.141064,3.141431,3.141132
3.062000,1.396313,0.616877,-0.890558,3.141064,3.141431,3.141132
3.062000,1.396313,0.616877,-0.890558,3.141064,3.141431,3.141132
3.062000,1.396313,0.616877,-0.890558,3.141064,3.141431,3.141132
3.062000,1.396313,0.616877,-0.890558,3.141064,3.141431,3.141132
3.062000,1.396313,0.616877,-0.890558,3.141064,3.141431,3.141132
3.062000,1.396313,0.616877,-0.890558,3.141064,3.141431,3.141132
3.062000,1.396313,0.616877,-0.890558,3.141064,3.141431,3.141132
3.062000,1.396313,0.616877,-0.890558,3.141064,3.141431,3.141132
3.062000,1.396313,0.616877,-0.890558,3.141064,3.141431,3.141132
3.062000,1.396313,0.616877,-0.890558,3.141064,3.141431,3.141132
3.062000,1.396313,0.616877,-0.890558,3.141064,3.141431,3.141132
3.062000,1.396313,0.616877,-0.890558,3.141064,3.141431,3.141132
3.062000,1.396313,0.616877,-0.890558,3.141064,3.141431,3.141132
3.062000,1.396313,0.616877,-0.890558,3.141064,3.141431,3.141132
3.062000,1.396313,0.616877,-0.890558,3.141064,3.141431,3.141132
3.062000,1.396313,0.616877,-0.890558,3.141064,3.141431,3.141132
3.062000,1.396313,0.616877,-0.890558,3.141064,3.141431,3.141132
3.062000,1.396313,0.616877,-0.890558,3.141064,3.141431,3.141132
3.062000,1.396313,0.616877,-0.890558,3.141064,3.141431,3.141132
3.062000,1.396313,0.616877,-0.890558,3.141064,3.141431,3.141132
3.062000,1.396313,0.616877,-0.890558,3.141064,3.141431,3.141132
3.062000,1.396313,0.616877,-0.890558,3.141064,3.141431,3.141132
3.062000,1.396313,0.616877,-0.890558,3.141064,3.141431,3.141132
3.062000,1.396313,0.616877,-0.890558,3.141064,3.141431,3.141132
3.062000,1.396313,0.616877,-0.890558,3.141064,3.141431,3.141132
3.062000,1.396313,0.616877,-0.890558,3.141064,3.141431,3.141132
3.062000,1.396313,0.616877,-0.890558,3.141064,3.141431,3.141132
3.062000,1.396313,0.616877,-0.890558,3.141064,3.141431,3.141132
3.062000,1.396313,0.616877,-0.890558,3.141064,3.141431,3.141132
3.062000,1.396313,0.616877,-0.890558,3.141064,3.141431,3.141132
3.062000,1.396313,0.616877,-0.890558,3.141064,3.141431,3.141132
3.062000,1.396313,0.616877,-0.890558,3.141064,3.141431,3.141132
3.062000,1.396313,0.616877,-0.890558,3.141064,3.141431,3.141132
3.062000,1.396313,0.616877,-0.890558,3.141064,3.141431,3.141132
3.062000,1.396313,0.616877,-0.890558,3.141064,3.141431,3.141132
3.062000,1.396313,0.616877,-0.890558,3.141064,3.141431,3.141132
3.062000,1.396313,0.616877,-0.890558,3.141064,3.141431,3.141132
3.062000,1.396313,0.616877,-0.890558,3.141064,3.141431,3.141132
3.062000,1.396313,0.616877,-0.890558,3.141064,3.141431,3.141132
3.062000,1.396313,0.616877,-0.890558,3.141064,3.141431,3.141132
3.062000,1.396313,0.616877,-0.890558,3.141064,3.141431,3.141132
3.062000,1.396313,0.616877,-0.890558,3.141064,3.141431,3.141132
3.062000,1.396313,0.616877,-0.890558,3.141064,3.141431,3.141132
3.062000,1.396313,0.616877,-0.890558,3.141064,3.141431,3.141132
3.062000,1.396313,0.616877,-0.890558,3.141064,3.141431,3.141132
3.062000,1.396313,0.616877,-0.890558,3.141064,3.141431,3.141132
3.062000,1.396313,0.616877,-0.890558,3.141064,3.141431,3.141132
3.062000,1.396313,0.616877,-0.890558,3.141064,3.141431,3.141132
3.062000,1.396313,0.616877,-0.890558,3.141064,3.141431,3.141132
3.062000,1.396313,0.616877,-0.890558,3.141064,3.141431,3.141132
3.062000,1.396313,0.616877,-0.890558,3.141064,3.141431,3.141132
3.062000,1.396313,0.616877,-0.890558,3.141064,3.141431,3.141132
3.062000,1.396313,0.616877,-0.890558,3.141064,3.141431,3.141132
3.062000,1.396313,0.616877,-0.890558,3.141064,3.141431,3.141132
3.062000,1.396313,0.616877,-0.890558,3.141064,3.141431,3.141132
3.062000,1.396313,0.616877,-0.890558,3.141064,3.141431,3.141132
3.062000,1.396313,0.616877,-0.890558,3.141064,3.141431,3.141132
3.062000,1.396313,0.616877,-0.890558,3.141064,3.141431,3.141132
3.062000,1.396313,0.616877,-0.890558,3.141064,3.141431,3.141132
3.062000,1.396313,0.616877,-0.890558,3.141064,3.141431,3.141132
3.062000,1.396313,0.616877,-0.890558,3.141064,3.141431,3.141132
3.062000,1.396313,0.616877,-0.890558,3.141064,3.141431,3.141132
3.062000,1.396313,0.616877,-0.890558,3.141064,3.141431,3.141132
3.062000,1.396313,0.616877,-0.890558,3.141064,3.141431,3.141132
3.062000,1.396313,0.616877,-0.890558,3.141064,3.141431,3.141132
3.062000,1.396313,0.616877,-0.890558,3.141064,3.141431,3.141132
3.062000,1.396313,0.616877,-0.890558,3.141064,3.141431,3.141132
3.062000,1.396313,0.616877,-0.890558,3.141064,3.141431,3.141132
3.062000,1.396313,0.616877,-0.890558,3.141064,3.141431,3.141132
3.062000,1.396313,0.616877,-0.890558,3.141064,3.141431,3.141132
3.062000,1.396313,0.616877,-0.890558,3.141064,3.141431,3.141132
3.062000,1.396313,0.616877,-0.890558,3.141064,3.141431,3.141132
3.062000,1.396313,0.616877,-0.890558,3.141064,3.141431,3.141132
3.062000,1.396313,0.616877,-0.890558,3.141064,3.141431,3.141132
3.062000,1.396313,0.616877,-0.890558,3.141064,3.141431,3.141132
3.062000,1.396313,0.616877,-0.890558,3.141064,3.141431,3.141132
3.062000,1.396313,0.616877,-0.890558,3.141064,3.141431,3.141132
3.062000,1.396313,0.616877,-0.890558,3.141064,3.141431,3.141132
3.062000,1.396313,0.616877,-0.890558,3.141064,3.141431,3.141132
3.062000,1.396313,0.616877,-0.890558,3.141064,3.141431,3.141132
3.062000,1.396313,0.616877,-0.890558,3.141064,3.141431,3.141132
3.062000,1.396313,0.616877,-0.890558,3.141064,3.141431,3.141132
3.062000,1.396313,0.616877,-0.890558,3.141064,3.141431,3.141132
3.062000,1.396313,0.616877,-0.890558,3.141064,3.141431,3.141132
3.062000,1.396313,0.616877,-0.890558,3.141064,3.141431,3.141132
3.062000,1.396313,0.616877,-0.890558,3.141064,3.141431,3.141132
3.062000,1.396313,0.616877,-0.890558,3.141064,3.141431,3.141132
3.062000,1.396313,0.616877,-0.890558,3.141064,3.141431,3.141132
3.062000,1.396313,0.616877,-0.890558,3.141064,3.141431,3.141132
3.062000,1.396313,0.616877,-0.890558,3.141064,3.141431,3.141132
3.062000,1.396313,0.616877,-0.890558,3.141064,3.141431,3.141132
3.062000,1.396313,0.616877,-0.890558,3.141064,3.141431,3.141132
3.062000,1.396313,0.616877,-0.890558,3.141064,3.141431,3.141132
3.062000,1.396313,0.616877,-0.890558,3.141064,3.141431,3.141132
3.062000,1.396313,0.616877,-0.890558,3.141064,3.141431,3.141132
3.062000,1.396313,0.616877,-0.890558,3.141064,3.141431,3.141132
3.062000,1.396313,0.616877,-0.890558,3.141064,3.141431,3.141132
3.062000,1.396313,0.616877,-0.890558,3.141064,3.141431,3.141132
3.062000,1.396313,0.616877,-0.890558,3.141064,3.141431,3.141132
3.062000,1.396313,0.616877,-0.890558,3.141064,3.141431,3.141132
3.062000,1.396313,0.616877,-0.890558,3.141064,3.141431,3.141132
3.062000,1.396313,0.616877,-0.890558,3.141064,3.141431,3.141132
3.062000,1.396313,0.616877,-0.890558,3.141064,3.141431,3.141132
3.062000,1.396313,0.616877,-0.890558,3.141064,3.141431,3.141132
3.062000,1.396313,0.616877,-0.890558,3.141064,3.141431,3.141132
3.062000,1.396313,0.616877,-0.890558,3.141064,3.141431,3.141132
3.062000,1.396313,0.616877,-0.890558,3.141064,3.141431,3.141132
3.062000,1.396313,0.616877,-0.890558,3.141064,3.141431,3.141132
3.062000,1.396313,0.616877,-0.890558,3.141064,3.141431,3.141132
3.062000,1.396313,0.616877,-0.890558,3.141064,3.141431,3.141132
3.062000,1.396313,0.616877,-0.890558,3.141064,3.141431,3.141132
3.062000,1.396313,0.616877,-0.890558,3.141064,3.141431,3.141132
3.062000,1.396313,0.616877,-0.890558,3.141064,3.141431,3.141132
3.062000,1.396313,0.616877,-0.890558,3.141064,3.141431,3.141132
3.062000,1.396313,0.616877,-0.890558,3.141064,3.141431,3.141132
3.062000,1.396313,0.616877,-0.890558,3.141064,3.141431,3.141132
3.062000,1.396313,0.616877,-0.890558,3.141064,3.141431,3.141132
3.062000,1.396313,0.616877,-0.890558,3.141064,3.141431,3.141132
3.062000,1.396313,0.616877,-0.890558,3.141064,3.141431,3.141132
3.062000,1.396313,0.616877,-0.890558,3.141064,3.141431,3.141132
3.062000,1.396313,0.616877,-0.890558,3.141064,3.141431,3.141132
3.062000,1.396313,0.616877,-0.890558,3.141064,3.141431,3.141132
3.062000,1.396313,0.616877,-0.890558,3.141064,3.141431,3.141132
3.062000,1.396313,0.616877,-0.890558,3.141064,3.141431,3.141132
3.062000,1.396313,0.616877,-0.890558,3.141064,3.141431,3.141132
3.062000,1.396313,0.616877,-0.890558,3.141064,3.141431,3.141132
3.062000,1.396313,0.616877,-0.890558,3.141064,3.141431,3.141132
3.062000,1.396313,0.616877,-0.890558,3.141064,3.141431,3.141132
3.062000,1.396313,0.616877,-0.890558,3.141064,3.141431,3.141132
3.062000,1.396313,0.616877,-0.890558,3.141064,3.141431,3.141132
3.062000,1.396313,0.616877,-0.890558,3.141064,3.141431,3.141132
3.062000,1.396313,0.616877,-0.890558,3.141064,3.141431,3.141132
3.062000,1.396313,0.616877,-0.890558,3.141064,3.141431,3.141132
3.062000,1.396313,0.616877,-0.890558,3.141064,3.141431,3.141132
3.062000,1.396313,0.616877,-0.890558,3.141064,3.141431,3.141132
3.062000,1.396313,0.616877,-0.890558,3.141064,3.141431,3.141132
3.062000,1.396313,0.616877,-0.890558,3.141064,3.141431,3.141132
3.062000,1.396313,0.616877,-0.890558,3.141064,3.141431,3.141132
3.062000,1.396313,0.616877,-0.890558,3.141064,3.141431,3.141132
3.062000,1.396313,0.616877,-0.890558,3.141064,3.141431,3.141132
3.062000,1.396313,0.616877,-0.890558,3.141064,3.141431,3.141132
3.062000,1.396313,0.616877,-0.890558,3.141064,3.141431,3.141132
3.062000,1.396313,0.616877,-0.890558,3.141064,3.141431,3.141132
3.062000,1.396313,0.616877,-0.890558,3.141064,3.141431,3.141132
3.062000,1.396313,0.616877,-0.890558,3.141064,3.141431,3.141132
3.062000,1.396313,0.616877,-0.890558,3.141064,3.141431,3.141132
3.062000,1.396313,0.616877,-0.890558,3.141064,3.141431,3.141132
3.062000,1.396313,0.616877,-0.890558,3.141064,3.141431,3.141132
3.062000,1.396313,0.616877,-0.890558,3.141064,3.141431,3.141132
3.062000,1.396313,0.616877,-0.890558,3.141064,3.141431,3.141132
3.062000,1.396313,0.616877,-0.890558,3.141064,3.141431,3.141132
3.062000,1.396313,0.616877,-0.890558,3.141064,3.141431,3.141132
3.062000,1.396313,0.616877,-0.890558,3.141064,3.141431,3.141132
3.062000,1.396313,0.616877,-0.890558,3.141064,3.141431,3.141132
3.062000,1.396313,0.616877,-0.890558,3.141064,3.141431,3.141132
3.062000,1.396313,0.616877,-0.890558,3.141064,3.141431,3.141132
3.062000,1.396313,0.616877,-0.890558,3.141064,3.141431,3.141132
3.062000,1.396313,0.616877,-0.890558,3.141064,3.141431,3.141132
3.062000,1.396313,0.616877,-0.890558,3.141064,3.141431,3.141132
3.062000,1.396313,0.616877,-0.890558,3.141064,3.141431,3.141132
3.062000,1.396313,0.616877,-0.890558,3.141064,3.141431,3.141132
3.062000,1.396313,0.616877,-0.890558,3.141064,3.141431,3.141132
3.062000,1.396313,0.616877,-0.890558,3.141064,3.141431,3.141132
3.062000,1.396313,0.616877,-0.890558,3.141064,3.141431,3.141132
3.062000,1.396313,0.616877,-0.890558,3.141064,3.141431,3.141132
3.062000,1.396313,0.616877,-0.890558,3.141064,3.141431,3.141132
3.062000,1.396313,0.616877,-0.890558,3.141064,3.141431,3.141132
3.062000,1.396313,0.616877,-0.890558,3.141064,3.141431,3.141132
3.062000,1.396313,0.616877,-0.890558,3.141064,3.141431,3.141132
3.062000,1.396313,0.616877,-0.890558,3.141064,3.141431,3.141132
3.062000,1.396313,0.616877,-0.890558,3.141064,3.141431,3.141132
3.062000,1.396313,0.616877,-0.890558,3.141064,3.141431,3.141132
3.062000,1.396313,0.616877,-0.890558,3.141064,3.141431,3.141132
3.062000,1.396313,0.616877,-0.890558,3.141064,3.141431,3.141132
3.062000,1.396313,0.616877,-0.890558,3.141064,3.141431,3.141132
3.062000,1.396313,0.616877,-0.890558,3.141064,3.141431,3.141132
3.062000,1.396313,0.616877,-0.890558,3.141064,3.141431,3.141132
3.062000,1.396313,0.616877,-0.890558,3.141064,3.141431,3.141132
3.062000,1.396313,0.616877,-0.890558,3.141064,3.141431,3.141132
3.062000,1.396313,0.616877,-0.890558,3.141064,3.141431,3.141132
3.062000,1.396313,0.616877,-0.890558,3.141064,3.141431,3.141132
3.062000,1.396313,0.616877,-0.890558,3.141064,3.141431,3.141132
3.062000,1.396313,0.616877,-0.890558,3.141064,3.141431,3.141132
3.062000,1.396313,0.616877,-0.890558,3.141064,3.141431,3.141132
3.062000,1.396313,0.616877,-0.890558,3.141064,3.141431,3.141132
3.062000,1.396313,0.616877,-0.890558,3.141064,3.141431,3.141132
3.062000,1.396313,0.616877,-0.890558,3.141064,3.141431,3.141132
3.062000,1.396313,0.616877,-0.890558,3.141064,3.141431,3.141132
3.062000,1.396313,0.616877,-0.890558,3.141064,3.141431,3.141132
3.062000,1.396313,0.616877,-0.890558,3.141064,3.141431,3.141132
3.062000,1.396313,0.616877,-0.890558,3.141064,3.141431,3.141132
3.062000,1.396313,0.616877,-0.890558,3.141064,3.141431,3.141132
3.062000,1.396313,0.616877,-0.890558,3.141064,3.141431,3.141132
3.062000,1.396313,0.616877,-0.890558,3.141064,3.141431,3.141132
3.062000,1.396313,0.616877,-0.890558,3.141064,3.141431,3.141132
3.062000,1.396313,0.616877,-0.890558,3.141064,3.141431,3.141132
3.062000,1.396313,0.616877,-0.890558,3.141064,3.141431,3.141132
3.062000,1.396313,0.616877,-0.890558,3.141064,3.141431,3.141132
3.062000,1.396313,0.616877,-0.890558,3.141064,3.141431,3.141132
3.062000,1.396313,0.616877,-0.890558,3.141064,3.141431,3.141132
3.062000,1.396313,0.616877,-0.890558,3.141064,3.141431,3.141132
3.062000,1.396313,0.616877,-0.890558,3.141064,3.141431,3.141132
3.062000,1.396313,0.616877,-0.890558,3.141064,3.141431,3.141132
3.062000,1.396313,0.616877,-0.890558,3.141064,3.141431,3.141132
3.062000,1.396313,0.616877,-0.890558,3.141064,3.141431,3.141132
3.062000,1.396313,0.616877,-0.890558,3.141064,3.141431,3.141132
3.062000,1.396313,0.616877,-0.890558,3.141064,3.141431,3.141132
3.062000,1.396313,0.616877,-0.890558,3.141064,3.141431,3.141132
3.062000,1.396313,0.616877,-0.890558,3.141064,3.141431,3.141132
3.062000,1.396313,0.616877,-0.890558,3.141064,3.141431,3.141132
3.062000,1.396313,0.616877,-0.890558,3.141064,3.141431,3.141132
3.062000,1.396313,0.616877,-0.890558,3.141064,3.141431,3.141132
3.062000,1.396313,0.616877,-0.890558,3.141064,3.141431,3.141132
3.062000,1.396313,0.616877,-0.890558,3.141064,3.141431,3.141132
3.062000,1.396313,0.616877,-0.890558,3.141064,3.141431,3.141132
3.062000,1.396313,0.616877,-0.890558,3.141064,3.141431,3.141132
3.062000,1.396313,0.616877,-0.890558,3.141064,3.141431,3.141132
3.062000,1.396313,0.616877,-0.890558,3.141064,3.141431,3.141132
3.062000,1.396313,0.616877,-0.890558,3.141064,3.141431,3.141132
3.062000,1.396313,0.616877,-0.890558,3.141064,3.141431,3.141132
3.062000,1.396313,0.616877,-0.890558,3.141064,3.141431,3.141132
3.062000,1.396313,0.616877,-0.890558,3.141064,3.141431,3.141132
3.062000,1.396313,0.616877,-0.890558,3.141064,3.141431,3.141132
3.062000,1.396313,0.616877,-0.890558,3.141064,3.141431,3.141132
3.062000,1.396313,0.616877,-0.890558,3.141064,3.141431,3.141132
3.062000,1.396313,0.616877,-0.890558,3.141064,3.141431,3.141132
3.062000,1.396313,0.616877,-0.890558,3.141064,3.141431,3.141132
3.062000,1.396313,0.616877,-0.890558,3.141064,3.141431,3.141132
3.062000,1.396313,0.616877,-0.890558,3.141064,3.141431,3.141132
3.062000,1.396313,0.616877,-0.890558,3.141064,3.141431,3.141132
3.062000,1.396313,0.616877,-0.890558,3.141064,3.141431,3.141132
3.062000,1.396313,0.616877,-0.890558,3.141064,3.141431,3.141132
3.062000,1.396313,0.616877,-0.890558,3.141064,3.141431,3.141132
3.062000,1.396313,0.616877,-0.890558,3.141064,3.141431,3.141132
3.062000,1.396313,0.616877,-0.890558,3.141064,3.141431,3.141132
3.062000,1.396313,0.616877,-0.890558,3.141064,3.141431,3.141132
3.062000,1.396313,0.616877,-0.890558,3.141064,3.141431,3.141132
3.062000,1.396313,0.616877,-0.890558,3.141064,3.141431,3.141132
3.062000,1.396313,0.616877,-0.890558,3.141064,3.141431,3.141132
3.062000,1.396313,0.616877,-0.890558,3.141064,3.141431,3.141132
3.062000,1.396313,0.616877,-0.890558,3.141064,3.141431,3.141132
3.062000,1.396313,0.616877,-0.890558,3.141064,3.141431,3.141132
3.062000,1.396313,0.616877,-0.890558,3.141064,3.141431,3.141132
3.062000,1.396313,0.616877,-0.890558,3.141064,3.141431,3.141132
3.062000,1.396313,0.616877,-0.890558,3.141064,3.141431,3.141132
3.062000,1.396313,0.616877,-0.890558,3.141064,3.141431,3.141132
3.062000,1.396313,0.616877,-0.890558,3.141064,3.141431,3.141132
3.062000,1.396313,0.616877,-0.890558,3.141064,3.141431,3.141132
3.062000,1.396313,0.616877,-0.890558,3.141064,3.141431,3.141132
3.062000,1.396313,0.616877,-0.890558,3.141064,3.141431,3.141132
3.062000,1.396313,0.616877,-0.890558,3.141064,3.141431,3.141132
3.062000,1.396313,0.616877,-0.890558,3.141064,3.141431,3.141132
3.062000,1.396313,0.616877,-0.890558,3.141064,3.141431,3.141132
3.062000,1.396313,0.616877,-0.890558,3.141064,3.141431,3.141132
3.062000,1.396313,0.616877,-0.890558,3.141064,3.141431,3.141132
3.062000,1.396313,0.616877,-0.890558,3.141064,3.141431,3.141132
3.062000,1.396313,0.616877,-0.890558,3.141064,3.141431,3.141132
3.062000,1.396313,0.616877,-0.890558,3.141064,3.141431,3.141132
3.062000,1.396313,0.616877,-0.890558,3.141064,3.141431,3.141132
3.062000,1.396313,0.616877,-0.890558,3.141064,3.141431,3.141132
3.062000,1.396313,0.616877,-0.890558,3.141064,3.141431,3.141132
3.062000,1.396313,0.616877,-0.890558,3.141064,3.141431,3.141132
3.062000,1.396313,0.616877,-0.890558,3.141064,3.141431,3.141132
3.062000,1.396313,0.616877,-0.890558,3.141064,3.141431,3.141132
3.062000,1.396313,0.616877,-0.890558,3.141064,3.141431,3.141132
3.062000,1.396313,0.616877,-0.890558,3.141064,3.141431,3.141132
3.062000,1.396313,0.616877,-0.890558,3.141064,3.141431,3.141132
3.062000,1.396313,0.616877,-0.890558,3.141064,3.141431,3.141132
3.062000,1.396313,0.616877,-0.890558,3.141064,3.141431,3.141132
3.062000,1.396313,0.616877,-0.890558,3.141064,3.141431,3.141132
3.062000,1.396313,0.616877,-0.890558,3.141064,3.141431,3.141132
3.062000,1.396313,0.616877,-0.890558,3.141064,3.141431,3.141132
3.062000,1.396313,0.616877,-0.890558,3.141064,3.141431,3.141132
3.062000,1.396313,0.616877,-0.890558,3.141064,3.141431,3.141132
3.062000,1.396313,0.616877,-0.890558,3.141064,3.141431,3.141132
3.062000,1.396313,0.616877,-0.890558,3.141064,3.141431,3.141132
3.062000,1.396313,0.616877,-0.890558,3.141064,3.141431,3.141132
3.062000,1.396313,0.616877,-0.890558,3.141064,3.141431,3.141132
3.062000,1.396313,0.616877,-0.890558,3.141064,3.141431,3.141132
3.062000,1.396313,0.616877,-0.890558,3.141064,3.141431,3.141132
3.062000,1.396313,0.616877,-0.890558,3.141064,3.141431,3.141132
3.062000,1.396313,0.616877,-0.890558,3.141064,3.141431,3.141132
3.062000,1.396313,0.616877,-0.890558,3.141064,3.141431,3.141132
3.062000,1.396313,0.616877,-0.890558,3.141064,3.141431,3.141132
3.062000,1.396313,0.616877,-0.890558,3.141064,3.141431,3.141132
3.062000,1.396313,0.616877,-0.890558,3.141064,3.141431,3.141132
3.062000,1.396313,0.616877,-0.890558,3.141064,3.141431,3.141132
3.062000,1.396313,0.616877,-0.890558,3.141064,3.141431,3.141132
3.062000,1.396313,0.616877,-0.890558,3.141064,3.141431,3.141132
3.062000,1.396313,0.616877,-0.890558,3.141064,3.141431,3.141132
3.062000,1.396313,0.616877,-0.890558,3.141064,3.141431,3.141132
3.062000,1.396313,0.616877,-0.890558,3.141064,3.141431,3.141132
3.062000,1.396313,0.616877,-0.890558,3.141064,3.141431,3.141132
3.062000,1.396313,0.616877,-0.890558,3.141064,3.141431,3.141132
3.062000,1.396313,0.616877,-0.890558,3.141064,3.141431,3.141132
3.062000,1.396313,0.616877,-0.890558,3.141064,3.141431,3.141132
3.062000,1.396313,0.616877,-0.890558,3.141064,3.141431,3.141132
3.062000,1.396313,0.616877,-0.890558,3.141064,3.141431,3.141132
3.062000,1.396313,0.616877,-0.890558,3.141064,3.141431,3.141132
3.062000,1.396313,0.616877,-0.890558,3.141064,3.141431,3.141132
3.062000,1.396313,0.616877,-0.890558,3.141064,3.141431,3.141132
3.062000,1.396313,0.616877,-0.890558,3.141064,3.141431,3.141132
3.062000,1.396313,0.616877,-0.890558,3.141064,3.141431,3.141132
3.062000,1.396313,0.616877,-0.890558,3.141064,3.141431,3.141132
3.062000,1.396313,0.616877,-0.890558,3.141064,3.141431,3.141132
3.062000,1.396313,0.616877,-0.890558,3.141064,3.141431,3.141132
3.062000,1.396313,0.616877,-0.890558,3.141064,3.141431,3.141132
3.062000,1.396313,0.616877,-0.890558,3.141064,3.141431,3.141132
3.062000,1.396313,0.616877,-0.890558,3.141064,3.141431,3.141132
3.062000,1.396313,0.616877,-0.890558,3.141064,3.141431,3.141132
3.062000,1.396313,0.616877,-0.890558,3.141064,3.141431,3.141132
3.062000,1.396313,0.616877,-0.890558,3.141064,3.141431,3.141132
3.062000,1.396313,0.616877,-0.890558,3.141064,3.141431,3.141132
3.062000,1.396313,0.616877,-0.890558,3.141064,3.141431,3.141132
3.062000,1.396313,0.616877,-0.890558,3.141064,3.141431,3.141132
3.062000,1.396313,0.616877,-0.890558,3.141064,3.141431,3.141132
3.062000,1.396313,0.616877,-0.890558,3.141064,3.141431,3.141132
3.062000,1.396313,0.616877,-0.890558,3.141064,3.141431,3.141132
3.062000,1.396313,0.616877,-0.890558,3.141064,3.141431,3.141132
3.062000,1.396313,0.616877,-0.890558,3.141064,3.141431,3.141132
3.062000,1.396313,0.616877,-0.890558,3.141064,3.141431,3.141132
3.062000,1.396313,0.616877,-0.890558,3.141064,3.141431,3.141132
3.062000,1.396313,0.616877,-0.890558,3.141064,3.141431,3.141132
3.062000,1.396313,0.616877,-0.890558,3.141064,3.141431,3.141132
3.062000,1.396313,0.616877,-0.890558,3.141064,3.141431,3.141132
3.062000,1.396313,0.616877,-0.890558,3.141064,3.141431,3.141132
3.062000,1.396313,0.616877,-0.890558,3.141064,3.141431,3.141132
3.062000,1.396313,0.616877,-0.890558,3.141064,3.141431,3.141132
3.062000,1.396313,0.616877,-0.890558,3.141064,3.141431,3.141132
3.062000,1.396313,0.616877,-0.890558,3.141064,3.141431,3.141132
3.062000,1.396313,0.616877,-0.890558,3.141064,3.141431,3.141132
3.062000,1.396313,0.616877,-0.890558,3.141064,3.141431,3.141132
3.062000,1.396313,0.616877,-0.890558,3.141064,3.141431,3.141132
3.062000,1.396313,0.616877,-0.890558,3.141064,3.141431,3.141132
3.062000,1.396313,0.616877,-0.890558,3.141064,3.141431,3.141132
3.062000,1.396313,0.616877,-0.890558,3.141064,3.141431,3.141132
3.062000,1.396313,0.616877,-0.890558,3.141064,3.141431,3.141132
3.062000,1.396313,0.616877,-0.890558,3.141064,3.141431,3.141132
3.062000,1.396313,0.616877,-0.890558,3.141064,3.141431,3.141132
3.062000,1.396313,0.616877,-0.890558,3.141064,3.141431,3.141132
3.062000,1.396313,0.616877,-0.890558,3.141064,3.141431,3.141132
3.062000,1.396313,0.616877,-0.890558,3.141064,3.141431,3.141132
3.062000,1.396313,0.616877,-0.890558,3.141064,3.141431,3.141132
3.062000,1.396313,0.616877,-0.890558,3.141064,3.141431,3.141132
3.062000,1.396313,0.616877,-0.890558,3.141064,3.141431,3.141132
3.062000,1.396313,0.616877,-0.890558,3.141064,3.141431,3.141132
3.062000,1.396313,0.616877,-0.890558,3.141064,3.141431,3.141132
3.062000,1.396313,0.616877,-0.890558,3.141064,3.141431,3.141132
3.062000,1.396313,0.616877,-0.890558,3.141064,3.141431,3.141132
3.062000,1.396313,0.616877,-0.890558,3.141064,3.141431,3.141132
3.062000,1.396313,0.616877,-0.890558,3.141064,3.141431,3.141132
3.062000,1.396313,0.616877,-0.890558,3.141064,3.141431,3.141132
3.062000,1.396313,0.616877,-0.890558,3.141064,3.141431,3.141132
3.062000,1.396313,0.616877,-0.890558,3.141064,3.141431,3.141132
3.062000,1.396313,0.616877,-0.890558,3.141064,3.141431,3.141132
3.062000,1.396313,0.616877,-0.890558,3.141064,3.141431,3.141132
3.062000,1.396313,0.616877,-0.890558,3.141064,3.141431,3.141132
3.062000,1.396313,0.616877,-0.890558,3.141064,3.141431,3.141132
3.062000,1.396313,0.616877,-0.890558,3.141064,3.141431,3.141132
3.062000,1.396313,0.616877,-0.890558,3.141064,3.141431,3.141132
3.062000,1.396313,0.616877,-0.890558,3.141064,3.141431,3.141132
3.062000,1.396313,0.616877,-0.890558,3.141064,3.141431,3.141132
3.062000,1.396313,0.616877,-0.890558,3.141064,3.141431,3.141132
3.062000,1.396313,0.616877,-0.890558,3.141064,3.141431,3.141132
3.062000,1.396313,0.616877,-0.890558,3.141064,3.141431,3.141132
3.062000,1.396313,0.616877,-0.890558,3.141064,3.141431,3.141132
3.062000,1.396313,0.616877,-0.890558,3.141064,3.141431,3.141132
3.062000,1.396313,0.616877,-0.890558,3.141064,3.141431,3.141132
3.062000,1.396313,0.616877,-0.890558,3.141064,3.141431,3.141132
3.062000,1.396313,0.616877,-0.890558,3.141064,3.141431,3.141132
3.062000,1.396313,0.616877,-0.890558,3.141064,3.141431,3.141132
3.062000,1.396313,0.616877,-0.890558,3.141064,3.141431,3.141132
3.062000,1.396313,0.616877,-0.890558,3.141064,3.141431,3.141132
3.062000,1.396313,0.616877,-0.890558,3.141064,3.141431,3.141132
3.062000,1.396313,0.616877,-0.890558,3.141064,3.141431,3.141132
3.062000,1.396313,0.616877,-0.890558,3.141064,3.141431,3.141132
3.062000,1.396313,0.616877,-0.890558,3.141064,3.141431,3.141132
3.062000,1.396313,0.616877,-0.890558,3.141064,3.141431,3.141132
3.062000,1.396313,0.616877,-0.890558,3.141064,3.141431,3.141132
3.062000,1.396313,0.616877,-0.890558,3.141064,3.141431,3.141132
3.062000,1.396313,0.616877,-0.890558,3.141064,3.141431,3.141132
3.062000,1.396313,0.616877,-0.890558,3.141064,3.141431,3.141132
3.062000,1.396313,0.616877,-0.890558,3.141064,3.141431,3.141132
3.062000,1.396313,0.616877,-0.890558,3.141064,3.141431,3.141132
3.062000,1.396313,0.616877,-0.890558,3.141064,3.141431,3.141132
3.062000,1.396313,0.616877,-0.890558,3.141064,3.141431,3.141132
3.062000,1.396313,0.616877,-0.890558,3.141064,3.141431,3.141132
3.062000,1.396313,0.616877,-0.890558,3.141064,3.141431,3.141132
3.062000,1.396313,0.616877,-0.890558,3.141064,3.141431,3.141132
3.062000,1.396313,0.616877,-0.890558,3.141064,3.141431,3.141132
3.062000,1.396313,0.616877,-0.890558,3.141064,3.141431,3.141132
3.062000,1.396313,0.616877,-0.890558,3.141064,3.141431,3.141132
3.062000,1.396313,0.616877,-0.890558,3.141064,3.141431,3.141132
3.062000,1.396313,0.616877,-0.890558,3.141064,3.141431,3.141132
3.062000,1.396313,0.616877,-0.890558,3.141064,3.141431,3.141132
3.062000,1.396313,0.616877,-0.890558,3.141064,3.141431,3.141132
3.062000,1.396313,0.616877,-0.890558,3.141064,3.141431,3.141132
3.062000,1.396313,0.616877,-0.890558,3.141064,3.141431,3.141132
3.062000,1.396313,0.616877,-0.890558,3.141064,3.141431,3.141132
3.062000,1.396313,0.616877,-0.890558,3.141064,3.141431,3.141132
3.062000,1.396313,0.616877,-0.890558,3.141064,3.141431,3.141132
3.062000,1.396313,0.616877,-0.890558,3.141064,3.141431,3.141132
3.062000,1.396313,0.616877,-0.890558,3.141064,3.141431,3.141132
3.062000,1.396313,0.616877,-0.890558,3.141064,3.141431,3.141132
3.062000,1.396313,0.616877,-0.890558,3.141064,3.141431,3.141132
3.062000,1.396313,0.616877,-0.890558,3.141064,3.141431,3.141132
3.062000,1.396313,0.616877,-0.890558,3.141064,3.141431,3.141132
3.062000,1.396313,0.616877,-0.890558,3.141064,3.141431,3.141132
3.062000,1.396313,0.616877,-0.890558,3.141064,3.141431,3.141132
3.062000,1.396313,0.616877,-0.890558,3.141064,3.141431,3.141132
3.062000,1.396313,0.616877,-0.890558,3.141064,3.141431,3.141132
3.062000,1.396313,0.616877,-0.890558,3.141064,3.141431,3.141132
3.062000,1.396313,0.616877,-0.890558,3.141064,3.141431,3.141132
3.062000,1.396313,0.616877,-0.890558,3.141064,3.141431,3.141132
3.062000,1.396313,0.616877,-0.890558,3.141064,3.141431,3.141132
3.062000,1.396313,0.616877,-0.890558,3.141064,3.141431,3.141132
3.062000,1.396313,0.616877,-0.890558,3.141064,3.141431,3.141132
3.062000,1.396313,0.616877,-0.890558,3.141064,3.141431,3.141132
3.062000,1.396313,0.616877,-0.890558,3.141064,3.141431,3.141132
3.062000,1.396313,0.616877,-0.890558,3.141064,3.141431,3.141132
3.062000,1.396313,0.616877,-0.890558,3.141064,3.141431,3.141132
3.062000,1.396313,0.616877,-0.890558,3.141064,3.141431,3.141132
3.062000,1.396313,0.616877,-0.890558,3.141064,3.141431,3.141132
3.062000,1.396313,0.616877,-0.890558,3.141064,3.141431,3.141132
3.062000,1.396313,0.616877,-0.890558,3.141064,3.141431,3.141132
3.062000,1.396313,0.616877,-0.890558,3.141064,3.141431,3.141132
3.062000,1.396313,0.616877,-0.890558,3.141064,3.141431,3.141132
3.062000,1.396313,0.616877,-0.890558,3.141064,3.141431,3.141132
3.062000,1.396313,0.616877,-0.890558,3.141064,3.141431,3.141132
3.062000,1.396313,0.616877,-0.890558,3.141064,3.141431,3.141132
3.062000,1.396313,0.616877,-0.890558,3.141064,3.141431,3.141132
3.062000,1.396313,0.616877,-0.890558,3.141064,3.141431,3.141132
3.062000,1.396313,0.616877,-0.890558,3.141064,3.141431,3.141132
3.062000,1.396313,0.616877,-0.890558,3.141064,3.141431,3.141132
3.062000,1.396313,0.616877,-0.890558,3.141064,3.141431,3.141132
3.062000,1.396313,0.616877,-0.890558,3.141064,3.141431,3.141132
3.062000,1.396313,0.616877,-0.890558,3.141064,3.141431,3.141132
3.062000,1.396313,0.616877,-0.890558,3.141064,3.141431,3.141132
3.062000,1.396313,0.616877,-0.890558,3.141064,3.141431,3.141132
3.062000,1.396313,0.616877,-0.890558,3.141064,3.141431,3.141132
3.062000,1.396313,0.616877,-0.890558,3.141064,3.141431,3.141132
3.062000,1.396313,0.616877,-0.890558,3.141064,3.141431,3.141132
3.062000,1.396313,0.616877,-0.890558,3.141064,3.141431,3.141132
3.062000,1.396313,0.616877,-0.890558,3.141064,3.141431,3.141132
3.062000,1.396313,0.616877,-0.890558,3.141064,3.141431,3.141132
3.062000,1.396313,0.616877,-0.890558,3.141064,3.141431,3.141132
3.062000,1.396313,0.616877,-0.890558,3.141064,3.141431,3.141132
3.062000,1.396313,0.616877,-0.890558,3.141064,3.141431,3.141132
3.062000,1.396313,0.616877,-0.890558,3.141064,3.141431,3.141132
3.062000,1.396313,0.616877,-0.890558,3.141064,3.141431,3.141132
3.062000,1.396313,0.616877,-0.890558,3.141064,3.141431,3.141132
3.062000,1.396313,0.616877,-0.890558,3.141064,3.141431,3.141132
3.062000,1.396313,0.616877,-0.890558,3.141064,3.141431,3.141132
3.062000,1.396313,0.616877,-0.890558,3.141064,3.141431,3.141132
3.062000,1.396313,0.616877,-0.890558,3.141064,3.141431,3.141132
3.062000,1.396313,0.616877,-0.890558,3.141064,3.141431,3.141132
3.062000,1.396313,0.616877,-0.890558,3.141064,3.141431,3.141132
3.062000,1.396313,0.616877,-0.890558,3.141064,3.141431,3.141132
3.062000,1.396313,0.616877,-0.890558,3.141064,3.141431,3.141132
3.062000,1.396313,0.616877,-0.890558,3.141064,3.141431,3.141132
3.062000,1.396313,0.616877,-0.890558,3.141064,3.141431,3.141132
3.062000,1.396313,0.616877,-0.890558,3.141064,3.141431,3.141132
3.062000,1.396313,0.616877,-0.890558,3.141064,3.141431,3.141132
3.062000,1.396313,0.616877,-0.890558,3.141064,3.141431,3.141132
3.062000,1.396313,0.616877,-0.890558,3.141064,3.141431,3.141132
3.062000,1.396313,0.616877,-0.890558,3.141064,3.141431,3.141132
3.062000,1.396313,0.616877,-0.890558,3.141064,3.141431,3.141132
3.062000,1.396313,0.616877,-0.890558,3.141064,3.141431,3.141132
3.062000,1.396313,0.616877,-0.890558,3.141064,3.141431,3.141132
3.062000,1.396313,0.616877,-0.890558,3.141064,3.141431,3.141132
3.062000,1.396313,0.616877,-0.890558,3.141064,3.141431,3.141132
3.062000,1.396313,0.616877,-0.890558,3.141064,3.141431,3.141132
3.062000,1.396313,0.616877,-0.890558,3.141064,3.141431,3.141132
3.062000,1.396313,0.616877,-0.890558,3.141064,3.141431,3.141132
3.062000,1.396313,0.616877,-0.890558,3.141064,3.141431,3.141132
3.062000,1.396313,0.616877,-0.890558,3.141064,3.141431,3.141132
3.062000,1.396313,0.616877,-0.890558,3.141064,3.141431,3.141132
3.062000,1.396313,0.616877,-0.890558,3.141064,3.141431,3.141132
3.062000,1.396313,0.616877,-0.890558,3.141064,3.141431,3.141132
3.062000,1.396313,0.616877,-0.890558,3.141064,3.141431,3.141132
3.062000,1.396313,0.616877,-0.890558,3.141064,3.141431,3.141132
3.062000,1.396313,0.616877,-0.890558,3.141064,3.141431,3.141132
3.062000,1.396313,0.616877,-0.890558,3.141064,3.141431,3.141132
3.062000,1.396313,0.616877,-0.890558,3.141064,3.141431,3.141132
3.062000,1.396313,0.616877,-0.890558,3.141064,3.141431,3.141132
3.062000,1.396313,0.616877,-0.890558,3.141064,3.141431,3.141132
3.062000,1.396313,0.616877,-0.890558,3.141064,3.141431,3.141132
3.062000,1.396313,0.616877,-0.890558,3.141064,3.141431,3.141132
3.062000,1.396313,0.616877,-0.890558,3.141064,3.141431,3.141132
3.062000,1.396313,0.616877,-0.890558,3.141064,3.141431,3.141132
3.062000,1.396313,0.616877,-0.890558,3.141064,3.141431,3.141132
3.062000,1.396313,0.616877,-0.890558,3.141064,3.141431,3.141132
3.062000,1.396313,0.616877,-0.890558,3.141064,3.141431,3.141132
3.062000,1.396313,0.616877,-0.890558,3.141064,3.141431,3.141132
3.062000,1.396313,0.616877,-0.890558,3.141064,3.141431,3.141132
3.062000,1.396313,0.616877,-0.890558,3.141064,3.141431,3.141132
3.062000,1.396313,0.616877,-0.890558,3.141064,3.141431,3.141132
3.062000,1.396313,0.616877,-0.890558,3.141064,3.141431,3.141132
3.062000,1.396313,0.616877,-0.890558,3.141064,3.141431,3.141132
3.062000,1.396313,0.616877,-0.890558,3.141064,3.141431,3.141132
3.062000,1.396313,0.616877,-0.890558,3.141064,3.141431,3.141132
3.062000,1.396313,0.616877,-0.890558,3.141064,3.141431,3.141132
3.062000,1.396313,0.616877,-0.890558,3.141064,3.141431,3.141132
3.062000,1.396313,0.616877,-0.890558,3.141064,3.141431,3.141132
3.062000,1.396313,0.616877,-0.890558,3.141064,3.141431,3.141132
3.062000,1.396313,0.616877,-0.890558,3.141064,3.141431,3.141132
3.062000,1.396313,0.616877,-0.890558,3.141064,3.141431,3.141132
3.062000,1.396313,0.616877,-0.890558,3.141064,3.141431,3.141132
3.062000,1.396313,0.616877,-0.890558,3.141064,3.141431,3.141132
3.062000,1.396313,0.616877,-0.890558,3.141064,3.141431,3.141132
3.062000,1.396313,0.616877,-0.890558,3.141064,3.141431,3.141132
3.062000,1.396313,0.616877,-0.890558,3.141064,3.141431,3.141132
3.062000,1.396313,0.616877,-0.890558,3.141064,3.141431,3.141132
3.062000,1.396313,0.616877,-0.890558,3.141064,3.141431,3.141132
3.062000,1.396313,0.616877,-0.890558,3.141064,3.141431,3.141132
3.062000,1.396313,0.616877,-0.890558,3.141064,3.141431,3.141132
3.062000,1.396313,0.616877,-0.890558,3.141064,3.141431,3.141132
3.062000,1.396313,0.616877,-0.890558,3.141064,3.141431,3.141132
3.062000,1.396313,0.616877,-0.890558,3.141064,3.141431,3.141132
3.062000,1.396313,0.616877,-0.890558,3.141064,3.141431,3.141132
3.062000,1.396313,0.616877,-0.890558,3.141064,3.141431,3.141132
3.062000,1.396313,0.616877,-0.890558,3.141064,3.141431,3.141132
3.062000,1.396313,0.616877,-0.890558,3.141064,3.141431,3.141132
3.062000,1.396313,0.616877,-0.890558,3.141064,3.141431,3.141132
3.062000,1.396313,0.616877,-0.890558,3.141064,3.141431,3.141132
3.062000,1.396313,0.616877,-0.890558,3.141064,3.141431,3.141132
3.062000,1.396313,0.616877,-0.890558,3.141064,3.141431,3.141132
3.062000,1.396313,0.616877,-0.890558,3.141064,3.141431,3.141132
3.062000,1.396313,0.616877,-0.890558,3.141064,3.141431,3.141132
3.062000,1.396313,0.616877,-0.890558,3.141064,3.141431,3.141132
3.062000,1.396313,0.616877,-0.890558,3.141064,3.141431,3.141132
3.062000,1.396313,0.616877,-0.890558,3.141064,3.141431,3.141132
3.062000,1.396313,0.616877,-0.890558,3.141064,3.141431,3.141132
3.062000,1.396313,0.616877,-0.890558,3.141064,3.141431,3.141132
3.062000,1.396313,0.616877,-0.890558,3.141064,3.141431,3.141132
3.062000,1.396313,0.616877,-0.890558,3.141064,3.141431,3.141132
3.062000,1.396313,0.616877,-0.890558,3.141064,3.141431,3.141132
3.062000,1.396313,0.616877,-0.890558,3.141064,3.141431,3.141132
3.062000,1.396313,0.616877,-0.890558,3.141064,3.141431,3.141132
3.062000,1.396313,0.616877,-0.890558,3.141064,3.141431,3.141132
3.062000,1.396313,0.616877,-0.890558,3.141064,3.141431,3.141132
3.062000,1.396313,0.616877,-0.890558,3.141064,3.141431,3.141132
3.062000,1.396313,0.616877,-0.890558,3.141064,3.141431,3.141132
3.062000,1.396313,0.616877,-0.890558,3.141064,3.141431,3.141132
3.062000,1.396313,0.616877,-0.890558,3.141064,3.141431,3.141132
3.062000,1.396313,0.616877,-0.890558,3.141064,3.141431,3.141132
3.062000,1.396313,0.616877,-0.890558,3.141064,3.141431,3.141132
3.062000,1.396313,0.616877,-0.890558,3.141064,3.141431,3.141132
3.062000,1.396313,0.616877,-0.890558,3.141064,3.141431,3.141132
3.062000,1.396313,0.616877,-0.890558,3.141064,3.141431,3.141132
3.062000,1.396313,0.616877,-0.890558,3.141064,3.141431,3.141132
3.062000,1.396313,0.616877,-0.890558,3.141064,3.141431,3.141132
3.062000,1.396313,0.616877,-0.890558,3.141064,3.141431,3.141132
3.062000,1.396313,0.616877,-0.890558,3.141064,3.141431,3.141132
3.062000,1.396313,0.616877,-0.890558,3.141064,3.141431,3.141132
3.062000,1.396313,0.616877,-0.890558,3.141064,3.141431,3.141132
3.062000,1.396313,0.616877,-0.890558,3.141064,3.141431,3.141132
3.062000,1.396313,0.616877,-0.890558,3.141064,3.141431,3.141132
3.062000,1.396313,0.616877,-0.890558,3.141064,3.141431,3.141132
3.062000,1.396313,0.616877,-0.890558,3.141064,3.141431,3.141132
3.062000,1.396313,0.616877,-0.890558,3.141064,3.141431,3.141132
3.062000,1.396313,0.616877,-0.890558,3.141064,3.141431,3.141132
3.062000,1.396313,0.616877,-0.890558,3.141064,3.141431,3.141132
3.062000,1.396313,0.616877,-0.890558,3.141064,3.141431,3.141132
3.062000,1.396313,0.616877,-0.890558,3.141064,3.141431,3.141132
3.062000,1.396313,0.616877,-0.890558,3.141064,3.141431,3.141132
3.062000,1.396313,0.616877,-0.890558,3.141064,3.141431,3.141132
3.062000,1.396313,0.616877,-0.890558,3.141064,3.141431,3.141132
3.062000,1.396313,0.616877,-0.890558,3.141064,3.141431,3.141132
3.062000,1.396313,0.616877,-0.890558,3.141064,3.141431,3.141132
3.062000,1.396313,0.616877,-0.890558,3.141064,3.141431,3.141132
3.062000,1.396313,0.616877,-0.890558,3.141064,3.141431,3.141132
3.062000,1.396313,0.616877,-0.890558,3.141064,3.141431,3.141132
3.062000,1.396313,0.616877,-0.890558,3.141064,3.141431,3.141132
3.062000,1.396313,0.616877,-0.890558,3.141064,3.141431,3.141132
3.062000,1.396313,0.616877,-0.890558,3.141064,3.141431,3.141132
3.062000,1.396313,0.616877,-0.890558,3.141064,3.141431,3.141132
3.062000,1.396313,0.616877,-0.890558,3.141064,3.141431,3.141132
3.062000,1.396313,0.616877,-0.890558,3.141064,3.141431,3.141132
3.062000,1.396313,0.616877,-0.890558,3.141064,3.141431,3.141132
3.062000,1.396313,0.616877,-0.890558,3.141064,3.141431,3.141132
3.062000,1.396313,0.616877,-0.890558,3.141064,3.141431,3.141132
3.062000,1.396313,0.616877,-0.890558,3.141064,3.141431,3.141132
3.062000,1.396313,0.616877,-0.890558,3.141064,3.141431,3.141132
3.062000,1.396313,0.616877,-0.890558,3.141064,3.141431,3.141132
3.062000,1.396313,0.616877,-0.890558,3.141064,3.141431,3.141132
3.062000,1.396313,0.616877,-0.890558,3.141064,3.141431,3.141132
3.062000,1.396313,0.616877,-0.890558,3.141064,3.141431,3.141132
3.062000,1.396313,0.616877,-0.890558,3.141064,3.141431,3.141132
3.062000,1.396313,0.616877,-0.890558,3.141064,3.141431,3.141132
3.062000,1.396313,0.616877,-0.890558,3.141064,3.141431,3.141132
3.062000,1.396313,0.616877,-0.890558,3.141064,3.141431,3.141132
3.062000,1.396313,0.616877,-0.890558,3.141064,3.141431,3.141132
3.062000,1.396313,0.616877,-0.890558,3.141064,3.141431,3.141132
3.062000,1.396313,0.616877,-0.890558,3.141064,3.141431,3.141132
3.062000,1.396313,0.616877,-0.890558,3.141064,3.141431,3.141132
3.062000,1.396313,0.616877,-0.890558,3.141064,3.141431,3.141132
3.062000,1.396313,0.616877,-0.890558,3.141064,3.141431,3.141132
3.062000,1.396313,0.616877,-0.890558,3.141064,3.141431,3.141132
3.062000,1.396313,0.616877,-0.890558,3.141064,3.141431,3.141132
3.062000,1.396313,0.616877,-0.890558,3.141064,3.141431,3.141132
3.062000,1.396313,0.616877,-0.890558,3.141064,3.141431,3.141132
3.062000,1.396313,0.616877,-0.890558,3.141064,3.141431,3.141132
3.062000,1.396313,0.616877,-0.890558,3.141064,3.141431,3.141132
3.062000,1.396313,0.616877,-0.890558,3.141064,3.141431,3.141132
3.062000,1.396313,0.616877,-0.890558,3.141064,3.141431,3.141132
3.062000,1.396313,0.616877,-0.890558,3.141064,3.141431,3.141132
3.062000,1.396313,0.616877,-0.890558,3.141064,3.141431,3.141132
3.062000,1.396313,0.616877,-0.890558,3.141064,3.141431,3.141132
3.062000,1.396313,0.616877,-0.890558,3.141064,3.141431,3.141132
3.062000,1.396313,0.616877,-0.890558,3.141064,3.141431,3.141132
3.062000,1.396313,0.616877,-0.890558,3.141064,3.141431,3.141132
3.062000,1.396313,0.616877,-0.890558,3.141064,3.141431,3.141132
3.062000,1.396313,0.616877,-0.890558,3.141064,3.141431,3.141132
3.062000,1.396313,0.616877,-0.890558,3.141064,3.141431,3.141132
3.062000,1.396313,0.616877,-0.890558,3.141064,3.141431,3.141132
3.062000,1.396313,0.616877,-0.890558,3.141064,3.141431,3.141132
3.062000,1.396313,0.616877,-0.890558,3.141064,3.141431,3.141132
3.062000,1.396313,0.616877,-0.890558,3.141064,3.141431,3.141132
3.062000,1.396313,0.616877,-0.890558,3.141064,3.141431,3.141132
3.062000,1.396313,0.616877,-0.890558,3.141064,3.141431,3.141132
3.062000,1.396313,0.616877,-0.890558,3.141064,3.141431,3.141132
3.062000,1.396313,0.616877,-0.890558,3.141064,3.141431,3.141132
3.062000,1.396313,0.616877,-0.890558,3.141064,3.141431,3.141132
3.062000,1.396313,0.616877,-0.890558,3.141064,3.141431,3.141132
3.062000,1.396313,0.616877,-0.890558,3.141064,3.141431,3.141132
3.062000,1.396313,0.616877,-0.890558,3.141064,3.141431,3.141132
3.062000,1.396313,0.616877,-0.890558,3.141064,3.141431,3.141132
3.062000,1.396313,0.616877,-0.890558,3.141064,3.141431,3.141132
3.062000,1.396313,0.616877,-0.890558,3.141064,3.141431,3.141132
3.062000,1.396313,0.616877,-0.890558,3.141064,3.141431,3.141132
3.062000,1.396313,0.616877,-0.890558,3.141064,3.141431,3.141132
3.062000,1.396313,0.616877,-0.890558,3.141064,3.141431,3.141132
3.062000,1.396313,0.616877,-0.890558,3.141064,3.141431,3.141132
3.062000,1.396313,0.616877,-0.890558,3.141064,3.141431,3.141132
3.062000,1.396313,0.616877,-0.890558,3.141064,3.141431,3.141132
3.062000,1.396313,0.616877,-0.890558,3.141064,3.141431,3.141132
3.062000,1.396313,0.616877,-0.890558,3.141064,3.141431,3.141132
3.062000,1.396313,0.616877,-0.890558,3.141064,3.141431,3.141132
3.062000,1.396313,0.616877,-0.890558,3.141064,3.141431,3.141132
3.062000,1.396313,0.616877,-0.890558,3.141064,3.141431,3.141132
3.062000,1.396313,0.616877,-0.890558,3.141064,3.141431,3.141132
3.062000,1.396313,0.616877,-0.890558,3.141064,3.141431,3.141132
3.062000,1.396313,0.616877,-0.890558,3.141064,3.141431,3.141132
3.062000,1.396313,0.616877,-0.890558,3.141064,3.141431,3.141132
3.062000,1.396313,0.616877,-0.890558,3.141064,3.141431,3.141132
3.062000,1.396313,0.616877,-0.890558,3.141064,3.141431,3.141132
3.062000,1.396313,0.616877,-0.890558,3.141064,3.141431,3.141132
3.062000,1.396313,0.616877,-0.890558,3.141064,3.141431,3.141132
3.062000,1.396313,0.616877,-0.890558,3.141064,3.141431,3.141132
3.062000,1.396313,0.616877,-0.890558,3.141064,3.141431,3.141132
3.062000,1.396313,0.616877,-0.890558,3.141064,3.141431,3.141132
3.062000,1.396313,0.616877,-0.890558,3.141064,3.141431,3.141132
3.062000,1.396313,0.616877,-0.890558,3.141064,3.141431,3.141132
3.062000,1.396313,0.616877,-0.890558,3.141064,3.141431,3.141132
3.062000,1.396313,0.616877,-0.890558,3.141064,3.141431,3.141132
3.062000,1.396313,0.616877,-0.890558,3.141064,3.141431,3.141132
3.062000,1.396313,0.616877,-0.890558,3.141064,3.141431,3.141132
3.062000,1.396313,0.616877,-0.890558,3.141064,3.141431,3.141132
3.062000,1.396313,0.616877,-0.890558,3.141064,3.141431,3.141132
3.062000,1.396313,0.616877,-0.890558,3.141064,3.141431,3.141132
3.062000,1.396313,0.616877,-0.890558,3.141064,3.141431,3.141132
3.062000,1.396313,0.616877,-0.890558,3.141064,3.141431,3.141132
3.062000,1.396313,0.616877,-0.890558,3.141064,3.141431,3.141132
3.062000,1.396313,0.616877,-0.890558,3.141064,3.141431,3.141132
3.062000,1.396313,0.616877,-0.890558,3.141064,3.141431,3.141132
3.062000,1.396313,0.616877,-0.890558,3.141064,3.141431,3.141132
3.062000,1.396313,0.616877,-0.890558,3.141064,3.141431,3.141132
3.062000,1.396313,0.616877,-0.890558,3.141064,3.141431,3.141132
3.062000,1.396313,0.616877,-0.890558,3.141064,3.141431,3.141132
3.062000,1.396313,0.616877,-0.890558,3.141064,3.141431,3.141132
3.062000,1.396313,0.616877,-0.890558,3.141064,3.141431,3.141132
3.062000,1.396313,0.616877,-0.890558,3.141064,3.141431,3.141132
3.062000,1.396313,0.616877,-0.890558,3.141064,3.141431,3.141132
3.062000,1.396313,0.616877,-0.890558,3.141064,3.141431,3.141132
3.062000,1.396313,0.616877,-0.890558,3.141064,3.141431,3.141132
3.062000,1.396313,0.616877,-0.890558,3.141064,3.141431,3.141132
3.062000,1.396313,0.616877,-0.890558,3.141064,3.141431,3.141132
3.062000,1.396313,0.616877,-0.890558,3.141064,3.141431,3.141132
3.062000,1.396313,0.616877,-0.890558,3.141064,3.141431,3.141132
3.062000,1.396313,0.616877,-0.890558,3.141064,3.141431,3.141132
3.062000,1.396313,0.616877,-0.890558,3.141064,3.141431,3.141132
3.062000,1.396313,0.616877,-0.890558,3.141064,3.141431,3.141132
3.062000,1.396313,0.616877,-0.890558,3.141064,3.141431,3.141132
3.062000,1.396313,0.616877,-0.890558,3.141064,3.141431,3.141132
3.062000,1.396313,0.616877,-0.890558,3.141064,3.141431,3.141132
3.062000,1.396313,0.616877,-0.890558,3.141064,3.141431,3.141132
3.062000,1.396313,0.616877,-0.890558,3.141064,3.141431,3.141132
3.062000,1.396313,0.616877,-0.890558,3.141064,3.141431,3.141132
3.062000,1.396313,0.616877,-0.890558,3.141064,3.141431,3.141132
3.062000,1.396313,0.616877,-0.890558,3.141064,3.141431,3.141132
3.062000,1.396313,0.616877,-0.890558,3.141064,3.141431,3.141132
3.062000,1.396313,0.616877,-0.890558,3.141064,3.141431,3.141132
3.062000,1.396313,0.616877,-0.890558,3.141064,3.141431,3.141132
3.062000,1.396313,0.616877,-0.890558,3.141064,3.141431,3.141132
3.062000,1.396313,0.616877,-0.890558,3.141064,3.141431,3.141132
3.062000,1.396313,0.616877,-0.890558,3.141064,3.141431,3.141132
3.062000,1.396313,0.616877,-0.890558,3.141064,3.141431,3.141132
3.062000,1.396313,0.616877,-0.890558,3.141064,3.141431,3.141132
3.062000,1.396313,0.616877,-0.890558,3.141064,3.141431,3.141132
3.062000,1.396313,0.616877,-0.890558,3.141064,3.141431,3.141132
3.062000,1.396313,0.616877,-0.890558,3.141064,3.141431,3.141132
3.062000,1.396313,0.616877,-0.890558,3.141064,3.141431,3.141132
3.062000,1.396313,0.616877,-0.890558,3.141064,3.141431,3.141132
3.062000,1.396313,0.616877,-0.890558,3.141064,3.141431,3.141132
3.062000,1.396313,0.616877,-0.890558,3.141064,3.141431,3.141132
3.062000,1.396313,0.616877,-0.890558,3.141064,3.141431,3.141132
3.062000,1.396313,0.616877,-0.890558,3.141064,3.141431,3.141132
3.062000,1.396313,0.616877,-0.890558,3.141064,3.141431,3.141132
3.062000,1.396313,0.616877,-0.890558,3.141064,3.141431,3.141132
3.062000,1.396313,0.616877,-0.890558,3.141064,3.141431,3.141132
3.062000,1.396313,0.616877,-0.890558,3.141064,3.141431,3.141132
3.062000,1.396313,0.616877,-0.890558,3.141064,3.141431,3.141132
3.062000,1.396313,0.616877,-0.890558,3.141064,3.141431,3.141132
3.062000,1.396313,0.616877,-0.890558,3.141064,3.141431,3.141132
3.062000,1.396313,0.616877,-0.890558,3.141064,3.141431,3.141132
3.062000,1.396313,0.616877,-0.890558,3.141064,3.141431,3.141132
3.062000,1.396313,0.616877,-0.890558,3.141064,3.141431,3.141132
3.062000,1.396313,0.616877,-0.890558,3.141064,3.141431,3.141132
3.062000,1.396313,0.616877,-0.890558,3.141064,3.141431,3.141132
3.062000,1.396313,0.616877,-0.890558,3.141064,3.141431,3.141132
3.062000,1.396313,0.616877,-0.890558,3.141064,3.141431,3.141132
3.062000,1.396313,0.616877,-0.890558,3.141064,3.141431,3.141132
3.062000,1.396313,0.616877,-0.890558,3.141064,3.141431,3.141132
3.062000,1.396313,0.616877,-0.890558,3.141064,3.141431,3.141132
3.062000,1.396313,0.616877,-0.890558,3.141064,3.141431,3.141132
3.062000,1.396313,0.616877,-0.890558,3.141064,3.141431,3.141132
3.062000,1.396313,0.616877,-0.890558,3.141064,3.141431,3.141132
3.062000,1.396313,0.616877,-0.890558,3.141064,3.141431,3.141132
3.062000,1.396313,0.616877,-0.890558,3.141064,3.141431,3.141132
3.062000,1.396313,0.616877,-0.890558,3.141064,3.141431,3.141132
3.062000,1.396313,0.616877,-0.890558,3.141064,3.141431,3.141132
3.062000,1.396313,0.616877,-0.890558,3.141064,3.141431,3.141132
3.062000,1.396313,0.616877,-0.890558,3.141064,3.141431,3.141132
3.062000,1.396313,0.616877,-0.890558,3.141064,3.141431,3.141132
3.062000,1.396313,0.616877,-0.890558,3.141064,3.141431,3.141132
3.062000,1.396313,0.616877,-0.890558,3.141064,3.141431,3.141132
3.062000,1.396313,0.616877,-0.890558,3.141064,3.141431,3.141132
3.062000,1.396313,0.616877,-0.890558,3.141064,3.141431,3.141132
3.062000,1.396313,0.616877,-0.890558,3.141064,3.141431,3.141132
3.062000,1.396313,0.616877,-0.890558,3.141064,3.141431,3.141132
3.062000,1.396313,0.616877,-0.890558,3.141064,3.141431,3.141132
3.062000,1.396313,0.616877,-0.890558,3.141064,3.141431,3.141132
3.062000,1.396313,0.616877,-0.890558,3.141064,3.141431,3.141132
3.062000,1.396313,0.616877,-0.890558,3.141064,3.141431,3.141132
3.062000,1.396313,0.616877,-0.890558,3.141064,3.141431,3.141132
3.062000,1.396313,0.616877,-0.890558,3.141064,3.141431,3.141132
3.062000,1.396313,0.616877,-0.890558,3.141064,3.141431,3.141132
3.062000,1.396313,0.616877,-0.890558,3.141064,3.141431,3.141132
3.062000,1.396313,0.616877,-0.890558,3.141064,3.141431,3.141132
3.062000,1.396313,0.616877,-0.890558,3.141064,3.141431,3.141132
3.062000,1.396313,0.616877,-0.890558,3.141064,3.141431,3.141132
3.062000,1.396313,0.616877,-0.890558,3.141064,3.141431,3.141132
3.062000,1.396313,0.616877,-0.890558,3.141064,3.141431,3.141132
3.062000,1.396313,0.616877,-0.890558,3.141064,3.141431,3.141132
3.062000,1.396313,0.616877,-0.890558,3.141064,3.141431,3.141132
3.062000,1.396313,0.616877,-0.890558,3.141064,3.141431,3.141132
3.062000,1.396313,0.616877,-0.890558,3.141064,3.141431,3.141132
3.062000,1.396313,0.616877,-0.890558,3.141064,3.141431,3.141132
3.062000,1.396313,0.616877,-0.890558,3.141064,3.141431,3.141132
3.062000,1.396313,0.616877,-0.890558,3.141064,3.141431,3.141132
3.062000,1.396313,0.616877,-0.890558,3.141064,3.141431,3.141132
3.062000,1.396313,0.616877,-0.890558,3.141064,3.141431,3.141132
3.062000,1.396313,0.616877,-0.890558,3.141064,3.141431,3.141132
3.062000,1.396313,0.616877,-0.890558,3.141064,3.141431,3.141132
3.062000,1.396313,0.616877,-0.890558,3.141064,3.141431,3.141132
3.062000,1.396313,0.616877,-0.890558,3.141064,3.141431,3.141132
3.062000,1.396313,0.616877,-0.890558,3.141064,3.141431,3.141132
3.062000,1.396313,0.616877,-0.890558,3.141064,3.141431,3.141132
3.062000,1.396313,0.616877,-0.890558,3.141064,3.141431,3.141132
3.062000,1.396313,0.616877,-0.890558,3.141064,3.141431,3.141132
3.062000,1.396313,0.616877,-0.890558,3.141064,3.141431,3.141132
3.062000,1.396313,0.616877,-0.890558,3.141064,3.141431,3.141132
3.062000,1.396313,0.616877,-0.890558,3.141064,3.141431,3.141132
3.062000,1.396313,0.616877,-0.890558,3.141064,3.141431,3.141132
3.062000,1.396313,0.616877,-0.890558,3.141064,3.141431,3.141132
3.062000,1.396313,0.616877,-0.890558,3.141064,3.141431,3.141132
3.062000,1.396313,0.616877,-0.890558,3.141064,3.141431,3.141132
3.062000,1.396313,0.616877,-0.890558,3.141064,3.141431,3.141132
3.062000,1.396313,0.616877,-0.890558,3.141064,3.141431,3.141132
3.062000,1.396313,0.616877,-0.890558,3.141064,3.141431,3.141132
3.062000,1.396313,0.616877,-0.890558,3.141064,3.141431,3.141132
3.062000,1.396313,0.616877,-0.890558,3.141064,3.141431,3.141132
3.062000,1.396313,0.616877,-0.890558,3.141064,3.141431,3.141132
3.062000,1.396313,0.616877,-0.890558,3.141064,3.141431,3.141132
3.062000,1.396313,0.616877,-0.890558,3.141064,3.141431,3.141132
3.062000,1.396313,0.616877,-0.890558,3.141064,3.141431,3.141132
3.062000,1.396313,0.616877,-0.890558,3.141064,3.141431,3.141132
3.062000,1.396313,0.616877,-0.890558,3.141064,3.141431,3.141132
3.062000,1.396313,0.616877,-0.890558,3.141064,3.141431,3.141132
3.062000,1.396313,0.616877,-0.890558,3.141064,3.141431,3.141132
3.062000,1.396313,0.616877,-0.890558,3.141064,3.141431,3.141132
3.062000,1.396313,0.616877,-0.890558,3.141064,3.141431,3.141132
3.062000,1.396313,0.616877,-0.890558,3.141064,3.141431,3.141132
3.062000,1.396313,0.616877,-0.890558,3.141064,3.141431,3.141132
3.062000,1.396313,0.616877,-0.890558,3.141064,3.141431,3.141132
3.062000,1.396313,0.616877,-0.890558,3.141064,3.141431,3.141132
3.062000,1.396313,0.616877,-0.890558,3.141064,3.141431,3.141132
3.062000,1.396313,0.616877,-0.890558,3.141064,3.141431,3.141132
3.062000,1.396313,0.616877,-0.890558,3.141064,3.141431,3.141132
3.062000,1.396313,0.616877,-0.890558,3.141064,3.141431,3.141132
3.062000,1.396313,0.616877,-0.890558,3.141064,3.141431,3.141132
3.062000,1.396313,0.616877,-0.890558,3.141064,3.141431,3.141132
3.062000,1.396313,0.616877,-0.890558,3.141064,3.141431,3.141132
3.062000,1.396313,0.616877,-0.890558,3.141064,3.141431,3.141132
3.062000,1.396313,0.616877,-0.890558,3.141064,3.141431,3.141132
3.062000,1.396313,0.616877,-0.890558,3.141064,3.141431,3.141132
3.062000,1.396313,0.616877,-0.890558,3.141064,3.141431,3.141132
3.062000,1.396313,0.616877,-0.890558,3.141064,3.141431,3.141132
3.062000,1.396313,0.616877,-0.890558,3.141064,3.141431,3.141132
3.062000,1.396313,0.616877,-0.890558,3.141064,3.141431,3.141132
3.062000,1.396313,0.616877,-0.890558,3.141064,3.141431,3.141132
3.062000,1.396313,0.616877,-0.890558,3.141064,3.141431,3.141132
3.062000,1.396313,0.616877,-0.890558,3.141064,3.141431,3.141132
3.062000,1.396313,0.616877,-0.890558,3.141064,3.141431,3.141132
3.062000,1.396313,0.616877,-0.890558,3.141064,3.141431,3.141132
3.062000,1.396313,0.616877,-0.890558,3.141064,3.141431,3.141132
3.062000,1.396313,0.616877,-0.890558,3.141064,3.141431,3.141132
3.062000,1.396313,0.616877,-0.890558,3.141064,3.141431,3.141132
3.062000,1.396313,0.616877,-0.890558,3.141064,3.141431,3.141132
3.062000,1.396313,0.616877,-0.890558,3.141064,3.141431,3.141132
3.062000,1.396313,0.616877,-0.890558,3.141064,3.141431,3.141132
3.062000,1.396313,0.616877,-0.890558,3.141064,3.141431,3.141132
3.062000,1.396313,0.616877,-0.890558,3.141064,3.141431,3.141132
3.062000,1.396313,0.616877,-0.890558,3.141064,3.141431,3.141132
3.062000,1.396313,0.616877,-0.890558,3.141064,3.141431,3.141132
3.062000,1.396313,0.616877,-0.890558,3.141064,3.141431,3.141132
3.062000,1.396313,0.616877,-0.890558,3.141064,3.141431,3.141132
3.062000,1.396313,0.616877,-0.890558,3.141064,3.141431,3.141132
3.062000,1.396313,0.616877,-0.890558,3.141064,3.141431,3.141132
3.062000,1.396313,0.616877,-0.890558,3.141064,3.141431,3.141132
3.062000,1.396313,0.616877,-0.890558,3.141064,3.141431,3.141132
3.062000,1.396313,0.616877,-0.890558,3.141064,3.141431,3.141132
3.062000,1.396313,0.616877,-0.890558,3.141064,3.141431,3.141132
3.062000,1.396313,0.616877,-0.890558,3.141064,3.141431,3.141132
3.062000,1.396313,0.616877,-0.890558,3.141064,3.141431,3.141132
3.062000,1.396313,0.616877,-0.890558,3.141064,3.141431,3.141132
3.062000,1.396313,0.616877,-0.890558,3.141064,3.141431,3.141132
3.062000,1.396313,0.616877,-0.890558,3.141064,3.141431,3.141132
3.062000,1.396313,0.616877,-0.890558,3.141064,3.141431,3.141132
3.062000,1.396313,0.616877,-0.890558,3.141064,3.141431,3.141132
3.062000,1.396313,0.616877,-0.890558,3.141064,3.141431,3.141132
3.062000,1.396313,0.616877,-0.890558,3.141064,3.141431,3.141132
3.062000,1.396313,0.616877,-0.890558,3.141064,3.141431,3.141132
3.062000,1.396313,0.616877,-0.890558,3.141064,3.141431,3.141132
3.062000,1.396313,0.616877,-0.890558,3.141064,3.141431,3.141132
3.062000,1.396313,0.616877,-0.890558,3.141064,3.141431,3.141132
3.062000,1.396313,0.616877,-0.890558,3.141064,3.141431,3.141132
3.062000,1.396313,0.616877,-0.890558,3.141064,3.141431,3.141132
3.062000,1.396313,0.616877,-0.890558,3.141064,3.141431,3.141132
3.062000,1.396313,0.616877,-0.890558,3.141064,3.141431,3.141132
3.062000,1.396313,0.616877,-0.890558,3.141064,3.141431,3.141132
3.062000,1.396313,0.616877,-0.890558,3.141064,3.141431,3.141132
3.062000,1.396313,0.616877,-0.890558,3.141064,3.141431,3.141132
3.062000,1.396313,0.616877,-0.890558,3.141064,3.141431,3.141132
3.062000,1.396313,0.616877,-0.890558,3.141064,3.141431,3.141132
3.062000,1.396313,0.616877,-0.890558,3.141064,3.141431,3.141132
3.062000,1.396313,0.616877,-0.890558,3.141064,3.141431,3.141132
3.062000,1.396313,0.616877,-0.890558,3.141064,3.141431,3.141132
3.062000,1.396313,0.616877,-0.890558,3.141064,3.141431,3.141132
3.062000,1.396313,0.616877,-0.890558,3.141064,3.141431,3.141132
3.062000,1.396313,0.616877,-0.890558,3.141064,3.141431,3.141132
3.062000,1.396313,0.616877,-0.890558,3.141064,3.141431,3.141132
3.062000,1.396313,0.616877,-0.890558,3.141064,3.141431,3.141132
3.062000,1.396313,0.616877,-0.890558,3.141064,3.141431,3.141132
3.062000,1.396313,0.616877,-0.890558,3.141064,3.141431,3.141132
3.062000,1.396313,0.616877,-0.890558,3.141064,3.141431,3.141132
3.062000,1.396313,0.616877,-0.890558,3.141064,3.141431,3.141132
3.062000,1.396313,0.616877,-0.890558,3.141064,3.141431,3.141132
3.062000,1.396313,0.616877,-0.890558,3.141064,3.141431,3.141132
3.062000,1.396313,0.616877,-0.890558,3.141064,3.141431,3.141132
3.062000,1.396313,0.616877,-0.890558,3.141064,3.141431,3.141132
3.062000,1.396313,0.616877,-0.890558,3.141064,3.141431,3.141132
3.062000,1.396313,0.616877,-0.890558,3.141064,3.141431,3.141132
3.062000,1.396313,0.616877,-0.890558,3.141064,3.141431,3.141132
3.062000,1.396313,0.616877,-0.890558,3.141064,3.141431,3.141132
3.062000,1.396313,0.616877,-0.890558,3.141064,3.141431,3.141132
3.062000,1.396313,0.616877,-0.890558,3.141064,3.141431,3.141132
3.062000,1.396313,0.616877,-0.890558,3.141064,3.141431,3.141132
3.062000,1.396313,0.616877,-0.890558,3.141064,3.141431,3.141132
3.062000,1.396313,0.616877,-0.890558,3.141064,3.141431,3.141132
3.062000,1.396313,0.616877,-0.890558,3.141064,3.141431,3.141132
3.062000,1.396313,0.616877,-0.890558,3.141064,3.141431,3.141132
3.062000,1.396313,0.616877,-0.890558,3.141064,3.141431,3.141132
3.062000,1.396313,0.616877,-0.890558,3.141064,3.141431,3.141132
3.062000,1.396313,0.616877,-0.890558,3.141064,3.141431,3.141132
3.062000,1.396313,0.616877,-0.890558,3.141064,3.141431,3.141132
3.062000,1.396313,0.616877,-0.890558,3.141064,3.141431,3.141132
3.062000,1.396313,0.616877,-0.890558,3.141064,3.141431,3.141132
3.062000,1.396313,0.616877,-0.890558,3.141064,3.141431,3.141132
3.062000,1.396313,0.616877,-0.890558,3.141064,3.141431,3.141132
3.062000,1.396313,0.616877,-0.890558,3.141064,3.141431,3.141132
3.062000,1.396313,0.616877,-0.890558,3.141064,3.141431,3.141132
3.062000,1.396313,0.616877,-0.890558,3.141064,3.141431,3.141132
3.062000,1.396313,0.616877,-0.890558,3.141064,3.141431,3.141132
3.062000,1.396313,0.616877,-0.890558,3.141064,3.141431,3.141132
3.062000,1.396313,0.616877,-0.890558,3.141064,3.141431,3.141132
3.062000,1.396313,0.616877,-0.890558,3.141064,3.141431,3.141132
3.062000,1.396313,0.616877,-0.890558,3.141064,3.141431,3.141132
3.062000,1.396313,0.616877,-0.890558,3.141064,3.141431,3.141132
3.062000,1.396313,0.616877,-0.890558,3.141064,3.141431,3.141132
3.062000,1.396313,0.616877,-0.890558,3.141064,3.141431,3.141132
3.062000,1.396313,0.616877,-0.890558,3.141064,3.141431,3.141132
3.062000,1.396313,0.616877,-0.890558,3.141064,3.141431,3.141132
3.062000,1.396313,0.616877,-0.890558,3.141064,3.141431,3.141132
3.062000,1.396313,0.616877,-0.890558,3.141064,3.141431,3.141132
3.062000,1.396313,0.616877,-0.890558,3.141064,3.141431,3.141132
3.062000,1.396313,0.616877,-0.890558,3.141064,3.141431,3.141132
3.062000,1.396313,0.616877,-0.890558,3.141064,3.141431,3.141132
3.062000,1.396313,0.616877,-0.890558,3.141064,3.141431,3.141132
3.062000,1.396313,0.616877,-0.890558,3.141064,3.141431,3.141132
3.062000,1.396313,0.616877,-0.890558,3.141064,3.141431,3.141132
3.062000,1.396313,0.616877,-0.890558,3.141064,3.141431,3.141132
3.062000,1.396313,0.616877,-0.890558,3.141064,3.141431,3.141132
3.062000,1.396313,0.616877,-0.890558,3.141064,3.141431,3.141132
3.062000,1.396313,0.616877,-0.890558,3.141064,3.141431,3.141132
3.062000,1.396313,0.616877,-0.890558,3.141064,3.141431,3.141132
3.062000,1.396313,0.616877,-0.890558,3.141064,3.141431,3.141132
3.062000,1.396313,0.616877,-0.890558,3.141064,3.141431,3.141132
3.062000,1.396313,0.616877,-0.890558,3.141064,3.141431,3.141132
3.062000,1.396313,0.616877,-0.890558,3.141064,3.141431,3.141132
3.062000,1.396313,0.616877,-0.890558,3.141064,3.141431,3.141132
3.062000,1.396313,0.616877,-0.890558,3.141064,3.141431,3.141132
3.062000,1.396313,0.616877,-0.890558,3.141064,3.141431,3.141132
3.062000,1.396313,0.616877,-0.890558,3.141064,3.141431,3.141132
3.062000,1.396313,0.616877,-0.890558,3.141064,3.141431,3.141132
3.062000,1.396313,0.616877,-0.890558,3.141064,3.141431,3.141132
3.062000,1.396313,0.616877,-0.890558,3.141064,3.141431,3.141132
3.062000,1.396313,0.616877,-0.890558,3.141064,3.141431,3.141132
3.062000,1.396313,0.616877,-0.890558,3.141064,3.141431,3.141132
3.062000,1.396313,0.616877,-0.890558,3.141064,3.141431,3.141132
3.062000,1.396313,0.616877,-0.890558,3.141064,3.141431,3.141132
3.062000,1.396313,0.616877,-0.890558,3.141064,3.141431,3.141132
3.062000,1.396313,0.616877,-0.890558,3.141064,3.141431,3.141132
3.062000,1.396313,0.616877,-0.890558,3.141064,3.141431,3.141132
3.062000,1.396313,0.616877,-0.890558,3.141064,3.141431,3.141132
3.062000,1.396313,0.616877,-0.890558,3.141064,3.141431,3.141132
3.062000,1.396313,0.616877,-0.890558,3.141064,3.141431,3.141132
3.062000,1.396313,0.616877,-0.890558,3.141064,3.141431,3.141132
3.062000,1.396313,0.616877,-0.890558,3.141064,3.141431,3.141132
3.062000,1.396313,0.616877,-0.890558,3.141064,3.141431,3.141132
3.062000,1.396313,0.616877,-0.890558,3.141064,3.141431,3.141132
3.062000,1.396313,0.616877,-0.890558,3.141064,3.141431,3.141132
3.062000,1.396313,0.616877,-0.890558,3.141064,3.141431,3.141132
3.062000,1.396313,0.616877,-0.890558,3.141064,3.141431,3.141132
3.062000,1.396313,0.616877,-0.890558,3.141064,3.141431,3.141132
3.062000,1.396313,0.616877,-0.890558,3.141064,3.141431,3.141132
3.062000,1.396313,0.616877,-0.890558,3.141064,3.141431,3.141132
3.062000,1.396313,0.616877,-0.890558,3.141064,3.141431,3.141132
3.062000,1.396313,0.616877,-0.890558,3.141064,3.141431,3.141132
3.062000,1.396313,0.616877,-0.890558,3.141064,3.141431,3.141132
3.062000,1.396313,0.616877,-0.890558,3.141064,3.141431,3.141132
3.062000,1.396313,0.616877,-0.890558,3.141064,3.141431,3.141132
3.062000,1.396313,0.616877,-0.890558,3.141064,3.141431,3.141132
3.062000,1.396313,0.616877,-0.890558,3.141064,3.141431,3.141132
3.062000,1.396313,0.616877,-0.890558,3.141064,3.141431,3.141132
3.062000,1.396313,0.616877,-0.890558,3.141064,3.141431,3.141132
3.062000,1.396313,0.616877,-0.890558,3.141064,3.141431,3.141132
3.062000,1.396313,0.616877,-0.890558,3.141064,3.141431,3.141132
3.062000,1.396313,0.616877,-0.890558,3.141064,3.141431,3.141132
3.062000,1.396313,0.616877,-0.890558,3.141064,3.141431,3.141132
3.062000,1.396313,0.616877,-0.890558,3.141064,3.141431,3.141132
3.062000,1.396313,0.616877,-0.890558,3.141064,3.141431,3.141132
3.062000,1.396313,0.616877,-0.890558,3.141064,3.141431,3.141132
3.062000,1.396313,0.616877,-0.890558,3.141064,3.141431,3.141132
3.062000,1.396313,0.616877,-0.890558,3.141064,3.141431,3.141132
3.062000,1.396313,0.616877,-0.890558,3.141064,3.141431,3.141132
3.062000,1.396313,0.616877,-0.890558,3.141064,3.141431,3.141132
3.062000,1.396313,0.616877,-0.890558,3.141064,3.141431,3.141132
3.062000,1.396313,0.616877,-0.890558,3.141064,3.141431,3.141132
3.062000,1.396313,0.616877,-0.890558,3.141064,3.141431,3.141132
3.062000,1.396313,0.616877,-0.890558,3.141064,3.141431,3.141132
3.062000,1.396313,0.616877,-0.890558,3.141064,3.141431,3.141132
3.062000,1.396313,0.616877,-0.890558,3.141064,3.141431,3.141132
3.062000,1.396313,0.616877,-0.890558,3.141064,3.141431,3.141132
3.062000,1.396313,0.616877,-0.890558,3.141064,3.141431,3.141132
3.062000,1.396313,0.616877,-0.890558,3.141064,3.141431,3.141132
3.062000,1.396313,0.616877,-0.890558,3.141064,3.141431,3.141132
3.062000,1.396313,0.616877,-0.890558,3.141064,3.141431,3.141132
3.062000,1.396313,0.616877,-0.890558,3.141064,3.141431,3.141132
3.062000,1.396313,0.616877,-0.890558,3.141064,3.141431,3.141132
3.062000,1.396313,0.616877,-0.890558,3.141064,3.141431,3.141132
3.062000,1.396313,0.616877,-0.890558,3.141064,3.141431,3.141132
3.062000,1.396313,0.616877,-0.890558,3.141064,3.141431,3.141132
3.062000,1.396313,0.616877,-0.890558,3.141064,3.141431,3.141132
3.062000,1.396313,0.616877,-0.890558,3.141064,3.141431,3.141132
3.062000,1.396313,0.616877,-0.890558,3.141064,3.141431,3.141132
3.062000,1.396313,0.616877,-0.890558,3.141064,3.141431,3.141132
3.062000,1.396313,0.616877,-0.890558,3.141064,3.141431,3.141132
3.062000,1.396313,0.616877,-0.890558,3.141064,3.141431,3.141132
3.062000,1.396313,0.616877,-0.890558,3.141064,3.141431,3.141132
3.062000,1.396313,0.616877,-0.890558,3.141064,3.141431,3.141132
3.062000,1.396313,0.616877,-0.890558,3.141064,3.141431,3.141132
3.062000,1.396313,0.616877,-0.890558,3.141064,3.141431,3.141132
3.062000,1.396313,0.616877,-0.890558,3.141064,3.141431,3.141132
3.062000,1.396313,0.616877,-0.890558,3.141064,3.141431,3.141132
3.062000,1.396313,0.616877,-0.890558,3.141064,3.141431,3.141132
3.062000,1.396313,0.616877,-0.890558,3.141064,3.141431,3.141132
3.062000,1.396313,0.616877,-0.890558,3.141064,3.141431,3.141132
3.062000,1.396313,0.616877,-0.890558,3.141064,3.141431,3.141132
3.062000,1.396313,0.616877,-0.890558,3.141064,3.141431,3.141132
3.062000,1.396313,0.616877,-0.890558,3.141064,3.141431,3.141132
3.062000,1.396313,0.616877,-0.890558,3.141064,3.141431,3.141132
3.062000,1.396313,0.616877,-0.890558,3.141064,3.141431,3.141132
3.062000,1.396313,0.616877,-0.890558,3.141064,3.141431,3.141132
3.062000,1.396313,0.616877,-0.890558,3.141064,3.141431,3.141132
3.062000,1.396313,0.616877,-0.890558,3.141064,3.141431,3.141132
3.062000,1.396313,0.616877,-0.890558,3.141064,3.141431,3.141132
3.062000,1.396313,0.616877,-0.890558,3.141064,3.141431,3.141132
3.062000,1.396313,0.616877,-0.890558,3.141064,3.141431,3.141132
3.062000,1.396313,0.616877,-0.890558,3.141064,3.141431,3.141132
3.062000,1.396313,0.616877,-0.890558,3.141064,3.141431,3.141132
3.062000,1.396313,0.616877,-0.890558,3.141064,3.141431,3.141132
3.062000,1.396313,0.616877,-0.890558,3.141064,3.141431,3.141132
3.062000,1.396313,0.616877,-0.890558,3.141064,3.141431,3.141132
3.062000,1.396313,0.616877,-0.890558,3.141064,3.141431,3.141132
3.062000,1.396313,0.616877,-0.890558,3.141064,3.141431,3.141132
3.062000,1.396313,0.616877,-0.890558,3.141064,3.141431,3.141132
3.062000,1.396313,0.616877,-0.890558,3.141064,3.141431,3.141132
3.062000,1.396313,0.616877,-0.890558,3.141064,3.141431,3.141132
3.062000,1.396313,0.616877,-0.890558,3.141064,3.141431,3.141132
3.062000,1.396313,0.616877,-0.890558,3.141064,3.141431,3.141132
3.062000,1.396313,0.616877,-0.890558,3.141064,3.141431,3.141132
3.062000,1.396313,0.616877,-0.890558,3.141064,3.141431,3.141132
3.062000,1.396313,0.616877,-0.890558,3.141064,3.141431,3.141132
3.062000,1.396313,0.616877,-0.890558,3.141064,3.141431,3.141132
3.062000,1.396313,0.616877,-0.890558,3.141064,3.141431,3.141132
3.062000,1.396313,0.616877,-0.890558,3.141064,3.141431,3.141132
3.062000,1.396313,0.616877,-0.890558,3.141064,3.141431,3.141132
3.062000,1.396313,0.616877,-0.890558,3.141064,3.141431,3.141132
3.062000,1.396313,0.616877,-0.890558,3.141064,3.141431,3.141132
3.062000,1.396313,0.616877,-0.890558,3.141064,3.141431,3.141132
3.062000,1.396313,0.616877,-0.890558,3.141064,3.141431,3.141132
3.062000,1.396313,0.616877,-0.890558,3.141064,3.141431,3.141132
3.062000,1.396313,0.616877,-0.890558,3.141064,3.141431,3.141132
3.062000,1.396313,0.616877,-0.890558,3.141064,3.141431,3.141132
3.062000,1.396313,0.616877,-0.890558,3.141064,3.141431,3.141132
3.062000,1.396313,0.616877,-0.890558,3.141064,3.141431,3.141132
3.062000,1.396313,0.616877,-0.890558,3.141064,3.141431,3.141132
3.062000,1.396313,0.616877,-0.890558,3.141064,3.141431,3.141132
3.062000,1.396313,0.616877,-0.890558,3.141064,3.141431,3.141132
3.062000,1.396313,0.616877,-0.890558,3.141064,3.141431,3.141132
3.062000,1.396313,0.616877,-0.890558,3.141064,3.141431,3.141132
3.062000,1.396313,0.616877,-0.890558,3.141064,3.141431,3.141132
3.062000,1.396313,0.616877,-0.890558,3.141064,3.141431,3.141132
3.062000,1.396313,0.616877,-0.890558,3.141064,3.141431,3.141132
3.062000,1.396313,0.616877,-0.890558,3.141064,3.141431,3.141132
3.062000,1.396313,0.616877,-0.890558,3.141064,3.141431,3.141132
3.062000,1.396313,0.616877,-0.890558,3.141064,3.141431,3.141132
3.062000,1.396313,0.616877,-0.890558,3.141064,3.141431,3.141132
3.062000,1.396313,0.616877,-0.890558,3.141064,3.141431,3.141132
3.062000,1.396313,0.616877,-0.890558,3.141064,3.141431,3.141132
3.062000,1.396313,0.616877,-0.890558,3.141064,3.141431,3.141132
3.062000,1.396313,0.616877,-0.890558,3.141064,3.141431,3.141132
3.062000,1.396313,0.616877,-0.890558,3.141064,3.141431,3.141132
3.062000,1.396313,0.616877,-0.890558,3.141064,3.141431,3.141132
3.062000,1.396313,0.616877,-0.890558,3.141064,3.141431,3.141132
3.062000,1.396313,0.616877,-0.890558,3.141064,3.141431,3.141132
3.062000,1.396313,0.616877,-0.890558,3.141064,3.141431,3.141132
3.062000,1.396313,0.616877,-0.890558,3.141064,3.141431,3.141132
3.062000,1.396313,0.616877,-0.890558,3.141064,3.141431,3.141132
3.062000,1.396313,0.616877,-0.890558,3.141064,3.141431,3.141132
3.062000,1.396313,0.616877,-0.890558,3.141064,3.141431,3.141132
3.062000,1.396313,0.616877,-0.890558,3.141064,3.141431,3.141132
3.062000,1.396313,0.616877,-0.890558,3.141064,3.141431,3.141132
3.062000,1.396313,0.616877,-0.890558,3.141064,3.141431,3.141132
3.062000,1.396313,0.616877,-0.890558,3.141064,3.141431,3.141132
3.062000,1.396313,0.616877,-0.890558,3.141064,3.141431,3.141132
3.062000,1.396313,0.616877,-0.890558,3.141064,3.141431,3.141132
3.062000,1.396313,0.616877,-0.890558,3.141064,3.141431,3.141132
3.062000,1.396313,0.616877,-0.890558,3.141064,3.141431,3.141132
3.062000,1.396313,0.616877,-0.890558,3.141064,3.141431,3.141132
3.062000,1.396313,0.616877,-0.890558,3.141064,3.141431,3.141132
3.062000,1.396313,0.616877,-0.890558,3.141064,3.141431,3.141132
3.062000,1.396313,0.616877,-0.890558,3.141064,3.141431,3.141132
3.062000,1.396313,0.616877,-0.890558,3.141064,3.141431,3.141132
3.062000,1.396313,0.616877,-0.890558,3.141064,3.141431,3.141132
3.062000,1.396313,0.616877,-0.890558,3.141064,3.141431,3.141132
3.062000,1.396313,0.616877,-0.890558,3.141064,3.141431,3.141132
3.062000,1.396313,0.616877,-0.890558,3.141064,3.141431,3.141132
3.062000,1.396313,0.616877,-0.890558,3.141064,3.141431,3.141132
3.062000,1.396313,0.616877,-0.890558,3.141064,3.141431,3.141132
3.062000,1.396313,0.616877,-0.890558,3.141064,3.141431,3.141132
3.062000,1.396313,0.616877,-0.890558,3.141064,3.141431,3.141132
3.062000,1.396313,0.616877,-0.890558,3.141064,3.141431,3.141132
3.062000,1.396313,0.616877,-0.890558,3.141064,3.141431,3.141132
3.062000,1.396313,0.616877,-0.890558,3.141064,3.141431,3.141132
3.062000,1.396313,0.616877,-0.890558,3.141064,3.141431,3.141132
3.062000,1.396313,0.616877,-0.890558,3.141064,3.141431,3.141132
3.062000,1.396313,0.616877,-0.890558,3.141064,3.141431,3.141132
3.062000,1.396313,0.616877,-0.890558,3.141064,3.141431,3.141132
3.062000,1.396313,0.616877,-0.890558,3.141064,3.141431,3.141132
3.062000,1.396313,0.616877,-0.890558,3.141064,3.141431,3.141132
3.062000,1.396313,0.616877,-0.890558,3.141064,3.141431,3.141132
3.062000,1.396313,0.616877,-0.890558,3.141064,3.141431,3.141132
3.062000,1.396313,0.616877,-0.890558,3.141064,3.141431,3.141132
3.062000,1.396313,0.616877,-0.890558,3.141064,3.141431,3.141132
3.062000,1.396313,0.616877,-0.890558,3.141064,3.141431,3.141132
3.062000,1.396313,0.616877,-0.890558,3.141064,3.141431,3.141132
3.062000,1.396313,0.616877,-0.890558,3.141064,3.141431,3.141132
3.062000,1.396313,0.616877,-0.890558,3.141064,3.141431,3.141132
3.062000,1.396313,0.616877,-0.890558,3.141064,3.141431,3.141132
3.062000,1.396313,0.616877,-0.890558,3.141064,3.141431,3.141132
3.062000,1.396313,0.616877,-0.890558,3.141064,3.141431,3.141132
3.062000,1.396313,0.616877,-0.890558,3.141064,3.141431,3.141132
3.062000,1.396313,0.616877,-0.890558,3.141064,3.141431,3.141132
3.062000,1.396313,0.616877,-0.890558,3.141064,3.141431,3.141132
3.062000,1.396313,0.616877,-0.890558,3.141064,3.141431,3.141132
3.062000,1.396313,0.616877,-0.890558,3.141064,3.141431,3.141132
3.062000,1.396313,0.616877,-0.890558,3.141064,3.141431,3.141132
3.062000,1.396313,0.616877,-0.890558,3.141064,3.141431,3.141132
3.062000,1.396313,0.616877,-0.890558,3.141064,3.141431,3.141132
3.062000,1.396313,0.616877,-0.890558,3.141064,3.141431,3.141132
3.062000,1.396313,0.616877,-0.890558,3.141064,3.141431,3.141132
3.062000,1.396313,0.616877,-0.890558,3.141064,3.141431,3.141132
3.062000,1.396313,0.616877,-0.890558,3.141064,3.141431,3.141132
3.062000,1.396313,0.616877,-0.890558,3.141064,3.141431,3.141132
3.062000,1.396313,0.616877,-0.890558,3.141064,3.141431,3.141132
3.062000,1.396313,0.616877,-0.890558,3.141064,3.141431,3.141132
3.062000,1.396313,0.616877,-0.890558,3.141064,3.141431,3.141132
3.062000,1.396313,0.616877,-0.890558,3.141064,3.141431,3.141132
3.062000,1.396313,0.616877,-0.890558,3.141064,3.141431,3.141132
3.062000,1.396313,0.616877,-0.890558,3.141064,3.141431,3.141132
3.062000,1.396313,0.616877,-0.890558,3.141064,3.141431,3.141132
3.062000,1.396313,0.616877,-0.890558,3.141064,3.141431,3.141132
3.062000,1.396313,0.616877,-0.890558,3.141064,3.141431,3.141132
3.062000,1.396313,0.616877,-0.890558,3.141064,3.141431,3.141132
3.062000,1.396313,0.616877,-0.890558,3.141064,3.141431,3.141132
3.062000,1.396313,0.616877,-0.890558,3.141064,3.141431,3.141132
3.062000,1.396313,0.616877,-0.890558,3.141064,3.141431,3.141132
3.062000,1.396313,0.616877,-0.890558,3.141064,3.141431,3.141132
3.062000,1.396313,0.616877,-0.890558,3.141064,3.141431,3.141132
3.062000,1.396313,0.616877,-0.890558,3.141064,3.141431,3.141132
3.062000,1.396313,0.616877,-0.890558,3.141064,3.141431,3.141132
3.062000,1.396313,0.616877,-0.890558,3.141064,3.141431,3.141132
3.062000,1.396313,0.616877,-0.890558,3.141064,3.141431,3.141132
3.062000,1.396313,0.616877,-0.890558,3.141064,3.141431,3.141132
3.062000,1.396313,0.616877,-0.890558,3.141064,3.141431,3.141132
3.062000,1.396313,0.616877,-0.890558,3.141064,3.141431,3.141132
3.062000,1.396313,0.616877,-0.890558,3.141064,3.141431,3.141132
3.062000,1.396313,0.616877,-0.890558,3.141064,3.141431,3.141132
3.062000,1.396313,0.616877,-0.890558,3.141064,3.141431,3.141132
3.062000,1.396313,0.616877,-0.890558,3.141064,3.141431,3.141132
3.062000,1.396313,0.616877,-0.890558,3.141064,3.141431,3.141132
3.062000,1.396313,0.616877,-0.890558,3.141064,3.141431,3.141132
3.062000,1.396313,0.616877,-0.890558,3.141064,3.141431,3.141132
3.062000,1.396313,0.616877,-0.890558,3.141064,3.141431,3.141132
3.062000,1.396313,0.616877,-0.890558,3.141064,3.141431,3.141132
3.062000,1.396313,0.616877,-0.890558,3.141064,3.141431,3.141132
3.062000,1.396313,0.616877,-0.890558,3.141064,3.141431,3.141132
3.062000,1.396313,0.616877,-0.890558,3.141064,3.141431,3.141132
3.062000,1.396313,0.616877,-0.890558,3.141064,3.141431,3.141132
3.062000,1.396313,0.616877,-0.890558,3.141064,3.141431,3.141132
3.062000,1.396313,0.616877,-0.890558,3.141064,3.141431,3.141132
3.062000,1.396313,0.616877,-0.890558,3.141064,3.141431,3.141132
3.062000,1.396313,0.616877,-0.890558,3.141064,3.141431,3.141132
3.062000,1.396313,0.616877,-0.890558,3.141064,3.141431,3.141132
3.062000,1.396313,0.616877,-0.890558,3.141064,3.141431,3.141132
3.062000,1.396313,0.616877,-0.890558,3.141064,3.141431,3.141132
3.062000,1.396313,0.616877,-0.890558,3.141064,3.141431,3.141132
3.062000,1.396313,0.616877,-0.890558,3.141064,3.141431,3.141132
3.062000,1.396313,0.616877,-0.890558,3.141064,3.141431,3.141132
3.062000,1.396313,0.616877,-0.890558,3.141064,3.141431,3.141132
3.062000,1.396313,0.616877,-0.890558,3.141064,3.141431,3.141132
3.062000,1.396313,0.616877,-0.890558,3.141064,3.141431,3.141132
3.062000,1.396313,0.616877,-0.890558,3.141064,3.141431,3.141132
3.062000,1.396313,0.616877,-0.890558,3.141064,3.141431,3.141132
3.062000,1.396313,0.616877,-0.890558,3.141064,3.141431,3.141132
3.062000,1.396313,0.616877,-0.890558,3.141064,3.141431,3.141132
3.062000,1.396313,0.616877,-0.890558,3.141064,3.141431,3.141132
3.062000,1.396313,0.616877,-0.890558,3.141064,3.141431,3.141132
3.062000,1.396313,0.616877,-0.890558,3.141064,3.141431,3.141132
3.062000,1.396313,0.616877,-0.890558,3.141064,3.141431,3.141132
3.062000,1.396313,0.616877,-0.890558,3.141064,3.141431,3.141132
3.062000,1.396313,0.616877,-0.890558,3.141064,3.141431,3.141132
3.062000,1.396313,0.616877,-0.890558,3.141064,3.141431,3.141132
3.062000,1.396313,0.616877,-0.890558,3.141064,3.141431,3.141132
3.062000,1.396313,0.616877,-0.890558,3.141064,3.141431,3.141132
3.062000,1.396313,0.616877,-0.890558,3.141064,3.141431,3.141132
3.062000,1.396313,0.616877,-0.890558,3.141064,3.141431,3.141132
3.062000,1.396313,0.616877,-0.890558,3.141064,3.141431,3.141132
3.062000,1.396313,0.616877,-0.890558,3.141064,3.141431,3.141132
3.062000,1.396313,0.616877,-0.890558,3.141064,3.141431,3.141132
3.062000,1.396313,0.616877,-0.890558,3.141064,3.141431,3.141132
3.062000,1.396313,0.616877,-0.890558,3.141064,3.141431,3.141132
3.062000,1.396313,0.616877,-0.890558,3.141064,3.141431,3.141132
3.062000,1.396313,0.616877,-0.890558,3.141064,3.141431,3.141132
3.062000,1.396313,0.616877,-0.890558,3.141064,3.141431,3.141132
3.062000,1.396313,0.616877,-0.890558,3.141064,3.141431,3.141132
3.062000,1.396313,0.616877,-0.890558,3.141064,3.141431,3.141132
3.062000,1.396313,0.616877,-0.890558,3.141064,3.141431,3.141132
3.062000,1.396313,0.616877,-0.890558,3.141064,3.141431,3.141132
3.062000,1.396313,0.616877,-0.890558,3.141064,3.141431,3.141132
3.062000,1.396313,0.616877,-0.890558,3.141064,3.141431,3.141132
3.062000,1.396313,0.616877,-0.890558,3.141064,3.141431,3.141132
3.062000,1.396313,0.616877,-0.890558,3.141064,3.141431,3.141132
3.062000,1.396313,0.616877,-0.890558,3.141064,3.141431,3.141132
3.062000,1.396313,0.616877,-0.890558,3.141064,3.141431,3.141132
3.062000,1.396313,0.616877,-0.890558,3.141064,3.141431,3.141132
3.062000,1.396313,0.616877,-0.890558,3.141064,3.141431,3.141132
3.062000,1.396313,0.616877,-0.890558,3.141064,3.141431,3.141132
3.062000,1.396313,0.616877,-0.890558,3.141064,3.141431,3.141132
3.062000,1.396313,0.616877,-0.890558,3.141064,3.141431,3.141132
3.062000,1.396313,0.616877,-0.890558,3.141064,3.141431,3.141132
3.062000,1.396313,0.616877,-0.890558,3.141064,3.141431,3.141132
3.062000,1.396313,0.616877,-0.890558,3.141064,3.141431,3.141132
3.062000,1.396313,0.616877,-0.890558,3.141064,3.141431,3.141132
3.062000,1.396313,0.616877,-0.890558,3.141064,3.141431,3.141132
3.062000,1.396313,0.616877,-0.890558,3.141064,3.141431,3.141132
3.062000,1.396313,0.616877,-0.890558,3.141064,3.141431,3.141132
3.062000,1.396313,0.616877,-0.890558,3.141064,3.141431,3.141132
3.062000,1.396313,0.616877,-0.890558,3.141064,3.141431,3.141132
3.062000,1.396313,0.616877,-0.890558,3.141064,3.141431,3.141132
3.062000,1.396313,0.616877,-0.890558,3.141064,3.141431,3.141132
3.062000,1.396313,0.616877,-0.890558,3.141064,3.141431,3.141132
3.062000,1.396313,0.616877,-0.890558,3.141064,3.141431,3.141132
3.062000,1.396313,0.616877,-0.890558,3.141064,3.141431,3.141132
3.062000,1.396313,0.616877,-0.890558,3.141064,3.141431,3.141132
3.062000,1.396313,0.616877,-0.890558,3.141064,3.141431,3.141132
3.062000,1.396313,0.616877,-0.890558,3.141064,3.141431,3.141132
3.062000,1.396313,0.616877,-0.890558,3.141064,3.141431,3.141132
3.062000,1.396313,0.616877,-0.890558,3.141064,3.141431,3.141132
3.062000,1.396313,0.616877,-0.890558,3.141064,3.141431,3.141132
3.062000,1.396313,0.616877,-0.890558,3.141064,3.141431,3.141132
3.062000,1.396313,0.616877,-0.890558,3.141064,3.141431,3.141132
3.062000,1.396313,0.616877,-0.890558,3.141064,3.141431,3.141132
3.062000,1.396313,0.616877,-0.890558,3.141064,3.141431,3.141132
3.062000,1.396313,0.616877,-0.890558,3.141064,3.141431,3.141132
3.062000,1.396313,0.616877,-0.890558,3.141064,3.141431,3.141132
3.062000,1.396313,0.616877,-0.890558,3.141064,3.141431,3.141132
3.062000,1.396313,0.616877,-0.890558,3.141064,3.141431,3.141132
3.062000,1.396313,0.616877,-0.890558,3.141064,3.141431,3.141132
3.062000,1.396313,0.616877,-0.890558,3.141064,3.141431,3.141132
3.062000,1.396313,0.616877,-0.890558,3.141064,3.141431,3.141132
3.062000,1.396313,0.616877,-0.890558,3.141064,3.141431,3.141132
3.062000,1.396313,0.616877,-0.890558,3.141064,3.141431,3.141132
3.062000,1.396313,0.616877,-0.890558,3.141064,3.141431,3.141132
3.062000,1.396313,0.616877,-0.890558,3.141064,3.141431,3.141132
3.062000,1.396313,0.616877,-0.890558,3.141064,3.141431,3.141132
3.062000,1.396313,0.616877,-0.890558,3.141064,3.141431,3.141132
3.062000,1.396313,0.616877,-0.890558,3.141064,3.141431,3.141132
3.062000,1.396313,0.616877,-0.890558,3.141064,3.141431,3.141132
3.062000,1.396313,0.616877,-0.890558,3.141064,3.141431,3.141132
3.062000,1.396313,0.616877,-0.890558,3.141064,3.141431,3.141132
3.062000,1.396313,0.616877,-0.890558,3.141064,3.141431,3.141132
3.062000,1.396313,0.616877,-0.890558,3.141064,3.141431,3.141132
3.062000,1.396313,0.616877,-0.890558,3.141064,3.141431,3.141132
3.062000,1.396313,0.616877,-0.890558,3.141064,3.141431,3.141132
3.062000,1.396313,0.616877,-0.890558,3.141064,3.141431,3.141132
3.062000,1.396313,0.616877,-0.890558,3.141064,3.141431,3.141132
3.062000,1.396313,0.616877,-0.890558,3.141064,3.141431,3.141132
3.062000,1.396313,0.616877,-0.890558,3.141064,3.141431,3.141132
3.062000,1.396313,0.616877,-0.890558,3.141064,3.141431,3.141132
3.062000,1.396313,0.616877,-0.890558,3.141064,3.141431,3.141132
3.062000,1.396313,0.616877,-0.890558,3.141064,3.141431,3.141132
3.062000,1.396313,0.616877,-0.890558,3.141064,3.141431,3.141132
3.062000,1.396313,0.616877,-0.890558,3.141064,3.141431,3.141132
3.062000,1.396313,0.616877,-0.890558,3.141064,3.141431,3.141132
3.062000,1.396313,0.616877,-0.890558,3.141064,3.141431,3.141132
3.062000,1.396313,0.616877,-0.890558,3.141064,3.141431,3.141132
3.062000,1.396313,0.616877,-0.890558,3.141064,3.141431,3.141132
3.062000,1.396313,0.616877,-0.890558,3.141064,3.141431,3.141132
3.062000,1.396313,0.616877,-0.890558,3.141064,3.141431,3.141132
3.062000,1.396313,0.616877,-0.890558,3.141064,3.141431,3.141132
3.062000,1.396313,0.616877,-0.890558,3.141064,3.141431,3.141132
3.062000,1.396313,0.616877,-0.890558,3.141064,3.141431,3.141132
3.062000,1.396313,0.616877,-0.890558,3.141064,3.141431,3.141132
3.062000,1.396313,0.616877,-0.890558,3.141064,3.141431,3.141132
3.062000,1.396313,0.616877,-0.890558,3.141064,3.141431,3.141132
3.062000,1.396313,0.616877,-0.890558,3.141064,3.141431,3.141132
3.062000,1.396313,0.616877,-0.890558,3.141064,3.141431,3.141132
3.062000,1.396313,0.616877,-0.890558,3.141064,3.141431,3.141132
3.062000,1.396313,0.616877,-0.890558,3.141064,3.141431,3.141132
3.062000,1.396313,0.616877,-0.890558,3.141064,3.141431,3.141132
3.062000,1.396313,0.616877,-0.890558,3.141064,3.141431,3.141132
3.062000,1.396313,0.616877,-0.890558,3.141064,3.141431,3.141132
3.062000,1.396313,0.616877,-0.890558,3.141064,3.141431,3.141132
3.062000,1.396313,0.616877,-0.890558,3.141064,3.141431,3.141132
3.062000,1.396313,0.616877,-0.890558,3.141064,3.141431,3.141132
3.062000,1.396313,0.616877,-0.890558,3.141064,3.141431,3.141132
3.062000,1.396313,0.616877,-0.890558,3.141064,3.141431,3.141132
3.062000,1.396313,0.616877,-0.890558,3.141064,3.141431,3.141132
3.062000,1.396313,0.616877,-0.890558,3.141064,3.141431,3.141132
3.062000,1.396313,0.616877,-0.890558,3.141064,3.141431,3.141132
3.062000,1.396313,0.616877,-0.890558,3.141064,3.141431,3.141132
3.062000,1.396313,0.616877,-0.890558,3.141064,3.141431,3.141132
3.062000,1.396313,0.616877,-0.890558,3.141064,3.141431,3.141132
3.062000,1.396313,0.616877,-0.890558,3.141064,3.141431,3.141132
3.062000,1.396313,0.616877,-0.890558,3.141064,3.141431,3.141132
3.062000,1.396313,0.616877,-0.890558,3.141064,3.141431,3.141132
3.062000,1.396313,0.616877,-0.890558,3.141064,3.141431,3.141132
3.062000,1.396313,0.616877,-0.890558,3.141064,3.141431,3.141132
3.062000,1.396313,0.616877,-0.890558,3.141064,3.141431,3.141132
3.062000,1.396313,0.616877,-0.890558,3.141064,3.141431,3.141132
3.062000,1.396313,0.616877,-0.890558,3.141064,3.141431,3.141132
3.062000,1.396313,0.616877,-0.890558,3.141064,3.141431,3.141132
3.062000,1.396313,0.616877,-0.890558,3.141064,3.141431,3.141132
3.062000,1.396313,0.616877,-0.890558,3.141064,3.141431,3.141132
3.062000,1.396313,0.616877,-0.890558,3.141064,3.141431,3.141132
3.062000,1.396313,0.616877,-0.890558,3.141064,3.141431,3.141132
3.062000,1.396313,0.616877,-0.890558,3.141064,3.141431,3.141132
3.062000,1.396313,0.616877,-0.890558,3.141064,3.141431,3.141132
3.062000,1.396313,0.616877,-0.890558,3.141064,3.141431,3.141132
3.062000,1.396313,0.616877,-0.890558,3.141064,3.141431,3.141132
3.062000,1.396313,0.616877,-0.890558,3.141064,3.141431,3.141132
3.062000,1.396313,0.616877,-0.890558,3.141064,3.141431,3.141132
3.062000,1.396313,0.616877,-0.890558,3.141064,3.141431,3.141132
3.062000,1.396313,0.616877,-0.890558,3.141064,3.141431,3.141132
3.062000,1.396313,0.616877,-0.890558,3.141064,3.141431,3.141132
3.062000,1.396313,0.616877,-0.890558,3.141064,3.141431,3.141132
3.062000,1.396313,0.616877,-0.890558,3.141064,3.141431,3.141132
3.062000,1.396313,0.616877,-0.890558,3.141064,3.141431,3.141132
3.062000,1.396313,0.616877,-0.890558,3.141064,3.141431,3.141132
3.062000,1.396313,0.616877,-0.890558,3.141064,3.141431,3.141132
3.062000,1.396313,0.616877,-0.890558,3.141064,3.141431,3.141132
3.062000,1.396313,0.616877,-0.890558,3.141064,3.141431,3.141132
3.062000,1.396313,0.616877,-0.890558,3.141064,3.141431,3.141132
3.062000,1.396313,0.616877,-0.890558,3.141064,3.141431,3.141132
3.062000,1.396313,0.616877,-0.890558,3.141064,3.141431,3.141132
3.062000,1.396313,0.616877,-0.890558,3.141064,3.141431,3.141132
3.062000,1.396313,0.616877,-0.890558,3.141064,3.141431,3.141132
3.062000,1.396313,0.616877,-0.890558,3.141064,3.141431,3.141132
3.062000,1.396313,0.616877,-0.890558,3.141064,3.141431,3.141132
3.062000,1.396313,0.616877,-0.890558,3.141064,3.141431,3.141132
3.062000,1.396313,0.616877,-0.890558,3.141064,3.141431,3.141132
3.062000,1.396313,0.616877,-0.890558,3.141064,3.141431,3.141132
3.062000,1.396313,0.616877,-0.890558,3.141064,3.141431,3.141132
3.062000,1.396313,0.616877,-0.890558,3.141064,3.141431,3.141132
3.062000,1.396313,0.616877,-0.890558,3.141064,3.141431,3.141132
3.062000,1.396313,0.616877,-0.890558,3.141064,3.141431,3.141132
3.062000,1.396313,0.616877,-0.890558,3.141064,3.141431,3.141132
3.062000,1.396313,0.616877,-0.890558,3.141064,3.141431,3.141132
3.062000,1.396313,0.616877,-0.890558,3.141064,3.141431,3.141132
3.062000,1.396313,0.616877,-0.890558,3.141064,3.141431,3.141132
3.062000,1.396313,0.616877,-0.890558,3.141064,3.141431,3.141132
3.062000,1.396313,0.616877,-0.890558,3.141064,3.141431,3.141132
3.062000,1.396313,0.616877,-0.890558,3.141064,3.141431,3.141132
3.062000,1.396313,0.616877,-0.890558,3.141064,3.141431,3.141132
3.062000,1.396313,0.616877,-0.890558,3.141064,3.141431,3.141132
3.062000,1.396313,0.616877,-0.890558,3.141064,3.141431,3.141132
3.062000,1.396313,0.616877,-0.890558,3.141064,3.141431,3.141132
3.062000,1.396313,0.616877,-0.890558,3.141064,3.141431,3.141132
3.062000,1.396313,0.616877,-0.890558,3.141064,3.141431,3.141132
3.062000,1.396313,0.616877,-0.890558,3.141064,3.141431,3.141132
3.062000,1.396313,0.616877,-0.890558,3.141064,3.141431,3.141132
3.062000,1.396313,0.616877,-0.890558,3.141064,3.141431,3.141132
3.062000,1.396313,0.616877,-0.890558,3.141064,3.141431,3.141132
3.062000,1.396313,0.616877,-0.890558,3.141064,3.141431,3.141132
3.062000,1.396313,0.616877,-0.890558,3.141064,3.141431,3.141132
3.062000,1.396313,0.616877,-0.890558,3.141064,3.141431,3.141132
3.062000,1.396313,0.616877,-0.890558,3.141064,3.141431,3.141132
3.062000,1.396313,0.616877,-0.890558,3.141064,3.141431,3.141132
3.062000,1.396313,0.616877,-0.890558,3.141064,3.141431,3.141132
3.062000,1.396313,0.616877,-0.890558,3.141064,3.141431,3.141132
3.062000,1.396313,0.616877,-0.890558,3.141064,3.141431,3.141132
3.062000,1.396313,0.616877,-0.890558,3.141064,3.141431,3.141132
3.062000,1.396313,0.616877,-0.890558,3.141064,3.141431,3.141132
3.062000,1.396313,0.616877,-0.890558,3.141064,3.141431,3.141132
3.062000,1.396313,0.616877,-0.890558,3.141064,3.141431,3.141132
3.062000,1.396313,0.616877,-0.890558,3.141064,3.141431,3.141132
3.062000,1.396313,0.616877,-0.890558,3.141064,3.141431,3.141132
3.062000,1.396313,0.616877,-0.890558,3.141064,3.141431,3.141132
3.062000,1.396313,0.616877,-0.890558,3.141064,3.141431,3.141132
3.062000,1.396313,0.616877,-0.890558,3.141064,3.141431,3.141132
3.062000,1.396313,0.616877,-0.890558,3.141064,3.141431,3.141132
3.062000,1.396313,0.616877,-0.890558,3.141064,3.141431,3.141132
3.062000,1.396313,0.616877,-0.890558,3.141064,3.141431,3.141132
3.062000,1.396313,0.616877,-0.890558,3.141064,3.141431,3.141132
3.062000,1.396313,0.616877,-0.890558,3.141064,3.141431,3.141132
3.062000,1.396313,0.616877,-0.890558,3.141064,3.141431,3.141132
3.062000,1.396313,0.616877,-0.890558,3.141064,3.141431,3.141132
3.062000,1.396313,0.616877,-0.890558,3.141064,3.141431,3.141132
3.062000,1.396313,0.616877,-0.890558,3.141064,3.141431,3.141132
3.062000,1.396313,0.616877,-0.890558,3.141064,3.141431,3.141132
3.062000,1.396313,0.616877,-0.890558,3.141064,3.141431,3.141132
3.062000,1.396313,0.616877,-0.890558,3.141064,3.141431,3.141132
3.062000,1.396313,0.616877,-0.890558,3.141064,3.141431,3.141132
3.062000,1.396313,0.616877,-0.890558,3.141064,3.141431,3.141132
3.062000,1.396313,0.616877,-0.890558,3.141064,3.141431,3.141132
3.062000,1.396313,0.616877,-0.890558,3.141064,3.141431,3.141132
3.062000,1.396313,0.616877,-0.890558,3.141064,3.141431,3.141132
3.062000,1.396313,0.616877,-0.890558,3.141064,3.141431,3.141132
3.062000,1.396313,0.616877,-0.890558,3.141064,3.141431,3.141132
3.062000,1.396313,0.616877,-0.890558,3.141064,3.141431,3.141132
3.062000,1.396313,0.616877,-0.890558,3.141064,3.141431,3.141132
3.062000,1.396313,0.616877,-0.890558,3.141064,3.141431,3.141132
3.062000,1.396313,0.616877,-0.890558,3.141064,3.141431,3.141132
3.062000,1.396313,0.616877,-0.890558,3.141064,3.141431,3.141132
3.062000,1.396313,0.616877,-0.890558,3.141064,3.141431,3.141132
3.062000,1.396313,0.616877,-0.890558,3.141064,3.141431,3.141132
3.062000,1.396313,0.616877,-0.890558,3.141064,3.141431,3.141132
3.062000,1.396313,0.616877,-0.890558,3.141064,3.141431,3.141132
3.062000,1.396313,0.616877,-0.890558,3.141064,3.141431,3.141132
3.062000,1.396313,0.616877,-0.890558,3.141064,3.141431,3.141132
3.062000,1.396313,0.616877,-0.890558,3.141064,3.141431,3.141132
3.062000,1.396313,0.616877,-0.890558,3.141064,3.141431,3.141132
3.062000,1.396313,0.616877,-0.890558,3.141064,3.141431,3.141132
3.062000,1.396313,0.616877,-0.890558,3.141064,3.141431,3.141132
3.062000,1.396313,0.616877,-0.890558,3.141064,3.141431,3.141132
3.062000,1.396313,0.616877,-0.890558,3.141064,3.141431,3.141132
3.062000,1.396313,0.616877,-0.890558,3.141064,3.141431,3.141132
3.062000,1.396313,0.616877,-0.890558,3.141064,3.141431,3.141132
3.062000,1.396313,0.616877,-0.890558,3.141064,3.141431,3.141132
3.062000,1.396313,0.616877,-0.890558,3.141064,3.141431,3.141132
3.062000,1.396313,0.616877,-0.890558,3.141064,3.141431,3.141132
3.062000,1.396313,0.616877,-0.890558,3.141064,3.141431,3.141132
3.062000,1.396313,0.616877,-0.890558,3.141064,3.141431,3.141132
3.062000,1.396313,0.616877,-0.890558,3.141064,3.141431,3.141132
3.062000,1.396313,0.616877,-0.890558,3.141064,3.141431,3.141132
3.062000,1.396313,0.616877,-0.890558,3.141064,3.141431,3.141132
3.062000,1.396313,0.616877,-0.890558,3.141064,3.141431,3.141132
3.062000,1.396313,0.616877,-0.890558,3.141064,3.141431,3.141132
3.062000,1.396313,0.616877,-0.890558,3.141064,3.141431,3.141132
3.062000,1.396313,0.616877,-0.890558,3.141064,3.141431,3.141132
3.062000,1.396313,0.616877,-0.890558,3.141064,3.141431,3.141132
3.062000,1.396313,0.616877,-0.890558,3.141064,3.141431,3.141132
3.062000,1.396313,0.616877,-0.890558,3.141064,3.141431,3.141132
3.062000,1.396313,0.616877,-0.890558,3.141064,3.141431,3.141132
3.062000,1.396313,0.616877,-0.890558,3.141064,3.141431,3.141132
3.062000,1.396313,0.616877,-0.890558,3.141064,3.141431,3.141132
3.062000,1.396313,0.616877,-0.890558,3.141064,3.141431,3.141132
3.062000,1.396313,0.616877,-0.890558,3.141064,3.141431,3.141132
3.062000,1.396313,0.616877,-0.890558,3.141064,3.141431,3.141132
3.062000,1.396313,0.616877,-0.890558,3.141064,3.141431,3.141132
3.062000,1.396313,0.616877,-0.890558,3.141064,3.141431,3.141132
3.062000,1.396313,0.616877,-0.890558,3.141064,3.141431,3.141132
3.062000,1.396313,0.616877,-0.890558,3.141064,3.141431,3.141132
3.062000,1.396313,0.616877,-0.890558,3.141064,3.141431,3.141132
3.062000,1.396313,0.616877,-0.890558,3.141064,3.141431,3.141132
3.062000,1.396313,0.616877,-0.890558,3.141064,3.141431,3.141132
3.062000,1.396313,0.616877,-0.890558,3.141064,3.141431,3.141132
3.062000,1.396313,0.616877,-0.890558,3.141064,3.141431,3.141132
3.062000,1.396313,0.616877,-0.890558,3.141064,3.141431,3.141132
3.062000,1.396313,0.616877,-0.890558,3.141064,3.141431,3.141132
3.062000,1.396313,0.616877,-0.890558,3.141064,3.141431,3.141132
3.062000,1.396313,0.616877,-0.890558,3.141064,3.141431,3.141132
3.062000,1.396313,0.616877,-0.890558,3.141064,3.141431,3.141132
3.062000,1.396313,0.616877,-0.890558,3.141064,3.141431,3.141132
3.062000,1.396313,0.616877,-0.890558,3.141064,3.141431,3.141132
3.062000,1.396313,0.616877,-0.890558,3.141064,3.141431,3.141132
3.062000,1.396313,0.616877,-0.890558,3.141064,3.141431,3.141132
3.062000,1.396313,0.616877,-0.890558,3.141064,3.141431,3.141132
3.062000,1.396313,0.616877,-0.890558,3.141064,3.141431,3.141132
3.062000,1.396313,0.616877,-0.890558,3.141064,3.141431,3.141132
3.062000,1.396313,0.616877,-0.890558,3.141064,3.141431,3.141132
3.062000,1.396313,0.616877,-0.890558,3.141064,3.141431,3.141132
3.062000,1.396313,0.616877,-0.890558,3.141064,3.141431,3.141132
3.062000,1.396313,0.616877,-0.890558,3.141064,3.141431,3.141132
3.062000,1.396313,0.616877,-0.890558,3.141064,3.141431,3.141132
3.062000,1.396313,0.616877,-0.890558,3.141064,3.141431,3.141132
3.062000,1.396313,0.616877,-0.890558,3.141064,3.141431,3.141132
3.062000,1.396313,0.616877,-0.890558,3.141064,3.141431,3.141132
3.062000,1.396313,0.616877,-0.890558,3.141064,3.141431,3.141132
3.062000,1.396313,0.616877,-0.890558,3.141064,3.141431,3.141132
3.062000,1.396313,0.616877,-0.890558,3.141064,3.141431,3.141132
3.062000,1.396313,0.616877,-0.890558,3.141064,3.141431,3.141132
3.062000,1.396313,0.616877,-0.890558,3.141064,3.141431,3.141132
3.062000,1.396313,0.616877,-0.890558,3.141064,3.141431,3.141132
3.062000,1.396313,0.616877,-0.890558,3.141064,3.141431,3.141132
3.062000,1.396313,0.616877,-0.890558,3.141064,3.141431,3.141132
3.062000,1.396313,0.616877,-0.890558,3.141064,3.141431,3.141132
3.062000,1.396313,0.616877,-0.890558,3.141064,3.141431,3.141132
3.062000,1.396313,0.616877,-0.890558,3.141064,3.141431,3.141132
3.062000,1.396313,0.616877,-0.890558,3.141064,3.141431,3.141132
3.062000,1.396313,0.616877,-0.890558,3.141064,3.141431,3.141132
3.062000,1.396313,0.616877,-0.890558,3.141064,3.141431,3.141132
3.062000,1.396313,0.616877,-0.890558,3.141064,3.141431,3.141132
3.062000,1.396313,0.616877,-0.890558,3.141064,3.141431,3.141132
3.062000,1.396313,0.616877,-0.890558,3.141064,3.141431,3.141132
3.062000,1.396313,0.616877,-0.890558,3.141064,3.141431,3.141132
3.062000,1.396313,0.616877,-0.890558,3.141064,3.141431,3.141132
3.062000,1.396313,0.616877,-0.890558,3.141064,3.141431,3.141132
3.062000,1.396313,0.616877,-0.890558,3.141064,3.141431,3.141132
3.062000,1.396313,0.616877,-0.890558,3.141064,3.141431,3.141132
3.062000,1.396313,0.616877,-0.890558,3.141064,3.141431,3.141132
3.062000,1.396313,0.616877,-0.890558,3.141064,3.141431,3.141132
3.062000,1.396313,0.616877,-0.890558,3.141064,3.141431,3.141132
3.062000,1.396313,0.616877,-0.890558,3.141064,3.141431,3.141132
3.062000,1.396313,0.616877,-0.890558,3.141064,3.141431,3.141132
3.062000,1.396313,0.616877,-0.890558,3.141064,3.141431,3.141132
3.062000,1.396313,0.616877,-0.890558,3.141064,3.141431,3.141132
3.062000,1.396313,0.616877,-0.890558,3.141064,3.141431,3.141132
3.062000,1.396313,0.616877,-0.890558,3.141064,3.141431,3.141132
3.062000,1.396313,0.616877,-0.890558,3.141064,3.141431,3.141132
3.062000,1.396313,0.616877,-0.890558,3.141064,3.141431,3.141132
3.062000,1.396313,0.616877,-0.890558,3.141064,3.141431,3.141132
3.062000,1.396313,0.616877,-0.890558,3.141064,3.141431,3.141132
3.062000,1.396313,0.616877,-0.890558,3.141064,3.141431,3.141132
3.062000,1.396313,0.616877,-0.890558,3.141064,3.141431,3.141132
3.062000,1.396313,0.616877,-0.890558,3.141064,3.141431,3.141132
3.062000,1.396313,0.616877,-0.890558,3.141064,3.141431,3.141132
3.062000,1.396313,0.616877,-0.890558,3.141064,3.141431,3.141132
3.062000,1.396313,0.616877,-0.890558,3.141064,3.141431,3.141132
3.062000,1.396313,0.616877,-0.890558,3.141064,3.141431,3.141132
3.062000,1.396313,0.616877,-0.890558,3.141064,3.141431,3.141132
3.062000,1.396313,0.616877,-0.890558,3.141064,3.141431,3.141132
3.062000,1.396313,0.616877,-0.890558,3.141064,3.141431,3.141132
3.062000,1.396313,0.616877,-0.890558,3.141064,3.141431,3.141132
3.062000,1.396313,0.616877,-0.890558,3.141064,3.141431,3.141132
3.062000,1.396313,0.616877,-0.890558,3.141064,3.141431,3.141132
3.062000,1.396313,0.616877,-0.890558,3.141064,3.141431,3.141132
3.062000,1.396313,0.616877,-0.890558,3.141064,3.141431,3.141132
3.062000,1.396313,0.616877,-0.890558,3.141064,3.141431,3.141132
3.062000,1.396313,0.616877,-0.890558,3.141064,3.141431,3.141132
3.062000,1.396313,0.616877,-0.890558,3.141064,3.141431,3.141132
3.062000,1.396313,0.616877,-0.890558,3.141064,3.141431,3.141132
3.062000,1.396313,0.616877,-0.890558,3.141064,3.141431,3.141132
3.062000,1.396313,0.616877,-0.890558,3.141064,3.141431,3.141132
3.062000,1.396313,0.616877,-0.890558,3.141064,3.141431,3.141132
3.062000,1.396313,0.616877,-0.890558,3.141064,3.141431,3.141132
3.062000,1.396313,0.616877,-0.890558,3.141064,3.141431,3.141132
3.062000,1.396313,0.616877,-0.890558,3.141064,3.141431,3.141132
3.062000,1.396313,0.616877,-0.890558,3.141064,3.141431,3.141132
3.062000,1.396313,0.616877,-0.890558,3.141064,3.141431,3.141132
3.062000,1.396313,0.616877,-0.890558,3.141064,3.141431,3.141132
3.062000,1.396313,0.616877,-0.890558,3.141064,3.141431,3.141132
3.062000,1.396313,0.616877,-0.890558,3.141064,3.141431,3.141132
3.062000,1.396313,0.616877,-0.890558,3.141064,3.141431,3.141132
3.062000,1.396313,0.616877,-0.890558,3.141064,3.141431,3.141132
3.062000,1.396313,0.616877,-0.890558,3.141064,3.141431,3.141132
3.062000,1.396313,0.616877,-0.890558,3.141064,3.141431,3.141132
3.062000,1.396313,0.616877,-0.890558,3.141064,3.141431,3.141132
3.062000,1.396313,0.616877,-0.890558,3.141064,3.141431,3.141132
3.062000,1.396313,0.616877,-0.890558,3.141064,3.141431,3.141132
3.062000,1.396313,0.616877,-0.890558,3.141064,3.141431,3.141132
3.062000,1.396313,0.616877,-0.890558,3.141064,3.141431,3.141132
3.062000,1.396313,0.616877,-0.890558,3.141064,3.141431,3.141132
3.062000,1.396313,0.616877,-0.890558,3.141064,3.141431,3.141132
3.062000,1.396313,0.616877,-0.890558,3.141064,3.141431,3.141132
3.062000,1.396313,0.616877,-0.890558,3.141064,3.141431,3.141132
3.062000,1.396313,0.616877,-0.890558,3.141064,3.141431,3.141132
3.062000,1.396313,0.616877,-0.890558,3.141064,3.141431,3.141132
3.062000,1.396313,0.616877,-0.890558,3.141064,3.141431,3.141132
3.062000,1.396313,0.616877,-0.890558,3.141064,3.141431,3.141132
3.062000,1.396313,0.616877,-0.890558,3.141064,3.141431,3.141132
3.062000,1.396313,0.616877,-0.890558,3.141064,3.141431,3.141132
3.062000,1.396313,0.616877,-0.890558,3.141064,3.141431,3.141132
3.062000,1.396313,0.616877,-0.890558,3.141064,3.141431,3.141132
3.062000,1.396313,0.616877,-0.890558,3.141064,3.141431,3.141132
3.062000,1.396313,0.616877,-0.890558,3.141064,3.141431,3.141132
3.062000,1.396313,0.616877,-0.890558,3.141064,3.141431,3.141132
3.062000,1.396313,0.616877,-0.890558,3.141064,3.141431,3.141132
3.062000,1.396313,0.616877,-0.890558,3.141064,3.141431,3.141132
3.062000,1.396313,0.616877,-0.890558,3.141064,3.141431,3.141132
3.062000,1.396313,0.616877,-0.890558,3.141064,3.141431,3.141132
3.062000,1.396313,0.616877,-0.890558,3.141064,3.141431,3.141132
3.062000,1.396313,0.616877,-0.890558,3.141064,3.141431,3.141132
3.062000,1.396313,0.616877,-0.890558,3.141064,3.141431,3.141132
3.062000,1.396313,0.616877,-0.890558,3.141064,3.141431,3.141132
3.062000,1.396313,0.616877,-0.890558,3.141064,3.141431,3.141132
3.062000,1.396313,0.616877,-0.890558,3.141064,3.141431,3.141132
3.062000,1.396313,0.616877,-0.890558,3.141064,3.141431,3.141132
3.062000,1.396313,0.616877,-0.890558,3.141064,3.141431,3.141132
3.062000,1.396313,0.616877,-0.890558,3.141064,3.141431,3.141132
3.062000,1.396313,0.616877,-0.890558,3.141064,3.141431,3.141132
3.062000,1.396313,0.616877,-0.890558,3.141064,3.141431,3.141132
3.062000,1.396313,0.616877,-0.890558,3.141064,3.141431,3.141132
3.062000,1.396313,0.616877,-0.890558,3.141064,3.141431,3.141132
3.062000,1.396313,0.616877,-0.890558,3.141064,3.141431,3.141132
3.062000,1.396313,0.616877,-0.890558,3.141064,3.141431,3.141132
3.062000,1.396313,0.616877,-0.890558,3.141064,3.141431,3.141132
3.062000,1.396313,0.616877,-0.890558,3.141064,3.141431,3.141132
3.062000,1.396313,0.616877,-0.890558,3.141064,3.141431,3.141132
3.062000,1.396313,0.616877,-0.890558,3.141064,3.141431,3.141132
3.062000,1.396313,0.616877,-0.890558,3.141064,3.141431,3.141132
3.062000,1.396313,0.616877,-0.890558,3.141064,3.141431,3.141132
3.062000,1.396313,0.616877,-0.890558,3.141064,3.141431,3.141132
3.062000,1.396313,0.616877,-0.890558,3.141064,3.141431,3.141132
3.062000,1.396313,0.616877,-0.890558,3.141064,3.141431,3.141132
3.062000,1.396313,0.616877,-0.890558,3.141064,3.141431,3.141132
3.062000,1.396313,0.616877,-0.890558,3.141064,3.141431,3.141132
3.062000,1.396313,0.616877,-0.890558,3.141064,3.141431,3.141132
3.062000,1.396313,0.616877,-0.890558,3.141064,3.141431,3.141132
3.062000,1.396313,0.616877,-0.890558,3.141064,3.141431,3.141132
3.062000,1.396313,0.616877,-0.890558,3.141064,3.141431,3.141132
3.062000,1.396313,0.616877,-0.890558,3.141064,3.141431,3.141132
3.062000,1.396313,0.616877,-0.890558,3.141064,3.141431,3.141132
3.062000,1.396313,0.616877,-0.890558,3.141064,3.141431,3.141132
3.062000,1.396313,0.616877,-0.890558,3.141064,3.141431,3.141132
3.062000,1.396313,0.616877,-0.890558,3.141064,3.141431,3.141132
3.062000,1.396313,0.616877,-0.890558,3.141064,3.141431,3.141132
3.062000,1.396313,0.616877,-0.890558,3.141064,3.141431,3.141132
3.062000,1.396313,0.616877,-0.890558,3.141064,3.141431,3.141132
3.062000,1.396313,0.616877,-0.890558,3.141064,3.141431,3.141132
3.062000,1.396313,0.616877,-0.890558,3.141064,3.141431,3.141132
3.062000,1.396313,0.616877,-0.890558,3.141064,3.141431,3.141132
3.062000,1.396313,0.616877,-0.890558,3.141064,3.141431,3.141132
3.062000,1.396313,0.616877,-0.890558,3.141064,3.141431,3.141132
3.062000,1.396313,0.616877,-0.890558,3.141064,3.141431,3.141132
3.062000,1.396313,0.616877,-0.890558,3.141064,3.141431,3.141132
3.062000,1.396313,0.616877,-0.890558,3.141064,3.141431,3.141132
3.062000,1.396313,0.616877,-0.890558,3.141064,3.141431,3.141132
3.062000,1.396313,0.616877,-0.890558,3.141064,3.141431,3.141132
