time,roll_e,pitch_e,yaw_e
0.006000,0.000000,0.000000,0.000000
0.008000,-0.000034,-0.000102,-0.000100
0.010000,-0.000069,-0.000213,-0.000211
0.012000,-0.000101,-0.000331,-0.000331
0.014000,-0.000131,-0.000450,-0.000455
0.016000,-0.000155,-0.000569,-0.000581
0.018000,-0.000173,-0.000685,-0.000707
0.020000,-0.000185,-0.000795,-0.000831
0.022000,-0.000188,-0.000898,-0.000952
0.024000,-0.000184,-0.000993,-0.001068
0.026000,-0.000171,-0.001078,-0.001179
0.028000,-0.000149,-0.001153,-0.001283
0.030000,-0.000118,-0.001217,-0.001381
0.032000,-0.000114,-0.001266,-0.001465
0.034000,-0.000111,-0.001268,-0.001592
0.036000,-0.000115,-0.001223,-0.001765
0.038000,-0.000121,-0.001135,-0.001981
0.040000,-0.000126,-0.001007,-0.002237
0.042000,-0.000129,-0.000843,-0.002530
0.044000,-0.000128,-0.000646,-0.002857
0.046000,-0.000122,-0.000419,-0.003214
0.048000,-0.000111,-0.000165,-0.003600
0.050000,-0.000093,0.000113,-0.004011
0.052000,-0.000068,0.000414,-0.004446
0.054000,-0.000035,0.000735,-0.004903
0.056000,0.000018,0.001077,-0.005386
0.058000,0.000091,0.001438,-0.005893
0.060000,0.000182,0.001815,-0.006421
0.062000,0.000289,0.002208,-0.006971
0.064000,0.000411,0.002614,-0.007541
0.066000,0.000548,0.003033,-0.008123
0.068000,0.000697,0.003461,-0.008717
0.070000,0.000859,0.003898,-0.009321
0.072000,0.001031,0.004342,-0.009931
0.074000,0.001214,0.004793,-0.010547
0.076000,0.001405,0.005250,-0.011169
0.078000,0.001605,0.005712,-0.011793
0.080000,0.001811,0.006176,-0.012417
0.082000,0.002023,0.006642,-0.013041
0.084000,0.002239,0.007108,-0.013663
0.086000,0.002460,0.007576,-0.014283
0.088000,0.002683,0.008044,-0.014900
0.090000,0.002908,0.008509,-0.015512
0.092000,0.003133,0.008972,-0.016117
0.094000,0.003358,0.009431,-0.016715
0.096000,0.003581,0.009886,-0.017305
0.098000,0.003802,0.010335,-0.017887
0.100000,0.004020,0.010779,-0.018460
0.102000,0.004233,0.011216,-0.019024
0.104000,0.004233,0.011216,-0.019024
0.106000,0.004643,0.012065,-0.020117
0.108000,0.004837,0.012476,-0.020647
0.110000,0.005023,0.012878,-0.021168
0.112000,0.005199,0.013269,-0.021677
0.114000,0.005365,0.013649,-0.022173
0.116000,0.005519,0.014017,-0.022657
0.118000,0.005659,0.014373,-0.023128
0.120000,0.005786,0.014715,-0.023586
0.122000,0.005899,0.015044,-0.024032
0.124000,0.005997,0.015358,-0.024465
0.126000,0.006080,0.015659,-0.024887
0.128000,0.006147,0.015945,-0.025297
0.130000,0.006199,0.016216,-0.025695
0.132000,0.006232,0.016472,-0.026083
0.134000,0.006248,0.016712,-0.026460
0.136000,0.006246,0.016936,-0.026828
0.138000,0.006226,0.017145,-0.027186
0.140000,0.006187,0.017337,-0.027536
0.142000,0.006130,0.017515,-0.027876
0.144000,0.006054,0.017675,-0.028208
0.146000,0.005958,0.017820,-0.028532
0.148000,0.005842,0.017948,-0.028849
0.150000,0.005707,0.018060,-0.029158
0.152000,0.005552,0.018156,-0.029461
0.154000,0.005376,0.018235,-0.029756
0.156000,0.005181,0.018297,-0.030045
0.158000,0.004965,0.018343,-0.030326
0.160000,0.004729,0.018372,-0.030602
0.162000,0.004472,0.018383,-0.030871
0.164000,0.004196,0.018380,-0.031134
0.166000,0.003901,0.018361,-0.031391
0.168000,0.003587,0.018326,-0.031641
0.170000,0.003254,0.018277,-0.031886
0.172000,0.002904,0.018214,-0.032123
0.174000,0.002536,0.018137,-0.032355
0.176000,0.002149,0.018045,-0.032579
0.178000,0.001744,0.017939,-0.032796
0.180000,0.001322,0.017819,-0.033006
0.182000,0.000881,0.017686,-0.033208
0.184000,0.000423,0.017538,-0.033402
0.186000,-0.000052,0.017377,-0.033589
0.188000,-0.000543,0.017203,-0.033768
0.190000,-0.001051,0.017016,-0.033937
0.192000,-0.001575,0.016817,-0.034097
0.194000,-0.002115,0.016605,-0.034248
0.196000,-0.002669,0.016382,-0.034388
0.198000,-0.003238,0.016147,-0.034517
0.200000,-0.003820,0.015900,-0.034635
0.202000,-0.004416,0.015643,-0.034741
0.204000,-0.005026,0.015375,-0.034834
0.206000,-0.005647,0.015097,-0.034913
0.208000,-0.006279,0.014809,-0.034979
0.210000,-0.006924,0.014511,-0.035028
0.212000,-0.007580,0.014202,-0.035062
0.214000,-0.008245,0.013886,-0.035079
0.216000,-0.008919,0.013560,-0.035074
0.218000,-0.009661,0.013150,-0.035126
0.220000,-0.010457,0.012664,-0.035239
0.222000,-0.011233,0.012128,-0.035347
0.224000,-0.011980,0.011557,-0.035439
0.226000,-0.012691,0.010965,-0.035503
0.228000,-0.013365,0.010362,-0.035535
0.230000,-0.013996,0.009756,-0.035529
0.232000,-0.014583,0.009154,-0.035486
0.234000,-0.015148,0.008566,-0.035420
0.236000,-0.015694,0.007998,-0.035333
0.238000,-0.016224,0.007453,-0.035230
0.240000,-0.016740,0.006934,-0.035112
0.242000,-0.017242,0.006444,-0.034975
0.244000,-0.017728,0.005985,-0.034820
0.246000,-0.018201,0.005557,-0.034649
0.248000,-0.018663,0.005162,-0.034465
0.250000,-0.019112,0.004800,-0.034269
0.252000,-0.019550,0.004471,-0.034060
0.254000,-0.019978,0.004174,-0.033843
0.256000,-0.020396,0.003909,-0.033620
0.258000,-0.020804,0.003677,-0.033390
0.260000,-0.021204,0.003475,-0.033156
0.262000,-0.021595,0.003305,-0.032919
0.264000,-0.021979,0.003163,-0.032685
0.266000,-0.022356,0.003050,-0.032451
0.268000,-0.022725,0.002965,-0.032221
0.270000,-0.023088,0.002906,-0.031995
0.272000,-0.023445,0.002873,-0.031775
0.274000,-0.023794,0.002862,-0.031564
0.276000,-0.024138,0.002873,-0.031363
0.278000,-0.024475,0.002905,-0.031171
0.280000,-0.024805,0.002957,-0.030991
0.282000,-0.025130,0.003028,-0.030822
0.284000,-0.025447,0.003116,-0.030666
0.286000,-0.025758,0.003219,-0.030524
0.288000,-0.026061,0.003337,-0.030396
0.290000,-0.026358,0.003468,-0.030282
0.292000,-0.026647,0.003612,-0.030185
0.294000,-0.026928,0.003766,-0.030104
0.296000,-0.027203,0.003929,-0.030040
0.298000,-0.027470,0.004100,-0.029995
0.300000,-0.027729,0.004278,-0.029968
0.302000,-0.027979,0.004462,-0.029960
0.304000,-0.028221,0.004651,-0.029971
0.306000,-0.028455,0.004844,-0.030002
0.308000,-0.028679,0.005039,-0.030051
0.310000,-0.028895,0.005236,-0.030119
0.312000,-0.029100,0.005434,-0.030205
0.314000,-0.029295,0.005633,-0.030309
0.316000,-0.029479,0.005831,-0.030433
0.318000,-0.029653,0.006028,-0.030574
0.320000,-0.029815,0.006223,-0.030735
0.322000,-0.029966,0.006415,-0.030916
0.324000,-0.030105,0.006603,-0.031115
0.326000,-0.030233,0.006785,-0.031333
0.328000,-0.030349,0.006963,-0.031570
0.330000,-0.030453,0.007134,-0.031826
0.332000,-0.030545,0.007299,-0.032098
0.334000,-0.030625,0.007458,-0.032386
0.336000,-0.030693,0.007609,-0.032689
0.338000,-0.030747,0.007752,-0.033009
0.340000,-0.030788,0.007888,-0.033345
0.342000,-0.030817,0.008015,-0.033696
0.344000,-0.030833,0.008135,-0.034063
0.346000,-0.030836,0.008246,-0.034444
0.348000,-0.030826,0.008349,-0.034841
0.350000,-0.030802,0.008442,-0.035254
0.352000,-0.030764,0.008527,-0.035683
0.354000,-0.030714,0.008602,-0.036127
0.356000,-0.030651,0.008668,-0.036585
0.358000,-0.030575,0.008724,-0.037056
0.360000,-0.030485,0.008771,-0.037538
0.362000,-0.030381,0.008807,-0.038033
0.364000,-0.030264,0.008834,-0.038539
0.366000,-0.030133,0.008850,-0.039058
0.368000,-0.029989,0.008857,-0.039589
0.370000,-0.029833,0.008854,-0.040132
0.372000,-0.029664,0.008841,-0.040688
0.374000,-0.029483,0.008819,-0.041255
0.376000,-0.029291,0.008788,-0.041836
0.378000,-0.029087,0.008747,-0.042431
0.380000,-0.028872,0.008697,-0.043038
0.382000,-0.028645,0.008638,-0.043651
0.384000,-0.028406,0.008570,-0.044270
0.386000,-0.028155,0.008492,-0.044896
0.388000,-0.027893,0.008406,-0.045528
0.390000,-0.027619,0.008309,-0.046171
0.392000,-0.027337,0.008205,-0.046825
0.394000,-0.027046,0.008092,-0.047489
0.396000,-0.026745,0.007970,-0.048163
0.398000,-0.026436,0.007841,-0.048847
0.400000,-0.026119,0.007704,-0.049542
0.402000,-0.025793,0.007559,-0.050248
0.404000,-0.025461,0.007407,-0.050968
0.406000,-0.025127,0.007248,-0.051713
0.408000,-0.024784,0.007083,-0.052458
0.410000,-0.024432,0.006912,-0.053203
0.412000,-0.024073,0.006734,-0.053954
0.414000,-0.023707,0.006551,-0.054715
0.416000,-0.023262,0.006290,-0.055449
0.418000,-0.022762,0.005966,-0.056159
0.420000,-0.022218,0.005616,-0.056844
0.422000,-0.021637,0.005253,-0.057505
0.424000,-0.021022,0.004888,-0.058144
0.426000,-0.020377,0.004529,-0.058762
0.428000,-0.019708,0.004183,-0.059354
0.430000,-0.019015,0.003854,-0.059913
0.432000,-0.018299,0.003544,-0.060443
0.434000,-0.017559,0.003259,-0.060948
0.436000,-0.016794,0.002998,-0.061429
0.438000,-0.016007,0.002764,-0.061891
0.440000,-0.015202,0.002555,-0.062333
0.442000,-0.014378,0.002373,-0.062758
0.444000,-0.013538,0.002218,-0.063162
0.446000,-0.012686,0.002087,-0.063549
0.448000,-0.011824,0.001981,-0.063918
0.450000,-0.010953,0.001900,-0.064272
0.452000,-0.010077,0.001841,-0.064608
0.454000,-0.009198,0.001804,-0.064926
0.456000,-0.008317,0.001787,-0.065227
0.458000,-0.007437,0.001789,-0.065511
0.460000,-0.006557,0.001808,-0.065778
0.462000,-0.005680,0.001844,-0.066028
0.464000,-0.004807,0.001895,-0.066261
0.466000,-0.003938,0.001957,-0.066473
0.468000,-0.003072,0.002031,-0.066665
0.470000,-0.002212,0.002115,-0.066840
0.472000,-0.001360,0.002207,-0.066999
0.474000,-0.000516,0.002305,-0.067137
0.476000,0.000319,0.002407,-0.067256
0.478000,0.001142,0.002514,-0.067357
0.480000,0.001953,0.002624,-0.067442
0.482000,0.002751,0.002736,-0.067510
0.484000,0.003536,0.002849,-0.067555
0.486000,0.004307,0.002961,-0.067582
0.488000,0.005062,0.003073,-0.067589
0.490000,0.005801,0.003184,-0.067578
0.492000,0.006525,0.003291,-0.067545
0.494000,0.007232,0.003395,-0.067492
0.496000,0.007922,0.003495,-0.067421
0.498000,0.008593,0.003590,-0.067329
0.500000,0.009247,0.003679,-0.067216
0.502000,0.009883,0.003762,-0.067083
0.504000,0.010500,0.003839,-0.066927
0.506000,0.011098,0.003908,-0.066751
0.508000,0.011676,0.003968,-0.066550
0.510000,0.012235,0.004020,-0.066325
0.512000,0.012773,0.004063,-0.066074
0.514000,0.013292,0.004097,-0.065799
0.516000,0.013792,0.004121,-0.065500
0.518000,0.014271,0.004135,-0.065176
0.520000,0.014731,0.004139,-0.064826
0.522000,0.015171,0.004132,-0.064454
0.524000,0.015593,0.004114,-0.064058
0.526000,0.015995,0.004086,-0.063640
0.528000,0.016377,0.004047,-0.063198
0.530000,0.016738,0.003997,-0.062732
0.532000,0.017080,0.003935,-0.062245
0.534000,0.017401,0.003864,-0.061738
0.536000,0.017700,0.003780,-0.061210
0.538000,0.017978,0.003686,-0.060661
0.540000,0.018235,0.003580,-0.060093
0.542000,0.018471,0.003464,-0.059508
0.544000,0.018687,0.003338,-0.058907
0.546000,0.018882,0.003201,-0.058291
0.548000,0.019056,0.003054,-0.057660
0.550000,0.019212,0.002897,-0.057020
0.552000,0.019348,0.002731,-0.056370
0.554000,0.019466,0.002556,-0.055710
0.556000,0.019564,0.002372,-0.055038
0.558000,0.019642,0.002180,-0.054362
0.560000,0.019698,0.001980,-0.053687
0.562000,0.019733,0.001775,-0.053015
0.564000,0.019746,0.001563,-0.052347
0.566000,0.019738,0.001346,-0.051684
0.568000,0.019709,0.001123,-0.051026
0.570000,0.019659,0.000895,-0.050375
0.572000,0.019588,0.000663,-0.049733
0.574000,0.019496,0.000428,-0.049101
0.576000,0.019385,0.000189,-0.048481
0.578000,0.019253,-0.000052,-0.047872
0.580000,0.019102,-0.000295,-0.047277
0.582000,0.018927,-0.000537,-0.046710
0.584000,0.018727,-0.000777,-0.046171
0.586000,0.018502,-0.001014,-0.045661
0.588000,0.018253,-0.001247,-0.045181
0.590000,0.017980,-0.001477,-0.044726
0.592000,0.017684,-0.001703,-0.044297
0.594000,0.017364,-0.001925,-0.043892
0.596000,0.017021,-0.002141,-0.043513
0.598000,0.016657,-0.002352,-0.043157
0.600000,0.016276,-0.002559,-0.042813
0.602000,0.015686,-0.002911,-0.042557
0.604000,0.014925,-0.003378,-0.042381
0.606000,0.014027,-0.003930,-0.042270
0.608000,0.012798,-0.004592,-0.042183
0.610000,0.011212,-0.005368,-0.042117
0.612000,0.009290,-0.006245,-0.042067
0.614000,0.007036,-0.007219,-0.042033
0.616000,0.004488,-0.008269,-0.042013
0.618000,0.001704,-0.009374,-0.042010
0.620000,-0.001254,-0.010505,-0.042088
0.622000,-0.004387,-0.011657,-0.042245
0.624000,-0.007672,-0.012817,-0.042479
0.626000,-0.011000,-0.013945,-0.042770
0.628000,-0.014316,-0.015018,-0.043109
0.630000,-0.017569,-0.016017,-0.043485
0.632000,-0.020681,-0.016908,-0.043882
0.634000,-0.023655,-0.017691,-0.044297
0.636000,-0.026466,-0.018367,-0.044723
0.638000,-0.029123,-0.018947,-0.045154
0.640000,-0.031635,-0.019437,-0.045588
0.642000,-0.034001,-0.019836,-0.046022
0.644000,-0.036228,-0.020152,-0.046455
0.646000,-0.038326,-0.020390,-0.046888
0.648000,-0.040306,-0.020566,-0.047317
0.650000,-0.042177,-0.020685,-0.047744
0.652000,-0.043935,-0.020747,-0.048168
0.654000,-0.045585,-0.020755,-0.048589
0.656000,-0.047139,-0.020722,-0.049005
0.658000,-0.048601,-0.020649,-0.049416
0.660000,-0.049967,-0.020535,-0.049822
0.662000,-0.051249,-0.020389,-0.050224
0.664000,-0.052448,-0.020215,-0.050621
0.666000,-0.053568,-0.020015,-0.051015
0.668000,-0.054612,-0.019793,-0.051406
0.670000,-0.055582,-0.019550,-0.051795
0.672000,-0.056480,-0.019289,-0.052183
0.674000,-0.057303,-0.019009,-0.052571
0.676000,-0.058060,-0.018717,-0.052959
0.678000,-0.058751,-0.018412,-0.053349
0.680000,-0.059379,-0.018100,-0.053744
0.682000,-0.059943,-0.017778,-0.054147
0.684000,-0.060444,-0.017451,-0.054555
0.686000,-0.060882,-0.017118,-0.054968
0.688000,-0.061261,-0.016782,-0.055387
0.690000,-0.061587,-0.016445,-0.055811
0.692000,-0.061861,-0.016109,-0.056245
0.694000,-0.062081,-0.015775,-0.056690
0.696000,-0.062251,-0.015446,-0.057148
0.698000,-0.062371,-0.015120,-0.057616
0.700000,-0.062442,-0.014800,-0.058092
0.702000,-0.062469,-0.014486,-0.058578
0.704000,-0.062452,-0.014178,-0.059074
0.706000,-0.062389,-0.013879,-0.059582
0.708000,-0.062288,-0.013587,-0.060105
0.710000,-0.062144,-0.013306,-0.060646
0.712000,-0.061961,-0.013036,-0.061208
0.714000,-0.061741,-0.012776,-0.061787
0.716000,-0.061486,-0.012525,-0.062381
0.718000,-0.061197,-0.012284,-0.062991
0.720000,-0.060871,-0.012055,-0.063618
0.722000,-0.060511,-0.011837,-0.064265
0.724000,-0.060116,-0.011630,-0.064928
0.726000,-0.059690,-0.011434,-0.065605
0.728000,-0.059235,-0.011247,-0.066295
0.730000,-0.058751,-0.011071,-0.066996
0.732000,-0.058237,-0.010905,-0.067710
0.734000,-0.057697,-0.010751,-0.068440
0.736000,-0.057130,-0.010610,-0.069186
0.738000,-0.056540,-0.010480,-0.069945
0.740000,-0.055928,-0.010362,-0.070714
0.742000,-0.055294,-0.010255,-0.071494
0.744000,-0.054637,-0.010159,-0.072284
0.746000,-0.053958,-0.010074,-0.073085
0.748000,-0.053257,-0.010000,-0.073893
0.750000,-0.052536,-0.009936,-0.074706
0.752000,-0.051795,-0.009881,-0.075521
0.754000,-0.051037,-0.009836,-0.076334
0.756000,-0.050261,-0.009801,-0.077147
0.758000,-0.049468,-0.009774,-0.077960
0.760000,-0.048658,-0.009756,-0.078763
0.762000,-0.047832,-0.009749,-0.079552
0.764000,-0.046988,-0.009750,-0.080326
0.766000,-0.046129,-0.009760,-0.081087
0.768000,-0.045255,-0.009777,-0.081835
0.770000,-0.044367,-0.009804,-0.082565
0.772000,-0.043467,-0.009840,-0.083275
0.774000,-0.042553,-0.009883,-0.083966
0.776000,-0.041629,-0.009934,-0.084636
0.778000,-0.040694,-0.009994,-0.085285
0.780000,-0.039748,-0.010060,-0.085913
0.782000,-0.038792,-0.010132,-0.086517
0.784000,-0.037822,-0.010211,-0.087079
0.786000,-0.036836,-0.010297,-0.087596
0.788000,-0.035841,-0.010389,-0.088086
0.790000,-0.034835,-0.010489,-0.088549
0.792000,-0.033820,-0.010594,-0.088985
0.794000,-0.032797,-0.010704,-0.089398
0.796000,-0.031769,-0.010819,-0.089790
0.798000,-0.030737,-0.010938,-0.090162
0.800000,-0.029701,-0.011060,-0.090515
0.802000,-0.028659,-0.011184,-0.090838
0.804000,-0.027617,-0.011309,-0.091149
0.806000,-0.026579,-0.011435,-0.091453
0.808000,-0.025535,-0.011560,-0.091710
0.810000,-0.024487,-0.011683,-0.091925
0.812000,-0.023439,-0.011801,-0.092097
0.814000,-0.022304,-0.011981,-0.092208
0.816000,-0.021111,-0.012200,-0.092258
0.818000,-0.019936,-0.012416,-0.092274
0.820000,-0.018783,-0.012621,-0.092256
0.822000,-0.017653,-0.012811,-0.092206
0.824000,-0.016548,-0.012976,-0.092123
0.826000,-0.015468,-0.013110,-0.092004
0.828000,-0.014412,-0.013212,-0.091851
0.830000,-0.013375,-0.013288,-0.091671
0.832000,-0.012354,-0.013338,-0.091460
0.834000,-0.011351,-0.013359,-0.091220
0.836000,-0.010363,-0.013353,-0.090954
0.838000,-0.009391,-0.013323,-0.090664
0.840000,-0.008434,-0.013270,-0.090354
0.842000,-0.007493,-0.013195,-0.090025
0.844000,-0.006568,-0.013097,-0.089678
0.846000,-0.005660,-0.012979,-0.089314
0.848000,-0.004769,-0.012842,-0.088934
0.850000,-0.003895,-0.012689,-0.088540
0.852000,-0.003041,-0.012517,-0.088131
0.854000,-0.002206,-0.012330,-0.087709
0.856000,-0.001391,-0.012129,-0.087273
0.858000,-0.000595,-0.011917,-0.086825
0.860000,0.000180,-0.011696,-0.086365
0.862000,0.000934,-0.011468,-0.085895
0.864000,0.001666,-0.011232,-0.085413
0.866000,0.002375,-0.010989,-0.084921
0.868000,0.003063,-0.010743,-0.084417
0.870000,0.003730,-0.010496,-0.083896
0.872000,0.004375,-0.010248,-0.083364
0.874000,0.004997,-0.009999,-0.082820
0.876000,0.005597,-0.009752,-0.082260
0.878000,0.006176,-0.009508,-0.081689
0.880000,0.006733,-0.009267,-0.081102
0.882000,0.007268,-0.009032,-0.080504
0.884000,0.007779,-0.008801,-0.079893
0.886000,0.008268,-0.008576,-0.079269
0.888000,0.008734,-0.008359,-0.078633
0.890000,0.009179,-0.008150,-0.077981
0.892000,0.009601,-0.007949,-0.077315
0.894000,0.009998,-0.007757,-0.076635
0.896000,0.010372,-0.007574,-0.075943
0.898000,0.010723,-0.007401,-0.075237
0.900000,0.011051,-0.007237,-0.074517
0.902000,0.011357,-0.007084,-0.073783
0.904000,0.011639,-0.006941,-0.073036
0.906000,0.011898,-0.006811,-0.072273
0.908000,0.012134,-0.006692,-0.071494
0.910000,0.012349,-0.006586,-0.070695
0.912000,0.012541,-0.006493,-0.069879
0.914000,0.012711,-0.006413,-0.069048
0.916000,0.012858,-0.006345,-0.068200
0.918000,0.012981,-0.006290,-0.067336
0.920000,0.013081,-0.006248,-0.066456
0.922000,0.013161,-0.006220,-0.065562
0.924000,0.013222,-0.006203,-0.064654
0.926000,0.013261,-0.006199,-0.063733
0.928000,0.013279,-0.006208,-0.062797
0.930000,0.013279,-0.006229,-0.061846
0.932000,0.013260,-0.006262,-0.060885
0.934000,0.013221,-0.006306,-0.059913
0.936000,0.013163,-0.006360,-0.058933
0.938000,0.013088,-0.006425,-0.057946
0.940000,0.012996,-0.006501,-0.056952
0.942000,0.012887,-0.006586,-0.055952
0.944000,0.012761,-0.006681,-0.054948
0.946000,0.012621,-0.006787,-0.053938
0.948000,0.012465,-0.006901,-0.052925
0.950000,0.012296,-0.007025,-0.051906
0.952000,0.012112,-0.007159,-0.050884
0.954000,0.011914,-0.007300,-0.049862
0.956000,0.011703,-0.007448,-0.048844
0.958000,0.011477,-0.007602,-0.047832
0.960000,0.011236,-0.007761,-0.046827
0.962000,0.010982,-0.007924,-0.045831
0.964000,0.010714,-0.008091,-0.044849
0.966000,0.010432,-0.008261,-0.043882
0.968000,0.010138,-0.008435,-0.042930
0.970000,0.009831,-0.008611,-0.041993
0.972000,0.009513,-0.008788,-0.041072
0.974000,0.009513,-0.008788,-0.041072
0.976000,0.008844,-0.009146,-0.039280
0.978000,0.008493,-0.009324,-0.038410
0.980000,0.008132,-0.009503,-0.037556
0.982000,0.008132,-0.009503,-0.037556
0.984000,0.007380,-0.009856,-0.035908
0.986000,0.006987,-0.010026,-0.035122
0.988000,0.006580,-0.010192,-0.034372
0.990000,0.006162,-0.010353,-0.033651
0.992000,0.005732,-0.010511,-0.032955
0.994000,0.005292,-0.010663,-0.032286
0.996000,0.004842,-0.010810,-0.031641
0.998000,0.004381,-0.010952,-0.031021
1.000000,0.003910,-0.011087,-0.030425
1.002000,0.003430,-0.011216,-0.029853
1.004000,0.002941,-0.011339,-0.029304
1.006000,0.002438,-0.011450,-0.028799
1.008000,0.001922,-0.011549,-0.028335
1.008000,0.001922,-0.011549,-0.028335
1.012000,0.001393,-0.011636,-0.027913
1.014000,0.000168,-0.011894,-0.027181
1.016000,-0.000631,-0.012164,-0.026920
1.018000,-0.001493,-0.012484,-0.026729
1.020000,-0.002360,-0.012771,-0.026546
1.022000,-0.003261,-0.013038,-0.026371
1.024000,-0.004164,-0.013271,-0.026204
1.026000,-0.005069,-0.013470,-0.026046
1.028000,-0.005955,-0.013631,-0.025898
1.030000,-0.006790,-0.013737,-0.025811
1.032000,-0.007579,-0.013794,-0.025783
1.034000,-0.008329,-0.013805,-0.025799
1.036000,-0.009044,-0.013772,-0.025854
1.038000,-0.009726,-0.013691,-0.025944
1.040000,-0.010381,-0.013571,-0.026060
1.042000,-0.011014,-0.013415,-0.026195
1.044000,-0.011626,-0.013226,-0.026346
1.046000,-0.012220,-0.013007,-0.026511
1.048000,-0.012795,-0.012755,-0.026686
1.050000,-0.013352,-0.012473,-0.026869
1.052000,-0.013894,-0.012168,-0.027061
1.054000,-0.014423,-0.011842,-0.027259
1.056000,-0.014937,-0.011499,-0.027461
1.058000,-0.015437,-0.011139,-0.027665
1.060000,-0.015923,-0.010764,-0.027869
1.062000,-0.016393,-0.010377,-0.028072
1.064000,-0.016849,-0.009979,-0.028275
1.066000,-0.017288,-0.009571,-0.028477
1.068000,-0.017711,-0.009157,-0.028678
1.070000,-0.018120,-0.008738,-0.028878
1.072000,-0.018514,-0.008318,-0.029076
1.074000,-0.018892,-0.007896,-0.029273
1.076000,-0.019254,-0.007474,-0.029472
1.078000,-0.019599,-0.007055,-0.029670
1.080000,-0.019928,-0.006638,-0.029867
1.082000,-0.020240,-0.006227,-0.030065
1.084000,-0.020535,-0.005821,-0.030264
1.086000,-0.020809,-0.005422,-0.030464
1.088000,-0.021064,-0.005030,-0.030666
1.090000,-0.021297,-0.004647,-0.030870
1.092000,-0.021512,-0.004273,-0.031076
1.094000,-0.021707,-0.003910,-0.031284
1.096000,-0.021879,-0.003558,-0.031497
1.098000,-0.022030,-0.003219,-0.031716
1.100000,-0.022161,-0.002892,-0.031940
1.102000,-0.022271,-0.002578,-0.032170
1.104000,-0.022360,-0.002279,-0.032410
1.106000,-0.022429,-0.001993,-0.032657
1.108000,-0.022475,-0.001724,-0.032912
1.110000,-0.022498,-0.001469,-0.033179
1.112000,-0.022499,-0.001230,-0.033458
1.114000,-0.022476,-0.001009,-0.033751
1.116000,-0.022431,-0.000803,-0.034058
1.118000,-0.022431,-0.000803,-0.034058
1.120000,-0.022275,-0.000439,-0.034716
1.122000,-0.022163,-0.000283,-0.035071
1.124000,-0.022029,-0.000143,-0.035440
1.126000,-0.021874,-0.000018,-0.035822
1.128000,-0.021698,0.000091,-0.036215
1.130000,-0.021498,0.000185,-0.036622
1.132000,-0.021279,0.000263,-0.037042
1.134000,-0.021040,0.000327,-0.037477
1.136000,-0.020778,0.000375,-0.037926
1.138000,-0.020499,0.000407,-0.038394
1.140000,-0.020200,0.000426,-0.038874
1.142000,-0.019883,0.000430,-0.039365
1.144000,-0.019547,0.000420,-0.039868
1.146000,-0.019194,0.000397,-0.040383
1.148000,-0.018824,0.000361,-0.040905
1.150000,-0.018439,0.000312,-0.041435
1.152000,-0.018038,0.000251,-0.041975
1.154000,-0.017622,0.000179,-0.042522
1.156000,-0.017191,0.000095,-0.043073
1.158000,-0.016745,0.000001,-0.043630
1.160000,-0.016286,-0.000104,-0.044185
1.162000,-0.015813,-0.000219,-0.044738
1.164000,-0.015328,-0.000343,-0.045288
1.166000,-0.014830,-0.000476,-0.045833
1.168000,-0.014320,-0.000617,-0.046373
1.170000,-0.013799,-0.000767,-0.046907
1.172000,-0.013267,-0.000923,-0.047433
1.174000,-0.012724,-0.001086,-0.047951
1.176000,-0.012171,-0.001256,-0.048460
1.178000,-0.011609,-0.001432,-0.048958
1.180000,-0.011038,-0.001614,-0.049445
1.182000,-0.010456,-0.001800,-0.049904
1.184000,-0.009861,-0.001990,-0.050332
1.186000,-0.009256,-0.002182,-0.050731
1.188000,-0.008640,-0.002378,-0.051101
1.190000,-0.008014,-0.002575,-0.051443
1.192000,-0.007377,-0.002774,-0.051760
1.194000,-0.006731,-0.002974,-0.052049
1.196000,-0.006077,-0.003175,-0.052315
1.198000,-0.005416,-0.003377,-0.052557
1.200000,-0.004748,-0.003579,-0.052778
1.202000,-0.004072,-0.003781,-0.052977
1.204000,-0.003390,-0.003982,-0.053153
1.206000,-0.002702,-0.004181,-0.053308
1.208000,-0.002010,-0.004378,-0.053454
1.210000,-0.001314,-0.004574,-0.053589
1.212000,-0.000614,-0.004767,-0.053714
1.214000,0.000091,-0.004959,-0.053832
1.216000,0.000899,-0.005232,-0.053871
1.218000,0.001788,-0.005577,-0.053823
1.220000,0.002738,-0.005976,-0.053702
1.222000,0.003660,-0.006365,-0.053541
1.224000,0.004553,-0.006737,-0.053344
1.226000,0.005418,-0.007092,-0.053114
1.228000,0.006255,-0.007427,-0.052854
1.230000,0.007046,-0.007723,-0.052531
1.232000,0.007795,-0.007980,-0.052150
1.234000,0.008513,-0.008202,-0.051722
1.236000,0.009205,-0.008391,-0.051253
1.238000,0.009873,-0.008546,-0.050751
1.240000,0.010518,-0.008666,-0.050218
1.242000,0.011144,-0.008754,-0.049660
1.244000,0.011753,-0.008814,-0.049082
1.246000,0.012347,-0.008846,-0.048487
1.248000,0.012923,-0.008848,-0.047878
1.250000,0.013485,-0.008823,-0.047255
1.252000,0.014031,-0.008771,-0.046620
1.254000,0.014564,-0.008698,-0.045976
1.256000,0.015084,-0.008606,-0.045324
1.258000,0.015589,-0.008493,-0.044664
1.260000,0.016079,-0.008360,-0.043999
1.262000,0.016555,-0.008212,-0.043330
1.264000,0.017017,-0.008050,-0.042658
1.266000,0.017464,-0.007876,-0.041982
1.268000,0.017896,-0.007692,-0.041302
1.270000,0.018313,-0.007498,-0.040618
1.272000,0.018716,-0.007298,-0.039931
1.274000,0.019102,-0.007090,-0.039239
1.276000,0.019472,-0.006878,-0.038544
1.278000,0.019828,-0.006663,-0.037845
1.280000,0.020167,-0.006446,-0.037140
1.282000,0.020489,-0.006226,-0.036430
1.284000,0.020794,-0.006005,-0.035715
1.286000,0.021080,-0.005785,-0.034994
1.288000,0.021350,-0.005565,-0.034268
1.290000,0.021603,-0.005349,-0.033538
1.292000,0.021839,-0.005136,-0.032803
1.294000,0.022056,-0.004926,-0.032061
1.296000,0.022254,-0.004721,-0.031313
1.298000,0.022437,-0.004524,-0.030558
1.300000,0.022604,-0.004333,-0.029797
1.302000,0.022754,-0.004150,-0.029029
1.304000,0.022887,-0.003975,-0.028253
1.306000,0.023002,-0.003808,-0.027469
1.308000,0.023098,-0.003650,-0.026676
1.310000,0.023176,-0.003502,-0.025873
1.312000,0.023236,-0.003364,-0.025059
1.314000,0.023278,-0.003237,-0.024234
1.316000,0.023303,-0.003121,-0.023397
1.318000,0.023308,-0.003016,-0.022549
1.320000,0.023295,-0.002923,-0.021690
1.322000,0.023265,-0.002841,-0.020821
1.324000,0.023218,-0.002770,-0.019942
1.326000,0.023153,-0.002711,-0.019054
1.328000,0.023071,-0.002663,-0.018155
1.330000,0.022972,-0.002627,-0.017244
1.332000,0.022853,-0.002603,-0.016323
1.334000,0.022719,-0.002590,-0.015394
1.336000,0.022570,-0.002589,-0.014455
1.338000,0.022404,-0.002600,-0.013508
1.340000,0.022223,-0.002622,-0.012554
1.342000,0.022026,-0.002655,-0.011590
1.344000,0.021811,-0.002700,-0.010617
1.346000,0.021581,-0.002756,-0.009636
1.348000,0.021336,-0.002822,-0.008647
1.350000,0.021076,-0.002898,-0.007655
1.352000,0.020803,-0.002984,-0.006658
1.354000,0.020514,-0.003079,-0.005658
1.356000,0.020212,-0.003183,-0.004653
1.358000,0.019896,-0.003296,-0.003647
1.360000,0.019569,-0.003419,-0.002642
1.362000,0.019230,-0.003549,-0.001636
1.364000,0.018879,-0.003689,-0.000629
1.366000,0.018515,-0.003836,0.000379
1.368000,0.018140,-0.003991,0.001386
1.370000,0.017754,-0.004153,0.002389
1.372000,0.017356,-0.004320,0.003387
1.374000,0.016946,-0.004492,0.004377
1.376000,0.016526,-0.004670,0.005361
1.378000,0.016096,-0.004852,0.006340
1.380000,0.015655,-0.005038,0.007311
1.382000,0.015203,-0.005226,0.008267
1.384000,0.014739,-0.005417,0.009208
1.386000,0.014266,-0.005610,0.010131
1.388000,0.013782,-0.005805,0.011039
1.390000,0.013287,-0.006001,0.011929
1.392000,0.012781,-0.006196,0.012801
1.394000,0.012265,-0.006392,0.013654
1.396000,0.011739,-0.006587,0.014491
1.398000,0.011200,-0.006778,0.015299
1.400000,0.010650,-0.006966,0.016080
1.402000,0.010091,-0.007152,0.016845
1.404000,0.009524,-0.007336,0.017597
1.406000,0.008949,-0.007516,0.018334
1.408000,0.008365,-0.007692,0.019041
1.410000,0.007771,-0.007864,0.019721
1.412000,0.007166,-0.008029,0.020370
1.414000,0.006551,-0.008190,0.020996
1.416000,0.005930,-0.008348,0.021619
1.418000,0.005306,-0.008504,0.022241
1.420000,0.005306,-0.008504,0.022241
1.422000,0.004007,-0.008843,0.023298
1.424000,0.003327,-0.009076,0.023685
1.426000,0.002639,-0.009307,0.024018
1.428000,0.001946,-0.009525,0.024304
1.430000,0.001252,-0.009724,0.024548
1.432000,0.000551,-0.009900,0.024754
1.434000,-0.000135,-0.010046,0.024900
1.436000,-0.000135,-0.010046,0.024900
1.438000,-0.001470,-0.010236,0.025034
1.440000,-0.002125,-0.010272,0.025033
1.442000,-0.002772,-0.010272,0.025000
1.444000,-0.003413,-0.010236,0.024939
1.446000,-0.004050,-0.010161,0.024852
1.448000,-0.004680,-0.010051,0.024745
1.450000,-0.005305,-0.009908,0.024621
1.452000,-0.005923,-0.009734,0.024483
1.454000,-0.006535,-0.009526,0.024332
1.456000,-0.007139,-0.009289,0.024168
1.458000,-0.007735,-0.009025,0.023994
1.460000,-0.008322,-0.008736,0.023813
1.462000,-0.008900,-0.008424,0.023623
1.464000,-0.009468,-0.008092,0.023423
1.466000,-0.010026,-0.007740,0.023215
1.468000,-0.010572,-0.007370,0.023001
1.470000,-0.011106,-0.006985,0.022779
1.472000,-0.011626,-0.006587,0.022549
1.474000,-0.012133,-0.006177,0.022311
1.476000,-0.012625,-0.005756,0.022065
1.478000,-0.013102,-0.005328,0.021811
1.480000,-0.013564,-0.004894,0.021549
1.482000,-0.014010,-0.004455,0.021278
1.484000,-0.014440,-0.004013,0.020995
1.486000,-0.014852,-0.003569,0.020702
1.488000,-0.015248,-0.003125,0.020400
1.490000,-0.015628,-0.002683,0.020089
1.492000,-0.015992,-0.002244,0.019768
1.494000,-0.016339,-0.001810,0.019436
1.496000,-0.016670,-0.001381,0.019094
1.498000,-0.016985,-0.000958,0.018741
1.500000,-0.017283,-0.000543,0.018377
1.502000,-0.017564,-0.000137,0.018000
1.504000,-0.017826,0.000261,0.017611
1.506000,-0.018070,0.000649,0.017209
1.508000,-0.018296,0.001027,0.016792
1.510000,-0.018504,0.001394,0.016362
1.512000,-0.018692,0.001748,0.015915
1.514000,-0.018862,0.002090,0.015452
1.516000,-0.019013,0.002419,0.014973
1.518000,-0.019146,0.002736,0.014480
1.520000,-0.019261,0.003039,0.013972
1.522000,-0.019354,0.003328,0.013447
1.524000,-0.019429,0.003603,0.012905
1.526000,-0.019484,0.003864,0.012348
1.528000,-0.019521,0.004112,0.011776
1.530000,-0.019540,0.004345,0.011190
1.532000,-0.019541,0.004563,0.010590
1.534000,-0.019524,0.004767,0.009978
1.536000,-0.019488,0.004957,0.009353
1.538000,-0.019434,0.005132,0.008715
1.540000,-0.019361,0.005292,0.008064
1.542000,-0.019270,0.005438,0.007402
1.544000,-0.019162,0.005571,0.006728
1.546000,-0.019038,0.005689,0.006044
1.548000,-0.018896,0.005794,0.005349
1.550000,-0.018739,0.005885,0.004644
1.552000,-0.018566,0.005963,0.003932
1.554000,-0.018378,0.006028,0.003213
1.556000,-0.018174,0.006081,0.002487
1.558000,-0.017955,0.006121,0.001757
1.560000,-0.017721,0.006149,0.001021
1.562000,-0.017471,0.006166,0.000280
1.564000,-0.017206,0.006171,-0.000463
1.566000,-0.016928,0.006165,-0.001206
1.568000,-0.016636,0.006148,-0.001950
1.570000,-0.016331,0.006121,-0.002693
1.572000,-0.016011,0.006084,-0.003435
1.574000,-0.015678,0.006037,-0.004174
1.576000,-0.015332,0.005981,-0.004909
1.578000,-0.014974,0.005916,-0.005638
1.580000,-0.014603,0.005842,-0.006362
1.582000,-0.014219,0.005761,-0.007082
1.584000,-0.013820,0.005672,-0.007780
1.586000,-0.013407,0.005574,-0.008456
1.588000,-0.012981,0.005469,-0.009110
1.590000,-0.012540,0.005356,-0.009741
1.592000,-0.012086,0.005237,-0.010350
1.594000,-0.011618,0.005112,-0.010937
1.596000,-0.011137,0.004981,-0.011504
1.598000,-0.010644,0.004845,-0.012049
1.600000,-0.010138,0.004704,-0.012573
1.602000,-0.009620,0.004559,-0.013076
1.604000,-0.009091,0.004410,-0.013560
1.606000,-0.008550,0.004258,-0.014024
1.608000,-0.008001,0.004104,-0.014470
1.610000,-0.007442,0.003947,-0.014895
1.612000,-0.006871,0.003788,-0.015301
1.614000,-0.006289,0.003627,-0.015687
1.616000,-0.005696,0.003464,-0.016056
1.618000,-0.005093,0.003299,-0.016409
1.620000,-0.004372,0.003038,-0.016651
1.622000,-0.003563,0.002703,-0.016795
1.624000,-0.002755,0.002364,-0.016894
1.626000,-0.001950,0.002025,-0.016954
1.628000,-0.001148,0.001688,-0.016980
1.630000,-0.000351,0.001360,-0.016975
1.632000,0.000440,0.001042,-0.016939
1.634000,0.001199,0.000755,-0.016834
1.636000,0.001928,0.000500,-0.016663
1.638000,0.002631,0.000278,-0.016438
1.640000,0.003312,0.000088,-0.016167
1.642000,0.003972,-0.000066,-0.015854
1.644000,0.004615,-0.000186,-0.015507
1.646000,0.005242,-0.000275,-0.015133
1.648000,0.005242,-0.000275,-0.015133
1.650000,0.006454,-0.000371,-0.014329
1.652000,0.007039,-0.000379,-0.013902
1.654000,0.007611,-0.000362,-0.013462
1.656000,0.008170,-0.000320,-0.013010
1.658000,0.008715,-0.000257,-0.012552
1.660000,0.009249,-0.000175,-0.012090
1.662000,0.009770,-0.000073,-0.011624
1.664000,0.010278,0.000047,-0.011155
1.666000,0.010773,0.000180,-0.010681
1.668000,0.011256,0.000325,-0.010202
1.670000,0.011725,0.000481,-0.009721
1.672000,0.012178,0.000646,-0.009237
1.674000,0.012617,0.000819,-0.008749
1.676000,0.013041,0.000998,-0.008259
1.678000,0.013450,0.001181,-0.007765
1.680000,0.013843,0.001368,-0.007267
1.682000,0.014219,0.001558,-0.006766
1.684000,0.014578,0.001749,-0.006261
1.686000,0.014921,0.001940,-0.005753
1.688000,0.015247,0.002130,-0.005242
1.690000,0.015556,0.002318,-0.004726
1.692000,0.015848,0.002503,-0.004207
1.694000,0.016122,0.002684,-0.003682
1.696000,0.016376,0.002860,-0.003153
1.698000,0.016614,0.003030,-0.002620
1.700000,0.016835,0.003193,-0.002082
1.702000,0.016835,0.003193,-0.002082
1.704000,0.017226,0.003494,-0.000989
1.706000,0.017394,0.003631,-0.000431
1.708000,0.017540,0.003758,0.000138
1.710000,0.017669,0.003875,0.000717
1.712000,0.017780,0.003981,0.001305
1.714000,0.017872,0.004076,0.001900
1.716000,0.017943,0.004159,0.002505
1.718000,0.017993,0.004230,0.003121
1.720000,0.017993,0.004230,0.003121
1.722000,0.018024,0.004288,0.003747
1.724000,0.018028,0.004367,0.005035
1.726000,0.017998,0.004385,0.005703
1.728000,0.017945,0.004388,0.006388
1.730000,0.017874,0.004379,0.007079
1.732000,0.017785,0.004358,0.007779
1.734000,0.017678,0.004324,0.008488
1.736000,0.017551,0.004276,0.009207
1.738000,0.017406,0.004216,0.009937
1.740000,0.017242,0.004142,0.010677
1.742000,0.017061,0.004057,0.011426
1.744000,0.016864,0.003959,0.012184
1.746000,0.016648,0.003849,0.012951
1.748000,0.016415,0.003727,0.013726
1.750000,0.016166,0.003594,0.014508
1.752000,0.015903,0.003450,0.015296
1.754000,0.015625,0.003295,0.016090
1.756000,0.015332,0.003130,0.016888
1.758000,0.015025,0.002955,0.017689
1.760000,0.014704,0.002770,0.018492
1.762000,0.014369,0.002576,0.019295
1.764000,0.014021,0.002374,0.020096
1.766000,0.013658,0.002164,0.020897
1.768000,0.013282,0.001946,0.021695
1.770000,0.012893,0.001721,0.022489
1.772000,0.012491,0.001490,0.023278
1.774000,0.012077,0.001254,0.024063
1.776000,0.011650,0.001012,0.024841
1.778000,0.011213,0.000765,0.025612
1.780000,0.010765,0.000513,0.026374
1.782000,0.010305,0.000258,0.027121
1.784000,0.009834,0.000001,0.027851
1.786000,0.009351,-0.000259,0.028564
1.788000,0.008856,-0.000520,0.029260
1.790000,0.008349,-0.000782,0.029938
1.792000,0.007832,-0.001045,0.030598
1.794000,0.007303,-0.001307,0.031238
1.796000,0.006764,-0.001568,0.031858
1.798000,0.006215,-0.001829,0.032466
1.800000,0.005657,-0.002089,0.033064
1.802000,0.005089,-0.002346,0.033637
1.804000,0.004511,-0.002600,0.034186
1.806000,0.003925,-0.002852,0.034721
1.808000,0.003332,-0.003101,0.035242
1.810000,0.002727,-0.003342,0.035720
1.812000,0.002110,-0.003576,0.036161
1.814000,0.002110,-0.003576,0.036161
1.816000,0.000848,-0.004028,0.036966
1.818000,0.000204,-0.004246,0.037342
1.820000,-0.000445,-0.004460,0.037708
1.822000,-0.001099,-0.004668,0.038065
1.824000,-0.001803,-0.004938,0.038306
1.826000,-0.002534,-0.005251,0.038448
1.828000,-0.003278,-0.005588,0.038503
1.830000,-0.004016,-0.005911,0.038511
1.832000,-0.004752,-0.006214,0.038480
1.834000,-0.005485,-0.006493,0.038413
1.836000,-0.006214,-0.006739,0.038313
1.838000,-0.006923,-0.006948,0.038155
1.840000,-0.007613,-0.007119,0.037946
1.842000,-0.008287,-0.007249,0.037693
1.844000,-0.008949,-0.007335,0.037401
1.846000,-0.009599,-0.007376,0.037077
1.848000,-0.010240,-0.007379,0.036728
1.850000,-0.010872,-0.007343,0.036357
1.852000,-0.011493,-0.007271,0.035966
1.854000,-0.012105,-0.007163,0.035559
1.856000,-0.012708,-0.007019,0.035139
1.858000,-0.013300,-0.006839,0.034706
1.860000,-0.013882,-0.006625,0.034263
1.862000,-0.014452,-0.006383,0.033811
1.864000,-0.015011,-0.006115,0.033350
1.866000,-0.015556,-0.005820,0.032881
1.868000,-0.016088,-0.005500,0.032405
1.870000,-0.016606,-0.005158,0.031920
1.872000,-0.017110,-0.004799,0.031428
1.874000,-0.017598,-0.004424,0.030929
1.876000,-0.018070,-0.004035,0.030423
1.878000,-0.018524,-0.003633,0.029910
1.880000,-0.018962,-0.003221,0.029388
1.882000,-0.019382,-0.002801,0.028858
1.884000,-0.019787,-0.002376,0.028319
1.886000,-0.020174,-0.001948,0.027773
1.888000,-0.020543,-0.001517,0.027219
1.890000,-0.020894,-0.001085,0.026656
1.892000,-0.021226,-0.000654,0.026083
1.894000,-0.021541,-0.000225,0.025500
1.896000,-0.021837,0.000201,0.024907
1.898000,-0.022114,0.000623,0.024303
1.900000,-0.022372,0.001039,0.023688
1.902000,-0.022612,0.001448,0.023062
1.904000,-0.022833,0.001849,0.022423
1.906000,-0.023037,0.002241,0.021773
1.908000,-0.023223,0.002623,0.021111
1.910000,-0.023390,0.002995,0.020436
1.912000,-0.023538,0.003356,0.019748
1.914000,-0.023667,0.003706,0.019046
1.916000,-0.023779,0.004044,0.018330
1.918000,-0.023872,0.004371,0.017602
1.920000,-0.023944,0.004684,0.016858
1.922000,-0.023997,0.004984,0.016101
1.924000,-0.024032,0.005271,0.015331
1.926000,-0.024048,0.005544,0.014547
1.928000,-0.024046,0.005804,0.013750
1.930000,-0.024027,0.006049,0.012941
1.932000,-0.023989,0.006282,0.012118
1.934000,-0.023934,0.006500,0.011282
1.936000,-0.023859,0.006703,0.010431
1.938000,-0.023768,0.006893,0.009567
1.940000,-0.023660,0.007068,0.008691
1.942000,-0.023536,0.007230,0.007803
1.944000,-0.023394,0.007377,0.006905
1.946000,-0.023236,0.007511,0.005995
1.948000,-0.023062,0.007631,0.005076
1.950000,-0.022872,0.007739,0.004147
1.952000,-0.022666,0.007833,0.003209
1.954000,-0.022443,0.007914,0.002262
1.956000,-0.022206,0.007982,0.001308
1.958000,-0.021955,0.008038,0.000351
1.960000,-0.021690,0.008081,-0.000609
1.962000,-0.021690,0.008081,-0.000609
1.964000,-0.021116,0.008132,-0.002536
1.966000,-0.020809,0.008140,-0.003504
1.968000,-0.020486,0.008137,-0.004476
1.970000,-0.020150,0.008123,-0.005445
1.972000,-0.019800,0.008099,-0.006410
1.974000,-0.019439,0.008065,-0.007371
1.976000,-0.019066,0.008020,-0.008325
1.978000,-0.018681,0.007966,-0.009273
1.980000,-0.018285,0.007903,-0.010214
1.982000,-0.017877,0.007831,-0.011140
1.984000,-0.017456,0.007751,-0.012051
1.986000,-0.017022,0.007662,-0.012946
1.988000,-0.016576,0.007567,-0.013825
1.990000,-0.016117,0.007464,-0.014687
1.992000,-0.015646,0.007354,-0.015532
1.994000,-0.015164,0.007238,-0.016359
1.996000,-0.014671,0.007115,-0.017170
1.998000,-0.014167,0.006986,-0.017962
2.000000,-0.013653,0.006852,-0.018737
2.002000,-0.013653,0.006852,-0.018737
2.004000,-0.012596,0.006568,-0.020232
2.006000,-0.012055,0.006421,-0.020961
2.008000,-0.011501,0.006270,-0.021651
2.010000,-0.010933,0.006116,-0.022305
2.012000,-0.010352,0.005959,-0.022929
2.014000,-0.010352,0.005959,-0.022929
2.016000,-0.009151,0.005636,-0.024086
2.018000,-0.008534,0.005471,-0.024633
2.020000,-0.007911,0.005304,-0.025173
2.022000,-0.007280,0.005135,-0.025693
2.024000,-0.006555,0.004889,-0.026115
2.026000,-0.005770,0.004581,-0.026454
2.028000,-0.004969,0.004261,-0.026743
2.030000,-0.004159,0.003938,-0.026986
2.032000,-0.003340,0.003614,-0.027190
2.034000,-0.003340,0.003614,-0.027190
2.036000,-0.002516,0.003295,-0.027356
2.038000,-0.000885,0.002709,-0.027551
2.040000,-0.000102,0.002463,-0.027547
2.042000,0.000662,0.002254,-0.027483
2.044000,0.001411,0.002074,-0.027371
2.046000,0.002146,0.001928,-0.027216
2.048000,0.002869,0.001816,-0.027019
2.050000,0.003581,0.001732,-0.026795
2.052000,0.004283,0.001678,-0.026546
2.054000,0.004974,0.001650,-0.026280
2.056000,0.005654,0.001646,-0.025998
2.058000,0.006322,0.001666,-0.025706
2.060000,0.006977,0.001709,-0.025405
2.062000,0.007618,0.001772,-0.025098
2.064000,0.008244,0.001855,-0.024783
2.066000,0.008855,0.001959,-0.024463
2.068000,0.009450,0.002081,-0.024137
2.070000,0.010029,0.002218,-0.023804
2.072000,0.010592,0.002368,-0.023464
2.074000,0.011139,0.002529,-0.023117
2.076000,0.011667,0.002699,-0.022765
2.078000,0.012178,0.002878,-0.022407
2.080000,0.012671,0.003062,-0.022043
2.082000,0.013149,0.003250,-0.021675
2.084000,0.013608,0.003440,-0.021301
2.086000,0.014049,0.003633,-0.020921
2.088000,0.014049,0.003633,-0.020921
2.090000,0.014879,0.004016,-0.020142
2.092000,0.015265,0.004206,-0.019743
2.094000,0.015630,0.004392,-0.019333
2.096000,0.015977,0.004574,-0.018914
2.098000,0.016303,0.004752,-0.018488
2.100000,0.016610,0.004923,-0.018052
2.102000,0.016899,0.005086,-0.017609
2.104000,0.017166,0.005242,-0.017157
2.106000,0.017415,0.005390,-0.016695
2.108000,0.017645,0.005528,-0.016222
2.110000,0.017853,0.005656,-0.015737
2.112000,0.018040,0.005773,-0.015239
2.114000,0.018207,0.005880,-0.014728
2.116000,0.018354,0.005975,-0.014204
2.118000,0.018482,0.006059,-0.013668
2.120000,0.018587,0.006130,-0.013117
2.122000,0.018669,0.006187,-0.012552
2.124000,0.018732,0.006232,-0.011972
2.126000,0.018774,0.006263,-0.011380
2.128000,0.018796,0.006282,-0.010774
2.130000,0.018797,0.006287,-0.010154
2.132000,0.018777,0.006279,-0.009520
2.134000,0.018737,0.006257,-0.008872
2.136000,0.018679,0.006222,-0.008211
2.138000,0.018602,0.006174,-0.007537
2.140000,0.018508,0.006112,-0.006851
2.142000,0.018396,0.006037,-0.006152
2.144000,0.018266,0.005949,-0.005442
2.146000,0.018118,0.005849,-0.004722
2.148000,0.017952,0.005736,-0.003990
2.150000,0.017767,0.005609,-0.003244
2.152000,0.017567,0.005470,-0.002490
2.154000,0.017349,0.005320,-0.001729
2.156000,0.017116,0.005159,-0.000962
2.158000,0.016866,0.004988,-0.000190
2.160000,0.016600,0.004806,0.000587
2.162000,0.016317,0.004615,0.001364
2.164000,0.016020,0.004415,0.002141
2.166000,0.015709,0.004206,0.002917
2.168000,0.015383,0.003988,0.003692
2.170000,0.015043,0.003762,0.004463
2.172000,0.014690,0.003530,0.005231
2.174000,0.014324,0.003290,0.005993
2.176000,0.013944,0.003044,0.006750
2.178000,0.013552,0.002793,0.007500
2.180000,0.013148,0.002536,0.008241
2.182000,0.012730,0.002276,0.008966
2.184000,0.012298,0.002014,0.009670
2.186000,0.011853,0.001751,0.010355
2.188000,0.011395,0.001485,0.011021
2.190000,0.010925,0.001218,0.011668
2.192000,0.010441,0.000951,0.012295
2.194000,0.009946,0.000684,0.012903
2.196000,0.009438,0.000417,0.013491
2.198000,0.008918,0.000151,0.014059
2.200000,0.008387,-0.000112,0.014606
2.202000,0.007844,-0.000373,0.015132
2.204000,0.007291,-0.000631,0.015636
2.206000,0.006727,-0.000886,0.016119
2.208000,0.006153,-0.001136,0.016580
2.210000,0.005565,-0.001380,0.017000
2.212000,0.004965,-0.001617,0.017385
2.214000,0.004351,-0.001847,0.017732
2.216000,0.003725,-0.002070,0.018050
2.218000,0.003088,-0.002288,0.018348
2.220000,0.002444,-0.002501,0.018631
2.222000,0.001793,-0.002709,0.018903
2.224000,0.001042,-0.003027,0.019059
2.226000,0.000490,-0.003019,0.019246
2.228000,-0.000074,-0.003015,0.019385
2.230000,-0.000651,-0.003022,0.019477
2.232000,-0.001238,-0.003033,0.019527
2.234000,-0.001833,-0.003040,0.019539
2.236000,-0.002414,-0.003033,0.019484
2.238000,-0.002981,-0.003007,0.019369
2.240000,-0.003537,-0.002958,0.019203
2.242000,-0.004085,-0.002885,0.018995
2.244000,-0.004624,-0.002787,0.018753
2.246000,-0.005156,-0.002663,0.018481
2.248000,-0.005682,-0.002510,0.018183
2.250000,-0.006201,-0.002331,0.017864
2.252000,-0.006714,-0.002127,0.017527
2.254000,-0.007219,-0.001899,0.017174
2.256000,-0.007718,-0.001649,0.016809
2.258000,-0.008209,-0.001377,0.016437
2.260000,-0.008691,-0.001084,0.016055
2.262000,-0.009165,-0.000772,0.015667
2.264000,-0.009630,-0.000443,0.015274
2.266000,-0.010086,-0.000098,0.014875
2.268000,-0.010532,0.000260,0.014472
2.270000,-0.010966,0.000631,0.014064
2.272000,-0.011390,0.001012,0.013650
2.274000,-0.011801,0.001401,0.013231
2.276000,-0.012201,0.001795,0.012808
2.278000,-0.012589,0.002194,0.012381
2.280000,-0.012965,0.002595,0.011950
2.282000,-0.013327,0.002998,0.011515
2.284000,-0.013675,0.003401,0.011075
2.286000,-0.014007,0.003805,0.010632
2.288000,-0.014326,0.004206,0.010183
2.290000,-0.014629,0.004603,0.009729
2.292000,-0.014917,0.004995,0.009270
2.294000,-0.015189,0.005381,0.008805
2.296000,-0.015446,0.005760,0.008333
2.298000,-0.015686,0.006131,0.007852
2.300000,-0.015910,0.006493,0.007363
2.302000,-0.016117,0.006845,0.006867
2.304000,-0.016307,0.007187,0.006364
2.306000,-0.016480,0.007518,0.005852
2.308000,-0.016636,0.007837,0.005330
2.310000,-0.016773,0.008143,0.004798
2.312000,-0.016892,0.008435,0.004254
2.314000,-0.016994,0.008714,0.003699
2.316000,-0.017077,0.008980,0.003132
2.318000,-0.017142,0.009231,0.002553
2.320000,-0.017185,0.009466,0.001961
2.322000,-0.017209,0.009686,0.001356
2.324000,-0.017213,0.009890,0.000739
2.326000,-0.017198,0.010077,0.000109
2.328000,-0.017166,0.010249,-0.000532
2.330000,-0.017117,0.010406,-0.001185
2.332000,-0.017050,0.010547,-0.001850
2.334000,-0.016964,0.010672,-0.002528
2.336000,-0.016860,0.010781,-0.003220
2.338000,-0.016739,0.010875,-0.003924
2.340000,-0.016601,0.010955,-0.004639
2.342000,-0.016448,0.011019,-0.005366
2.344000,-0.016277,0.011069,-0.006105
2.346000,-0.016089,0.011104,-0.006855
2.348000,-0.015885,0.011125,-0.007613
2.350000,-0.015666,0.011132,-0.008379
2.352000,-0.015432,0.011127,-0.009153
2.354000,-0.015183,0.011109,-0.009933
2.356000,-0.014918,0.011078,-0.010720
2.358000,-0.014640,0.011035,-0.011514
2.360000,-0.014348,0.010979,-0.012314
2.360000,-0.014348,0.010979,-0.012314
2.362000,-0.013723,0.010832,-0.013928
2.366000,-0.013389,0.010741,-0.014741
2.368000,-0.013040,0.010639,-0.015561
2.370000,-0.012679,0.010528,-0.016379
2.372000,-0.012305,0.010406,-0.017196
2.374000,-0.011920,0.010275,-0.018014
2.376000,-0.011524,0.010134,-0.018831
2.378000,-0.011116,0.009985,-0.019649
2.380000,-0.010698,0.009827,-0.020463
2.382000,-0.010268,0.009661,-0.021268
2.384000,-0.009828,0.009487,-0.022062
2.386000,-0.009376,0.009306,-0.022844
2.388000,-0.008912,0.009118,-0.023613
2.390000,-0.008437,0.008923,-0.024368
2.392000,-0.007951,0.008723,-0.025110
2.394000,-0.007456,0.008517,-0.025836
2.396000,-0.006950,0.008305,-0.026547
2.398000,-0.006435,0.008088,-0.027242
2.400000,-0.005911,0.007868,-0.027920
2.402000,-0.005376,0.007644,-0.028583
2.404000,-0.004833,0.007417,-0.029229
2.406000,-0.004281,0.007188,-0.029858
2.408000,-0.003716,0.006955,-0.030449
2.410000,-0.003139,0.006719,-0.031004
2.412000,-0.002548,0.006480,-0.031521
2.414000,-0.001945,0.006239,-0.032014
2.416000,-0.001332,0.005994,-0.032486
2.418000,-0.000709,0.005749,-0.032937
2.420000,-0.000077,0.005503,-0.033369
2.422000,0.000562,0.005256,-0.033789
2.424000,0.001205,0.005011,-0.034200
2.426000,0.001919,0.004699,-0.034523
2.428000,0.002667,0.004350,-0.034739
2.430000,0.003430,0.003981,-0.034863
2.432000,0.004186,0.003615,-0.034936
2.434000,0.004937,0.003255,-0.034964
2.436000,0.005683,0.002904,-0.034953
2.438000,0.006424,0.002565,-0.034907
2.440000,0.007137,0.002259,-0.034793
2.442000,0.007824,0.001989,-0.034616
2.444000,0.008490,0.001755,-0.034380
2.446000,0.009138,0.001554,-0.034100
2.448000,0.009771,0.001385,-0.033783
2.450000,0.010390,0.001247,-0.033436
2.452000,0.010999,0.001142,-0.033062
2.454000,0.011598,0.001067,-0.032665
2.456000,0.012187,0.001023,-0.032248
2.458000,0.012768,0.001007,-0.031812
2.460000,0.013338,0.001014,-0.031362
2.462000,0.013898,0.001045,-0.030900
2.464000,0.014447,0.001098,-0.030428
2.466000,0.014984,0.001174,-0.029942
2.468000,0.015509,0.001268,-0.029447
2.470000,0.016021,0.001378,-0.028943
2.472000,0.016520,0.001504,-0.028431
2.474000,0.017003,0.001645,-0.027910
2.476000,0.017473,0.001795,-0.027381
2.478000,0.017929,0.001954,-0.026845
2.480000,0.018371,0.002119,-0.026300
2.482000,0.018798,0.002290,-0.025748
2.484000,0.019208,0.002466,-0.025188
2.486000,0.019601,0.002646,-0.024620
2.488000,0.019978,0.002828,-0.024044
2.490000,0.020339,0.003009,-0.023461
2.492000,0.020684,0.003189,-0.022870
2.494000,0.021012,0.003368,-0.022271
2.496000,0.021320,0.003544,-0.021663
2.498000,0.021610,0.003716,-0.021046
2.500000,0.021881,0.003885,-0.020420
2.502000,0.022134,0.004047,-0.019785
2.504000,0.022370,0.004204,-0.019140
2.506000,0.022587,0.004353,-0.018485
2.508000,0.022784,0.004495,-0.017820
2.510000,0.022961,0.004628,-0.017143
2.512000,0.023119,0.004752,-0.016453
2.514000,0.023259,0.004865,-0.015752
2.516000,0.023380,0.004969,-0.015039
2.518000,0.023483,0.005062,-0.014315
2.520000,0.023567,0.005144,-0.013578
2.522000,0.023628,0.005214,-0.012828
2.524000,0.023671,0.005272,-0.012065
2.526000,0.023695,0.005319,-0.011290
2.528000,0.023700,0.005354,-0.010504
2.530000,0.023686,0.005377,-0.009705
2.532000,0.023650,0.005386,-0.008893
2.534000,0.023597,0.005383,-0.008068
2.536000,0.023527,0.005367,-0.007233
2.538000,0.023439,0.005339,-0.006385
2.540000,0.023335,0.005299,-0.005527
2.542000,0.023213,0.005247,-0.004658
2.544000,0.023075,0.005182,-0.003780
2.546000,0.022921,0.005106,-0.002892
2.548000,0.022751,0.005019,-0.001996
2.550000,0.022565,0.004919,-0.001092
2.552000,0.022362,0.004809,-0.000178
2.554000,0.022143,0.004687,0.000744
2.556000,0.021909,0.004554,0.001671
2.558000,0.021662,0.004410,0.002602
2.560000,0.021400,0.004256,0.003537
2.562000,0.021125,0.004093,0.004475
2.564000,0.020834,0.003919,0.005414
2.566000,0.020530,0.003737,0.006354
2.568000,0.020211,0.003547,0.007294
2.570000,0.019879,0.003349,0.008231
2.572000,0.019534,0.003144,0.009164
2.574000,0.019177,0.002932,0.010091
2.576000,0.018807,0.002714,0.011012
2.578000,0.018425,0.002491,0.011929
2.580000,0.018031,0.002262,0.012842
2.582000,0.017626,0.002029,0.013742
2.584000,0.017209,0.001791,0.014627
2.586000,0.016780,0.001551,0.015499
2.588000,0.016340,0.001308,0.016357
2.590000,0.015888,0.001062,0.017201
2.592000,0.015424,0.000815,0.018029
2.594000,0.014948,0.000568,0.018837
2.596000,0.014460,0.000321,0.019624
2.598000,0.013961,0.000074,0.020396
2.600000,0.013452,-0.000173,0.021154
2.602000,0.012934,-0.000420,0.021897
2.604000,0.012405,-0.000664,0.022613
2.606000,0.011864,-0.000905,0.023302
2.608000,0.011313,-0.001142,0.023960
2.610000,0.010749,-0.001375,0.024587
2.612000,0.010173,-0.001603,0.025183
2.614000,0.009583,-0.001826,0.025751
2.616000,0.008980,-0.002043,0.026287
2.618000,0.008364,-0.002253,0.026799
2.620000,0.007739,-0.002459,0.027292
2.622000,0.007105,-0.002658,0.027765
2.624000,0.006463,-0.002851,0.028225
2.626000,0.005749,-0.003143,0.028587
2.628000,0.004981,-0.003518,0.028859
2.630000,0.004981,-0.003518,0.028859
2.632000,0.003414,-0.004256,0.029247
2.634000,0.002623,-0.004596,0.029378
2.636000,0.001831,-0.004903,0.029472
2.638000,0.001038,-0.005183,0.029532
2.640000,0.000270,-0.005426,0.029526
2.642000,-0.000475,-0.005628,0.029458
2.644000,-0.001201,-0.005783,0.029335
2.646000,-0.001910,-0.005892,0.029162
2.648000,-0.002606,-0.005960,0.028957
2.650000,-0.003292,-0.005990,0.028724
2.652000,-0.003967,-0.005982,0.028470
2.654000,-0.004631,-0.005937,0.028197
2.656000,-0.005285,-0.005854,0.027909
2.658000,-0.005930,-0.005733,0.027607
2.660000,-0.006564,-0.005576,0.027297
2.662000,-0.007187,-0.005390,0.026979
2.664000,-0.007799,-0.005176,0.026654
2.666000,-0.008400,-0.004939,0.026324
2.668000,-0.008990,-0.004676,0.025988
2.670000,-0.009568,-0.004392,0.025648
2.672000,-0.010132,-0.004091,0.025302
2.674000,-0.010683,-0.003772,0.024951
2.676000,-0.011219,-0.003440,0.024596
2.678000,-0.011219,-0.003440,0.024596
2.680000,-0.012245,-0.002740,0.023868
2.682000,-0.012734,-0.002374,0.023489
2.684000,-0.013205,-0.002001,0.023104
2.686000,-0.013660,-0.001622,0.022713
2.688000,-0.014097,-0.001239,0.022316
2.690000,-0.014516,-0.000854,0.021918
2.692000,-0.014917,-0.000468,0.021517
2.694000,-0.015300,-0.000083,0.021113
2.696000,-0.015663,0.000301,0.020705
2.698000,-0.016006,0.000682,0.020291
2.700000,-0.016328,0.001059,0.019871
2.702000,-0.016632,0.001430,0.019445
2.704000,-0.016917,0.001795,0.019010
2.706000,-0.017183,0.002153,0.018566
2.708000,-0.017427,0.002502,0.018113
2.710000,-0.017650,0.002842,0.017649
2.712000,-0.017851,0.003172,0.017171
2.714000,-0.018032,0.003491,0.016682
2.716000,-0.018193,0.003799,0.016181
2.718000,-0.018333,0.004094,0.015665
2.720000,-0.018452,0.004376,0.015135
2.722000,-0.018552,0.004646,0.014591
2.724000,-0.018632,0.004902,0.014033
2.726000,-0.018691,0.005144,0.013460
2.728000,-0.018728,0.005372,0.012872
2.730000,-0.018744,0.005585,0.012270
2.732000,-0.018740,0.005784,0.011654
2.734000,-0.018718,0.005970,0.011023
2.736000,-0.018678,0.006141,0.010378
2.738000,-0.018616,0.006298,0.009719
2.740000,-0.018535,0.006440,0.009045
2.742000,-0.018435,0.006568,0.008356
2.744000,-0.018314,0.006680,0.007654
2.746000,-0.018174,0.006779,0.006940
2.748000,-0.018016,0.006863,0.006213
2.750000,-0.017839,0.006934,0.005475
2.752000,-0.017643,0.006992,0.004727
2.754000,-0.017429,0.007036,0.003969
2.756000,-0.017200,0.007068,0.003203
2.758000,-0.016956,0.007087,0.002430
2.760000,-0.016697,0.007094,0.001652
2.762000,-0.016421,0.007089,0.000869
2.764000,-0.016129,0.007072,0.000082
2.766000,-0.015821,0.007043,-0.000708
2.768000,-0.015500,0.007004,-0.001503
2.770000,-0.015164,0.006954,-0.002300
2.772000,-0.014815,0.006893,-0.003100
2.774000,-0.014451,0.006822,-0.003901
2.776000,-0.014073,0.006741,-0.004702
2.778000,-0.013682,0.006650,-0.005500
2.780000,-0.013278,0.006550,-0.006290
2.782000,-0.012860,0.006441,-0.007071
2.784000,-0.012429,0.006324,-0.007839
2.786000,-0.011984,0.006198,-0.008590
2.788000,-0.011525,0.006066,-0.009321
2.790000,-0.011054,0.005926,-0.010037
2.792000,-0.010571,0.005780,-0.010738
2.794000,-0.010571,0.005780,-0.010738
2.796000,-0.009571,0.005471,-0.012097
2.798000,-0.009055,0.005308,-0.012753
2.800000,-0.008525,0.005140,-0.013388
2.802000,-0.007985,0.004967,-0.013999
2.804000,-0.007433,0.004791,-0.014588
2.806000,-0.006870,0.004611,-0.015154
2.808000,-0.006295,0.004428,-0.015682
2.810000,-0.005706,0.004241,-0.016172
2.812000,-0.005103,0.004051,-0.016625
2.814000,-0.004486,0.003857,-0.017048
2.816000,-0.003858,0.003660,-0.017451
2.818000,-0.003219,0.003461,-0.017837
2.820000,-0.002571,0.003259,-0.018210
2.822000,-0.001915,0.003057,-0.018570
2.824000,-0.001253,0.002855,-0.018921
2.826000,-0.000507,0.002574,-0.019169
2.828000,0.000063,0.002517,-0.019398
2.830000,0.000443,0.002695,-0.019627
2.832000,0.000823,0.002869,-0.019819
2.834000,0.001218,0.003020,-0.019974
2.836000,0.001629,0.003154,-0.020093
2.838000,0.002052,0.003280,-0.020177
2.840000,0.002469,0.003411,-0.020202
2.842000,0.002885,0.003550,-0.020172
2.844000,0.003300,0.003697,-0.020093
2.846000,0.003716,0.003856,-0.019971
2.848000,0.004136,0.004029,-0.019811
2.850000,0.004560,0.004212,-0.019622
2.852000,0.004987,0.004405,-0.019405
2.854000,0.005416,0.004609,-0.019166
2.856000,0.005849,0.004825,-0.018906
2.858000,0.006283,0.005053,-0.018627
2.860000,0.006717,0.005292,-0.018334
2.862000,0.007153,0.005538,-0.018028
2.864000,0.007588,0.005791,-0.017711
2.866000,0.008021,0.006050,-0.017384
2.868000,0.008450,0.006316,-0.017047
2.870000,0.008875,0.006585,-0.016700
2.872000,0.009294,0.006857,-0.016344
2.874000,0.009706,0.007133,-0.015979
2.876000,0.010111,0.007407,-0.015605
2.878000,0.010507,0.007679,-0.015224
2.880000,0.010896,0.007949,-0.014835
2.882000,0.011275,0.008215,-0.014438
2.884000,0.011644,0.008476,-0.014035
2.886000,0.012003,0.008732,-0.013625
2.888000,0.012349,0.008981,-0.013209
2.890000,0.012682,0.009223,-0.012785
2.892000,0.013003,0.009457,-0.012355
2.894000,0.013311,0.009681,-0.011917
2.896000,0.013604,0.009896,-0.011472
2.898000,0.013881,0.010100,-0.011019
2.900000,0.014143,0.010293,-0.010557
2.902000,0.014389,0.010474,-0.010088
2.904000,0.014618,0.010643,-0.009609
2.906000,0.014831,0.010800,-0.009121
2.908000,0.015025,0.010943,-0.008624
2.910000,0.015204,0.011073,-0.008116
2.912000,0.015364,0.011189,-0.007595
2.914000,0.015506,0.011289,-0.007062
2.916000,0.015630,0.011375,-0.006515
2.918000,0.015736,0.011444,-0.005956
2.920000,0.015822,0.011498,-0.005383
2.922000,0.015887,0.011536,-0.004797
2.924000,0.015934,0.011558,-0.004198
2.926000,0.015963,0.011565,-0.003587
2.928000,0.015974,0.011557,-0.002964
2.930000,0.015966,0.011533,-0.002329
2.932000,0.015939,0.011494,-0.001681
2.934000,0.015894,0.011439,-0.001020
2.936000,0.015832,0.011369,-0.000348
2.938000,0.015753,0.011285,0.000335
2.940000,0.015655,0.011185,0.001030
2.942000,0.015539,0.011071,0.001736
2.944000,0.015407,0.010943,0.002452
2.946000,0.015258,0.010802,0.003176
2.948000,0.015094,0.010648,0.003908
2.950000,0.014913,0.010480,0.004649
2.952000,0.014715,0.010300,0.005399
2.954000,0.014715,0.010300,0.005399
2.956000,0.014274,0.009905,0.006917
2.958000,0.014031,0.009690,0.007685
2.960000,0.013773,0.009462,0.008460
2.962000,0.013502,0.009224,0.009238
2.964000,0.013216,0.008975,0.010021
2.966000,0.012917,0.008716,0.010809
2.968000,0.012604,0.008447,0.011600
2.970000,0.012278,0.008170,0.012388
2.972000,0.011938,0.007886,0.013174
2.974000,0.011587,0.007595,0.013958
2.976000,0.011223,0.007297,0.014740
2.978000,0.010848,0.006993,0.015518
2.980000,0.010461,0.006684,0.016291
2.982000,0.010063,0.006370,0.017059
2.984000,0.009655,0.006051,0.017822
2.986000,0.009236,0.005730,0.018569
2.988000,0.008805,0.005406,0.019299
2.990000,0.008363,0.005082,0.020013
2.992000,0.007910,0.004757,0.020707
2.994000,0.007444,0.004433,0.021379
2.996000,0.006967,0.004109,0.022029
2.998000,0.006478,0.003788,0.022655
3.000000,0.005977,0.003469,0.023257
3.002000,0.005464,0.003154,0.023835
3.004000,0.004943,0.002840,0.024398
3.006000,0.004415,0.002529,0.024947
3.008000,0.003878,0.002220,0.025481
3.010000,0.003332,0.001917,0.025984
3.012000,0.002773,0.001620,0.026454
3.014000,0.002203,0.001330,0.026891
3.016000,0.001621,0.001046,0.027303
3.018000,0.001028,0.000768,0.027691
3.020000,0.000425,0.000497,0.028055
3.022000,-0.000186,0.000233,0.028400
3.024000,-0.000805,-0.000023,0.028727
3.026000,-0.001513,-0.000376,0.028933
3.028000,-0.002284,-0.000803,0.029038
3.030000,-0.003056,-0.001231,0.029083
3.032000,-0.003826,-0.001645,0.029079
3.034000,-0.004592,-0.002039,0.029033
3.036000,-0.005351,-0.002404,0.028949
3.038000,-0.006101,-0.002737,0.028831
3.040000,-0.006819,-0.003026,0.028648
3.042000,-0.007510,-0.003275,0.028406
3.044000,-0.008176,-0.003481,0.028115
3.046000,-0.008820,-0.003639,0.027783
3.048000,-0.009445,-0.003750,0.027413
3.048000,-0.009445,-0.003750,0.027413
3.052000,-0.010649,-0.003840,0.026594
3.054000,-0.011230,-0.003823,0.026152
3.056000,-0.011798,-0.003760,0.025693
3.058000,-0.012354,-0.003659,0.025222
3.060000,-0.012900,-0.003527,0.024745
3.062000,-0.013435,-0.003366,0.024263
3.064000,-0.013958,-0.003175,0.023778
3.066000,-0.014469,-0.002960,0.023290
3.068000,-0.014967,-0.002721,0.022798
3.070000,-0.015451,-0.002461,0.022304
3.072000,-0.015922,-0.002181,0.021808
3.074000,-0.016377,-0.001883,0.021309
3.076000,-0.016819,-0.001567,0.020808
3.078000,-0.017245,-0.001239,0.020304
3.078000,-0.017245,-0.001239,0.020304
3.080000,-0.018052,-0.000551,0.019285
3.084000,-0.018430,-0.000193,0.018771
3.086000,-0.018790,0.000174,0.018250
3.088000,-0.019134,0.000545,0.017724
3.090000,-0.019461,0.000918,0.017195
3.092000,-0.019773,0.001293,0.016662
3.094000,-0.020066,0.001668,0.016124
3.096000,-0.020342,0.002042,0.015580
3.096000,-0.020342,0.002042,0.015580
3.098000,-0.020840,0.002780,0.014477
3.102000,-0.021060,0.003143,0.013915
3.104000,-0.021262,0.003499,0.013347
3.106000,-0.021447,0.003848,0.012772
3.108000,-0.021614,0.004189,0.012184
3.110000,-0.021762,0.004521,0.011587
3.112000,-0.021892,0.004843,0.010979
3.114000,-0.022002,0.005155,0.010359
3.116000,-0.022093,0.005456,0.009728
3.118000,-0.022164,0.005746,0.009085
3.120000,-0.022216,0.006025,0.008431
3.122000,-0.022249,0.006291,0.007761
3.124000,-0.022262,0.006543,0.007075
3.126000,-0.022257,0.006781,0.006377
3.128000,-0.022234,0.007006,0.005665
3.130000,-0.022193,0.007217,0.004941
3.132000,-0.022132,0.007413,0.004205
3.134000,-0.022054,0.007596,0.003459
3.136000,-0.021959,0.007764,0.002701
3.138000,-0.021846,0.007919,0.001932
3.140000,-0.021716,0.008061,0.001152
3.142000,-0.021567,0.008187,0.000361
3.144000,-0.021402,0.008300,-0.000441
3.146000,-0.021220,0.008398,-0.001254
3.148000,-0.021022,0.008484,-0.002077
3.150000,-0.020809,0.008556,-0.002909
3.152000,-0.020579,0.008615,-0.003750
3.154000,-0.020333,0.008661,-0.004600
3.156000,-0.020069,0.008694,-0.005463
3.158000,-0.019792,0.008713,-0.006333
3.160000,-0.019499,0.008720,-0.007208
3.162000,-0.019192,0.008715,-0.008086
3.164000,-0.018870,0.008698,-0.008969
3.166000,-0.018533,0.008670,-0.009855
3.168000,-0.018182,0.008630,-0.010743
3.170000,-0.017818,0.008580,-0.011631
3.172000,-0.017440,0.008519,-0.012519
3.174000,-0.017049,0.008449,-0.013407
3.176000,-0.016646,0.008369,-0.014297
3.178000,-0.016230,0.008278,-0.015185
3.180000,-0.015803,0.008179,-0.016070
3.182000,-0.015365,0.008070,-0.016948
3.184000,-0.014914,0.007953,-0.017817
3.186000,-0.014451,0.007827,-0.018678
3.188000,-0.013976,0.007694,-0.019524
3.190000,-0.013489,0.007553,-0.020358
3.192000,-0.012992,0.007406,-0.021180
3.194000,-0.012484,0.007251,-0.021989
3.196000,-0.011965,0.007090,-0.022784
3.198000,-0.011436,0.006923,-0.023565
3.200000,-0.010896,0.006752,-0.024333
3.202000,-0.010345,0.006575,-0.025080
3.204000,-0.009784,0.006394,-0.025807
3.206000,-0.009213,0.006209,-0.026514
3.208000,-0.008633,0.006021,-0.027199
3.210000,-0.008040,0.005829,-0.027850
3.212000,-0.007435,0.005633,-0.028467
3.214000,-0.006819,0.005434,-0.029058
3.216000,-0.006192,0.005231,-0.029629
3.218000,-0.005556,0.005026,-0.030183
3.220000,-0.004911,0.004819,-0.030720
3.222000,-0.004260,0.004610,-0.031246
3.224000,-0.003604,0.004401,-0.031761
3.226000,-0.002944,0.004191,-0.032269
3.228000,-0.002281,0.003982,-0.032770
3.230000,-0.001552,0.003723,-0.033172
3.232000,-0.000775,0.003434,-0.033489
3.234000,0.000035,0.003128,-0.033735
3.236000,0.000822,0.002840,-0.033938
3.238000,0.001583,0.002571,-0.034100
3.240000,0.002323,0.002324,-0.034227
3.242000,0.003045,0.002101,-0.034319
3.244000,0.003734,0.001915,-0.034356
3.246000,0.004400,0.001765,-0.034343
3.248000,0.005046,0.001650,-0.034284
3.250000,0.005677,0.001567,-0.034191
3.252000,0.006295,0.001514,-0.034070
3.254000,0.006904,0.001493,-0.033924
3.256000,0.007503,0.001499,-0.033756
3.258000,0.008094,0.001532,-0.033564
3.260000,0.008677,0.001591,-0.033353
3.262000,0.009253,0.001676,-0.033120
3.264000,0.009825,0.001783,-0.032870
3.266000,0.010390,0.001908,-0.032602
3.268000,0.010949,0.002050,-0.032318
3.270000,0.011501,0.002208,-0.032020
3.272000,0.012045,0.002382,-0.031708
3.274000,0.012580,0.002570,-0.031383
3.276000,0.013105,0.002769,-0.031047
3.278000,0.013620,0.002976,-0.030699
3.280000,0.014123,0.003191,-0.030339
3.282000,0.014613,0.003411,-0.029969
3.284000,0.015089,0.003637,-0.029590
3.286000,0.015552,0.003867,-0.029200
3.288000,0.015999,0.004098,-0.028801
3.290000,0.016432,0.004331,-0.028392
3.292000,0.016850,0.004562,-0.027973
3.294000,0.017251,0.004792,-0.027546
3.296000,0.017636,0.005018,-0.027109
3.298000,0.018006,0.005240,-0.026663
3.300000,0.018357,0.005457,-0.026207
3.302000,0.018690,0.005667,-0.025739
3.304000,0.019005,0.005871,-0.025261
3.306000,0.019302,0.006067,-0.024772
3.308000,0.019581,0.006255,-0.024271
3.310000,0.019843,0.006432,-0.023753
3.312000,0.020085,0.006598,-0.023217
3.314000,0.020308,0.006752,-0.022663
3.316000,0.020512,0.006894,-0.022097
3.318000,0.020697,0.007025,-0.021520
3.320000,0.020863,0.007145,-0.020931
3.322000,0.021009,0.007252,-0.020330
3.324000,0.021135,0.007347,-0.019716
3.326000,0.021241,0.007429,-0.019090
3.328000,0.021326,0.007498,-0.018450
3.330000,0.021391,0.007553,-0.017798
3.332000,0.021438,0.007594,-0.017132
3.334000,0.021463,0.007621,-0.016450
3.336000,0.021468,0.007634,-0.015753
3.338000,0.021453,0.007631,-0.015040
3.340000,0.021417,0.007614,-0.014312
3.342000,0.021417,0.007614,-0.014312
3.344000,0.021290,0.007540,-0.012820
3.346000,0.021199,0.007482,-0.012057
3.348000,0.021087,0.007410,-0.011276
3.350000,0.020957,0.007324,-0.010484
3.352000,0.020809,0.007225,-0.009679
3.354000,0.020643,0.007113,-0.008865
3.356000,0.020459,0.006988,-0.008041
3.358000,0.020258,0.006851,-0.007209
3.360000,0.020042,0.006702,-0.006373
3.362000,0.019811,0.006542,-0.005533
3.364000,0.019563,0.006371,-0.004690
3.366000,0.019300,0.006189,-0.003840
3.368000,0.019022,0.005998,-0.002989
3.370000,0.018730,0.005797,-0.002138
3.372000,0.018424,0.005587,-0.001288
3.374000,0.018104,0.005370,-0.000439
3.376000,0.017770,0.005144,0.000410
3.378000,0.017421,0.004911,0.001259
3.380000,0.017060,0.004671,0.002102
3.382000,0.016686,0.004426,0.002934
3.384000,0.016298,0.004176,0.003754
3.386000,0.015897,0.003921,0.004563
3.388000,0.015482,0.003664,0.005357
3.390000,0.015054,0.003403,0.006134
3.392000,0.014613,0.003140,0.006895
3.394000,0.014160,0.002876,0.007642
3.396000,0.013694,0.002610,0.008374
3.398000,0.013216,0.002343,0.009085
3.400000,0.012725,0.002078,0.009774
3.402000,0.012223,0.001813,0.010444
3.404000,0.011712,0.001549,0.011097
3.406000,0.011190,0.001286,0.011729
3.408000,0.010654,0.001027,0.012324
3.410000,0.010104,0.000774,0.012881
3.412000,0.009542,0.000524,0.013411
3.414000,0.008965,0.000280,0.013906
3.416000,0.008374,0.000042,0.014371
3.418000,0.007770,-0.000191,0.014805
3.420000,0.007152,-0.000417,0.015211
3.422000,0.006527,-0.000638,0.015608
3.424000,0.005896,-0.000857,0.016002
3.426000,0.005261,-0.001071,0.016388
3.428000,0.004537,-0.001400,0.016655
3.430000,0.003747,-0.001816,0.016819
3.432000,0.002952,-0.002232,0.016928
3.434000,0.002155,-0.002634,0.016989
3.436000,0.001359,-0.003016,0.017009
3.438000,0.000565,-0.003369,0.016994
3.440000,-0.000225,-0.003690,0.016946
3.442000,-0.000986,-0.003972,0.016831
3.444000,-0.001720,-0.004212,0.016654
3.446000,-0.002431,-0.004409,0.016426
3.448000,-0.003122,-0.004559,0.016152
3.450000,-0.003795,-0.004661,0.015842
3.452000,-0.004453,-0.004718,0.015501
3.454000,-0.005098,-0.004735,0.015137
3.456000,-0.005731,-0.004709,0.014756
3.458000,-0.006352,-0.004643,0.014358
3.460000,-0.006962,-0.004539,0.013950
3.462000,-0.007561,-0.004400,0.013533
3.464000,-0.008148,-0.004231,0.013112
3.466000,-0.008724,-0.004035,0.012685
3.468000,-0.009287,-0.003814,0.012254
3.470000,-0.009839,-0.003571,0.011819
3.472000,-0.010378,-0.003306,0.011382
3.474000,-0.010903,-0.003022,0.010943
3.476000,-0.011414,-0.002720,0.010501
3.478000,-0.011910,-0.002403,0.010057
3.480000,-0.012392,-0.002074,0.009607
3.482000,-0.012859,-0.001736,0.009152
3.484000,-0.013310,-0.001387,0.008692
3.486000,-0.013745,-0.001030,0.008231
3.488000,-0.014162,-0.000667,0.007767
3.490000,-0.014563,-0.000298,0.007300
3.492000,-0.014945,0.000073,0.006831
3.494000,-0.015311,0.000446,0.006358
3.496000,-0.015658,0.000819,0.005882
3.498000,-0.015986,0.001190,0.005400
3.500000,-0.016297,0.001558,0.004914
3.502000,-0.016589,0.001922,0.004422
3.504000,-0.016864,0.002279,0.003925
3.506000,-0.017120,0.002630,0.003423
3.508000,-0.017355,0.002973,0.002915
3.510000,-0.017570,0.003308,0.002398
3.512000,-0.017766,0.003633,0.001872
3.514000,-0.017943,0.003948,0.001336
3.516000,-0.018101,0.004252,0.000791
3.518000,-0.018238,0.004545,0.000235
3.520000,-0.018354,0.004825,-0.000333
3.522000,-0.018448,0.005092,-0.000913
3.524000,-0.018521,0.005347,-0.001505
3.526000,-0.018574,0.005589,-0.002108
3.528000,-0.018607,0.005818,-0.002723
3.530000,-0.018619,0.006033,-0.003350
3.532000,-0.018611,0.006232,-0.003990
3.534000,-0.018585,0.006417,-0.004643
3.536000,-0.018540,0.006588,-0.005307
3.538000,-0.018478,0.006745,-0.005984
3.540000,-0.018396,0.006887,-0.006673
3.542000,-0.018294,0.007014,-0.007376
3.544000,-0.018172,0.007126,-0.008091
3.544000,-0.018172,0.007126,-0.008091
3.548000,-0.017876,0.007309,-0.009552
3.550000,-0.017702,0.007379,-0.010303
3.552000,-0.017508,0.007434,-0.011068
3.554000,-0.017295,0.007475,-0.011848
3.556000,-0.017064,0.007502,-0.012636
3.558000,-0.016818,0.007517,-0.013431
3.560000,-0.016818,0.007517,-0.013431
3.562000,-0.016277,0.007509,-0.015039
3.564000,-0.015984,0.007486,-0.015852
3.566000,-0.015677,0.007452,-0.016672
3.568000,-0.015356,0.007405,-0.017496
3.570000,-0.015020,0.007348,-0.018323
3.572000,-0.014670,0.007280,-0.019152
3.574000,-0.014306,0.007202,-0.019983
3.576000,-0.013928,0.007114,-0.020814
3.578000,-0.013537,0.007017,-0.021643
3.580000,-0.013537,0.007017,-0.021643
3.582000,-0.012718,0.006795,-0.023287
3.584000,-0.012290,0.006671,-0.024093
3.586000,-0.011850,0.006539,-0.024888
3.588000,-0.011398,0.006399,-0.025670
3.590000,-0.010933,0.006252,-0.026438
3.592000,-0.010457,0.006098,-0.027195
3.594000,-0.009969,0.005938,-0.027936
3.596000,-0.009470,0.005773,-0.028658
3.598000,-0.008959,0.005601,-0.029362
3.600000,-0.008438,0.005423,-0.030046
3.602000,-0.007908,0.005241,-0.030711
3.604000,-0.007368,0.005054,-0.031357
3.606000,-0.006817,0.004864,-0.031984
3.608000,-0.006259,0.004669,-0.032594
3.610000,-0.005690,0.004470,-0.033186
3.612000,-0.005111,0.004268,-0.033761
3.614000,-0.004521,0.004062,-0.034320
3.616000,-0.003920,0.003854,-0.034859
3.618000,-0.003308,0.003643,-0.035380
3.620000,-0.002686,0.003432,-0.035881
3.622000,-0.002055,0.003219,-0.036363
3.624000,-0.001417,0.003005,-0.036829
3.626000,-0.000773,0.002791,-0.037280
3.628000,-0.000773,0.002791,-0.037280
3.630000,0.000595,0.002299,-0.038073
3.632000,0.001390,0.001985,-0.038333
3.634000,0.002242,0.001652,-0.038515
3.636000,0.003131,0.001311,-0.038635
3.638000,0.003984,0.000992,-0.038721
3.640000,0.004802,0.000699,-0.038775
3.642000,0.005589,0.000434,-0.038798
3.644000,0.006350,0.000197,-0.038791
3.646000,0.007074,-0.000003,-0.038735
3.648000,0.007764,-0.000162,-0.038632
3.650000,0.008427,-0.000283,-0.038486
3.652000,0.009069,-0.000369,-0.038307
3.654000,0.009692,-0.000423,-0.038101
3.656000,0.010300,-0.000447,-0.037872
3.658000,0.010893,-0.000438,-0.037622
3.660000,0.011475,-0.000403,-0.037348
3.662000,0.012047,-0.000345,-0.037053
3.664000,0.012610,-0.000266,-0.036739
3.666000,0.013162,-0.000163,-0.036407
3.668000,0.013705,-0.000041,-0.036059
3.670000,0.014239,0.000098,-0.035696
3.672000,0.014761,0.000252,-0.035319
3.674000,0.015273,0.000422,-0.034928
3.676000,0.015773,0.000607,-0.034527
3.678000,0.016261,0.000805,-0.034113
3.680000,0.016737,0.001013,-0.033689
3.682000,0.017203,0.001228,-0.033254
3.684000,0.017656,0.001448,-0.032809
3.686000,0.018097,0.001673,-0.032354
3.688000,0.018524,0.001902,-0.031890
3.690000,0.018938,0.002131,-0.031417
3.692000,0.019338,0.002360,-0.030934
3.694000,0.019723,0.002588,-0.030442
3.696000,0.020092,0.002814,-0.029940
3.698000,0.020444,0.003036,-0.029428
3.700000,0.020782,0.003253,-0.028907
3.702000,0.021103,0.003466,-0.028377
3.704000,0.021406,0.003672,-0.027837
3.706000,0.021690,0.003871,-0.027286
3.708000,0.021955,0.004062,-0.026724
3.710000,0.022201,0.004245,-0.026149
3.712000,0.022428,0.004419,-0.025560
3.714000,0.022635,0.004582,-0.024959
3.716000,0.022824,0.004734,-0.024346
3.718000,0.022994,0.004875,-0.023718
3.720000,0.023143,0.005004,-0.023077
3.722000,0.023275,0.005121,-0.022423
3.724000,0.023389,0.005226,-0.021757
3.726000,0.023482,0.005319,-0.021077
3.728000,0.023556,0.005399,-0.020383
3.730000,0.023611,0.005466,-0.019677
3.732000,0.023646,0.005520,-0.018957
3.734000,0.023661,0.005560,-0.018222
3.736000,0.023656,0.005586,-0.017468
3.738000,0.023631,0.005597,-0.016699
3.740000,0.023585,0.005593,-0.015915
3.742000,0.023522,0.005576,-0.015119
3.744000,0.023439,0.005545,-0.014309
3.746000,0.023336,0.005501,-0.013487
3.748000,0.023214,0.005443,-0.012653
3.750000,0.023074,0.005373,-0.011806
3.752000,0.022915,0.005289,-0.010948
3.754000,0.022740,0.005193,-0.010082
3.756000,0.022547,0.005084,-0.009205
3.758000,0.022338,0.004964,-0.008321
3.760000,0.022112,0.004832,-0.007430
3.762000,0.021872,0.004688,-0.006531
3.764000,0.021617,0.004533,-0.005628
3.766000,0.021347,0.004368,-0.004720
3.768000,0.021347,0.004368,-0.004720
3.770000,0.020762,0.004006,-0.002889
3.772000,0.020447,0.003810,-0.001968
3.774000,0.020119,0.003605,-0.001047
3.776000,0.019777,0.003393,-0.000128
3.778000,0.019422,0.003172,0.000792
3.780000,0.019054,0.002945,0.001708
3.782000,0.018673,0.002712,0.002614
3.784000,0.018279,0.002474,0.003509
3.786000,0.017872,0.002231,0.004391
3.788000,0.017453,0.001984,0.005263
3.790000,0.017022,0.001734,0.006122
3.792000,0.016579,0.001480,0.006967
3.794000,0.016124,0.001224,0.007796
3.796000,0.015658,0.000968,0.008610
3.798000,0.015180,0.000709,0.009409
3.800000,0.014691,0.000451,0.010193
3.802000,0.014192,0.000192,0.010961
3.804000,0.013682,-0.000066,0.011712
3.806000,0.013162,-0.000323,0.012446
3.808000,0.012634,-0.000579,0.013161
3.810000,0.012094,-0.000831,0.013845
3.812000,0.011540,-0.001078,0.014488
3.814000,0.010974,-0.001319,0.015101
3.816000,0.010394,-0.001555,0.015674
3.818000,0.009799,-0.001783,0.016208
3.820000,0.009190,-0.002004,0.016707
3.822000,0.008574,-0.002222,0.017197
3.824000,0.007951,-0.002436,0.017676
3.826000,0.007321,-0.002645,0.018146
3.828000,0.006687,-0.002850,0.018604
3.830000,0.006049,-0.003050,0.019051
3.832000,0.005326,-0.003357,0.019378
3.834000,0.004487,-0.003718,0.019629
3.836000,0.003648,-0.004074,0.019825
3.838000,0.002814,-0.004415,0.019974
3.840000,0.001988,-0.004731,0.020081
3.842000,0.001171,-0.005018,0.020151
3.844000,0.000362,-0.005277,0.020187
3.846000,-0.000417,-0.005497,0.020155
3.848000,-0.001167,-0.005676,0.020059
3.850000,-0.001893,-0.005808,0.019904
3.852000,-0.002598,-0.005891,0.019697
3.854000,-0.002598,-0.005891,0.019697
3.856000,-0.003963,-0.005939,0.019195
3.858000,-0.004625,-0.005901,0.018911
3.860000,-0.005274,-0.005822,0.018612
3.862000,-0.005911,-0.005710,0.018301
3.864000,-0.006536,-0.005567,0.017982
3.866000,-0.007149,-0.005394,0.017656
3.868000,-0.007750,-0.005190,0.017324
3.870000,-0.008338,-0.004960,0.016987
3.872000,-0.008914,-0.004707,0.016646
3.874000,-0.009478,-0.004433,0.016300
3.876000,-0.010027,-0.004136,0.015950
3.878000,-0.010562,-0.003820,0.015596
3.880000,-0.011084,-0.003488,0.015237
3.882000,-0.011591,-0.003143,0.014875
3.884000,-0.012082,-0.002785,0.014511
3.886000,-0.012558,-0.002417,0.014142
3.888000,-0.013018,-0.002041,0.013770
3.890000,-0.013462,-0.001659,0.013396
3.892000,-0.013891,-0.001274,0.013020
3.894000,-0.014304,-0.000887,0.012637
3.896000,-0.014699,-0.000498,0.012248
3.898000,-0.015076,-0.000110,0.011855
3.900000,-0.015434,0.000278,0.011457
3.902000,-0.015774,0.000662,0.011055
3.904000,-0.016097,0.001042,0.010649
3.906000,-0.016399,0.001417,0.010237
3.908000,-0.016681,0.001786,0.009820
3.910000,-0.016942,0.002148,0.009394
3.912000,-0.017183,0.002502,0.008960
3.914000,-0.017406,0.002846,0.008518
3.916000,-0.017609,0.003179,0.008067
3.918000,-0.017790,0.003502,0.007605
3.920000,-0.017950,0.003813,0.007132
3.922000,-0.018090,0.004112,0.006648
3.924000,-0.018210,0.004399,0.006154
3.926000,-0.018309,0.004673,0.005647
3.928000,-0.018385,0.004934,0.005128
3.930000,-0.018441,0.005181,0.004597
3.932000,-0.018475,0.005415,0.004052
3.934000,-0.018489,0.005633,0.003493
3.936000,-0.018482,0.005836,0.002919
3.938000,-0.018455,0.006023,0.002329
3.940000,-0.018409,0.006196,0.001726
3.942000,-0.018343,0.006353,0.001108
3.944000,-0.018257,0.006494,0.000473
3.946000,-0.018152,0.006620,-0.000177
3.948000,-0.018028,0.006733,-0.000837
3.950000,-0.017886,0.006832,-0.001507
3.952000,-0.017725,0.006916,-0.002188
3.954000,-0.017545,0.006986,-0.002881
3.956000,-0.017349,0.007042,-0.003582
3.958000,-0.017136,0.007086,-0.004292
3.960000,-0.016905,0.007115,-0.005011
3.962000,-0.016658,0.007132,-0.005740
3.964000,-0.016396,0.007136,-0.006475
3.966000,-0.016118,0.007128,-0.007218
3.968000,-0.015825,0.007108,-0.007966
3.970000,-0.015516,0.007075,-0.008720
3.972000,-0.015193,0.007031,-0.009478
3.974000,-0.014856,0.006976,-0.010238
3.976000,-0.014505,0.006910,-0.011002
3.978000,-0.014141,0.006834,-0.011770
3.980000,-0.013762,0.006747,-0.012535
3.982000,-0.013369,0.006650,-0.013296
3.984000,-0.012962,0.006543,-0.014049
3.986000,-0.012541,0.006428,-0.014795
3.988000,-0.012107,0.006303,-0.015533
3.990000,-0.011660,0.006171,-0.016262
3.992000,-0.011660,0.006171,-0.016262
3.994000,-0.010730,0.005881,-0.017682
3.996000,-0.010247,0.005727,-0.018371
3.998000,-0.009753,0.005565,-0.019051
4.000000,-0.009249,0.005398,-0.019722
4.002000,-0.008733,0.005226,-0.020378
4.004000,-0.008208,0.005047,-0.021015
4.006000,-0.007672,0.004864,-0.021634
4.008000,-0.007126,0.004677,-0.022234
4.010000,-0.006570,0.004486,-0.022814
4.012000,-0.006003,0.004290,-0.023373
4.014000,-0.005423,0.004090,-0.023900
4.016000,-0.004830,0.003888,-0.024395
4.018000,-0.004224,0.003683,-0.024860
4.020000,-0.003606,0.003476,-0.025298
4.022000,-0.002976,0.003266,-0.025716
4.024000,-0.002337,0.003056,-0.026114
4.026000,-0.001689,0.002845,-0.026495
4.028000,-0.001034,0.002633,-0.026862
4.030000,-0.001034,0.002633,-0.026862
4.032000,0.000288,0.002208,-0.027567
4.034000,0.000288,0.002208,-0.027567
4.036000,0.001895,0.001604,-0.028006
4.038000,0.002769,0.001263,-0.028100
4.040000,0.002769,0.001263,-0.028100
4.042000,0.004437,0.000628,-0.028161
4.044000,0.005233,0.000343,-0.028135
4.046000,0.006010,0.000078,-0.028075
4.048000,0.006751,-0.000149,-0.027956
4.050000,0.007462,-0.000340,-0.027784
4.052000,0.008148,-0.000498,-0.027569
4.054000,0.008813,-0.000622,-0.027318
4.056000,0.009458,-0.000713,-0.027037
4.058000,0.010087,-0.000773,-0.026726
4.060000,0.010701,-0.000804,-0.026389
4.062000,0.011301,-0.000807,-0.026029
4.064000,0.011887,-0.000780,-0.025650
4.066000,0.012461,-0.000725,-0.025249
4.068000,0.013023,-0.000647,-0.024833
4.070000,0.013573,-0.000549,-0.024403
4.072000,0.014112,-0.000430,-0.023960
4.074000,0.014640,-0.000294,-0.023506
4.076000,0.015156,-0.000142,-0.023040
4.078000,0.015658,0.000023,-0.022564
4.080000,0.016148,0.000201,-0.022077
4.082000,0.016148,0.000201,-0.022077
4.084000,0.017084,0.000591,-0.021070
4.086000,0.017530,0.000801,-0.020555
4.088000,0.017962,0.001015,-0.020034
4.090000,0.017962,0.001015,-0.020034
4.092000,0.018786,0.001453,-0.018976
4.094000,0.019174,0.001675,-0.018433
4.096000,0.019546,0.001896,-0.017880
4.098000,0.019901,0.002118,-0.017316
4.100000,0.019901,0.002118,-0.017316
4.102000,0.020238,0.002337,-0.016746
4.104000,0.020558,0.002554,-0.016168
4.106000,0.021143,0.002974,-0.014986
4.108000,0.021143,0.002974,-0.014986
4.110000,0.021652,0.003370,-0.013770
4.112000,0.021878,0.003557,-0.013147
4.114000,0.022083,0.003735,-0.012511
4.116000,0.022270,0.003904,-0.011864
4.118000,0.022270,0.003904,-0.011864
4.120000,0.022590,0.004211,-0.010541
4.122000,0.022723,0.004349,-0.009863
4.124000,0.022835,0.004474,-0.009169
4.126000,0.022927,0.004586,-0.008463
4.128000,0.023001,0.004687,-0.007747
4.130000,0.023001,0.004687,-0.007747
4.132000,0.023091,0.004852,-0.006284
4.134000,0.023091,0.004852,-0.006284
4.136000,0.023103,0.004966,-0.004777
4.138000,0.023079,0.005004,-0.004006
4.140000,0.023035,0.005027,-0.003221
4.142000,0.022972,0.005036,-0.002426
4.144000,0.022890,0.005032,-0.001617
4.146000,0.022790,0.005015,-0.000798
4.148000,0.022672,0.004985,0.000031
4.150000,0.022538,0.004943,0.000869
4.152000,0.022388,0.004888,0.001716
4.154000,0.022220,0.004821,0.002574
4.156000,0.022036,0.004742,0.003441
4.158000,0.021834,0.004651,0.004318
4.160000,0.021618,0.004547,0.005205
4.162000,0.021388,0.004432,0.006100
4.164000,0.021141,0.004306,0.007003
4.166000,0.020880,0.004167,0.007914
4.168000,0.020606,0.004018,0.008829
4.170000,0.020318,0.003859,0.009749
4.172000,0.020018,0.003689,0.010671
4.174000,0.019705,0.003510,0.011598
4.176000,0.019379,0.003321,0.012528
4.178000,0.019039,0.003124,0.013462
4.180000,0.018688,0.002918,0.014394
4.182000,0.018325,0.002705,0.015320
4.184000,0.017949,0.002486,0.016238
4.186000,0.017561,0.002261,0.017149
4.188000,0.017160,0.002031,0.018049
4.190000,0.016748,0.001796,0.018940
4.192000,0.016324,0.001557,0.019819
4.194000,0.015890,0.001313,0.020687
4.196000,0.015445,0.001066,0.021545
4.198000,0.015445,0.001066,0.021545
4.200000,0.014524,0.000564,0.023217
4.202000,0.014047,0.000311,0.024032
4.204000,0.013560,0.000057,0.024834
4.206000,0.013062,-0.000196,0.025617
4.208000,0.012553,-0.000447,0.026372
4.210000,0.012031,-0.000696,0.027100
4.212000,0.011496,-0.000941,0.027792
4.214000,0.010950,-0.001184,0.028461
4.216000,0.010392,-0.001423,0.029105
4.218000,0.009824,-0.001660,0.029728
4.220000,0.009245,-0.001893,0.030329
4.222000,0.008656,-0.002121,0.030908
4.224000,0.008058,-0.002345,0.031465
4.226000,0.007451,-0.002564,0.032004
4.228000,0.006835,-0.002776,0.032512
4.230000,0.006214,-0.002983,0.033008
4.232000,0.005588,-0.003185,0.033492
4.234000,0.004953,-0.003376,0.033932
4.236000,0.004196,-0.003640,0.034279
4.238000,0.003380,-0.003949,0.034532
4.240000,0.002563,-0.004251,0.034735
4.242000,0.001751,-0.004536,0.034893
4.244000,0.000945,-0.004798,0.035012
4.246000,0.000146,-0.005035,0.035095
4.248000,-0.000645,-0.005241,0.035144
4.250000,-0.001408,-0.005410,0.035135
4.252000,-0.002146,-0.005535,0.035073
4.254000,-0.002863,-0.005616,0.034963
4.256000,-0.003562,-0.005652,0.034812
4.258000,-0.004247,-0.005652,0.034628
4.260000,-0.004919,-0.005614,0.034417
4.262000,-0.005580,-0.005537,0.034181
4.264000,-0.006231,-0.005423,0.033923
4.266000,-0.006871,-0.005277,0.033652
4.268000,-0.007502,-0.005102,0.033369
4.270000,-0.008121,-0.004900,0.033076
4.272000,-0.008729,-0.004668,0.032776
4.274000,-0.009324,-0.004408,0.032466
4.276000,-0.009909,-0.004124,0.032149
4.278000,-0.010482,-0.003820,0.031826
4.280000,-0.011043,-0.003499,0.031496
4.282000,-0.011591,-0.003162,0.031164
4.284000,-0.012124,-0.002808,0.030828
4.286000,-0.012642,-0.002440,0.030488
4.288000,-0.013144,-0.002059,0.030143
4.290000,-0.013630,-0.001671,0.029794
4.292000,-0.014100,-0.001276,0.029440
4.294000,-0.014555,-0.000877,0.029080
4.296000,-0.014991,-0.000473,0.028714
4.298000,-0.015410,-0.000066,0.028339
4.300000,-0.015810,0.000342,0.027958
4.302000,-0.016194,0.000748,0.027570
4.304000,-0.016559,0.001152,0.027178
4.306000,-0.016904,0.001553,0.026779
4.308000,-0.017231,0.001949,0.026373
4.310000,-0.017540,0.002338,0.025959
4.312000,-0.017828,0.002719,0.025534
4.314000,-0.018096,0.003093,0.025101
4.316000,-0.018343,0.003457,0.024656
4.318000,-0.018571,0.003811,0.024201
4.320000,-0.018780,0.004155,0.023736
4.322000,-0.018968,0.004488,0.023260
4.324000,-0.019135,0.004809,0.022773
4.326000,-0.019280,0.005117,0.022272
4.328000,-0.019403,0.005412,0.021758
4.330000,-0.019506,0.005693,0.021230
4.332000,-0.019589,0.005960,0.020686
4.334000,-0.019652,0.006211,0.020127
4.336000,-0.019693,0.006447,0.019550
4.338000,-0.019713,0.006667,0.018958
4.340000,-0.019714,0.006873,0.018351
4.342000,-0.019696,0.007064,0.017732
4.344000,-0.019657,0.007240,0.017098
4.346000,-0.019597,0.007401,0.016450
4.348000,-0.019518,0.007546,0.015786
4.350000,-0.019419,0.007675,0.015107
4.352000,-0.019303,0.007791,0.014417
4.354000,-0.019169,0.007892,0.013714
4.356000,-0.019017,0.007979,0.012999
4.358000,-0.018846,0.008051,0.012271
4.360000,-0.018656,0.008109,0.011532
4.362000,-0.018450,0.008154,0.010782
4.364000,-0.018229,0.008186,0.010023
4.366000,-0.017990,0.008203,0.009255
4.368000,-0.017735,0.008208,0.008477
4.370000,-0.017465,0.008200,0.007693
4.372000,-0.017180,0.008181,0.006904
4.374000,-0.016881,0.008149,0.006109
4.376000,-0.016566,0.008106,0.005309
4.378000,-0.016237,0.008052,0.004504
4.380000,-0.015894,0.007988,0.003699
4.382000,-0.015537,0.007912,0.002896
4.384000,-0.015166,0.007827,0.002096
4.386000,-0.014782,0.007732,0.001301
4.388000,-0.014385,0.007628,0.000512
4.390000,-0.013974,0.007514,-0.000272
4.392000,-0.013551,0.007392,-0.001044
4.394000,-0.013115,0.007262,-0.001806
4.396000,-0.012668,0.007124,-0.002558
4.398000,-0.012209,0.006979,-0.003300
4.400000,-0.011739,0.006826,-0.004030
4.402000,-0.011259,0.006667,-0.004748
4.404000,-0.010767,0.006502,-0.005454
4.406000,-0.010264,0.006331,-0.006142
4.408000,-0.009749,0.006154,-0.006807
4.410000,-0.009221,0.005973,-0.007445
4.412000,-0.008680,0.005787,-0.008056
4.414000,-0.008125,0.005597,-0.008634
4.416000,-0.007555,0.005404,-0.009181
4.418000,-0.006973,0.005206,-0.009699
4.420000,-0.006378,0.005005,-0.010188
4.422000,-0.005774,0.004801,-0.010658
4.424000,-0.005160,0.004595,-0.011114
4.426000,-0.005160,0.004595,-0.011114
4.428000,-0.003903,0.004177,-0.011956
4.430000,-0.003265,0.003967,-0.012358
4.432000,-0.002617,0.003758,-0.012727
4.434000,-0.001959,0.003548,-0.013066
4.436000,-0.001173,0.003260,-0.013323
4.438000,-0.000286,0.002914,-0.013509
4.440000,0.000441,0.002699,-0.013696
4.442000,0.001155,0.002496,-0.013853
4.444000,0.001857,0.002301,-0.013980
4.446000,0.002552,0.002116,-0.014078
4.448000,0.003238,0.001946,-0.014147
4.450000,0.003897,0.001803,-0.014159
4.452000,0.004533,0.001687,-0.014115
4.454000,0.005151,0.001598,-0.014025
4.456000,0.005754,0.001536,-0.013896
4.458000,0.006343,0.001504,-0.013730
4.460000,0.006921,0.001496,-0.013536
4.462000,0.007490,0.001513,-0.013317
4.464000,0.008050,0.001552,-0.013077
4.466000,0.008601,0.001613,-0.012817
4.468000,0.009143,0.001694,-0.012542
4.470000,0.009677,0.001797,-0.012252
4.472000,0.010201,0.001920,-0.011949
4.474000,0.010715,0.002062,-0.011633
4.476000,0.011220,0.002218,-0.011306
4.478000,0.011715,0.002386,-0.010970
4.480000,0.012198,0.002568,-0.010625
4.482000,0.012670,0.002760,-0.010271
4.484000,0.013131,0.002960,-0.009910
4.486000,0.013579,0.003166,-0.009542
4.488000,0.014014,0.003377,-0.009167
4.490000,0.014436,0.003593,-0.008786
4.492000,0.014843,0.003810,-0.008399
4.494000,0.015236,0.004030,-0.008006
4.496000,0.015612,0.004250,-0.007607
4.498000,0.015973,0.004468,-0.007201
4.500000,0.016318,0.004684,-0.006790
4.502000,0.016647,0.004896,-0.006372
4.504000,0.016959,0.005103,-0.005948
4.506000,0.017255,0.005305,-0.005517
4.508000,0.017535,0.005499,-0.005080
4.510000,0.017797,0.005686,-0.004634
4.512000,0.018042,0.005865,-0.004180
4.514000,0.018268,0.006034,-0.003718
4.516000,0.018477,0.006193,-0.003247
4.518000,0.018667,0.006342,-0.002767
4.520000,0.018838,0.006480,-0.002278
4.522000,0.018989,0.006607,-0.001778
4.524000,0.019121,0.006722,-0.001269
4.526000,0.019234,0.006826,-0.000751
4.528000,0.019329,0.006917,-0.000223
4.530000,0.019402,0.006995,0.000317
4.532000,0.019454,0.007060,0.000869
4.534000,0.019487,0.007111,0.001432
4.536000,0.019502,0.007148,0.002006
4.538000,0.019497,0.007172,0.002592
4.540000,0.019472,0.007182,0.003191
4.542000,0.019426,0.007177,0.003802
4.544000,0.019360,0.007158,0.004425
4.546000,0.019275,0.007126,0.005060
4.548000,0.019171,0.007080,0.005704
4.550000,0.019048,0.007020,0.006360
4.552000,0.018906,0.006947,0.007027
4.554000,0.018747,0.006861,0.007704
4.556000,0.018571,0.006762,0.008389
4.558000,0.018377,0.006650,0.009084
4.560000,0.018167,0.006525,0.009788
4.562000,0.017940,0.006389,0.010502
4.564000,0.017696,0.006240,0.011226
4.566000,0.017435,0.006079,0.011958
4.568000,0.017159,0.005907,0.012696
4.570000,0.016868,0.005725,0.013440
4.572000,0.016562,0.005532,0.014190
4.574000,0.016242,0.005328,0.014944
4.576000,0.015909,0.005115,0.015700
4.578000,0.015562,0.004892,0.016457
4.580000,0.015202,0.004661,0.017217
4.582000,0.014829,0.004421,0.017973
4.584000,0.014444,0.004175,0.018726
4.586000,0.014046,0.003921,0.019477
4.588000,0.013636,0.003661,0.020222
4.590000,0.013215,0.003395,0.020962
4.592000,0.012781,0.003124,0.021692
4.594000,0.012336,0.002849,0.022414
4.596000,0.011881,0.002571,0.023128
4.598000,0.011413,0.002289,0.023831
4.600000,0.010935,0.002005,0.024524
4.602000,0.010448,0.001719,0.025205
4.604000,0.009951,0.001430,0.025874
4.606000,0.009446,0.001141,0.026529
4.608000,0.008928,0.000853,0.027153
4.610000,0.008928,0.000853,0.027153
4.612000,0.007856,0.000286,0.028314
4.614000,0.007302,0.000006,0.028859
4.616000,0.006737,-0.000270,0.029380
4.618000,0.006161,-0.000543,0.029880
4.620000,0.005575,-0.000813,0.030363
4.622000,0.004979,-0.001079,0.030825
4.624000,0.004370,-0.001337,0.031251
4.626000,0.003750,-0.001587,0.031640
4.628000,0.003122,-0.001832,0.032010
4.630000,0.002485,-0.002069,0.032354
4.632000,0.001840,-0.002297,0.032662
4.634000,0.001189,-0.002521,0.032957
4.636000,0.000432,-0.002835,0.033165
4.638000,-0.000407,-0.003220,0.033297
4.640000,-0.001234,-0.003587,0.033384
4.642000,-0.002046,-0.003927,0.033430
4.644000,-0.002046,-0.003927,0.033430
4.646000,-0.003617,-0.004514,0.033415
4.648000,-0.004377,-0.004753,0.033357
4.650000,-0.005102,-0.004941,0.033241
4.652000,-0.005799,-0.005087,0.033073
4.654000,-0.006472,-0.005193,0.032861
4.656000,-0.007126,-0.005256,0.032609
4.658000,-0.007764,-0.005283,0.032329
4.660000,-0.008389,-0.005274,0.032024
4.662000,-0.009001,-0.005227,0.031699
4.664000,-0.009600,-0.005144,0.031356
4.666000,-0.010189,-0.005029,0.031000
4.668000,-0.010767,-0.004885,0.030632
4.670000,-0.011333,-0.004714,0.030253
4.672000,-0.011887,-0.004513,0.029865
4.674000,-0.012429,-0.004285,0.029467
4.676000,-0.012959,-0.004031,0.029062
4.678000,-0.013478,-0.003758,0.028652
4.680000,-0.013985,-0.003467,0.028236
4.682000,-0.014479,-0.003160,0.027817
4.684000,-0.014960,-0.002837,0.027396
4.686000,-0.015427,-0.002499,0.026971
4.688000,-0.015879,-0.002149,0.026544
4.690000,-0.016316,-0.001788,0.026114
4.692000,-0.016738,-0.001421,0.025681
4.694000,-0.017144,-0.001049,0.025244
4.696000,-0.017532,-0.000673,0.024803
4.698000,-0.017903,-0.000293,0.024358
4.700000,-0.018257,0.000088,0.023908
4.702000,-0.018593,0.000469,0.023453
4.704000,-0.018912,0.000848,0.022992
4.706000,-0.019214,0.001223,0.022525
4.708000,-0.019497,0.001594,0.022051
4.710000,-0.019763,0.001959,0.021570
4.712000,-0.020010,0.002318,0.021081
4.714000,-0.020238,0.002670,0.020583
4.716000,-0.020445,0.003013,0.020076
4.718000,-0.020633,0.003348,0.019561
4.720000,-0.020803,0.003673,0.019037
4.722000,-0.020951,0.003988,0.018502
4.724000,-0.021078,0.004292,0.017957
4.726000,-0.021186,0.004585,0.017403
4.728000,-0.021274,0.004865,0.016837
4.730000,-0.021340,0.005132,0.016260
4.732000,-0.021384,0.005386,0.015670
4.734000,-0.021409,0.005626,0.015068
4.736000,-0.021414,0.005853,0.014452
4.738000,-0.021397,0.006066,0.013821
4.740000,-0.021358,0.006264,0.013176
4.742000,-0.021299,0.006448,0.012517
4.744000,-0.021220,0.006616,0.011844
4.746000,-0.021124,0.006771,0.011159
4.748000,-0.021009,0.006911,0.010462
4.750000,-0.020875,0.007036,0.009753
4.752000,-0.020722,0.007146,0.009031
4.754000,-0.020551,0.007243,0.008299
4.756000,-0.020363,0.007326,0.007556
4.758000,-0.020159,0.007396,0.006804
4.760000,-0.019937,0.007453,0.006041
4.762000,-0.019698,0.007496,0.005268
4.764000,-0.019442,0.007525,0.004485
4.766000,-0.019171,0.007542,0.003694
4.768000,-0.018884,0.007546,0.002896
4.770000,-0.018583,0.007539,0.002091
4.772000,-0.018267,0.007520,0.001282
4.774000,-0.017936,0.007489,0.000467
4.776000,-0.017592,0.007448,-0.000353
4.778000,-0.017234,0.007396,-0.001175
4.780000,-0.016864,0.007333,-0.002001
4.782000,-0.016481,0.007260,-0.002824
4.784000,-0.016086,0.007177,-0.003640
4.786000,-0.015677,0.007084,-0.004449
4.788000,-0.015255,0.006983,-0.005248
4.790000,-0.014821,0.006873,-0.006041
4.792000,-0.014821,0.006873,-0.006041
4.794000,-0.013917,0.006629,-0.007606
4.796000,-0.013448,0.006497,-0.008376
4.798000,-0.012968,0.006357,-0.009138
4.800000,-0.012477,0.006210,-0.009888
4.802000,-0.011976,0.006057,-0.010629
4.804000,-0.011466,0.005898,-0.011358
4.806000,-0.010945,0.005733,-0.012071
4.808000,-0.010414,0.005564,-0.012770
4.810000,-0.009874,0.005389,-0.013455
4.812000,-0.009323,0.005209,-0.014119
4.814000,-0.008759,0.005026,-0.014760
4.816000,-0.008184,0.004839,-0.015381
4.818000,-0.007598,0.004649,-0.015982
4.820000,-0.007000,0.004456,-0.016562
4.822000,-0.006393,0.004260,-0.017124
4.824000,-0.005777,0.004062,-0.017665
4.826000,-0.005153,0.003862,-0.018189
4.828000,-0.004521,0.003661,-0.018697
4.830000,-0.003881,0.003459,-0.019178
4.832000,-0.003232,0.003255,-0.019632
4.834000,-0.002575,0.003051,-0.020068
4.836000,-0.001908,0.002846,-0.020484
4.838000,-0.001157,0.002577,-0.020816
4.840000,-0.000395,0.002190,-0.021111
4.842000,0.000370,0.001800,-0.021356
4.844000,0.001134,0.001421,-0.021553
4.846000,0.001899,0.001055,-0.021705
4.848000,0.002660,0.000710,-0.021814
4.850000,0.003402,0.000395,-0.021861
4.852000,0.004127,0.000113,-0.021852
4.854000,0.004838,-0.000136,-0.021794
4.856000,0.005535,-0.000352,-0.021690
4.858000,0.006222,-0.000532,-0.021544
4.860000,0.006899,-0.000676,-0.021363
4.862000,0.007566,-0.000788,-0.021155
4.864000,0.008225,-0.000871,-0.020922
4.866000,0.008873,-0.000924,-0.020667
4.868000,0.009511,-0.000948,-0.020396
4.870000,0.010138,-0.000945,-0.020110
4.872000,0.010756,-0.000919,-0.019808
4.874000,0.011363,-0.000869,-0.019491
4.876000,0.011958,-0.000799,-0.019161
4.878000,0.012542,-0.000707,-0.018818
4.880000,0.013114,-0.000596,-0.018467
4.882000,0.013672,-0.000468,-0.018109
4.884000,0.014218,-0.000325,-0.017745
4.886000,0.014749,-0.000169,-0.017372
4.888000,0.015264,-0.000001,-0.016990
4.890000,0.015764,0.000176,-0.016599
4.892000,0.016246,0.000363,-0.016202
4.894000,0.016712,0.000556,-0.015800
4.896000,0.017160,0.000754,-0.015393
4.898000,0.017591,0.000956,-0.014981
4.900000,0.018002,0.001161,-0.014561
4.902000,0.018394,0.001367,-0.014130
4.904000,0.018767,0.001573,-0.013691
4.906000,0.019119,0.001778,-0.013244
4.908000,0.019453,0.001981,-0.012788
4.910000,0.019768,0.002180,-0.012324
4.912000,0.020063,0.002373,-0.011846
4.914000,0.020339,0.002560,-0.011358
4.916000,0.020597,0.002741,-0.010861
4.918000,0.020835,0.002914,-0.010355
4.920000,0.021053,0.003079,-0.009839
4.922000,0.021250,0.003236,-0.009311
4.924000,0.021428,0.003383,-0.008773
4.926000,0.021586,0.003520,-0.008223
4.928000,0.021725,0.003648,-0.007662
4.930000,0.021844,0.003765,-0.007089
4.932000,0.021942,0.003870,-0.006505
4.934000,0.022019,0.003963,-0.005906
4.936000,0.022075,0.004043,-0.005293
4.938000,0.022112,0.004111,-0.004667
4.940000,0.022130,0.004166,-0.004029
4.942000,0.022127,0.004208,-0.003376
4.944000,0.022104,0.004236,-0.002710
4.946000,0.022061,0.004252,-0.002031
4.948000,0.021997,0.004254,-0.001338
4.950000,0.021915,0.004244,-0.000635
4.952000,0.021815,0.004221,0.000080
4.954000,0.021697,0.004185,0.000808
4.956000,0.021560,0.004137,0.001547
4.958000,0.021406,0.004075,0.002297
4.960000,0.021234,0.004000,0.003056
4.962000,0.021046,0.003914,0.003820
4.964000,0.020843,0.003816,0.004590
4.966000,0.020623,0.003706,0.005365
4.968000,0.020387,0.003586,0.006143
4.970000,0.020135,0.003456,0.006924
4.972000,0.019869,0.003316,0.007707
4.974000,0.019588,0.003166,0.008490
4.976000,0.019291,0.003008,0.009274
4.978000,0.018980,0.002841,0.010061
4.980000,0.018656,0.002666,0.010845
4.982000,0.018318,0.002483,0.011625
4.984000,0.017966,0.002294,0.012400
4.986000,0.017601,0.002098,0.013170
4.988000,0.017224,0.001896,0.013934
4.990000,0.016834,0.001688,0.014692
4.992000,0.016834,0.001688,0.014692
4.994000,0.016018,0.001258,0.016178
4.996000,0.015591,0.001037,0.016906
4.998000,0.015153,0.000813,0.017624
5.000000,0.014703,0.000586,0.018330
5.002000,0.014241,0.000358,0.019021
5.004000,0.014241,0.000358,0.019021
5.006000,0.013284,-0.000101,0.020357
5.008000,0.012790,-0.000331,0.021002
5.010000,0.012288,-0.000563,0.021636
5.012000,0.012288,-0.000563,0.021636
5.014000,0.011254,-0.001027,0.022867
5.016000,0.010723,-0.001259,0.023465
5.018000,0.010183,-0.001490,0.024049
5.020000,0.010183,-0.001490,0.024049
5.022000,0.009070,-0.001945,0.025158
5.024000,0.008495,-0.002165,0.025668
5.026000,0.007910,-0.002381,0.026157
5.028000,0.007314,-0.002591,0.026615
5.030000,0.006707,-0.002795,0.027047
5.032000,0.006083,-0.002987,0.027419
5.034000,0.005441,-0.003168,0.027731
5.036000,0.004660,-0.003424,0.027956
5.038000,0.003765,-0.003729,0.028109
5.040000,0.002796,-0.004076,0.028198
5.042000,0.001846,-0.004389,0.028264
5.044000,0.000920,-0.004661,0.028308
5.046000,0.000013,-0.004895,0.028330
5.048000,-0.000875,-0.005090,0.028333
5.050000,-0.001744,-0.005243,0.028315
5.052000,-0.002572,-0.005347,0.028239
5.054000,-0.003364,-0.005403,0.028112
5.056000,-0.004125,-0.005416,0.027941
5.058000,-0.004860,-0.005389,0.027736
5.060000,-0.005572,-0.005320,0.027498
5.062000,-0.006263,-0.005210,0.027235
5.064000,-0.006938,-0.005067,0.026953
5.066000,-0.007597,-0.004893,0.026654
5.068000,-0.008241,-0.004690,0.026342
5.070000,-0.008870,-0.004456,0.026019
5.072000,-0.009486,-0.004193,0.025683
5.074000,-0.010089,-0.003905,0.025337
5.076000,-0.010679,-0.003594,0.024984
5.078000,-0.011258,-0.003266,0.024624
5.080000,-0.011824,-0.002923,0.024258
5.082000,-0.012377,-0.002564,0.023886
5.084000,-0.012915,-0.002192,0.023511
5.086000,-0.013439,-0.001808,0.023133
5.088000,-0.013948,-0.001416,0.022755
5.090000,-0.014443,-0.001019,0.022376
5.092000,-0.014922,-0.000616,0.021995
5.094000,-0.015384,-0.000210,0.021613
5.096000,-0.015829,0.000199,0.021228
5.098000,-0.016257,0.000607,0.020839
5.100000,-0.016668,0.001013,0.020447
5.102000,-0.017062,0.001416,0.020051
5.104000,-0.017436,0.001816,0.019650
5.106000,-0.017791,0.002211,0.019244
5.108000,-0.018124,0.002601,0.018833
5.110000,-0.018438,0.002983,0.018417
5.112000,-0.018733,0.003358,0.017993
5.114000,-0.019009,0.003723,0.017563
5.116000,-0.019266,0.004077,0.017125
5.118000,-0.019502,0.004421,0.016679
5.120000,-0.019717,0.004753,0.016224
5.122000,-0.019909,0.005073,0.015759
5.124000,-0.020079,0.005379,0.015285
5.126000,-0.020079,0.005379,0.015285
5.128000,-0.020357,0.005955,0.014308
5.130000,-0.020462,0.006222,0.013805
5.132000,-0.020543,0.006474,0.013289
5.134000,-0.020602,0.006711,0.012761
5.136000,-0.020640,0.006933,0.012220
5.138000,-0.020640,0.006933,0.012220
5.140000,-0.020653,0.007333,0.011100
5.142000,-0.020627,0.007510,0.010521
5.142000,-0.020627,0.007510,0.010521
5.146000,-0.020511,0.007819,0.009323
5.148000,-0.020511,0.007819,0.009323
5.150000,-0.020310,0.008066,0.008071
5.152000,-0.020180,0.008167,0.007427
5.154000,-0.020031,0.008253,0.006772
5.156000,-0.019865,0.008325,0.006106
5.158000,-0.019681,0.008383,0.005428
5.160000,-0.019681,0.008383,0.005428
5.162000,-0.019262,0.008455,0.004031
5.164000,-0.019025,0.008470,0.003315
5.166000,-0.018772,0.008472,0.002590
5.168000,-0.018502,0.008461,0.001853
5.170000,-0.018217,0.008437,0.001104
5.172000,-0.017915,0.008400,0.000349
5.174000,-0.017599,0.008351,-0.000412
5.176000,-0.017599,0.008351,-0.000412
5.178000,-0.016919,0.008217,-0.001957
5.180000,-0.016919,0.008217,-0.001957
5.182000,-0.016178,0.008040,-0.003518
5.184000,-0.015785,0.007936,-0.004300
5.186000,-0.015378,0.007822,-0.005074
5.188000,-0.014958,0.007698,-0.005840
5.190000,-0.014524,0.007566,-0.006597
5.192000,-0.014077,0.007424,-0.007344
5.194000,-0.013618,0.007275,-0.008079
5.196000,-0.013146,0.007118,-0.008802
5.196000,-0.013146,0.007118,-0.008802
5.198000,-0.012166,0.006783,-0.010211
5.202000,-0.012166,0.006783,-0.010211
5.204000,-0.011142,0.006424,-0.011584
5.206000,-0.010615,0.006236,-0.012259
5.208000,-0.010615,0.006236,-0.012259
5.210000,-0.009534,0.005840,-0.013588
5.212000,-0.008978,0.005634,-0.014233
5.214000,-0.008412,0.005423,-0.014862
5.216000,-0.007834,0.005209,-0.015475
5.218000,-0.007244,0.004991,-0.016070
5.220000,-0.006644,0.004771,-0.016646
5.222000,-0.006032,0.004549,-0.017199
5.224000,-0.006032,0.004549,-0.017199
5.226000,-0.005409,0.004325,-0.017728
5.228000,-0.004775,0.004100,-0.018230
5.230000,-0.004132,0.003874,-0.018706
5.232000,-0.002819,0.003420,-0.019588
5.234000,-0.002151,0.003194,-0.019995
5.236000,-0.001471,0.002968,-0.020348
5.238000,-0.000679,0.002679,-0.020606
5.240000,0.000201,0.002346,-0.020783
5.240000,0.000201,0.002346,-0.020783
5.244000,0.001946,0.001671,-0.020966
5.246000,0.001946,0.001671,-0.020966
5.248000,0.002800,0.001348,-0.020982
5.250000,0.004451,0.000754,-0.020855
5.252000,0.005233,0.000506,-0.020696
5.254000,0.005991,0.000289,-0.020488
5.256000,0.006729,0.000103,-0.020240
5.258000,0.006729,0.000103,-0.020240
5.260000,0.007448,-0.000048,-0.019955
5.262000,0.008150,-0.000170,-0.019639
5.264000,0.008835,-0.000258,-0.019296
5.266000,0.010164,-0.000331,-0.018534
5.268000,0.010810,-0.000324,-0.018125
5.270000,0.011444,-0.000293,-0.017702
5.272000,0.012065,-0.000241,-0.017263
5.274000,0.012065,-0.000241,-0.017263
5.276000,0.013264,-0.000076,-0.016351
5.278000,0.013841,0.000036,-0.015881
5.280000,0.014402,0.000164,-0.015403
5.282000,0.014402,0.000164,-0.015403
5.284000,0.015474,0.000466,-0.014423
5.286000,0.015984,0.000636,-0.013919
5.288000,0.016475,0.000816,-0.013408
5.290000,0.016950,0.001004,-0.012892
5.292000,0.016950,0.001004,-0.012892
5.294000,0.017848,0.001399,-0.011846
5.296000,0.018270,0.001604,-0.011312
5.298000,0.018674,0.001811,-0.010774
5.300000,0.019060,0.002020,-0.010229
5.302000,0.019429,0.002228,-0.009680
5.304000,0.019780,0.002435,-0.009125
5.306000,0.020114,0.002638,-0.008560
5.310000,0.020429,0.002838,-0.007988
5.310000,0.020726,0.003033,-0.007403
5.312000,0.021003,0.003223,-0.006806
5.314000,0.021262,0.003406,-0.006201
5.316000,0.021501,0.003583,-0.005589
5.318000,0.021722,0.003752,-0.004967
5.320000,0.021924,0.003913,-0.004332
5.322000,0.022106,0.004064,-0.003688
5.324000,0.022269,0.004207,-0.003034
5.326000,0.022413,0.004339,-0.002371
5.328000,0.022536,0.004461,-0.001698
5.330000,0.022536,0.004461,-0.001698
5.332000,0.022726,0.004671,-0.000317
5.334000,0.022790,0.004758,0.000389
5.336000,0.022834,0.004833,0.001109
5.338000,0.022859,0.004895,0.001844
5.340000,0.022865,0.004946,0.002587
5.342000,0.022865,0.004946,0.002587
5.344000,0.022821,0.005009,0.004105
5.346000,0.022821,0.005009,0.004105
5.348000,0.022701,0.005020,0.005673
5.350000,0.022612,0.005005,0.006476
5.352000,0.022506,0.004977,0.007287
5.354000,0.022383,0.004937,0.008111
5.356000,0.022243,0.004885,0.008942
5.358000,0.022243,0.004885,0.008942
5.360000,0.021913,0.004745,0.010630
5.362000,0.021723,0.004656,0.011493
5.364000,0.021518,0.004555,0.012364
5.366000,0.021297,0.004443,0.013243
5.368000,0.021061,0.004320,0.014128
5.370000,0.020811,0.004185,0.015019
5.372000,0.020547,0.004039,0.015918
5.374000,0.020270,0.003883,0.016820
5.376000,0.020270,0.003883,0.016820
5.378000,0.019674,0.003541,0.018629
5.380000,0.019356,0.003355,0.019541
5.382000,0.019025,0.003162,0.020448
5.384000,0.018680,0.002962,0.021348
5.386000,0.018321,0.002755,0.022238
5.388000,0.017950,0.002542,0.023120
5.390000,0.017565,0.002323,0.023991
5.392000,0.017565,0.002323,0.023991
5.394000,0.016757,0.001873,0.025699
5.396000,0.016333,0.001643,0.026535
5.398000,0.015899,0.001408,0.027361
5.400000,0.015455,0.001171,0.028176
5.402000,0.014999,0.000930,0.028981
5.404000,0.014535,0.000686,0.029778
5.406000,0.014060,0.000441,0.030563
5.408000,0.014060,0.000441,0.030563
5.410000,0.013076,-0.000050,0.032072
5.412000,0.012566,-0.000295,0.032794
5.414000,0.012044,-0.000538,0.033494
5.416000,0.011510,-0.000779,0.034171
5.418000,0.010963,-0.001017,0.034821
5.420000,0.010404,-0.001251,0.035442
5.422000,0.009833,-0.001481,0.036035
5.424000,0.009251,-0.001707,0.036603
5.426000,0.009251,-0.001707,0.036603
5.428000,0.008057,-0.002145,0.037672
5.430000,0.007447,-0.002356,0.038179
5.432000,0.006833,-0.002565,0.038678
5.434000,0.006833,-0.002565,0.038678
5.436000,0.005594,-0.002976,0.039670
5.438000,0.004893,-0.003270,0.040093
5.440000,0.004131,-0.003636,0.040427
5.442000,0.004131,-0.003636,0.040427
5.444000,0.003382,-0.004076,0.040733
5.446000,0.001931,-0.005053,0.041281
5.448000,0.001221,-0.005490,0.041512
5.450000,0.000520,-0.005884,0.041714
5.452000,-0.000176,-0.006235,0.041888
5.454000,-0.000848,-0.006533,0.042006
5.456000,-0.001499,-0.006777,0.042071
5.458000,-0.002136,-0.006974,0.042089
5.460000,-0.002761,-0.007125,0.042066
5.462000,-0.003378,-0.007226,0.042005
5.464000,-0.003990,-0.007280,0.041915
5.466000,-0.004600,-0.007290,0.041801
5.468000,-0.005207,-0.007258,0.041668
5.470000,-0.005813,-0.007185,0.041520
5.472000,-0.006416,-0.007076,0.041358
5.474000,-0.006416,-0.007076,0.041358
5.476000,-0.007610,-0.006763,0.040990
5.478000,-0.008200,-0.006559,0.040787
5.480000,-0.008784,-0.006325,0.040573
5.480000,-0.008784,-0.006325,0.040573
5.482000,-0.009927,-0.005786,0.040130
5.486000,-0.010485,-0.005484,0.039900
5.488000,-0.011031,-0.005160,0.039661
5.490000,-0.011565,-0.004823,0.039417
5.492000,-0.012086,-0.004472,0.039170
5.494000,-0.012086,-0.004472,0.039170
5.496000,-0.013083,-0.003739,0.038657
5.498000,-0.013558,-0.003361,0.038393
5.500000,-0.014016,-0.002979,0.038124
5.502000,-0.014459,-0.002594,0.037849
5.504000,-0.014885,-0.002208,0.037564
5.506000,-0.015294,-0.001822,0.037272
5.508000,-0.015294,-0.001822,0.037272
5.510000,-0.016058,-0.001057,0.036663
5.512000,-0.016411,-0.000679,0.036340
5.514000,-0.016744,-0.000305,0.036010
5.516000,-0.017055,0.000062,0.035669
5.518000,-0.017347,0.000423,0.035318
5.520000,-0.017619,0.000777,0.034953
5.522000,-0.017871,0.001122,0.034577
5.524000,-0.018105,0.001457,0.034185
5.526000,-0.018319,0.001782,0.033782
5.528000,-0.018513,0.002096,0.033367
5.530000,-0.018686,0.002399,0.032942
5.532000,-0.018840,0.002691,0.032506
5.534000,-0.018973,0.002970,0.032056
5.536000,-0.019085,0.003237,0.031591
5.538000,-0.019175,0.003491,0.031110
5.540000,-0.019242,0.003731,0.030613
5.542000,-0.019242,0.003731,0.030613
5.544000,-0.019309,0.004167,0.029569
5.546000,-0.019309,0.004363,0.029022
5.548000,-0.019286,0.004544,0.028459
5.550000,-0.019244,0.004711,0.027881
5.552000,-0.019183,0.004865,0.027291
5.554000,-0.019101,0.005005,0.026686
5.556000,-0.018999,0.005130,0.026063
5.558000,-0.018999,0.005130,0.026063
5.560000,-0.018738,0.005340,0.024780
5.562000,-0.018738,0.005340,0.024780
5.564000,-0.018401,0.005496,0.023450
5.566000,-0.018206,0.005553,0.022764
5.568000,-0.017991,0.005597,0.022062
5.570000,-0.017759,0.005628,0.021353
5.572000,-0.017510,0.005648,0.020641
5.574000,-0.017510,0.005648,0.020641
5.576000,-0.016964,0.005652,0.019201
5.578000,-0.016667,0.005637,0.018471
5.580000,-0.016355,0.005611,0.017738
5.582000,-0.016029,0.005575,0.017001
5.584000,-0.015687,0.005528,0.016269
5.586000,-0.015330,0.005471,0.015545
5.588000,-0.014958,0.005404,0.014829
5.590000,-0.014572,0.005329,0.014125
5.592000,-0.014171,0.005244,0.013432
5.594000,-0.013757,0.005151,0.012748
5.596000,-0.013330,0.005049,0.012077
5.598000,-0.012889,0.004940,0.011418
5.600000,-0.012436,0.004824,0.010772
5.602000,-0.011970,0.004701,0.010139
5.604000,-0.011491,0.004572,0.009521
5.606000,-0.011001,0.004437,0.008919
5.608000,-0.010499,0.004297,0.008335
5.610000,-0.009984,0.004151,0.007768
5.612000,-0.009459,0.004002,0.007214
5.614000,-0.008922,0.003848,0.006673
5.616000,-0.008374,0.003690,0.006144
5.618000,-0.007816,0.003527,0.005629
5.620000,-0.007245,0.003361,0.005138
5.622000,-0.006664,0.003191,0.004660
5.624000,-0.006074,0.003019,0.004196
5.626000,-0.005475,0.002844,0.003749
5.628000,-0.004865,0.002668,0.003321
5.630000,-0.004246,0.002490,0.002915
5.632000,-0.003608,0.002311,0.002570
5.634000,-0.002953,0.002131,0.002275
5.636000,-0.002281,0.001951,0.002031
5.638000,-0.001483,0.001689,0.001878
5.640000,-0.000599,0.001364,0.001805
5.642000,0.000347,0.000994,0.001802
5.644000,0.001276,0.000638,0.001829
5.646000,0.002183,0.000300,0.001883
5.648000,0.003068,-0.000016,0.001963
5.650000,0.003938,-0.000315,0.002066
5.652000,0.004792,-0.000598,0.002194
5.654000,0.005607,-0.000842,0.002382
5.656000,0.006387,-0.001051,0.002627
5.658000,0.007137,-0.001226,0.002921
5.660000,0.007860,-0.001364,0.003259
5.662000,0.008560,-0.001470,0.003629
5.664000,0.009240,-0.001546,0.004027
5.666000,0.009901,-0.001589,0.004450
5.668000,0.010544,-0.001602,0.004894
5.670000,0.011172,-0.001589,0.005354
5.672000,0.011784,-0.001553,0.005830
5.674000,0.012379,-0.001493,0.006320
5.676000,0.012960,-0.001412,0.006818
5.678000,0.013526,-0.001312,0.007324
5.680000,0.014075,-0.001196,0.007837
5.682000,0.014609,-0.001063,0.008353
5.684000,0.015127,-0.000916,0.008872
5.686000,0.015628,-0.000757,0.009393
5.688000,0.016112,-0.000587,0.009917
5.690000,0.016579,-0.000410,0.010445
5.692000,0.017029,-0.000225,0.010975
5.694000,0.017462,-0.000036,0.011511
5.696000,0.017876,0.000157,0.012050
5.698000,0.018273,0.000353,0.012591
5.700000,0.018651,0.000551,0.013136
5.702000,0.019010,0.000749,0.013685
5.704000,0.019349,0.000947,0.014239
5.706000,0.019669,0.001143,0.014796
5.708000,0.019969,0.001337,0.015357
5.710000,0.020249,0.001527,0.015923
5.712000,0.020510,0.001713,0.016494
5.714000,0.020750,0.001893,0.017070
5.716000,0.020971,0.002066,0.017651
5.718000,0.021173,0.002232,0.018238
5.720000,0.021357,0.002389,0.018832
5.722000,0.021519,0.002537,0.019432
5.724000,0.021660,0.002674,0.020044
5.726000,0.021782,0.002802,0.020663
5.728000,0.021885,0.002919,0.021289
5.730000,0.021969,0.003026,0.021922
5.732000,0.022030,0.003121,0.022564
5.734000,0.022073,0.003204,0.023217
5.736000,0.022096,0.003275,0.023880
5.738000,0.022100,0.003333,0.024554
5.740000,0.022086,0.003378,0.025237
5.742000,0.022052,0.003410,0.025931
5.744000,0.022000,0.003429,0.026637
5.746000,0.021929,0.003435,0.027353
5.748000,0.021837,0.003427,0.028080
5.750000,0.021727,0.003407,0.028819
5.752000,0.021599,0.003373,0.029568
5.754000,0.021453,0.003328,0.030325
5.756000,0.021287,0.003269,0.031093
5.758000,0.021106,0.003197,0.031872
5.760000,0.020907,0.003112,0.032661
5.762000,0.020692,0.003014,0.033460
5.764000,0.020461,0.002904,0.034267
5.766000,0.020212,0.002781,0.035085
5.768000,0.019947,0.002647,0.035911
5.770000,0.019668,0.002502,0.036743
5.772000,0.019373,0.002346,0.037582
5.774000,0.019062,0.002179,0.038427
5.776000,0.018736,0.002002,0.039277
5.778000,0.018398,0.001814,0.040131
5.780000,0.018047,0.001617,0.040987
5.782000,0.017682,0.001410,0.041846
5.784000,0.017306,0.001194,0.042704
5.786000,0.016917,0.000971,0.043559
5.788000,0.016516,0.000740,0.044409
5.790000,0.016103,0.000503,0.045254
5.792000,0.015677,0.000260,0.046091
5.794000,0.015240,0.000012,0.046920
5.796000,0.014793,-0.000241,0.047744
5.798000,0.014334,-0.000498,0.048560
5.800000,0.013864,-0.000760,0.049369
5.802000,0.013384,-0.001024,0.050163
5.804000,0.012894,-0.001291,0.050948
5.806000,0.012394,-0.001559,0.051721
5.808000,0.011885,-0.001828,0.052480
5.810000,0.011366,-0.002098,0.053217
5.812000,0.010837,-0.002365,0.053927
5.814000,0.010297,-0.002631,0.054608
5.816000,0.009746,-0.002893,0.055261
5.818000,0.009185,-0.003151,0.055887
5.820000,0.008613,-0.003406,0.056489
5.822000,0.008032,-0.003657,0.057069
5.824000,0.007442,-0.003904,0.057626
5.826000,0.006842,-0.004144,0.058160
5.828000,0.006234,-0.004380,0.058675
5.830000,0.005619,-0.004610,0.059172
5.832000,0.004996,-0.004833,0.059638
5.834000,0.004368,-0.005053,0.060090
5.836000,0.003735,-0.005268,0.060527
5.838000,0.003093,-0.005476,0.060942
5.840000,0.002375,-0.005758,0.061274
5.842000,0.001617,-0.006083,0.061506
5.844000,0.000838,-0.006430,0.061651
5.846000,0.000081,-0.006839,0.061780
5.848000,-0.000662,-0.007216,0.061879
5.850000,-0.001395,-0.007555,0.061950
5.852000,-0.002115,-0.007854,0.061992
5.854000,-0.002824,-0.008108,0.062006
5.856000,-0.003506,-0.008310,0.061968
5.858000,-0.004166,-0.008467,0.061878
5.860000,-0.004808,-0.008580,0.061744
5.862000,-0.005435,-0.008650,0.061575
5.864000,-0.006052,-0.008674,0.061374
5.866000,-0.006661,-0.008659,0.061147
5.868000,-0.007263,-0.008608,0.060898
5.870000,-0.007858,-0.008521,0.060630
5.872000,-0.008447,-0.008400,0.060345
5.874000,-0.009030,-0.008243,0.060046
5.876000,-0.009607,-0.008052,0.059731
5.878000,-0.010177,-0.007830,0.059405
5.880000,-0.010740,-0.007579,0.059070
5.882000,-0.011296,-0.007305,0.058727
5.884000,-0.011843,-0.007005,0.058379
5.886000,-0.012382,-0.006683,0.058025
5.888000,-0.012910,-0.006344,0.057666
5.890000,-0.013427,-0.005989,0.057301
5.892000,-0.013932,-0.005620,0.056931
5.894000,-0.014424,-0.005239,0.056554
5.896000,-0.014905,-0.004848,0.056172
5.898000,-0.015372,-0.004451,0.055784
5.900000,-0.015826,-0.004048,0.055390
5.902000,-0.016265,-0.003640,0.054988
5.904000,-0.016688,-0.003229,0.054576
5.906000,-0.017096,-0.002817,0.054156
5.908000,-0.017487,-0.002404,0.053727
5.910000,-0.017860,-0.001992,0.053291
5.912000,-0.018215,-0.001581,0.052846
5.914000,-0.018553,-0.001175,0.052392
5.916000,-0.018874,-0.000774,0.051929
5.918000,-0.019174,-0.000378,0.051457
5.920000,-0.019456,0.000011,0.050973
5.922000,-0.019719,0.000391,0.050479
5.924000,-0.019963,0.000763,0.049973
5.926000,-0.020187,0.001125,0.049456
5.928000,-0.020393,0.001477,0.048927
5.930000,-0.020577,0.001818,0.048387
5.932000,-0.020743,0.002148,0.047834
5.934000,-0.020890,0.002467,0.047269
5.936000,-0.021017,0.002773,0.046689
5.938000,-0.021124,0.003066,0.046096
5.940000,-0.021211,0.003347,0.045489
5.942000,-0.021279,0.003614,0.044869
5.944000,-0.021327,0.003867,0.044234
5.946000,-0.021356,0.004107,0.043585
5.948000,-0.021365,0.004334,0.042922
5.950000,-0.021355,0.004547,0.042246
5.952000,-0.021326,0.004746,0.041557
5.954000,-0.021277,0.004932,0.040854
5.956000,-0.021208,0.005104,0.040137
5.958000,-0.021120,0.005261,0.039407
5.960000,-0.021013,0.005404,0.038662
5.962000,-0.020888,0.005534,0.037904
5.964000,-0.020747,0.005650,0.037135
5.966000,-0.020588,0.005753,0.036355
5.968000,-0.020412,0.005843,0.035563
5.970000,-0.020220,0.005920,0.034758
5.972000,-0.020010,0.005985,0.033945
5.974000,-0.019786,0.006037,0.033124
5.976000,-0.019546,0.006077,0.032294
5.978000,-0.019292,0.006105,0.031458
5.980000,-0.019021,0.006121,0.030616
5.982000,-0.018734,0.006126,0.029768
5.984000,-0.018433,0.006120,0.028920
5.986000,-0.018117,0.006104,0.028073
5.988000,-0.017787,0.006077,0.027230
5.990000,-0.017442,0.006040,0.026391
5.992000,-0.017082,0.005994,0.025555
5.994000,-0.016710,0.005939,0.024723
5.996000,-0.016325,0.005874,0.023896
5.998000,-0.015926,0.005801,0.023073
6.000000,-0.015514,0.005720,0.022259
6.002000,-0.015090,0.005632,0.021457
6.004000,-0.014652,0.005536,0.020666
6.006000,-0.014203,0.005433,0.019889
6.008000,-0.013740,0.005324,0.019124
6.010000,-0.013264,0.005210,0.018382
6.012000,-0.012774,0.005089,0.017664
6.014000,-0.012272,0.004962,0.016970
6.016000,-0.011757,0.004830,0.016293
6.018000,-0.011230,0.004692,0.015639
6.020000,-0.010692,0.004549,0.015002
6.022000,-0.010142,0.004402,0.014389
6.024000,-0.009578,0.004251,0.013803
6.026000,-0.009006,0.004097,0.013230
6.028000,-0.008420,0.003940,0.012685
6.030000,-0.007823,0.003781,0.012169
6.032000,-0.007210,0.003620,0.011698
6.034000,-0.006587,0.003457,0.011249
6.036000,-0.005949,0.003294,0.010830
6.038000,-0.005301,0.003128,0.010432
6.040000,-0.004647,0.002961,0.010038
6.042000,-0.003897,0.002715,0.009737
6.044000,-0.003349,0.002771,0.009442
6.046000,-0.002790,0.002820,0.009191
6.048000,-0.002216,0.002852,0.008982
6.050000,-0.001629,0.002872,0.008813
6.052000,-0.001029,0.002885,0.008682
6.054000,-0.000441,0.002907,0.008615
6.056000,0.000137,0.002943,0.008608
6.058000,0.000707,0.002993,0.008653
6.060000,0.001271,0.003058,0.008740
6.062000,0.001830,0.003141,0.008867
6.064000,0.002385,0.003240,0.009024
6.066000,0.002935,0.003356,0.009208
6.068000,0.003481,0.003488,0.009414
6.070000,0.004022,0.003637,0.009642
6.072000,0.004558,0.003801,0.009887
6.074000,0.005087,0.003980,0.010148
6.076000,0.005610,0.004172,0.010426
6.078000,0.006126,0.004376,0.010718
6.080000,0.006634,0.004592,0.011022
6.082000,0.007133,0.004818,0.011338
6.084000,0.007624,0.005052,0.011661
6.086000,0.008106,0.005294,0.011993
6.088000,0.008578,0.005541,0.012331
6.090000,0.009040,0.005792,0.012673
6.092000,0.009490,0.006047,0.013021
6.094000,0.009927,0.006302,0.013377
6.096000,0.010352,0.006558,0.013740
6.098000,0.010764,0.006813,0.014107
6.100000,0.011164,0.007065,0.014477
6.102000,0.011552,0.007313,0.014853
6.104000,0.011926,0.007556,0.015237
6.106000,0.012285,0.007794,0.015629
6.108000,0.012630,0.008025,0.016028
6.110000,0.012960,0.008248,0.016432
6.112000,0.013273,0.008464,0.016844
6.114000,0.013571,0.008671,0.017260
6.116000,0.013853,0.008868,0.017681
6.118000,0.014118,0.009055,0.018112
6.120000,0.014366,0.009231,0.018550
6.122000,0.014598,0.009395,0.018994
6.124000,0.014812,0.009548,0.019445
6.126000,0.015008,0.009689,0.019903
6.128000,0.015187,0.009817,0.020371
6.130000,0.015347,0.009933,0.020847
6.132000,0.015489,0.010035,0.021337
6.134000,0.015614,0.010122,0.021838
6.136000,0.015719,0.010195,0.022351
6.138000,0.015807,0.010252,0.022880
6.140000,0.015876,0.010294,0.023425
6.142000,0.015927,0.010320,0.023985
6.144000,0.015957,0.010329,0.024562
6.146000,0.015968,0.010323,0.025154
6.148000,0.015960,0.010302,0.025755
6.150000,0.015933,0.010268,0.026363
6.152000,0.015889,0.010218,0.026984
6.154000,0.015826,0.010154,0.027612
6.156000,0.015745,0.010076,0.028249
6.158000,0.015646,0.009983,0.028896
6.160000,0.015529,0.009877,0.029552
6.162000,0.015395,0.009757,0.030217
6.164000,0.015245,0.009624,0.030891
6.166000,0.015078,0.009477,0.031579
6.168000,0.014896,0.009316,0.032278
6.170000,0.014698,0.009142,0.032985
6.172000,0.014484,0.008957,0.033699
6.174000,0.014255,0.008760,0.034418
6.176000,0.014011,0.008551,0.035145
6.178000,0.013752,0.008331,0.035875
6.180000,0.013480,0.008100,0.036609
6.182000,0.013195,0.007859,0.037341
6.184000,0.012895,0.007609,0.038071
6.186000,0.012581,0.007351,0.038798
6.188000,0.012253,0.007084,0.039522
6.190000,0.011913,0.006810,0.040244
6.192000,0.011559,0.006528,0.040963
6.194000,0.011193,0.006240,0.041677
6.196000,0.010814,0.005946,0.042388
6.198000,0.010423,0.005647,0.043090
6.200000,0.010020,0.005343,0.043784
6.202000,0.009605,0.005036,0.044466
6.204000,0.009179,0.004725,0.045137
6.206000,0.008743,0.004411,0.045798
6.208000,0.008296,0.004096,0.046438
6.210000,0.007836,0.003781,0.047058
6.212000,0.007364,0.003467,0.047654
6.214000,0.006880,0.003154,0.048229
6.216000,0.006384,0.002842,0.048782
6.218000,0.005876,0.002533,0.049312
6.220000,0.005356,0.002226,0.049818
6.222000,0.004825,0.001924,0.050300
6.224000,0.004280,0.001626,0.050749
6.226000,0.003725,0.001333,0.051179
6.228000,0.003162,0.001043,0.051587
6.230000,0.002589,0.000758,0.051976
6.232000,0.002006,0.000481,0.052329
6.234000,0.001411,0.000211,0.052648
6.236000,0.000804,-0.000052,0.052938
6.238000,0.000186,-0.000309,0.053209
6.240000,-0.000442,-0.000560,0.053461
6.242000,-0.001164,-0.000913,0.053605
6.244000,-0.001953,-0.001341,0.053655
6.246000,-0.002785,-0.001828,0.053624
6.248000,-0.003631,-0.002337,0.053515
6.250000,-0.004455,-0.002803,0.053383
6.252000,-0.005259,-0.003221,0.053231
6.254000,-0.006042,-0.003589,0.053062
6.256000,-0.006808,-0.003907,0.052876
6.258000,-0.007555,-0.004175,0.052671
6.260000,-0.008263,-0.004391,0.052416
6.264000,-0.008936,-0.004552,0.052112
6.264000,-0.009580,-0.004664,0.051767
6.266000,-0.010200,-0.004724,0.051384
6.266000,-0.010200,-0.004724,0.051384
6.270000,-0.010798,-0.004739,0.050973
6.272000,-0.011942,-0.004642,0.050082
6.274000,-0.012493,-0.004526,0.049603
6.276000,-0.013033,-0.004367,0.049108
6.278000,-0.013033,-0.004367,0.049108
6.280000,-0.014085,-0.003965,0.048089
6.282000,-0.014596,-0.003722,0.047570
6.284000,-0.015097,-0.003449,0.047046
6.286000,-0.015097,-0.003449,0.047046
6.288000,-0.016068,-0.002845,0.045993
6.290000,-0.016536,-0.002515,0.045461
6.292000,-0.016991,-0.002165,0.044926
6.294000,-0.016991,-0.002165,0.044926
6.296000,-0.017867,-0.001435,0.043849
6.298000,-0.018285,-0.001057,0.043305
6.300000,-0.018689,-0.000673,0.042759
6.302000,-0.018689,-0.000673,0.042759
6.304000,-0.019455,0.000106,0.041651
6.306000,-0.019814,0.000499,0.041092
6.308000,-0.020158,0.000892,0.040531
6.310000,-0.020483,0.001286,0.039965
6.312000,-0.020793,0.001676,0.039392
6.314000,-0.021085,0.002063,0.038811
6.316000,-0.021358,0.002445,0.038222
6.318000,-0.021612,0.002821,0.037623
6.320000,-0.021848,0.003190,0.037019
6.322000,-0.022067,0.003551,0.036411
6.324000,-0.022267,0.003904,0.035796
6.326000,-0.022449,0.004247,0.035170
6.328000,-0.022612,0.004580,0.034534
6.330000,-0.022755,0.004902,0.033891
6.332000,-0.022879,0.005213,0.033240
6.334000,-0.022983,0.005513,0.032579
6.336000,-0.023066,0.005800,0.031908
6.338000,-0.023127,0.006074,0.031225
6.340000,-0.023168,0.006335,0.030530
6.342000,-0.023189,0.006581,0.029825
6.344000,-0.023190,0.006815,0.029107
6.346000,-0.023169,0.007033,0.028376
6.348000,-0.023129,0.007238,0.027633
6.350000,-0.023070,0.007429,0.026877
6.352000,-0.022994,0.007606,0.026105
6.354000,-0.022898,0.007767,0.025316
6.356000,-0.022784,0.007914,0.024515
6.358000,-0.022653,0.008047,0.023703
6.360000,-0.022505,0.008165,0.022880
6.362000,-0.022340,0.008270,0.022041
6.364000,-0.022158,0.008361,0.021194
6.366000,-0.021959,0.008438,0.020336
6.368000,-0.021744,0.008502,0.019467
6.370000,-0.021512,0.008553,0.018585
6.372000,-0.021264,0.008590,0.017696
6.374000,-0.021000,0.008615,0.016801
6.376000,-0.020721,0.008627,0.015897
6.378000,-0.020427,0.008627,0.014989
6.380000,-0.020118,0.008614,0.014076
6.382000,-0.019793,0.008590,0.013158
6.384000,-0.019453,0.008555,0.012241
6.386000,-0.019099,0.008509,0.011324
6.388000,-0.018731,0.008452,0.010410
6.390000,-0.018350,0.008385,0.009498
6.392000,-0.017956,0.008307,0.008590
6.394000,-0.017549,0.008220,0.007687
6.396000,-0.017131,0.008124,0.006789
6.398000,-0.016700,0.008020,0.005897
6.400000,-0.016257,0.007908,0.005011
6.402000,-0.015803,0.007788,0.004134
6.404000,-0.015337,0.007660,0.003266
6.406000,-0.014862,0.007526,0.002409
6.408000,-0.014377,0.007384,0.001563
6.410000,-0.013882,0.007236,0.000729
6.412000,-0.013376,0.007080,-0.000092
6.414000,-0.012860,0.006920,-0.000900
6.416000,-0.012334,0.006753,-0.001693
6.418000,-0.011796,0.006583,-0.002471
6.420000,-0.011249,0.006407,-0.003233
6.422000,-0.010691,0.006228,-0.003979
6.424000,-0.010122,0.006046,-0.004709
6.426000,-0.009544,0.005862,-0.005422
6.428000,-0.009544,0.005862,-0.005422
6.430000,-0.008363,0.005485,-0.006795
6.432000,-0.007759,0.005293,-0.007450
6.434000,-0.007141,0.005099,-0.008049
6.436000,-0.006509,0.004902,-0.008600
6.438000,-0.005865,0.004704,-0.009119
6.440000,-0.005212,0.004504,-0.009618
6.440000,-0.005212,0.004504,-0.009618
6.444000,-0.004550,0.004304,-0.010103
6.446000,-0.003144,0.003844,-0.010987
6.448000,-0.002353,0.003537,-0.011312
6.450000,-0.001546,0.003210,-0.011555
6.452000,-0.000743,0.002887,-0.011752
6.454000,0.000052,0.002575,-0.011906
6.456000,0.000839,0.002278,-0.012021
6.458000,0.001622,0.001994,-0.012102
6.458000,0.001622,0.001994,-0.012102
6.462000,0.003117,0.001516,-0.012066
6.464000,0.003117,0.001516,-0.012066
6.466000,0.004540,0.001169,-0.011810
6.468000,0.005231,0.001044,-0.011621
6.470000,0.005911,0.000949,-0.011403
6.472000,0.006581,0.000882,-0.011159
6.474000,0.007240,0.000843,-0.010893
6.476000,0.007888,0.000830,-0.010605
6.478000,0.007888,0.000830,-0.010605
6.480000,0.009152,0.000879,-0.009978
6.482000,0.009768,0.000941,-0.009644
6.484000,0.010372,0.001025,-0.009299
6.486000,0.010963,0.001127,-0.008941
6.488000,0.011544,0.001246,-0.008575
6.490000,0.012112,0.001383,-0.008201
6.492000,0.012669,0.001533,-0.007820
6.494000,0.012669,0.001533,-0.007820
6.496000,0.013742,0.001867,-0.007034
6.498000,0.014257,0.002049,-0.006626
6.500000,0.014757,0.002238,-0.006210
6.502000,0.015242,0.002432,-0.005787
6.504000,0.015711,0.002631,-0.005357
6.506000,0.016164,0.002832,-0.004919
6.508000,0.016601,0.003034,-0.004474
6.510000,0.016601,0.003034,-0.004474
6.512000,0.017423,0.003438,-0.003560
6.514000,0.017808,0.003636,-0.003085
6.516000,0.018174,0.003832,-0.002602
6.518000,0.018521,0.004024,-0.002111
6.520000,0.018850,0.004211,-0.001608
6.522000,0.019160,0.004392,-0.001096
6.524000,0.019452,0.004566,-0.000576
6.526000,0.019726,0.004733,-0.000047
6.528000,0.019726,0.004733,-0.000047
6.530000,0.020218,0.005038,0.001054
6.532000,0.020434,0.005175,0.001628
6.534000,0.020630,0.005302,0.002213
6.536000,0.020807,0.005418,0.002812
6.538000,0.020965,0.005522,0.003426
6.540000,0.021103,0.005614,0.004055
6.542000,0.021221,0.005695,0.004695
6.542000,0.021221,0.005695,0.004695
6.546000,0.021397,0.005819,0.006015
6.548000,0.021454,0.005860,0.006697
6.550000,0.021492,0.005888,0.007391
6.552000,0.021509,0.005903,0.008103
6.554000,0.021508,0.005904,0.008826
6.556000,0.021488,0.005893,0.009558
6.558000,0.021449,0.005869,0.010301
6.560000,0.021391,0.005833,0.011054
6.562000,0.021316,0.005783,0.011817
6.564000,0.021223,0.005722,0.012591
6.566000,0.021113,0.005647,0.013376
6.568000,0.020984,0.005560,0.014171
6.570000,0.020839,0.005460,0.014975
6.572000,0.020679,0.005348,0.015785
6.574000,0.020503,0.005224,0.016604
6.576000,0.020310,0.005089,0.017430
6.578000,0.020103,0.004942,0.018262
6.580000,0.019879,0.004785,0.019099
6.582000,0.019641,0.004617,0.019940
6.584000,0.019388,0.004440,0.020782
6.586000,0.019121,0.004253,0.021623
6.588000,0.018840,0.004059,0.022463
6.590000,0.018543,0.003856,0.023300
6.592000,0.018233,0.003646,0.024133
6.592000,0.018233,0.003646,0.024133
6.596000,0.017573,0.003206,0.025784
6.598000,0.017224,0.002975,0.026604
6.600000,0.016863,0.002739,0.027419
6.602000,0.016490,0.002497,0.028227
6.604000,0.016104,0.002251,0.029025
6.606000,0.015706,0.002001,0.029811
6.608000,0.015295,0.001750,0.030577
6.610000,0.014870,0.001497,0.031323
6.612000,0.014432,0.001243,0.032050
6.614000,0.013981,0.000989,0.032758
6.616000,0.013518,0.000736,0.033446
6.618000,0.013043,0.000482,0.034115
6.620000,0.012556,0.000229,0.034765
6.622000,0.012059,-0.000022,0.035394
6.624000,0.011551,-0.000272,0.036005
6.626000,0.011030,-0.000519,0.036587
6.628000,0.010500,-0.000762,0.037152
6.630000,0.009960,-0.001003,0.037698
6.632000,0.009403,-0.001235,0.038191
6.634000,0.008829,-0.001457,0.038638
6.636000,0.008240,-0.001673,0.039047
6.638000,0.007635,-0.001880,0.039418
6.640000,0.007019,-0.002083,0.039770
6.642000,0.006395,-0.002281,0.040114
6.644000,0.005765,-0.002476,0.040449
6.646000,0.005765,-0.002476,0.040449
6.648000,0.004252,-0.003170,0.040805
6.650000,0.003412,-0.003625,0.040854
6.652000,0.002573,-0.004057,0.040871
6.654000,0.001738,-0.004456,0.040861
6.656000,0.000909,-0.004822,0.040828
6.658000,0.000086,-0.005151,0.040772
6.660000,-0.000730,-0.005439,0.040696
6.662000,-0.001511,-0.005676,0.040558
6.664000,-0.002260,-0.005861,0.040361
6.666000,-0.002981,-0.005992,0.040109
6.668000,-0.003678,-0.006078,0.039816
6.670000,-0.004356,-0.006120,0.039488
6.672000,-0.005016,-0.006113,0.039129
6.674000,-0.005661,-0.006062,0.038746
6.676000,-0.006293,-0.005974,0.038347
6.678000,-0.006913,-0.005850,0.037933
6.680000,-0.007521,-0.005695,0.037509
6.682000,-0.008117,-0.005508,0.037078
6.684000,-0.008701,-0.005289,0.036643
6.686000,-0.009273,-0.005043,0.036204
6.688000,-0.009833,-0.004773,0.035762
6.690000,-0.009833,-0.004773,0.035762
6.692000,-0.010914,-0.004170,0.034870
6.694000,-0.011434,-0.003838,0.034421
6.696000,-0.011941,-0.003487,0.033968
6.698000,-0.012434,-0.003123,0.033513
6.700000,-0.012913,-0.002749,0.033056
6.702000,-0.013377,-0.002365,0.032597
6.704000,-0.013825,-0.001972,0.032137
6.706000,-0.014259,-0.001577,0.031674
6.708000,-0.014678,-0.001178,0.031210
6.710000,-0.015082,-0.000779,0.030742
6.712000,-0.015469,-0.000379,0.030271
6.714000,-0.015837,0.000021,0.029792
6.716000,-0.016189,0.000418,0.029308
6.718000,-0.016524,0.000811,0.028819
6.720000,-0.016839,0.001199,0.028326
6.722000,-0.017135,0.001582,0.027827
6.724000,-0.017412,0.001958,0.027322
6.726000,-0.017412,0.001958,0.027322
6.728000,-0.017910,0.002686,0.026290
6.730000,-0.018128,0.003036,0.025761
6.732000,-0.018324,0.003375,0.025218
6.734000,-0.018501,0.003703,0.024665
6.736000,-0.018658,0.004020,0.024103
6.738000,-0.018795,0.004324,0.023530
6.740000,-0.018912,0.004616,0.022947
6.742000,-0.019008,0.004895,0.022353
6.744000,-0.019081,0.005159,0.021746
6.746000,-0.019132,0.005409,0.021123
6.748000,-0.019162,0.005645,0.020488
6.750000,-0.019162,0.005645,0.020488
6.752000,-0.019166,0.006074,0.019187
6.754000,-0.019136,0.006266,0.018519
6.756000,-0.019086,0.006443,0.017839
6.758000,-0.019016,0.006605,0.017145
6.760000,-0.018929,0.006752,0.016438
6.762000,-0.018824,0.006885,0.015714
6.764000,-0.018701,0.007003,0.014977
6.766000,-0.018559,0.007108,0.014228
6.768000,-0.018400,0.007199,0.013467
6.770000,-0.018222,0.007276,0.012694
6.772000,-0.018026,0.007339,0.011911
6.774000,-0.017814,0.007389,0.011119
6.776000,-0.017814,0.007389,0.011119
6.778000,-0.017341,0.007449,0.009505
6.780000,-0.017079,0.007460,0.008680
6.782000,-0.016801,0.007458,0.007849
6.784000,-0.016507,0.007445,0.007015
6.786000,-0.016199,0.007419,0.006177
6.788000,-0.015874,0.007382,0.005335
6.790000,-0.015535,0.007334,0.004492
6.792000,-0.015181,0.007274,0.003649
6.794000,-0.015181,0.007274,0.003649
6.796000,-0.014432,0.007125,0.001969
6.798000,-0.014036,0.007036,0.001130
6.800000,-0.013627,0.006937,0.000294
6.802000,-0.013205,0.006830,-0.000537
6.804000,-0.012772,0.006714,-0.001363
6.806000,-0.012328,0.006590,-0.002184
6.808000,-0.011870,0.006457,-0.002989
6.810000,-0.011400,0.006316,-0.003775
6.812000,-0.010916,0.006169,-0.004543
6.814000,-0.010421,0.006014,-0.005291
6.816000,-0.009912,0.005852,-0.006020
6.818000,-0.009392,0.005685,-0.006730
6.820000,-0.008860,0.005511,-0.007421
6.822000,-0.008318,0.005332,-0.008093
6.824000,-0.007764,0.005149,-0.008746
6.826000,-0.007200,0.004961,-0.009378
6.828000,-0.006624,0.004770,-0.009989
6.830000,-0.006039,0.004576,-0.010579
6.832000,-0.005440,0.004378,-0.011129
6.834000,-0.004828,0.004176,-0.011644
6.836000,-0.004202,0.003971,-0.012131
6.838000,-0.003564,0.003764,-0.012596
6.840000,-0.002917,0.003556,-0.013045
6.842000,-0.002261,0.003346,-0.013482
6.844000,-0.001598,0.003135,-0.013908
6.846000,-0.000930,0.002924,-0.014324
6.848000,-0.000258,0.002713,-0.014734
6.850000,0.000467,0.002448,-0.015026
6.852000,0.001225,0.002148,-0.015215
6.854000,0.001987,0.001839,-0.015343
6.856000,0.002748,0.001530,-0.015418
6.858000,0.003508,0.001226,-0.015446
6.860000,0.004266,0.000931,-0.015432
6.862000,0.005001,0.000661,-0.015348
6.864000,0.005715,0.000424,-0.015202
6.866000,0.006410,0.000216,-0.015001
6.868000,0.006410,0.000216,-0.015001
6.870000,0.007753,-0.000106,-0.014472
6.872000,0.008405,-0.000219,-0.014154
6.874000,0.009046,-0.000304,-0.013809
6.876000,0.009676,-0.000360,-0.013440
6.878000,0.010295,-0.000387,-0.013050
6.880000,0.010903,-0.000387,-0.012642
6.882000,0.011499,-0.000363,-0.012218
6.884000,0.012082,-0.000315,-0.011780
6.886000,0.012652,-0.000244,-0.011331
6.888000,0.013209,-0.000153,-0.010872
6.890000,0.013752,-0.000043,-0.010403
6.892000,0.014281,0.000084,-0.009924
6.894000,0.014798,0.000227,-0.009438
6.896000,0.015300,0.000384,-0.008945
6.898000,0.015787,0.000554,-0.008441
6.900000,0.016259,0.000734,-0.007927
6.902000,0.016716,0.000922,-0.007407
6.904000,0.017157,0.001116,-0.006878
6.906000,0.017580,0.001317,-0.006342
6.908000,0.017580,0.001317,-0.006342
6.910000,0.018378,0.001728,-0.005246
6.912000,0.018378,0.001728,-0.005246
6.914000,0.018750,0.001937,-0.004687
6.916000,0.019445,0.002352,-0.003545
6.918000,0.019766,0.002556,-0.002956
6.920000,0.020069,0.002756,-0.002359
6.922000,0.020354,0.002951,-0.001749
6.924000,0.020621,0.003140,-0.001131
6.926000,0.020870,0.003324,-0.000504
6.928000,0.021100,0.003501,0.000131
6.930000,0.021311,0.003670,0.000775
6.932000,0.021505,0.003831,0.001428
6.934000,0.021680,0.003981,0.002094
6.936000,0.021836,0.004122,0.002771
6.938000,0.021973,0.004252,0.003460
6.940000,0.022092,0.004371,0.004161
6.942000,0.022193,0.004479,0.004873
6.944000,0.022276,0.004576,0.005598
6.946000,0.022340,0.004660,0.006336
6.948000,0.022383,0.004731,0.007089
6.950000,0.022409,0.004789,0.007855
6.952000,0.022417,0.004835,0.008633
6.954000,0.022406,0.004867,0.009423
6.956000,0.022377,0.004886,0.010227
6.958000,0.022328,0.004891,0.011044
6.960000,0.022263,0.004883,0.011874
6.962000,0.022180,0.004862,0.012714
6.964000,0.022081,0.004827,0.013568
6.966000,0.021963,0.004779,0.014437
6.968000,0.021829,0.004718,0.015316
6.970000,0.021678,0.004645,0.016203
6.972000,0.021512,0.004560,0.017099
6.974000,0.021330,0.004462,0.018003
6.976000,0.021134,0.004352,0.018914
6.978000,0.020922,0.004230,0.019834
6.980000,0.020696,0.004097,0.020760
6.982000,0.020455,0.003952,0.021689
6.984000,0.020201,0.003797,0.022620
6.986000,0.019932,0.003631,0.023553
6.988000,0.019649,0.003457,0.024488
6.990000,0.019352,0.003273,0.025423
6.992000,0.019042,0.003080,0.026354
6.994000,0.018720,0.002880,0.027283
6.996000,0.018384,0.002672,0.028209
6.998000,0.018037,0.002458,0.029131
7.000000,0.017677,0.002236,0.030049
7.002000,0.017307,0.002009,0.030960
7.004000,0.016926,0.001775,0.031864
7.006000,0.016534,0.001537,0.032759
7.008000,0.016131,0.001294,0.033640
7.010000,0.015716,0.001049,0.034505
7.012000,0.015288,0.000802,0.035349
7.014000,0.014849,0.000553,0.036176
7.016000,0.014398,0.000303,0.036986
7.018000,0.013935,0.000053,0.037779
7.020000,0.013460,-0.000196,0.038548
7.022000,0.012975,-0.000446,0.039300
7.024000,0.012480,-0.000694,0.040034
7.026000,0.011975,-0.000942,0.040749
7.028000,0.011460,-0.001188,0.041443
7.030000,0.010937,-0.001431,0.042119
7.032000,0.010405,-0.001670,0.042774
7.034000,0.009857,-0.001902,0.043379
7.036000,0.009296,-0.002128,0.043946
7.038000,0.008722,-0.002347,0.044478
7.040000,0.008135,-0.002559,0.044975
7.042000,0.007537,-0.002765,0.045450
7.044000,0.006935,-0.002968,0.045923
7.046000,0.006326,-0.003167,0.046382
7.048000,0.005713,-0.003362,0.046831
7.050000,0.005013,-0.003661,0.047168
7.052000,0.004251,-0.004040,0.047410
7.054000,0.003475,-0.004421,0.047597
7.056000,0.002694,-0.004790,0.047738
7.058000,0.001909,-0.005140,0.047837
7.060000,0.001121,-0.005466,0.047899
7.062000,0.000334,-0.005759,0.047928
7.064000,-0.000427,-0.006014,0.047888
7.066000,-0.001163,-0.006227,0.047785
7.068000,-0.001879,-0.006398,0.047629
7.070000,-0.002576,-0.006525,0.047430
7.072000,-0.003258,-0.006610,0.047196
7.074000,-0.003925,-0.006649,0.046930
7.076000,-0.004580,-0.006647,0.046640
7.078000,-0.005222,-0.006608,0.046331
7.080000,-0.005852,-0.006531,0.046005
7.082000,-0.006471,-0.006419,0.045669
7.084000,-0.007078,-0.006274,0.045324
7.086000,-0.007675,-0.006094,0.044972
7.088000,-0.008260,-0.005884,0.044614
7.090000,-0.008834,-0.005649,0.044250
7.092000,-0.009396,-0.005389,0.043882
7.094000,-0.009396,-0.005389,0.043882
7.096000,-0.010481,-0.004802,0.043132
7.098000,-0.011003,-0.004478,0.042749
7.100000,-0.011511,-0.004132,0.042359
7.102000,-0.012004,-0.003773,0.041967
7.104000,-0.012483,-0.003404,0.041574
7.106000,-0.012949,-0.003027,0.041178
7.108000,-0.013400,-0.002643,0.040779
7.110000,-0.013837,-0.002253,0.040377
7.112000,-0.014258,-0.001860,0.039971
7.114000,-0.014662,-0.001463,0.039560
7.116000,-0.015050,-0.001064,0.039144
7.118000,-0.015421,-0.000666,0.038724
7.120000,-0.015774,-0.000270,0.038298
7.122000,-0.016108,0.000124,0.037867
7.124000,-0.016425,0.000513,0.037429
7.126000,-0.016425,0.000513,0.037429
7.128000,-0.017003,0.001277,0.036530
7.130000,-0.017003,0.001277,0.036530
7.132000,-0.017506,0.002011,0.035589
7.134000,-0.017729,0.002365,0.035103
7.136000,-0.017930,0.002709,0.034607
7.138000,-0.018111,0.003043,0.034100
7.140000,-0.018111,0.003043,0.034100
7.142000,-0.018418,0.003679,0.033057
7.144000,-0.018540,0.003978,0.032518
7.146000,-0.018643,0.004266,0.031968
7.148000,-0.018726,0.004540,0.031405
7.150000,-0.018790,0.004801,0.030831
7.152000,-0.018831,0.005048,0.030243
7.154000,-0.018854,0.005281,0.029642
7.156000,-0.018857,0.005500,0.029029
7.158000,-0.018841,0.005704,0.028397
7.160000,-0.018806,0.005894,0.027746
7.162000,-0.018752,0.006069,0.027081
7.164000,-0.018679,0.006230,0.026403
7.166000,-0.018587,0.006378,0.025711
7.168000,-0.018476,0.006511,0.025007
7.170000,-0.018348,0.006631,0.024291
7.172000,-0.018201,0.006737,0.023563
7.174000,-0.018038,0.006829,0.022820
7.176000,-0.017858,0.006908,0.022063
7.178000,-0.017660,0.006973,0.021297
7.180000,-0.017445,0.007025,0.020522
7.182000,-0.017213,0.007063,0.019741
7.184000,-0.016963,0.007089,0.018957
7.186000,-0.016697,0.007103,0.018169
7.188000,-0.016414,0.007104,0.017376
7.190000,-0.016115,0.007093,0.016581
7.190000,-0.016115,0.007093,0.016581
7.192000,-0.015801,0.007071,0.015787
7.196000,-0.015126,0.006992,0.014197
7.198000,-0.015126,0.006992,0.014197
7.200000,-0.014388,0.006872,0.012612
7.202000,-0.013997,0.006797,0.011824
7.204000,-0.013593,0.006712,0.011041
7.206000,-0.013176,0.006619,0.010264
7.208000,-0.012745,0.006516,0.009495
7.210000,-0.012302,0.006405,0.008735
7.212000,-0.011847,0.006286,0.007986
7.214000,-0.011380,0.006159,0.007247
7.216000,-0.010901,0.006025,0.006517
7.218000,-0.010408,0.005884,0.005800
7.220000,-0.009904,0.005737,0.005096
7.222000,-0.009389,0.005584,0.004406
7.224000,-0.008862,0.005425,0.003729
7.226000,-0.008862,0.005425,0.003729
7.228000,-0.008325,0.005261,0.003065
7.230000,-0.007219,0.004919,0.001790
7.232000,-0.006647,0.004742,0.001190
7.234000,-0.006056,0.004560,0.000656
7.236000,-0.005445,0.004373,0.000181
7.238000,-0.004814,0.004183,-0.000237
7.240000,-0.004165,0.003989,-0.000609
7.242000,-0.003503,0.003792,-0.000960
7.244000,-0.002832,0.003593,-0.001307
7.246000,-0.002154,0.003392,-0.001650
7.248000,-0.001467,0.003191,-0.001977
7.250000,-0.000704,0.002925,-0.002228
7.252000,0.000121,0.002604,-0.002399
7.254000,0.000991,0.002243,-0.002498
7.256000,0.001874,0.001866,-0.002525
7.258000,0.002747,0.001499,-0.002519
7.260000,0.002747,0.001499,-0.002519
7.262000,0.004458,0.000817,-0.002416
7.264000,0.005296,0.000508,-0.002324
7.266000,0.006101,0.000236,-0.002172
7.268000,0.006877,-0.000001,-0.001965
7.270000,0.007628,-0.000202,-0.001711
7.272000,0.008357,-0.000364,-0.001413
7.274000,0.009066,-0.000491,-0.001082
7.276000,0.009066,-0.000491,-0.001082
7.278000,0.010434,-0.000648,-0.000338
7.280000,0.011094,-0.000677,0.000068
7.282000,0.011739,-0.000677,0.000494
7.284000,0.012370,-0.000650,0.000935
7.286000,0.012985,-0.000595,0.001390
7.288000,0.013586,-0.000516,0.001859
7.290000,0.014173,-0.000416,0.002338
7.292000,0.014746,-0.000298,0.002829
7.294000,0.015303,-0.000161,0.003330
7.296000,0.015846,-0.000008,0.003842
7.298000,0.016374,0.000158,0.004363
7.300000,0.016889,0.000335,0.004894
7.302000,0.017388,0.000521,0.005433
7.304000,0.017871,0.000715,0.005982
7.306000,0.018338,0.000916,0.006539
7.308000,0.018789,0.001121,0.007104
7.310000,0.019222,0.001329,0.007678
7.312000,0.019639,0.001539,0.008261
7.314000,0.020036,0.001751,0.008853
7.316000,0.020416,0.001962,0.009454
7.318000,0.020778,0.002171,0.010065
7.320000,0.021121,0.002377,0.010685
7.322000,0.021447,0.002578,0.011318
7.324000,0.021755,0.002773,0.011964
7.326000,0.022043,0.002962,0.012620
7.328000,0.022311,0.003145,0.013285
7.330000,0.022560,0.003321,0.013960
7.332000,0.022787,0.003488,0.014645
7.334000,0.022995,0.003647,0.015340
7.336000,0.023182,0.003797,0.016046
7.338000,0.023350,0.003936,0.016763
7.340000,0.023498,0.004065,0.017492
7.342000,0.023626,0.004182,0.018233
7.344000,0.023733,0.004288,0.018987
7.346000,0.023820,0.004381,0.019753
7.348000,0.023888,0.004463,0.020532
7.350000,0.023936,0.004531,0.021323
7.352000,0.023963,0.004587,0.022127
7.354000,0.023972,0.004629,0.022944
7.356000,0.023960,0.004658,0.023774
7.358000,0.023930,0.004673,0.024618
7.360000,0.023882,0.004674,0.025476
7.362000,0.023817,0.004662,0.026347
7.364000,0.023733,0.004636,0.027232
7.366000,0.023631,0.004596,0.028129
7.368000,0.023513,0.004543,0.029038
7.370000,0.023377,0.004477,0.029958
7.372000,0.023226,0.004399,0.030887
7.374000,0.023056,0.004308,0.031825
7.376000,0.022870,0.004205,0.032772
7.378000,0.022670,0.004090,0.033728
7.380000,0.022453,0.003963,0.034690
7.382000,0.022222,0.003825,0.035659
7.384000,0.021974,0.003675,0.036631
7.386000,0.021713,0.003515,0.037606
7.388000,0.021438,0.003344,0.038584
7.390000,0.021149,0.003164,0.039561
7.392000,0.020847,0.002974,0.040538
7.394000,0.020532,0.002775,0.041516
7.396000,0.020203,0.002568,0.042492
7.398000,0.019863,0.002354,0.043466
7.400000,0.019510,0.002131,0.044437
7.402000,0.019146,0.001903,0.045404
7.404000,0.018769,0.001668,0.046364
7.406000,0.018382,0.001427,0.047315
7.408000,0.017983,0.001181,0.048255
7.410000,0.017574,0.000932,0.049179
7.412000,0.017152,0.000679,0.050088
7.414000,0.016720,0.000423,0.050982
7.416000,0.016277,0.000165,0.051859
7.418000,0.015822,-0.000095,0.052719
7.420000,0.015357,-0.000355,0.053560
7.422000,0.014880,-0.000615,0.054383
7.424000,0.014393,-0.000875,0.055187
7.426000,0.013895,-0.001133,0.055970
7.428000,0.013388,-0.001390,0.056734
7.430000,0.012867,-0.001643,0.057458
7.432000,0.012333,-0.001891,0.058144
7.434000,0.011782,-0.002132,0.058783
7.436000,0.011220,-0.002369,0.059395
7.438000,0.010646,-0.002602,0.059986
7.440000,0.010063,-0.002831,0.060557
7.442000,0.009470,-0.003054,0.061106
7.444000,0.008869,-0.003273,0.061640
7.446000,0.008259,-0.003485,0.062147
7.448000,0.007641,-0.003690,0.062631
7.450000,0.007022,-0.003891,0.063110
7.452000,0.006324,-0.004204,0.063480
7.454000,0.005568,-0.004607,0.063752
7.456000,0.004799,-0.005016,0.063965
7.458000,0.004022,-0.005416,0.064130
7.460000,0.003238,-0.005802,0.064252
7.462000,0.002452,-0.006163,0.064338
7.464000,0.001666,-0.006496,0.064389
7.466000,0.000907,-0.006790,0.064367
7.468000,0.000173,-0.007042,0.064277
7.470000,-0.000540,-0.007251,0.064130
7.472000,-0.001234,-0.007412,0.063932
7.474000,-0.001913,-0.007530,0.063695
7.476000,-0.002578,-0.007606,0.063429
7.478000,-0.003232,-0.007642,0.063139
7.480000,-0.003873,-0.007639,0.062828
7.482000,-0.004505,-0.007594,0.062500
7.484000,-0.005125,-0.007509,0.062157
7.486000,-0.005736,-0.007389,0.061805
7.488000,-0.006337,-0.007239,0.061447
7.490000,-0.006927,-0.007059,0.061084
7.492000,-0.007506,-0.006852,0.060713
7.494000,-0.008073,-0.006616,0.060336
7.496000,-0.008628,-0.006356,0.059956
7.498000,-0.009172,-0.006077,0.059574
7.500000,-0.009704,-0.005778,0.059190
7.502000,-0.010222,-0.005464,0.058801
7.504000,-0.010728,-0.005137,0.058407
7.506000,-0.011220,-0.004798,0.058012
7.508000,-0.011698,-0.004449,0.057616
7.510000,-0.012161,-0.004092,0.057218
7.512000,-0.012609,-0.003727,0.056820
7.514000,-0.013042,-0.003357,0.056419
7.516000,-0.013460,-0.002984,0.056015
7.518000,-0.013861,-0.002609,0.055608
7.520000,-0.014245,-0.002234,0.055197
7.522000,-0.014612,-0.001859,0.054782
7.524000,-0.014960,-0.001485,0.054361
7.526000,-0.015288,-0.001114,0.053934
7.528000,-0.015598,-0.000747,0.053500
7.530000,-0.015890,-0.000385,0.053061
7.532000,-0.016162,-0.000030,0.052612
7.534000,-0.016413,0.000319,0.052153
7.536000,-0.016644,0.000659,0.051684
7.538000,-0.016855,0.000991,0.051204
7.540000,-0.017048,0.001314,0.050714
7.542000,-0.017221,0.001626,0.050213
7.544000,-0.017373,0.001928,0.049699
7.546000,-0.017503,0.002217,0.049170
7.548000,-0.017612,0.002495,0.048627
7.550000,-0.017698,0.002760,0.048070
7.552000,-0.017764,0.003012,0.047502
7.554000,-0.017810,0.003251,0.046922
7.556000,-0.017836,0.003477,0.046325
7.558000,-0.017841,0.003688,0.045709
7.560000,-0.017826,0.003885,0.045081
7.562000,-0.017792,0.004069,0.044440
7.564000,-0.017738,0.004239,0.043786
7.566000,-0.017662,0.004396,0.043119
7.568000,-0.017568,0.004538,0.042439
7.570000,-0.017454,0.004668,0.041748
7.572000,-0.017322,0.004784,0.041046
7.574000,-0.017170,0.004887,0.040330
7.576000,-0.017001,0.004977,0.039605
7.578000,-0.016814,0.005054,0.038869
7.580000,-0.016611,0.005119,0.038124
7.582000,-0.016392,0.005171,0.037373
7.584000,-0.016155,0.005210,0.036616
7.586000,-0.015902,0.005238,0.035854
7.588000,-0.015633,0.005254,0.035085
7.590000,-0.015348,0.005258,0.034311
7.592000,-0.015048,0.005250,0.033535
7.594000,-0.014732,0.005232,0.032757
7.596000,-0.014400,0.005202,0.031976
7.598000,-0.014052,0.005163,0.031195
7.600000,-0.013689,0.005113,0.030415
7.602000,-0.013311,0.005053,0.029640
7.604000,-0.012919,0.004985,0.028870
7.606000,-0.012513,0.004909,0.028105
7.608000,-0.012094,0.004823,0.027347
7.610000,-0.011663,0.004728,0.026598
7.612000,-0.011218,0.004626,0.025858
7.614000,-0.010761,0.004516,0.025129
7.616000,-0.010292,0.004398,0.024410
7.618000,-0.009809,0.004274,0.023702
7.620000,-0.009314,0.004143,0.023008
7.622000,-0.008807,0.004007,0.022327
7.624000,-0.008288,0.003865,0.021661
7.626000,-0.007757,0.003718,0.021010
7.628000,-0.007215,0.003566,0.020374
7.630000,-0.006662,0.003409,0.019755
7.632000,-0.006095,0.003247,0.019172
7.634000,-0.005513,0.003081,0.018623
7.636000,-0.004916,0.002911,0.018107
7.638000,-0.004304,0.002737,0.017618
7.640000,-0.003678,0.002560,0.017158
7.642000,-0.003039,0.002381,0.016721
7.644000,-0.002388,0.002199,0.016302
7.646000,-0.001729,0.002016,0.015901
7.648000,-0.001062,0.001831,0.015512
7.650000,-0.000390,0.001646,0.015137
7.652000,0.000287,0.001461,0.014774
7.654000,0.001047,0.001203,0.014516
7.656000,0.001824,0.000799,0.014295
7.658000,0.002607,0.000384,0.014133
7.660000,0.003396,-0.000028,0.014024
7.662000,0.004187,-0.000432,0.013964
7.664000,0.004975,-0.000820,0.013948
7.666000,0.005740,-0.001174,0.014000
7.668000,0.006486,-0.001495,0.014111
7.670000,0.007214,-0.001781,0.014272
7.672000,0.007214,-0.001781,0.014272
7.674000,0.008623,-0.002245,0.014716
7.676000,0.009306,-0.002420,0.014989
7.678000,0.009974,-0.002560,0.015287
7.680000,0.010628,-0.002665,0.015604
7.682000,0.011268,-0.002737,0.015941
7.684000,0.011893,-0.002774,0.016295
7.686000,0.012504,-0.002778,0.016669
7.688000,0.013100,-0.002753,0.017055
7.690000,0.013681,-0.002702,0.017455
7.692000,0.014246,-0.002623,0.017867
7.694000,0.014793,-0.002520,0.018289
7.696000,0.015325,-0.002396,0.018722
7.698000,0.015325,-0.002396,0.018722
7.700000,0.016346,-0.002099,0.019616
7.702000,0.016832,-0.001928,0.020075
7.704000,0.017302,-0.001744,0.020544
7.706000,0.017754,-0.001551,0.021020
7.708000,0.018190,-0.001350,0.021508
7.710000,0.018607,-0.001142,0.022004
7.712000,0.019007,-0.000929,0.022506
7.714000,0.019389,-0.000712,0.023016
7.716000,0.019752,-0.000492,0.023533
7.718000,0.020096,-0.000270,0.024058
7.720000,0.020421,-0.000049,0.024591
7.722000,0.020725,0.000172,0.025133
7.724000,0.021011,0.000390,0.025684
7.726000,0.021278,0.000605,0.026242
7.728000,0.021526,0.000815,0.026809
7.730000,0.021754,0.001018,0.027389
7.732000,0.021962,0.001215,0.027984
7.734000,0.022151,0.001404,0.028588
7.736000,0.022319,0.001585,0.029202
7.738000,0.022469,0.001758,0.029825
7.740000,0.022600,0.001922,0.030459
7.742000,0.022709,0.002075,0.031103
7.744000,0.022799,0.002218,0.031759
7.746000,0.022870,0.002350,0.032426
7.748000,0.022921,0.002471,0.033103
7.750000,0.022954,0.002579,0.033792
7.752000,0.022967,0.002676,0.034491
7.754000,0.022960,0.002760,0.035203
7.756000,0.022933,0.002830,0.035930
7.758000,0.022885,0.002887,0.036669
7.760000,0.022819,0.002931,0.037419
7.762000,0.022736,0.002963,0.038178
7.764000,0.022636,0.002981,0.038948
7.766000,0.022517,0.002986,0.039729
7.768000,0.022380,0.002978,0.040520
7.770000,0.022226,0.002957,0.041321
7.772000,0.022055,0.002923,0.042131
7.774000,0.021869,0.002877,0.042949
7.776000,0.021667,0.002819,0.043776
7.778000,0.021448,0.002749,0.044613
7.780000,0.021213,0.002666,0.045458
7.782000,0.020964,0.002572,0.046310
7.784000,0.020700,0.002466,0.047168
7.786000,0.020423,0.002350,0.048033
7.788000,0.020132,0.002222,0.048902
7.790000,0.019828,0.002082,0.049777
7.792000,0.019510,0.001932,0.050657
7.794000,0.019180,0.001772,0.051540
7.796000,0.018838,0.001603,0.052425
7.798000,0.018484,0.001424,0.053312
7.800000,0.018118,0.001237,0.054197
7.802000,0.017740,0.001042,0.055080
7.804000,0.017350,0.000840,0.055960
7.806000,0.016950,0.000631,0.056835
7.808000,0.016538,0.000417,0.057701
7.810000,0.016114,0.000197,0.058556
7.812000,0.015680,-0.000028,0.059400
7.814000,0.015235,-0.000256,0.060232
7.816000,0.014780,-0.000488,0.061049
7.818000,0.014314,-0.000724,0.061852
7.820000,0.013838,-0.000961,0.062639
7.822000,0.013353,-0.001201,0.063412
7.824000,0.012858,-0.001442,0.064169
7.826000,0.012353,-0.001684,0.064911
7.828000,0.011838,-0.001925,0.065635
7.830000,0.011314,-0.002166,0.066341
7.832000,0.010778,-0.002404,0.067014
7.834000,0.010230,-0.002637,0.067655
7.836000,0.009670,-0.002867,0.068262
7.838000,0.009097,-0.003093,0.068839
7.840000,0.008512,-0.003315,0.069386
7.842000,0.007916,-0.003534,0.069911
7.844000,0.007311,-0.003748,0.070416
7.846000,0.006696,-0.003957,0.070900
7.848000,0.006073,-0.004162,0.071367
7.850000,0.005445,-0.004361,0.071820
7.852000,0.004814,-0.004557,0.072262
7.854000,0.004111,-0.004847,0.072602
7.856000,0.003355,-0.005219,0.072845
7.858000,0.002623,-0.005674,0.073025
7.860000,0.001890,-0.006121,0.073154
7.862000,0.001157,-0.006548,0.073238
7.864000,0.000427,-0.006949,0.073281
7.866000,-0.000298,-0.007314,0.073286
7.868000,-0.000999,-0.007637,0.073226
7.870000,-0.001678,-0.007911,0.073107
7.872000,-0.002339,-0.008140,0.072938
7.874000,-0.002339,-0.008140,0.072938
7.876000,-0.003618,-0.008464,0.072485
7.878000,-0.004239,-0.008556,0.072215
7.880000,-0.004852,-0.008608,0.071922
7.882000,-0.005456,-0.008619,0.071609
7.884000,-0.006054,-0.008587,0.071280
7.886000,-0.006643,-0.008518,0.070936
7.888000,-0.007226,-0.008414,0.070580
7.890000,-0.007800,-0.008277,0.070214
7.892000,-0.008366,-0.008104,0.069839
7.894000,-0.008924,-0.007899,0.069452
7.896000,-0.009475,-0.007667,0.069058
7.898000,-0.010017,-0.007411,0.068659
7.900000,-0.010549,-0.007133,0.068254
7.902000,-0.011071,-0.006835,0.067845
7.904000,-0.011581,-0.006516,0.067430
7.906000,-0.012078,-0.006178,0.067011
7.908000,-0.012562,-0.005824,0.066586
7.910000,-0.013034,-0.005459,0.066156
7.912000,-0.013493,-0.005083,0.065721
7.914000,-0.013939,-0.004699,0.065282
7.916000,-0.014369,-0.004307,0.064837
7.918000,-0.014783,-0.003909,0.064383
7.920000,-0.015182,-0.003507,0.063923
7.922000,-0.015565,-0.003104,0.063456
7.924000,-0.015932,-0.002700,0.062984
7.926000,-0.016281,-0.002296,0.062504
7.928000,-0.016613,-0.001893,0.062016
7.930000,-0.016928,-0.001494,0.061521
7.932000,-0.017227,-0.001100,0.061015
7.934000,-0.017507,-0.000712,0.060499
7.936000,-0.017770,-0.000330,0.059971
7.938000,-0.018015,0.000044,0.059432
7.940000,-0.018240,0.000410,0.058881
7.942000,-0.018445,0.000766,0.058316
7.944000,-0.018634,0.001113,0.057739
7.946000,-0.018804,0.001449,0.057149
7.948000,-0.018956,0.001774,0.056544
7.950000,-0.019088,0.002087,0.055924
7.952000,-0.019201,0.002387,0.055289
7.954000,-0.019293,0.002673,0.054639
7.956000,-0.019366,0.002947,0.053974
7.958000,-0.019420,0.003208,0.053294
7.960000,-0.019454,0.003455,0.052597
7.962000,-0.019467,0.003688,0.051884
7.964000,-0.019459,0.003907,0.051155
7.966000,-0.019433,0.004112,0.050412
7.968000,-0.019388,0.004304,0.049656
7.970000,-0.019323,0.004482,0.048886
7.972000,-0.019239,0.004645,0.048103
7.974000,-0.019135,0.004794,0.047305
7.976000,-0.019014,0.004931,0.046497
7.978000,-0.018876,0.005054,0.045676
7.980000,-0.018720,0.005165,0.044842
7.982000,-0.018546,0.005261,0.043996
7.984000,-0.018355,0.005345,0.043142
7.986000,-0.018148,0.005416,0.042282
7.988000,-0.017925,0.005474,0.041418
7.990000,-0.017686,0.005521,0.040552
7.992000,-0.017430,0.005556,0.039683
7.994000,-0.017158,0.005580,0.038811
7.996000,-0.016870,0.005592,0.037939
7.998000,-0.016568,0.005594,0.037067
8.000000,-0.016252,0.005586,0.036192
8.002000,-0.015923,0.005566,0.035317
8.004000,-0.015580,0.005537,0.034444
8.006000,-0.015223,0.005498,0.033574
8.008000,-0.014854,0.005450,0.032707
8.010000,-0.014471,0.005393,0.031846
8.012000,-0.014076,0.005328,0.030990
8.014000,-0.013668,0.005254,0.030143
8.016000,-0.013246,0.005172,0.029306
8.018000,-0.012812,0.005083,0.028477
8.020000,-0.012365,0.004987,0.027658
8.022000,-0.011906,0.004885,0.026854
8.024000,-0.011434,0.004775,0.026065
8.026000,-0.010950,0.004660,0.025291
8.028000,-0.010453,0.004539,0.024535
8.030000,-0.009944,0.004413,0.023797
8.032000,-0.009420,0.004282,0.023091
8.034000,-0.008881,0.004145,0.022418
8.036000,-0.008328,0.004004,0.021778
8.038000,-0.007761,0.003858,0.021159
8.040000,-0.007180,0.003707,0.020571
8.042000,-0.006585,0.003552,0.020013
8.044000,-0.005975,0.003395,0.019484
8.046000,-0.005354,0.003235,0.018980
8.048000,-0.004726,0.003073,0.018481
8.050000,-0.004094,0.002909,0.017986
8.052000,-0.003454,0.002743,0.017509
8.054000,-0.002808,0.002576,0.017051
8.056000,-0.002157,0.002410,0.016607
8.058000,-0.001364,0.002173,0.016246
8.060000,-0.000483,0.001899,0.015973
8.062000,0.000389,0.001625,0.015753
8.064000,0.001252,0.001355,0.015581
8.066000,0.002103,0.001094,0.015452
8.068000,0.002940,0.000845,0.015361
8.070000,0.003745,0.000628,0.015336
8.072000,0.004520,0.000443,0.015369
8.074000,0.005270,0.000289,0.015453
8.076000,0.005999,0.000165,0.015578
8.078000,0.006708,0.000076,0.015741
8.080000,0.007399,0.000019,0.015934
8.082000,0.008075,-0.000005,0.016153
8.084000,0.008737,-0.000002,0.016396
8.086000,0.009384,0.000027,0.016657
8.088000,0.010016,0.000084,0.016934
8.090000,0.010635,0.000168,0.017227
8.092000,0.011239,0.000276,0.017535
8.094000,0.011829,0.000403,0.017856
8.096000,0.012404,0.000552,0.018188
8.098000,0.012964,0.000720,0.018532
8.100000,0.013508,0.000902,0.018886
8.102000,0.014037,0.001098,0.019250
8.104000,0.014549,0.001305,0.019623
8.106000,0.015045,0.001523,0.020005
8.108000,0.015523,0.001749,0.020396
8.110000,0.015985,0.001981,0.020794
8.112000,0.016428,0.002219,0.021199
8.114000,0.016855,0.002460,0.021610
8.116000,0.017267,0.002701,0.022028
8.118000,0.017662,0.002942,0.022453
8.120000,0.018038,0.003182,0.022886
8.122000,0.018397,0.003420,0.023325
8.124000,0.018738,0.003654,0.023773
8.126000,0.019060,0.003883,0.024228
8.128000,0.019365,0.004107,0.024691
8.130000,0.019649,0.004325,0.025162
8.132000,0.019914,0.004535,0.025643
8.134000,0.020160,0.004736,0.026134
8.136000,0.020388,0.004928,0.026634
8.138000,0.020594,0.005109,0.027146
8.140000,0.020782,0.005280,0.027668
8.142000,0.020951,0.005440,0.028202
8.144000,0.021100,0.005589,0.028746
8.146000,0.021228,0.005726,0.029302
8.148000,0.021335,0.005849,0.029871
8.150000,0.021423,0.005960,0.030451
8.152000,0.021491,0.006058,0.031044
8.154000,0.021537,0.006141,0.031650
8.156000,0.021563,0.006210,0.032269
8.158000,0.021568,0.006265,0.032900
8.160000,0.021555,0.006306,0.033545
8.162000,0.021521,0.006331,0.034204
8.164000,0.021468,0.006342,0.034875
8.166000,0.021397,0.006340,0.035559
8.168000,0.021307,0.006323,0.036254
8.170000,0.021201,0.006291,0.036964
8.172000,0.021074,0.006243,0.037691
8.174000,0.020931,0.006182,0.038427
8.176000,0.020769,0.006107,0.039171
8.178000,0.020590,0.006019,0.039923
8.180000,0.020393,0.005918,0.040683
8.182000,0.020178,0.005804,0.041451
8.184000,0.019947,0.005678,0.042225
8.186000,0.019700,0.005541,0.043004
8.188000,0.019437,0.005391,0.043789
8.190000,0.019157,0.005230,0.044580
8.192000,0.018863,0.005058,0.045374
8.194000,0.018556,0.004875,0.046172
8.196000,0.018236,0.004682,0.046970
8.198000,0.017902,0.004478,0.047771
8.200000,0.017554,0.004266,0.048571
8.202000,0.017195,0.004045,0.049370
8.204000,0.016823,0.003816,0.050168
8.206000,0.016439,0.003579,0.050964
8.208000,0.016044,0.003335,0.051757
8.210000,0.015637,0.003084,0.052546
8.212000,0.015219,0.002827,0.053330
8.214000,0.014789,0.002565,0.054106
8.216000,0.014349,0.002298,0.054871
8.218000,0.013897,0.002028,0.055626
8.220000,0.013436,0.001753,0.056373
8.222000,0.012965,0.001475,0.057111
8.224000,0.012485,0.001194,0.057833
8.226000,0.012485,0.001194,0.057833
8.228000,0.011494,0.000630,0.059229
8.230000,0.010983,0.000348,0.059901
8.232000,0.010463,0.000066,0.060554
8.234000,0.009933,-0.000214,0.061187
8.236000,0.009388,-0.000488,0.061774
8.238000,0.008828,-0.000755,0.062314
8.240000,0.008252,-0.001015,0.062809
8.242000,0.007668,-0.001272,0.063281
8.244000,0.007073,-0.001526,0.063734
8.246000,0.006470,-0.001776,0.064165
8.248000,0.005854,-0.002018,0.064563
8.250000,0.005228,-0.002254,0.064932
8.252000,0.004598,-0.002486,0.065293
8.254000,0.003965,-0.002714,0.065647
8.256000,0.003329,-0.002936,0.065995
8.258000,0.002577,-0.003263,0.066248
8.258000,0.002577,-0.003263,0.066248
8.260000,0.001746,-0.003675,0.066422
8.264000,0.000925,-0.004079,0.066542
8.266000,-0.000683,-0.004824,0.066643
8.268000,-0.001469,-0.005151,0.066636
8.270000,-0.002243,-0.005447,0.066595
8.272000,-0.002984,-0.005702,0.066488
8.274000,-0.003696,-0.005913,0.066324
8.276000,-0.004383,-0.006082,0.066109
8.278000,-0.005048,-0.006207,0.065854
8.280000,-0.005695,-0.006291,0.065566
8.282000,-0.006326,-0.006334,0.065251
8.284000,-0.006943,-0.006338,0.064914
8.286000,-0.007546,-0.006304,0.064559
8.288000,-0.008136,-0.006229,0.064188
8.290000,-0.008715,-0.006121,0.063805
8.292000,-0.009282,-0.005982,0.063411
8.294000,-0.009282,-0.005982,0.063411
8.296000,-0.010382,-0.005612,0.062599
8.298000,-0.010913,-0.005382,0.062183
8.300000,-0.011434,-0.005130,0.061761
8.302000,-0.011434,-0.005130,0.061761
8.304000,-0.012443,-0.004562,0.060902
8.306000,-0.012929,-0.004250,0.060462
8.308000,-0.013402,-0.003919,0.060014
8.310000,-0.013861,-0.003576,0.059565
8.312000,-0.014309,-0.003224,0.059114
8.314000,-0.014745,-0.002864,0.058662
8.316000,-0.015166,-0.002497,0.058207
8.318000,-0.015572,-0.002123,0.057750
8.320000,-0.015962,-0.001745,0.057289
8.322000,-0.016336,-0.001363,0.056825
8.324000,-0.016695,-0.000982,0.056356
8.326000,-0.017037,-0.000600,0.055882
8.328000,-0.017037,-0.000600,0.055882
8.330000,-0.017360,-0.000219,0.055403
8.332000,-0.017953,0.000533,0.054425
8.336000,-0.018220,0.000903,0.053925
8.336000,-0.018220,0.000903,0.053925
8.338000,-0.018692,0.001623,0.052892
8.340000,-0.018900,0.001971,0.052361
8.342000,-0.019086,0.002310,0.051817
8.344000,-0.019254,0.002638,0.051263
8.346000,-0.019405,0.002957,0.050702
8.348000,-0.019535,0.003264,0.050130
8.350000,-0.019644,0.003560,0.049549
8.352000,-0.019735,0.003845,0.048959
8.354000,-0.019805,0.004118,0.048357
8.356000,-0.019857,0.004378,0.047744
8.358000,-0.019887,0.004624,0.047120
8.360000,-0.019897,0.004857,0.046481
8.362000,-0.019889,0.005076,0.045828
8.364000,-0.019862,0.005281,0.045163
8.366000,-0.019817,0.005473,0.044484
8.368000,-0.019751,0.005651,0.043790
8.370000,-0.019665,0.005814,0.043082
8.372000,-0.019560,0.005964,0.042362
8.374000,-0.019438,0.006100,0.041631
8.376000,-0.019298,0.006224,0.040887
8.378000,-0.019139,0.006334,0.040131
8.380000,-0.018964,0.006431,0.039362
8.382000,-0.018772,0.006514,0.038585
8.384000,-0.018563,0.006585,0.037797
8.386000,-0.018339,0.006643,0.037000
8.388000,-0.018098,0.006689,0.036196
8.390000,-0.017841,0.006723,0.035384
8.392000,-0.017568,0.006745,0.034566
8.394000,-0.017280,0.006755,0.033741
8.396000,-0.016978,0.006754,0.032911
8.398000,-0.016661,0.006741,0.032077
8.400000,-0.016329,0.006718,0.031239
8.402000,-0.015984,0.006684,0.030400
8.404000,-0.015624,0.006640,0.029557
8.406000,-0.015250,0.006587,0.028713
8.408000,-0.014861,0.006523,0.027875
8.410000,-0.014459,0.006451,0.027046
8.412000,-0.014043,0.006369,0.026227
8.414000,-0.013613,0.006279,0.025418
8.416000,-0.013171,0.006180,0.024621
8.418000,-0.012716,0.006073,0.023834
8.420000,-0.012248,0.005958,0.023060
8.422000,-0.011768,0.005837,0.022298
8.424000,-0.011275,0.005709,0.021549
8.426000,-0.010772,0.005575,0.020814
8.428000,-0.010256,0.005435,0.020093
8.430000,-0.009730,0.005289,0.019386
8.432000,-0.009193,0.005138,0.018693
8.434000,-0.008643,0.004982,0.018027
8.436000,-0.008080,0.004820,0.017386
8.438000,-0.007504,0.004654,0.016771
8.440000,-0.006915,0.004483,0.016180
8.442000,-0.006312,0.004309,0.015613
8.444000,-0.005696,0.004132,0.015066
8.446000,-0.005070,0.003952,0.014538
8.448000,-0.004432,0.003770,0.014028
8.450000,-0.003785,0.003586,0.013533
8.450000,-0.003785,0.003586,0.013533
8.454000,-0.002473,0.003215,0.012580
8.456000,-0.001810,0.003030,0.012118
8.458000,-0.001145,0.002843,0.011661
8.460000,-0.000376,0.002592,0.011267
8.462000,0.000471,0.002289,0.010940
8.464000,0.001308,0.001988,0.010669
8.466000,0.002127,0.001697,0.010449
8.468000,0.002931,0.001420,0.010276
8.470000,0.003717,0.001165,0.010145
8.472000,0.004474,0.000940,0.010076
8.474000,0.005206,0.000746,0.010063
8.476000,0.005917,0.000583,0.010097
8.478000,0.006609,0.000454,0.010173
8.480000,0.007285,0.000361,0.010284
8.482000,0.007946,0.000301,0.010423
8.484000,0.008596,0.000269,0.010590
8.486000,0.009236,0.000266,0.010782
8.488000,0.009866,0.000287,0.010994
8.490000,0.010484,0.000333,0.011226
8.492000,0.011091,0.000401,0.011474
8.494000,0.011687,0.000490,0.011739
8.496000,0.012270,0.000600,0.012018
8.498000,0.012839,0.000732,0.012311
8.500000,0.013396,0.000879,0.012615
8.502000,0.013940,0.001041,0.012932
8.504000,0.014472,0.001214,0.013260
8.506000,0.014989,0.001400,0.013598
8.508000,0.015492,0.001596,0.013944
8.510000,0.015980,0.001800,0.014298
8.512000,0.016452,0.002009,0.014660
8.514000,0.016907,0.002224,0.015030
8.516000,0.017344,0.002443,0.015408
8.518000,0.017765,0.002663,0.015795
8.520000,0.018169,0.002884,0.016191
8.522000,0.018555,0.003104,0.016596
8.524000,0.018924,0.003322,0.017011
8.526000,0.019274,0.003538,0.017434
8.528000,0.019606,0.003750,0.017866
8.530000,0.019918,0.003957,0.018307
8.532000,0.020210,0.004158,0.018758
8.534000,0.020484,0.004353,0.019219
8.536000,0.020736,0.004541,0.019692
8.538000,0.020969,0.004721,0.020174
8.540000,0.021182,0.004892,0.020667
8.542000,0.021374,0.005053,0.021170
8.544000,0.021547,0.005205,0.021685
8.546000,0.021701,0.005346,0.022210
8.548000,0.021835,0.005476,0.022746
8.550000,0.021951,0.005593,0.023298
8.552000,0.022048,0.005699,0.023866
8.554000,0.022122,0.005790,0.024450
8.556000,0.022176,0.005869,0.025045
8.558000,0.022210,0.005936,0.025651
8.560000,0.022224,0.005990,0.026270
8.562000,0.022218,0.006030,0.026900
8.564000,0.022194,0.006056,0.027542
8.566000,0.022148,0.006069,0.028196
8.568000,0.022084,0.006069,0.028861
8.570000,0.022002,0.006055,0.029537
8.572000,0.021902,0.006028,0.030223
8.574000,0.021784,0.005988,0.030921
8.576000,0.021649,0.005935,0.031630
8.578000,0.021495,0.005870,0.032349
8.580000,0.021324,0.005791,0.033081
8.582000,0.021137,0.005699,0.033824
8.584000,0.020934,0.005595,0.034575
8.586000,0.020716,0.005477,0.035338
8.588000,0.020483,0.005347,0.036111
8.590000,0.020236,0.005204,0.036893
8.592000,0.019973,0.005048,0.037685
8.594000,0.019695,0.004881,0.038481
8.596000,0.019402,0.004705,0.039278
8.598000,0.019095,0.004519,0.040075
8.600000,0.018775,0.004323,0.040871
8.602000,0.018440,0.004119,0.041666
8.604000,0.018093,0.003907,0.042462
8.606000,0.017733,0.003687,0.043256
8.608000,0.017361,0.003459,0.044045
8.610000,0.016976,0.003226,0.044826
8.612000,0.016578,0.002986,0.045600
8.614000,0.016170,0.002741,0.046366
8.616000,0.015750,0.002490,0.047122
8.618000,0.015319,0.002235,0.047868
8.620000,0.014877,0.001976,0.048604
8.622000,0.014425,0.001714,0.049330
8.624000,0.013962,0.001449,0.050045
8.626000,0.013487,0.001182,0.050746
8.628000,0.013003,0.000914,0.051434
8.630000,0.012508,0.000646,0.052107
8.632000,0.012001,0.000379,0.052753
8.634000,0.011481,0.000115,0.053373
8.636000,0.010950,-0.000148,0.053965
8.638000,0.010407,-0.000407,0.054530
8.640000,0.009853,-0.000664,0.055070
8.642000,0.009288,-0.000917,0.055586
8.644000,0.008713,-0.001166,0.056079
8.646000,0.008127,-0.001410,0.056546
8.648000,0.007530,-0.001649,0.056989
8.650000,0.006922,-0.001880,0.057396
8.652000,0.006304,-0.002104,0.057774
8.654000,0.005678,-0.002322,0.058131
8.656000,0.005044,-0.002533,0.058465
8.658000,0.004324,-0.002844,0.058682
8.660000,0.003501,-0.003220,0.058827
8.662000,0.002678,-0.003595,0.058915
8.664000,0.001861,-0.003957,0.058955
8.666000,0.001050,-0.004300,0.058953
8.668000,0.000247,-0.004616,0.058914
8.670000,-0.000547,-0.004901,0.058840
8.672000,-0.001310,-0.005147,0.058700
8.674000,-0.002045,-0.005352,0.058497
8.676000,-0.002757,-0.005514,0.058240
8.678000,-0.003448,-0.005635,0.057942
8.680000,-0.004121,-0.005711,0.057608
8.682000,-0.004778,-0.005741,0.057244
8.684000,-0.005422,-0.005734,0.056861
8.686000,-0.006054,-0.005690,0.056460
8.688000,-0.006674,-0.005607,0.056043
8.690000,-0.007282,-0.005486,0.055618
8.692000,-0.007879,-0.005335,0.055183
8.694000,-0.008464,-0.005155,0.054742
8.696000,-0.009038,-0.004948,0.054291
8.698000,-0.009601,-0.004713,0.053831
8.700000,-0.010152,-0.004453,0.053368
8.702000,-0.010691,-0.004170,0.052901
8.704000,-0.011218,-0.003869,0.052431
8.706000,-0.011733,-0.003551,0.051958
8.708000,-0.012233,-0.003219,0.051481
8.710000,-0.012721,-0.002872,0.051001
8.712000,-0.013196,-0.002516,0.050519
8.714000,-0.013657,-0.002151,0.050036
8.716000,-0.014104,-0.001781,0.049551
8.718000,-0.014537,-0.001405,0.049064
8.720000,-0.014953,-0.001024,0.048574
8.722000,-0.015352,-0.000640,0.048081
8.724000,-0.015734,-0.000255,0.047584
8.726000,-0.016101,0.000130,0.047082
8.728000,-0.016449,0.000513,0.046575
8.730000,-0.016779,0.000894,0.046063
8.732000,-0.017092,0.001271,0.045545
8.734000,-0.017386,0.001643,0.045018
8.736000,-0.017661,0.002009,0.044484
8.738000,-0.017917,0.002368,0.043943
8.740000,-0.018154,0.002719,0.043391
8.742000,-0.018372,0.003062,0.042831
8.744000,-0.018571,0.003395,0.042261
8.746000,-0.018752,0.003717,0.041678
8.748000,-0.018913,0.004029,0.041085
8.750000,-0.019055,0.004330,0.040482
8.752000,-0.019177,0.004620,0.039869
8.754000,-0.019278,0.004898,0.039241
8.756000,-0.019359,0.005163,0.038602
8.758000,-0.019421,0.005415,0.037951
8.760000,-0.019462,0.005652,0.037287
8.762000,-0.019481,0.005875,0.036607
8.764000,-0.019481,0.006084,0.035915
8.766000,-0.019463,0.006279,0.035211
8.768000,-0.019423,0.006460,0.034493
8.770000,-0.019362,0.006626,0.033758
8.772000,-0.019282,0.006779,0.033011
8.774000,-0.019183,0.006918,0.032254
8.776000,-0.019067,0.007044,0.031484
8.778000,-0.018933,0.007156,0.030703
8.780000,-0.018782,0.007255,0.029912
8.782000,-0.018615,0.007341,0.029112
8.784000,-0.018429,0.007413,0.028303
8.786000,-0.018226,0.007472,0.027484
8.788000,-0.018007,0.007518,0.026659
8.790000,-0.017772,0.007553,0.025827
8.792000,-0.017519,0.007575,0.024988
8.794000,-0.017250,0.007585,0.024143
8.796000,-0.016966,0.007583,0.023294
8.798000,-0.016667,0.007570,0.022444
8.800000,-0.016354,0.007545,0.021591
8.802000,-0.016026,0.007511,0.020738
8.804000,-0.015683,0.007466,0.019884
8.806000,-0.015326,0.007411,0.019028
8.808000,-0.014956,0.007346,0.018173
8.810000,-0.014572,0.007272,0.017320
8.812000,-0.014176,0.007189,0.016471
8.814000,-0.013766,0.007096,0.015626
8.816000,-0.013343,0.006995,0.014784
8.818000,-0.012908,0.006885,0.013949
8.820000,-0.012461,0.006768,0.013121
8.822000,-0.012002,0.006643,0.012303
8.824000,-0.011531,0.006512,0.011498
8.826000,-0.011048,0.006374,0.010704
8.828000,-0.010554,0.006230,0.009920
8.830000,-0.010050,0.006081,0.009149
8.832000,-0.009533,0.005925,0.008401
8.834000,-0.009003,0.005764,0.007676
8.836000,-0.008458,0.005597,0.006984
8.838000,-0.007901,0.005426,0.006313
8.840000,-0.007901,0.005426,0.006313
8.842000,-0.006746,0.005071,0.005031
8.844000,-0.006150,0.004888,0.004416
8.846000,-0.005538,0.004703,0.003834
8.848000,-0.004917,0.004515,0.003265
8.850000,-0.004285,0.004325,0.002720
8.852000,-0.003644,0.004133,0.002195
8.854000,-0.002995,0.003940,0.001691
8.856000,-0.002339,0.003747,0.001205
8.858000,-0.001681,0.003553,0.000721
8.860000,-0.001016,0.003359,0.000268
8.862000,-0.000259,0.003118,-0.000082
8.864000,0.000551,0.002845,-0.000339
8.866000,0.001397,0.002556,-0.000518
8.868000,0.002228,0.002278,-0.000654
8.870000,0.003043,0.002016,-0.000753
8.872000,0.003840,0.001773,-0.000817
8.874000,0.004621,0.001551,-0.000848
8.876000,0.005372,0.001364,-0.000827
8.878000,0.006097,0.001210,-0.000759
8.880000,0.006801,0.001088,-0.000650
8.882000,0.007488,0.001001,-0.000506
8.884000,0.008160,0.000943,-0.000327
8.886000,0.008819,0.000913,-0.000117
8.888000,0.009466,0.000910,0.000120
8.890000,0.010101,0.000937,0.000380
8.892000,0.010726,0.000989,0.000662
8.894000,0.011341,0.001062,0.000962
8.896000,0.011947,0.001156,0.001279
8.898000,0.012544,0.001272,0.001611
8.900000,0.013130,0.001406,0.001958
8.902000,0.013705,0.001556,0.002318
8.904000,0.014268,0.001720,0.002691
8.906000,0.014818,0.001898,0.003077
8.908000,0.015354,0.002087,0.003472
8.910000,0.015876,0.002288,0.003878
8.912000,0.016383,0.002500,0.004293
8.914000,0.016874,0.002718,0.004718
8.916000,0.017349,0.002941,0.005153
8.918000,0.017807,0.003168,0.005597
8.920000,0.018248,0.003398,0.006051
8.922000,0.018672,0.003628,0.006514
8.924000,0.019080,0.003858,0.006987
8.926000,0.019470,0.004085,0.007470
8.928000,0.019842,0.004309,0.007963
8.930000,0.020197,0.004529,0.008466
8.932000,0.020533,0.004744,0.008980
8.934000,0.020849,0.004953,0.009506
8.936000,0.021146,0.005155,0.010043
8.938000,0.021424,0.005349,0.010591
8.940000,0.021681,0.005534,0.011152
8.942000,0.021919,0.005710,0.011725
8.944000,0.022138,0.005876,0.012310
8.946000,0.022337,0.006030,0.012907
8.948000,0.022518,0.006173,0.013521
8.950000,0.022679,0.006305,0.014147
8.952000,0.022821,0.006424,0.014785
8.954000,0.022942,0.006531,0.015437
8.956000,0.023043,0.006625,0.016101
8.958000,0.023124,0.006705,0.016783
8.960000,0.023185,0.006772,0.017480
8.962000,0.023226,0.006825,0.018189
8.964000,0.023248,0.006863,0.018913
8.966000,0.023250,0.006887,0.019650
8.968000,0.023232,0.006896,0.020399
8.970000,0.023196,0.006892,0.021160
8.972000,0.023141,0.006874,0.021936
8.974000,0.023069,0.006841,0.022729
8.976000,0.022978,0.006794,0.023534
8.978000,0.022869,0.006733,0.024349
8.980000,0.022741,0.006658,0.025175
8.982000,0.022596,0.006571,0.026008
8.984000,0.022433,0.006471,0.026849
8.986000,0.022255,0.006358,0.027699
8.988000,0.022061,0.006231,0.028559
8.990000,0.021851,0.006092,0.029423
8.992000,0.021626,0.005941,0.030293
8.994000,0.021385,0.005778,0.031171
8.996000,0.021128,0.005604,0.032052
8.998000,0.020856,0.005419,0.032932
9.000000,0.020570,0.005225,0.033812
9.002000,0.020270,0.005023,0.034691
9.004000,0.019956,0.004810,0.035569
9.006000,0.019629,0.004590,0.036445
9.008000,0.019288,0.004362,0.037317
9.010000,0.018935,0.004127,0.038186
9.012000,0.018569,0.003884,0.039049
9.014000,0.018191,0.003635,0.039905
9.016000,0.017801,0.003379,0.040753
9.018000,0.017399,0.003119,0.041590
9.020000,0.016985,0.002854,0.042416
9.022000,0.016559,0.002585,0.043230
9.024000,0.016122,0.002314,0.044031
9.026000,0.015673,0.002041,0.044818
9.028000,0.015213,0.001766,0.045590
9.030000,0.014743,0.001491,0.046347
9.032000,0.014261,0.001216,0.047086
9.034000,0.013767,0.000944,0.047792
9.036000,0.013767,0.000944,0.047792
9.038000,0.012738,0.000411,0.049094
9.040000,0.012203,0.000150,0.049693
9.042000,0.011654,-0.000105,0.050256
9.044000,0.011093,-0.000356,0.050789
9.046000,0.010519,-0.000600,0.051290
9.048000,0.009934,-0.000838,0.051764
9.050000,0.009339,-0.001071,0.052214
9.052000,0.008739,-0.001301,0.052657
9.054000,0.008131,-0.001524,0.053078
9.056000,0.007515,-0.001741,0.053478
9.058000,0.006894,-0.001951,0.053858
9.060000,0.006156,-0.002273,0.054154
9.062000,0.005330,-0.002671,0.054368
9.064000,0.004512,-0.003057,0.054535
9.066000,0.003701,-0.003425,0.054661
9.068000,0.002897,-0.003769,0.054751
9.070000,0.002102,-0.004082,0.054809
9.072000,0.001313,-0.004367,0.054836
9.074000,0.000559,-0.004612,0.054794
9.076000,-0.000166,-0.004814,0.054688
9.078000,-0.000866,-0.004973,0.054528
9.080000,-0.001545,-0.005091,0.054325
9.082000,-0.002205,-0.005162,0.054084
9.084000,-0.002850,-0.005193,0.053814
9.086000,-0.003482,-0.005186,0.053523
9.088000,-0.004102,-0.005144,0.053214
9.090000,-0.004711,-0.005062,0.052891
9.092000,-0.005310,-0.004949,0.052554
9.094000,-0.005898,-0.004806,0.052208
9.096000,-0.006476,-0.004634,0.051854
9.098000,-0.007044,-0.004433,0.051493
9.100000,-0.007601,-0.004204,0.051127
9.102000,-0.008146,-0.003950,0.050756
9.104000,-0.008682,-0.003676,0.050380
9.106000,-0.009206,-0.003385,0.050000
9.108000,-0.009719,-0.003076,0.049616
9.110000,-0.010218,-0.002751,0.049230
9.112000,-0.010704,-0.002412,0.048844
9.114000,-0.011178,-0.002064,0.048455
9.116000,-0.011639,-0.001709,0.048066
9.118000,-0.012087,-0.001348,0.047675
9.120000,-0.012520,-0.000982,0.047281
9.122000,-0.012937,-0.000613,0.046885
9.124000,-0.013341,-0.000242,0.046485
9.126000,-0.013729,0.000127,0.046081
9.128000,-0.014102,0.000495,0.045673
9.130000,-0.014457,0.000861,0.045260
9.132000,-0.014795,0.001224,0.044841
9.134000,-0.015114,0.001582,0.044416
9.136000,-0.015415,0.001934,0.043986
9.138000,-0.015699,0.002280,0.043550
9.140000,-0.015964,0.002618,0.043107
9.142000,-0.016209,0.002948,0.042656
9.144000,-0.016433,0.003268,0.042197
9.146000,-0.016636,0.003579,0.041729
9.148000,-0.016818,0.003880,0.041252
9.150000,-0.016981,0.004170,0.040765
9.152000,-0.017124,0.004448,0.040270
9.154000,-0.017247,0.004714,0.039765
9.156000,-0.017349,0.004968,0.039249
9.158000,-0.017430,0.005209,0.038719
9.160000,-0.017490,0.005437,0.038175
9.162000,-0.017530,0.005651,0.037616
9.164000,-0.017548,0.005851,0.037043
9.166000,-0.017545,0.006036,0.036455
9.168000,-0.017522,0.006208,0.035853
9.170000,-0.017480,0.006366,0.035237
9.172000,-0.017420,0.006509,0.034608
9.174000,-0.017341,0.006639,0.033966
9.176000,-0.017241,0.006755,0.033311
9.178000,-0.017122,0.006857,0.032643
9.180000,-0.016986,0.006946,0.031963
9.182000,-0.016829,0.007021,0.031271
9.184000,-0.016656,0.007083,0.030568
9.186000,-0.016465,0.007132,0.029855
9.188000,-0.016258,0.007168,0.029132
9.190000,-0.016034,0.007191,0.028399
9.192000,-0.015794,0.007201,0.027659
9.194000,-0.015537,0.007200,0.026911
9.196000,-0.015264,0.007187,0.026157
9.198000,-0.014976,0.007163,0.025396
9.200000,-0.014672,0.007127,0.024630
9.202000,-0.014353,0.007081,0.023856
9.204000,-0.014019,0.007023,0.023080
9.206000,-0.013671,0.006956,0.022301
9.208000,-0.013309,0.006878,0.021526
9.210000,-0.012932,0.006790,0.020753
9.212000,-0.012541,0.006693,0.019985
9.214000,-0.012134,0.006587,0.019223
9.216000,-0.011714,0.006473,0.018469
9.218000,-0.011281,0.006351,0.017722
9.220000,-0.010834,0.006221,0.016982
9.222000,-0.010374,0.006083,0.016253
9.224000,-0.009902,0.005939,0.015534
9.226000,-0.009417,0.005788,0.014829
9.228000,-0.008921,0.005630,0.014139
9.230000,-0.008412,0.005467,0.013464
9.232000,-0.007892,0.005299,0.012805
9.234000,-0.007359,0.005125,0.012178
9.236000,-0.006811,0.004947,0.011584
9.238000,-0.006249,0.004763,0.011023
9.240000,-0.005675,0.004575,0.010483
9.242000,-0.005089,0.004382,0.009964
9.244000,-0.004488,0.004186,0.009476
9.246000,-0.003874,0.003987,0.009016
9.248000,-0.003248,0.003785,0.008580
9.250000,-0.002614,0.003581,0.008152
9.252000,-0.001972,0.003376,0.007731
9.254000,-0.001324,0.003171,0.007317
9.256000,-0.000667,0.002966,0.006923
9.256000,-0.000667,0.002966,0.006923
9.260000,0.000654,0.002557,0.006146
9.262000,0.000654,0.002557,0.006146
9.264000,0.002239,0.001984,0.005599
9.266000,0.003090,0.001653,0.005454
9.268000,0.003966,0.001310,0.005379
9.270000,0.004799,0.000888,0.005310
9.272000,0.005595,0.000493,0.005264
9.274000,0.006359,0.000131,0.005242
9.276000,0.007094,-0.000193,0.005243
9.278000,0.007803,-0.000479,0.005268
9.280000,0.008477,-0.000719,0.005337
9.282000,0.009122,-0.000914,0.005446
9.284000,0.009744,-0.001070,0.005596
9.286000,0.010346,-0.001190,0.005780
9.288000,0.010932,-0.001271,0.005997
9.290000,0.011504,-0.001315,0.006242
9.292000,0.011504,-0.001315,0.006242
9.294000,0.012615,-0.001302,0.006801
9.296000,0.013156,-0.001250,0.007110
9.298000,0.013689,-0.001167,0.007437
9.300000,0.013689,-0.001167,0.007437
9.302000,0.014731,-0.000935,0.008136
9.304000,0.015240,-0.000790,0.008510
9.306000,0.015740,-0.000630,0.008898
9.308000,0.016229,-0.000454,0.009298
9.310000,0.016708,-0.000264,0.009708
9.312000,0.017176,-0.000065,0.010127
9.314000,0.017635,0.000143,0.010555
9.316000,0.018081,0.000359,0.010993
9.318000,0.018515,0.000579,0.011440
9.320000,0.018936,0.000801,0.011900
9.320000,0.018936,0.000801,0.011900
9.324000,0.019735,0.001251,0.012854
9.326000,0.020111,0.001476,0.013345
9.328000,0.020472,0.001700,0.013845
9.330000,0.020818,0.001921,0.014354
9.332000,0.021147,0.002138,0.014872
9.334000,0.021459,0.002350,0.015401
9.336000,0.021754,0.002556,0.015944
9.338000,0.021754,0.002556,0.015944
9.340000,0.022290,0.002949,0.017062
9.342000,0.022290,0.002949,0.017062
9.344000,0.022749,0.003309,0.018231
9.346000,0.022749,0.003309,0.018231
9.348000,0.023129,0.003632,0.019444
9.350000,0.023290,0.003778,0.020072
9.352000,0.023430,0.003911,0.020717
9.354000,0.023549,0.004032,0.021374
9.356000,0.023648,0.004141,0.022042
9.358000,0.023728,0.004239,0.022722
9.360000,0.023789,0.004324,0.023413
9.362000,0.023831,0.004397,0.024117
9.364000,0.023851,0.004457,0.024835
9.366000,0.023851,0.004502,0.025565
9.368000,0.023831,0.004534,0.026309
9.370000,0.023793,0.004553,0.027066
9.372000,0.023737,0.004558,0.027833
9.374000,0.023664,0.004551,0.028613
9.376000,0.023571,0.004530,0.029405
9.378000,0.023460,0.004495,0.030210
9.380000,0.023331,0.004448,0.031025
9.382000,0.023186,0.004388,0.031850
9.384000,0.023025,0.004315,0.032685
9.386000,0.022846,0.004230,0.033530
9.388000,0.022650,0.004132,0.034385
9.390000,0.022439,0.004022,0.035248
9.392000,0.022213,0.003900,0.036118
9.394000,0.021974,0.003766,0.036995
9.396000,0.021720,0.003621,0.037876
9.398000,0.021453,0.003465,0.038763
9.400000,0.021172,0.003299,0.039654
9.402000,0.020876,0.003123,0.040548
9.404000,0.020568,0.002938,0.041445
9.406000,0.020246,0.002743,0.042343
9.408000,0.019912,0.002541,0.043238
9.410000,0.019566,0.002331,0.044128
9.412000,0.019206,0.002114,0.045014
9.414000,0.018833,0.001891,0.045895
9.416000,0.018448,0.001662,0.046770
9.418000,0.018052,0.001427,0.047636
9.420000,0.017645,0.001187,0.048494
9.422000,0.017227,0.000942,0.049342
9.424000,0.016799,0.000693,0.050180
9.426000,0.016361,0.000441,0.051009
9.428000,0.015912,0.000187,0.051825
9.430000,0.015453,-0.000070,0.052628
9.432000,0.014982,-0.000327,0.053408
9.434000,0.014499,-0.000583,0.054164
9.436000,0.014004,-0.000838,0.054896
9.438000,0.013498,-0.001091,0.055604
9.440000,0.012981,-0.001342,0.056288
9.442000,0.012453,-0.001592,0.056949
9.444000,0.011915,-0.001838,0.057588
9.446000,0.011367,-0.002082,0.058206
9.448000,0.010809,-0.002322,0.058801
9.450000,0.010242,-0.002558,0.059374
9.452000,0.009666,-0.002789,0.059926
9.454000,0.009082,-0.003016,0.060455
9.456000,0.008490,-0.003237,0.060963
9.458000,0.007890,-0.003453,0.061450
9.460000,0.007281,-0.003659,0.061900
9.462000,0.006664,-0.003858,0.062326
9.464000,0.006041,-0.004052,0.062734
9.466000,0.005322,-0.004350,0.063037
9.468000,0.004535,-0.004730,0.063247
9.470000,0.003741,-0.005104,0.063408
9.472000,0.002945,-0.005462,0.063526
9.474000,0.002151,-0.005799,0.063606
9.476000,0.001359,-0.006109,0.063652
9.478000,0.001359,-0.006109,0.063652
9.480000,-0.000186,-0.006631,0.063608
9.482000,-0.000916,-0.006825,0.063487
9.484000,-0.001623,-0.006975,0.063314
9.486000,-0.002312,-0.007083,0.063101
9.488000,-0.002983,-0.007150,0.062854
9.490000,-0.003639,-0.007176,0.062579
9.492000,-0.004282,-0.007159,0.062281
9.494000,-0.004913,-0.007099,0.061964
9.496000,-0.005533,-0.007005,0.061631
9.498000,-0.006141,-0.006877,0.061286
9.500000,-0.006739,-0.006718,0.060930
9.502000,-0.007325,-0.006529,0.060567
9.504000,-0.007902,-0.006310,0.060196
9.506000,-0.008468,-0.006061,0.059816
9.508000,-0.009024,-0.005790,0.059433
9.510000,-0.009569,-0.005498,0.059048
9.512000,-0.010103,-0.005187,0.058661
9.514000,-0.010624,-0.004860,0.058273
9.516000,-0.011132,-0.004516,0.057884
9.518000,-0.011626,-0.004157,0.057494
9.520000,-0.012108,-0.003788,0.057101
9.522000,-0.012577,-0.003412,0.056707
9.524000,-0.013032,-0.003030,0.056306
9.526000,-0.013473,-0.002643,0.055899
9.528000,-0.013897,-0.002252,0.055485
9.530000,-0.014305,-0.001858,0.055065
9.532000,-0.014697,-0.001463,0.054643
9.534000,-0.015073,-0.001069,0.054219
9.536000,-0.015432,-0.000678,0.053792
9.538000,-0.015773,-0.000290,0.053358
9.540000,-0.016095,0.000094,0.052916
9.542000,-0.016397,0.000472,0.052465
9.544000,-0.016680,0.000844,0.052009
9.546000,-0.016944,0.001209,0.051548
9.548000,-0.017189,0.001565,0.051077
9.550000,-0.017416,0.001911,0.050600
9.552000,-0.017621,0.002247,0.050114
9.554000,-0.017807,0.002573,0.049621
9.556000,-0.017972,0.002888,0.049119
9.558000,-0.018118,0.003192,0.048606
9.560000,-0.018242,0.003483,0.048082
9.562000,-0.018344,0.003761,0.047544
9.564000,-0.018423,0.004025,0.046993
9.566000,-0.018481,0.004276,0.046429
9.568000,-0.018517,0.004513,0.045852
9.570000,-0.018533,0.004734,0.045257
9.572000,-0.018527,0.004940,0.044648
9.574000,-0.018501,0.005131,0.044026
9.576000,-0.018455,0.005309,0.043392
9.578000,-0.018388,0.005472,0.042745
9.580000,-0.018301,0.005620,0.042085
9.582000,-0.018301,0.005620,0.042085
9.584000,-0.018193,0.005754,0.041414
9.586000,-0.017923,0.005981,0.040035
9.588000,-0.017760,0.006072,0.039327
9.590000,-0.017576,0.006148,0.038607
9.592000,-0.017376,0.006211,0.037877
9.594000,-0.017160,0.006261,0.037138
9.596000,-0.016928,0.006299,0.036387
9.598000,-0.016678,0.006324,0.035624
9.600000,-0.016411,0.006337,0.034850
9.602000,-0.016127,0.006337,0.034069
9.604000,-0.015828,0.006325,0.033281
9.606000,-0.015514,0.006303,0.032490
9.608000,-0.015186,0.006269,0.031700
9.610000,-0.014841,0.006224,0.030911
9.612000,-0.014482,0.006169,0.030121
9.614000,-0.014107,0.006104,0.029334
9.616000,-0.013718,0.006030,0.028550
9.618000,-0.013315,0.005946,0.027770
9.620000,-0.012900,0.005853,0.026997
9.622000,-0.012471,0.005752,0.026231
9.624000,-0.012029,0.005643,0.025471
9.626000,-0.011576,0.005525,0.024719
9.628000,-0.011110,0.005400,0.023978
9.630000,-0.010633,0.005269,0.023247
9.632000,-0.010143,0.005130,0.022537
9.634000,-0.009640,0.004985,0.021846
9.636000,-0.009125,0.004834,0.021178
9.638000,-0.008596,0.004677,0.020531
9.640000,-0.008055,0.004515,0.019905
9.642000,-0.007502,0.004348,0.019299
9.644000,-0.006937,0.004176,0.018712
9.646000,-0.006360,0.004000,0.018147
9.648000,-0.005772,0.003822,0.017601
9.650000,-0.005173,0.003640,0.017075
9.652000,-0.004564,0.003455,0.016569
9.654000,-0.003944,0.003269,0.016086
9.656000,-0.003315,0.003081,0.015624
9.658000,-0.002677,0.002893,0.015184
9.660000,-0.002030,0.002703,0.014770
9.662000,-0.001375,0.002512,0.014383
9.664000,-0.000711,0.002319,0.014013
9.666000,-0.000040,0.002126,0.013654
9.668000,0.000722,0.001862,0.013388
9.670000,0.001552,0.001546,0.013203
9.672000,0.002382,0.001227,0.013072
9.674000,0.003208,0.000913,0.012989
9.676000,0.004026,0.000610,0.012949
9.678000,0.004834,0.000326,0.012951
9.680000,0.005615,0.000071,0.013013
9.682000,0.006373,-0.000155,0.013134
9.684000,0.007108,-0.000345,0.013308
9.686000,0.007826,-0.000504,0.013525
9.688000,0.008526,-0.000632,0.013776
9.690000,0.009210,-0.000725,0.014059
9.692000,0.009880,-0.000785,0.014369
9.694000,0.009880,-0.000785,0.014369
9.696000,0.011175,-0.000818,0.015052
9.698000,0.011801,-0.000792,0.015420
9.700000,0.012413,-0.000740,0.015802
9.702000,0.013010,-0.000665,0.016197
9.704000,0.013592,-0.000567,0.016603
9.706000,0.014159,-0.000448,0.017023
9.708000,0.014711,-0.000308,0.017453
9.710000,0.015247,-0.000152,0.017891
9.712000,0.015766,0.000019,0.018336
9.714000,0.016271,0.000202,0.018788
9.716000,0.016759,0.000397,0.019246
9.718000,0.017230,0.000603,0.019715
9.720000,0.017684,0.000816,0.020191
9.722000,0.018120,0.001036,0.020673
9.724000,0.018540,0.001259,0.021162
9.726000,0.018942,0.001485,0.021658
9.728000,0.019325,0.001713,0.022162
9.730000,0.019689,0.001943,0.022672
9.732000,0.020035,0.002171,0.023191
9.734000,0.020363,0.002397,0.023718
9.736000,0.020672,0.002619,0.024253
9.738000,0.020962,0.002837,0.024797
9.740000,0.021232,0.003049,0.025354
9.742000,0.021483,0.003255,0.025920
9.744000,0.021715,0.003453,0.026497
9.746000,0.021929,0.003643,0.027088
9.748000,0.022123,0.003823,0.027691
9.750000,0.022296,0.003994,0.028309
9.752000,0.022450,0.004155,0.028934
9.754000,0.022585,0.004306,0.029567
9.756000,0.022701,0.004447,0.030209
9.758000,0.022799,0.004577,0.030860
9.760000,0.022878,0.004694,0.031525
9.762000,0.022936,0.004797,0.032207
9.764000,0.022974,0.004887,0.032900
9.766000,0.022994,0.004965,0.033603
9.768000,0.022995,0.005030,0.034318
9.770000,0.022977,0.005082,0.035044
9.772000,0.022938,0.005120,0.035782
9.774000,0.022880,0.005144,0.036531
9.776000,0.022805,0.005155,0.037290
9.778000,0.022711,0.005152,0.038061
9.780000,0.022598,0.005136,0.038842
9.782000,0.022467,0.005105,0.039635
9.784000,0.022320,0.005062,0.040438
9.786000,0.022157,0.005006,0.041250
9.788000,0.021977,0.004937,0.042070
9.790000,0.021781,0.004856,0.042899
9.792000,0.021568,0.004762,0.043737
9.794000,0.021339,0.004656,0.044585
9.796000,0.021095,0.004538,0.045439
9.798000,0.020837,0.004408,0.046299
9.800000,0.020565,0.004267,0.047164
9.802000,0.020279,0.004115,0.048036
9.804000,0.019979,0.003952,0.048911
9.806000,0.019665,0.003778,0.049790
9.808000,0.019339,0.003595,0.050668
9.810000,0.019000,0.003403,0.051545
9.812000,0.018648,0.003203,0.052419
9.814000,0.018283,0.002996,0.053290
9.816000,0.017906,0.002781,0.054156
9.818000,0.017517,0.002559,0.055017
9.820000,0.017117,0.002331,0.055872
9.822000,0.016705,0.002098,0.056719
9.824000,0.016282,0.001860,0.057558
9.826000,0.015849,0.001617,0.058388
9.828000,0.015407,0.001371,0.059208
9.830000,0.014955,0.001120,0.060020
9.832000,0.014495,0.000865,0.060824
9.834000,0.014026,0.000608,0.061614
9.836000,0.013546,0.000351,0.062382
9.838000,0.013055,0.000094,0.063126
9.840000,0.012552,-0.000162,0.063845
9.842000,0.012040,-0.000418,0.064547
9.844000,0.011518,-0.000673,0.065231
9.846000,0.010986,-0.000926,0.065897
9.848000,0.010446,-0.001178,0.066545
9.850000,0.009896,-0.001428,0.067173
9.852000,0.009337,-0.001676,0.067780
9.854000,0.008770,-0.001920,0.068366
9.856000,0.008194,-0.002160,0.068931
9.858000,0.007606,-0.002392,0.069459
9.860000,0.007004,-0.002614,0.069931
9.862000,0.006388,-0.002828,0.070360
9.864000,0.005763,-0.003035,0.070760
9.866000,0.005127,-0.003235,0.071130
9.868000,0.004394,-0.003521,0.071408
9.870000,0.003593,-0.003875,0.071605
9.872000,0.002750,-0.004284,0.071733
9.874000,0.001911,-0.004670,0.071825
9.876000,0.001080,-0.005027,0.071882
9.878000,0.000255,-0.005350,0.071910
9.880000,-0.000561,-0.005633,0.071911
9.882000,-0.001369,-0.005876,0.071886
9.884000,-0.002145,-0.006074,0.071800
9.886000,-0.002895,-0.006222,0.071659
9.888000,-0.003621,-0.006326,0.071471
9.890000,-0.004327,-0.006386,0.071244
9.892000,-0.005016,-0.006399,0.070982
9.894000,-0.005690,-0.006367,0.070692
9.896000,-0.006351,-0.006298,0.070380
9.898000,-0.007002,-0.006189,0.070049
9.900000,-0.007642,-0.006049,0.069704
9.902000,-0.008271,-0.005878,0.069345
9.904000,-0.008891,-0.005675,0.068976
9.906000,-0.008891,-0.005675,0.068976
9.908000,-0.010097,-0.005192,0.068212
9.910000,-0.010683,-0.004912,0.067823
9.912000,-0.011257,-0.004608,0.067430
9.914000,-0.011820,-0.004286,0.067032
9.916000,-0.012370,-0.003948,0.066630
9.918000,-0.012907,-0.003594,0.066225
9.920000,-0.013430,-0.003226,0.065816
9.922000,-0.013939,-0.002847,0.065403
9.924000,-0.014433,-0.002460,0.064987
9.926000,-0.014912,-0.002067,0.064565
9.928000,-0.015375,-0.001669,0.064139
9.930000,-0.015820,-0.001266,0.063707
9.932000,-0.016249,-0.000860,0.063265
9.934000,-0.016659,-0.000453,0.062817
9.936000,-0.017051,-0.000048,0.062365
9.938000,-0.017426,0.000356,0.061907
9.940000,-0.017781,0.000756,0.061441
9.942000,-0.018116,0.001151,0.060968
9.944000,-0.018431,0.001541,0.060486
9.946000,-0.018728,0.001924,0.059996
9.948000,-0.019005,0.002299,0.059498
9.950000,-0.019261,0.002665,0.058991
9.952000,-0.019496,0.003021,0.058473
9.954000,-0.019709,0.003367,0.057942
9.956000,-0.019902,0.003703,0.057401
9.958000,-0.020074,0.004027,0.056848
9.960000,-0.020224,0.004339,0.056280
9.962000,-0.020352,0.004638,0.055697
9.964000,-0.020463,0.004925,0.055102
9.966000,-0.020553,0.005198,0.054495
9.968000,-0.020624,0.005457,0.053874
9.970000,-0.020672,0.005701,0.053239
9.972000,-0.020699,0.005931,0.052590
9.974000,-0.020706,0.006147,0.051927
9.976000,-0.020693,0.006350,0.051250
9.978000,-0.020660,0.006539,0.050561
9.980000,-0.020606,0.006713,0.049858
9.982000,-0.020532,0.006872,0.049136
9.984000,-0.020437,0.007016,0.048400
9.986000,-0.020323,0.007147,0.047652
9.988000,-0.020190,0.007263,0.046893
9.990000,-0.020039,0.007366,0.046123
9.992000,-0.019871,0.007455,0.045344
9.994000,-0.019684,0.007531,0.044554
9.996000,-0.019478,0.007594,0.043756
9.998000,-0.019256,0.007644,0.042952
10.000000,-0.019018,0.007682,0.042141
10.002000,-0.018763,0.007707,0.041323
10.004000,-0.018492,0.007720,0.040499
10.006000,-0.018205,0.007722,0.039671
10.008000,-0.017904,0.007712,0.038838
10.010000,-0.017587,0.007692,0.038001
10.012000,-0.017255,0.007660,0.037162
10.014000,-0.016908,0.007618,0.036324
10.016000,-0.016546,0.007566,0.035487
10.018000,-0.016171,0.007504,0.034650
10.020000,-0.015782,0.007432,0.033818
10.022000,-0.015380,0.007351,0.032990
10.024000,-0.014966,0.007262,0.032167
10.026000,-0.014538,0.007165,0.031351
10.028000,-0.014098,0.007060,0.030541
10.030000,-0.013646,0.006947,0.029739
10.032000,-0.013183,0.006828,0.028945
10.034000,-0.012707,0.006702,0.028167
10.036000,-0.012218,0.006569,0.027410
10.038000,-0.011716,0.006431,0.026671
10.040000,-0.011201,0.006286,0.025952
10.042000,-0.010673,0.006135,0.025252
10.044000,-0.010133,0.005979,0.024571
10.046000,-0.009581,0.005820,0.023909
10.048000,-0.009017,0.005656,0.023267
10.050000,-0.008441,0.005489,0.022644
10.052000,-0.007851,0.005318,0.022054
10.054000,-0.007248,0.005144,0.021498
10.056000,-0.006633,0.004967,0.020973
10.058000,-0.006006,0.004788,0.020478
10.060000,-0.005365,0.004606,0.020029
10.062000,-0.004711,0.004422,0.019615
10.064000,-0.004047,0.004234,0.019226
10.066000,-0.003373,0.004045,0.018861
10.068000,-0.002691,0.003854,0.018511
10.070000,-0.001903,0.003590,0.018246
10.072000,-0.001096,0.003184,0.017997
10.074000,-0.000276,0.002773,0.017790
10.076000,0.000548,0.002365,0.017623
10.078000,0.001374,0.001972,0.017494
10.080000,0.002199,0.001596,0.017402
10.082000,0.003002,0.001251,0.017375
10.084000,0.003785,0.000940,0.017409
10.086000,0.004550,0.000663,0.017494
10.088000,0.005298,0.000425,0.017625
10.090000,0.006031,0.000227,0.017796
10.092000,0.006749,0.000066,0.018000
10.094000,0.007454,-0.000058,0.018233
10.096000,0.008147,-0.000150,0.018487
10.098000,0.008826,-0.000210,0.018759
10.100000,0.009490,-0.000239,0.019048
10.102000,0.010141,-0.000236,0.019352
10.104000,0.010776,-0.000208,0.019670
10.106000,0.011396,-0.000155,0.020001
10.108000,0.012000,-0.000079,0.020342
10.110000,0.012588,0.000016,0.020691
10.112000,0.013159,0.000133,0.021050
10.114000,0.013712,0.000268,0.021415
10.116000,0.014250,0.000420,0.021789
10.118000,0.014770,0.000584,0.022169
10.120000,0.015274,0.000758,0.022557
10.122000,0.015760,0.000941,0.022952
10.124000,0.016228,0.001132,0.023354
10.126000,0.016677,0.001329,0.023765
10.128000,0.017106,0.001531,0.024183
10.130000,0.017517,0.001736,0.024608
10.132000,0.017907,0.001943,0.025042
10.134000,0.018277,0.002151,0.025482
10.136000,0.018628,0.002359,0.025931
10.138000,0.018959,0.002563,0.026386
10.140000,0.019272,0.002764,0.026851
10.142000,0.019563,0.002960,0.027325
10.144000,0.019835,0.003151,0.027808
10.146000,0.020087,0.003335,0.028301
10.148000,0.020317,0.003512,0.028804
10.150000,0.020525,0.003681,0.029316
10.152000,0.020714,0.003841,0.029839
10.154000,0.020882,0.003993,0.030372
10.154000,0.020882,0.003993,0.030372
10.158000,0.021158,0.004264,0.031473
10.160000,0.021265,0.004381,0.032048
10.162000,0.021353,0.004487,0.032635
10.164000,0.021422,0.004579,0.033238
10.166000,0.021470,0.004658,0.033854
10.168000,0.021497,0.004725,0.034482
10.170000,0.021503,0.004779,0.035122
10.172000,0.021487,0.004818,0.035775
10.174000,0.021452,0.004845,0.036440
10.176000,0.021396,0.004858,0.037118
10.178000,0.021322,0.004857,0.037807
10.180000,0.021230,0.004843,0.038507
10.182000,0.021119,0.004814,0.039218
10.184000,0.020989,0.004772,0.039942
10.186000,0.020840,0.004716,0.040677
10.188000,0.020674,0.004647,0.041423
10.190000,0.020492,0.004565,0.042178
10.192000,0.020292,0.004471,0.042943
10.194000,0.020074,0.004363,0.043718
10.196000,0.019842,0.004244,0.044499
10.198000,0.019594,0.004112,0.045288
10.200000,0.019332,0.003970,0.046081
10.202000,0.019055,0.003816,0.046881
10.204000,0.018763,0.003650,0.047686
10.206000,0.018458,0.003474,0.048494
10.208000,0.018140,0.003289,0.049302
10.210000,0.017808,0.003094,0.050108
10.212000,0.017463,0.002890,0.050912
10.214000,0.017105,0.002678,0.051714
10.216000,0.016733,0.002459,0.052512
10.218000,0.016349,0.002233,0.053307
10.220000,0.015952,0.002001,0.054095
10.222000,0.015543,0.001762,0.054877
10.224000,0.015123,0.001519,0.055651
10.226000,0.014692,0.001271,0.056416
10.228000,0.014251,0.001018,0.057170
10.230000,0.014251,0.001018,0.057170
10.232000,0.013337,0.000503,0.058630
10.234000,0.012862,0.000245,0.059322
10.236000,0.012376,-0.000013,0.059993
10.238000,0.011877,-0.000272,0.060638
10.240000,0.011367,-0.000528,0.061256
10.242000,0.010844,-0.000783,0.061849
10.244000,0.010309,-0.001036,0.062416
10.246000,0.010309,-0.001036,0.062416
10.248000,0.009763,-0.001285,0.062958
10.250000,0.008639,-0.001775,0.063973
10.252000,0.008063,-0.002015,0.064445
10.254000,0.008063,-0.002015,0.064445
10.256000,0.007478,-0.002250,0.064895
10.258000,0.006885,-0.002481,0.065324
10.260000,0.005679,-0.002930,0.066130
10.262000,0.005065,-0.003147,0.066507
10.264000,0.004443,-0.003359,0.066871
10.266000,0.003814,-0.003567,0.067221
10.268000,0.003096,-0.003871,0.067476
10.270000,0.002309,-0.004261,0.067630
10.272000,0.001470,-0.004723,0.067702
10.274000,0.000595,-0.005238,0.067704
10.276000,-0.000262,-0.005716,0.067680
10.278000,-0.001102,-0.006151,0.067632
10.280000,-0.001925,-0.006543,0.067564
10.282000,-0.002732,-0.006888,0.067476
10.284000,-0.003523,-0.007191,0.067368
10.286000,-0.004274,-0.007441,0.067201
10.288000,-0.004990,-0.007640,0.066977
10.290000,-0.005675,-0.007782,0.066701
10.292000,-0.006336,-0.007877,0.066387
10.294000,-0.006974,-0.007920,0.066038
10.296000,-0.007595,-0.007914,0.065661
10.298000,-0.008201,-0.007868,0.065265
10.300000,-0.008793,-0.007784,0.064852
10.302000,-0.009373,-0.007666,0.064425
10.304000,-0.009942,-0.007510,0.063986
10.306000,-0.010499,-0.007325,0.063538
10.308000,-0.011045,-0.007107,0.063081
10.310000,-0.011581,-0.006860,0.062622
10.312000,-0.012106,-0.006589,0.062160
10.314000,-0.012621,-0.006299,0.061696
10.316000,-0.013126,-0.005988,0.061230
10.318000,-0.013619,-0.005662,0.060762
10.320000,-0.014101,-0.005322,0.060291
10.322000,-0.014571,-0.004970,0.059817
10.324000,-0.015027,-0.004609,0.059338
10.326000,-0.015027,-0.004609,0.059338
10.328000,-0.015470,-0.004240,0.058856
10.330000,-0.015899,-0.003862,0.058371
10.332000,-0.016712,-0.003092,0.057386
10.334000,-0.017096,-0.002702,0.056886
10.336000,-0.017461,-0.002310,0.056379
10.338000,-0.017812,-0.001919,0.055868
10.340000,-0.018146,-0.001530,0.055356
10.342000,-0.018463,-0.001145,0.054841
10.344000,-0.018764,-0.000765,0.054321
10.346000,-0.019046,-0.000389,0.053795
10.348000,-0.019310,-0.000020,0.053264
10.350000,-0.019555,0.000342,0.052727
10.352000,-0.019781,0.000695,0.052183
10.354000,-0.019987,0.001040,0.051632
10.356000,-0.020173,0.001375,0.051072
10.358000,-0.020341,0.001699,0.050501
10.358000,-0.020341,0.001699,0.050501
10.362000,-0.020486,0.002013,0.049917
10.364000,-0.020716,0.002604,0.048713
10.366000,-0.020795,0.002879,0.048085
10.368000,-0.020795,0.002879,0.048085
10.370000,-0.020889,0.003393,0.046794
10.372000,-0.020889,0.003393,0.046794
10.374000,-0.020897,0.003852,0.045448
10.376000,-0.020868,0.004060,0.044757
10.378000,-0.020820,0.004255,0.044053
10.380000,-0.020754,0.004437,0.043338
10.382000,-0.020669,0.004605,0.042610
10.384000,-0.020565,0.004759,0.041871
10.386000,-0.020441,0.004900,0.041118
10.388000,-0.020297,0.005025,0.040349
10.390000,-0.020297,0.005025,0.040349
10.392000,-0.019953,0.005233,0.038770
10.394000,-0.019752,0.005316,0.037963
10.396000,-0.019531,0.005385,0.037140
10.398000,-0.019531,0.005385,0.037140
10.400000,-0.019039,0.005485,0.035466
10.402000,-0.018767,0.005516,0.034613
10.404000,-0.018479,0.005536,0.033754
10.406000,-0.018176,0.005544,0.032891
10.408000,-0.017859,0.005540,0.032028
10.410000,-0.017527,0.005525,0.031162
10.412000,-0.017181,0.005500,0.030296
10.414000,-0.016821,0.005464,0.029431
10.416000,-0.016446,0.005418,0.028568
10.418000,-0.016058,0.005362,0.027709
10.420000,-0.015656,0.005298,0.026852
10.422000,-0.015240,0.005224,0.025998
10.424000,-0.014813,0.005142,0.025150
10.426000,-0.014373,0.005051,0.024308
10.428000,-0.013920,0.004954,0.023473
10.430000,-0.013457,0.004848,0.022644
10.432000,-0.012982,0.004735,0.021831
10.434000,-0.012494,0.004616,0.021034
10.436000,-0.011994,0.004490,0.020257
10.438000,-0.011481,0.004359,0.019498
10.440000,-0.010957,0.004221,0.018759
10.442000,-0.010422,0.004078,0.018032
10.444000,-0.009878,0.003930,0.017319
10.446000,-0.009322,0.003777,0.016620
10.448000,-0.008757,0.003621,0.015934
10.450000,-0.008181,0.003461,0.015265
10.452000,-0.007596,0.003299,0.014613
10.454000,-0.007002,0.003133,0.013979
10.456000,-0.006399,0.002965,0.013361
10.458000,-0.005784,0.002795,0.012778
10.460000,-0.005153,0.002622,0.012240
10.462000,-0.004510,0.002446,0.011737
10.464000,-0.003856,0.002268,0.011259
10.466000,-0.003191,0.002089,0.010808
10.468000,-0.002517,0.001909,0.010372
10.470000,-0.001835,0.001728,0.009949
10.472000,-0.001149,0.001549,0.009533
10.474000,-0.000390,0.001303,0.009213
10.476000,0.000402,0.001022,0.008993
10.478000,0.001209,0.000723,0.008860
10.480000,0.002010,0.000428,0.008775
10.482000,0.002803,0.000145,0.008731
10.484000,0.003592,-0.000128,0.008722
10.486000,0.004378,-0.000389,0.008744
10.488000,0.005135,-0.000616,0.008831
10.490000,0.005867,-0.000811,0.008978
10.492000,0.006579,-0.000976,0.009175
10.494000,0.007274,-0.001109,0.009414
10.496000,0.007953,-0.001212,0.009690
10.498000,0.008619,-0.001282,0.009998
10.500000,0.009272,-0.001320,0.010333
10.502000,0.009914,-0.001326,0.010692
10.504000,0.010545,-0.001307,0.011070
10.506000,0.011164,-0.001262,0.011465
10.508000,0.011770,-0.001191,0.011875
10.510000,0.012365,-0.001096,0.012297
10.512000,0.012946,-0.000980,0.012729
10.514000,0.013514,-0.000846,0.013172
10.516000,0.014067,-0.000694,0.013623
10.518000,0.014606,-0.000526,0.014083
10.520000,0.015130,-0.000344,0.014550
10.522000,0.015640,-0.000149,0.015026
10.524000,0.016136,0.000055,0.015508
10.526000,0.016615,0.000267,0.015999
10.528000,0.017079,0.000485,0.016497
10.530000,0.017526,0.000707,0.017002
10.532000,0.017956,0.000934,0.017515
10.534000,0.018370,0.001161,0.018034
10.536000,0.018767,0.001389,0.018561
10.538000,0.019147,0.001616,0.019094
10.540000,0.019510,0.001841,0.019635
10.542000,0.019853,0.002063,0.020184
10.544000,0.020176,0.002281,0.020741
10.546000,0.020480,0.002495,0.021307
10.548000,0.020763,0.002703,0.021882
10.550000,0.021028,0.002904,0.022465
10.552000,0.021272,0.003098,0.023058
10.554000,0.021496,0.003283,0.023661
10.556000,0.021699,0.003458,0.024274
10.558000,0.021883,0.003624,0.024897
10.560000,0.022049,0.003778,0.025533
10.562000,0.022195,0.003921,0.026181
10.564000,0.022322,0.004052,0.026842
10.566000,0.022428,0.004171,0.027517
10.568000,0.022517,0.004277,0.028203
10.570000,0.022585,0.004370,0.028904
10.572000,0.022632,0.004449,0.029618
10.574000,0.022659,0.004514,0.030345
10.576000,0.022659,0.004514,0.030345
10.578000,0.022658,0.004604,0.031836
10.580000,0.022629,0.004627,0.032601
10.582000,0.022580,0.004636,0.033378
10.584000,0.022514,0.004631,0.034167
10.586000,0.022428,0.004612,0.034969
10.588000,0.022323,0.004579,0.035784
10.590000,0.022202,0.004533,0.036609
10.592000,0.022064,0.004473,0.037444
10.594000,0.021908,0.004401,0.038290
10.596000,0.021735,0.004314,0.039150
10.598000,0.021546,0.004214,0.040020
10.600000,0.021546,0.004214,0.040020
10.602000,0.021121,0.003975,0.041781
10.604000,0.020886,0.003837,0.042672
10.606000,0.020635,0.003686,0.043567
10.608000,0.020370,0.003525,0.044464
10.610000,0.020370,0.003525,0.044464
10.612000,0.019801,0.003172,0.046263
10.614000,0.019495,0.002981,0.047162
10.616000,0.019177,0.002782,0.048058
10.618000,0.018845,0.002574,0.048951
10.620000,0.018502,0.002359,0.049841
10.622000,0.018147,0.002136,0.050727
10.624000,0.017779,0.001907,0.051607
10.626000,0.017400,0.001671,0.052481
10.628000,0.017011,0.001429,0.053347
10.630000,0.016610,0.001183,0.054204
10.632000,0.016199,0.000932,0.055043
10.634000,0.015775,0.000679,0.055864
10.636000,0.015340,0.000425,0.056665
10.638000,0.014893,0.000169,0.057448
10.640000,0.014435,-0.000087,0.058211
10.642000,0.013965,-0.000343,0.058954
10.644000,0.013484,-0.000599,0.059678
10.646000,0.012993,-0.000854,0.060382
10.648000,0.012492,-0.001108,0.061066
10.650000,0.011981,-0.001359,0.061730
10.652000,0.011461,-0.001609,0.062373
10.654000,0.010931,-0.001855,0.062996
10.656000,0.010394,-0.002099,0.063599
10.658000,0.009847,-0.002338,0.064180
10.660000,0.009290,-0.002571,0.064724
10.662000,0.008721,-0.002796,0.065234
10.664000,0.008141,-0.003016,0.065717
10.666000,0.007551,-0.003230,0.066179
10.668000,0.006952,-0.003438,0.066622
10.670000,0.006345,-0.003640,0.067046
10.672000,0.005732,-0.003837,0.067455
10.674000,0.005034,-0.004142,0.067750
10.676000,0.004477,-0.004091,0.068082
10.678000,0.004072,-0.003670,0.068471
10.680000,0.003655,-0.003262,0.068817
10.682000,0.003224,-0.002877,0.069118
10.684000,0.002780,-0.002508,0.069378
10.686000,0.002326,-0.002148,0.069597
10.688000,0.001879,-0.001787,0.069751
10.690000,0.001438,-0.001422,0.069845
10.692000,0.000998,-0.001051,0.069887
10.694000,0.000560,-0.000672,0.069886
10.696000,0.000119,-0.000280,0.069846
10.698000,-0.000324,0.000125,0.069771
10.700000,-0.000772,0.000544,0.069668
10.702000,-0.001223,0.000972,0.069540
10.704000,-0.001676,0.001409,0.069392
10.706000,-0.002133,0.001857,0.069226
10.708000,-0.002592,0.002315,0.069045
10.710000,-0.003054,0.002781,0.068854
10.712000,-0.003516,0.003252,0.068653
10.714000,-0.003977,0.003728,0.068442
10.716000,-0.004437,0.004211,0.068221
10.718000,-0.004894,0.004697,0.067995
10.720000,-0.005347,0.005187,0.067762
10.722000,-0.005796,0.005677,0.067525
10.724000,-0.006241,0.006164,0.067283
10.726000,-0.006679,0.006648,0.067036
10.728000,-0.007109,0.007129,0.066784
10.730000,-0.007532,0.007606,0.066527
10.732000,-0.007945,0.008078,0.066264
10.734000,-0.008348,0.008542,0.065996
10.736000,-0.008741,0.008999,0.065723
10.738000,-0.009122,0.009447,0.065445
10.740000,-0.009490,0.009884,0.065161
10.742000,-0.009845,0.010311,0.064869
10.744000,-0.010188,0.010726,0.064571
10.746000,-0.010515,0.011128,0.064265
10.748000,-0.010826,0.011518,0.063951
10.750000,-0.011123,0.011893,0.063630
10.752000,-0.011405,0.012253,0.063300
10.754000,-0.011671,0.012599,0.062961
10.756000,-0.011921,0.012930,0.062613
10.758000,-0.012154,0.013245,0.062249
10.760000,-0.012369,0.013543,0.061869
10.762000,-0.012566,0.013824,0.061476
10.764000,-0.012745,0.014089,0.061071
10.766000,-0.012907,0.014338,0.060654
10.768000,-0.013051,0.014569,0.060225
10.770000,-0.013175,0.014782,0.059780
10.772000,-0.013276,0.014976,0.059322
10.774000,-0.013359,0.015153,0.058850
10.776000,-0.013424,0.015313,0.058361
10.778000,-0.013467,0.015453,0.057853
10.780000,-0.013490,0.015576,0.057332
10.782000,-0.013494,0.015683,0.056797
10.784000,-0.013479,0.015772,0.056247
10.786000,-0.013443,0.015844,0.055682
10.788000,-0.013388,0.015900,0.055103
10.790000,-0.013314,0.015940,0.054506
10.792000,-0.013221,0.015962,0.053890
10.794000,-0.013108,0.015968,0.053262
10.796000,-0.012978,0.015959,0.052621
10.798000,-0.012829,0.015936,0.051970
10.800000,-0.012663,0.015898,0.051310
10.802000,-0.012479,0.015846,0.050639
10.804000,-0.012277,0.015781,0.049961
10.806000,-0.012059,0.015702,0.049274
10.808000,-0.011823,0.015609,0.048579
10.810000,-0.011572,0.015504,0.047877
10.812000,-0.011305,0.015386,0.047173
10.814000,-0.011022,0.015256,0.046465
10.816000,-0.010723,0.015115,0.045752
10.818000,-0.010408,0.014962,0.045039
10.820000,-0.010076,0.014800,0.044326
10.822000,-0.009731,0.014627,0.043616
10.824000,-0.009371,0.014445,0.042910
10.826000,-0.008998,0.014253,0.042208
10.828000,-0.008610,0.014053,0.041513
10.830000,-0.008210,0.013845,0.040825
10.832000,-0.007797,0.013628,0.040152
10.834000,-0.007370,0.013404,0.039494
10.836000,-0.006928,0.013172,0.038852
10.838000,-0.006473,0.012934,0.038226
10.840000,-0.006003,0.012690,0.037618
10.842000,-0.005520,0.012440,0.037028
10.844000,-0.005026,0.012185,0.036450
10.846000,-0.004519,0.011924,0.035885
10.848000,-0.004001,0.011660,0.035335
10.850000,-0.003471,0.011391,0.034799
10.852000,-0.002930,0.011120,0.034279
10.854000,-0.002375,0.010846,0.033785
10.856000,-0.001811,0.010569,0.033308
10.858000,-0.001233,0.010289,0.032864
10.860000,-0.000641,0.010006,0.032454
10.862000,-0.000034,0.009721,0.032078
10.864000,0.000589,0.009434,0.031731
10.866000,0.001224,0.009145,0.031406
10.868000,0.001872,0.008855,0.031098
10.870000,0.002529,0.008565,0.030804
10.872000,0.003195,0.008275,0.030525
10.874000,0.003948,0.007917,0.030347
10.876000,0.004766,0.007504,0.030269
10.878000,0.005627,0.007053,0.030275
10.880000,0.006476,0.006610,0.030328
10.882000,0.007315,0.006176,0.030420
10.884000,0.008143,0.005758,0.030545
10.886000,0.008958,0.005358,0.030702
10.888000,0.009737,0.004992,0.030924
10.890000,0.010482,0.004662,0.031206
10.892000,0.011199,0.004367,0.031540
10.894000,0.011890,0.004111,0.031922
10.896000,0.012559,0.003890,0.032337
10.898000,0.013208,0.003703,0.032782
10.900000,0.013838,0.003549,0.033250
10.902000,0.014450,0.003426,0.033741
10.904000,0.015044,0.003333,0.034255
10.906000,0.015622,0.003271,0.034789
10.908000,0.016183,0.003239,0.035342
10.910000,0.016728,0.003235,0.035904
10.912000,0.017257,0.003255,0.036473
10.914000,0.017257,0.003255,0.036473
10.916000,0.018268,0.003356,0.037631
10.918000,0.018747,0.003436,0.038219
10.920000,0.019209,0.003531,0.038812
10.922000,0.019655,0.003640,0.039412
10.924000,0.020084,0.003759,0.040018
10.926000,0.020495,0.003887,0.040630
10.928000,0.020887,0.004025,0.041248
10.930000,0.021261,0.004169,0.041872
10.932000,0.021617,0.004318,0.042502
10.934000,0.021954,0.004470,0.043136
10.936000,0.022272,0.004626,0.043775
10.938000,0.022573,0.004782,0.044420
10.940000,0.022856,0.004937,0.045071
10.942000,0.023121,0.005091,0.045728
10.944000,0.023368,0.005241,0.046395
10.946000,0.023596,0.005388,0.047068
10.948000,0.023806,0.005529,0.047747
10.950000,0.023997,0.005665,0.048436
10.952000,0.024169,0.005793,0.049135
10.954000,0.024322,0.005915,0.049841
10.956000,0.024457,0.006028,0.050553
10.958000,0.024574,0.006134,0.051273
10.960000,0.024669,0.006230,0.052001
10.962000,0.024745,0.006317,0.052738
10.964000,0.024802,0.006393,0.053488
10.966000,0.024839,0.006458,0.054248
10.968000,0.024855,0.006511,0.055018
10.970000,0.024853,0.006553,0.055796
10.972000,0.024832,0.006583,0.056583
10.974000,0.024792,0.006601,0.057380
10.976000,0.024732,0.006607,0.058185
10.978000,0.024651,0.006600,0.059005
10.980000,0.024553,0.006580,0.059833
10.982000,0.024437,0.006548,0.060671
10.984000,0.024304,0.006503,0.061522
10.986000,0.024152,0.006444,0.062387
10.988000,0.023984,0.006372,0.063260
10.990000,0.023799,0.006288,0.064141
10.992000,0.023598,0.006191,0.065029
10.994000,0.023380,0.006082,0.065925
10.996000,0.023145,0.005960,0.066832
10.998000,0.022894,0.005827,0.067746
11.000000,0.022629,0.005683,0.068664
11.002000,0.022347,0.005528,0.069587
11.004000,0.022050,0.005363,0.070514
11.006000,0.021739,0.005187,0.071447
11.008000,0.021415,0.005002,0.072384
11.010000,0.021078,0.004805,0.073325
11.012000,0.020728,0.004599,0.074267
11.014000,0.020367,0.004384,0.075210
11.016000,0.019994,0.004159,0.076153
11.018000,0.019610,0.003927,0.077097
11.020000,0.019214,0.003686,0.078042
11.022000,0.018807,0.003438,0.078985
11.024000,0.018390,0.003182,0.079925
11.026000,0.017963,0.002921,0.080862
11.028000,0.017526,0.002654,0.081795
11.030000,0.017079,0.002382,0.082716
11.032000,0.016621,0.002106,0.083623
11.034000,0.016153,0.001827,0.084516
11.036000,0.015674,0.001545,0.085394
11.038000,0.015186,0.001261,0.086256
11.040000,0.014689,0.000975,0.087102
11.042000,0.014183,0.000688,0.087933
11.044000,0.013668,0.000400,0.088748
11.046000,0.013145,0.000111,0.089546
11.048000,0.012614,-0.000176,0.090327
11.050000,0.012075,-0.000463,0.091092
11.052000,0.011529,-0.000748,0.091839
11.054000,0.011529,-0.000748,0.091839
11.056000,0.010415,-0.001311,0.093281
11.058000,0.009845,-0.001585,0.093959
11.060000,0.009264,-0.001853,0.094604
11.062000,0.009264,-0.001853,0.094604
11.064000,0.008084,-0.002382,0.095855
11.066000,0.007484,-0.002643,0.096463
11.068000,0.007484,-0.002643,0.096463
11.070000,0.006877,-0.002897,0.097049
11.072000,0.005646,-0.003391,0.098176
11.074000,0.005027,-0.003632,0.098733
11.076000,0.004345,-0.003952,0.099189
11.078000,0.004345,-0.003952,0.099189
11.080000,0.002922,-0.004694,0.099789
11.082000,0.002204,-0.005081,0.099960
11.084000,0.001495,-0.005445,0.100089
11.086000,0.001495,-0.005445,0.100089
11.088000,0.000099,-0.006082,0.100238
11.090000,-0.000592,-0.006345,0.100264
11.092000,-0.001275,-0.006572,0.100259
11.094000,-0.001275,-0.006572,0.100259
11.096000,-0.002577,-0.006896,0.100095
11.098000,-0.003206,-0.006990,0.099944
11.100000,-0.003824,-0.007042,0.099759
11.102000,-0.004433,-0.007055,0.099547
11.104000,-0.005036,-0.007030,0.099312
11.106000,-0.005633,-0.006968,0.099059
11.108000,-0.006225,-0.006866,0.098789
11.110000,-0.006813,-0.006727,0.098500
11.112000,-0.007396,-0.006557,0.098195
11.114000,-0.007975,-0.006357,0.097873
11.116000,-0.008548,-0.006130,0.097542
11.118000,-0.009115,-0.005877,0.097198
11.120000,-0.009675,-0.005600,0.096842
11.122000,-0.010228,-0.005301,0.096479
11.124000,-0.010774,-0.004983,0.096104
11.126000,-0.011311,-0.004646,0.095719
11.128000,-0.011839,-0.004293,0.095327
11.130000,-0.012357,-0.003926,0.094929
11.132000,-0.012864,-0.003547,0.094523
11.134000,-0.013360,-0.003158,0.094112
11.136000,-0.013843,-0.002761,0.093697
11.138000,-0.014315,-0.002359,0.093275
11.140000,-0.014774,-0.001952,0.092848
11.142000,-0.015219,-0.001542,0.092414
11.144000,-0.015650,-0.001130,0.091973
11.146000,-0.016067,-0.000718,0.091524
11.148000,-0.016468,-0.000307,0.091067
11.150000,-0.016852,0.000102,0.090600
11.152000,-0.017220,0.000509,0.090125
11.154000,-0.017572,0.000910,0.089640
11.156000,-0.017906,0.001307,0.089145
11.158000,-0.018224,0.001697,0.088635
11.160000,-0.018527,0.002079,0.088107
11.162000,-0.018811,0.002452,0.087562
11.164000,-0.019079,0.002816,0.087005
11.166000,-0.019329,0.003170,0.086436
11.168000,-0.019561,0.003514,0.085855
11.170000,-0.019775,0.003847,0.085261
11.172000,-0.019970,0.004169,0.084648
11.174000,-0.020146,0.004479,0.084015
11.176000,-0.020301,0.004776,0.083363
11.178000,-0.020435,0.005060,0.082697
11.180000,-0.020550,0.005330,0.082012
11.182000,-0.020645,0.005587,0.081315
11.184000,-0.020720,0.005831,0.080599
11.186000,-0.020774,0.006060,0.079863
11.188000,-0.020808,0.006276,0.079114
11.190000,-0.020822,0.006478,0.078352
11.192000,-0.020818,0.006667,0.077573
11.194000,-0.020793,0.006842,0.076783
11.196000,-0.020747,0.007003,0.075981
11.198000,-0.020682,0.007150,0.075167
11.200000,-0.020598,0.007284,0.074340
11.202000,-0.020496,0.007404,0.073498
11.204000,-0.020377,0.007512,0.072645
11.206000,-0.020238,0.007606,0.071781
11.208000,-0.020082,0.007688,0.070906
11.210000,-0.019908,0.007757,0.070025
11.212000,-0.019717,0.007814,0.069139
11.214000,-0.019510,0.007859,0.068249
11.216000,-0.019286,0.007892,0.067356
11.218000,-0.019046,0.007913,0.066457
11.220000,-0.018789,0.007923,0.065556
11.222000,-0.018518,0.007922,0.064654
11.224000,-0.018231,0.007911,0.063752
11.226000,-0.017930,0.007890,0.062849
11.228000,-0.017613,0.007860,0.061947
11.230000,-0.017281,0.007820,0.061053
11.232000,-0.016933,0.007770,0.060168
11.234000,-0.016570,0.007711,0.059296
11.236000,-0.016191,0.007644,0.058438
11.238000,-0.015797,0.007568,0.057594
11.240000,-0.015388,0.007484,0.056764
11.242000,-0.014964,0.007393,0.055949
11.244000,-0.014526,0.007294,0.055149
11.246000,-0.014072,0.007189,0.054370
11.248000,-0.013604,0.007078,0.053606
11.250000,-0.013123,0.006961,0.052859
11.252000,-0.012629,0.006838,0.052128
11.254000,-0.012123,0.006711,0.051415
11.256000,-0.011606,0.006578,0.050719
11.258000,-0.011076,0.006442,0.050043
11.260000,-0.010535,0.006301,0.049390
11.262000,-0.009980,0.006155,0.048757
11.264000,-0.009414,0.006007,0.048146
11.266000,-0.008834,0.005854,0.047556
11.268000,-0.008242,0.005698,0.046989
11.270000,-0.007638,0.005539,0.046441
11.272000,-0.007024,0.005378,0.045910
11.274000,-0.006401,0.005215,0.045397
11.276000,-0.005769,0.005050,0.044900
11.278000,-0.005126,0.004885,0.044434
11.280000,-0.004378,0.004641,0.044076
11.282000,-0.003506,0.004342,0.043784
11.284000,-0.002629,0.004038,0.043543
11.286000,-0.001753,0.003737,0.043349
11.288000,-0.000882,0.003444,0.043194
11.290000,-0.000019,0.003161,0.043076
11.292000,0.000835,0.002893,0.042992
11.294000,0.001657,0.002658,0.042974
11.296000,0.002449,0.002458,0.043016
11.298000,0.003216,0.002291,0.043111
11.300000,0.003959,0.002156,0.043248
11.302000,0.004685,0.002052,0.043421
11.304000,0.005392,0.001977,0.043624
11.306000,0.006084,0.001934,0.043854
11.308000,0.006761,0.001922,0.044106
11.310000,0.007423,0.001939,0.044378
11.312000,0.008071,0.001981,0.044665
11.314000,0.008705,0.002046,0.044966
11.316000,0.009324,0.002134,0.045279
11.318000,0.009928,0.002245,0.045606
11.320000,0.010517,0.002373,0.045943
11.322000,0.011091,0.002517,0.046288
11.324000,0.011649,0.002675,0.046644
11.326000,0.011649,0.002675,0.046644
11.328000,0.012189,0.002847,0.047011
11.330000,0.013216,0.003226,0.047774
11.332000,0.013701,0.003429,0.048168
11.334000,0.014169,0.003639,0.048567
11.336000,0.014620,0.003853,0.048967
11.338000,0.015051,0.004071,0.049369
11.340000,0.015464,0.004289,0.049774
11.342000,0.015860,0.004507,0.050183
11.344000,0.016240,0.004722,0.050599
11.346000,0.016601,0.004933,0.051022
11.348000,0.016943,0.005140,0.051453
11.350000,0.017264,0.005342,0.051887
11.352000,0.017563,0.005538,0.052327
11.354000,0.017842,0.005728,0.052772
11.356000,0.018103,0.005911,0.053221
11.358000,0.018341,0.006086,0.053677
11.360000,0.018341,0.006086,0.053677
11.362000,0.018560,0.006251,0.054141
11.364000,0.018940,0.006550,0.055100
11.366000,0.018940,0.006550,0.055100
11.368000,0.019238,0.006802,0.056107
11.370000,0.019356,0.006908,0.056633
11.372000,0.019455,0.007001,0.057170
11.374000,0.019533,0.007082,0.057715
11.376000,0.019591,0.007150,0.058270
11.378000,0.019627,0.007206,0.058835
11.380000,0.019641,0.007247,0.059410
11.382000,0.019636,0.007273,0.060002
11.384000,0.019611,0.007285,0.060608
11.386000,0.019568,0.007281,0.061230
11.388000,0.019505,0.007262,0.061869
11.390000,0.019422,0.007229,0.062519
11.392000,0.019320,0.007182,0.063181
11.394000,0.019320,0.007182,0.063181
11.396000,0.019060,0.007043,0.064548
11.398000,0.018900,0.006949,0.065255
11.400000,0.018723,0.006841,0.065976
11.402000,0.018529,0.006720,0.066703
11.404000,0.018317,0.006586,0.067437
11.406000,0.018087,0.006439,0.068176
11.408000,0.017841,0.006280,0.068921
11.410000,0.017579,0.006109,0.069669
11.412000,0.017302,0.005928,0.070422
11.414000,0.017010,0.005734,0.071179
11.416000,0.016702,0.005530,0.071942
11.418000,0.016380,0.005315,0.072705
11.420000,0.016044,0.005091,0.073471
11.422000,0.015694,0.004857,0.074237
11.424000,0.015331,0.004614,0.075003
11.426000,0.015331,0.004614,0.075003
11.428000,0.014956,0.004362,0.075767
11.430000,0.014170,0.003835,0.077288
11.432000,0.013760,0.003560,0.078048
11.434000,0.013760,0.003560,0.078048
11.436000,0.012902,0.002991,0.079565
11.438000,0.012455,0.002700,0.080311
11.440000,0.011996,0.002404,0.081046
11.442000,0.011526,0.002105,0.081767
11.444000,0.011044,0.001805,0.082470
11.446000,0.010551,0.001503,0.083153
11.448000,0.010047,0.001201,0.083816
11.450000,0.009534,0.000899,0.084457
11.452000,0.009011,0.000597,0.085077
11.454000,0.008478,0.000296,0.085675
11.456000,0.007937,-0.000004,0.086252
11.458000,0.007385,-0.000300,0.086792
11.460000,0.006820,-0.000591,0.087296
11.462000,0.006243,-0.000877,0.087763
11.464000,0.005654,-0.001157,0.088199
11.466000,0.005052,-0.001433,0.088606
11.468000,0.004440,-0.001703,0.088989
11.470000,0.003818,-0.001968,0.089350
11.472000,0.003188,-0.002227,0.089689
11.474000,0.002551,-0.002479,0.090008
11.476000,0.001908,-0.002726,0.090310
11.478000,0.001262,-0.002966,0.090598
11.480000,0.000542,-0.003309,0.090773
11.482000,-0.000120,-0.003802,0.090881
11.484000,-0.000712,-0.004427,0.090940
11.486000,-0.001311,-0.005039,0.090953
11.488000,-0.001915,-0.005622,0.090924
11.490000,-0.002522,-0.006171,0.090856
11.492000,-0.003130,-0.006675,0.090752
11.494000,-0.003718,-0.007130,0.090584
11.496000,-0.004290,-0.007534,0.090356
11.498000,-0.004847,-0.007879,0.090077
11.500000,-0.005393,-0.008173,0.089755
11.502000,-0.005931,-0.008416,0.089402
11.504000,-0.006461,-0.008609,0.089022
11.506000,-0.006986,-0.008749,0.088620
11.508000,-0.007505,-0.008838,0.088200
11.510000,-0.008019,-0.008883,0.087765
11.512000,-0.008530,-0.008887,0.087316
11.514000,-0.009036,-0.008848,0.086856
11.516000,-0.009537,-0.008772,0.086387
11.518000,-0.010032,-0.008661,0.085910
11.520000,-0.010520,-0.008515,0.085427
11.522000,-0.011001,-0.008335,0.084934
11.524000,-0.011476,-0.008125,0.084436
11.526000,-0.011943,-0.007890,0.083932
11.528000,-0.012402,-0.007632,0.083424
11.530000,-0.012851,-0.007351,0.082912
11.532000,-0.013289,-0.007051,0.082396
11.534000,-0.013717,-0.006732,0.081876
11.536000,-0.014134,-0.006399,0.081352
11.538000,-0.014538,-0.006054,0.080825
11.540000,-0.014930,-0.005697,0.080295
11.542000,-0.015307,-0.005330,0.079760
11.544000,-0.015671,-0.004957,0.079221
11.546000,-0.016021,-0.004578,0.078676
11.548000,-0.016355,-0.004195,0.078125
11.550000,-0.016673,-0.003809,0.077564
11.552000,-0.016976,-0.003422,0.076997
11.554000,-0.017263,-0.003036,0.076424
11.556000,-0.017535,-0.002652,0.075844
11.558000,-0.017791,-0.002271,0.075256
11.560000,-0.018028,-0.001894,0.074658
11.562000,-0.018248,-0.001522,0.074050
11.564000,-0.018451,-0.001156,0.073432
11.566000,-0.018636,-0.000796,0.072803
11.568000,-0.018805,-0.000445,0.072163
11.570000,-0.018955,-0.000102,0.071509
11.572000,-0.019086,0.000232,0.070844
11.574000,-0.019199,0.000555,0.070165
11.576000,-0.019293,0.000868,0.069474
11.578000,-0.019370,0.001169,0.068770
11.580000,-0.019428,0.001459,0.068055
11.582000,-0.019467,0.001737,0.067326
11.584000,-0.019485,0.002002,0.066582
11.586000,-0.019483,0.002254,0.065823
11.588000,-0.019464,0.002494,0.065050
11.590000,-0.019426,0.002722,0.064265
11.592000,-0.019370,0.002937,0.063467
11.594000,-0.019294,0.003139,0.062655
11.596000,-0.019200,0.003327,0.061826
11.598000,-0.019086,0.003502,0.060982
11.600000,-0.018955,0.003664,0.060128
11.602000,-0.018807,0.003814,0.059265
11.604000,-0.018643,0.003952,0.058393
11.606000,-0.018461,0.004078,0.057511
11.608000,-0.018261,0.004191,0.056620
11.610000,-0.018047,0.004292,0.055719
11.612000,-0.017817,0.004381,0.054811
11.614000,-0.017572,0.004458,0.053897
11.616000,-0.017312,0.004524,0.052978
11.618000,-0.017037,0.004578,0.052053
11.620000,-0.016746,0.004621,0.051120
11.622000,-0.016439,0.004653,0.050182
11.624000,-0.016119,0.004674,0.049243
11.626000,-0.015784,0.004686,0.048304
11.628000,-0.015435,0.004688,0.047365
11.630000,-0.015073,0.004680,0.046425
11.632000,-0.014698,0.004662,0.045487
11.634000,-0.014308,0.004635,0.044555
11.636000,-0.013904,0.004598,0.043633
11.638000,-0.013487,0.004553,0.042722
11.640000,-0.013057,0.004499,0.041820
11.642000,-0.012612,0.004437,0.040930
11.644000,-0.012153,0.004369,0.040052
11.646000,-0.011682,0.004292,0.039188
11.648000,-0.011198,0.004209,0.038338
11.650000,-0.010703,0.004119,0.037502
11.652000,-0.010195,0.004023,0.036680
11.654000,-0.009676,0.003921,0.035874
11.656000,-0.009145,0.003814,0.035085
11.658000,-0.008601,0.003702,0.034324
11.660000,-0.008042,0.003583,0.033602
11.662000,-0.007469,0.003459,0.032907
11.664000,-0.006882,0.003332,0.032239
11.666000,-0.006281,0.003199,0.031594
11.668000,-0.005669,0.003063,0.030970
11.670000,-0.005045,0.002924,0.030364
11.672000,-0.004413,0.002782,0.029772
11.674000,-0.003773,0.002638,0.029194
11.676000,-0.003126,0.002493,0.028631
11.678000,-0.002474,0.002347,0.028079
11.680000,-0.001817,0.002199,0.027548
11.682000,-0.001046,0.001996,0.027076
11.684000,-0.000201,0.001760,0.026691
11.686000,0.000621,0.001432,0.026341
11.688000,0.001419,0.001019,0.026015
11.690000,0.002195,0.000624,0.025720
11.692000,0.002956,0.000254,0.025457
11.694000,0.003703,-0.000087,0.025223
11.696000,0.004438,-0.000399,0.025018
11.698000,0.005144,-0.000671,0.024866
11.700000,0.005825,-0.000898,0.024761
11.702000,0.006487,-0.001086,0.024698
11.704000,0.007132,-0.001236,0.024669
11.706000,0.007765,-0.001350,0.024670
11.708000,0.008387,-0.001430,0.024700
11.710000,0.008999,-0.001477,0.024758
11.712000,0.009602,-0.001491,0.024841
11.714000,0.010196,-0.001476,0.024945
11.716000,0.010783,-0.001431,0.025069
11.718000,0.011364,-0.001363,0.025211
11.720000,0.011937,-0.001271,0.025368
11.722000,0.012501,-0.001159,0.025538
11.724000,0.013056,-0.001025,0.025722
11.726000,0.013601,-0.000873,0.025919
11.728000,0.014134,-0.000707,0.026130
11.730000,0.014655,-0.000527,0.026354
11.732000,0.015163,-0.000334,0.026589
11.734000,0.015657,-0.000131,0.026834
11.736000,0.016136,0.000079,0.027093
11.738000,0.016599,0.000297,0.027361
11.740000,0.017047,0.000519,0.027638
11.742000,0.017479,0.000745,0.027926
11.744000,0.017895,0.000972,0.028223
11.746000,0.018293,0.001201,0.028529
11.748000,0.018674,0.001428,0.028844
11.750000,0.019036,0.001655,0.029170
11.752000,0.019379,0.001878,0.029505
11.754000,0.019704,0.002098,0.029851
11.756000,0.020009,0.002313,0.030208
11.758000,0.020295,0.002522,0.030578
11.760000,0.020560,0.002723,0.030960
11.762000,0.020804,0.002917,0.031356
11.764000,0.021030,0.003103,0.031764
11.766000,0.021237,0.003278,0.032188
11.768000,0.021425,0.003442,0.032630
11.770000,0.021593,0.003594,0.033088
11.772000,0.021741,0.003735,0.033561
11.774000,0.021867,0.003864,0.034050
11.776000,0.021970,0.003980,0.034551
11.778000,0.022049,0.004083,0.035064
11.780000,0.022107,0.004173,0.035587
11.782000,0.022144,0.004251,0.036121
11.784000,0.022158,0.004316,0.036666
11.786000,0.022151,0.004366,0.037225
11.788000,0.022121,0.004402,0.037799
11.790000,0.022072,0.004424,0.038385
11.792000,0.022004,0.004432,0.038984
11.794000,0.021916,0.004427,0.039599
11.796000,0.021809,0.004406,0.040232
11.798000,0.021680,0.004371,0.040878
11.800000,0.021532,0.004324,0.041533
11.802000,0.021367,0.004263,0.042198
11.804000,0.021185,0.004189,0.042873
11.806000,0.020986,0.004103,0.043555
11.808000,0.020769,0.004003,0.044247
11.810000,0.020536,0.003891,0.044947
11.812000,0.020285,0.003766,0.045656
11.814000,0.020020,0.003629,0.046369
11.816000,0.019739,0.003481,0.047086
11.818000,0.019444,0.003322,0.047807
11.820000,0.019134,0.003153,0.048531
11.822000,0.018810,0.002975,0.049256
11.824000,0.018472,0.002786,0.049982
11.826000,0.018121,0.002589,0.050707
11.828000,0.017756,0.002384,0.051432
11.830000,0.017379,0.002171,0.052155
11.832000,0.016988,0.001952,0.052869
11.834000,0.016585,0.001726,0.053573
11.836000,0.016170,0.001495,0.054266
11.838000,0.015743,0.001258,0.054949
11.840000,0.015304,0.001017,0.055620
11.842000,0.014853,0.000773,0.056278
11.844000,0.014390,0.000525,0.056922
11.846000,0.013916,0.000275,0.057552
11.848000,0.013431,0.000023,0.058168
11.850000,0.012934,-0.000230,0.058769
11.852000,0.012428,-0.000483,0.059356
11.854000,0.011910,-0.000737,0.059926
11.856000,0.011383,-0.000990,0.060477
11.858000,0.010844,-0.001240,0.060998
11.860000,0.010294,-0.001488,0.061490
11.862000,0.009731,-0.001732,0.061953
11.864000,0.009157,-0.001972,0.062387
11.866000,0.008571,-0.002207,0.062793
11.868000,0.007973,-0.002438,0.063174
11.870000,0.007365,-0.002665,0.063531
11.872000,0.006747,-0.002886,0.063864
11.874000,0.006119,-0.003102,0.064176
11.876000,0.005483,-0.003311,0.064467
11.878000,0.004839,-0.003515,0.064740
11.880000,0.004109,-0.003827,0.064894
11.882000,0.003269,-0.004211,0.064964
11.884000,0.002338,-0.004643,0.064969
11.886000,0.001438,-0.005039,0.064942
11.888000,0.000570,-0.005395,0.064889
11.890000,-0.000270,-0.005708,0.064814
11.892000,-0.001083,-0.005980,0.064716
11.894000,-0.001870,-0.006213,0.064596
11.896000,-0.002607,-0.006394,0.064410
11.898000,-0.003300,-0.006526,0.064164
11.900000,-0.003961,-0.006613,0.063868
11.902000,-0.004593,-0.006651,0.063525
11.904000,-0.005204,-0.006648,0.063148
11.906000,-0.005797,-0.006607,0.062742
11.908000,-0.006375,-0.006530,0.062318
11.910000,-0.006940,-0.006419,0.061879
11.912000,-0.007493,-0.006277,0.061424
11.914000,-0.008035,-0.006105,0.060961
11.916000,-0.008568,-0.005907,0.060489
11.918000,-0.009092,-0.005684,0.060006
11.920000,-0.009605,-0.005433,0.059516
11.922000,-0.010109,-0.005162,0.059022
11.924000,-0.010604,-0.004872,0.058522
11.926000,-0.011089,-0.004566,0.058020
11.928000,-0.011563,-0.004242,0.057517
11.930000,-0.012025,-0.003902,0.057013
11.932000,-0.012476,-0.003551,0.056509
11.934000,-0.012916,-0.003192,0.056005
11.936000,-0.013345,-0.002827,0.055501
11.938000,-0.013763,-0.002456,0.054996
11.940000,-0.014167,-0.002082,0.054490
11.942000,-0.014558,-0.001704,0.053983
11.944000,-0.014934,-0.001324,0.053475
11.946000,-0.015296,-0.000945,0.052966
11.948000,-0.015644,-0.000568,0.052455
11.950000,-0.015976,-0.000194,0.051941
11.952000,-0.016294,0.000176,0.051424
11.954000,-0.016593,0.000542,0.050903
11.956000,-0.016876,0.000903,0.050379
11.958000,-0.017142,0.001256,0.049851
11.960000,-0.017142,0.001256,0.049851
11.962000,-0.017619,0.001941,0.048781
11.964000,-0.017827,0.002270,0.048234
11.966000,-0.018013,0.002588,0.047676
11.968000,-0.018178,0.002896,0.047108
11.970000,-0.018324,0.003193,0.046533
11.972000,-0.018451,0.003479,0.045952
11.974000,-0.018560,0.003753,0.045361
11.976000,-0.018648,0.004015,0.044762
11.978000,-0.018715,0.004264,0.044156
11.980000,-0.018760,0.004501,0.043541
11.982000,-0.018784,0.004724,0.042916
11.984000,-0.018788,0.004935,0.042280
11.986000,-0.018772,0.005132,0.041634
11.988000,-0.018735,0.005316,0.040978
11.990000,-0.018679,0.005485,0.040307
11.992000,-0.018601,0.005640,0.039620
11.994000,-0.018501,0.005780,0.038919
11.996000,-0.018382,0.005906,0.038208
11.998000,-0.018244,0.006019,0.037489
12.000000,-0.018089,0.006118,0.036759
12.002000,-0.017916,0.006204,0.036021
12.004000,-0.017725,0.006277,0.035272
12.006000,-0.017517,0.006337,0.034516
12.008000,-0.017292,0.006384,0.033750
12.010000,-0.017051,0.006418,0.032977
12.012000,-0.016793,0.006440,0.032195
12.014000,-0.016519,0.006449,0.031406
12.016000,-0.016229,0.006447,0.030609
12.018000,-0.015924,0.006433,0.029807
12.020000,-0.015602,0.006408,0.028999
12.022000,-0.015266,0.006373,0.028187
12.024000,-0.014915,0.006326,0.027368
12.026000,-0.014551,0.006269,0.026543
12.028000,-0.014172,0.006201,0.025715
12.030000,-0.013779,0.006123,0.024887
12.032000,-0.013372,0.006036,0.024063
12.034000,-0.012950,0.005938,0.023242
12.036000,-0.012514,0.005833,0.022425
12.038000,-0.012063,0.005718,0.021613
12.040000,-0.011600,0.005596,0.020809
12.042000,-0.011123,0.005466,0.020013
12.044000,-0.010635,0.005328,0.019226
12.046000,-0.010135,0.005184,0.018449
12.048000,-0.009624,0.005033,0.017681
12.050000,-0.009101,0.004877,0.016925
12.052000,-0.008568,0.004715,0.016180
12.054000,-0.008024,0.004548,0.015448
12.056000,-0.007470,0.004376,0.014730
12.058000,-0.006906,0.004200,0.014025
12.060000,-0.006332,0.004020,0.013337
12.062000,-0.005746,0.003835,0.012677
12.064000,-0.005149,0.003646,0.012045
12.066000,-0.004539,0.003453,0.011438
12.068000,-0.003918,0.003257,0.010856
12.070000,-0.003287,0.003059,0.010294
12.072000,-0.002646,0.002860,0.009749
12.074000,-0.001997,0.002659,0.009219
12.076000,-0.001341,0.002458,0.008701
12.078000,-0.000680,0.002256,0.008193
12.080000,-0.000012,0.002055,0.007697
12.082000,0.000659,0.001855,0.007211
12.084000,0.001339,0.001656,0.006780
12.086000,0.002077,0.001424,0.006449
12.088000,0.002856,0.001172,0.006205
12.090000,0.003628,0.000920,0.006017
12.092000,0.004389,0.000676,0.005879
12.094000,0.005137,0.000449,0.005788
12.096000,0.005873,0.000240,0.005740
12.098000,0.005873,0.000240,0.005740
12.100000,0.007292,-0.000099,0.005791
12.102000,0.007979,-0.000222,0.005879
12.104000,0.008654,-0.000317,0.005998
12.106000,0.008654,-0.000317,0.005998
12.108000,0.009974,-0.000419,0.006320
12.110000,0.010618,-0.000426,0.006524
12.112000,0.011254,-0.000408,0.006752
12.114000,0.011880,-0.000363,0.007003
12.116000,0.012497,-0.000295,0.007274
12.118000,0.013105,-0.000202,0.007563
12.120000,0.013704,-0.000089,0.007869
12.122000,0.014292,0.000044,0.008191
12.124000,0.014292,0.000044,0.008191
12.126000,0.015435,0.000363,0.008879
12.128000,0.015987,0.000547,0.009244
12.130000,0.016527,0.000745,0.009622
12.132000,0.017052,0.000954,0.010012
12.134000,0.017563,0.001174,0.010413
12.136000,0.018058,0.001404,0.010826
12.138000,0.018538,0.001641,0.011250
12.140000,0.019002,0.001884,0.011685
12.142000,0.019448,0.002131,0.012132
12.144000,0.019876,0.002381,0.012589
12.146000,0.020287,0.002632,0.013059
12.148000,0.020681,0.002883,0.013539
12.150000,0.021058,0.003132,0.014031
12.152000,0.021417,0.003377,0.014535
12.154000,0.021758,0.003619,0.015050
12.156000,0.022081,0.003855,0.015577
12.158000,0.022387,0.004085,0.016117
12.160000,0.022674,0.004309,0.016669
12.162000,0.022942,0.004524,0.017234
12.164000,0.023192,0.004732,0.017811
12.166000,0.023422,0.004930,0.018402
12.168000,0.023634,0.005118,0.019005
12.170000,0.023825,0.005296,0.019623
12.172000,0.023997,0.005463,0.020253
12.174000,0.024152,0.005618,0.020897
12.176000,0.024289,0.005762,0.021554
12.178000,0.024408,0.005892,0.022224
12.180000,0.024508,0.006010,0.022908
12.182000,0.024589,0.006115,0.023604
12.184000,0.024650,0.006207,0.024314
12.186000,0.024693,0.006285,0.025037
12.188000,0.024717,0.006350,0.025773
12.190000,0.024721,0.006400,0.026523
12.192000,0.024705,0.006437,0.027285
12.194000,0.024672,0.006460,0.028060
12.196000,0.024672,0.006460,0.028060
12.198000,0.024552,0.006466,0.029641
12.200000,0.024465,0.006448,0.030449
12.202000,0.024360,0.006415,0.031269
12.204000,0.024238,0.006368,0.032100
12.206000,0.024101,0.006308,0.032939
12.208000,0.023948,0.006236,0.033786
12.210000,0.023778,0.006150,0.034643
12.212000,0.023592,0.006052,0.035509
12.214000,0.023392,0.005942,0.036382
12.216000,0.023176,0.005819,0.037263
12.218000,0.022947,0.005686,0.038150
12.220000,0.022703,0.005541,0.039043
12.222000,0.022444,0.005385,0.039940
12.224000,0.022173,0.005219,0.040842
12.226000,0.021889,0.005042,0.041747
12.228000,0.021591,0.004856,0.042654
12.230000,0.021280,0.004660,0.043561
12.232000,0.020957,0.004457,0.044463
12.234000,0.020620,0.004245,0.045359
12.236000,0.020269,0.004028,0.046247
12.238000,0.019906,0.003804,0.047129
12.240000,0.019529,0.003575,0.048001
12.242000,0.019141,0.003341,0.048865
12.244000,0.018740,0.003103,0.049717
12.246000,0.018326,0.002861,0.050557
12.248000,0.017901,0.002616,0.051383
12.250000,0.017466,0.002368,0.052195
12.252000,0.017020,0.002118,0.052993
12.254000,0.016564,0.001865,0.053775
12.256000,0.016097,0.001612,0.054542
12.258000,0.015620,0.001358,0.055293
12.260000,0.015132,0.001107,0.056017
12.262000,0.014632,0.000857,0.056713
12.264000,0.014119,0.000610,0.057381
12.266000,0.013595,0.000365,0.058023
12.268000,0.013058,0.000123,0.058639
12.270000,0.012513,-0.000116,0.059241
12.272000,0.011955,-0.000352,0.059813
12.274000,0.011389,-0.000584,0.060367
12.276000,0.010814,-0.000812,0.060903
12.278000,0.010233,-0.001038,0.061423
12.280000,0.009645,-0.001259,0.061928
12.282000,0.009044,-0.001470,0.062386
12.284000,0.008297,-0.001758,0.062752
12.286000,0.007461,-0.002122,0.063038
12.288000,0.006627,-0.002474,0.063277
12.290000,0.005795,-0.002807,0.063476
12.292000,0.004971,-0.003113,0.063640
12.294000,0.004152,-0.003388,0.063772
12.296000,0.003339,-0.003634,0.063874
12.298000,0.002557,-0.003840,0.063910
12.300000,0.001802,-0.004002,0.063888
12.302000,0.001070,-0.004123,0.063814
12.304000,0.001070,-0.004123,0.063814
12.306000,-0.000339,-0.004245,0.063543
12.308000,-0.001019,-0.004246,0.063363
12.310000,-0.001687,-0.004211,0.063159
12.312000,-0.002343,-0.004140,0.062936
12.314000,-0.002988,-0.004033,0.062697
12.316000,-0.003622,-0.003894,0.062445
12.318000,-0.004247,-0.003727,0.062182
12.320000,-0.004861,-0.003529,0.061910
12.322000,-0.005465,-0.003305,0.061630
12.324000,-0.006059,-0.003059,0.061344
12.326000,-0.006641,-0.002792,0.061054
12.328000,-0.007212,-0.002504,0.060759
12.330000,-0.007772,-0.002198,0.060459
12.332000,-0.008320,-0.001878,0.060157
12.334000,-0.008856,-0.001544,0.059854
12.336000,-0.009378,-0.001197,0.059549
12.338000,-0.009886,-0.000839,0.059239
12.340000,-0.010379,-0.000472,0.058926
12.342000,-0.010860,-0.000101,0.058607
12.344000,-0.011327,0.000273,0.058286
12.346000,-0.011778,0.000650,0.057962
12.348000,-0.012215,0.001026,0.057635
12.350000,-0.012636,0.001402,0.057301
12.352000,-0.013039,0.001776,0.056960
12.354000,-0.013423,0.002147,0.056610
12.356000,-0.013423,0.002147,0.056610
12.358000,-0.014135,0.002877,0.055895
12.360000,-0.014135,0.002877,0.055895
12.362000,-0.014461,0.003234,0.055530
12.364000,-0.015058,0.003924,0.054773
12.366000,-0.015326,0.004255,0.054377
12.368000,-0.015572,0.004575,0.053967
12.370000,-0.015801,0.004884,0.053545
12.372000,-0.016010,0.005183,0.053117
12.374000,-0.016198,0.005469,0.052679
12.376000,-0.016365,0.005743,0.052228
12.378000,-0.016512,0.006005,0.051770
12.380000,-0.016638,0.006253,0.051298
12.382000,-0.016741,0.006487,0.050811
12.384000,-0.016821,0.006706,0.050308
12.386000,-0.016880,0.006911,0.049794
12.388000,-0.016916,0.007101,0.049268
12.390000,-0.016930,0.007276,0.048730
12.392000,-0.016922,0.007436,0.048179
12.394000,-0.016895,0.007582,0.047619
12.396000,-0.016847,0.007715,0.047048
12.398000,-0.016778,0.007832,0.046466
12.400000,-0.016689,0.007935,0.045869
12.402000,-0.016578,0.008024,0.045260
12.404000,-0.016448,0.008099,0.044642
12.406000,-0.016300,0.008162,0.044015
12.408000,-0.016134,0.008211,0.043377
12.412000,-0.016134,0.008211,0.043377
12.412000,-0.015749,0.008269,0.042059
12.414000,-0.015529,0.008278,0.041377
12.416000,-0.015288,0.008273,0.040685
12.418000,-0.015028,0.008255,0.039983
12.420000,-0.014753,0.008225,0.039276
12.422000,-0.014461,0.008185,0.038565
12.424000,-0.014153,0.008134,0.037848
12.426000,-0.013829,0.008072,0.037130
12.428000,-0.013490,0.007999,0.036409
12.430000,-0.013138,0.007917,0.035687
12.432000,-0.012771,0.007824,0.034970
12.434000,-0.012389,0.007722,0.034259
12.436000,-0.011992,0.007611,0.033556
12.436000,-0.011992,0.007611,0.033556
12.440000,-0.011153,0.007363,0.032177
12.442000,-0.010712,0.007228,0.031503
12.444000,-0.010257,0.007085,0.030837
12.446000,-0.009788,0.006934,0.030185
12.448000,-0.009307,0.006777,0.029543
12.450000,-0.008812,0.006613,0.028915
12.452000,-0.008306,0.006443,0.028302
12.454000,-0.007789,0.006267,0.027704
12.456000,-0.007789,0.006267,0.027704
12.458000,-0.006717,0.005902,0.026558
12.460000,-0.006162,0.005712,0.026010
12.462000,-0.005596,0.005517,0.025479
12.464000,-0.005017,0.005317,0.024966
12.466000,-0.004425,0.005114,0.024472
12.468000,-0.003821,0.004906,0.024001
12.470000,-0.003204,0.004696,0.023552
12.472000,-0.002575,0.004483,0.023127
12.474000,-0.001935,0.004269,0.022723
12.476000,-0.001285,0.004053,0.022341
12.478000,-0.000625,0.003837,0.021978
12.480000,0.000048,0.003618,0.021661
12.482000,0.000735,0.003398,0.021389
12.484000,0.001435,0.003176,0.021152
12.486000,0.002277,0.002886,0.020988
12.488000,0.003213,0.002547,0.020888
12.490000,0.004140,0.002214,0.020828
12.492000,0.005052,0.001897,0.020806
12.494000,0.005942,0.001603,0.020819
12.496000,0.006812,0.001330,0.020866
12.498000,0.007651,0.001088,0.020964
12.500000,0.008461,0.000880,0.021107
12.502000,0.009243,0.000707,0.021293
12.504000,0.010001,0.000572,0.021514
12.506000,0.010739,0.000468,0.021762
12.508000,0.011456,0.000394,0.022037
12.510000,0.012154,0.000350,0.022336
12.512000,0.012834,0.000337,0.022657
12.514000,0.013497,0.000353,0.022996
12.516000,0.014143,0.000393,0.023351
12.518000,0.014773,0.000456,0.023722
12.520000,0.015385,0.000541,0.024107
12.522000,0.015980,0.000647,0.024507
12.524000,0.016556,0.000774,0.024918
12.526000,0.017115,0.000920,0.025342
12.528000,0.017655,0.001080,0.025775
12.530000,0.018177,0.001253,0.026218
12.532000,0.018679,0.001439,0.026669
12.534000,0.019161,0.001636,0.027126
12.536000,0.019624,0.001841,0.027591
12.538000,0.020065,0.002054,0.028062
12.540000,0.020486,0.002272,0.028540
12.542000,0.020889,0.002493,0.029024
12.544000,0.021273,0.002715,0.029517
12.546000,0.021638,0.002937,0.030018
12.548000,0.021982,0.003158,0.030526
12.550000,0.022307,0.003377,0.031043
12.552000,0.022613,0.003592,0.031567
12.554000,0.022900,0.003803,0.032098
12.556000,0.023167,0.004008,0.032637
12.558000,0.023413,0.004207,0.033183
12.560000,0.023639,0.004399,0.033741
12.562000,0.023843,0.004582,0.034310
12.564000,0.024029,0.004757,0.034888
12.566000,0.024195,0.004922,0.035477
12.568000,0.024339,0.005077,0.036075
12.570000,0.024462,0.005219,0.036690
12.572000,0.024565,0.005350,0.037316
12.574000,0.024646,0.005468,0.037953
12.576000,0.024709,0.005574,0.038599
12.578000,0.024752,0.005667,0.039256
12.580000,0.024773,0.005747,0.039923
12.582000,0.024772,0.005813,0.040606
12.584000,0.024752,0.005865,0.041300
12.586000,0.024713,0.005903,0.042005
12.588000,0.024655,0.005928,0.042721
12.590000,0.024579,0.005939,0.043448
12.592000,0.024483,0.005936,0.044186
12.594000,0.024366,0.005918,0.044935
12.596000,0.024232,0.005887,0.045694
12.598000,0.024080,0.005842,0.046463
12.600000,0.023912,0.005783,0.047245
12.602000,0.023725,0.005710,0.048041
12.604000,0.023520,0.005622,0.048851
12.606000,0.023296,0.005519,0.049676
12.608000,0.023056,0.005404,0.050507
12.610000,0.022801,0.005277,0.051346
12.612000,0.022531,0.005137,0.052190
12.614000,0.022247,0.004985,0.053041
12.616000,0.021949,0.004821,0.053897
12.618000,0.021638,0.004645,0.054757
12.620000,0.021315,0.004458,0.055621
12.622000,0.020979,0.004261,0.056490
12.624000,0.020631,0.004053,0.057363
12.626000,0.020269,0.003835,0.058237
12.628000,0.019895,0.003609,0.059113
12.630000,0.019510,0.003375,0.059987
12.632000,0.019113,0.003133,0.060855
12.634000,0.018705,0.002884,0.061718
12.636000,0.018286,0.002629,0.062577
12.638000,0.017855,0.002368,0.063427
12.640000,0.017414,0.002103,0.064269
12.642000,0.016964,0.001832,0.065101
12.644000,0.016504,0.001557,0.065922
12.646000,0.016036,0.001279,0.066731
12.648000,0.015558,0.000998,0.067529
12.650000,0.015072,0.000715,0.068318
12.652000,0.014577,0.000430,0.069088
12.654000,0.014073,0.000146,0.069840
12.656000,0.013562,-0.000138,0.070578
12.658000,0.013042,-0.000422,0.071300
12.660000,0.012514,-0.000702,0.071997
12.662000,0.011977,-0.000980,0.072670
12.664000,0.011431,-0.001255,0.073318
12.666000,0.010877,-0.001527,0.073942
12.668000,0.010313,-0.001794,0.074542
12.670000,0.009739,-0.002056,0.075106
12.672000,0.009156,-0.002313,0.075651
12.674000,0.008567,-0.002566,0.076178
12.676000,0.007971,-0.002815,0.076690
12.678000,0.007369,-0.003058,0.077182
12.680000,0.006762,-0.003294,0.077657
12.682000,0.006142,-0.003518,0.078080
12.684000,0.005513,-0.003731,0.078463
12.686000,0.004777,-0.004028,0.078755
12.688000,0.004140,-0.004287,0.079041
12.690000,0.003494,-0.004545,0.079281
12.692000,0.002847,-0.004790,0.079479
12.694000,0.002194,-0.005018,0.079634
12.696000,0.001538,-0.005223,0.079751
12.698000,0.000879,-0.005408,0.079830
12.700000,0.000239,-0.005560,0.079843
12.702000,-0.000387,-0.005679,0.079796
12.704000,-0.001001,-0.005760,0.079693
12.706000,-0.001607,-0.005801,0.079541
12.708000,-0.002207,-0.005803,0.079352
12.710000,-0.002802,-0.005773,0.079135
12.712000,-0.003394,-0.005713,0.078897
12.714000,-0.003982,-0.005622,0.078641
12.716000,-0.004567,-0.005498,0.078370
12.718000,-0.005148,-0.005343,0.078087
12.720000,-0.005724,-0.005157,0.077793
12.722000,-0.006295,-0.004947,0.077490
12.724000,-0.006859,-0.004714,0.077179
12.726000,-0.007417,-0.004460,0.076861
12.728000,-0.007969,-0.004187,0.076537
12.730000,-0.008512,-0.003893,0.076208
12.732000,-0.009046,-0.003581,0.075872
12.734000,-0.009571,-0.003254,0.075532
12.736000,-0.010086,-0.002915,0.075190
12.738000,-0.010590,-0.002564,0.074846
12.740000,-0.011082,-0.002205,0.074500
12.742000,-0.011560,-0.001836,0.074151
12.744000,-0.012024,-0.001461,0.073799
12.746000,-0.012475,-0.001081,0.073444
12.748000,-0.012911,-0.000699,0.073086
12.750000,-0.013331,-0.000315,0.072723
12.752000,-0.013735,0.000070,0.072355
12.754000,-0.014122,0.000454,0.071982
12.756000,-0.014492,0.000836,0.071603
12.758000,-0.014844,0.001214,0.071218
12.760000,-0.015180,0.001586,0.070828
12.762000,-0.015497,0.001952,0.070430
12.764000,-0.015794,0.002311,0.070022
12.766000,-0.016073,0.002662,0.069605
12.768000,-0.016331,0.003005,0.069177
12.770000,-0.016571,0.003338,0.068739
12.772000,-0.016792,0.003661,0.068291
12.774000,-0.016992,0.003974,0.067831
12.776000,-0.017172,0.004276,0.067359
12.778000,-0.017330,0.004565,0.066875
12.780000,-0.017470,0.004842,0.066379
12.782000,-0.017590,0.005106,0.065869
12.784000,-0.017689,0.005357,0.065345
12.786000,-0.017769,0.005594,0.064807
12.788000,-0.017829,0.005817,0.064256
12.790000,-0.017870,0.006027,0.063692
12.792000,-0.017890,0.006223,0.063114
12.794000,-0.017890,0.006404,0.062520
12.796000,-0.017868,0.006571,0.061910
12.798000,-0.017826,0.006723,0.061285
12.800000,-0.017765,0.006861,0.060647
12.802000,-0.017686,0.006985,0.059996
12.804000,-0.017587,0.007096,0.059331
12.806000,-0.017467,0.007192,0.058653
12.808000,-0.017328,0.007275,0.057963
12.810000,-0.017171,0.007344,0.057261
12.812000,-0.016998,0.007401,0.056549
12.814000,-0.016807,0.007445,0.055828
12.816000,-0.016600,0.007476,0.055096
12.818000,-0.016374,0.007494,0.054356
12.820000,-0.016133,0.007500,0.053608
12.822000,-0.015877,0.007495,0.052855
12.824000,-0.015605,0.007478,0.052096
12.826000,-0.015316,0.007450,0.051332
12.828000,-0.015012,0.007412,0.050566
12.830000,-0.014692,0.007363,0.049796
12.832000,-0.014358,0.007303,0.049030
12.834000,-0.014010,0.007233,0.048267
12.836000,-0.013647,0.007154,0.047509
12.838000,-0.013269,0.007066,0.046756
12.840000,-0.012877,0.006969,0.046012
12.842000,-0.012471,0.006863,0.045276
12.844000,-0.012052,0.006750,0.044549
12.846000,-0.011618,0.006629,0.043831
12.848000,-0.011171,0.006503,0.043124
12.850000,-0.010710,0.006369,0.042426
12.852000,-0.010238,0.006230,0.041739
12.854000,-0.009754,0.006084,0.041063
12.856000,-0.009258,0.005933,0.040400
12.858000,-0.008750,0.005777,0.039751
12.860000,-0.008230,0.005616,0.039122
12.862000,-0.007698,0.005450,0.038513
12.864000,-0.007152,0.005280,0.037923
12.866000,-0.006594,0.005106,0.037353
12.868000,-0.006021,0.004929,0.036810
12.870000,-0.005435,0.004748,0.036296
12.872000,-0.004835,0.004564,0.035809
12.874000,-0.004223,0.004377,0.035348
12.876000,-0.003599,0.004188,0.034912
12.878000,-0.002964,0.003998,0.034500
12.880000,-0.002320,0.003806,0.034105
12.882000,-0.001667,0.003612,0.033735
12.884000,-0.001005,0.003418,0.033387
12.886000,-0.000214,0.003160,0.033100
12.888000,0.000672,0.002851,0.032882
12.890000,0.001619,0.002504,0.032725
12.892000,0.002536,0.002178,0.032603
12.894000,0.003424,0.001875,0.032512
12.896000,0.004283,0.001599,0.032450
12.898000,0.005116,0.001352,0.032417
12.900000,0.005909,0.001143,0.032437
12.902000,0.006668,0.000971,0.032504
12.904000,0.007398,0.000834,0.032610
12.906000,0.008101,0.000734,0.032754
12.908000,0.008783,0.000670,0.032927
12.910000,0.009445,0.000639,0.033130
12.912000,0.010091,0.000637,0.033356
12.914000,0.010722,0.000662,0.033602
12.916000,0.011338,0.000712,0.033868
12.918000,0.011939,0.000788,0.034150
12.920000,0.012526,0.000889,0.034447
12.922000,0.013098,0.001013,0.034758
12.924000,0.013657,0.001158,0.035081
12.926000,0.014201,0.001319,0.035416
12.928000,0.014732,0.001493,0.035762
12.930000,0.015250,0.001680,0.036119
12.932000,0.015752,0.001878,0.036485
12.934000,0.016240,0.002088,0.036858
12.936000,0.016712,0.002305,0.037238
12.938000,0.017169,0.002528,0.037625
12.940000,0.017609,0.002757,0.038019
12.942000,0.018030,0.002990,0.038419
12.944000,0.018434,0.003225,0.038826
12.946000,0.018822,0.003461,0.039239
12.948000,0.019194,0.003694,0.039660
12.950000,0.019549,0.003926,0.040087
12.952000,0.019886,0.004154,0.040522
12.954000,0.020204,0.004378,0.040964
12.956000,0.020504,0.004597,0.041414
12.958000,0.020786,0.004810,0.041872
12.960000,0.021050,0.005014,0.042339
12.962000,0.021296,0.005211,0.042816
12.964000,0.021523,0.005398,0.043302
12.966000,0.021729,0.005576,0.043797
12.968000,0.021917,0.005744,0.044303
12.970000,0.022086,0.005901,0.044818
12.972000,0.022236,0.006048,0.045342
12.974000,0.022366,0.006183,0.045878
12.976000,0.022475,0.006305,0.046424
12.978000,0.022565,0.006415,0.046981
12.980000,0.022637,0.006512,0.047548
12.982000,0.022689,0.006596,0.048127
12.984000,0.022689,0.006596,0.048127
12.986000,0.022730,0.006721,0.049326
12.988000,0.022719,0.006761,0.049949
12.990000,0.022689,0.006788,0.050584
12.992000,0.022637,0.006799,0.051233
12.994000,0.022565,0.006797,0.051893
12.996000,0.022476,0.006780,0.052564
12.998000,0.022368,0.006750,0.053246
13.000000,0.022242,0.006706,0.053938
13.002000,0.022098,0.006647,0.054642
13.004000,0.021934,0.006575,0.055356
13.006000,0.021752,0.006488,0.056082
13.008000,0.021553,0.006388,0.056817
13.010000,0.021337,0.006276,0.057561
13.012000,0.021106,0.006151,0.058312
13.014000,0.020857,0.006014,0.059073
13.016000,0.020592,0.005864,0.059842
13.018000,0.020311,0.005703,0.060616
13.020000,0.020016,0.005531,0.061397
13.022000,0.019709,0.005346,0.062181
13.024000,0.019387,0.005151,0.062970
13.026000,0.019051,0.004945,0.063764
13.028000,0.018702,0.004730,0.064560
13.030000,0.018340,0.004505,0.065357
13.032000,0.017967,0.004272,0.066151
13.034000,0.017580,0.004031,0.066940
13.036000,0.017182,0.003783,0.067725
13.038000,0.016771,0.003529,0.068503
13.040000,0.016350,0.003269,0.069275
13.042000,0.015917,0.003004,0.070039
13.044000,0.015473,0.002733,0.070796
13.046000,0.015019,0.002458,0.071544
13.048000,0.014555,0.002178,0.072285
13.050000,0.014081,0.001895,0.073014
13.052000,0.014081,0.001895,0.073014
13.054000,0.013105,0.001321,0.074435
13.056000,0.012603,0.001032,0.075125
13.058000,0.012091,0.000742,0.075793
13.060000,0.011568,0.000455,0.076437
13.062000,0.011035,0.000169,0.077058
13.064000,0.010492,-0.000115,0.077654
13.066000,0.009937,-0.000396,0.078227
13.068000,0.009372,-0.000673,0.078778
13.070000,0.008798,-0.000946,0.079307
13.072000,0.008214,-0.001215,0.079813
13.074000,0.007622,-0.001480,0.080298
13.076000,0.007022,-0.001740,0.080760
13.078000,0.006414,-0.001995,0.081201
13.080000,0.005800,-0.002244,0.081623
13.082000,0.005179,-0.002488,0.082026
13.084000,0.004550,-0.002722,0.082391
13.086000,0.003913,-0.002948,0.082731
13.088000,0.003175,-0.003260,0.082975
13.090000,0.002368,-0.003639,0.083135
13.092000,0.001517,-0.004069,0.083222
13.094000,0.000680,-0.004473,0.083268
13.096000,-0.000140,-0.004845,0.083278
13.098000,-0.000944,-0.005179,0.083256
13.100000,-0.001733,-0.005472,0.083204
13.102000,-0.002508,-0.005725,0.083123
13.104000,-0.003251,-0.005934,0.082983
13.106000,-0.003966,-0.006099,0.082788
13.108000,-0.004658,-0.006216,0.082542
13.110000,-0.005330,-0.006286,0.082255
13.112000,-0.005987,-0.006312,0.081934
13.114000,-0.006630,-0.006300,0.081588
13.116000,-0.007262,-0.006252,0.081222
13.118000,-0.007883,-0.006170,0.080840
13.120000,-0.008495,-0.006051,0.080444
13.122000,-0.009096,-0.005901,0.080036
13.124000,-0.009687,-0.005723,0.079617
13.126000,-0.010268,-0.005518,0.079187
13.128000,-0.010838,-0.005288,0.078749
13.130000,-0.011397,-0.005034,0.078301
13.132000,-0.011946,-0.004761,0.077848
13.134000,-0.012484,-0.004468,0.077393
13.136000,-0.013010,-0.004156,0.076936
13.138000,-0.013525,-0.003828,0.076478
13.140000,-0.014027,-0.003488,0.076017
13.142000,-0.014516,-0.003138,0.075551
13.144000,-0.014991,-0.002778,0.075082
13.146000,-0.015452,-0.002410,0.074611
13.148000,-0.015897,-0.002035,0.074136
13.150000,-0.016327,-0.001657,0.073659
13.152000,-0.016742,-0.001275,0.073177
13.154000,-0.017139,-0.000891,0.072692
13.156000,-0.017518,-0.000506,0.072198
13.158000,-0.017879,-0.000122,0.071698
13.160000,-0.018222,0.000260,0.071192
13.162000,-0.018548,0.000637,0.070681
13.164000,-0.018854,0.001010,0.070165
13.166000,-0.019141,0.001378,0.069641
13.168000,-0.019410,0.001738,0.069109
13.170000,-0.019660,0.002091,0.068569
13.172000,-0.019890,0.002436,0.068020
13.174000,-0.020100,0.002772,0.067461
13.176000,-0.020291,0.003099,0.066893
13.178000,-0.020461,0.003415,0.066315
13.180000,-0.020611,0.003721,0.065726
13.182000,-0.020742,0.004015,0.065123
13.184000,-0.020854,0.004297,0.064508
13.186000,-0.020943,0.004566,0.063877
13.188000,-0.021013,0.004822,0.063233
13.190000,-0.021063,0.005066,0.062576
13.192000,-0.021094,0.005296,0.061904
13.194000,-0.021105,0.005513,0.061220
13.196000,-0.021095,0.005716,0.060520
13.198000,-0.021064,0.005905,0.059802
13.200000,-0.021014,0.006080,0.059071
13.202000,-0.020945,0.006241,0.058329
13.204000,-0.020858,0.006389,0.057574
13.206000,-0.020752,0.006524,0.056808
13.208000,-0.020626,0.006645,0.056030
13.210000,-0.020481,0.006753,0.055235
13.212000,-0.020318,0.006847,0.054430
13.214000,-0.020138,0.006928,0.053615
13.216000,-0.019941,0.006997,0.052791
13.218000,-0.019728,0.007053,0.051959
13.220000,-0.019497,0.007097,0.051119
13.222000,-0.019250,0.007128,0.050271
13.224000,-0.018988,0.007148,0.049417
13.226000,-0.018711,0.007156,0.048557
13.228000,-0.018418,0.007154,0.047694
13.230000,-0.018109,0.007140,0.046829
13.232000,-0.017785,0.007115,0.045964
13.234000,-0.017444,0.007080,0.045101
13.236000,-0.017087,0.007035,0.044243
13.238000,-0.016716,0.006980,0.043390
13.240000,-0.016331,0.006915,0.042545
13.242000,-0.015932,0.006841,0.041707
13.244000,-0.015518,0.006759,0.040877
13.246000,-0.015090,0.006669,0.040055
13.248000,-0.014649,0.006572,0.039243
13.250000,-0.014195,0.006467,0.038440
13.252000,-0.013730,0.006355,0.037649
13.254000,-0.013252,0.006237,0.036872
13.256000,-0.012762,0.006112,0.036108
13.258000,-0.012260,0.005983,0.035357
13.260000,-0.011748,0.005847,0.034621
13.262000,-0.011223,0.005706,0.033903
13.264000,-0.010686,0.005561,0.033204
13.266000,-0.010139,0.005411,0.032514
13.268000,-0.009579,0.005257,0.031842
13.270000,-0.009007,0.005099,0.031188
13.272000,-0.008423,0.004938,0.030555
13.274000,-0.007828,0.004774,0.029946
13.276000,-0.007221,0.004606,0.029360
13.278000,-0.006604,0.004436,0.028796
13.280000,-0.005980,0.004263,0.028240
13.282000,-0.005350,0.004090,0.027691
13.284000,-0.004713,0.003915,0.027165
13.286000,-0.004064,0.003738,0.026672
13.288000,-0.003403,0.003561,0.026214
13.290000,-0.002641,0.003319,0.025843
13.292000,-0.001826,0.003042,0.025568
13.294000,-0.000980,0.002746,0.025377
13.296000,-0.000142,0.002457,0.025226
13.298000,0.000682,0.002183,0.025111
13.300000,0.001493,0.001930,0.025030
13.302000,0.002292,0.001696,0.024981
13.304000,0.003063,0.001494,0.024986
13.306000,0.003809,0.001327,0.025041
13.308000,0.004533,0.001193,0.025145
13.310000,0.005239,0.001089,0.025290
13.312000,0.005929,0.001020,0.025473
13.314000,0.006605,0.000981,0.025687
13.316000,0.007267,0.000970,0.025926
13.318000,0.007917,0.000986,0.026189
13.320000,0.008554,0.001028,0.026470
13.322000,0.009180,0.001094,0.026768
13.324000,0.009794,0.001181,0.027082
13.326000,0.010396,0.001291,0.027409
13.328000,0.010986,0.001419,0.027750
13.330000,0.011563,0.001564,0.028103
13.332000,0.012129,0.001726,0.028468
13.334000,0.012683,0.001901,0.028842
13.336000,0.013224,0.002087,0.029225
13.338000,0.013752,0.002283,0.029616
13.340000,0.014265,0.002487,0.030015
13.342000,0.014763,0.002698,0.030423
13.344000,0.015246,0.002914,0.030838
13.346000,0.015712,0.003133,0.031261
13.348000,0.016162,0.003355,0.031693
13.350000,0.016594,0.003577,0.032132
13.352000,0.017009,0.003800,0.032580
13.354000,0.017407,0.004022,0.033036
13.356000,0.017787,0.004240,0.033501
13.358000,0.018149,0.004454,0.033975
13.360000,0.018494,0.004663,0.034463
13.362000,0.018821,0.004865,0.034961
13.364000,0.019128,0.005061,0.035468
13.366000,0.019417,0.005249,0.035986
13.368000,0.019686,0.005430,0.036514
13.370000,0.019935,0.005601,0.037053
13.372000,0.020164,0.005763,0.037603
13.374000,0.020373,0.005914,0.038165
13.376000,0.020563,0.006054,0.038737
13.378000,0.020735,0.006182,0.039321
13.380000,0.020887,0.006300,0.039914
13.382000,0.021020,0.006405,0.040520
13.384000,0.021134,0.006497,0.041139
13.386000,0.021228,0.006576,0.041770
13.388000,0.021301,0.006642,0.042415
13.390000,0.021301,0.006642,0.042415
13.392000,0.021383,0.006733,0.043741
13.394000,0.021383,0.006733,0.043741
13.396000,0.021385,0.006764,0.045127
13.398000,0.021355,0.006759,0.045839
13.400000,0.021307,0.006739,0.046561
13.402000,0.021241,0.006707,0.047293
13.404000,0.021155,0.006660,0.048037
13.406000,0.021052,0.006600,0.048791
13.408000,0.020929,0.006527,0.049557
13.410000,0.020789,0.006440,0.050331
13.412000,0.020633,0.006341,0.051116
13.414000,0.020461,0.006229,0.051911
13.416000,0.020272,0.006104,0.052713
13.418000,0.020068,0.005967,0.053520
13.420000,0.019849,0.005818,0.054333
13.422000,0.019615,0.005658,0.055151
13.424000,0.019615,0.005658,0.055151
13.426000,0.019097,0.005303,0.056800
13.428000,0.018815,0.005110,0.057629
13.430000,0.018518,0.004907,0.058465
13.432000,0.018518,0.004907,0.058465
13.434000,0.017882,0.004474,0.060128
13.436000,0.017543,0.004246,0.060954
13.438000,0.017192,0.004009,0.061775
13.440000,0.016829,0.003766,0.062592
13.442000,0.016453,0.003517,0.063402
13.444000,0.016065,0.003262,0.064206
13.446000,0.015666,0.003002,0.065000
13.448000,0.015256,0.002738,0.065784
13.450000,0.014836,0.002469,0.066558
13.452000,0.014405,0.002197,0.067319
13.454000,0.014405,0.002197,0.067319
13.456000,0.013512,0.001645,0.068801
13.458000,0.013050,0.001368,0.069522
13.460000,0.013050,0.001368,0.069522
13.462000,0.012089,0.000817,0.070887
13.464000,0.011589,0.000545,0.071528
13.466000,0.011078,0.000275,0.072144
13.468000,0.010556,0.000008,0.072736
13.470000,0.010023,-0.000258,0.073306
13.472000,0.009479,-0.000520,0.073852
13.474000,0.008925,-0.000778,0.074374
13.476000,0.008925,-0.000778,0.074374
13.478000,0.007792,-0.001284,0.075367
13.480000,0.007213,-0.001530,0.075837
13.482000,0.006627,-0.001772,0.076289
13.484000,0.006027,-0.002003,0.076696
13.486000,0.005416,-0.002226,0.077065
13.488000,0.004684,-0.002520,0.077346
13.490000,0.003856,-0.002875,0.077536
13.492000,0.003026,-0.003223,0.077678
13.494000,0.002203,-0.003555,0.077778
13.496000,0.001388,-0.003863,0.077841
13.498000,0.000579,-0.004147,0.077869
13.500000,-0.000220,-0.004404,0.077864
13.502000,-0.000989,-0.004623,0.077794
13.504000,-0.001729,-0.004799,0.077665
13.506000,-0.002443,-0.004929,0.077480
13.508000,-0.003138,-0.005020,0.077255
13.510000,-0.003816,-0.005073,0.076996
13.512000,-0.004477,-0.005083,0.076709
13.514000,-0.005125,-0.005053,0.076396
13.516000,-0.005761,-0.004989,0.076064
13.518000,-0.006385,-0.004893,0.075718
13.520000,-0.006997,-0.004766,0.075360
13.522000,-0.007599,-0.004611,0.074991
13.524000,-0.008188,-0.004424,0.074614
13.526000,-0.008765,-0.004213,0.074229
13.528000,-0.009331,-0.003978,0.073837
13.530000,-0.009883,-0.003722,0.073439
13.532000,-0.010423,-0.003446,0.073038
13.534000,-0.010950,-0.003149,0.072636
13.536000,-0.011464,-0.002836,0.072231
13.538000,-0.011966,-0.002510,0.071824
13.540000,-0.012454,-0.002172,0.071415
13.542000,-0.012928,-0.001825,0.071003
13.544000,-0.013387,-0.001471,0.070588
13.546000,-0.013832,-0.001111,0.070171
13.548000,-0.014262,-0.000746,0.069750
13.550000,-0.014676,-0.000379,0.069322
13.552000,-0.015074,-0.000008,0.068885
13.554000,-0.015455,0.000363,0.068440
13.556000,-0.015819,0.000734,0.067992
13.558000,-0.016166,0.001103,0.067541
13.560000,-0.016496,0.001468,0.067084
13.562000,-0.016806,0.001830,0.066622
13.564000,-0.017099,0.002187,0.066153
13.566000,-0.017373,0.002538,0.065678
13.568000,-0.017628,0.002882,0.065196
13.570000,-0.017864,0.003218,0.064705
13.572000,-0.018081,0.003546,0.064205
13.574000,-0.018279,0.003865,0.063697
13.576000,-0.018458,0.004174,0.063179
13.578000,-0.018618,0.004472,0.062653
13.580000,-0.018757,0.004760,0.062117
13.582000,-0.018875,0.005036,0.061571
13.584000,-0.018972,0.005301,0.061012
13.586000,-0.019049,0.005553,0.060442
13.588000,-0.019107,0.005792,0.059860
13.590000,-0.019143,0.006017,0.059264
13.592000,-0.019157,0.006228,0.058655
13.594000,-0.019152,0.006426,0.058033
13.596000,-0.019128,0.006610,0.057398
13.598000,-0.019083,0.006780,0.056748
13.600000,-0.019018,0.006936,0.056086
13.602000,-0.018933,0.007079,0.055411
13.604000,-0.018828,0.007208,0.054723
13.606000,-0.018703,0.007323,0.054023
13.608000,-0.018560,0.007425,0.053310
13.610000,-0.018400,0.007514,0.052580
13.612000,-0.018222,0.007590,0.051840
13.614000,-0.018028,0.007653,0.051089
13.616000,-0.017817,0.007704,0.050328
13.618000,-0.017588,0.007741,0.049555
13.620000,-0.017342,0.007767,0.048775
13.622000,-0.017080,0.007781,0.047986
13.624000,-0.016803,0.007783,0.047191
13.626000,-0.016508,0.007775,0.046389
13.628000,-0.016198,0.007755,0.045577
13.630000,-0.015872,0.007724,0.044762
13.632000,-0.015531,0.007682,0.043948
13.634000,-0.015531,0.007682,0.043948
13.636000,-0.014807,0.007567,0.042322
13.638000,-0.014423,0.007495,0.041510
13.640000,-0.014024,0.007413,0.040700
13.642000,-0.013611,0.007322,0.039896
13.644000,-0.013184,0.007222,0.039098
13.646000,-0.012743,0.007114,0.038307
13.648000,-0.012290,0.006999,0.037523
13.650000,-0.011824,0.006875,0.036749
13.652000,-0.011346,0.006744,0.035984
13.654000,-0.010856,0.006607,0.035230
13.656000,-0.010355,0.006464,0.034488
13.658000,-0.009841,0.006313,0.033767
13.660000,-0.009314,0.006157,0.033068
13.662000,-0.008774,0.005995,0.032391
13.664000,-0.008220,0.005827,0.031736
13.666000,-0.007654,0.005653,0.031103
13.668000,-0.007074,0.005475,0.030490
13.670000,-0.006482,0.005293,0.029899
13.672000,-0.005878,0.005107,0.029328
13.674000,-0.005262,0.004917,0.028779
13.676000,-0.004632,0.004725,0.028264
13.678000,-0.003988,0.004531,0.027782
13.680000,-0.003336,0.004335,0.027318
13.682000,-0.002674,0.004137,0.026877
13.684000,-0.002003,0.003937,0.026456
13.686000,-0.001322,0.003735,0.026054
13.688000,-0.000633,0.003532,0.025664
13.690000,0.000156,0.003269,0.025343
13.692000,0.001013,0.002958,0.025096
13.694000,0.001865,0.002652,0.024895
13.696000,0.002706,0.002359,0.024738
13.698000,0.003532,0.002085,0.024621
13.700000,0.004345,0.001834,0.024543
13.702000,0.005130,0.001617,0.024519
13.704000,0.005892,0.001430,0.024545
13.706000,0.006635,0.001274,0.024612
13.708000,0.007360,0.001152,0.024717
13.710000,0.008071,0.001061,0.024857
13.712000,0.008769,0.001002,0.025031
13.714000,0.009454,0.000974,0.025233
13.716000,0.010128,0.000971,0.025458
13.718000,0.010789,0.000993,0.025706
13.720000,0.011437,0.001041,0.025975
13.722000,0.012072,0.001114,0.026260
13.724000,0.012693,0.001208,0.026559
13.726000,0.013302,0.001321,0.026870
13.728000,0.013897,0.001450,0.027194
13.730000,0.014478,0.001596,0.027528
13.732000,0.015043,0.001759,0.027872
13.734000,0.015592,0.001935,0.028227
13.736000,0.016124,0.002124,0.028590
13.738000,0.016639,0.002324,0.028962
13.740000,0.017136,0.002531,0.029343
13.742000,0.017614,0.002745,0.029733
13.744000,0.018073,0.002964,0.030130
13.746000,0.018514,0.003186,0.030535
13.748000,0.018935,0.003409,0.030949
13.750000,0.019338,0.003632,0.031372
13.752000,0.019720,0.003854,0.031804
13.754000,0.020081,0.004074,0.032245
13.756000,0.020422,0.004291,0.032695
13.758000,0.020744,0.004503,0.033155
13.760000,0.021045,0.004710,0.033624
13.762000,0.021326,0.004910,0.034104
13.764000,0.021584,0.005103,0.034594
13.766000,0.021820,0.005288,0.035094
13.768000,0.022036,0.005463,0.035606
13.770000,0.022232,0.005629,0.036127
13.772000,0.022408,0.005785,0.036659
13.774000,0.022562,0.005929,0.037202
13.776000,0.022694,0.006062,0.037757
13.778000,0.022807,0.006183,0.038323
13.780000,0.022901,0.006293,0.038901
13.782000,0.022973,0.006390,0.039490
13.784000,0.023024,0.006473,0.040093
13.786000,0.023055,0.006544,0.040709
13.788000,0.023067,0.006601,0.041338
13.790000,0.023060,0.006644,0.041979
13.792000,0.023031,0.006672,0.042634
13.794000,0.022982,0.006686,0.043303
13.796000,0.022913,0.006686,0.043983
13.798000,0.022826,0.006672,0.044675
13.800000,0.022721,0.006645,0.045378
13.802000,0.022597,0.006604,0.046092
13.804000,0.022454,0.006550,0.046818
13.806000,0.022293,0.006482,0.047552
13.808000,0.022115,0.006402,0.048294
13.810000,0.021920,0.006310,0.049044
13.812000,0.021710,0.006205,0.049801
13.814000,0.021485,0.006087,0.050564
13.816000,0.021245,0.005956,0.051334
13.818000,0.020991,0.005814,0.052108
13.820000,0.020722,0.005660,0.052888
13.822000,0.020440,0.005495,0.053669
13.824000,0.020143,0.005320,0.054454
13.826000,0.019832,0.005135,0.055242
13.828000,0.019508,0.004940,0.056032
13.830000,0.019171,0.004736,0.056822
13.832000,0.018822,0.004524,0.057611
13.834000,0.018461,0.004303,0.058399
13.836000,0.018087,0.004075,0.059184
13.838000,0.017702,0.003840,0.059966
13.840000,0.017306,0.003598,0.060743
13.842000,0.016899,0.003350,0.061515
13.844000,0.016481,0.003096,0.062280
13.846000,0.016053,0.002837,0.063039
13.848000,0.015616,0.002574,0.063789
13.850000,0.015168,0.002307,0.064530
13.852000,0.014711,0.002037,0.065260
13.854000,0.014245,0.001763,0.065979
13.856000,0.013769,0.001489,0.066686
13.858000,0.013284,0.001213,0.067381
13.860000,0.012788,0.000938,0.068052
13.862000,0.012281,0.000665,0.068700
13.864000,0.011764,0.000393,0.069325
13.866000,0.011237,0.000123,0.069926
13.868000,0.010700,-0.000144,0.070505
13.870000,0.010153,-0.000409,0.071060
13.872000,0.009598,-0.000670,0.071594
13.874000,0.009033,-0.000928,0.072106
13.876000,0.008459,-0.001182,0.072596
13.878000,0.007877,-0.001430,0.073062
13.880000,0.007279,-0.001667,0.073473
13.882000,0.006664,-0.001892,0.073828
13.884000,0.006036,-0.002109,0.074144
13.886000,0.005396,-0.002317,0.074435
13.888000,0.004651,-0.002620,0.074635
13.890000,0.003827,-0.002992,0.074757
13.892000,0.002954,-0.003428,0.074815
13.894000,0.002090,-0.003834,0.074846
13.896000,0.001237,-0.004204,0.074852
13.898000,0.000396,-0.004539,0.074834
13.900000,-0.000433,-0.004836,0.074795
13.902000,-0.001249,-0.005096,0.074732
13.904000,-0.002029,-0.005308,0.074612
13.906000,-0.002777,-0.005474,0.074438
13.908000,-0.003497,-0.005594,0.074219
13.910000,-0.004194,-0.005671,0.073963
13.912000,-0.004871,-0.005705,0.073676
13.914000,-0.005531,-0.005699,0.073364
13.916000,-0.006176,-0.005656,0.073031
13.918000,-0.006808,-0.005578,0.072680
13.920000,-0.007428,-0.005467,0.072315
13.922000,-0.008037,-0.005325,0.071937
13.924000,-0.008634,-0.005150,0.071549
13.926000,-0.009221,-0.004945,0.071151
13.928000,-0.009798,-0.004714,0.070746
13.930000,-0.010363,-0.004461,0.070334
13.932000,-0.010918,-0.004187,0.069918
13.934000,-0.011461,-0.003894,0.069500
13.936000,-0.011992,-0.003581,0.069079
13.938000,-0.012510,-0.003250,0.068656
13.940000,-0.013017,-0.002904,0.068230
13.942000,-0.013513,-0.002549,0.067801
13.944000,-0.013996,-0.002186,0.067370
13.946000,-0.014466,-0.001816,0.066935
13.948000,-0.014922,-0.001439,0.066498
13.950000,-0.015362,-0.001058,0.066056
13.952000,-0.015787,-0.000673,0.065611
13.954000,-0.016197,-0.000288,0.065162
13.956000,-0.016591,0.000097,0.064708
13.958000,-0.016967,0.000481,0.064249
13.960000,-0.017327,0.000861,0.063785
13.962000,-0.017670,0.001238,0.063315
13.964000,-0.017996,0.001608,0.062838
13.966000,-0.018304,0.001973,0.062354
13.968000,-0.018592,0.002329,0.061863
13.970000,-0.018861,0.002678,0.061362
13.972000,-0.019109,0.003018,0.060852
13.974000,-0.019338,0.003348,0.060334
13.976000,-0.019548,0.003668,0.059806
13.978000,-0.019737,0.003977,0.059268
13.980000,-0.019904,0.004275,0.058719
13.982000,-0.020049,0.004560,0.058159
13.984000,-0.020175,0.004833,0.057586
13.986000,-0.020280,0.005093,0.056998
13.988000,-0.020362,0.005338,0.056395
13.990000,-0.020423,0.005570,0.055779
13.992000,-0.020465,0.005788,0.055149
13.994000,-0.020483,0.005992,0.054504
13.996000,-0.020481,0.006182,0.053847
13.998000,-0.020459,0.006359,0.053176
14.000000,-0.020417,0.006521,0.052490
14.002000,-0.020353,0.006668,0.051791
14.004000,-0.020269,0.006800,0.051076
14.006000,-0.020167,0.006919,0.050349
14.008000,-0.020167,0.006919,0.050349
14.010000,-0.020044,0.007023,0.049609
14.012000,-0.019739,0.007188,0.048087
14.014000,-0.019556,0.007248,0.047305
14.016000,-0.019352,0.007295,0.046508
14.018000,-0.019131,0.007328,0.045700
14.020000,-0.018893,0.007349,0.044885
14.022000,-0.018641,0.007358,0.044063
14.024000,-0.018371,0.007355,0.043235
14.026000,-0.018086,0.007340,0.042397
14.028000,-0.017787,0.007313,0.041554
14.030000,-0.017472,0.007276,0.040708
14.032000,-0.017143,0.007229,0.039859
14.034000,-0.016799,0.007171,0.039007
14.036000,-0.016440,0.007103,0.038160
14.038000,-0.016068,0.007024,0.037318
14.040000,-0.015681,0.006937,0.036482
14.042000,-0.015282,0.006841,0.035653
14.044000,-0.014869,0.006736,0.034832
14.046000,-0.014444,0.006622,0.034019
14.048000,-0.014005,0.006502,0.033214
14.050000,-0.013554,0.006375,0.032419
14.052000,-0.013092,0.006241,0.031635
14.054000,-0.012618,0.006101,0.030858
14.056000,-0.012133,0.005954,0.030094
14.058000,-0.011638,0.005802,0.029343
14.060000,-0.011131,0.005643,0.028614
14.062000,-0.010612,0.005480,0.027910
14.064000,-0.010079,0.005312,0.027230
14.066000,-0.009535,0.005139,0.026574
14.068000,-0.008977,0.004963,0.025943
14.070000,-0.008406,0.004785,0.025335
14.072000,-0.007824,0.004603,0.024749
14.074000,-0.007230,0.004418,0.024184
14.076000,-0.006626,0.004231,0.023640
14.078000,-0.006012,0.004042,0.023119
14.080000,-0.005388,0.003851,0.022620
14.082000,-0.004753,0.003660,0.022157
14.084000,-0.004107,0.003467,0.021722
14.086000,-0.003450,0.003273,0.021308
14.088000,-0.002787,0.003079,0.020896
14.090000,-0.002119,0.002886,0.020487
14.092000,-0.001349,0.002622,0.020168
14.094000,-0.000528,0.002321,0.019948
14.096000,0.000291,0.002020,0.019777
14.098000,0.001104,0.001726,0.019650
14.100000,0.001908,0.001448,0.019565
14.102000,0.002701,0.001189,0.019518
14.104000,0.003469,0.000958,0.019531
14.106000,0.004213,0.000757,0.019598
14.108000,0.004938,0.000586,0.019716
14.110000,0.005645,0.000445,0.019876
14.112000,0.006335,0.000337,0.020074
14.114000,0.007011,0.000260,0.020302
14.116000,0.007673,0.000211,0.020555
14.118000,0.008322,0.000189,0.020831
14.120000,0.008957,0.000195,0.021126
14.122000,0.009580,0.000227,0.021438
14.124000,0.010191,0.000285,0.021766
14.126000,0.010790,0.000364,0.022108
14.128000,0.011376,0.000462,0.022464
14.130000,0.011948,0.000579,0.022831
14.132000,0.012506,0.000713,0.023207
14.134000,0.013049,0.000864,0.023591
14.136000,0.013577,0.001030,0.023982
14.138000,0.014090,0.001208,0.024381
14.140000,0.014586,0.001396,0.024789
14.142000,0.015065,0.001594,0.025203
14.144000,0.015527,0.001798,0.025624
14.146000,0.015973,0.002009,0.026052
14.148000,0.016403,0.002222,0.026487
14.150000,0.016817,0.002438,0.026929
14.152000,0.017214,0.002655,0.027377
14.154000,0.017594,0.002872,0.027832
14.156000,0.017957,0.003087,0.028294
14.158000,0.018304,0.003299,0.028763
14.160000,0.018631,0.003508,0.029241
14.162000,0.018940,0.003712,0.029727
14.164000,0.019232,0.003910,0.030221
14.166000,0.019505,0.004102,0.030723
14.168000,0.019758,0.004287,0.031235
14.170000,0.019990,0.004463,0.031756
14.172000,0.020202,0.004631,0.032289
14.174000,0.020395,0.004790,0.032830
14.176000,0.020569,0.004939,0.033381
14.178000,0.020726,0.005078,0.033943
14.180000,0.020862,0.005205,0.034516
14.182000,0.020981,0.005320,0.035101
14.184000,0.021082,0.005424,0.035696
14.186000,0.021164,0.005515,0.036302
14.188000,0.021226,0.005593,0.036920
14.190000,0.021270,0.005658,0.037549
14.192000,0.021293,0.005710,0.038191
14.194000,0.021296,0.005749,0.038845
14.196000,0.021282,0.005774,0.039510
14.198000,0.021247,0.005786,0.040186
14.200000,0.021195,0.005784,0.040874
14.202000,0.021125,0.005768,0.041572
14.204000,0.021037,0.005739,0.042281
14.206000,0.020931,0.005697,0.043000
14.208000,0.020807,0.005641,0.043731
14.210000,0.020667,0.005572,0.044473
14.212000,0.020510,0.005491,0.045226
14.214000,0.020335,0.005396,0.045990
14.216000,0.020144,0.005289,0.046764
14.218000,0.019937,0.005170,0.047545
14.220000,0.019716,0.005038,0.048335
14.222000,0.019481,0.004894,0.049131
14.224000,0.019230,0.004738,0.049935
14.226000,0.018964,0.004571,0.050750
14.228000,0.018685,0.004392,0.051570
14.230000,0.018393,0.004203,0.052392
14.232000,0.018087,0.004003,0.053217
14.234000,0.017768,0.003795,0.054043
14.236000,0.017435,0.003578,0.054869
14.238000,0.017088,0.003353,0.055692
14.240000,0.016729,0.003120,0.056513
14.242000,0.016358,0.002880,0.057328
14.244000,0.015975,0.002634,0.058137
14.246000,0.015579,0.002382,0.058939
14.248000,0.015174,0.002125,0.059732
14.250000,0.014757,0.001863,0.060515
14.252000,0.014330,0.001598,0.061288
14.254000,0.013893,0.001328,0.062051
14.256000,0.013446,0.001056,0.062800
14.258000,0.012987,0.000783,0.063529
14.260000,0.012517,0.000510,0.064235
14.262000,0.012036,0.000238,0.064919
14.264000,0.011543,-0.000033,0.065579
14.266000,0.011038,-0.000302,0.066217
14.268000,0.010521,-0.000569,0.066833
14.270000,0.009994,-0.000833,0.067426
14.272000,0.009457,-0.001094,0.067997
14.274000,0.008910,-0.001352,0.068546
14.276000,0.008354,-0.001606,0.069075
14.278000,0.007788,-0.001857,0.069581
14.280000,0.007214,-0.002102,0.070062
14.282000,0.006627,-0.002340,0.070504
14.284000,0.006029,-0.002569,0.070907
14.286000,0.005418,-0.002790,0.071275
14.288000,0.004800,-0.003008,0.071637
14.290000,0.004176,-0.003222,0.071994
14.292000,0.003459,-0.003542,0.072249
14.294000,0.002681,-0.003946,0.072415
14.296000,0.001902,-0.004336,0.072535
14.298000,0.001126,-0.004703,0.072616
14.300000,0.000357,-0.005039,0.072662
14.302000,-0.000406,-0.005341,0.072675
14.304000,-0.001162,-0.005608,0.072657
14.306000,-0.001889,-0.005833,0.072577
14.308000,-0.002591,-0.006016,0.072439
14.310000,-0.003272,-0.006158,0.072253
14.312000,-0.003933,-0.006253,0.072024
14.314000,-0.004578,-0.006302,0.071759
14.316000,-0.005210,-0.006313,0.071469
14.318000,-0.005831,-0.006287,0.071157
14.320000,-0.006443,-0.006228,0.070828
14.322000,-0.007045,-0.006136,0.070483
14.324000,-0.007637,-0.006009,0.070125
14.326000,-0.008220,-0.005848,0.069753
14.328000,-0.008794,-0.005657,0.069373
14.330000,-0.009358,-0.005440,0.068986
14.332000,-0.009911,-0.005197,0.068593
14.334000,-0.010454,-0.004929,0.068198
14.336000,-0.010985,-0.004638,0.067801
14.338000,-0.011504,-0.004327,0.067403
14.340000,-0.012012,-0.004001,0.067003
14.342000,-0.012012,-0.004001,0.067003
14.344000,-0.012991,-0.003315,0.066197
14.346000,-0.013460,-0.002956,0.065789
14.348000,-0.013913,-0.002586,0.065376
14.350000,-0.014352,-0.002209,0.064961
14.352000,-0.014776,-0.001829,0.064543
14.354000,-0.015186,-0.001445,0.064123
14.356000,-0.015579,-0.001061,0.063695
14.358000,-0.015956,-0.000676,0.063259
14.360000,-0.016315,-0.000293,0.062819
14.362000,-0.016657,0.000089,0.062376
14.364000,-0.016982,0.000466,0.061928
14.366000,-0.017289,0.000839,0.061470
14.368000,-0.017577,0.001205,0.061003
14.370000,-0.017847,0.001564,0.060530
14.372000,-0.018098,0.001915,0.060047
14.374000,-0.018330,0.002257,0.059559
14.376000,-0.018542,0.002591,0.059063
14.378000,-0.018733,0.002915,0.058559
14.380000,-0.018902,0.003228,0.058042
14.382000,-0.019049,0.003529,0.057515
14.384000,-0.019177,0.003820,0.056979
14.386000,-0.019285,0.004098,0.056432
14.388000,-0.019372,0.004364,0.055875
14.390000,-0.019437,0.004615,0.055304
14.392000,-0.019481,0.004854,0.054722
14.394000,-0.019505,0.005079,0.054128
14.396000,-0.019509,0.005291,0.053521
14.398000,-0.019494,0.005490,0.052901
14.400000,-0.019459,0.005674,0.052269
14.402000,-0.019404,0.005845,0.051624
14.404000,-0.019327,0.006001,0.050966
14.406000,-0.019231,0.006143,0.050294
14.408000,-0.019117,0.006271,0.049609
14.410000,-0.018985,0.006385,0.048912
14.412000,-0.018835,0.006485,0.048201
14.414000,-0.018666,0.006571,0.047474
14.416000,-0.018479,0.006643,0.046734
14.418000,-0.018274,0.006702,0.045981
14.420000,-0.018053,0.006749,0.045218
14.422000,-0.017817,0.006783,0.044445
14.424000,-0.017565,0.006804,0.043662
14.426000,-0.017297,0.006814,0.042873
14.428000,-0.017013,0.006811,0.042076
14.430000,-0.016715,0.006797,0.041275
14.432000,-0.016401,0.006772,0.040473
14.434000,-0.016070,0.006736,0.039671
14.436000,-0.016070,0.006736,0.039671
14.438000,-0.015724,0.006690,0.038869
14.440000,-0.015361,0.006633,0.038069
14.442000,-0.014985,0.006567,0.037271
14.444000,-0.014187,0.006409,0.035684
14.446000,-0.013767,0.006316,0.034894
14.448000,-0.013333,0.006217,0.034110
14.450000,-0.012887,0.006109,0.033330
14.452000,-0.012429,0.005994,0.032559
14.454000,-0.011959,0.005873,0.031797
14.456000,-0.011477,0.005745,0.031047
14.458000,-0.010984,0.005612,0.030310
14.460000,-0.010482,0.005471,0.029589
14.462000,-0.009967,0.005325,0.028886
14.464000,-0.009441,0.005174,0.028206
14.466000,-0.008903,0.005017,0.027546
14.468000,-0.008354,0.004856,0.026903
14.470000,-0.008354,0.004856,0.026903
14.472000,-0.007223,0.004521,0.025666
14.474000,-0.006642,0.004349,0.025074
14.476000,-0.006050,0.004174,0.024502
14.478000,-0.005448,0.003996,0.023953
14.480000,-0.004836,0.003816,0.023426
14.482000,-0.004210,0.003633,0.022945
14.484000,-0.004210,0.003633,0.022945
14.486000,-0.002917,0.003260,0.022112
14.488000,-0.002250,0.003071,0.021746
14.490000,-0.002250,0.003071,0.021746
14.492000,-0.000892,0.002690,0.021050
14.494000,-0.000118,0.002434,0.020797
14.496000,0.000703,0.002144,0.020642
14.498000,0.001531,0.001849,0.020536
14.500000,0.002358,0.001558,0.020477
14.502000,0.003182,0.001275,0.020459
14.504000,0.004002,0.001005,0.020479
14.506000,0.004795,0.000766,0.020564
14.508000,0.004795,0.000766,0.020564
14.510000,0.006315,0.000377,0.020900
14.512000,0.007046,0.000231,0.021139
14.514000,0.007759,0.000115,0.021416
14.516000,0.008459,0.000028,0.021726
14.518000,0.009146,-0.000032,0.022060
14.520000,0.009819,-0.000061,0.022416
14.522000,0.010479,-0.000064,0.022790
14.524000,0.011125,-0.000042,0.023183
14.526000,0.011757,0.000004,0.023589
14.528000,0.012374,0.000072,0.024007
14.530000,0.012975,0.000164,0.024436
14.532000,0.013561,0.000278,0.024874
14.534000,0.014131,0.000409,0.025319
14.536000,0.014684,0.000560,0.025770
14.538000,0.015219,0.000727,0.026227
14.540000,0.015737,0.000908,0.026692
14.542000,0.016238,0.001100,0.027164
14.544000,0.016723,0.001302,0.027643
14.546000,0.017190,0.001512,0.028131
14.548000,0.017640,0.001728,0.028626
14.550000,0.018073,0.001946,0.029131
14.552000,0.018489,0.002167,0.029642
14.554000,0.018887,0.002388,0.030160
14.556000,0.019266,0.002609,0.030688
14.558000,0.019626,0.002829,0.031224
14.560000,0.019968,0.003047,0.031766
14.562000,0.020292,0.003261,0.032312
14.564000,0.020596,0.003471,0.032865
14.566000,0.020880,0.003675,0.033429
14.568000,0.021144,0.003872,0.033999
14.570000,0.021389,0.004063,0.034577
14.572000,0.021613,0.004246,0.035164
14.574000,0.021817,0.004420,0.035760
14.576000,0.022001,0.004584,0.036366
14.578000,0.022167,0.004739,0.036981
14.580000,0.022312,0.004882,0.037606
14.582000,0.022438,0.005014,0.038240
14.584000,0.022546,0.005135,0.038887
14.586000,0.022636,0.005243,0.039544
14.588000,0.022706,0.005339,0.040215
14.590000,0.022755,0.005421,0.040898
14.592000,0.022784,0.005490,0.041593
14.594000,0.022795,0.005546,0.042301
14.596000,0.022789,0.005589,0.043019
14.598000,0.022762,0.005617,0.043750
14.600000,0.022718,0.005631,0.044493
14.602000,0.022656,0.005632,0.045247
14.604000,0.022576,0.005619,0.046012
14.606000,0.022478,0.005592,0.046790
14.608000,0.022363,0.005552,0.047579
14.610000,0.022231,0.005497,0.048380
14.612000,0.022083,0.005430,0.049192
14.614000,0.021918,0.005350,0.050014
14.616000,0.021736,0.005257,0.050846
14.618000,0.021538,0.005151,0.051687
14.620000,0.021325,0.005032,0.052536
14.622000,0.021098,0.004900,0.053393
14.624000,0.020856,0.004756,0.054257
14.626000,0.020599,0.004600,0.055128
14.628000,0.020329,0.004433,0.056003
14.630000,0.020045,0.004255,0.056882
14.632000,0.019748,0.004067,0.057761
14.634000,0.019437,0.003869,0.058641
14.636000,0.019114,0.003663,0.059519
14.638000,0.018777,0.003448,0.060394
14.640000,0.018428,0.003225,0.061266
14.642000,0.018067,0.002996,0.062134
14.644000,0.017693,0.002759,0.062998
14.646000,0.017307,0.002516,0.063855
14.648000,0.016911,0.002267,0.064705
14.650000,0.016504,0.002013,0.065548
14.652000,0.016087,0.001754,0.066382
14.654000,0.015661,0.001491,0.067205
14.656000,0.015224,0.001225,0.068015
14.658000,0.014776,0.000956,0.068808
14.660000,0.014318,0.000687,0.069584
14.662000,0.013850,0.000416,0.070340
14.664000,0.013370,0.000146,0.071078
14.666000,0.012879,-0.000124,0.071796
14.668000,0.012378,-0.000392,0.072496
14.670000,0.011868,-0.000660,0.073177
14.672000,0.011347,-0.000925,0.073838
14.674000,0.010818,-0.001189,0.074479
14.676000,0.010279,-0.001450,0.075100
14.678000,0.009732,-0.001707,0.075699
14.680000,0.009176,-0.001960,0.076275
14.682000,0.008607,-0.002205,0.076806
14.684000,0.008025,-0.002443,0.077298
14.686000,0.007432,-0.002674,0.077761
14.688000,0.006826,-0.002897,0.078193
14.690000,0.006211,-0.003114,0.078603
14.692000,0.005585,-0.003323,0.078987
14.694000,0.004878,-0.003633,0.079271
14.696000,0.004115,-0.004023,0.079468
14.698000,0.003316,-0.004474,0.079589
14.700000,0.002516,-0.004903,0.079673
14.702000,0.001717,-0.005303,0.079724
14.704000,0.000923,-0.005668,0.079745
14.706000,0.000134,-0.005993,0.079740
14.708000,-0.000651,-0.006282,0.079709
14.710000,-0.001406,-0.006519,0.079615
14.712000,-0.002133,-0.006708,0.079462
14.714000,-0.002837,-0.006845,0.079256
14.716000,-0.003521,-0.006931,0.079006
14.718000,-0.004190,-0.006972,0.078723
14.720000,-0.004845,-0.006973,0.078412
14.722000,-0.005488,-0.006929,0.078079
14.724000,-0.006120,-0.006842,0.077722
14.726000,-0.006743,-0.006722,0.077351
14.728000,-0.007358,-0.006570,0.076968
14.730000,-0.007965,-0.006385,0.076574
14.732000,-0.008562,-0.006172,0.076175
14.734000,-0.009151,-0.005934,0.075772
14.736000,-0.009729,-0.005669,0.075366
14.738000,-0.010296,-0.005379,0.074957
14.740000,-0.010851,-0.005066,0.074546
14.742000,-0.011396,-0.004734,0.074131
14.744000,-0.011931,-0.004388,0.073714
14.746000,-0.012452,-0.004027,0.073294
14.748000,-0.012961,-0.003655,0.072871
14.750000,-0.013457,-0.003275,0.072446
14.752000,-0.013938,-0.002886,0.072017
14.754000,-0.014403,-0.002491,0.071584
14.756000,-0.014854,-0.002093,0.071148
14.758000,-0.015289,-0.001693,0.070707
14.760000,-0.015706,-0.001291,0.070262
14.762000,-0.016105,-0.000888,0.069811
14.764000,-0.016486,-0.000487,0.069354
14.766000,-0.016849,-0.000088,0.068890
14.768000,-0.017194,0.000307,0.068419
14.770000,-0.017519,0.000697,0.067940
14.772000,-0.017824,0.001080,0.067448
14.774000,-0.018109,0.001456,0.066948
14.776000,-0.018375,0.001823,0.066439
14.778000,-0.018622,0.002182,0.065921
14.780000,-0.018848,0.002530,0.065394
14.782000,-0.019053,0.002869,0.064856
14.784000,-0.019235,0.003196,0.064306
14.786000,-0.019398,0.003512,0.063744
14.788000,-0.019538,0.003816,0.063170
14.792000,-0.019658,0.004106,0.062583
14.794000,-0.019658,0.004106,0.062583
14.794000,-0.019756,0.004383,0.061982
14.796000,-0.019885,0.004893,0.060739
14.798000,-0.019916,0.005126,0.060092
14.800000,-0.019928,0.005345,0.059434
14.802000,-0.019920,0.005551,0.058764
14.804000,-0.019891,0.005743,0.058081
14.806000,-0.019840,0.005920,0.057387
14.808000,-0.019771,0.006084,0.056678
14.810000,-0.019683,0.006234,0.055956
14.812000,-0.019575,0.006370,0.055220
14.814000,-0.019449,0.006492,0.054472
14.816000,-0.019306,0.006600,0.053711
14.818000,-0.019145,0.006696,0.052939
14.820000,-0.018967,0.006779,0.052157
14.822000,-0.018771,0.006848,0.051364
14.824000,-0.018558,0.006906,0.050563
14.826000,-0.018328,0.006950,0.049755
14.828000,-0.018084,0.006983,0.048939
14.830000,-0.017822,0.007004,0.048113
14.832000,-0.017544,0.007012,0.047281
14.834000,-0.017251,0.007009,0.046448
14.836000,-0.016942,0.006996,0.045617
14.838000,-0.016617,0.006971,0.044788
14.840000,-0.016276,0.006936,0.043960
14.842000,-0.015920,0.006891,0.043137
14.844000,-0.015550,0.006836,0.042318
14.846000,-0.015165,0.006771,0.041502
14.848000,-0.014768,0.006698,0.040690
14.850000,-0.014357,0.006615,0.039884
14.852000,-0.013934,0.006524,0.039083
14.854000,-0.013497,0.006425,0.038287
14.856000,-0.013048,0.006319,0.037498
14.858000,-0.012586,0.006205,0.036721
14.860000,-0.012111,0.006084,0.035957
14.862000,-0.011624,0.005955,0.035207
14.864000,-0.011124,0.005820,0.034470
14.866000,-0.010610,0.005679,0.033751
14.868000,-0.010083,0.005533,0.033047
14.870000,-0.009543,0.005381,0.032368
14.872000,-0.008989,0.005225,0.031714
14.874000,-0.008421,0.005064,0.031087
14.876000,-0.007840,0.004901,0.030484
14.878000,-0.007247,0.004734,0.029905
14.880000,-0.006643,0.004564,0.029348
14.882000,-0.006029,0.004391,0.028815
14.884000,-0.005402,0.004216,0.028323
14.886000,-0.004761,0.004038,0.027865
14.888000,-0.004109,0.003858,0.027430
14.890000,-0.003445,0.003676,0.027019
14.892000,-0.002775,0.003493,0.026611
14.894000,-0.002098,0.003308,0.026217
14.896000,-0.001328,0.003050,0.025920
14.898000,-0.000492,0.002737,0.025709
14.900000,0.000350,0.002289,0.025509
14.902000,0.001188,0.001845,0.025347
14.904000,0.002023,0.001416,0.025222
14.906000,0.002850,0.001011,0.025131
14.908000,0.003668,0.000631,0.025074
14.910000,0.004459,0.000288,0.025079
14.912000,0.005225,-0.000017,0.025145
14.914000,0.005968,-0.000282,0.025267
14.916000,0.006692,-0.000505,0.025434
14.918000,0.007400,-0.000692,0.025638
14.920000,0.008093,-0.000839,0.025874
14.922000,0.008771,-0.000949,0.026137
14.924000,0.009436,-0.001027,0.026422
14.926000,0.010087,-0.001070,0.026727
14.928000,0.010725,-0.001085,0.027048
14.930000,0.011349,-0.001073,0.027384
14.932000,0.011960,-0.001034,0.027734
14.934000,0.012556,-0.000969,0.028092
14.936000,0.013138,-0.000883,0.028456
14.938000,0.013704,-0.000775,0.028827
14.940000,0.014254,-0.000648,0.029206
14.942000,0.014787,-0.000506,0.029593
14.944000,0.015302,-0.000351,0.029988
14.946000,0.015799,-0.000183,0.030388
14.948000,0.016280,-0.000006,0.030796
14.950000,0.016743,0.000178,0.031210
14.952000,0.017187,0.000371,0.031632
14.954000,0.017614,0.000568,0.032061
14.956000,0.018023,0.000768,0.032496
14.958000,0.018412,0.000971,0.032940
14.960000,0.018782,0.001174,0.033394
14.962000,0.019134,0.001376,0.033859
14.964000,0.019467,0.001576,0.034330
14.966000,0.019779,0.001773,0.034809
14.968000,0.020072,0.001965,0.035295
14.970000,0.020344,0.002153,0.035788
14.972000,0.020597,0.002335,0.036290
14.974000,0.020829,0.002510,0.036801
14.976000,0.021041,0.002678,0.037320
14.978000,0.021233,0.002838,0.037849
14.980000,0.021404,0.002989,0.038388
14.982000,0.021552,0.003130,0.038938
14.984000,0.021681,0.003261,0.039499
14.986000,0.021791,0.003381,0.040071
14.988000,0.021881,0.003489,0.040653
14.990000,0.021948,0.003586,0.041246
14.992000,0.021993,0.003669,0.041856
14.994000,0.022016,0.003739,0.042479
14.996000,0.022016,0.003795,0.043115
14.998000,0.021997,0.003839,0.043762
15.000000,0.021958,0.003871,0.044420
15.002000,0.021899,0.003888,0.045089
15.004000,0.021820,0.003892,0.045769
15.006000,0.021721,0.003883,0.046461
15.008000,0.021605,0.003860,0.047165
15.010000,0.021469,0.003823,0.047881
15.012000,0.021315,0.003772,0.048610
15.014000,0.021143,0.003708,0.049351
15.016000,0.020954,0.003631,0.050102
15.018000,0.020749,0.003542,0.050862
15.020000,0.020526,0.003440,0.051632
15.022000,0.020288,0.003326,0.052407
15.024000,0.020035,0.003201,0.053191
15.026000,0.019767,0.003064,0.053983
15.028000,0.019485,0.002914,0.054781
15.030000,0.019191,0.002754,0.055585
15.030000,0.019191,0.002754,0.055585
15.034000,0.018560,0.002400,0.057203
15.036000,0.018223,0.002209,0.058013
15.038000,0.017874,0.002009,0.058819
15.040000,0.017512,0.001802,0.059619
15.042000,0.017136,0.001588,0.060411
15.044000,0.016749,0.001367,0.061196
15.046000,0.016348,0.001141,0.061972
15.048000,0.015937,0.000909,0.062739
15.050000,0.015514,0.000672,0.063497
15.052000,0.015079,0.000431,0.064243
15.054000,0.014634,0.000187,0.064975
15.056000,0.014180,-0.000061,0.065698
15.058000,0.013715,-0.000310,0.066403
15.060000,0.013239,-0.000561,0.067087
15.062000,0.012753,-0.000813,0.067751
15.064000,0.012256,-0.001065,0.068394
15.066000,0.011749,-0.001317,0.069018
15.068000,0.011231,-0.001567,0.069621
15.070000,0.010703,-0.001816,0.070203
15.072000,0.010165,-0.002062,0.070766
15.074000,0.009617,-0.002305,0.071308
15.076000,0.009061,-0.002546,0.071829
15.078000,0.008496,-0.002783,0.072330
15.080000,0.007924,-0.003016,0.072811
15.082000,0.007339,-0.003242,0.073251
15.084000,0.006743,-0.003461,0.073656
15.086000,0.006136,-0.003674,0.074031
15.088000,0.005518,-0.003879,0.074378
15.090000,0.004891,-0.004078,0.074701
15.092000,0.004252,-0.004269,0.074999
15.094000,0.003528,-0.004545,0.075203
15.096000,0.002737,-0.004902,0.075314
15.098000,0.001899,-0.005319,0.075344
15.100000,0.001235,-0.005394,0.075434
15.102000,0.000582,-0.005440,0.075501
15.104000,-0.000067,-0.005469,0.075541
15.106000,-0.000710,-0.005480,0.075554
15.108000,-0.001349,-0.005472,0.075542
15.110000,-0.001984,-0.005438,0.075506
15.112000,-0.002593,-0.005371,0.075412
15.114000,-0.003182,-0.005272,0.075266
15.116000,-0.003753,-0.005143,0.075073
15.118000,-0.004310,-0.004985,0.074842
15.120000,-0.004856,-0.004793,0.074576
15.122000,-0.005394,-0.004569,0.074281
15.124000,-0.005924,-0.004320,0.073965
15.126000,-0.006448,-0.004048,0.073630
15.128000,-0.006968,-0.003755,0.073279
15.130000,-0.007484,-0.003439,0.072915
15.132000,-0.007995,-0.003102,0.072538
15.134000,-0.008501,-0.002745,0.072153
15.136000,-0.009003,-0.002373,0.071760
15.138000,-0.009498,-0.001989,0.071360
15.140000,-0.009988,-0.001593,0.070956
15.142000,-0.010469,-0.001185,0.070547
15.144000,-0.010942,-0.000767,0.070135
15.146000,-0.011408,-0.000344,0.069717
15.148000,-0.011865,0.000083,0.069295
15.150000,-0.012312,0.000513,0.068867
15.152000,-0.012749,0.000945,0.068433
15.154000,-0.013174,0.001378,0.067996
15.156000,-0.013588,0.001810,0.067552
15.158000,-0.013989,0.002240,0.067103
15.160000,-0.014377,0.002667,0.066648
15.162000,-0.014749,0.003090,0.066187
15.164000,-0.015108,0.003507,0.065720
15.166000,-0.015451,0.003917,0.065248
15.168000,-0.015778,0.004320,0.064768
15.170000,-0.016087,0.004714,0.064281
15.172000,-0.016381,0.005098,0.063786
15.174000,-0.016657,0.005472,0.063281
15.176000,-0.016916,0.005835,0.062767
15.178000,-0.017158,0.006186,0.062244
15.180000,-0.017380,0.006525,0.061712
15.182000,-0.017583,0.006850,0.061168
15.184000,-0.017767,0.007163,0.060613
15.186000,-0.017931,0.007461,0.060046
15.188000,-0.018073,0.007746,0.059466
15.190000,-0.018198,0.008016,0.058874
15.192000,-0.018303,0.008271,0.058268
15.194000,-0.018387,0.008510,0.057649
15.196000,-0.018452,0.008734,0.057017
15.198000,-0.018498,0.008944,0.056372
15.200000,-0.018525,0.009138,0.055714
15.202000,-0.018531,0.009316,0.055042
15.204000,-0.018515,0.009479,0.054357
15.206000,-0.018481,0.009628,0.053659
15.208000,-0.018429,0.009761,0.052947
15.210000,-0.018359,0.009879,0.052220
15.212000,-0.018270,0.009983,0.051478
15.214000,-0.018162,0.010071,0.050720
15.216000,-0.018035,0.010144,0.049947
15.218000,-0.017891,0.010203,0.049161
15.220000,-0.017729,0.010249,0.048363
15.222000,-0.017552,0.010281,0.047553
15.224000,-0.017358,0.010300,0.046731
15.226000,-0.017147,0.010306,0.045894
15.228000,-0.016920,0.010298,0.045049
15.230000,-0.016678,0.010278,0.044198
15.232000,-0.016420,0.010247,0.043341
15.234000,-0.016146,0.010203,0.042477
15.236000,-0.015855,0.010149,0.041612
15.238000,-0.015549,0.010083,0.040747
15.240000,-0.015229,0.010006,0.039885
15.242000,-0.014895,0.009919,0.039026
15.244000,-0.014547,0.009821,0.038171
15.246000,-0.014184,0.009715,0.037320
15.248000,-0.013808,0.009599,0.036474
15.250000,-0.013418,0.009474,0.035634
15.252000,-0.013015,0.009342,0.034802
15.254000,-0.012600,0.009201,0.033979
15.256000,-0.012171,0.009053,0.033164
15.258000,-0.011731,0.008899,0.032358
15.260000,-0.011279,0.008737,0.031566
15.262000,-0.010816,0.008569,0.030789
15.264000,-0.010340,0.008394,0.030028
15.266000,-0.009851,0.008214,0.029285
15.268000,-0.009349,0.008029,0.028559
15.270000,-0.008836,0.007839,0.027851
15.272000,-0.008310,0.007644,0.027160
15.274000,-0.007773,0.007447,0.026486
15.276000,-0.007225,0.007247,0.025832
15.278000,-0.006665,0.007043,0.025197
15.280000,-0.006095,0.006837,0.024584
15.282000,-0.005512,0.006627,0.024013
15.284000,-0.004913,0.006414,0.023482
15.286000,-0.004300,0.006198,0.022989
15.288000,-0.003671,0.005980,0.022528
15.290000,-0.003030,0.005761,0.022085
15.292000,-0.002379,0.005540,0.021653
15.294000,-0.001722,0.005319,0.021217
15.296000,-0.001061,0.005099,0.020776
15.298000,-0.000319,0.004809,0.020442
15.300000,0.000445,0.004369,0.020136
15.302000,0.001218,0.003920,0.019883
15.304000,0.001994,0.003478,0.019682
15.306000,0.002768,0.003052,0.019526
15.308000,0.003543,0.002640,0.019413
15.310000,0.004294,0.002260,0.019371
15.312000,0.005024,0.001914,0.019395
15.314000,0.005735,0.001603,0.019475
15.316000,0.006429,0.001331,0.019605
15.318000,0.007108,0.001099,0.019779
15.320000,0.007774,0.000905,0.019989
15.322000,0.008428,0.000745,0.020229
15.324000,0.009070,0.000618,0.020494
15.326000,0.009702,0.000524,0.020780
15.328000,0.010323,0.000461,0.021086
15.330000,0.010933,0.000426,0.021407
15.332000,0.011531,0.000417,0.021741
15.334000,0.012115,0.000433,0.022086
15.336000,0.012686,0.000474,0.022440
15.338000,0.013243,0.000536,0.022802
15.340000,0.013784,0.000618,0.023174
15.342000,0.014310,0.000717,0.023553
15.344000,0.014821,0.000834,0.023939
15.346000,0.015316,0.000963,0.024331
15.348000,0.015795,0.001106,0.024729
15.350000,0.016258,0.001259,0.025134
15.352000,0.016703,0.001421,0.025546
15.354000,0.017129,0.001590,0.025964
15.356000,0.017539,0.001765,0.026389
15.358000,0.017931,0.001943,0.026821
15.360000,0.018304,0.002124,0.027258
15.362000,0.018658,0.002305,0.027707
15.364000,0.018993,0.002487,0.028163
15.366000,0.019309,0.002667,0.028626
15.368000,0.019606,0.002844,0.029098
15.370000,0.019882,0.003017,0.029582
15.372000,0.020137,0.003186,0.030074
15.374000,0.020374,0.003349,0.030575
15.376000,0.020589,0.003506,0.031085
15.378000,0.020783,0.003656,0.031603
15.380000,0.020957,0.003798,0.032129
15.382000,0.021113,0.003931,0.032666
15.384000,0.021249,0.004055,0.033214
15.386000,0.021365,0.004168,0.033772
15.388000,0.021463,0.004271,0.034342
15.390000,0.021541,0.004363,0.034924
15.392000,0.021597,0.004443,0.035519
15.394000,0.021632,0.004510,0.036126
15.396000,0.021647,0.004566,0.036744
15.398000,0.021642,0.004610,0.037373
15.400000,0.021619,0.004641,0.038018
15.402000,0.021575,0.004658,0.038679
15.404000,0.021513,0.004661,0.039350
15.406000,0.021433,0.004652,0.040032
15.408000,0.021335,0.004630,0.040728
15.410000,0.021218,0.004594,0.041434
15.412000,0.021084,0.004546,0.042150
15.414000,0.020933,0.004486,0.042876
15.416000,0.020764,0.004412,0.043614
15.418000,0.020577,0.004325,0.044367
15.420000,0.020373,0.004226,0.045127
15.422000,0.020153,0.004115,0.045893
15.424000,0.019916,0.003993,0.046667
15.426000,0.019662,0.003858,0.047448
15.428000,0.019395,0.003712,0.048234
15.430000,0.019114,0.003555,0.049025
15.432000,0.018818,0.003388,0.049820
15.434000,0.018507,0.003210,0.050616
15.436000,0.018182,0.003023,0.051415
15.438000,0.018182,0.003023,0.051415
15.440000,0.017844,0.002827,0.052213
15.444000,0.017493,0.002622,0.053011
15.444000,0.017128,0.002410,0.053809
15.446000,0.016749,0.002190,0.054605
15.448000,0.015949,0.001731,0.056188
15.450000,0.015529,0.001494,0.056971
15.452000,0.015098,0.001252,0.057748
15.454000,0.014656,0.001006,0.058516
15.456000,0.014205,0.000755,0.059276
15.458000,0.013745,0.000500,0.060026
15.460000,0.013274,0.000243,0.060755
15.462000,0.012792,-0.000015,0.061462
15.464000,0.012299,-0.000274,0.062146
15.466000,0.011795,-0.000532,0.062808
15.468000,0.011795,-0.000532,0.062808
15.470000,0.010758,-0.001049,0.064082
15.472000,0.010225,-0.001306,0.064694
15.474000,0.009683,-0.001562,0.065289
15.476000,0.009133,-0.001817,0.065867
15.478000,0.008574,-0.002069,0.066425
15.480000,0.008007,-0.002319,0.066965
15.482000,0.007429,-0.002563,0.067466
15.484000,0.006840,-0.002800,0.067931
15.486000,0.006840,-0.002800,0.067931
15.488000,0.005624,-0.003256,0.068763
15.490000,0.004995,-0.003471,0.069122
15.492000,0.004359,-0.003683,0.069468
15.494000,0.003717,-0.003890,0.069803
15.496000,0.003070,-0.004092,0.070131
15.498000,0.002350,-0.004399,0.070343
15.500000,0.001799,-0.004448,0.070578
15.502000,0.001242,-0.004501,0.070761
15.504000,0.000676,-0.004559,0.070893
15.506000,0.000104,-0.004615,0.070978
15.508000,-0.000474,-0.004666,0.071021
15.510000,-0.001053,-0.004700,0.071026
15.512000,-0.001615,-0.004708,0.070964
15.514000,-0.002161,-0.004690,0.070844
15.516000,-0.002696,-0.004645,0.070674
15.518000,-0.002696,-0.004645,0.070674
15.520000,-0.003740,-0.004467,0.070218
15.522000,-0.004252,-0.004329,0.069943
15.524000,-0.004761,-0.004166,0.069643
15.526000,-0.005266,-0.003977,0.069323
15.528000,-0.005768,-0.003762,0.068987
15.530000,-0.006267,-0.003523,0.068637
15.532000,-0.006761,-0.003262,0.068275
15.534000,-0.007250,-0.002978,0.067904
15.536000,-0.007734,-0.002669,0.067524
15.538000,-0.008211,-0.002342,0.067139
15.540000,-0.008682,-0.001999,0.066752
15.542000,-0.009146,-0.001640,0.066362
15.544000,-0.009602,-0.001267,0.065970
15.546000,-0.010050,-0.000883,0.065575
15.548000,-0.010488,-0.000492,0.065175
15.550000,-0.010915,-0.000091,0.064773
15.552000,-0.010915,-0.000091,0.064773
15.554000,-0.011737,0.000727,0.063959
15.556000,-0.012130,0.001142,0.063547
15.558000,-0.012508,0.001560,0.063128
15.560000,-0.012875,0.001978,0.062705
15.562000,-0.013228,0.002393,0.062278
15.564000,-0.013567,0.002806,0.061846
15.566000,-0.013892,0.003215,0.061410
15.568000,-0.014202,0.003619,0.060968
15.570000,-0.014496,0.004016,0.060522
15.572000,-0.014775,0.004406,0.060070
15.574000,-0.015038,0.004788,0.059611
15.576000,-0.015284,0.005160,0.059146
15.578000,-0.015513,0.005522,0.058672
15.580000,-0.015725,0.005874,0.058192
15.582000,-0.015919,0.006214,0.057702
15.584000,-0.016093,0.006542,0.057203
15.586000,-0.016250,0.006858,0.056694
15.588000,-0.016388,0.007161,0.056177
15.590000,-0.016509,0.007452,0.055649
15.592000,-0.016610,0.007728,0.055110
15.594000,-0.016694,0.007990,0.054560
15.596000,-0.016759,0.008237,0.053999
15.598000,-0.016806,0.008470,0.053428
15.600000,-0.016832,0.008687,0.052845
15.602000,-0.016839,0.008889,0.052251
15.604000,-0.016827,0.009076,0.051645
15.606000,-0.016797,0.009249,0.051028
15.608000,-0.016749,0.009407,0.050397
15.610000,-0.016681,0.009550,0.049752
15.612000,-0.016593,0.009677,0.049091
15.614000,-0.016487,0.009789,0.048416
15.616000,-0.016363,0.009886,0.047729
15.618000,-0.016221,0.009968,0.047029
15.620000,-0.016061,0.010036,0.046316
15.622000,-0.015884,0.010091,0.045593
15.624000,-0.015692,0.010132,0.044860
15.626000,-0.015483,0.010161,0.044119
15.628000,-0.015258,0.010176,0.043367
15.630000,-0.015016,0.010178,0.042607
15.632000,-0.014759,0.010168,0.041842
15.634000,-0.014487,0.010146,0.041073
15.636000,-0.014199,0.010111,0.040299
15.638000,-0.013896,0.010065,0.039522
15.640000,-0.013580,0.010008,0.038743
15.642000,-0.013249,0.009940,0.037962
15.644000,-0.012903,0.009862,0.037179
15.646000,-0.012543,0.009774,0.036394
15.648000,-0.012170,0.009676,0.035610
15.650000,-0.011784,0.009569,0.034827
15.652000,-0.011387,0.009452,0.034048
15.654000,-0.010976,0.009327,0.033271
15.656000,-0.010553,0.009194,0.032500
15.658000,-0.010118,0.009053,0.031743
15.660000,-0.009669,0.008904,0.031004
15.662000,-0.009207,0.008747,0.030281
15.664000,-0.008731,0.008584,0.029577
15.666000,-0.008242,0.008414,0.028892
15.668000,-0.007741,0.008238,0.028225
15.670000,-0.007227,0.008056,0.027576
15.672000,-0.006702,0.007869,0.026940
15.674000,-0.006166,0.007677,0.026322
15.676000,-0.005617,0.007481,0.025725
15.678000,-0.005057,0.007282,0.025147
15.680000,-0.004487,0.007080,0.024579
15.682000,-0.003909,0.006876,0.024020
15.684000,-0.003320,0.006668,0.023481
15.686000,-0.002721,0.006457,0.022964
15.688000,-0.002110,0.006244,0.022470
15.690000,-0.001490,0.006028,0.021983
15.692000,-0.000859,0.005811,0.021515
15.694000,-0.000218,0.005593,0.021062
15.696000,0.000430,0.005374,0.020624
15.698000,0.001086,0.005154,0.020200
15.700000,0.001804,0.004873,0.019875
15.702000,0.002546,0.004558,0.019653
15.704000,0.003295,0.004227,0.019524
15.706000,0.004037,0.003901,0.019445
15.708000,0.004775,0.003583,0.019409
15.710000,0.005506,0.003282,0.019411
15.712000,0.006233,0.002999,0.019450
15.714000,0.006936,0.002745,0.019550
15.716000,0.007619,0.002522,0.019706
15.718000,0.008285,0.002333,0.019913
15.720000,0.008937,0.002179,0.020163
15.722000,0.008937,0.002179,0.020163
15.724000,0.010217,0.001965,0.020766
15.726000,0.010846,0.001903,0.021110
15.728000,0.011471,0.001873,0.021479
15.730000,0.012089,0.001872,0.021867
15.732000,0.012700,0.001895,0.022271
15.734000,0.013302,0.001941,0.022687
15.736000,0.013894,0.002008,0.023116
15.738000,0.014475,0.002097,0.023556
15.740000,0.015044,0.002207,0.024007
15.742000,0.015600,0.002333,0.024470
15.744000,0.016143,0.002473,0.024944
15.746000,0.016672,0.002627,0.025429
15.748000,0.017185,0.002794,0.025925
15.750000,0.017682,0.002972,0.026429
15.752000,0.018164,0.003157,0.026943
15.754000,0.018629,0.003347,0.027465
15.756000,0.019078,0.003542,0.027996
15.758000,0.019508,0.003742,0.028536
15.760000,0.019920,0.003942,0.029085
15.762000,0.020315,0.004144,0.029643
15.764000,0.020692,0.004344,0.030210
15.766000,0.021050,0.004543,0.030787
15.768000,0.021388,0.004739,0.031375
15.770000,0.021706,0.004932,0.031974
15.772000,0.022003,0.005119,0.032585
15.774000,0.022280,0.005301,0.033206
15.776000,0.022539,0.005476,0.033837
15.778000,0.022779,0.005644,0.034478
15.780000,0.022999,0.005802,0.035131
15.782000,0.023199,0.005952,0.035794
15.784000,0.023379,0.006092,0.036470
15.786000,0.023538,0.006221,0.037157
15.788000,0.023538,0.006221,0.037157
15.790000,0.023798,0.006446,0.038567
15.792000,0.023899,0.006542,0.039289
15.794000,0.023977,0.006624,0.040029
15.796000,0.024035,0.006694,0.040781
15.798000,0.024075,0.006750,0.041543
15.800000,0.024096,0.006794,0.042315
15.802000,0.024098,0.006825,0.043096
15.804000,0.024079,0.006843,0.043888
15.806000,0.024041,0.006848,0.044690
15.808000,0.023985,0.006840,0.045502
15.810000,0.023913,0.006819,0.046326
15.812000,0.023823,0.006785,0.047161
15.814000,0.023714,0.006738,0.048008
15.816000,0.023588,0.006677,0.048867
15.818000,0.023444,0.006604,0.049738
15.820000,0.023285,0.006517,0.050617
15.822000,0.023112,0.006417,0.051503
15.824000,0.022924,0.006306,0.052398
15.826000,0.022720,0.006181,0.053302
15.828000,0.022502,0.006045,0.054214
15.830000,0.022268,0.005896,0.055133
15.832000,0.022020,0.005737,0.056056
15.834000,0.021759,0.005568,0.056982
15.836000,0.021484,0.005388,0.057909
15.838000,0.021196,0.005199,0.058837
15.840000,0.020894,0.005001,0.059766
15.842000,0.020581,0.004794,0.060694
15.844000,0.020254,0.004580,0.061620
15.846000,0.019915,0.004357,0.062545
15.848000,0.019564,0.004127,0.063466
15.850000,0.019202,0.003890,0.064384
15.852000,0.018829,0.003646,0.065296
15.854000,0.018446,0.003397,0.066201
15.856000,0.018053,0.003143,0.067096
15.858000,0.017648,0.002885,0.067973
15.860000,0.017231,0.002625,0.068834
15.862000,0.016802,0.002363,0.069679
15.864000,0.016363,0.002099,0.070510
15.866000,0.015911,0.001833,0.071322
15.868000,0.015449,0.001568,0.072115
15.870000,0.014975,0.001302,0.072889
15.872000,0.014492,0.001037,0.073644
15.874000,0.013998,0.000772,0.074379
15.876000,0.013495,0.000510,0.075093
15.878000,0.012982,0.000248,0.075788
15.880000,0.012460,-0.000010,0.076461
15.882000,0.011929,-0.000266,0.077112
15.884000,0.011388,-0.000517,0.077735
15.886000,0.010838,-0.000763,0.078332
15.888000,0.010276,-0.001005,0.078901
15.890000,0.009704,-0.001242,0.079449
15.892000,0.009123,-0.001474,0.079978
15.894000,0.008533,-0.001701,0.080488
15.896000,0.007937,-0.001923,0.080986
15.898000,0.007336,-0.002142,0.081471
15.900000,0.006660,-0.002465,0.081842
15.902000,0.005929,-0.002868,0.082115
15.904000,0.005159,-0.003332,0.082305
15.906000,0.004385,-0.003783,0.082448
15.908000,0.003608,-0.004212,0.082550
15.910000,0.002831,-0.004612,0.082617
15.912000,0.002054,-0.004980,0.082654
15.914000,0.001280,-0.005309,0.082662
15.916000,0.000533,-0.005588,0.082604
15.918000,-0.000187,-0.005818,0.082482
15.920000,-0.000885,-0.006001,0.082308
15.922000,-0.001565,-0.006138,0.082090
15.924000,-0.002229,-0.006228,0.081837
15.926000,-0.002881,-0.006270,0.081553
15.928000,-0.003521,-0.006269,0.081244
15.930000,-0.004151,-0.006229,0.080917
15.932000,-0.004771,-0.006151,0.080575
15.934000,-0.005382,-0.006037,0.080222
15.936000,-0.005985,-0.005886,0.079860
15.938000,-0.006580,-0.005704,0.079490
15.940000,-0.007165,-0.005493,0.079113
15.942000,-0.007742,-0.005256,0.078727
15.944000,-0.008309,-0.004992,0.078333
15.946000,-0.008866,-0.004706,0.077932
15.948000,-0.009413,-0.004401,0.077527
15.950000,-0.009949,-0.004081,0.077121
15.952000,-0.010475,-0.003747,0.076711
15.954000,-0.010989,-0.003399,0.076300
15.956000,-0.011490,-0.003041,0.075885
15.958000,-0.011979,-0.002674,0.075468
15.960000,-0.012454,-0.002301,0.075049
15.962000,-0.012914,-0.001922,0.074627
15.964000,-0.013360,-0.001540,0.074201
15.966000,-0.013789,-0.001154,0.073771
15.968000,-0.014203,-0.000767,0.073337
15.970000,-0.014599,-0.000380,0.072897
15.972000,-0.014979,0.000005,0.072452
15.974000,-0.015341,0.000387,0.072000
15.976000,-0.015683,0.000765,0.071541
15.978000,-0.016007,0.001139,0.071074
15.980000,-0.016314,0.001507,0.070600
15.982000,-0.016602,0.001867,0.070116
15.984000,-0.016872,0.002219,0.069621
15.986000,-0.017124,0.002563,0.069111
15.988000,-0.017354,0.002896,0.068585
15.990000,-0.017566,0.003220,0.068043
15.992000,-0.017757,0.003533,0.067491
15.994000,-0.017929,0.003835,0.066927
15.996000,-0.018081,0.004125,0.066353
15.998000,-0.018212,0.004403,0.065765
16.000000,-0.018321,0.004667,0.065165
16.002000,-0.018409,0.004918,0.064551
16.004000,-0.018476,0.005156,0.063925
16.006000,-0.018522,0.005380,0.063285
16.008000,-0.018546,0.005589,0.062632
16.010000,-0.018551,0.005785,0.061964
16.012000,-0.018536,0.005967,0.061281
16.014000,-0.018501,0.006136,0.060584
16.016000,-0.018445,0.006290,0.059872
16.018000,-0.018370,0.006431,0.059146
16.020000,-0.018276,0.006558,0.058408
16.022000,-0.018164,0.006672,0.057657
16.024000,-0.018032,0.006772,0.056893
16.026000,-0.017882,0.006859,0.056118
16.028000,-0.017715,0.006933,0.055334
16.030000,-0.017531,0.006995,0.054540
16.032000,-0.017329,0.007045,0.053737
16.034000,-0.017108,0.007082,0.052927
16.036000,-0.017108,0.007082,0.052927
16.038000,-0.016871,0.007107,0.052114
16.040000,-0.016345,0.007120,0.050475
16.042000,-0.016056,0.007110,0.049652
16.044000,-0.015749,0.007088,0.048827
16.046000,-0.015428,0.007056,0.048003
16.048000,-0.015091,0.007014,0.047181
16.050000,-0.014739,0.006962,0.046364
16.052000,-0.014373,0.006901,0.045551
16.054000,-0.013993,0.006830,0.044746
16.056000,-0.013599,0.006750,0.043948
16.058000,-0.013192,0.006661,0.043160
16.060000,-0.012770,0.006564,0.042382
16.062000,-0.012335,0.006459,0.041616
16.064000,-0.011887,0.006346,0.040864
16.066000,-0.011425,0.006227,0.040123
16.068000,-0.010949,0.006101,0.039394
16.070000,-0.010459,0.005969,0.038680
16.072000,-0.009957,0.005831,0.037980
16.074000,-0.009443,0.005688,0.037295
16.076000,-0.008914,0.005539,0.036634
16.078000,-0.008373,0.005385,0.035999
16.080000,-0.007820,0.005228,0.035380
16.082000,-0.007250,0.005065,0.034807
16.084000,-0.006665,0.004897,0.034266
16.086000,-0.006064,0.004726,0.033757
16.088000,-0.005448,0.004551,0.033276
16.090000,-0.004817,0.004372,0.032815
16.092000,-0.004175,0.004191,0.032371
16.094000,-0.003521,0.004008,0.031943
16.096000,-0.002857,0.003823,0.031530
16.098000,-0.002186,0.003638,0.031126
16.100000,-0.001511,0.003452,0.030733
16.102000,-0.000744,0.003188,0.030443
16.104000,0.000086,0.002867,0.030246
16.106000,0.000919,0.002412,0.030066
16.108000,0.001755,0.001953,0.029928
16.110000,0.002592,0.001504,0.029830
16.112000,0.003427,0.001071,0.029768
16.114000,0.004259,0.000659,0.029740
16.116000,0.005062,0.000282,0.029779
16.118000,0.005840,-0.000057,0.029880
16.120000,0.006594,-0.000355,0.030038
16.122000,0.007329,-0.000610,0.030245
16.124000,0.007329,-0.000610,0.030245
16.126000,0.008748,-0.001009,0.030763
16.128000,0.009434,-0.001152,0.031064
16.130000,0.010106,-0.001253,0.031393
16.132000,0.010764,-0.001322,0.031739
16.134000,0.011407,-0.001361,0.032099
16.136000,0.012036,-0.001370,0.032473
16.138000,0.012649,-0.001350,0.032858
16.140000,0.013247,-0.001302,0.033253
16.142000,0.013827,-0.001227,0.033658
16.144000,0.014390,-0.001132,0.034073
16.146000,0.014937,-0.001018,0.034497
16.148000,0.015467,-0.000886,0.034929
16.150000,0.015978,-0.000738,0.035369
16.152000,0.016470,-0.000577,0.035818
16.154000,0.016946,-0.000405,0.036276
16.156000,0.017403,-0.000225,0.036741
16.158000,0.017843,-0.000037,0.037215
16.160000,0.018264,0.000157,0.037697
16.162000,0.018667,0.000354,0.038186
16.164000,0.019051,0.000554,0.038681
16.166000,0.019416,0.000755,0.039184
16.168000,0.019760,0.000956,0.039695
16.170000,0.020083,0.001156,0.040213
16.172000,0.020387,0.001353,0.040738
16.174000,0.020671,0.001546,0.041272
16.176000,0.020935,0.001734,0.041814
16.178000,0.021177,0.001917,0.042365
16.180000,0.021400,0.002092,0.042925
16.182000,0.021603,0.002260,0.043495
16.184000,0.021786,0.002419,0.044077
16.186000,0.021948,0.002569,0.044670
16.188000,0.022088,0.002709,0.045276
16.190000,0.022206,0.002838,0.045894
16.192000,0.022305,0.002956,0.046522
16.194000,0.022384,0.003062,0.047163
16.196000,0.022440,0.003156,0.047816
16.198000,0.022475,0.003237,0.048482
16.200000,0.022489,0.003305,0.049160
16.202000,0.022484,0.003361,0.049847
16.204000,0.022456,0.003405,0.050546
16.206000,0.022408,0.003435,0.051256
16.208000,0.022340,0.003452,0.051978
16.210000,0.022253,0.003456,0.052709
16.212000,0.022149,0.003447,0.053452
16.214000,0.022025,0.003424,0.054207
16.216000,0.021883,0.003388,0.054972
16.218000,0.021723,0.003339,0.055745
16.220000,0.021546,0.003277,0.056527
16.222000,0.021351,0.003203,0.057318
16.224000,0.021140,0.003117,0.058115
16.226000,0.020912,0.003019,0.058919
16.228000,0.020667,0.002910,0.059731
16.230000,0.020407,0.002789,0.060550
16.232000,0.020133,0.002657,0.061372
16.234000,0.019844,0.002513,0.062199
16.234000,0.019844,0.002513,0.062199
16.236000,0.019844,0.002513,0.062199
16.240000,0.018890,0.002020,0.064700
16.242000,0.018544,0.001835,0.065543
16.244000,0.018183,0.001640,0.066392
16.246000,0.017810,0.001436,0.067242
16.248000,0.017426,0.001224,0.068089
16.250000,0.017031,0.001005,0.068934
16.252000,0.016625,0.000778,0.069773
16.254000,0.016208,0.000546,0.070606
16.256000,0.015781,0.000308,0.071431
16.258000,0.015343,0.000066,0.072242
16.260000,0.014894,-0.000180,0.073038
16.262000,0.014434,-0.000428,0.073819
16.264000,0.013965,-0.000679,0.074582
16.266000,0.013485,-0.000932,0.075326
16.268000,0.012995,-0.001185,0.076050
16.270000,0.012496,-0.001440,0.076760
16.272000,0.011989,-0.001696,0.077455
16.274000,0.011473,-0.001950,0.078129
16.276000,0.010946,-0.002203,0.078782
16.278000,0.010410,-0.002453,0.079412
16.280000,0.009866,-0.002701,0.080022
16.282000,0.009312,-0.002946,0.080604
16.284000,0.008749,-0.003186,0.081160
16.286000,0.008176,-0.003423,0.081691
16.288000,0.007593,-0.003655,0.082196
16.290000,0.006997,-0.003881,0.082666
16.292000,0.006388,-0.004100,0.083100
16.294000,0.005768,-0.004312,0.083506
16.296000,0.005142,-0.004518,0.083891
16.298000,0.004508,-0.004719,0.084258
16.300000,0.003870,-0.004912,0.084606
16.300000,0.003870,-0.004912,0.084606
16.302000,0.003870,-0.004912,0.084606
16.306000,0.003159,-0.005218,0.084844
16.308000,0.000954,-0.006104,0.085163
16.310000,0.000325,-0.006134,0.085245
16.312000,-0.000302,-0.006154,0.085294
16.314000,-0.000928,-0.006160,0.085313
16.316000,-0.001553,-0.006149,0.085303
16.318000,-0.002153,-0.006105,0.085228
16.320000,-0.002732,-0.006030,0.085090
16.322000,-0.003294,-0.005924,0.084901
16.324000,-0.003843,-0.005787,0.084667
16.326000,-0.004382,-0.005615,0.084394
16.328000,-0.004914,-0.005415,0.084092
16.330000,-0.005440,-0.005188,0.083769
16.332000,-0.005960,-0.004935,0.083428
16.334000,-0.006476,-0.004657,0.083072
16.336000,-0.006986,-0.004357,0.082703
16.338000,-0.007492,-0.004036,0.082324
16.340000,-0.007995,-0.003694,0.081937
16.342000,-0.008493,-0.003331,0.081541
16.344000,-0.008985,-0.002953,0.081137
16.346000,-0.009472,-0.002562,0.080725
16.348000,-0.009952,-0.002156,0.080307
16.350000,-0.010425,-0.001738,0.079884
16.352000,-0.010890,-0.001309,0.079454
16.354000,-0.011348,-0.000875,0.079019
16.356000,-0.011798,-0.000437,0.078580
16.358000,-0.012237,0.000004,0.078136
16.360000,-0.012667,0.000449,0.077689
16.362000,-0.013084,0.000894,0.077236
16.364000,-0.013490,0.001338,0.076780
16.366000,-0.013883,0.001781,0.076319
16.368000,-0.014262,0.002221,0.075852
16.370000,-0.014626,0.002657,0.075378
16.372000,-0.014976,0.003086,0.074898
16.374000,-0.015311,0.003509,0.074411
16.376000,-0.015630,0.003924,0.073918
16.378000,-0.015932,0.004330,0.073417
16.380000,-0.016219,0.004726,0.072908
16.382000,-0.016489,0.005111,0.072389
16.384000,-0.016740,0.005484,0.071860
16.386000,-0.016974,0.005846,0.071319
16.388000,-0.017190,0.006195,0.070768
16.390000,-0.017388,0.006531,0.070205
16.392000,-0.017567,0.006854,0.069629
16.394000,-0.017728,0.007164,0.069040
16.396000,-0.017867,0.007459,0.068438
16.398000,-0.017986,0.007739,0.067821
16.400000,-0.018087,0.008004,0.067191
16.402000,-0.018169,0.008254,0.066547
16.404000,-0.018230,0.008487,0.065888
16.406000,-0.018272,0.008706,0.065216
16.408000,-0.018294,0.008909,0.064529
16.410000,-0.018296,0.009095,0.063826
16.412000,-0.018277,0.009266,0.063106
16.414000,-0.018237,0.009420,0.062370
16.416000,-0.018179,0.009559,0.061618
16.418000,-0.018102,0.009684,0.060853
16.420000,-0.018006,0.009792,0.060073
16.422000,-0.017889,0.009886,0.059280
16.424000,-0.017754,0.009964,0.058473
16.426000,-0.017600,0.010029,0.057653
16.428000,-0.017431,0.010080,0.056823
16.430000,-0.017244,0.010118,0.055983
16.432000,-0.017040,0.010142,0.055133
16.434000,-0.016819,0.010153,0.054277
16.436000,-0.016580,0.010150,0.053416
16.438000,-0.016326,0.010135,0.052553
16.440000,-0.016056,0.010108,0.051688
16.442000,-0.015771,0.010069,0.050822
16.444000,-0.015470,0.010020,0.049955
16.446000,-0.015153,0.009959,0.049089
16.448000,-0.014821,0.009888,0.048222
16.450000,-0.014473,0.009807,0.047358
16.452000,-0.014113,0.009716,0.046498
16.454000,-0.013739,0.009615,0.045643
16.456000,-0.013352,0.009506,0.044792
16.458000,-0.012952,0.009388,0.043947
16.460000,-0.012538,0.009262,0.043115
16.462000,-0.012112,0.009127,0.042291
16.464000,-0.011674,0.008986,0.041478
16.466000,-0.011223,0.008836,0.040675
16.468000,-0.010760,0.008681,0.039883
16.470000,-0.010284,0.008519,0.039108
16.472000,-0.009795,0.008351,0.038350
16.474000,-0.009293,0.008179,0.037611
16.476000,-0.008779,0.008001,0.036890
16.478000,-0.008253,0.007819,0.036188
16.480000,-0.007716,0.007633,0.035507
16.482000,-0.007166,0.007443,0.034853
16.484000,-0.006600,0.007248,0.034238
16.486000,-0.006018,0.007049,0.033660
16.488000,-0.005420,0.006846,0.033118
16.490000,-0.004807,0.006640,0.032603
16.492000,-0.004181,0.006432,0.032109
16.494000,-0.003543,0.006222,0.031635
16.496000,-0.002896,0.006010,0.031175
16.498000,-0.002241,0.005797,0.030727
16.500000,-0.001582,0.005584,0.030288
16.502000,-0.000918,0.005370,0.029858
16.504000,-0.000176,0.005088,0.029531
16.506000,0.000608,0.004767,0.029310
16.508000,0.001400,0.004435,0.029148
16.510000,0.002195,0.004105,0.029038
16.512000,0.002987,0.003781,0.028975
16.514000,0.003776,0.003469,0.028953
16.516000,0.004540,0.003184,0.028996
16.518000,0.005283,0.002929,0.029099
16.520000,0.006007,0.002704,0.029253
16.522000,0.006712,0.002514,0.029453
16.524000,0.007403,0.002360,0.029690
16.526000,0.008079,0.002236,0.029957
16.528000,0.008741,0.002147,0.030248
16.530000,0.009391,0.002088,0.030560
16.532000,0.010027,0.002060,0.030887
16.534000,0.010650,0.002060,0.031232
16.536000,0.011259,0.002086,0.031593
16.538000,0.011854,0.002136,0.031967
16.540000,0.012433,0.002211,0.032354
16.542000,0.012998,0.002310,0.032755
16.544000,0.013547,0.002428,0.033166
16.546000,0.014081,0.002562,0.033589
16.548000,0.014600,0.002711,0.034022
16.550000,0.015105,0.002874,0.034466
16.552000,0.015105,0.002874,0.034466
16.554000,0.016069,0.003235,0.035381
16.556000,0.016527,0.003429,0.035852
16.558000,0.016968,0.003631,0.036331
16.560000,0.017393,0.003837,0.036819
16.562000,0.017801,0.004047,0.037316
16.564000,0.018192,0.004258,0.037819
16.566000,0.018566,0.004470,0.038330
16.568000,0.018923,0.004680,0.038849
16.570000,0.019261,0.004888,0.039377
16.572000,0.019582,0.005093,0.039913
16.574000,0.019884,0.005292,0.040462
16.576000,0.020169,0.005485,0.041020
16.578000,0.020434,0.005672,0.041587
16.580000,0.020680,0.005852,0.042164
16.582000,0.020906,0.006023,0.042749
16.584000,0.020906,0.006023,0.042749
16.586000,0.021301,0.006338,0.043950
16.588000,0.021468,0.006481,0.044568
16.590000,0.021612,0.006612,0.045197
16.592000,0.021737,0.006732,0.045838
16.594000,0.021845,0.006841,0.046490
16.596000,0.021935,0.006936,0.047159
16.598000,0.022005,0.007018,0.047841
16.600000,0.022057,0.007086,0.048538
16.602000,0.022090,0.007141,0.049247
16.604000,0.022101,0.007182,0.049969
16.606000,0.022094,0.007209,0.050702
16.608000,0.022069,0.007223,0.051447
16.610000,0.022025,0.007222,0.052205
16.612000,0.021962,0.007208,0.052976
16.614000,0.021882,0.007178,0.053762
16.616000,0.021784,0.007134,0.054560
16.618000,0.021668,0.007076,0.055371
16.620000,0.021535,0.007004,0.056195
16.622000,0.021386,0.006918,0.057029
16.624000,0.021221,0.006819,0.057876
16.626000,0.021038,0.006705,0.058734
16.628000,0.020839,0.006579,0.059603
16.630000,0.020626,0.006440,0.060480
16.632000,0.020396,0.006288,0.061367
16.634000,0.020151,0.006125,0.062257
16.636000,0.019892,0.005950,0.063151
16.638000,0.019619,0.005764,0.064049
16.640000,0.019331,0.005567,0.064948
16.642000,0.019031,0.005359,0.065846
16.644000,0.018717,0.005142,0.066743
16.646000,0.018389,0.004917,0.067637
16.648000,0.018048,0.004683,0.068528
16.650000,0.017696,0.004442,0.069416
16.652000,0.017330,0.004192,0.070301
16.654000,0.016953,0.003937,0.071180
16.656000,0.016563,0.003675,0.072051
16.658000,0.016163,0.003409,0.072914
16.660000,0.015751,0.003137,0.073771
16.662000,0.015330,0.002860,0.074616
16.664000,0.014898,0.002579,0.075450
16.666000,0.014456,0.002295,0.076271
16.668000,0.014004,0.002007,0.077079
16.670000,0.013543,0.001716,0.077876
16.672000,0.013072,0.001423,0.078661
16.674000,0.012591,0.001129,0.079433
16.676000,0.012100,0.000833,0.080190
16.678000,0.011598,0.000539,0.080924
16.680000,0.011086,0.000246,0.081642
16.682000,0.010564,-0.000046,0.082343
16.684000,0.010028,-0.000332,0.082997
16.686000,0.009477,-0.000611,0.083603
16.688000,0.008910,-0.000884,0.084164
16.690000,0.008331,-0.001152,0.084691
16.692000,0.007740,-0.001414,0.085191
16.694000,0.007137,-0.001669,0.085662
16.696000,0.006524,-0.001918,0.086108
16.698000,0.005903,-0.002162,0.086535
16.700000,0.005275,-0.002399,0.086944
16.702000,0.004641,-0.002629,0.087334
16.704000,0.004641,-0.002629,0.087334
16.706000,0.003385,-0.003006,0.087915
16.708000,0.003012,-0.002760,0.088250
16.710000,0.002626,-0.002525,0.088538
16.712000,0.002224,-0.002306,0.088781
16.714000,0.001804,-0.002096,0.088980
16.716000,0.001373,-0.001889,0.089138
16.718000,0.000946,-0.001671,0.089234
16.720000,0.000520,-0.001443,0.089274
16.722000,0.000094,-0.001201,0.089266
16.724000,-0.000336,-0.000945,0.089216
16.726000,-0.000771,-0.000674,0.089132
16.728000,-0.001211,-0.000385,0.089016
16.730000,-0.001658,-0.000075,0.088874
16.732000,-0.002109,0.000250,0.088709
16.734000,-0.002565,0.000591,0.088523
16.736000,-0.003024,0.000946,0.088319
16.738000,-0.003486,0.001316,0.088100
16.740000,-0.003951,0.001701,0.087868
16.742000,-0.004418,0.002099,0.087623
16.744000,-0.004886,0.002507,0.087367
16.746000,-0.005353,0.002923,0.087100
16.748000,-0.005818,0.003347,0.086823
16.750000,-0.005818,0.003347,0.086823
16.752000,-0.006279,0.003778,0.086537
16.754000,-0.007188,0.004658,0.085934
16.756000,-0.007634,0.005106,0.085615
16.758000,-0.008072,0.005555,0.085289
16.760000,-0.008503,0.006003,0.084958
16.762000,-0.008925,0.006448,0.084617
16.764000,-0.009338,0.006890,0.084266
16.766000,-0.009740,0.007328,0.083905
16.768000,-0.010132,0.007760,0.083533
16.770000,-0.010512,0.008185,0.083152
16.772000,-0.010880,0.008603,0.082766
16.774000,-0.011235,0.009011,0.082369
16.776000,-0.011577,0.009409,0.081963
16.778000,-0.011905,0.009797,0.081547
16.780000,-0.012217,0.010173,0.081119
16.782000,-0.012512,0.010537,0.080679
16.784000,-0.012791,0.010888,0.080231
16.786000,-0.013054,0.011226,0.079770
16.788000,-0.013301,0.011551,0.079302
16.790000,-0.013530,0.011861,0.078825
16.792000,-0.013741,0.012155,0.078339
16.794000,-0.013932,0.012434,0.077837
16.796000,-0.014106,0.012698,0.077323
16.798000,-0.014263,0.012946,0.076797
16.800000,-0.014400,0.013178,0.076259
16.802000,-0.014518,0.013395,0.075709
16.804000,-0.014616,0.013595,0.075145
16.806000,-0.014694,0.013778,0.074561
16.808000,-0.014754,0.013946,0.073959
16.810000,-0.014795,0.014098,0.073341
16.812000,-0.014816,0.014234,0.072710
16.814000,-0.014816,0.014354,0.072064
16.816000,-0.014798,0.014458,0.071403
16.818000,-0.014761,0.014547,0.070729
16.820000,-0.014705,0.014621,0.070043
16.822000,-0.014632,0.014681,0.069341
16.824000,-0.014541,0.014725,0.068626
16.826000,-0.014431,0.014756,0.067896
16.828000,-0.014303,0.014772,0.067149
16.830000,-0.014158,0.014773,0.066387
16.832000,-0.013996,0.014761,0.065612
16.834000,-0.013818,0.014735,0.064831
16.836000,-0.013622,0.014697,0.064043
16.838000,-0.013411,0.014645,0.063249
16.840000,-0.013184,0.014582,0.062445
16.842000,-0.012941,0.014506,0.061635
16.844000,-0.012682,0.014420,0.060824
16.846000,-0.012408,0.014322,0.060008
16.848000,-0.012119,0.014213,0.059191
16.850000,-0.011816,0.014093,0.058371
16.852000,-0.011498,0.013964,0.057550
16.854000,-0.011165,0.013824,0.056729
16.856000,-0.010818,0.013676,0.055910
16.858000,-0.010456,0.013518,0.055101
16.860000,-0.010079,0.013352,0.054304
16.862000,-0.009687,0.013179,0.053517
16.864000,-0.009281,0.012997,0.052741
16.866000,-0.008860,0.012808,0.051977
16.868000,-0.008425,0.012612,0.051229
16.870000,-0.007977,0.012409,0.050497
16.872000,-0.007515,0.012200,0.049782
16.874000,-0.007040,0.011985,0.049090
16.876000,-0.006550,0.011765,0.048421
16.878000,-0.006048,0.011540,0.047775
16.880000,-0.005533,0.011310,0.047152
16.882000,-0.005002,0.011076,0.046567
16.884000,-0.004456,0.010837,0.046020
16.886000,-0.003894,0.010594,0.045510
16.888000,-0.003317,0.010347,0.045034
16.890000,-0.002723,0.010097,0.044586
16.892000,-0.002118,0.009844,0.044149
16.894000,-0.001501,0.009590,0.043736
16.896000,-0.000871,0.009333,0.043347
16.898000,-0.000231,0.009076,0.042976
16.900000,0.000416,0.008819,0.042619
16.902000,0.001069,0.008562,0.042274
16.904000,0.001814,0.008229,0.042038
16.906000,0.002627,0.007840,0.041896
16.908000,0.003443,0.007447,0.041812
16.910000,0.004257,0.007058,0.041777
16.912000,0.005065,0.006679,0.041786
16.914000,0.005865,0.006315,0.041836
16.916000,0.006636,0.005981,0.041951
16.918000,0.007382,0.005681,0.042126
16.920000,0.008105,0.005416,0.042354
16.922000,0.008808,0.005184,0.042624
16.924000,0.009494,0.004984,0.042928
16.926000,0.010162,0.004816,0.043261
16.928000,0.010814,0.004683,0.043619
16.930000,0.011450,0.004581,0.043998
16.932000,0.012070,0.004508,0.044395
16.934000,0.012675,0.004463,0.044809
16.936000,0.012675,0.004463,0.044809
16.938000,0.013835,0.004454,0.045683
16.940000,0.014390,0.004489,0.046140
16.942000,0.014928,0.004552,0.046608
16.944000,0.015450,0.004634,0.047088
16.946000,0.015955,0.004736,0.047577
16.948000,0.016443,0.004854,0.048074
16.950000,0.016913,0.004987,0.048579
16.952000,0.017366,0.005131,0.049093
16.954000,0.017801,0.005286,0.049618
16.956000,0.018218,0.005448,0.050153
16.958000,0.018617,0.005617,0.050693
16.960000,0.018999,0.005790,0.051240
16.962000,0.019364,0.005967,0.051793
16.964000,0.019364,0.005967,0.051793
16.966000,0.020046,0.006323,0.052917
16.968000,0.020359,0.006501,0.053489
16.970000,0.020655,0.006677,0.054068
16.972000,0.020933,0.006850,0.054654
16.974000,0.021191,0.007019,0.055248
16.976000,0.021431,0.007183,0.055849
16.978000,0.021653,0.007341,0.056458
16.980000,0.021857,0.007492,0.057073
16.982000,0.022043,0.007635,0.057698
16.984000,0.022211,0.007770,0.058331
16.986000,0.022361,0.007895,0.058975
16.988000,0.022491,0.008010,0.059629
16.990000,0.022601,0.008115,0.060294
16.992000,0.022693,0.008208,0.060968
16.994000,0.022767,0.008290,0.061653
16.996000,0.022820,0.008360,0.062348
16.998000,0.022854,0.008418,0.063054
17.000000,0.022869,0.008464,0.063770
17.002000,0.022865,0.008497,0.064497
17.004000,0.022843,0.008516,0.065235
17.006000,0.022800,0.008522,0.065984
17.008000,0.022740,0.008514,0.066746
17.010000,0.022661,0.008492,0.067522
17.012000,0.022565,0.008456,0.068310
17.014000,0.022452,0.008407,0.069111
17.016000,0.022321,0.008343,0.069924
17.018000,0.022173,0.008266,0.070749
17.020000,0.022009,0.008175,0.071585
17.022000,0.021829,0.008070,0.072432
17.024000,0.021633,0.007952,0.073289
17.026000,0.021422,0.007821,0.074159
17.028000,0.021196,0.007676,0.075038
17.030000,0.020954,0.007519,0.075925
17.032000,0.020697,0.007349,0.076819
17.034000,0.020425,0.007169,0.077719
17.036000,0.020139,0.006976,0.078624
17.038000,0.019840,0.006773,0.079533
17.040000,0.019526,0.006559,0.080446
17.042000,0.019200,0.006334,0.081361
17.044000,0.018861,0.006100,0.082279
17.046000,0.018510,0.005856,0.083197
17.048000,0.018147,0.005602,0.084115
17.050000,0.017773,0.005340,0.085032
17.052000,0.017773,0.005340,0.085032
17.054000,0.016990,0.004794,0.086862
17.056000,0.016990,0.004794,0.086862
17.058000,0.016581,0.004510,0.087772
17.060000,0.015729,0.003926,0.089564
17.062000,0.015286,0.003627,0.090446
17.064000,0.014832,0.003325,0.091315
17.066000,0.014368,0.003019,0.092169
17.068000,0.013893,0.002712,0.093009
17.070000,0.013893,0.002712,0.093009
17.072000,0.012914,0.002090,0.094638
17.074000,0.012412,0.001778,0.095427
17.076000,0.011900,0.001465,0.096200
17.078000,0.011381,0.001153,0.096954
17.080000,0.010853,0.000841,0.097688
17.082000,0.010317,0.000533,0.098401
17.084000,0.009768,0.000230,0.099068
17.086000,0.009205,-0.000065,0.099691
17.088000,0.008630,-0.000355,0.100275
17.090000,0.008043,-0.000638,0.100827
17.092000,0.007445,-0.000915,0.101346
17.094000,0.006839,-0.001188,0.101844
17.096000,0.006227,-0.001455,0.102327
17.098000,0.005609,-0.001718,0.102796
17.100000,0.004991,-0.001977,0.103268
17.102000,0.004370,-0.002232,0.103727
17.104000,0.003747,-0.002481,0.104176
17.106000,0.003747,-0.002481,0.104176
17.108000,0.002376,-0.003274,0.104771
17.110000,0.001706,-0.003810,0.104957
17.112000,0.001031,-0.004338,0.105091
17.114000,0.001031,-0.004338,0.105091
17.116000,-0.000327,-0.005320,0.105217
17.118000,-0.001008,-0.005759,0.105217
17.120000,-0.001670,-0.006154,0.105151
17.122000,-0.002318,-0.006504,0.105027
17.124000,-0.002953,-0.006806,0.104853
17.126000,-0.003579,-0.007057,0.104635
17.128000,-0.004198,-0.007261,0.104384
17.130000,-0.004812,-0.007421,0.104101
17.132000,-0.005422,-0.007536,0.103790
17.134000,-0.006029,-0.007603,0.103456
17.136000,-0.006633,-0.007625,0.103103
17.138000,-0.007234,-0.007608,0.102736
17.140000,-0.007829,-0.007554,0.102358
17.142000,-0.008420,-0.007462,0.101972
17.144000,-0.009004,-0.007332,0.101574
17.146000,-0.009581,-0.007171,0.101168
17.148000,-0.010150,-0.006982,0.100755
17.150000,-0.010710,-0.006765,0.100332
17.152000,-0.011260,-0.006520,0.099900
17.154000,-0.011799,-0.006252,0.099458
17.156000,-0.012327,-0.005964,0.099012
17.158000,-0.012843,-0.005658,0.098562
17.160000,-0.013345,-0.005334,0.098109
17.162000,-0.013832,-0.004993,0.097649
17.164000,-0.014305,-0.004640,0.097183
17.166000,-0.014765,-0.004278,0.096713
17.168000,-0.015210,-0.003907,0.096237
17.170000,-0.015641,-0.003531,0.095752
17.172000,-0.016055,-0.003148,0.095256
17.174000,-0.016453,-0.002762,0.094750
17.176000,-0.016835,-0.002373,0.094236
17.178000,-0.017200,-0.001985,0.093716
17.180000,-0.017546,-0.001596,0.093189
17.182000,-0.017873,-0.001209,0.092653
17.184000,-0.018183,-0.000826,0.092108
17.186000,-0.018476,-0.000447,0.091553
17.188000,-0.018749,-0.000074,0.090987
17.190000,-0.019002,0.000293,0.090410
17.192000,-0.019238,0.000652,0.089821
17.194000,-0.019455,0.001004,0.089220
17.196000,-0.019654,0.001347,0.088607
17.198000,-0.019833,0.001680,0.087980
17.200000,-0.019993,0.002003,0.087340
17.202000,-0.020135,0.002316,0.086687
17.204000,-0.020257,0.002618,0.086020
17.206000,-0.020357,0.002909,0.085338
17.208000,-0.020437,0.003188,0.084640
17.210000,-0.020498,0.003455,0.083924
17.212000,-0.020538,0.003709,0.083191
17.214000,-0.020558,0.003951,0.082441
17.216000,-0.020560,0.004181,0.081677
17.218000,-0.020543,0.004398,0.080896
17.220000,-0.020505,0.004602,0.080099
17.222000,-0.020447,0.004792,0.079287
17.224000,-0.020371,0.004971,0.078461
17.226000,-0.020276,0.005136,0.077621
17.228000,-0.020163,0.005290,0.076770
